warning: plausible: repository '$PUBLIC_BUILD_ROOT/.lake/packages/plausible' has local changes
warning: LeanSearchClient: repository '$PUBLIC_BUILD_ROOT/.lake/packages/LeanSearchClient' has local changes
warning: importGraph: repository '$PUBLIC_BUILD_ROOT/.lake/packages/importGraph' has local changes
warning: proofwidgets: repository '$PUBLIC_BUILD_ROOT/.lake/packages/proofwidgets' has local changes
warning: aesop: repository '$PUBLIC_BUILD_ROOT/.lake/packages/aesop' has local changes
warning: Qq: repository '$PUBLIC_BUILD_ROOT/.lake/packages/Qq' has local changes
warning: batteries: repository '$PUBLIC_BUILD_ROOT/.lake/packages/batteries' has local changes
warning: Cli: repository '$PUBLIC_BUILD_ROOT/.lake/packages/Cli' has local changes
⚠ [970/1111] Replayed G4TwoRootSourceStopping
warning: Imported/G4TwoRootSourceStopping.lean:54:2: Used `tac1 <;> tac2` where `(tac1; tac2)` would suffice

Note: This linter can be disabled with `set_option linter.unnecessarySeqFocus false`
warning: Imported/G4TwoRootSourceStopping.lean:59:2: Used `tac1 <;> tac2` where `(tac1; tac2)` would suffice

Note: This linter can be disabled with `set_option linter.unnecessarySeqFocus false`
info: Imported/G4TwoRootSourceStopping.lean:279:0: 'G4TwoRootSourceStopping.bareSurvival_eq' depends on axioms: [propext, Classical.choice, Quot.sound]
info: Imported/G4TwoRootSourceStopping.lean:280:0: 'G4TwoRootSourceStopping.rootedACladeResponse_injective' depends on axioms: [propext, Classical.choice, Quot.sound]
info: Imported/G4TwoRootSourceStopping.lean:281:0: 'G4TwoRootSourceStopping.observable_finite_length_certificate' depends on axioms: [propext,
 Classical.choice,
 Quot.sound]
ℹ [971/1111] Replayed SourceNetwork
info: Imported/SourceNetwork.lean:248:0: 'Nanuq.Source.EdgeGraph.not_bridge_of_parallel' does not depend on any axioms
info: Imported/SourceNetwork.lean:249:0: 'Nanuq.Source.EdgeGraph.bridge_not_sameBlob' does not depend on any axioms
info: Imported/SourceNetwork.lean:250:0: 'Nanuq.Source.EdgeGraph.bridge_blob_ne' depends on axioms: [propext]
info: Imported/SourceNetwork.lean:251:0: 'Nanuq.Source.EdgeGraph.dreach_antisymm' depends on axioms: [propext, Classical.choice, Quot.sound]
info: Imported/SourceNetwork.lean:252:0: 'Nanuq.Source.RootedBinary.underlying_connected' depends on axioms: [propext, Classical.choice, Quot.sound]
ℹ [972/1111] Replayed G2LiveLineageRouting
info: Imported/G2LiveLineageRouting.lean:123:0: 'GProgram.G2.coalesced_copies_cannot_split' depends on axioms: [propext, Classical.choice, Quot.sound]
info: Imported/G2LiveLineageRouting.lean:124:0: 'GProgram.G2.routed_parent_eq_iff_live_coin_eq' depends on axioms: [propext, Classical.choice, Quot.sound]
info: Imported/G2LiveLineageRouting.lean:125:0: 'GProgram.G2.opposite_copy_bits_are_not_a_live_pulse' does not depend on any axioms
info: Imported/G2LiveLineageRouting.lean:126:0: 'GProgram.G2.wrong_pulse_split_mass' depends on axioms: [propext, Classical.choice, Quot.sound]
info: Imported/G2LiveLineageRouting.lean:127:0: 'GProgram.G2.fair_copy_pulse_splits_merged_ancestor' depends on axioms: [propext, Classical.choice, Quot.sound]
ℹ [2769/2976] Replayed G1SharedRegisterStress
info: Imported/G1SharedRegisterStress.lean:155:0: 'GProgram.G1.pairSurvival_eq_exp' depends on axioms: [propext, Classical.choice, Quot.sound]
info: Imported/G1SharedRegisterStress.lean:156:0: 'GProgram.G1.pairSurvival_log_two' depends on axioms: [propext, Classical.choice, Quot.sound]
info: Imported/G1SharedRegisterStress.lean:157:0: 'GProgram.G1.pairSurvival_log_four' depends on axioms: [propext, Classical.choice, Quot.sound]
info: Imported/G1SharedRegisterStress.lean:158:0: 'GProgram.G1.shared_register_exact_counterexample' depends on axioms: [propext, Classical.choice, Quot.sound]
info: Imported/G1SharedRegisterStress.lean:159:0: 'GProgram.G1.retained_register_joint_normalized' depends on axioms: [propext, Classical.choice, Quot.sound]
info: Imported/G1SharedRegisterStress.lean:160:0: 'GProgram.G1.retained_register_joint_nonnegative' depends on axioms: [propext, Classical.choice, Quot.sound]
info: Imported/G1SharedRegisterStress.lean:161:0: 'GProgram.G1.resampling_changes_exposed_context' depends on axioms: [propext, Classical.choice, Quot.sound]
info: Imported/G1SharedRegisterStress.lean:162:0: 'GProgram.G1.exposed_event_preserved_iff_equal_conditionals' depends on axioms: [propext, Classical.choice, Quot.sound]
ℹ [2770/2976] Replayed G4FourRootPositivity
info: Imported/G4FourRootPositivity.lean:83:0: 'GProgram.G4.FourRoot.exact_defect_factorization' depends on axioms: [propext, Classical.choice, Quot.sound]
info: Imported/G4FourRootPositivity.lean:84:0: 'GProgram.G4.FourRoot.zero_delta_forces_negative_defect3' depends on axioms: [propext, Classical.choice, Quot.sound]
info: Imported/G4FourRootPositivity.lean:85:0: 'GProgram.G4.FourRoot.no_common_moment_signature' depends on axioms: [propext, Classical.choice, Quot.sound]
info: Imported/G4FourRootPositivity.lean:86:0: 'GProgram.G4.FourRoot.rational_cap3_scalar_witness' depends on axioms: [propext, Classical.choice, Quot.sound]
⚠ [2771/2976] Replayed G4IndependentRoutingBridge
warning: Imported/G4IndependentRoutingBridge.lean:83:49: This simp argument is unused:
  Fintype.sum_bool

Hint: Omit it from the simp argument list.
  [apply] simp [routingWeight_cons, ← Finset.mul_sum, ih, bitWeight]

Note: This linter can be disabled with `set_option linter.unusedSimpArgs false`
warning: Imported/G4IndependentRoutingBridge.lean:157:4: try 'simp' instead of 'simpa'

Note: This linter can be disabled with `set_option linter.unnecessarySimpa false`
warning: Imported/G4IndependentRoutingBridge.lean:163:71: This simp argument is unused:
  hc

Hint: Omit it from the simp argument list.
  [apply] simp [GProgram.G2.OriginalHybridParents.parent, H.different, H.different.symm]

Note: This linter can be disabled with `set_option linter.unusedSimpArgs false`
warning: Imported/G4IndependentRoutingBridge.lean:164:4: This simp argument is unused:
  H.different

Hint: Omit it from the simp argument list.
  [apply] simp [GProgram.G2.OriginalHybridParents.parent, hc, H.different.symm]

Note: This linter can be disabled with `set_option linter.unusedSimpArgs false`
warning: Imported/G4IndependentRoutingBridge.lean:172:4: try 'simp' instead of 'simpa'

Note: This linter can be disabled with `set_option linter.unnecessarySimpa false`
warning: Imported/G4IndependentRoutingBridge.lean:178:71: This simp argument is unused:
  hc

Hint: Omit it from the simp argument list.
  [apply] simp [GProgram.G2.OriginalHybridParents.parent, H.different, H.different.symm]

Note: This linter can be disabled with `set_option linter.unusedSimpArgs false`
warning: Imported/G4IndependentRoutingBridge.lean:179:16: This simp argument is unused:
  H.different.symm

Hint: Omit it from the simp argument list.
  [apply] simp [GProgram.G2.OriginalHybridParents.parent, hc, H.different]

Note: This linter can be disabled with `set_option linter.unusedSimpArgs false`
info: Imported/G4IndependentRoutingBridge.lean:229:0: 'GProgram.G4.IndependentRouting.exponential_model_original_coordinates' depends on axioms: [propext,
 Classical.choice,
 Quot.sound]
info: Imported/G4IndependentRoutingBridge.lean:230:0: 'GProgram.G4.IndependentRouting.original_source_coordinates' depends on axioms: [propext, Classical.choice, Quot.sound]
info: Imported/G4IndependentRoutingBridge.lean:231:0: 'GProgram.G4.IndependentRouting.exponential_four_root_arm_law' depends on axioms: [propext,
 Classical.choice,
 Quot.sound]
info: Imported/G4IndependentRoutingBridge.lean:232:0: 'GProgram.G4.IndependentRouting.actual_parent0_count' depends on axioms: [propext, Classical.choice, Quot.sound]
info: Imported/G4IndependentRoutingBridge.lean:233:0: 'GProgram.G4.IndependentRouting.generic_two' depends on axioms: [propext, Classical.choice, Quot.sound]
info: Imported/G4IndependentRoutingBridge.lean:234:0: 'GProgram.G4.IndependentRouting.generic_three' depends on axioms: [propext, Classical.choice, Quot.sound]
info: Imported/G4IndependentRoutingBridge.lean:235:0: 'GProgram.G4.IndependentRouting.generic_four' depends on axioms: [propext, Classical.choice, Quot.sound]
info: Imported/G4IndependentRoutingBridge.lean:236:0: 'GProgram.G4.IndependentRouting.routingWeight_normalized' depends on axioms: [propext, Classical.choice, Quot.sound]
⚠ [2772/2976] Replayed G4AllRootPairClocks
warning: Imported/G4AllRootPairClocks.lean:67:2: Try this: 
  letI̵

The goal is a proposition, so `let` is preferred over `letI`.
The difference between `let` and `letI` is that `letI` inlines the value.
But this is not relevant for proofs because of proof irrelevance.

Note: This linter can be disabled with `set_option linter.style.haveILetI false`
warning: Imported/G4AllRootPairClocks.lean:70:2: Try this: 
  letI̵

The goal is a proposition, so `let` is preferred over `letI`.
The difference between `let` and `letI` is that `letI` inlines the value.
But this is not relevant for proofs because of proof irrelevance.

Note: This linter can be disabled with `set_option linter.style.haveILetI false`
info: Imported/G4AllRootPairClocks.lean:78:0: 'GProgram.G4.PairClocks.private_arms_no_first_merge' depends on axioms: [propext, Classical.choice, Quot.sound]
info: Imported/G4AllRootPairClocks.lean:79:0: 'GProgram.G4.PairClocks.livePair_card' depends on axioms: [propext, Classical.choice, Quot.sound]
info: Imported/G4AllRootPairClocks.lean:80:0: 'GProgram.G4.PairClocks.all_root_no_first_merge' depends on axioms: [propext, Classical.choice, Quot.sound]
info: Imported/G4AllRootPairClocks.lean:81:0: 'GProgram.G4.PairClocks.product_clock_eq_holding_model' depends on axioms: [propext, Classical.choice, Quot.sound]
⚠ [2781/2976] Replayed G4PathResolvedMeasurement
warning: Imported/G4PathResolvedMeasurement.lean:54:0: automatically included section variable(s) unused in theorem `GProgram.G4.PathResolved.itineraryMass_pos`:
  [DecidableEq Site]
consider restructuring your `variable` declarations so that the variables are not in scope or explicitly omit them:
  omit [DecidableEq Site] in theorem ...

Note: This linter can be disabled with `set_option linter.unusedSectionVars false`
warning: Imported/G4PathResolvedMeasurement.lean:71:0: automatically included section variable(s) unused in theorem `GProgram.G4.PathResolved.original_source_joint_itinerary_likelihood`:
  [DecidableEq Site]
consider restructuring your `variable` declarations so that the variables are not in scope or explicitly omit them:
  omit [DecidableEq Site] in theorem ...

Note: This linter can be disabled with `set_option linter.unusedSectionVars false`
warning: Imported/G4PathResolvedMeasurement.lean:107:0: automatically included section variable(s) unused in theorem `GProgram.G4.PathResolved.totalNoMerger_pos`:
  [DecidableEq Site]
consider restructuring your `variable` declarations so that the variables are not in scope or explicitly omit them:
  omit [DecidableEq Site] in theorem ...

Note: This linter can be disabled with `set_option linter.unusedSectionVars false`
warning: Imported/G4PathResolvedMeasurement.lean:111:0: automatically included section variable(s) unused in theorem `GProgram.G4.PathResolved.totalNoMerger_lt_one`:
  [DecidableEq Site]
consider restructuring your `variable` declarations so that the variables are not in scope or explicitly omit them:
  omit [DecidableEq Site] in theorem ...

Note: This linter can be disabled with `set_option linter.unusedSectionVars false`
warning: Imported/G4PathResolvedMeasurement.lean:199:0: automatically included section variable(s) unused in theorem `GProgram.G4.PathResolved.complete_original_parent_readout_injective`:
  [Fintype Site]
  [DecidableEq Site]
  [DecidableEq E]
consider restructuring your `variable` declarations so that the variables are not in scope or explicitly omit them:
  omit [Fintype Site] [DecidableEq Site] [DecidableEq E] in theorem ...

Note: This linter can be disabled with `set_option linter.unusedSectionVars false`
warning: Imported/G4PathResolvedMeasurement.lean:296:0: automatically included section variable(s) unused in theorem `GProgram.G4.PathResolved.cycle_term_factor`:
  [DecidableEq Site]
consider restructuring your `variable` declarations so that the variables are not in scope or explicitly omit them:
  omit [DecidableEq Site] in theorem ...

Note: This linter can be disabled with `set_option linter.unusedSectionVars false`
warning: Imported/G4PathResolvedMeasurement.lean:387:0: automatically included section variable(s) unused in theorem `GProgram.G4.PathResolved.ordinaryScalar_pos`:
  [DecidableEq Site]
consider restructuring your `variable` declarations so that the variables are not in scope or explicitly omit them:
  omit [DecidableEq Site] in theorem ...

Note: This linter can be disabled with `set_option linter.unusedSectionVars false`
warning: Imported/G4PathResolvedMeasurement.lean:391:0: automatically included section variable(s) unused in theorem `GProgram.G4.PathResolved.totalNoMerger_factorization`:
  [DecidableEq Site]
consider restructuring your `variable` declarations so that the variables are not in scope or explicitly omit them:
  omit [DecidableEq Site] in theorem ...

Note: This linter can be disabled with `set_option linter.unusedSectionVars false`
warning: Imported/G4PathResolvedMeasurement.lean:486:4: Try this: 
  letI̵

The goal is a proposition, so `let` is preferred over `letI`.
The difference between `let` and `letI` is that `letI` inlines the value.
But this is not relevant for proofs because of proof irrelevance.

Note: This linter can be disabled with `set_option linter.style.haveILetI false`
warning: Imported/G4PathResolvedMeasurement.lean:492:4: Try this: 
  letI̵

The goal is a proposition, so `let` is preferred over `letI`.
The difference between `let` and `letI` is that `letI` inlines the value.
But this is not relevant for proofs because of proof irrelevance.

Note: This linter can be disabled with `set_option linter.style.haveILetI false`
info: Imported/G4PathResolvedMeasurement.lean:510:0: 'GProgram.G4.PathResolved.original_all_input_arm_clock_likelihood' depends on axioms: [propext,
 Classical.choice,
 Quot.sound]
info: Imported/G4PathResolvedMeasurement.lean:511:0: 'GProgram.G4.PathResolved.original_two_live_root_clock_branch' depends on axioms: [propext,
 Classical.choice,
 Quot.sound]
info: Imported/G4PathResolvedMeasurement.lean:512:0: 'GProgram.G4.PathResolved.joint_record_cons_recursion' depends on axioms: [propext, Classical.choice, Quot.sound]
info: Imported/G4PathResolvedMeasurement.lean:513:0: 'GProgram.G4.PathResolved.failure_cons_recursion' depends on axioms: [propext, Classical.choice, Quot.sound]
info: Imported/G4PathResolvedMeasurement.lean:514:0: 'GProgram.G4.PathResolved.path_resolved_ordinary_detection' depends on axioms: [propext, Classical.choice, Quot.sound]
info: Imported/G4PathResolvedMeasurement.lean:515:0: 'GProgram.G4.PathResolved.normalized_PMF_data_C4_reconstruction' depends on axioms: [propext,
 Classical.choice,
 Quot.sound]
info: Imported/G4PathResolvedMeasurement.lean:516:0: 'GProgram.G4.PathResolved.sourceC4_strict_of_genuine_bigon' depends on axioms: [propext, Classical.choice, Quot.sound]
info: Imported/G4PathResolvedMeasurement.lean:517:0: 'GProgram.G4.PathResolved.ordinary_no_bigon_scalar' depends on axioms: [propext, Classical.choice, Quot.sound]
info: Imported/G4PathResolvedMeasurement.lean:518:0: 'GProgram.G4.PathResolved.sourceC4_word_factorization' depends on axioms: [propext, Classical.choice, Quot.sound]
info: Imported/G4PathResolvedMeasurement.lean:519:0: 'GProgram.G4.PathResolved.positive_bigon_C4_strict' depends on axioms: [propext, Classical.choice, Quot.sound]
info: Imported/G4PathResolvedMeasurement.lean:520:0: 'GProgram.G4.PathResolved.sourcePairPMF_joint_record' depends on axioms: [propext, Classical.choice, Quot.sound]
info: Imported/G4PathResolvedMeasurement.lean:521:0: 'GProgram.G4.PathResolved.all_input_edge_clock_survival' depends on axioms: [propext, Classical.choice, Quot.sound]
info: Imported/G4PathResolvedMeasurement.lean:522:0: 'GProgram.G4.PathResolved.observed_mass_cons_recursion' depends on axioms: [propext, Classical.choice, Quot.sound]
info: Imported/G4PathResolvedMeasurement.lean:523:0: 'GProgram.G4.PathResolved.complete_original_parent_readout_injective' depends on axioms: [propext,
 Classical.choice,
 Quot.sound]
info: Imported/G4PathResolvedMeasurement.lean:524:0: 'GProgram.G4.PathResolved.original_source_joint_itinerary_likelihood' depends on axioms: [propext,
 Classical.choice,
 Quot.sound]
info: Imported/G4PathResolvedMeasurement.lean:525:0: 'GProgram.G4.PathResolved.complete_joint_no_merger_mass' depends on axioms: [propext, Classical.choice, Quot.sound]
info: Imported/G4PathResolvedMeasurement.lean:526:0: 'GProgram.G4.PathResolved.reconstructed_kernel_eq_original' depends on axioms: [propext, Classical.choice, Quot.sound]
info: Imported/G4PathResolvedMeasurement.lean:527:0: 'GProgram.G4.PathResolved.path_resolved_C4_reconstruction' depends on axioms: [propext, Classical.choice, Quot.sound]
ℹ [2782/2976] Replayed UnifiedLean.Audits.ResearchGoalAudit
info: UnifiedLean/Audits/ResearchGoalAudit.lean:315:0: 'UnifiedLean.Audits.ResearchGoalAudit.checked_evidence_has_actual_proof' depends on axioms: [propext]
info: UnifiedLean/Audits/ResearchGoalAudit.lean:316:0: 'UnifiedLean.Audits.ResearchGoalAudit.hand_receipt_is_metadata' depends on axioms: [propext]
info: UnifiedLean/Audits/ResearchGoalAudit.lean:317:0: 'UnifiedLean.Audits.ResearchGoalAudit.joint_implies_rowwise' does not depend on any axioms
info: UnifiedLean/Audits/ResearchGoalAudit.lean:318:0: 'UnifiedLean.Audits.ResearchGoalAudit.rowwise_does_not_imply_joint' does not depend on any axioms
info: UnifiedLean/Audits/ResearchGoalAudit.lean:319:0: 'UnifiedLean.Audits.ResearchGoalAudit.one_witness_budget_iff' does not depend on any axioms
info: UnifiedLean/Audits/ResearchGoalAudit.lean:320:0: 'UnifiedLean.Audits.ResearchGoalAudit.imageDecisionFromOneWitnessBudget' does not depend on any axioms
info: UnifiedLean/Audits/ResearchGoalAudit.lean:321:0: 'UnifiedLean.Audits.ResearchGoalAudit.fixed_target_implies_every_cap' does not depend on any axioms
info: UnifiedLean/Audits/ResearchGoalAudit.lean:322:0: 'UnifiedLean.Audits.ResearchGoalAudit.finite_determination_excludes_fixed_camouflage' does not depend on any axioms
info: UnifiedLean/Audits/ResearchGoalAudit.lean:323:0: 'UnifiedLean.Audits.ResearchGoalAudit.threshold_every_cap_collision' depends on axioms: [propext,
 Classical.choice,
 Quot.sound]
info: UnifiedLean/Audits/ResearchGoalAudit.lean:324:0: 'UnifiedLean.Audits.ResearchGoalAudit.threshold_each_target_finitely_determined' depends on axioms: [propext,
 Quot.sound]
info: UnifiedLean/Audits/ResearchGoalAudit.lean:325:0: 'UnifiedLean.Audits.ResearchGoalAudit.every_cap_does_not_imply_fixed_target' depends on axioms: [propext,
 Classical.choice,
 Quot.sound]
info: UnifiedLean/Audits/ResearchGoalAudit.lean:326:0: 'UnifiedLean.Audits.ResearchGoalAudit.sufficient_does_not_imply_sharp' depends on axioms: [propext, Quot.sound]
info: UnifiedLean/Audits/ResearchGoalAudit.lean:327:0: 'UnifiedLean.Audits.ResearchGoalAudit.full_original_record_length' depends on axioms: [propext,
 Classical.choice,
 Quot.sound]
info: UnifiedLean/Audits/ResearchGoalAudit.lean:328:0: 'UnifiedLean.Audits.ResearchGoalAudit.full_original_record_empty_iff_no_sites' depends on axioms: [propext,
 Classical.choice,
 Quot.sound]
info: UnifiedLean/Audits/ResearchGoalAudit.lean:329:0: 'UnifiedLean.Audits.ResearchGoalAudit.equal_complete_original_records_same_site_count' depends on axioms: [propext,
 Classical.choice,
 Quot.sound]
info: UnifiedLean/Audits/ResearchGoalAudit.lean:330:0: 'UnifiedLean.Audits.ResearchGoalAudit.full_original_record_injective' depends on axioms: [propext,
 Classical.choice,
 Quot.sound]
info: UnifiedLean/Audits/ResearchGoalAudit.lean:331:0: 'UnifiedLean.Audits.ResearchGoalAudit.original_itinerary_mass_positive' depends on axioms: [propext,
 Classical.choice,
 Quot.sound]
info: UnifiedLean/Audits/ResearchGoalAudit.lean:332:0: 'UnifiedLean.Audits.ResearchGoalAudit.original_itinerary_PMF_full_support' depends on axioms: [propext,
 Classical.choice,
 Quot.sound]
info: UnifiedLean/Audits/ResearchGoalAudit.lean:333:0: 'UnifiedLean.Audits.ResearchGoalAudit.supported_original_records_card' depends on axioms: [propext,
 Classical.choice,
 Quot.sound]
ℹ [2783/2976] Replayed UnifiedLean.Source.E8PaperObservableBridge
info: UnifiedLean/Source/E8PaperObservableBridge.lean:137:0: 'UnifiedLean.Source.E8PaperObservableBridge.law_apply' depends on axioms: [propext, Classical.choice, Quot.sound]
info: UnifiedLean/Source/E8PaperObservableBridge.lean:138:0: 'UnifiedLean.Source.E8PaperObservableBridge.finite_class_table' depends on axioms: [propext,
 Classical.choice,
 Quot.sound]
info: UnifiedLean/Source/E8PaperObservableBridge.lean:139:0: 'UnifiedLean.Source.E8PaperObservableBridge.selected_class_probability' depends on axioms: [propext,
 Classical.choice,
 Quot.sound]
info: UnifiedLean/Source/E8PaperObservableBridge.lean:140:0: 'UnifiedLean.Source.E8PaperObservableBridge.normalizer_preserved' depends on axioms: [propext,
 Classical.choice,
 Quot.sound]
info: UnifiedLean/Source/E8PaperObservableBridge.lean:141:0: 'UnifiedLean.Source.E8PaperObservableBridge.classMass_preserved' depends on axioms: [propext,
 Classical.choice,
 Quot.sound]
info: UnifiedLean/Source/E8PaperObservableBridge.lean:142:0: 'UnifiedLean.Source.E8PaperObservableBridge.source_selected_class_is_paper_mass' depends on axioms: [propext,
 Classical.choice,
 Quot.sound]
ℹ [2784/2976] Replayed E8DeterministicTopKCertificate
info: Imported/E8DeterministicTopKCertificate.lean:131:0: 'E8DeterministicTopKCertificate.interval_certificate_topK' depends on axioms: [propext, Classical.choice, Quot.sound]
info: Imported/E8DeterministicTopKCertificate.lean:132:0: 'E8DeterministicTopKCertificate.absolute_error_interval' depends on axioms: [propext, Classical.choice, Quot.sound]
info: Imported/E8DeterministicTopKCertificate.lean:133:0: 'E8DeterministicTopKCertificate.cdf_jump_error' depends on axioms: [propext, Classical.choice, Quot.sound]
info: Imported/E8DeterministicTopKCertificate.lean:134:0: 'E8DeterministicTopKCertificate.unseen_class_mass_cap' depends on axioms: [propext, Classical.choice, Quot.sound]
info: Imported/E8DeterministicTopKCertificate.lean:135:0: 'E8DeterministicTopKCertificate.empirical_radius_topK' depends on axioms: [propext, Classical.choice, Quot.sound]
info: Imported/E8DeterministicTopKCertificate.lean:136:0: 'E8DeterministicTopKCertificate.threshold_certificate' depends on axioms: [propext, Classical.choice, Quot.sound]
info: Imported/E8DeterministicTopKCertificate.lean:137:0: 'E8DeterministicTopKCertificate.anytime_empirical_radius_topK' depends on axioms: [propext,
 Classical.choice,
 Quot.sound]
ℹ [2785/2976] Replayed E8CertificateStability
info: Imported/E8CertificateStability.lean:99:0: 'E8CertificateStability.coordinate_error_transfer' depends on axioms: [propext, Classical.choice, Quot.sound]
info: Imported/E8CertificateStability.lean:100:0: 'E8CertificateStability.discrepancy_widened_intervals' depends on axioms: [propext, Classical.choice, Quot.sound]
info: Imported/E8CertificateStability.lean:101:0: 'E8CertificateStability.widened_certificate_topK' depends on axioms: [propext, Classical.choice, Quot.sound]
info: Imported/E8CertificateStability.lean:102:0: 'E8CertificateStability.four_radius_gap_separates' depends on axioms: [propext, Classical.choice, Quot.sound]
info: Imported/E8CertificateStability.lean:103:0: 'E8CertificateStability.positive_mass_beats_unseen' depends on axioms: [propext, Classical.choice, Quot.sound]
info: Imported/E8CertificateStability.lean:104:0: 'E8CertificateStability.true_gap_implies_certificate' depends on axioms: [propext, Classical.choice, Quot.sound]
ℹ [2786/2976] Replayed E8ExactResidualMass
info: Imported/E8ExactResidualMass.lean:136:0: 'E8ExactResidualMass.selected_partition_decomposition' depends on axioms: [propext, Classical.choice, Quot.sound]
info: Imported/E8ExactResidualMass.lean:137:0: 'E8ExactResidualMass.class_partition_nonnegative' depends on axioms: [propext, Classical.choice, Quot.sound]
info: Imported/E8ExactResidualMass.lean:138:0: 'E8ExactResidualMass.residual_partition_nonnegative' depends on axioms: [propext, Classical.choice, Quot.sound]
info: Imported/E8ExactResidualMass.lean:139:0: 'E8ExactResidualMass.omitted_class_partition_le_residual' depends on axioms: [propext, Classical.choice, Quot.sound]
info: Imported/E8ExactResidualMass.lean:140:0: 'E8ExactResidualMass.omitted_class_mass_le_residual' depends on axioms: [propext, Classical.choice, Quot.sound]
info: Imported/E8ExactResidualMass.lean:141:0: 'E8ExactResidualMass.normalized_residual_eq_one_sub_selected' depends on axioms: [propext, Classical.choice, Quot.sound]
info: Imported/E8ExactResidualMass.lean:142:0: 'E8ExactResidualMass.exact_residual_topK' depends on axioms: [propext, Classical.choice, Quot.sound]
ℹ [2787/2976] Replayed E8FiniteTracebackLaw
info: Imported/E8FiniteTracebackLaw.lean:156:0: 'E8FiniteTracebackLaw.traceWeight_sum' depends on axioms: [propext, Classical.choice, Quot.sound]
info: Imported/E8FiniteTracebackLaw.lean:157:0: 'E8FiniteTracebackLaw.partition_positive' depends on axioms: [propext, Classical.choice, Quot.sound]
info: Imported/E8FiniteTracebackLaw.lean:158:0: 'E8FiniteTracebackLaw.traceProbability_eq_normalized_weight' depends on axioms: [propext, Classical.choice, Quot.sound]
info: Imported/E8FiniteTracebackLaw.lean:159:0: 'E8FiniteTracebackLaw.traceProbability_total' depends on axioms: [propext, Classical.choice, Quot.sound]
info: Imported/E8FiniteTracebackLaw.lean:160:0: 'E8FiniteTracebackLaw.observable_probability' depends on axioms: [propext, Classical.choice, Quot.sound]
info: Imported/E8FiniteTracebackLaw.lean:161:0: 'E8FiniteTracebackLaw.unambiguous_observable_probability' depends on axioms: [propext, Classical.choice, Quot.sound]
ℹ [2788/2976] Replayed E8StrictPrefixSelector
info: Imported/E8StrictPrefixSelector.lean:122:0: 'E8StrictPrefixSelector.crossing_exists' depends on axioms: [propext, Classical.choice, Quot.sound]
info: Imported/E8StrictPrefixSelector.lean:123:0: 'E8StrictPrefixSelector.selected_interval' depends on axioms: [propext, Classical.choice, Quot.sound]
info: Imported/E8StrictPrefixSelector.lean:124:0: 'E8StrictPrefixSelector.selected_weight_positive' depends on axioms: [propext, Classical.choice, Quot.sound]
info: Imported/E8StrictPrefixSelector.lean:125:0: 'E8StrictPrefixSelector.zero_weight_unreachable' depends on axioms: [propext, Classical.choice, Quot.sound]
info: Imported/E8StrictPrefixSelector.lean:126:0: 'E8StrictPrefixSelector.prefix_monotone' depends on axioms: [propext, Classical.choice, Quot.sound]
info: Imported/E8StrictPrefixSelector.lean:127:0: 'E8StrictPrefixSelector.selection_iff_interval' depends on axioms: [propext, Classical.choice, Quot.sound]
info: Imported/E8StrictPrefixSelector.lean:128:0: 'E8StrictPrefixSelector.uniform_target_valid' depends on axioms: [propext, Classical.choice, Quot.sound]
ℹ [2789/2976] Replayed E8UniformPrefixLaw
info: Imported/E8UniformPrefixLaw.lean:105:0: 'E8UniformPrefixLaw.unitUniform_total' depends on axioms: [propext, Classical.choice, Quot.sound]
info: Imported/E8UniformPrefixLaw.lean:106:0: 'E8UniformPrefixLaw.interval_bounds' depends on axioms: [propext, Classical.choice, Quot.sound]
info: Imported/E8UniformPrefixLaw.lean:107:0: 'E8UniformPrefixLaw.branch_preimage_interval' depends on axioms: [propext, Classical.choice, Quot.sound]
info: Imported/E8UniformPrefixLaw.lean:108:0: 'E8UniformPrefixLaw.branch_probability' depends on axioms: [propext, Classical.choice, Quot.sound]
info: Imported/E8UniformPrefixLaw.lean:109:0: 'E8UniformPrefixLaw.zero_weight_branch_probability' depends on axioms: [propext, Classical.choice, Quot.sound]
⚠ [2790/2976] Replayed E8ObservablePrefixLaw
warning: Imported/E8ObservablePrefixLaw.lean:33:15: This simp argument is unused:
  Set.mem_ofPred_eq

Hint: Omit it from the simp argument list.
  [apply] simp only [Set.mem_compl_iff, hu, not_true_eq_false, iff_false]

Note: This linter can be disabled with `set_option linter.unusedSimpArgs false`
warning: Imported/E8ObservablePrefixLaw.lean:33:34: This simp argument is unused:
  Set.mem_compl_iff

Hint: Omit it from the simp argument list.
  [apply] simp only [Set.mem_ofPred_eq, hu, not_true_eq_false, iff_false]

Note: This linter can be disabled with `set_option linter.unusedSimpArgs false`
info: Imported/E8ObservablePrefixLaw.lean:124:0: 'E8ObservablePrefixLaw.uniformSelect_measurable' depends on axioms: [propext, Classical.choice, Quot.sound]
info: Imported/E8ObservablePrefixLaw.lean:125:0: 'E8ObservablePrefixLaw.selector_pushforward_singleton' depends on axioms: [propext, Classical.choice, Quot.sound]
info: Imported/E8ObservablePrefixLaw.lean:126:0: 'E8ObservablePrefixLaw.finite_branch_event_mass' depends on axioms: [propext, Classical.choice, Quot.sound]
info: Imported/E8ObservablePrefixLaw.lean:127:0: 'E8ObservablePrefixLaw.observable_class_mass' depends on axioms: [propext, Classical.choice, Quot.sound]
ℹ [2791/2976] Replayed E8MidpointGridLaw
info: Imported/E8MidpointGridLaw.lean:156:0: 'E8MidpointGridLaw.midpoint_lt_iff_cutoff' depends on axioms: [propext, Classical.choice, Quot.sound]
info: Imported/E8MidpointGridLaw.lean:157:0: 'E8MidpointGridLaw.cutoff_deviation' depends on axioms: [propext, Classical.choice, Quot.sound]
info: Imported/E8MidpointGridLaw.lean:158:0: 'E8MidpointGridLaw.branch_grid_count' depends on axioms: [propext, Classical.choice, Quot.sound]
info: Imported/E8MidpointGridLaw.lean:159:0: 'E8MidpointGridLaw.branch_grid_error' depends on axioms: [propext, Classical.choice, Quot.sound]
⚠ [2792/2976] Replayed E8MidpointGridTV
warning: Imported/E8MidpointGridTV.lean:77:4: Try `simp at hpositive` instead of `simpa using hpositive`

Note: This linter can be disabled with `set_option linter.unnecessarySimpa false`
info: Imported/E8MidpointGridTV.lean:113:0: 'E8MidpointGridTV.adjacent_variation_bound' depends on axioms: [propext, Classical.choice, Quot.sound]
info: Imported/E8MidpointGridTV.lean:114:0: 'E8MidpointGridTV.grid_cdf_error' depends on axioms: [propext, Classical.choice, Quot.sound]
info: Imported/E8MidpointGridTV.lean:115:0: 'E8MidpointGridTV.grid_branch_TV_bound' depends on axioms: [propext, Classical.choice, Quot.sound]
ℹ [2793/2976] Replayed E8TracebackErrorComposition
info: Imported/E8TracebackErrorComposition.lean:151:0: 'E8TracebackErrorComposition.pathLaw_total' depends on axioms: [propext, Classical.choice, Quot.sound]
info: Imported/E8TracebackErrorComposition.lean:152:0: 'E8TracebackErrorComposition.path_L1_bound' depends on axioms: [propext, Classical.choice, Quot.sound]
info: Imported/E8TracebackErrorComposition.lean:153:0: 'E8TracebackErrorComposition.finite_event_error_le_TV' depends on axioms: [propext, Classical.choice, Quot.sound]
info: Imported/E8TracebackErrorComposition.lean:154:0: 'E8TracebackErrorComposition.observable_trace_error' depends on axioms: [propext, Classical.choice, Quot.sound]
ℹ [2794/2976] Replayed E8MidpointProductionKernel
info: Imported/E8MidpointProductionKernel.lean:103:0: 'E8MidpointProductionKernel.gridKernel_total' depends on axioms: [propext, Classical.choice, Quot.sound]
info: Imported/E8MidpointProductionKernel.lean:104:0: 'E8MidpointProductionKernel.gridKernel_TV' depends on axioms: [propext, Classical.choice, Quot.sound]
info: Imported/E8MidpointProductionKernel.lean:105:0: 'E8MidpointProductionKernel.continuous_weight_kernel' depends on axioms: [propext, Classical.choice, Quot.sound]
info: Imported/E8MidpointProductionKernel.lean:106:0: 'E8MidpointProductionKernel.production_continuous_branch' depends on axioms: [propext, Classical.choice, Quot.sound]
ℹ [2795/2976] Replayed E8GridTracebackBridge
info: Imported/E8GridTracebackBridge.lean:110:0: 'E8GridTracebackBridge.branchProbability_total' depends on axioms: [propext, Classical.choice, Quot.sound]
info: Imported/E8GridTracebackBridge.lean:111:0: 'E8GridTracebackBridge.pathLaw_eq_traceProbability' depends on axioms: [propext, Classical.choice, Quot.sound]
info: Imported/E8GridTracebackBridge.lean:112:0: 'E8GridTracebackBridge.grid_trace_observable_error' depends on axioms: [propext, Classical.choice, Quot.sound]
info: Imported/E8GridTracebackBridge.lean:113:0: 'E8GridTracebackBridge.unambiguous_grid_class_error' depends on axioms: [propext, Classical.choice, Quot.sound]
ℹ [2796/2976] Replayed E8SCFG2RuntimeChildAdapter
info: Imported/E8SCFG2RuntimeChildAdapter.lean:232:0: 'E8SCFG2RuntimeChildAdapter.valid_primary_secondary_defaults' does not depend on any axioms
info: Imported/E8SCFG2RuntimeChildAdapter.lean:233:0: 'E8SCFG2RuntimeChildAdapter.valid_child_normalization_agrees' depends on axioms: [propext]
info: Imported/E8SCFG2RuntimeChildAdapter.lean:234:0: 'E8SCFG2RuntimeChildAdapter.active_runtime_child_key_agrees' depends on axioms: [propext]
info: Imported/E8SCFG2RuntimeChildAdapter.lean:235:0: 'E8SCFG2RuntimeChildAdapter.active_runtime_child_lookup_agrees' depends on axioms: [propext]
info: Imported/E8SCFG2RuntimeChildAdapter.lean:236:0: 'E8SCFG2RuntimeChildAdapter.ordered_runtime_values_agree' depends on axioms: [propext, Quot.sound]
info: Imported/E8SCFG2RuntimeChildAdapter.lean:237:0: 'E8SCFG2RuntimeChildAdapter.ordered_runtime_fold_agrees' depends on axioms: [propext, Quot.sound]
info: Imported/E8SCFG2RuntimeChildAdapter.lean:238:0: 'E8SCFG2RuntimeChildAdapter.active_runtime_product_agrees' depends on axioms: [propext, Classical.choice, Quot.sound]
info: Imported/E8SCFG2RuntimeChildAdapter.lean:239:0: 'E8SCFG2RuntimeChildAdapter.runtime_metadata_preserved' does not depend on any axioms
⚠ [2797/2976] Replayed E8SCFG2ProviderBoundaryContract
warning: Imported/E8SCFG2ProviderBoundaryContract.lean:163:60: This simp argument is unused:
  List.mem_singleton

Hint: Omit it from the simp argument list.
  [apply] simp_all [sourceChildren, SourceGuard, RuleFamily, prefixSpan, optionalSpan, primary, band, RightProgress,
    phase, List.mem_append, List.mem_cons]

Note: This linter can be disabled with `set_option linter.unusedSimpArgs false`
warning: Imported/E8SCFG2ProviderBoundaryContract.lean:170:22: This simp argument is unused:
  primary

Hint: Omit it from the simp argument list.
  [apply] simp_all [band, RightProgress, phase]

Note: This linter can be disabled with `set_option linter.unusedSimpArgs false`
warning: Imported/E8SCFG2ProviderBoundaryContract.lean:170:31: This simp argument is unused:
  band

Hint: Omit it from the simp argument list.
  [apply] simp_all [primary, RightProgress, phase]

Note: This linter can be disabled with `set_option linter.unusedSimpArgs false`
warning: Imported/E8SCFG2ProviderBoundaryContract.lean:170:37: This simp argument is unused:
  RightProgress

Hint: Omit it from the simp argument list.
  [apply] simp_all [primary, band, phase]

Note: This linter can be disabled with `set_option linter.unusedSimpArgs false`
warning: Imported/E8SCFG2ProviderBoundaryContract.lean:170:52: This simp argument is unused:
  phase

Hint: Omit it from the simp argument list.
  [apply] simp_all [primary, band, RightProgress]

Note: This linter can be disabled with `set_option linter.unusedSimpArgs false`
info: Imported/E8SCFG2ProviderBoundaryContract.lean:222:0: 'E8SCFG2ProviderBoundaryContract.source_normalized_child_progress' depends on axioms: [propext,
 Classical.choice,
 Quot.sound]
info: Imported/E8SCFG2ProviderBoundaryContract.lean:223:0: 'E8SCFG2ProviderBoundaryContract.source_normalized_child_right_bound' depends on axioms: [propext,
 Classical.choice,
 Quot.sound]
ℹ [2798/2976] Replayed E8SamplerBridgeAudit
info: Imported/E8SamplerBridgeAudit.lean:4:0: 'E8StrictPrefixSelector.selection_iff_interval' depends on axioms: [propext, Classical.choice, Quot.sound]
info: Imported/E8SamplerBridgeAudit.lean:5:0: 'E8UniformPrefixLaw.branch_probability' depends on axioms: [propext, Classical.choice, Quot.sound]
info: Imported/E8SamplerBridgeAudit.lean:6:0: 'E8ObservablePrefixLaw.observable_class_mass' depends on axioms: [propext, Classical.choice, Quot.sound]
info: Imported/E8SamplerBridgeAudit.lean:7:0: 'E8MidpointGridLaw.branch_grid_count' depends on axioms: [propext, Classical.choice, Quot.sound]
info: Imported/E8SamplerBridgeAudit.lean:8:0: 'E8MidpointGridTV.grid_branch_TV_bound' depends on axioms: [propext, Classical.choice, Quot.sound]
info: Imported/E8SamplerBridgeAudit.lean:9:0: 'E8FiniteTracebackLaw.unambiguous_observable_probability' depends on axioms: [propext, Classical.choice, Quot.sound]
info: Imported/E8SamplerBridgeAudit.lean:10:0: 'E8TracebackErrorComposition.observable_trace_error' depends on axioms: [propext, Classical.choice, Quot.sound]
info: Imported/E8SamplerBridgeAudit.lean:11:0: 'E8MidpointProductionKernel.production_continuous_branch' depends on axioms: [propext, Classical.choice, Quot.sound]
info: Imported/E8SamplerBridgeAudit.lean:12:0: 'E8GridTracebackBridge.unambiguous_grid_class_error' depends on axioms: [propext, Classical.choice, Quot.sound]
ℹ [2799/2976] Replayed E8ScheduledObserverFrame
info: Imported/E8ScheduledObserverFrame.lean:122:0: 'E8ScheduledObserverFrame.scan_contract' depends on axioms: [propext]
info: Imported/E8ScheduledObserverFrame.lean:123:0: 'E8ScheduledObserverFrame.scheduled_run_contract' depends on axioms: [propext]
⚠ [2800/2976] Replayed E8ScheduledHypergraphCorrectness
warning: Imported/E8ScheduledHypergraphCorrectness.lean:25:8: automatically included section variable(s) unused in theorem `_private.E8ScheduledHypergraphCorrectness.0.E8ScheduledHypergraphCorrectness.ordered_fold_congr`:
  [Zero Value]
  [Add Value]
  [DecidableEq Value]
consider restructuring your `variable` declarations so that the variables are not in scope or explicitly omit them:
  omit [Zero Value] [Add Value] [DecidableEq Value] in theorem ...

Note: This linter can be disabled with `set_option linter.unusedSectionVars false`
warning: Imported/E8ScheduledHypergraphCorrectness.lean:137:8: automatically included section variable(s) unused in theorem `_private.E8ScheduledHypergraphCorrectness.0.E8ScheduledHypergraphCorrectness.topological_of_coverage`:
  [Zero Value]
  [Add Value]
  [Mul Value]
  [DecidableEq Value]
consider restructuring your `variable` declarations so that the variables are not in scope or explicitly omit them:
  omit [Zero Value] [Add Value] [Mul Value] [DecidableEq Value] in theorem ...

Note: This linter can be disabled with `set_option linter.unusedSectionVars false`
info: Imported/E8ScheduledHypergraphCorrectness.lean:215:0: 'E8ScheduledHypergraphCorrectness.expansion_stabilizes' depends on axioms: [propext, Quot.sound]
info: Imported/E8ScheduledHypergraphCorrectness.lean:216:0: 'E8ScheduledHypergraphCorrectness.fullExpansion_equation' depends on axioms: [propext, Quot.sound]
info: Imported/E8ScheduledHypergraphCorrectness.lean:217:0: 'E8ScheduledHypergraphCorrectness.indexed_schedule_topological' depends on axioms: [propext,
 Classical.choice,
 Quot.sound]
info: Imported/E8ScheduledHypergraphCorrectness.lean:218:0: 'E8ScheduledHypergraphCorrectness.scheduled_chart_eq_complete_expansion' depends on axioms: [propext,
 Classical.choice,
 Quot.sound]
info: Imported/E8ScheduledHypergraphCorrectness.lean:219:0: 'E8ScheduledHypergraphCorrectness.complete_expansion_unique' depends on axioms: [propext, Quot.sound]
info: Imported/E8ScheduledHypergraphCorrectness.lean:220:0: 'E8ScheduledHypergraphCorrectness.observed_scheduled_chart_correct' depends on axioms: [propext,
 Classical.choice,
 Quot.sound]
⚠ [2801/2976] Replayed E8ScheduledDerivationSum
warning: Imported/E8ScheduledDerivationSum.lean:20:8: automatically included section variable(s) unused in theorem `_private.E8ScheduledDerivationSum.0.E8ScheduledDerivationSum.sum_flatMap`:
  [DecidableEq Value]
consider restructuring your `variable` declarations so that the variables are not in scope or explicitly omit them:
  omit [DecidableEq Value] in theorem ...

Note: This linter can be disabled with `set_option linter.unusedSectionVars false`
warning: Imported/E8ScheduledDerivationSum.lean:50:8: automatically included section variable(s) unused in theorem `_private.E8ScheduledDerivationSum.0.E8ScheduledDerivationSum.ordered_fold_product`:
  [DecidableEq Value]
consider restructuring your `variable` declarations so that the variables are not in scope or explicitly omit them:
  omit [DecidableEq Value] in theorem ...

Note: This linter can be disabled with `set_option linter.unusedSectionVars false`
info: Imported/E8ScheduledDerivationSum.lean:146:0: 'E8ScheduledDerivationSum.childProducts_sum' depends on axioms: [propext, Quot.sound]
info: Imported/E8ScheduledDerivationSum.lean:147:0: 'E8ScheduledDerivationSum.orderedContribution_as_product' depends on axioms: [propext]
info: Imported/E8ScheduledDerivationSum.lean:148:0: 'E8ScheduledDerivationSum.pureScan_as_sum' depends on axioms: [propext]
info: Imported/E8ScheduledDerivationSum.lean:149:0: 'E8ScheduledDerivationSum.derivation_sum_matches_expansion' depends on axioms: [propext, Quot.sound]
info: Imported/E8ScheduledDerivationSum.lean:150:0: 'E8ScheduledDerivationSum.scheduled_chart_derivation_sum' depends on axioms: [propext, Classical.choice, Quot.sound]
info: Imported/E8ScheduledDerivationSum.lean:151:0: 'E8ScheduledDerivationSum.observed_scheduled_derivation_sum' depends on axioms: [propext, Classical.choice, Quot.sound]
ℹ [2802/2976] Replayed E8SelectedMassInclusionExclusion
info: Imported/E8SelectedMassInclusionExclusion.lean:87:0: 'GProgram.E8.SelectedMass.alternating_disjoint_coefficient' depends on axioms: [propext, Classical.choice, Quot.sound]
info: Imported/E8SelectedMassInclusionExclusion.lean:88:0: 'GProgram.E8.SelectedMass.allowed_required_indicator' depends on axioms: [propext, Classical.choice, Quot.sound]
info: Imported/E8SelectedMassInclusionExclusion.lean:89:0: 'GProgram.E8.SelectedMass.requiredMass_eq_inclusionExclusion' depends on axioms: [propext, Classical.choice, Quot.sound]
ℹ [2803/2976] Replayed E8TracebackCallRanks
info: Imported/E8TracebackCallRanks.lean:104:0: 'E8TracebackCallRanks.rank_of_smaller_span' depends on axioms: [propext, Quot.sound]
info: Imported/E8TracebackCallRanks.lean:105:0: 'E8TracebackCallRanks.wrapper_rank_decreases' depends on axioms: [propext]
info: Imported/E8TracebackCallRanks.lean:106:0: 'E8TracebackCallRanks.sampleV_loop_lower_bound' depends on axioms: [propext, Quot.sound]
info: Imported/E8TracebackCallRanks.lean:107:0: 'E8TracebackCallRanks.sampleV_internal_rank' depends on axioms: [propext, Quot.sound]
info: Imported/E8TracebackCallRanks.lean:108:0: 'E8TracebackCallRanks.sampleVM_left_rank' depends on axioms: [propext, Quot.sound]
info: Imported/E8TracebackCallRanks.lean:109:0: 'E8TracebackCallRanks.sampleVM_right_rank' depends on axioms: [propext, Quot.sound]
ℹ [2804/2976] Replayed E8SourceVBranchBound
info: Imported/E8SourceVBranchBound.lean:93:0: 'E8SourceVBranchBound.sampleV_loop_budget' depends on axioms: [propext, Quot.sound]
info: Imported/E8SourceVBranchBound.lean:94:0: 'E8SourceVBranchBound.internal_candidate_card_le' depends on axioms: [propext, Classical.choice, Quot.sound]
info: Imported/E8SourceVBranchBound.lean:95:0: 'E8SourceVBranchBound.sampleV_internal_candidates_le496' depends on axioms: [propext, Classical.choice, Quot.sound]
info: Imported/E8SourceVBranchBound.lean:96:0: 'E8SourceVBranchBound.sampleV_slots_le498' depends on axioms: [propext, Classical.choice, Quot.sound]
info: Imported/E8SourceVBranchBound.lean:97:0: 'E8SourceVBranchBound.sampleV_grid_kernel_bound' depends on axioms: [propext, Classical.choice, Quot.sound]
ℹ [2805/2976] Replayed E8SupportedTracebackLaw
info: Imported/E8SupportedTracebackLaw.lean:85:0: 'E8SupportedTracebackLaw.partition_nonnegative' depends on axioms: [propext, Classical.choice, Quot.sound]
info: Imported/E8SupportedTracebackLaw.lean:86:0: 'E8SupportedTracebackLaw.zero_partition_derivation_weight' depends on axioms: [propext, Classical.choice, Quot.sound]
info: Imported/E8SupportedTracebackLaw.lean:87:0: 'E8SupportedTracebackLaw.supported_traceProbability_eq_normalized_weight' depends on axioms: [propext,
 Classical.choice,
 Quot.sound]
info: Imported/E8SupportedTracebackLaw.lean:88:0: 'E8SupportedTracebackLaw.supported_traceProbability_total' depends on axioms: [propext, Classical.choice, Quot.sound]
info: Imported/E8SupportedTracebackLaw.lean:89:0: 'E8SupportedTracebackLaw.supported_observable_probability' depends on axioms: [propext, Classical.choice, Quot.sound]
⚠ [2806/2976] Replayed ExponentialClockMoments
warning: Imported/ExponentialClockMoments.lean:23:6: try 'simp' instead of 'simpa'

Note: This linter can be disabled with `set_option linter.unnecessarySimpa false`
info: Imported/ExponentialClockMoments.lean:111:0: 'GProgram.Kingman.ClockMoments.exponential_positivePart_integral' depends on axioms: [propext,
 Classical.choice,
 Quot.sound]
info: Imported/ExponentialClockMoments.lean:112:0: 'GProgram.Kingman.ClockMoments.exponential_first_moment' depends on axioms: [propext, Classical.choice, Quot.sound]
info: Imported/ExponentialClockMoments.lean:113:0: 'GProgram.Kingman.ClockMoments.exponential_transform' depends on axioms: [propext, Classical.choice, Quot.sound]
⚠ [2807/2976] Replayed G3AllResiduePositivity
warning: Imported/G3AllResiduePositivity.lean:42:29: Variable name `hr` is not explicitly referenced.

Hint: The binding can be removed (if unused) or named `_` (if used implicitly). Alternatively, prefix the name with `_` to silence this warning:
  [apply] _hr

Note: This linter can be disabled with `set_option linter.unusedVariables false`
info: Imported/G3AllResiduePositivity.lean:103:0: 'GProgram.G3.AllResidue.quadratic_factor_pos' depends on axioms: [propext, Classical.choice, Quot.sound]
info: Imported/G3AllResiduePositivity.lean:104:0: 'GProgram.G3.AllResidue.exceptionalJ_exact' depends on axioms: [propext, Classical.choice, Quot.sound]
info: Imported/G3AllResiduePositivity.lean:105:0: 'GProgram.G3.AllResidue.exceptional_remainder_nonneg' depends on axioms: [propext, Classical.choice, Quot.sound]
info: Imported/G3AllResiduePositivity.lean:106:0: 'GProgram.G3.AllResidue.exceptionalJ_pos' depends on axioms: [propext, Classical.choice, Quot.sound]
info: Imported/G3AllResiduePositivity.lean:107:0: 'GProgram.G3.AllResidue.critical_gcd_product_pos' depends on axioms: [propext, Classical.choice, Quot.sound]
ℹ [2808/2976] Replayed G3AllResidueNormalIdentities
info: Imported/G3AllResidueNormalIdentities.lean:76:0: 'GProgram.G3.AllResidue.normal_sum' depends on axioms: [propext, Classical.choice, Quot.sound]
info: Imported/G3AllResidueNormalIdentities.lean:77:0: 'GProgram.G3.AllResidue.normal_drift' depends on axioms: [propext, Classical.choice, Quot.sound]
info: Imported/G3AllResidueNormalIdentities.lean:78:0: 'GProgram.G3.AllResidue.normal_residue_value' depends on axioms: [propext, Classical.choice, Quot.sound]
info: Imported/G3AllResidueNormalIdentities.lean:79:0: 'GProgram.G3.AllResidue.normal_residue_derivative' depends on axioms: [propext, Classical.choice, Quot.sound]
info: Imported/G3AllResidueNormalIdentities.lean:80:0: 'GProgram.G3.AllResidue.normal_square_value' depends on axioms: [propext, Classical.choice, Quot.sound]
info: Imported/G3AllResidueNormalIdentities.lean:81:0: 'GProgram.G3.AllResidue.normal_square_derivative' depends on axioms: [propext, Classical.choice, Quot.sound]
info: Imported/G3AllResidueNormalIdentities.lean:82:0: 'GProgram.G3.AllResidue.normal_mass_pos' depends on axioms: [propext, Classical.choice, Quot.sound]
info: Imported/G3AllResidueNormalIdentities.lean:83:0: 'GProgram.G3.AllResidue.normal_mass_ne_zero' depends on axioms: [propext, Classical.choice, Quot.sound]
ℹ [2809/2976] Replayed G3BernoulliDerivatives
info: Imported/G3BernoulliDerivatives.lean:79:0: 'GProgram.G3.AllResidue.bernoulli_factor_pos' depends on axioms: [propext, Classical.choice, Quot.sound]
info: Imported/G3BernoulliDerivatives.lean:80:0: 'GProgram.G3.AllResidue.bernoulli_factor_lt_one' depends on axioms: [propext, Classical.choice, Quot.sound]
info: Imported/G3BernoulliDerivatives.lean:81:0: 'GProgram.G3.AllResidue.hasDerivAt_bernoulliFactor_p' depends on axioms: [propext, Classical.choice, Quot.sound]
info: Imported/G3BernoulliDerivatives.lean:82:0: 'GProgram.G3.AllResidue.hasDerivAt_bernoulliFactor_q' depends on axioms: [propext, Classical.choice, Quot.sound]
info: Imported/G3BernoulliDerivatives.lean:83:0: 'GProgram.G3.AllResidue.hasDerivAt_bernoulliLog_p' depends on axioms: [propext, Classical.choice, Quot.sound]
info: Imported/G3BernoulliDerivatives.lean:84:0: 'GProgram.G3.AllResidue.hasDerivAt_bernoulliLog_q' depends on axioms: [propext, Classical.choice, Quot.sound]
⚠ [2810/2976] Replayed G3BernoulliCriticalNumerators
warning: Imported/G3BernoulliCriticalNumerators.lean:31:0: automatically included section variable(s) unused in theorem `GProgram.G3.AllResidue.source_denominator_pos`:
  [DecidableEq ι]
consider restructuring your `variable` declarations so that the variables are not in scope or explicitly omit them:
  omit [DecidableEq ι] in theorem ...

Note: This linter can be disabled with `set_option linter.unusedSectionVars false`
warning: Imported/G3BernoulliCriticalNumerators.lean:52:6: Unused tactic linter: `ring` does nothing

Note: This linter can be disabled with `set_option linter.unusedTactic false`
warning: Imported/G3BernoulliCriticalNumerators.lean:52:6: this tactic is never executed

Note: This linter can be disabled with `set_option linter.unreachableTactic false`
warning: Imported/G3BernoulliCriticalNumerators.lean:67:6: Unused tactic linter: `ring` does nothing

Note: This linter can be disabled with `set_option linter.unusedTactic false`
warning: Imported/G3BernoulliCriticalNumerators.lean:67:6: this tactic is never executed

Note: This linter can be disabled with `set_option linter.unreachableTactic false`
info: Imported/G3BernoulliCriticalNumerators.lean:91:0: 'GProgram.G3.AllResidue.source_denominator_pos' depends on axioms: [propext, Classical.choice, Quot.sound]
info: Imported/G3BernoulliCriticalNumerators.lean:92:0: 'GProgram.G3.AllResidue.clear_p_response' depends on axioms: [propext, Classical.choice, Quot.sound]
info: Imported/G3BernoulliCriticalNumerators.lean:93:0: 'GProgram.G3.AllResidue.clear_q_response' depends on axioms: [propext, Classical.choice, Quot.sound]
info: Imported/G3BernoulliCriticalNumerators.lean:94:0: 'GProgram.G3.AllResidue.p_response_zero_iff' depends on axioms: [propext, Classical.choice, Quot.sound]
info: Imported/G3BernoulliCriticalNumerators.lean:95:0: 'GProgram.G3.AllResidue.q_response_zero_iff' depends on axioms: [propext, Classical.choice, Quot.sound]
ℹ [2811/2976] Replayed G3BernoulliVerticalExclusion
info: Imported/G3BernoulliVerticalExclusion.lean:127:0: 'GProgram.G3.AllResidue.critical_probability_eval' depends on axioms: [propext, Classical.choice, Quot.sound]
info: Imported/G3BernoulliVerticalExclusion.lean:128:0: 'GProgram.G3.AllResidue.critical_probability_coeff_five' depends on axioms: [propext, Classical.choice, Quot.sound]
info: Imported/G3BernoulliVerticalExclusion.lean:129:0: 'GProgram.G3.AllResidue.normal_weight_sum' depends on axioms: [propext, Classical.choice, Quot.sound]
info: Imported/G3BernoulliVerticalExclusion.lean:130:0: 'GProgram.G3.AllResidue.normal_probability_coeff_five_ne_zero' depends on axioms: [propext,
 Classical.choice,
 Quot.sound]
info: Imported/G3BernoulliVerticalExclusion.lean:131:0: 'GProgram.G3.AllResidue.normal_probability_polynomial_ne_zero' depends on axioms: [propext,
 Classical.choice,
 Quot.sound]
info: Imported/G3BernoulliVerticalExclusion.lean:132:0: 'GProgram.G3.AllResidue.no_strict_vertical_critical_line' depends on axioms: [propext, Classical.choice, Quot.sound]
⚠ [2812/2976] Replayed G3CapSixDeterminant
warning: Imported/G3CapSixDeterminant.lean:110:34: This simp argument is unused:
  Matrix.det_fin_zero

Hint: Omit it from the simp argument list.
  [apply] simp [Matrix.det_succ_row_zero, Fin.sum_univ_succ, Matrix.submatrix_apply, L]

Note: This linter can be disabled with `set_option linter.unusedSimpArgs false`
warning: Imported/G3CapSixDeterminant.lean:114:37: This simp argument is unused:
  Matrix.det_fin_zero

Hint: Omit it from the simp argument list.
  [apply] simp [Matrix.det_succ_column_zero, Fin.sum_univ_succ, Fin.prod_univ_succ, Matrix.submatrix_apply, U]

Note: This linter can be disabled with `set_option linter.unusedSimpArgs false`
info: Imported/G3CapSixDeterminant.lean:163:0: 'GProgram.G3.CapSix.LU_eq_J0' depends on axioms: [propext, Classical.choice, Quot.sound]
info: Imported/G3CapSixDeterminant.lean:164:0: 'GProgram.G3.CapSix.det_L' depends on axioms: [propext, Classical.choice, Quot.sound]
info: Imported/G3CapSixDeterminant.lean:165:0: 'GProgram.G3.CapSix.det_U' depends on axioms: [propext, Classical.choice, Quot.sound]
info: Imported/G3CapSixDeterminant.lean:166:0: 'GProgram.G3.CapSix.exact_determinant' depends on axioms: [propext, Classical.choice, Quot.sound]
info: Imported/G3CapSixDeterminant.lean:167:0: 'GProgram.G3.CapSix.J0_nonsingular' depends on axioms: [propext, Classical.choice, Quot.sound]
info: Imported/G3CapSixDeterminant.lean:168:0: 'GProgram.G3.CapSix.scaled_J_nonsingular' depends on axioms: [propext, Classical.choice, Quot.sound]
⚠ [2813/2976] Replayed G3FiniteMomentBarrier
warning: Imported/G3FiniteMomentBarrier.lean:74:18: Variable name `hQ` is not explicitly referenced.

Hint: The binding can be removed (if unused) or named `_` (if used implicitly). Alternatively, prefix the name with `_` to silence this warning:
  [apply] _hQ

Note: This linter can be disabled with `set_option linter.unusedVariables false`
warning: Imported/G3FiniteMomentBarrier.lean:74:44: Variable name `hU` is not explicitly referenced.

Hint: The binding can be removed (if unused) or named `_` (if used implicitly). Alternatively, prefix the name with `_` to silence this warning:
  [apply] _hU

Note: This linter can be disabled with `set_option linter.unusedVariables false`
warning: Imported/G3FiniteMomentBarrier.lean:75:18: Variable name `hB0` is not explicitly referenced.

Hint: The binding can be removed (if unused) or named `_` (if used implicitly). Alternatively, prefix the name with `_` to silence this warning:
  [apply] _hB0

Note: This linter can be disabled with `set_option linter.unusedVariables false`
warning: Imported/G3FiniteMomentBarrier.lean:76:5: Variable name `hg` is not explicitly referenced.

Hint: The binding can be removed (if unused) or named `_` (if used implicitly). Alternatively, prefix the name with `_` to silence this warning:
  [apply] _hg

Note: This linter can be disabled with `set_option linter.unusedVariables false`
warning: Imported/G3FiniteMomentBarrier.lean:76:18: Variable name `hK` is not explicitly referenced.

Hint: The binding can be removed (if unused) or named `_` (if used implicitly). Alternatively, prefix the name with `_` to silence this warning:
  [apply] _hK

Note: This linter can be disabled with `set_option linter.unusedVariables false`
warning: Imported/G3FiniteMomentBarrier.lean:76:31: Variable name `hC` is not explicitly referenced.

Hint: The binding can be removed (if unused) or named `_` (if used implicitly). Alternatively, prefix the name with `_` to silence this warning:
  [apply] _hC

Note: This linter can be disabled with `set_option linter.unusedVariables false`
info: Imported/G3FiniteMomentBarrier.lean:82:0: 'GProgram.G3.MomentBarrier.coupled_barrier_minimal' depends on axioms: [propext, Classical.choice, Quot.sound]
info: Imported/G3FiniteMomentBarrier.lean:83:0: 'GProgram.G3.MomentBarrier.exact_double_sum' depends on axioms: [propext, Classical.choice, Quot.sound]
info: Imported/G3FiniteMomentBarrier.lean:84:0: 'GProgram.G3.MomentBarrier.finite_moment_inequality' depends on axioms: [propext, Classical.choice, Quot.sound]
info: Imported/G3FiniteMomentBarrier.lean:85:0: 'GProgram.G3.MomentBarrier.coupled_barrier' depends on axioms: [propext, Classical.choice, Quot.sound]
ℹ [2910/2976] Replayed G3FixedDegreeResultants
info: Imported/G3FixedDegreeResultants.lean:57:0: 'GProgram.G3.AllResidue.full_weight_drift_zero' depends on axioms: [propext, Classical.choice, Quot.sound]
info: Imported/G3FixedDegreeResultants.lean:58:0: 'GProgram.G3.AllResidue.full_weight_normal' depends on axioms: [propext, Classical.choice, Quot.sound]
info: Imported/G3FixedDegreeResultants.lean:59:0: 'GProgram.G3.AllResidue.source_q_probability_eval' depends on axioms: [propext, Classical.choice, Quot.sound]
info: Imported/G3FixedDegreeResultants.lean:60:0: 'GProgram.G3.AllResidue.fixed_sylvester_specialization' depends on axioms: [propext, Classical.choice, Quot.sound]
info: Imported/G3FixedDegreeResultants.lean:61:0: 'GProgram.G3.AllResidue.fixed_resultant_specialization' depends on axioms: [propext, Classical.choice, Quot.sound]
ℹ [2911/2976] Replayed G4AllRootBinomialCompression
info: Imported/G4AllRootBinomialCompression.lean:105:0: 'GProgram.G4.BinomialCompression.original_all_root_binomial_sum' depends on axioms: [propext,
 Classical.choice,
 Quot.sound]
info: Imported/G4AllRootBinomialCompression.lean:106:0: 'GProgram.G4.BinomialCompression.original_all_root_exponential_coefficients' depends on axioms: [propext,
 Classical.choice,
 Quot.sound]
info: Imported/G4AllRootBinomialCompression.lean:107:0: 'GProgram.G4.BinomialCompression.rootSetEquiv' depends on axioms: [propext, Classical.choice, Quot.sound]
info: Imported/G4AllRootBinomialCompression.lean:108:0: 'GProgram.G4.BinomialCompression.all_root_binomial_sum' depends on axioms: [propext, Classical.choice, Quot.sound]
ℹ [2912/2976] Replayed G4BalancedForestIdentity
info: Imported/G4BalancedForestIdentity.lean:69:0: 'GProgram.G4.balanced_residual_identity' depends on axioms: [propext, Classical.choice, Quot.sound]
info: Imported/G4BalancedForestIdentity.lean:70:0: 'GProgram.G4.balanced_coordinate_separates_cap4' depends on axioms: [propext, Classical.choice, Quot.sound]
info: Imported/G4BalancedForestIdentity.lean:71:0: 'GProgram.G4.ordinary_balanced_positive' depends on axioms: [propext, Classical.choice, Quot.sound]
ℹ [2915/2976] Replayed G4KingmanHankelObstruction
info: Imported/G4KingmanHankelObstruction.lean:117:0: 'GProgram.G4.Hankel.choose_two_add' depends on axioms: [propext, Quot.sound]
info: Imported/G4KingmanHankelObstruction.lean:118:0: 'GProgram.G4.Hankel.shiftedHankel_factorization' depends on axioms: [propext, Classical.choice, Quot.sound]
info: Imported/G4KingmanHankelObstruction.lean:119:0: 'GProgram.G4.Hankel.shiftedHankel_det_ne_zero' depends on axioms: [propext, Classical.choice, Quot.sound]
info: Imported/G4KingmanHankelObstruction.lean:120:0: 'GProgram.G4.Hankel.finite_window_coefficients_zero' depends on axioms: [propext, Classical.choice, Quot.sound]
info: Imported/G4KingmanHankelObstruction.lean:121:0: 'GProgram.G4.Hankel.eventual_recurrence_coefficients_zero' depends on axioms: [propext, Classical.choice, Quot.sound]
info: Imported/G4KingmanHankelObstruction.lean:122:0: 'GProgram.G4.Hankel.pairClockSurvival_eq' depends on axioms: [propext, Classical.choice, Quot.sound]
info: Imported/G4KingmanHankelObstruction.lean:123:0: 'GProgram.G4.Hankel.source_clock_eventual_recurrence_coefficients_zero' depends on axioms: [propext,
 Classical.choice,
 Quot.sound]
⚠ [2916/2976] Replayed G4OrdinaryTripletReadout
warning: Imported/G4OrdinaryTripletReadout.lean:93:2: Used `tac1 <;> tac2` where `(tac1; tac2)` would suffice

Note: This linter can be disabled with `set_option linter.unnecessarySeqFocus false`
info: Imported/G4OrdinaryTripletReadout.lean:144:0: 'G4OrdinaryTripletReadout.ordinaryTripletCladeProbability_eq' depends on axioms: [propext, Classical.choice, Quot.sound]
info: Imported/G4OrdinaryTripletReadout.lean:145:0: 'G4OrdinaryTripletReadout.actual_triplet_readout_injective' depends on axioms: [propext, Classical.choice, Quot.sound]
info: Imported/G4OrdinaryTripletReadout.lean:146:0: 'G4OrdinaryTripletReadout.positive_edge_has_clock' depends on axioms: [propext, Classical.choice, Quot.sound]
⚠ [2917/2976] Replayed GraphLeaves
warning: Imported/GraphLeaves.lean:52:2: Try this: 
  haveI̵

The goal is a proposition, so `have` is preferred over `haveI`.
The difference between `have` and `haveI` is that `haveI` inlines the value.
But this is not relevant for proofs because of proof irrelevance.

Note: This linter can be disabled with `set_option linter.style.haveILetI false`
warning: Imported/GraphLeaves.lean:53:2: Try this: 
  haveI̵

The goal is a proposition, so `have` is preferred over `haveI`.
The difference between `have` and `haveI` is that `haveI` inlines the value.
But this is not relevant for proofs because of proof irrelevance.

Note: This linter can be disabled with `set_option linter.style.haveILetI false`
info: Imported/GraphLeaves.lean:86:0: 'Nanuq.Source.RootedBinary.every_vertex_reaches_leaf' depends on axioms: [propext, Classical.choice, Quot.sound]
info: Imported/GraphLeaves.lean:87:0: 'Nanuq.Source.RootedBinary.forward_closed_contains_leaf' depends on axioms: [propext, Classical.choice, Quot.sound]
info: Imported/GraphLeaves.lean:88:0: 'Nanuq.Source.RootedBinary.exists_leaf_avoiding_of_ne_root' depends on axioms: [propext, Classical.choice, Quot.sound]
ℹ [2918/2976] Replayed GraphCuts
info: Imported/GraphCuts.lean:122:0: 'Nanuq.Source.EdgeGraph.edge_side_cover' depends on axioms: [propext, Classical.choice, Quot.sound]
info: Imported/GraphCuts.lean:123:0: 'Nanuq.Source.EdgeGraph.bridge_sides_disjoint' does not depend on any axioms
info: Imported/GraphCuts.lean:124:0: 'Nanuq.Source.RootedBinary.bridge_both_sides_contain_taxa' depends on axioms: [propext, Classical.choice, Quot.sound]
ℹ [2919/2976] Replayed G5MinimalGraphInterface
info: Imported/G5MinimalGraphInterface.lean:47:0: 'GProgram.G5.Minimal.root_source_side_of_rooted_acyclic' does not depend on any axioms
info: Imported/G5MinimalGraphInterface.lean:48:0: 'GProgram.G5.Minimal.bridge_component_iff_descendant' depends on axioms: [propext, Classical.choice, Quot.sound]
ℹ [2920/2976] Replayed G6BridgeCannotEnterHybrid
info: Imported/G6BridgeCannotEnterHybrid.lean:85:0: 'GProgram.G6.BridgeEntry.bridge_targets_injective' depends on axioms: [propext, Classical.choice, Quot.sound]
info: Imported/G6BridgeCannotEnterHybrid.lean:86:0: 'GProgram.G6.BridgeEntry.bridge_incoming_unique' depends on axioms: [propext, Classical.choice, Quot.sound]
info: Imported/G6BridgeCannotEnterHybrid.lean:87:0: 'GProgram.G6.BridgeEntry.bridge_target_indegree_one' depends on axioms: [propext, Classical.choice, Quot.sound]
info: Imported/G6BridgeCannotEnterHybrid.lean:88:0: 'GProgram.G6.BridgeEntry.two_incoming_occurrences_not_bridge' depends on axioms: [propext, Classical.choice, Quot.sound]
info: Imported/G6BridgeCannotEnterHybrid.lean:89:0: 'GProgram.G6.BridgeEntry.original_bridge_target_not_hybrid' depends on axioms: [propext, Classical.choice, Quot.sound]
info: Imported/G6BridgeCannotEnterHybrid.lean:90:0: 'GProgram.G6.BridgeEntry.original_hybrid_parents_nonbridge' depends on axioms: [propext, Classical.choice, Quot.sound]
ℹ [2921/2976] Replayed G5BridgeBarrier
info: Imported/G5BridgeBarrier.lean:94:0: 'GProgram.G5.bridge_target_component_iff_descendant' depends on axioms: [propext, Classical.choice, Quot.sound]
info: Imported/G5BridgeBarrier.lean:95:0: 'GProgram.G5.unique_child_edge' depends on axioms: [propext, Classical.choice, Quot.sound]
info: Imported/G5BridgeBarrier.lean:96:0: 'GProgram.G5.descendant_via_unique_child' depends on axioms: [propext, Classical.choice, Quot.sound]
info: Imported/G5BridgeBarrier.lean:97:0: 'GProgram.G5.hybrid_descendant_component' depends on axioms: [propext, Classical.choice, Quot.sound]
ℹ [2922/2976] Replayed G5CalendarRoutes
info: Imported/G5CalendarRoutes.lean:200:0: 'GProgram.G5.bridge_mem_every_descendant_route' depends on axioms: [propext, Classical.choice, Quot.sound]
info: Imported/G5CalendarRoutes.lean:201:0: 'GProgram.G5.original_tip_route_exists' depends on axioms: [propext, Classical.choice, Quot.sound]
info: Imported/G5CalendarRoutes.lean:202:0: 'GProgram.G5.EdgePath.active_unique' depends on axioms: [propext, Classical.choice, Quot.sound]
info: Imported/G5CalendarRoutes.lean:203:0: 'GProgram.G5.protective_edge_active_on_every_route' depends on axioms: [propext, Classical.choice, Quot.sound]
info: Imported/G5CalendarRoutes.lean:204:0: 'GProgram.G5.protective_edge_absent_on_outside_route' depends on axioms: [propext, Classical.choice, Quot.sound]
info: Imported/G5CalendarRoutes.lean:205:0: 'GProgram.G5.protective_interval_nonempty' depends on axioms: [propext, Classical.choice, Quot.sound]
info: Imported/G5CalendarRoutes.lean:206:0: 'GProgram.G5.younger_side_open_interval_has_no_first' depends on axioms: [propext, Classical.choice, Quot.sound]
ℹ [2923/2976] Replayed G5BridgeComponentEntries
info: Imported/G5BridgeComponentEntries.lean:95:0: 'GProgram.G5.ComponentEntries.bridge_targets_sameBlob_iff_eq' depends on axioms: [propext, Classical.choice, Quot.sound]
info: Imported/G5BridgeComponentEntries.lean:96:0: 'GProgram.G5.ComponentEntries.bridge_target_not_root_component' does not depend on any axioms
info: Imported/G5BridgeComponentEntries.lean:97:0: 'GProgram.G5.ComponentEntries.nonroot_component_has_incoming_bridge' depends on axioms: [propext,
 Classical.choice,
 Quot.sound]
info: Imported/G5BridgeComponentEntries.lean:98:0: 'GProgram.G5.ComponentEntries.nonroot_component_unique_entry' depends on axioms: [propext, Classical.choice, Quot.sound]
ℹ [2924/2976] Replayed G5NonbridgeRouteBound
info: Imported/G5NonbridgeRouteBound.lean:183:0: 'GProgram.G5.NonbridgeRoutes.UpPath.unique_from_kept_source' does not depend on any axioms
info: Imported/G5NonbridgeRouteBound.lean:184:0: 'GProgram.G5.NonbridgeRoutes.UpPath.unique_of_same_first' does not depend on any axioms
info: Imported/G5NonbridgeRouteBound.lean:185:0: 'GProgram.G5.NonbridgeRoutes.cut_child_nonbridge_incoming_unique' depends on axioms: [propext,
 Classical.choice,
 Quot.sound]
info: Imported/G5NonbridgeRouteBound.lean:186:0: 'GProgram.G5.NonbridgeRoutes.original_nonbridge_route_unique_of_first' depends on axioms: [propext,
 Classical.choice,
 Quot.sound]
info: Imported/G5NonbridgeRouteBound.lean:187:0: 'GProgram.G5.NonbridgeRoutes.finite_nonbridge_route_family_card_le_indegree' depends on axioms: [propext,
 Classical.choice,
 Quot.sound]
info: Imported/G5NonbridgeRouteBound.lean:188:0: 'GProgram.G5.NonbridgeRoutes.hybrid_nonbridge_route_family_card_le_two' depends on axioms: [propext,
 Classical.choice,
 Quot.sound]
info: Imported/G5NonbridgeRouteBound.lean:189:0: 'GProgram.G5.NonbridgeRoutes.ordinary_nonbridge_route_family_card_le_one' depends on axioms: [propext,
 Classical.choice,
 Quot.sound]
ℹ [3494/3550] Replayed G5ComponentCalendarCoverage
info: Imported/G5ComponentCalendarCoverage.lean:99:0: 'GProgram.G5.ComponentCalendar.EdgePath.all_nonbridge_of_sameBlob' depends on axioms: [propext,
 Classical.choice,
 Quot.sound]
info: Imported/G5ComponentCalendarCoverage.lean:100:0: 'GProgram.G5.ComponentCalendar.root_route_component_decomposition' depends on axioms: [propext,
 Classical.choice,
 Quot.sound]
info: Imported/G5ComponentCalendarCoverage.lean:101:0: 'GProgram.G5.ComponentCalendar.EdgePath.unique_active_exists' depends on axioms: [propext, Classical.choice, Quot.sound]
⚠ [3495/3550] Replayed G5ActualComponentSupport
info: Imported/G5ActualComponentSupport.lean:37:0: 'GProgram.G5.NonbridgeRoutes.UpPath.append' does not depend on any axioms
info: Imported/G5ActualComponentSupport.lean:38:0: 'GProgram.G5.NonbridgeRoutes.EdgePath.to_upPath_reverse' depends on axioms: [propext]
warning: Imported/G5ActualComponentSupport.lean:57:0: automatically included section variable(s) unused in theorem `GProgram.G5.ComponentSupport.mem_activeComponentEdges_iff`:
  [Fintype V]
  [DecidableEq V]
consider restructuring your `variable` declarations so that the variables are not in scope or explicitly omit them:
  omit [Fintype V] [DecidableEq V] in theorem ...

Note: This linter can be disabled with `set_option linter.unusedSectionVars false`
info: Imported/G5ActualComponentSupport.lean:112:0: 'GProgram.G5.ComponentSupport.finite_active_nonbridge_edges_card_le_indegree' depends on axioms: [propext,
 Classical.choice,
 Quot.sound]
info: Imported/G5ActualComponentSupport.lean:113:0: 'GProgram.G5.ComponentSupport.activeComponentEdges_card_le_indegree' depends on axioms: [propext,
 Classical.choice,
 Quot.sound]
⚠ [3496/3550] Replayed G5BoundedExactBlock
warning: Imported/G5BoundedExactBlock.lean:19:0: automatically included section variable(s) unused in theorem `GProgram.G5.BoundedSupport.bounded_unary_obstruction`:
  [DecidableEq P]
consider restructuring your `variable` declarations so that the variables are not in scope or explicitly omit them:
  omit [DecidableEq P] in theorem ...

Note: This linter can be disabled with `set_option linter.unusedSectionVars false`
info: Imported/G5BoundedExactBlock.lean:94:0: 'GProgram.G5.BoundedSupport.bounded_unary_obstruction' depends on axioms: [propext, Classical.choice, Quot.sound]
info: Imported/G5BoundedExactBlock.lean:95:0: 'GProgram.G5.BoundedSupport.exact_block_small_obstruction' depends on axioms: [propext, Classical.choice, Quot.sound]
info: Imported/G5BoundedExactBlock.lean:96:0: 'GProgram.G5.BoundedSupport.exact_block_iff_local' depends on axioms: [propext, Classical.choice, Quot.sound]
⚠ [3497/3550] Replayed G5CoupledQuartetKernel
warning: Imported/G5CoupledQuartetKernel.lean:97:25: Used `tac1 <;> tac2` where `(tac1; tac2)` would suffice

Note: This linter can be disabled with `set_option linter.unnecessarySeqFocus false`
info: Imported/G5CoupledQuartetKernel.lean:104:0: 'GProgram.G5.QuartetKernel.selectorWitness_iff_blockWitness' depends on axioms: [propext, Classical.choice, Quot.sound]
info: Imported/G5CoupledQuartetKernel.lean:105:0: 'GProgram.G5.QuartetKernel.pairCount_four_iff' depends on axioms: [propext, Classical.choice, Quot.sound]
info: Imported/G5CoupledQuartetKernel.lean:106:0: 'GProgram.G5.QuartetKernel.pairCount_one_split' depends on axioms: [propext, Classical.choice, Quot.sound]
⚠ [3498/3550] Replayed G5PairMomentCases
warning: Imported/G5PairMomentCases.lean:17:29: Unused tactic linter: `grind` does nothing

Note: This linter can be disabled with `set_option linter.unusedTactic false`
warning: Imported/G5PairMomentCases.lean:17:29: this tactic is never executed

Note: This linter can be disabled with `set_option linter.unreachableTactic false`
info: Imported/G5PairMomentCases.lean:35:0: 'GProgram.G5.QuartetKernel.pairCount_zero_iff' depends on axioms: [propext]
info: Imported/G5PairMomentCases.lean:36:0: 'GProgram.G5.QuartetKernel.pairCount_two_iff' depends on axioms: [propext, Classical.choice, Quot.sound]
info: Imported/G5PairMomentCases.lean:37:0: 'GProgram.G5.QuartetKernel.pairCount_one_iff' depends on axioms: [propext, Classical.choice, Quot.sound]
⚠ [3499/3550] Replayed G5FourGroupSupportCases
warning: Imported/G5FourGroupSupportCases.lean:20:0: automatically included section variable(s) unused in theorem `GProgram.G5.QuartetKernel.not_concentrated_iff_avoids`:
  [DecidableEq α]
consider restructuring your `variable` declarations so that the variables are not in scope or explicitly omit them:
  omit [DecidableEq α] in theorem ...

Note: This linter can be disabled with `set_option linter.unusedSectionVars false`
warning: Imported/G5FourGroupSupportCases.lean:27:25: Used `tac1 <;> tac2` where `(tac1; tac2)` would suffice

Note: This linter can be disabled with `set_option linter.unnecessarySeqFocus false`
warning: Imported/G5FourGroupSupportCases.lean:43:0: automatically included section variable(s) unused in theorem `GProgram.G5.QuartetKernel.sideBlocked_of_common_concentration`:
  [DecidableEq α]
consider restructuring your `variable` declarations so that the variables are not in scope or explicitly omit them:
  omit [DecidableEq α] in theorem ...

Note: This linter can be disabled with `set_option linter.unusedSectionVars false`
info: Imported/G5FourGroupSupportCases.lean:72:0: 'GProgram.G5.QuartetKernel.pairCount_pos_iff' depends on axioms: [propext, Classical.choice, Quot.sound]
info: Imported/G5FourGroupSupportCases.lean:73:0: 'GProgram.G5.QuartetKernel.obstruction_of_no_side' depends on axioms: [propext, Classical.choice, Quot.sound]
info: Imported/G5FourGroupSupportCases.lean:74:0: 'GProgram.G5.QuartetKernel.both_positive_no_quartet_forces_cross_four' depends on axioms: [propext,
 Classical.choice,
 Quot.sound]
ℹ [3500/3550] Replayed G5OneIntersectionCase
info: Imported/G5OneIntersectionCase.lean:80:0: 'GProgram.G5.QuartetKernel.unique_shared_of_count_one' depends on axioms: [propext, Classical.choice, Quot.sound]
info: Imported/G5OneIntersectionCase.lean:81:0: 'GProgram.G5.QuartetKernel.double_two_against_one_forces_concentration' depends on axioms: [propext,
 Classical.choice,
 Quot.sound]
info: Imported/G5OneIntersectionCase.lean:82:0: 'GProgram.G5.QuartetKernel.one_zero_no_quartet_iff' depends on axioms: [propext, Classical.choice, Quot.sound]
⚠ [3501/3550] Replayed G5ThreeGroupKernel
warning: Imported/G5ThreeGroupKernel.lean:24:29: Unused tactic linter: `grind` does nothing

Note: This linter can be disabled with `set_option linter.unusedTactic false`
warning: Imported/G5ThreeGroupKernel.lean:24:29: this tactic is never executed

Note: This linter can be disabled with `set_option linter.unreachableTactic false`
info: Imported/G5ThreeGroupKernel.lean:26:0: 'GProgram.G5.QuartetKernel.threeGroup_absence_iff' depends on axioms: [propext, Quot.sound]
⚠ [3502/3550] Replayed G5TwoIntersectionCase
warning: Imported/G5TwoIntersectionCase.lean:8:0: automatically included section variable(s) unused in theorem `GProgram.G5.QuartetKernel.has_iff_of_same_two`:
  [DecidableEq α]
consider restructuring your `variable` declarations so that the variables are not in scope or explicitly omit them:
  omit [DecidableEq α] in theorem ...

Note: This linter can be disabled with `set_option linter.unusedSectionVars false`
warning: Imported/G5TwoIntersectionCase.lean:58:38: Used `tac1 <;> tac2` where `(tac1; tac2)` would suffice

Note: This linter can be disabled with `set_option linter.unnecessarySeqFocus false`
warning: Imported/G5TwoIntersectionCase.lean:82:40: Used `tac1 <;> tac2` where `(tac1; tac2)` would suffice

Note: This linter can be disabled with `set_option linter.unnecessarySeqFocus false`
info: Imported/G5TwoIntersectionCase.lean:96:0: 'GProgram.G5.QuartetKernel.quartetSupport_iff_three_of_same_two' depends on axioms: [propext,
 Classical.choice,
 Quot.sound]
info: Imported/G5TwoIntersectionCase.lean:97:0: 'GProgram.G5.QuartetKernel.two_zero_no_cross_four_iff' depends on axioms: [propext, Classical.choice, Quot.sound]
⚠ [3503/3550] Replayed G5FourGroupCriterion
warning: Imported/G5FourGroupCriterion.lean:37:29: Unused tactic linter: `grind` does nothing

Note: This linter can be disabled with `set_option linter.unusedTactic false`
warning: Imported/G5FourGroupCriterion.lean:37:29: this tactic is never executed

Note: This linter can be disabled with `set_option linter.unreachableTactic false`
warning: Imported/G5FourGroupCriterion.lean:39:0: automatically included section variable(s) unused in theorem `GProgram.G5.QuartetKernel.support_exchange`:
  [DecidableEq α]
consider restructuring your `variable` declarations so that the variables are not in scope or explicitly omit them:
  omit [DecidableEq α] in theorem ...

Note: This linter can be disabled with `set_option linter.unusedSectionVars false`
info: Imported/G5FourGroupCriterion.lean:134:0: 'GProgram.G5.QuartetKernel.selector_absence_iff_six_moments' depends on axioms: [propext, Classical.choice, Quot.sound]
info: Imported/G5FourGroupCriterion.lean:135:0: 'GProgram.G5.QuartetKernel.selectorWitness_iff_of_pairCounts' depends on axioms: [propext, Classical.choice, Quot.sound]
ℹ [3515/3550] Replayed G5FairSelectorMoments
info: Imported/G5FairSelectorMoments.lean:41:0: 'GProgram.G5.QuartetKernel.meetingChoices_card' depends on axioms: [propext, Classical.choice, Quot.sound]
info: Imported/G5FairSelectorMoments.lean:42:0: 'GProgram.G5.QuartetKernel.fairMeetingMass_eq_count' depends on axioms: [propext, Classical.choice, Quot.sound]
ℹ [3516/3550] Replayed G5FairMomentQuartetTransport
info: Imported/G5FairMomentQuartetTransport.lean:61:0: 'GProgram.G5.QuartetKernel.pairCount_eq_of_fair_mass_eq' depends on axioms: [propext, Classical.choice, Quot.sound]
info: Imported/G5FairMomentQuartetTransport.lean:62:0: 'GProgram.G5.QuartetKernel.selectorWitness_iff_of_six_fair_pair_masses' depends on axioms: [propext,
 Classical.choice,
 Quot.sound]
info: Imported/G5FairMomentQuartetTransport.lean:63:0: 'GProgram.G5.QuartetKernel.threeGroupWitness_iff_of_three_fair_pair_masses' depends on axioms: [propext,
 Classical.choice,
 Quot.sound]
⚠ [3517/3550] Replayed G5CoupledGroupSemantics
warning: Imported/G5CoupledGroupSemantics.lean:26:0: automatically included section variable(s) unused in theorem `GProgram.G5.QuartetKernel.cross_group_identification_blocks`:
  [DecidableEq α]
consider restructuring your `variable` declarations so that the variables are not in scope or explicitly omit them:
  omit [DecidableEq α] in theorem ...

Note: This linter can be disabled with `set_option linter.unusedSectionVars false`
warning: Imported/G5CoupledGroupSemantics.lean:38:0: automatically included section variable(s) unused in theorem `GProgram.G5.QuartetKernel.two_coupled_iff_distinct_selectors`:
  [DecidableEq α]
consider restructuring your `variable` declarations so that the variables are not in scope or explicitly omit them:
  omit [DecidableEq α] in theorem ...

Note: This linter can be disabled with `set_option linter.unusedSectionVars false`
warning: Imported/G5CoupledGroupSemantics.lean:62:29: Unused tactic linter: `grind` does nothing

Note: This linter can be disabled with `set_option linter.unusedTactic false`
warning: Imported/G5CoupledGroupSemantics.lean:62:29: this tactic is never executed

Note: This linter can be disabled with `set_option linter.unreachableTactic false`
warning: Imported/G5CoupledGroupSemantics.lean:68:0: automatically included section variable(s) unused in theorem `GProgram.G5.QuartetKernel.three_coupled_iff_threeGroupWitness`:
  [DecidableEq α]
consider restructuring your `variable` declarations so that the variables are not in scope or explicitly omit them:
  omit [DecidableEq α] in theorem ...

Note: This linter can be disabled with `set_option linter.unusedSectionVars false`
warning: Imported/G5CoupledGroupSemantics.lean:92:0: automatically included section variable(s) unused in theorem `GProgram.G5.QuartetKernel.four_coupled_iff_selectorWitness`:
  [DecidableEq α]
consider restructuring your `variable` declarations so that the variables are not in scope or explicitly omit them:
  omit [DecidableEq α] in theorem ...

Note: This linter can be disabled with `set_option linter.unusedSectionVars false`
info: Imported/G5CoupledGroupSemantics.lean:101:0: 'GProgram.G5.QuartetKernel.cross_group_identification_blocks' depends on axioms: [propext]
info: Imported/G5CoupledGroupSemantics.lean:102:0: 'GProgram.G5.QuartetKernel.two_coupled_iff_count_lt_four' depends on axioms: [propext, Classical.choice, Quot.sound]
info: Imported/G5CoupledGroupSemantics.lean:103:0: 'GProgram.G5.QuartetKernel.three_coupled_iff_threeGroupWitness' depends on axioms: [propext]
info: Imported/G5CoupledGroupSemantics.lean:104:0: 'GProgram.G5.QuartetKernel.four_coupled_iff_selectorWitness' depends on axioms: [propext]
⚠ [3518/3550] Replayed G5RootRouteCurrentSupport
warning: Imported/G5RootRouteCurrentSupport.lean:28:0: automatically included section variable(s) unused in theorem `GProgram.G5.ComponentSupport.mem_activeRootRouteEdges_iff`:
  [Fintype V]
  [DecidableEq V]
consider restructuring your `variable` declarations so that the variables are not in scope or explicitly omit them:
  omit [Fintype V] [DecidableEq V] in theorem ...

Note: This linter can be disabled with `set_option linter.unusedSectionVars false`
info: Imported/G5RootRouteCurrentSupport.lean:127:0: 'GProgram.G5.ComponentSupport.incoming_bridge_mem_root_route' depends on axioms: [propext, Classical.choice, Quot.sound]
info: Imported/G5RootRouteCurrentSupport.lean:128:0: 'GProgram.G5.ComponentSupport.active_root_edge_has_nonbridge_suffix' depends on axioms: [propext,
 Classical.choice,
 Quot.sound]
info: Imported/G5RootRouteCurrentSupport.lean:129:0: 'GProgram.G5.ComponentSupport.activeRootRouteEdges_eq_component' depends on axioms: [propext,
 Classical.choice,
 Quot.sound]
info: Imported/G5RootRouteCurrentSupport.lean:130:0: 'GProgram.G5.ComponentSupport.activeRootRouteEdges_eq_root_component' depends on axioms: [propext,
 Classical.choice,
 Quot.sound]
info: Imported/G5RootRouteCurrentSupport.lean:131:0: 'GProgram.G5.ComponentSupport.activeRootRouteEdges_card_le_indegree_of_entry' depends on axioms: [propext,
 Classical.choice,
 Quot.sound]
ℹ [3519/3550] Replayed G5CurrentPortTwoPositions
info: Imported/G5CurrentPortTwoPositions.lean:91:0: 'GProgram.G5.ComponentSupport.binary_indegree_le_two' depends on axioms: [propext, Classical.choice, Quot.sound]
info: Imported/G5CurrentPortTwoPositions.lean:92:0: 'GProgram.G5.ComponentSupport.current_port_support_card_le_indegree' depends on axioms: [propext,
 Classical.choice,
 Quot.sound]
info: Imported/G5CurrentPortTwoPositions.lean:93:0: 'GProgram.G5.ComponentSupport.current_port_support_card_le_two' depends on axioms: [propext,
 Classical.choice,
 Quot.sound]
info: Imported/G5CurrentPortTwoPositions.lean:94:0: 'GProgram.G5.ComponentSupport.current_ordinary_port_support_card_le_one' depends on axioms: [propext,
 Classical.choice,
 Quot.sound]
info: Imported/G5CurrentPortTwoPositions.lean:95:0: 'GProgram.G5.ComponentSupport.current_port_support_nonempty' depends on axioms: [propext, Classical.choice, Quot.sound]
info: Imported/G5CurrentPortTwoPositions.lean:96:0: 'GProgram.G5.ComponentSupport.current_ordinary_port_support_card_eq_one' depends on axioms: [propext,
 Classical.choice,
 Quot.sound]
ℹ [3520/3550] Replayed G5CutChildNecessity
info: Imported/G5CutChildNecessity.lean:188:0: 'GProgram.G5.CutChildTest.source' depends on axioms: [propext, Classical.choice, Quot.sound]
info: Imported/G5CutChildNecessity.lean:189:0: 'GProgram.G5.CutChildTest.tips_contemporary' depends on axioms: [propext, Classical.choice, Quot.sound]
info: Imported/G5CutChildNecessity.lean:190:0: 'GProgram.G5.CutChildTest.actual_weaker_source_counterexample' depends on axioms: [propext,
 Classical.choice,
 Quot.sound]
info: Imported/G5CutChildNecessity.lean:191:0: 'GProgram.G5.CutChildTest.actual_protective_route_failure' depends on axioms: [propext, Classical.choice, Quot.sound]
ℹ [3521/3550] Replayed G5ExponentialGermIdentification
info: Imported/G5ExponentialGermIdentification.lean:83:0: 'GProgram.G5.ExponentialGerm.coefficient_zero_of_grid' depends on axioms: [propext, Classical.choice, Quot.sound]
info: Imported/G5ExponentialGermIdentification.lean:84:0: 'GProgram.G5.ExponentialGerm.coefficients_eq_of_right_germ' depends on axioms: [propext, Classical.choice, Quot.sound]
info: Imported/G5ExponentialGermIdentification.lean:85:0: 'GProgram.G5.ExponentialGerm.constant_coefficient_eq_of_right_germ' depends on axioms: [propext,
 Classical.choice,
 Quot.sound]
⚠ [3522/3550] Replayed SourceLabelledForest
warning: Imported/SourceLabelledForest.lean:108:0: automatically included section variable(s) unused in theorem `GProgram.SourceForest.merged_copies_same_population`:
  [Fintype Copy]
  [Fintype V]
  [Fintype E]
  [DecidableEq V]
consider restructuring your `variable` declarations so that the variables are not in scope or explicitly omit them:
  omit [Fintype Copy] [Fintype V] [Fintype E] [DecidableEq V] in theorem ...

Note: This linter can be disabled with `set_option linter.unusedSectionVars false`
warning: Imported/SourceLabelledForest.lean:112:0: automatically included section variable(s) unused in theorem `GProgram.SourceForest.distinct_live_genealogies_disjoint`:
  [Fintype Copy]
  [Fintype V]
  [Fintype E]
  [DecidableEq V]
consider restructuring your `variable` declarations so that the variables are not in scope or explicitly omit them:
  omit [Fintype Copy] [Fintype V] [Fintype E] [DecidableEq V] in theorem ...

Note: This linter can be disabled with `set_option linter.unusedSectionVars false`
warning: Imported/SourceLabelledForest.lean:175:0: automatically included section variable(s) unused in theorem `GProgram.SourceForest.merge_coalesces_exact_fibers`:
  [Fintype Copy]
  [Fintype V]
  [Fintype E]
  [DecidableEq V]
consider restructuring your `variable` declarations so that the variables are not in scope or explicitly omit them:
  omit [Fintype Copy] [Fintype V] [Fintype E] [DecidableEq V] in theorem ...

Note: This linter can be disabled with `set_option linter.unusedSectionVars false`
warning: Imported/SourceLabelledForest.lean:179:0: automatically included section variable(s) unused in theorem `GProgram.SourceForest.merge_never_splits`:
  [Fintype Copy]
  [Fintype V]
  [Fintype E]
  [DecidableEq V]
consider restructuring your `variable` declarations so that the variables are not in scope or explicitly omit them:
  omit [Fintype Copy] [Fintype V] [Fintype E] [DecidableEq V] in theorem ...

Note: This linter can be disabled with `set_option linter.unusedSectionVars false`
warning: Imported/SourceLabelledForest.lean:184:0: automatically included section variable(s) unused in theorem `GProgram.SourceForest.merge_population_preserved`:
  [Fintype Copy]
  [Fintype V]
  [Fintype E]
  [DecidableEq V]
consider restructuring your `variable` declarations so that the variables are not in scope or explicitly omit them:
  omit [Fintype Copy] [Fintype V] [Fintype E] [DecidableEq V] in theorem ...

Note: This linter can be disabled with `set_option linter.unusedSectionVars false`
warning: Imported/SourceLabelledForest.lean:192:0: automatically included section variable(s) unused in theorem `GProgram.SourceForest.merge_live_card`:
  [Fintype Copy]
  [Fintype V]
  [Fintype E]
  [DecidableEq V]
consider restructuring your `variable` declarations so that the variables are not in scope or explicitly omit them:
  omit [Fintype Copy] [Fintype V] [Fintype E] [DecidableEq V] in theorem ...

Note: This linter can be disabled with `set_option linter.unusedSectionVars false`
warning: Imported/SourceLabelledForest.lean:196:0: automatically included section variable(s) unused in theorem `GProgram.SourceForest.original_copy_cap`:
  [Fintype V]
  [Fintype E]
  [DecidableEq V]
consider restructuring your `variable` declarations so that the variables are not in scope or explicitly omit them:
  omit [Fintype V] [Fintype E] [DecidableEq V] in theorem ...

Note: This linter can be disabled with `set_option linter.unusedSectionVars false`
warning: Imported/SourceLabelledForest.lean:204:0: automatically included section variable(s) unused in theorem `GProgram.SourceForest.transport_valid`:
  [Fintype Copy]
  [Fintype V]
  [Fintype E]
  [DecidableEq V]
consider restructuring your `variable` declarations so that the variables are not in scope or explicitly omit them:
  omit [Fintype Copy] [Fintype V] [Fintype E] [DecidableEq V] in theorem ...

Note: This linter can be disabled with `set_option linter.unusedSectionVars false`
warning: Imported/SourceLabelledForest.lean:227:0: automatically included section variable(s) unused in theorem `GProgram.SourceForest.enterRoot_retains_original_root`:
  [Fintype Copy]
consider restructuring your `variable` declarations so that the variables are not in scope or explicitly omit them:
  omit [Fintype Copy] in theorem ...

Note: This linter can be disabled with `set_option linter.unusedSectionVars false`
warning: Imported/SourceLabelledForest.lean:258:0: automatically included section variable(s) unused in theorem `GProgram.SourceForest.pulse_valid`:
  [Fintype Copy]
consider restructuring your `variable` declarations so that the variables are not in scope or explicitly omit them:
  omit [Fintype Copy] in theorem ...

Note: This linter can be disabled with `set_option linter.unusedSectionVars false`
warning: Imported/SourceLabelledForest.lean:263:0: automatically included section variable(s) unused in theorem `GProgram.SourceForest.pulse_ancestor_unchanged`:
  [Fintype Copy]
consider restructuring your `variable` declarations so that the variables are not in scope or explicitly omit them:
  omit [Fintype Copy] in theorem ...

Note: This linter can be disabled with `set_option linter.unusedSectionVars false`
warning: Imported/SourceLabelledForest.lean:267:0: automatically included section variable(s) unused in theorem `GProgram.SourceForest.pulse_genealogy_unchanged`:
  [Fintype Copy]
consider restructuring your `variable` declarations so that the variables are not in scope or explicitly omit them:
  omit [Fintype Copy] in theorem ...

Note: This linter can be disabled with `set_option linter.unusedSectionVars false`
warning: Imported/SourceLabelledForest.lean:271:0: automatically included section variable(s) unused in theorem `GProgram.SourceForest.pulse_register_retained`:
  [Fintype Copy]
consider restructuring your `variable` declarations so that the variables are not in scope or explicitly omit them:
  omit [Fintype Copy] in theorem ...

Note: This linter can be disabled with `set_option linter.unusedSectionVars false`
warning: Imported/SourceLabelledForest.lean:275:0: automatically included section variable(s) unused in theorem `GProgram.SourceForest.pulse_routes_current_ancestor`:
  [Fintype Copy]
consider restructuring your `variable` declarations so that the variables are not in scope or explicitly omit them:
  omit [Fintype Copy] in theorem ...

Note: This linter can be disabled with `set_option linter.unusedSectionVars false`
warning: Imported/SourceLabelledForest.lean:299:8: This simp argument is unused:
  Fintype.sum_bool

Hint: Omit it from the simp argument list.
  [apply] simp [bitWeight]

Note: This linter can be disabled with `set_option linter.unusedSimpArgs false`
warning: Imported/SourceLabelledForest.lean:323:0: automatically included section variable(s) unused in theorem `GProgram.SourceForest.initial_source_valid`:
  [DecidableEq E]
consider restructuring your `variable` declarations so that the variables are not in scope or explicitly omit them:
  omit [DecidableEq E] in theorem ...

Note: This linter can be disabled with `set_option linter.unusedSectionVars false`
warning: Imported/SourceLabelledForest.lean:327:0: automatically included section variable(s) unused in theorem `GProgram.SourceForest.merge_source_valid`:
  [DecidableEq E]
consider restructuring your `variable` declarations so that the variables are not in scope or explicitly omit them:
  omit [DecidableEq E] in theorem ...

Note: This linter can be disabled with `set_option linter.unusedSectionVars false`
warning: Imported/SourceLabelledForest.lean:368:0: automatically included section variable(s) unused in theorem `GProgram.SourceForest.original_parent_targets_hybrid`:
  [DecidableEq E]
consider restructuring your `variable` declarations so that the variables are not in scope or explicitly omit them:
  omit [DecidableEq E] in theorem ...

Note: This linter can be disabled with `set_option linter.unusedSectionVars false`
warning: Imported/SourceLabelledForest.lean:407:0: automatically included section variable(s) unused in theorem `GProgram.SourceForest.step_register_retained`:
  [Fintype Copy]
consider restructuring your `variable` declarations so that the variables are not in scope or explicitly omit them:
  omit [Fintype Copy] in theorem ...

Note: This linter can be disabled with `set_option linter.unusedSectionVars false`
warning: Imported/SourceLabelledForest.lean:411:0: automatically included section variable(s) unused in theorem `GProgram.SourceForest.step_history_extends`:
  [Fintype Copy]
consider restructuring your `variable` declarations so that the variables are not in scope or explicitly omit them:
  omit [Fintype Copy] in theorem ...

Note: This linter can be disabled with `set_option linter.unusedSectionVars false`
warning: Imported/SourceLabelledForest.lean:472:0: automatically included section variable(s) unused in theorem `GProgram.SourceForest.Genealogy.joinPruned_leaves`:
  [Fintype Copy]
consider restructuring your `variable` declarations so that the variables are not in scope or explicitly omit them:
  omit [Fintype Copy] in theorem ...

Note: This linter can be disabled with `set_option linter.unusedSectionVars false`
warning: Imported/SourceLabelledForest.lean:496:0: automatically included section variable(s) unused in theorem `GProgram.SourceForest.mem_visibleAncestors`:
  [Fintype Copy]
  [Fintype V]
  [Fintype E]
  [DecidableEq V]
  [DecidableEq E]
consider restructuring your `variable` declarations so that the variables are not in scope or explicitly omit them:
  omit [Fintype Copy] [Fintype V] [Fintype E] [DecidableEq V] [DecidableEq E] in theorem ...

Note: This linter can be disabled with `set_option linter.unusedSectionVars false`
warning: Imported/SourceLabelledForest.lean:501:0: automatically included section variable(s) unused in theorem `GProgram.SourceForest.selectedBlock_eq_fiber`:
  [Fintype Copy]
  [Fintype V]
  [Fintype E]
  [DecidableEq V]
  [DecidableEq E]
consider restructuring your `variable` declarations so that the variables are not in scope or explicitly omit them:
  omit [Fintype Copy] [Fintype V] [Fintype E] [DecidableEq V] [DecidableEq E] in theorem ...

Note: This linter can be disabled with `set_option linter.unusedSectionVars false`
warning: Imported/SourceLabelledForest.lean:527:0: automatically included section variable(s) unused in theorem `GProgram.SourceForest.selectedBlock_merge_survivor`:
  [Fintype Copy]
  [Fintype V]
  [Fintype E]
  [DecidableEq V]
  [DecidableEq E]
consider restructuring your `variable` declarations so that the variables are not in scope or explicitly omit them:
  omit [Fintype Copy] [Fintype V] [Fintype E] [DecidableEq V] [DecidableEq E] in theorem ...

Note: This linter can be disabled with `set_option linter.unusedSectionVars false`
warning: Imported/SourceLabelledForest.lean:532:0: automatically included section variable(s) unused in theorem `GProgram.SourceForest.selectedBlock_merge_other`:
  [Fintype Copy]
  [Fintype V]
  [Fintype E]
  [DecidableEq V]
  [DecidableEq E]
consider restructuring your `variable` declarations so that the variables are not in scope or explicitly omit them:
  omit [Fintype Copy] [Fintype V] [Fintype E] [DecidableEq V] [DecidableEq E] in theorem ...

Note: This linter can be disabled with `set_option linter.unusedSectionVars false`
warning: Imported/SourceLabelledForest.lean:537:0: automatically included section variable(s) unused in theorem `GProgram.SourceForest.prune_merge_survivor`:
  [Fintype Copy]
  [Fintype V]
  [Fintype E]
  [DecidableEq V]
  [DecidableEq E]
consider restructuring your `variable` declarations so that the variables are not in scope or explicitly omit them:
  omit [Fintype Copy] [Fintype V] [Fintype E] [DecidableEq V] [DecidableEq E] in theorem ...

Note: This linter can be disabled with `set_option linter.unusedSectionVars false`
warning: Imported/SourceLabelledForest.lean:542:0: automatically included section variable(s) unused in theorem `GProgram.SourceForest.pulse_selected_genealogy_unchanged`:
  [Fintype Copy]
consider restructuring your `variable` declarations so that the variables are not in scope or explicitly omit them:
  omit [Fintype Copy] in theorem ...

Note: This linter can be disabled with `set_option linter.unusedSectionVars false`
warning: Imported/SourceLabelledForest.lean:551:0: automatically included section variable(s) unused in theorem `GProgram.SourceForest.Genealogy.joinPruned_wellLabelled`:
  [Fintype Copy]
consider restructuring your `variable` declarations so that the variables are not in scope or explicitly omit them:
  omit [Fintype Copy] in theorem ...

Note: This linter can be disabled with `set_option linter.unusedSectionVars false`
warning: Imported/SourceLabelledForest.lean:572:0: automatically included section variable(s) unused in theorem `GProgram.SourceForest.unique_live_genealogy`:
  [Fintype Copy]
  [Fintype V]
  [Fintype E]
  [DecidableEq V]
  [DecidableEq E]
consider restructuring your `variable` declarations so that the variables are not in scope or explicitly omit them:
  omit [Fintype Copy] [Fintype V] [Fintype E] [DecidableEq V] [DecidableEq E] in theorem ...

Note: This linter can be disabled with `set_option linter.unusedSectionVars false`
warning: Imported/SourceLabelledForest.lean:580:0: automatically included section variable(s) unused in theorem `GProgram.SourceForest.source_live_root_is_original`:
  [Fintype Copy]
  [DecidableEq E]
consider restructuring your `variable` declarations so that the variables are not in scope or explicitly omit them:
  omit [Fintype Copy] [DecidableEq E] in theorem ...

Note: This linter can be disabled with `set_option linter.unusedSectionVars false`
warning: Imported/SourceLabelledForest.lean:645:10: This simp argument is unused:
  Fintype.sum_bool

Hint: Omit it from the simp argument list.
  [apply] simp [cylinderFactor, bitWeight, ha, hw]

Note: This linter can be disabled with `set_option linter.unusedSimpArgs false`
info: Imported/SourceLabelledForest.lean:681:0: 'GProgram.SourceForest.pulse_selected_coin_marginal' depends on axioms: [propext, Classical.choice, Quot.sound]
info: Imported/SourceLabelledForest.lean:682:0: 'GProgram.SourceForest.coinCylinderMass_eq_retained_product' depends on axioms: [propext, Classical.choice, Quot.sound]
info: Imported/SourceLabelledForest.lean:683:0: 'GProgram.SourceForest.Genealogy.prune_wellLabelled' depends on axioms: [propext, Classical.choice, Quot.sound]
info: Imported/SourceLabelledForest.lean:684:0: 'GProgram.SourceForest.unique_live_genealogy' depends on axioms: [propext, Classical.choice, Quot.sound]
info: Imported/SourceLabelledForest.lean:685:0: 'GProgram.SourceForest.source_live_root_is_original' depends on axioms: [propext, Classical.choice, Quot.sound]
info: Imported/SourceLabelledForest.lean:686:0: 'GProgram.SourceForest.source_trace_original_copy_budget' depends on axioms: [propext, Classical.choice, Quot.sound]
info: Imported/SourceLabelledForest.lean:687:0: 'GProgram.SourceForest.source_trace_history_prefix' depends on axioms: [propext, Classical.choice, Quot.sound]
info: Imported/SourceLabelledForest.lean:688:0: 'GProgram.SourceForest.Genealogy.prune_leaves' depends on axioms: [propext, Classical.choice, Quot.sound]
info: Imported/SourceLabelledForest.lean:689:0: 'GProgram.SourceForest.selectedBlock_injective_on_visible' depends on axioms: [propext, Classical.choice, Quot.sound]
info: Imported/SourceLabelledForest.lean:690:0: 'GProgram.SourceForest.selectedBlock_merge_survivor' depends on axioms: [propext, Classical.choice, Quot.sound]
info: Imported/SourceLabelledForest.lean:691:0: 'GProgram.SourceForest.prune_merge_survivor' depends on axioms: [propext, Classical.choice, Quot.sound]
info: Imported/SourceLabelledForest.lean:692:0: 'GProgram.SourceForest.source_trace_valid' depends on axioms: [propext, Classical.choice, Quot.sound]
info: Imported/SourceLabelledForest.lean:693:0: 'GProgram.SourceForest.source_trace_register' depends on axioms: [propext, Classical.choice, Quot.sound]
info: Imported/SourceLabelledForest.lean:694:0: 'GProgram.SourceForest.step_history_extends' depends on axioms: [propext, Classical.choice, Quot.sound]
info: Imported/SourceLabelledForest.lean:695:0: 'GProgram.SourceForest.pulseExpectation_one' depends on axioms: [propext, Classical.choice, Quot.sound]
info: Imported/SourceLabelledForest.lean:696:0: 'GProgram.SourceForest.pulseExpectation_nonnegative' depends on axioms: [propext, Classical.choice, Quot.sound]
info: Imported/SourceLabelledForest.lean:697:0: 'GProgram.SourceForest.initial_valid' depends on axioms: [propext, Classical.choice, Quot.sound]
info: Imported/SourceLabelledForest.lean:698:0: 'GProgram.SourceForest.merge_valid' depends on axioms: [propext, Classical.choice, Quot.sound]
info: Imported/SourceLabelledForest.lean:699:0: 'GProgram.SourceForest.merge_population_preserved' depends on axioms: [propext, Classical.choice, Quot.sound]
info: Imported/SourceLabelledForest.lean:700:0: 'GProgram.SourceForest.merge_never_splits' depends on axioms: [propext, Classical.choice, Quot.sound]
info: Imported/SourceLabelledForest.lean:701:0: 'GProgram.SourceForest.merge_live_card' depends on axioms: [propext, Classical.choice, Quot.sound]
info: Imported/SourceLabelledForest.lean:702:0: 'GProgram.SourceForest.enterRoot_retains_original_root' depends on axioms: [propext, Classical.choice, Quot.sound]
info: Imported/SourceLabelledForest.lean:703:0: 'GProgram.SourceForest.pulse_valid' depends on axioms: [propext, Classical.choice, Quot.sound]
info: Imported/SourceLabelledForest.lean:704:0: 'GProgram.SourceForest.pulse_routes_current_ancestor' depends on axioms: [propext, Classical.choice, Quot.sound]
info: Imported/SourceLabelledForest.lean:705:0: 'GProgram.SourceForest.pulse_cannot_split_copies' depends on axioms: [propext, Classical.choice, Quot.sound]
info: Imported/SourceLabelledForest.lean:706:0: 'GProgram.SourceForest.independentWeight_normalized' depends on axioms: [propext, Classical.choice, Quot.sound]
info: Imported/SourceLabelledForest.lean:707:0: 'GProgram.SourceForest.independentWeight_nonnegative' depends on axioms: [propext, Classical.choice, Quot.sound]
⚠ [3523/3550] Replayed G5FairOriginalCoinLaw
warning: Imported/G5FairOriginalCoinLaw.lean:43:18: This simp argument is unused:
  hne

Hint: Omit it from the simp argument list.
  [apply] simp [wanted, hne.symm]

Note: This linter can be disabled with `set_option linter.unusedSimpArgs false`
warning: Imported/G5FairOriginalCoinLaw.lean:69:54: This simp argument is unused:
  hu

Hint: Omit it from the simp argument list.
  [apply] simp [hv]

Note: This linter can be disabled with `set_option linter.unusedSimpArgs false`
warning: Imported/G5FairOriginalCoinLaw.lean:69:57: This simp argument is unused:
  hv

Hint: Omit it from the simp argument list.
  [apply] simp [hu]

Note: This linter can be disabled with `set_option linter.unusedSimpArgs false`
info: Imported/G5FairOriginalCoinLaw.lean:95:0: 'GProgram.G5.OriginalCoinLaw.jointBitMass_eq_quarter' depends on axioms: [propext, Classical.choice, Quot.sound]
info: Imported/G5FairOriginalCoinLaw.lean:96:0: 'GProgram.G5.OriginalCoinLaw.fair_two_site_expectation' depends on axioms: [propext, Classical.choice, Quot.sound]
info: Imported/G5FairOriginalCoinLaw.lean:97:0: 'GProgram.G5.OriginalCoinLaw.fair_source_meeting_weight' depends on axioms: [propext, Classical.choice, Quot.sound]
⚠ [3524/3550] Replayed G5GroupRelabeling
warning: Imported/G5GroupRelabeling.lean:13:0: automatically included section variable(s) unused in theorem `GProgram.G5.QuartetKernel.coupled_reindex_of_injective`:
  [DecidableEq α]
consider restructuring your `variable` declarations so that the variables are not in scope or explicitly omit them:
  omit [DecidableEq α] in theorem ...

Note: This linter can be disabled with `set_option linter.unusedSectionVars false`
info: Imported/G5GroupRelabeling.lean:32:0: 'GProgram.G5.QuartetKernel.coupled_reindex_of_injective' depends on axioms: [propext, Classical.choice, Quot.sound]
info: Imported/G5GroupRelabeling.lean:33:0: 'GProgram.G5.QuartetKernel.coupled_iff_selector_of_injective_owner' depends on axioms: [propext,
 Classical.choice,
 Quot.sound]
⚠ [3525/3550] Replayed G5OriginalCoinPMF
warning: Imported/G5OriginalCoinPMF.lean:19:0: automatically included section variable(s) unused in theorem `GProgram.G5.OriginalCoinLaw.independentWeight_real_nonnegative`:
  [DecidableEq Site]
consider restructuring your `variable` declarations so that the variables are not in scope or explicitly omit them:
  omit [DecidableEq Site] in theorem ...

Note: This linter can be disabled with `set_option linter.unusedSectionVars false`
info: Imported/G5OriginalCoinPMF.lean:82:0: 'GProgram.G5.OriginalCoinLaw.independentWeight_ennreal_normalized' depends on axioms: [propext,
 Classical.choice,
 Quot.sound]
info: Imported/G5OriginalCoinPMF.lean:83:0: 'GProgram.G5.OriginalCoinLaw.independentPMF_event' depends on axioms: [propext, Classical.choice, Quot.sound]
info: Imported/G5OriginalCoinPMF.lean:84:0: 'GProgram.G5.OriginalCoinLaw.fair_source_meeting_probability' depends on axioms: [propext, Classical.choice, Quot.sound]
ℹ [3526/3550] Replayed G5ProtectiveBlock
info: Imported/G5ProtectiveBlock.lean:63:0: 'GProgram.G5.routeFamily_exists' depends on axioms: [propext, Classical.choice, Quot.sound]
info: Imported/G5ProtectiveBlock.lean:64:0: 'GProgram.G5.protective_population_block_eq' depends on axioms: [propext, Classical.choice, Quot.sound]
ℹ [3527/3550] Replayed G5OriginalTipCurrentSupport
info: Imported/G5OriginalTipCurrentSupport.lean:101:0: 'GProgram.G5.ComponentSupport.active_tip_edge_has_root_port_prefix' depends on axioms: [propext,
 Classical.choice,
 Quot.sound]
info: Imported/G5OriginalTipCurrentSupport.lean:102:0: 'GProgram.G5.ComponentSupport.original_tip_support_eq_port' depends on axioms: [propext, Classical.choice, Quot.sound]
info: Imported/G5OriginalTipCurrentSupport.lean:103:0: 'GProgram.G5.ComponentSupport.original_tip_current_support_nonempty_card_le_two' depends on axioms: [propext,
 Classical.choice,
 Quot.sound]
info: Imported/G5OriginalTipCurrentSupport.lean:104:0: 'GProgram.G5.ComponentSupport.original_tip_bridge_support_eq_singleton' depends on axioms: [propext,
 Classical.choice,
 Quot.sound]
ℹ [3528/3550] Replayed G5ParentChoiceCalendar
info: Imported/G5ParentChoiceCalendar.lean:150:0: 'GProgram.G5.ParentCalendar.component_entry_reaches_sameBlob' depends on axioms: [propext, Classical.choice, Quot.sound]
info: Imported/G5ParentChoiceCalendar.lean:151:0: 'GProgram.G5.ParentCalendar.parent_route_prefix_exists' depends on axioms: [propext, Classical.choice, Quot.sound]
info: Imported/G5ParentChoiceCalendar.lean:152:0: 'GProgram.G5.ParentCalendar.parent_route_unique' depends on axioms: [propext, Classical.choice, Quot.sound]
info: Imported/G5ParentChoiceCalendar.lean:153:0: 'GProgram.G5.ParentCalendar.parentPosition_spec' depends on axioms: [propext, Classical.choice, Quot.sound]
info: Imported/G5ParentChoiceCalendar.lean:154:0: 'GProgram.G5.ParentCalendar.active_edge_eq_parentPosition' depends on axioms: [propext, Classical.choice, Quot.sound]
⚠ [3529/3550] Replayed G5ParentPositionPushforward
warning: Imported/G5ParentPositionPushforward.lean:52:0: automatically included section variable(s) unused in theorem `GProgram.G5.ParentCalendar.EdgePath.empty_or_last`:
  [Fintype V]
  [Fintype E]
  [DecidableEq V]
consider restructuring your `variable` declarations so that the variables are not in scope or explicitly omit them:
  omit [Fintype V] [Fintype E] [DecidableEq V] in theorem ...

Note: This linter can be disabled with `set_option linter.unusedSectionVars false`
info: Imported/G5ParentPositionPushforward.lean:129:0: 'GProgram.G5.ParentCalendar.incoming_edge_is_original_parent' depends on axioms: [propext, Classical.choice, Quot.sound]
info: Imported/G5ParentPositionPushforward.lean:130:0: 'GProgram.G5.ParentCalendar.EdgePath.empty_or_last' depends on axioms: [propext, Classical.choice, Quot.sound]
info: Imported/G5ParentPositionPushforward.lean:131:0: 'GProgram.G5.ParentCalendar.activeComponentEdges_eq_parentPosition_image' depends on axioms: [propext,
 Classical.choice,
 Quot.sound]
info: Imported/G5ParentPositionPushforward.lean:132:0: 'GProgram.G5.ParentCalendar.activeRootRouteEdges_eq_parentPosition_image' depends on axioms: [propext,
 Classical.choice,
 Quot.sound]
info: Imported/G5ParentPositionPushforward.lean:133:0: 'GProgram.G5.ParentCalendar.actual_parent_position_fair_meeting_probability' depends on axioms: [propext,
 Classical.choice,
 Quot.sound]
⚠ [3530/3550] Replayed G5SafePastHybridDisjointness
warning: Imported/G5SafePastHybridDisjointness.lean:60:5: Variable name `hcard` is not explicitly referenced.

Hint: The binding can be removed (if unused) or named `_` (if used implicitly). Alternatively, prefix the name with `_` to silence this warning:
  [apply] _hcard

Note: This linter can be disabled with `set_option linter.unusedVariables false`
info: Imported/G5SafePastHybridDisjointness.lean:133:0: 'GProgram.G5.SafePast.protective_sure_exact_block' depends on axioms: [propext, Classical.choice, Quot.sound]
info: Imported/G5SafePastHybridDisjointness.lean:134:0: 'GProgram.G5.SafePast.shared_hybrid_produces_earlier_sure_block' depends on axioms: [propext,
 Classical.choice,
 Quot.sound]
info: Imported/G5SafePastHybridDisjointness.lean:135:0: 'GProgram.G5.SafePast.safeAt_of_no_earlier_sure_block' depends on axioms: [propext, Classical.choice, Quot.sound]
info: Imported/G5SafePastHybridDisjointness.lean:136:0: 'GProgram.G5.SafePast.originalHybridPast_disjoint' depends on axioms: [propext, Classical.choice, Quot.sound]
info: Imported/G5SafePastHybridDisjointness.lean:137:0: 'GProgram.G5.SafePast.originalHybridPast_disjoint_of_no_earlier_sure_block' depends on axioms: [propext,
 Classical.choice,
 Quot.sound]
ℹ [3531/3550] Replayed G5PairOnlySureBlockChronology
info: Imported/G5PairOnlySureBlockChronology.lean:119:0: 'GProgram.G5.SafePast.sureExactBlock_iff_distinct_pair_predicates' depends on axioms: [propext,
 Classical.choice,
 Quot.sound]
info: Imported/G5PairOnlySureBlockChronology.lean:120:0: 'GProgram.G5.SafePast.noSureNontrivialBlock_iff_pair_predicates' depends on axioms: [propext,
 Classical.choice,
 Quot.sound]
info: Imported/G5PairOnlySureBlockChronology.lean:121:0: 'GProgram.G5.SafePast.safeAt_of_no_earlier_pair_sure_block' depends on axioms: [propext, Classical.choice, Quot.sound]
ℹ [3532/3550] Replayed G5SafePastMeetingPermanence
info: Imported/G5SafePastMeetingPermanence.lean:26:0: 'GProgram.G5.NonbridgeRoutes.UpPath.to_edgePath_reverse' depends on axioms: [propext]
info: Imported/G5SafePastMeetingPermanence.lean:135:0: 'GProgram.G5.SafePast.shared_ancestor_not_hybrid' depends on axioms: [propext, Classical.choice, Quot.sound]
info: Imported/G5SafePastMeetingPermanence.lean:136:0: 'GProgram.G5.SafePast.UpPath.active_edges_equal_of_no_processed_hybrid' depends on axioms: [propext,
 Classical.choice,
 Quot.sound]
info: Imported/G5SafePastMeetingPermanence.lean:137:0: 'GProgram.G5.SafePast.coOccupy_persists_to_safe_age' depends on axioms: [propext, Classical.choice, Quot.sound]
info: Imported/G5SafePastMeetingPermanence.lean:138:0: 'GProgram.G5.SafePast.separated_at_safe_age_never_previously_met' depends on axioms: [propext,
 Classical.choice,
 Quot.sound]
ℹ [3533/3550] Replayed G5UnknownRateSupport
info: Imported/G5UnknownRateSupport.lean:61:0: 'GProgram.G5.ExponentialGerm.finite_coefficients_zero_of_right_germ' depends on axioms: [propext,
 Classical.choice,
 Quot.sound]
info: Imported/G5UnknownRateSupport.lean:62:0: 'GProgram.G5.ExponentialGerm.finite_coefficients_eq_of_right_germ' depends on axioms: [propext,
 Classical.choice,
 Quot.sound]
info: Imported/G5UnknownRateSupport.lean:63:0: 'GProgram.G5.ExponentialGerm.finite_constant_mass_eq_of_right_germ' depends on axioms: [propext,
 Classical.choice,
 Quot.sound]
⚠ [3534/3550] Replayed G5OriginalRouteHazard
warning: Imported/G5OriginalRouteHazard.lean:174:48: Used `tac1 <;> tac2` where `(tac1; tac2)` would suffice

Note: This linter can be disabled with `set_option linter.unnecessarySeqFocus false`
info: Imported/G5OriginalRouteHazard.lean:187:0: 'GProgram.G5.RouteHazard.currentPairRate_zero_iff_separated' depends on axioms: [propext, Classical.choice, Quot.sound]
info: Imported/G5OriginalRouteHazard.lean:188:0: 'GProgram.G5.RouteHazard.separated_safe_accumulatedHazard_zero' depends on axioms: [propext,
 Classical.choice,
 Quot.sound]
info: Imported/G5OriginalRouteHazard.lean:189:0: 'GProgram.G5.RouteHazard.separated_safe_routeSurvival_one' depends on axioms: [propext, Classical.choice, Quot.sound]
info: Imported/G5OriginalRouteHazard.lean:190:0: 'GProgram.G5.RouteHazard.positive_endpoint_gap_exists' depends on axioms: [propext, Classical.choice, Quot.sound]
info: Imported/G5OriginalRouteHazard.lean:191:0: 'GProgram.G5.RouteHazard.exposure_add_on_endpoint_gap' depends on axioms: [propext, Classical.choice, Quot.sound]
info: Imported/G5OriginalRouteHazard.lean:192:0: 'GProgram.G5.RouteHazard.accumulatedHazard_add_on_endpoint_gap' depends on axioms: [propext,
 Classical.choice,
 Quot.sound]
info: Imported/G5OriginalRouteHazard.lean:193:0: 'GProgram.G5.RouteHazard.routeSurvival_add_on_endpoint_gap' depends on axioms: [propext, Classical.choice, Quot.sound]
ℹ [3535/3550] Replayed G7OriginalCensus
info: Imported/G7OriginalCensus.lean:135:0: 'GProgram.G7.sum_inDegree' depends on axioms: [propext, Classical.choice, Quot.sound]
info: Imported/G7OriginalCensus.lean:136:0: 'GProgram.G7.sum_outDegree' depends on axioms: [propext, Classical.choice, Quot.sound]
info: Imported/G7OriginalCensus.lean:137:0: 'GProgram.G7.original_census' depends on axioms: [propext, Classical.choice, Quot.sound]
ℹ [3536/3550] Replayed GraphBlobs
info: Imported/GraphBlobs.lean:100:0: 'Nanuq.Source.EdgeGraph.quotient_reach_lifts_without' depends on axioms: [propext]
info: Imported/GraphBlobs.lean:101:0: 'Nanuq.Source.EdgeGraph.quotient_edge_is_bridge' depends on axioms: [propext]
info: Imported/GraphBlobs.lean:102:0: 'Nanuq.Source.RootedBinary.blob_quotient_is_tree' depends on axioms: [propext, Classical.choice, Quot.sound]
⚠ [3537/3550] Replayed GraphSwitching
warning: Imported/GraphSwitching.lean:135:2: Try this: 
  haveI̵

The goal is a proposition, so `have` is preferred over `haveI`.
The difference between `have` and `haveI` is that `haveI` inlines the value.
But this is not relevant for proofs because of proof irrelevance.

Note: This linter can be disabled with `set_option linter.style.haveILetI false`
warning: Imported/GraphSwitching.lean:136:2: Try this: 
  haveI̵

The goal is a proposition, so `have` is preferred over `haveI`.
The difference between `have` and `haveI` is that `haveI` inlines the value.
But this is not relevant for proofs because of proof irrelevance.

Note: This linter can be disabled with `set_option linter.style.haveILetI false`
info: Imported/GraphSwitching.lean:160:0: 'Nanuq.Source.EdgeGraph.uniqueIncoming_all_bridges' does not depend on any axioms
info: Imported/GraphSwitching.lean:161:0: 'Nanuq.Source.RootedBinary.Switching.selected_rooted' depends on axioms: [propext, Classical.choice, Quot.sound]
info: Imported/GraphSwitching.lean:162:0: 'Nanuq.Source.RootedBinary.Switching.selected_is_tree' depends on axioms: [propext, Classical.choice, Quot.sound]
⚠ [3538/3550] Replayed KingmanFiniteClockTail
warning: Imported/KingmanFiniteClockTail.lean:46:21: Used `tac1 <;> tac2` where `(tac1; tac2)` would suffice

Note: This linter can be disabled with `set_option linter.unnecessarySeqFocus false`
warning: Imported/KingmanFiniteClockTail.lean:63:2: Try this: 
  letI̵

The goal is a proposition, so `let` is preferred over `letI`.
The difference between `let` and `letI` is that `letI` inlines the value.
But this is not relevant for proofs because of proof irrelevance.

Note: This linter can be disabled with `set_option linter.style.haveILetI false`
info: Imported/KingmanFiniteClockTail.lean:103:0: 'GProgram.Kingman.FiniteClockTail.uniform_markov_tail' depends on axioms: [propext, Classical.choice, Quot.sound]
info: Imported/KingmanFiniteClockTail.lean:104:0: 'GProgram.Kingman.FiniteClockTail.reciprocalSum_exact' depends on axioms: [propext, Classical.choice, Quot.sound]
info: Imported/KingmanFiniteClockTail.lean:105:0: 'GProgram.Kingman.FiniteClockTail.finite_clock_mean' depends on axioms: [propext, Classical.choice, Quot.sound]
⚠ [3540/3550] Replayed KingmanFiniteChernoff
warning: Imported/KingmanFiniteChernoff.lean:44:58: Used `tac1 <;> tac2` where `(tac1; tac2)` would suffice

Note: This linter can be disabled with `set_option linter.unnecessarySeqFocus false`
warning: Imported/KingmanFiniteChernoff.lean:56:2: Try this: 
  letI̵

The goal is a proposition, so `let` is preferred over `letI`.
The difference between `let` and `letI` is that `letI` inlines the value.
But this is not relevant for proofs because of proof irrelevance.

Note: This linter can be disabled with `set_option linter.style.haveILetI false`
warning: Imported/KingmanFiniteChernoff.lean:67:2: Try this: 
  letI̵

The goal is a proposition, so `let` is preferred over `letI`.
The difference between `let` and `letI` is that `letI` inlines the value.
But this is not relevant for proofs because of proof irrelevance.

Note: This linter can be disabled with `set_option linter.style.haveILetI false`
warning: Imported/KingmanFiniteChernoff.lean:108:24: Used `tac1 <;> tac2` where `(tac1; tac2)` would suffice

Note: This linter can be disabled with `set_option linter.unnecessarySeqFocus false`
warning: Imported/KingmanFiniteChernoff.lean:123:15: `Set.mem_setOf_eq` has been deprecated: Use `Set.mem_ofPred_eq` instead
info: Imported/KingmanFiniteChernoff.lean:136:0: 'GProgram.Kingman.FiniteChernoff.finite_mgf_exact' depends on axioms: [propext, Classical.choice, Quot.sound]
info: Imported/KingmanFiniteChernoff.lean:137:0: 'GProgram.Kingman.FiniteChernoff.product_bound' depends on axioms: [propext, Classical.choice, Quot.sound]
info: Imported/KingmanFiniteChernoff.lean:138:0: 'GProgram.Kingman.FiniteChernoff.uniform_chernoff_tail' depends on axioms: [propext, Classical.choice, Quot.sound]
ℹ [3541/3550] Replayed RawSourceAnchorLocalization
info: Imported/RawSourceAnchorLocalization.lean:121:0: 'Nanuq.Source.RootedBinary.Switching.original_bridge_retained' depends on axioms: [propext,
 Classical.choice,
 Quot.sound]
info: Imported/RawSourceAnchorLocalization.lean:122:0: 'Nanuq.Source.RootedBinary.Switching.original_bridge_source_side_iff' depends on axioms: [propext,
 Classical.choice,
 Quot.sound]
info: Imported/RawSourceAnchorLocalization.lean:123:0: 'Nanuq.Source.RootedBinary.Switching.original_bridge_target_side_iff' depends on axioms: [propext,
 Classical.choice,
 Quot.sound]
info: Imported/RawSourceAnchorLocalization.lean:124:0: 'Nanuq.Source.RootedBinary.Switching.raw_component_port_taxon_localization' depends on axioms: [propext,
 Classical.choice,
 Quot.sound]
info: Imported/RawSourceAnchorLocalization.lean:125:0: 'Nanuq.Source.RootedBinary.Switching.original_bridge_taxon_descendant_iff' depends on axioms: [propext,
 Classical.choice,
 Quot.sound]
info: Imported/RawSourceAnchorLocalization.lean:126:0: 'Nanuq.Source.RootedBinary.Switching.original_bridge_taxon_fibers' depends on axioms: [propext,
 Classical.choice,
 Quot.sound]
ℹ [3542/3550] Replayed RepresentationTransport
info: Imported/RepresentationTransport.lean:88:0: 'RepresentationPilot.recoding_preserves_collision' does not depend on any axioms
info: Imported/RepresentationTransport.lean:89:0: 'RepresentationPilot.target_fiber_constancy_iff_of_decoder' does not depend on any axioms
info: Imported/RepresentationTransport.lean:90:0: 'RepresentationPilot.incidence_injective' depends on axioms: [propext, Classical.choice, Quot.sound]
info: Imported/RepresentationTransport.lean:91:0: 'RepresentationPilot.joint_incidence_injective' depends on axioms: [propext, Classical.choice, Quot.sound]
info: Imported/RepresentationTransport.lean:92:0: 'RepresentationPilot.full_haar_leftInverse' depends on axioms: [propext, Classical.choice, Quot.sound]
info: Imported/RepresentationTransport.lean:93:0: 'RepresentationPilot.full_haar_injective' depends on axioms: [propext, Classical.choice, Quot.sound]
info: Imported/RepresentationTransport.lean:94:0: 'RepresentationPilot.dropping_detail_collides' depends on axioms: [propext, Classical.choice, Quot.sound]
⚠ [3543/3550] Replayed SourceForestKingmanProjection
warning: Imported/SourceForestKingmanProjection.lean:31:0: automatically included section variable(s) unused in theorem `GProgram.SourceForestKingmanProjection.image_offDiag_eq`:
  [DecidableEq α]
consider restructuring your `variable` declarations so that the variables are not in scope or explicitly omit them:
  omit [DecidableEq α] in theorem ...

Note: This linter can be disabled with `set_option linter.unusedSectionVars false`
warning: Imported/SourceForestKingmanProjection.lean:57:0: automatically included section variable(s) unused in theorem `GProgram.SourceForestKingmanProjection.pairMap_injective_on_offDiag`:
  [DecidableEq α]
  [DecidableEq β]
consider restructuring your `variable` declarations so that the variables are not in scope or explicitly omit them:
  omit [DecidableEq α] [DecidableEq β] in theorem ...

Note: This linter can be disabled with `set_option linter.unusedSectionVars false`
info: Imported/SourceForestKingmanProjection.lean:160:0: 'GProgram.SourceForestKingmanProjection.source_visible_pair_unique_preimage' depends on axioms: [propext,
 Classical.choice,
 Quot.sound]
info: Imported/SourceForestKingmanProjection.lean:161:0: 'GProgram.SourceForestKingmanProjection.actual_source_visible_generator_identity' depends on axioms: [propext,
 Classical.choice,
 Quot.sound]
⚠ [3544/3550] Replayed SourceForestKingmanPopulationProjection
warning: Imported/SourceForestKingmanPopulationProjection.lean:27:0: automatically included section variable(s) unused in theorem `GProgram.SourceForestKingmanPopulationProjection.populationRoots_subset_live`:
  [Fintype V]
  [Fintype E]
  [Fintype Copy]
consider restructuring your `variable` declarations so that the variables are not in scope or explicitly omit them:
  omit [Fintype V] [Fintype E] [Fintype Copy] in theorem ...

Note: This linter can be disabled with `set_option linter.unusedSectionVars false`
warning: Imported/SourceForestKingmanPopulationProjection.lean:32:0: automatically included section variable(s) unused in theorem `GProgram.SourceForestKingmanPopulationProjection.population_pair_is_source_legal`:
  [Fintype V]
  [Fintype E]
  [Fintype Copy]
consider restructuring your `variable` declarations so that the variables are not in scope or explicitly omit them:
  omit [Fintype V] [Fintype E] [Fintype Copy] in theorem ...

Note: This linter can be disabled with `set_option linter.unusedSectionVars false`
info: Imported/SourceForestKingmanPopulationProjection.lean:103:0: 'GProgram.SourceForestKingmanPopulationProjection.edge_projected_pair_has_unique_legal_preimage' depends on axioms: [propext,
 Classical.choice,
 Quot.sound]
info: Imported/SourceForestKingmanPopulationProjection.lean:104:0: 'GProgram.SourceForestKingmanPopulationProjection.root_projected_pair_has_unique_legal_preimage' depends on axioms: [propext,
 Classical.choice,
 Quot.sound]
info: Imported/SourceForestKingmanPopulationProjection.lean:105:0: 'GProgram.SourceForestKingmanPopulationProjection.actual_population_visible_generator_identity' depends on axioms: [propext,
 Classical.choice,
 Quot.sound]
ℹ [3545/3550] Replayed VerifiedAlgebraComponents
info: Imported/VerifiedAlgebraComponents.lean:8:0: GProgram.G4.balanced_residual_identity (x y : ℝ) :
  640 * (x + y) * (GProgram.G4.bigonBalanced4 x y - GProgram.G4.ordinaryBalanced4 (GProgram.G4.bigonNoMerger2 x y)) +
      (x + y - 2) ^ 4 =
    256 / 3 * (x + y) * (GProgram.G4.bigonNoMerger4 x y - GProgram.G4.bigonNoMerger2 x y ^ 6) -
      (832 / 3 * (x + y) + 128) * (GProgram.G4.bigonNoMerger3 x y - GProgram.G4.bigonNoMerger2 x y ^ 3)
info: Imported/VerifiedAlgebraComponents.lean:9:0: GProgram.G4.balanced_coordinate_separates_cap4 {x y : ℝ} (hx1 : x < 1) (hy1 : y < 1) :
  ¬(GProgram.G4.bigonNoMerger3 x y = GProgram.G4.bigonNoMerger2 x y ^ 3 ∧
      GProgram.G4.bigonNoMerger4 x y = GProgram.G4.bigonNoMerger2 x y ^ 6 ∧
        GProgram.G4.bigonBalanced4 x y = GProgram.G4.ordinaryBalanced4 (GProgram.G4.bigonNoMerger2 x y))
info: Imported/VerifiedAlgebraComponents.lean:10:0: GProgram.G4.FourRoot.exact_defect_factorization (u x y : ℝ) :
  GProgram.G4.FourRoot.defect3 u x y + 5 * GProgram.G4.FourRoot.delta u x y =
    -u * (1 - u) * (GProgram.G4.FourRoot.A u x - GProgram.G4.FourRoot.B u y) ^ 2 *
      ((1 + u) * GProgram.G4.FourRoot.A u x + (2 - u) * GProgram.G4.FourRoot.B u y)
info: Imported/VerifiedAlgebraComponents.lean:11:0: GProgram.G4.FourRoot.zero_delta_forces_negative_defect3 {u x y : ℝ} (hu : 0 < u) (hu1 : u < 1) (hx1 : x < 1)
  (hy1 : y < 1) (hd : GProgram.G4.FourRoot.delta u x y = 0) : GProgram.G4.FourRoot.defect3 u x y < 0
info: Imported/VerifiedAlgebraComponents.lean:12:0: GProgram.G4.FourRoot.no_common_moment_signature {u x y : ℝ} (hu : 0 < u) (hu1 : u < 1) (hx1 : x < 1) (hy1 : y < 1) :
  ¬(GProgram.G4.FourRoot.delta u x y = 0 ∧ 0 ≤ GProgram.G4.FourRoot.defect3 u x y)
info: Imported/VerifiedAlgebraComponents.lean:13:0: GProgram.G4.FourRoot.rational_cap3_scalar_witness :
  GProgram.G4.FourRoot.s2 (1 / 2) (37 / 42) (5 / 6) = 13 / 14 ∧
    GProgram.G4.FourRoot.s3 (1 / 2) (37 / 42) (5 / 6) = (13 / 14) ^ 3
info: Imported/VerifiedAlgebraComponents.lean:14:0: GProgram.G3.MomentBarrier.exact_double_sum {n : ℕ} (p : Fin n → ℝ) :
  ∑ i, ∑ j, p i * p j * (p i - p j) ^ 2 = 2 * ((∑ i, p i) * ∑ i, p i ^ 3 - (∑ i, p i ^ 2) ^ 2)
info: Imported/VerifiedAlgebraComponents.lean:15:0: GProgram.G3.MomentBarrier.finite_moment_inequality {n : ℕ} (p : Fin n → ℝ) (hp : ∀ (i : Fin n), 0 ≤ p i) :
  (∑ i, p i ^ 2) ^ 2 ≤ (∑ i, p i) * ∑ i, p i ^ 3
info: Imported/VerifiedAlgebraComponents.lean:16:0: GProgram.G3.MomentBarrier.coupled_barrier_minimal {P Q T U d B0 B1 g K C : ℝ} (hP : 0 ≤ P) (hT : 0 ≤ T) (hd : 0 < d)
  (hB1 : 0 ≤ B1) (hPQ : d * P ≤ B0 * Q) (hTP : g * T ≤ B1 * P ^ 2) (hQT : Q ^ 2 ≤ U * T) (hUC : U ≤ K * C)
  (hgap : B1 * B0 ^ 2 * K * C < d ^ 2 * g) : T = 0 ∧ P = 0
info: Imported/VerifiedAlgebraComponents.lean:17:0: GProgram.G3.MomentBarrier.coupled_barrier {P Q T U d B0 B1 g K C : ℝ} (hP : 0 ≤ P) (hQ : 0 ≤ Q) (hT : 0 ≤ T)
  (hU : 0 ≤ U) (hd : 0 < d) (hB0 : 0 < B0) (hB1 : 0 < B1) (hg : 0 < g) (hK : 0 < K) (hC : 0 < C) (hPQ : d * P ≤ B0 * Q)
  (hTP : g * T ≤ B1 * P ^ 2) (hQT : Q ^ 2 ≤ U * T) (hUC : U ≤ K * C) (hgap : B1 * B0 ^ 2 * K * C < d ^ 2 * g) :
  T = 0 ∧ P = 0
info: Imported/VerifiedAlgebraComponents.lean:18:0: 'GProgram.G4.balanced_coordinate_separates_cap4' depends on axioms: [propext, Classical.choice, Quot.sound]
info: Imported/VerifiedAlgebraComponents.lean:19:0: 'GProgram.G4.FourRoot.zero_delta_forces_negative_defect3' depends on axioms: [propext, Classical.choice, Quot.sound]
info: Imported/VerifiedAlgebraComponents.lean:20:0: 'GProgram.G3.MomentBarrier.coupled_barrier_minimal' depends on axioms: [propext, Classical.choice, Quot.sound]
info: Imported/VerifiedAlgebraComponents.lean:22:0: GProgram.G3.CapSix.LU_eq_J0 {r : ℝ} (hr : 0 < r) :
  GProgram.G3.CapSix.L r * GProgram.G3.CapSix.U r = GProgram.G3.CapSix.J0 r
info: Imported/VerifiedAlgebraComponents.lean:23:0: GProgram.G3.CapSix.exact_determinant {r : ℝ} (hr : 0 < r) :
  (GProgram.G3.CapSix.J0 r).det = GProgram.G3.CapSix.determinantFactor r
info: Imported/VerifiedAlgebraComponents.lean:24:0: GProgram.G3.CapSix.J0_nonsingular {r : ℝ} (hr : 0 < r) (hr1 : r < 1) : (GProgram.G3.CapSix.J0 r).det ≠ 0
info: Imported/VerifiedAlgebraComponents.lean:25:0: GProgram.G3.CapSix.scaled_determinant (r w : ℝ) (hr : 0 < r) :
  (GProgram.G3.CapSix.J r w).det = w / 2 * GProgram.G3.CapSix.determinantFactor r
info: Imported/VerifiedAlgebraComponents.lean:26:0: GProgram.G3.CapSix.scaled_J_nonsingular {r w : ℝ} (hr : 0 < r) (hr1 : r < 1) (hw : 0 < w) :
  (GProgram.G3.CapSix.J r w).det ≠ 0
info: Imported/VerifiedAlgebraComponents.lean:27:0: 'GProgram.G3.CapSix.scaled_J_nonsingular' depends on axioms: [propext, Classical.choice, Quot.sound]
ℹ [3546/3550] Replayed VerifiedAllRootComponents
info: Imported/VerifiedAllRootComponents.lean:4:0: GProgram.G4.PairClocks.livePair_card (n : ℕ) : Fintype.card (GProgram.G4.PairClocks.LivePair n) = n.choose 2
info: Imported/VerifiedAllRootComponents.lean:5:0: GProgram.G4.PairClocks.noFirstMergeEvent_iff {n : ℕ} {duration : ℝ} (clock : GProgram.G4.PairClocks.LivePair n → ℝ) :
  clock ∈ GProgram.G4.PairClocks.noFirstMergeEvent n duration ↔
    ∀ (pair : GProgram.G4.PairClocks.LivePair n), duration < clock pair
info: Imported/VerifiedAllRootComponents.lean:6:0: GProgram.G4.PairClocks.all_root_no_first_merge {duration : ℝ} (n : ℕ) (ht : 0 ≤ duration) :
  ((GProgram.G4.PairClocks.pairClockMeasure n) (GProgram.G4.PairClocks.noFirstMergeEvent n duration)).toReal =
    Real.exp (-duration) ^ n.choose 2
info: Imported/VerifiedAllRootComponents.lean:7:0: GProgram.G4.PairClocks.product_clock_eq_holding_model {duration : ℝ} (n : ℕ) (ht : 0 ≤ duration) :
  ((GProgram.G4.PairClocks.pairClockMeasure n) (GProgram.G4.PairClocks.noFirstMergeEvent n duration)).toReal =
    GProgram.G4.IndependentRouting.firstHoldingKernel n duration
info: Imported/VerifiedAllRootComponents.lean:8:0: GProgram.G4.PairClocks.private_arms_no_first_merge {t0 t1 : ℝ} (k0 k1 : ℕ) (ht0 : 0 ≤ t0) (ht1 : 0 ≤ t1) :
  (((GProgram.G4.PairClocks.pairClockMeasure k0).prod (GProgram.G4.PairClocks.pairClockMeasure k1))
        (GProgram.G4.PairClocks.noFirstMergeEvent k0 t0 ×ˢ GProgram.G4.PairClocks.noFirstMergeEvent k1 t1)).toReal =
    GProgram.G4.IndependentRouting.firstHoldingKernel k0 t0 * GProgram.G4.IndependentRouting.firstHoldingKernel k1 t1
info: Imported/VerifiedAllRootComponents.lean:9:0: GProgram.G4.BinomialCompression.all_root_binomial_sum (n : ℕ) (u : ℝ) (a b : ℕ → ℝ) :
  GProgram.G4.IndependentRouting.privateNoMerger n u a b =
    ∑ k ∈ Finset.range (n + 1), ↑(n.choose k) * u ^ k * (1 - u) ^ (n - k) * a k * b (n - k)
info: Imported/VerifiedAllRootComponents.lean:10:0: GProgram.G4.BinomialCompression.original_all_root_binomial_sum.{u_1, u_2, u_3} {V : Type u_1} {E : Type u_2}
  {X : Type u_3} [Fintype V] [Fintype E] [Fintype X] [DecidableEq V] [DecidableEq E]
  {N : Nanuq.Source.RootedBinary V E X} (H : GProgram.G2.OriginalHybridParents N) (n : ℕ) (u : ℝ) (a b : ℕ → ℝ) :
  GProgram.G4.IndependentRouting.actualPrivateNoMerger H n u a b =
    ∑ k ∈ Finset.range (n + 1), ↑(n.choose k) * u ^ k * (1 - u) ^ (n - k) * a k * b (n - k)
info: Imported/VerifiedAllRootComponents.lean:11:0: GProgram.G4.BinomialCompression.original_all_root_exponential_coefficients.{u_1, u_2, u_3} {V : Type u_1} {E : Type u_2}
  {X : Type u_3} [Fintype V] [Fintype E] [Fintype X] [DecidableEq V] [DecidableEq E]
  {N : Nanuq.Source.RootedBinary V E X} (H : GProgram.G2.OriginalHybridParents N) (n : ℕ) (u t0 t1 : ℝ) (ht0 : 0 ≤ t0)
  (ht1 : 0 ≤ t1) :
  (GProgram.G4.IndependentRouting.actualPrivateNoMerger H n u
      (fun k => GProgram.G4.IndependentRouting.firstHoldingKernel k t0) fun k =>
      GProgram.G4.IndependentRouting.firstHoldingKernel k t1) =
    ∑ k ∈ Finset.range (n + 1),
      ↑(n.choose k) * u ^ k * (1 - u) ^ (n - k) * Real.exp (-t0) ^ k.choose 2 * Real.exp (-t1) ^ (n - k).choose 2
info: Imported/VerifiedAllRootComponents.lean:12:0: 'GProgram.G4.PairClocks.private_arms_no_first_merge' depends on axioms: [propext, Classical.choice, Quot.sound]
info: Imported/VerifiedAllRootComponents.lean:13:0: 'GProgram.G4.BinomialCompression.original_all_root_exponential_coefficients' depends on axioms: [propext,
 Classical.choice,
 Quot.sound]
ℹ [3547/3550] Replayed VerifiedBridgeEntry
info: Imported/VerifiedBridgeEntry.lean:3:0: GProgram.G6.BridgeEntry.bridge_incoming_unique.{u_1, u_2} {V : Type u_1} {E : Type u_2} (G : Nanuq.Source.EdgeGraph V E)
  (root : V) (ha : G.Acyclic) (hr : ∀ (v : V), G.DReach root v) {e : E} (he : G.IsBridge e) {f : E}
  (hf : G.target f = G.target e) : f = e
info: Imported/VerifiedBridgeEntry.lean:4:0: GProgram.G6.BridgeEntry.bridge_target_indegree_one.{u_1, u_2} {V : Type u_1} {E : Type u_2}
  (G : Nanuq.Source.EdgeGraph V E) (root : V) [Fintype E] [DecidableEq V] (ha : G.Acyclic)
  (hr : ∀ (v : V), G.DReach root v) {e : E} (he : G.IsBridge e) : G.inDegree (G.target e) = 1
info: Imported/VerifiedBridgeEntry.lean:5:0: GProgram.G6.BridgeEntry.two_incoming_occurrences_not_bridge.{u_1, u_2} {V : Type u_1} {E : Type u_2}
  (G : Nanuq.Source.EdgeGraph V E) (root : V) (ha : G.Acyclic) (hr : ∀ (v : V), G.DReach root v) {e f : E} (hne : f ≠ e)
  (hf : G.target f = G.target e) : ¬G.IsBridge e
info: Imported/VerifiedBridgeEntry.lean:6:0: GProgram.G6.BridgeEntry.bridge_targets_injective.{u_1, u_2} {V : Type u_1} {E : Type u_2}
  (G : Nanuq.Source.EdgeGraph V E) (root : V) (ha : G.Acyclic) (hr : ∀ (v : V), G.DReach root v) :
  Function.Injective fun e => G.target ↑e
info: Imported/VerifiedBridgeEntry.lean:7:0: GProgram.G6.BridgeEntry.original_bridge_target_not_hybrid.{u_1, u_2, u_3} {V : Type u_1} {E : Type u_2} {X : Type u_3}
  [Fintype V] [Fintype E] [Fintype X] [DecidableEq V] (N : Nanuq.Source.RootedBinary V E X) {e : E}
  (he : N.graph.IsBridge e) : ¬N.graph.IsHybrid (N.graph.target e)
info: Imported/VerifiedBridgeEntry.lean:8:0: GProgram.G6.BridgeEntry.original_hybrid_parents_nonbridge.{u_1, u_2, u_3} {V : Type u_1} {E : Type u_2} {X : Type u_3}
  [Fintype V] [Fintype E] [Fintype X] [DecidableEq V] {N : Nanuq.Source.RootedBinary V E X}
  (H : GProgram.G2.OriginalHybridParents N) : ¬N.graph.IsBridge H.parent0 ∧ ¬N.graph.IsBridge H.parent1
info: Imported/VerifiedBridgeEntry.lean:9:0: 'GProgram.G6.BridgeEntry.bridge_targets_injective' depends on axioms: [propext, Classical.choice, Quot.sound]
info: Imported/VerifiedBridgeEntry.lean:10:0: 'GProgram.G6.BridgeEntry.original_hybrid_parents_nonbridge' depends on axioms: [propext, Classical.choice, Quot.sound]
ℹ [3548/3550] Replayed VerifiedClockTailComponents
info: Imported/VerifiedClockTailComponents.lean:4:0: GProgram.Kingman.ClockMoments.exponential_first_moment {r : ℝ} (hr : 0 < r) :
  ∫⁻ (x : ℝ), ENNReal.ofReal x ∂ProbabilityTheory.expMeasure r = ENNReal.ofReal (1 / r)
info: Imported/VerifiedClockTailComponents.lean:5:0: GProgram.Kingman.ClockMoments.exponential_transform {r θ : ℝ} (hr : 0 < r) (hθ : θ < r) :
  ∫⁻ (x : ℝ), ENNReal.ofReal (Real.exp (θ * x)) ∂ProbabilityTheory.expMeasure r = ENNReal.ofReal (r / (r - θ))
info: Imported/VerifiedClockTailComponents.lean:6:0: GProgram.Kingman.FiniteClockTail.holdingRate_positive {M q : ℕ} (hM : 0 < M) (i : Fin q) :
  0 < GProgram.Kingman.FiniteClockTail.holdingRate M i
info: Imported/VerifiedClockTailComponents.lean:7:0: GProgram.Kingman.FiniteClockTail.reciprocalSum_exact {M : ℕ} (hM : 0 < M) (q : ℕ) :
  GProgram.Kingman.FiniteClockTail.reciprocalSum M q = 2 / ↑M - 2 / (↑M + ↑q)
info: Imported/VerifiedClockTailComponents.lean:8:0: GProgram.Kingman.FiniteClockTail.finite_clock_mean {M : ℕ} (hM : 0 < M) (q : ℕ) :
  ∫⁻ (ω : Fin q → ℝ), GProgram.Kingman.FiniteClockTail.hitClock q ω ∂GProgram.Kingman.FiniteClockTail.clocks M q =
    ENNReal.ofReal (GProgram.Kingman.FiniteClockTail.reciprocalSum M q)
info: Imported/VerifiedClockTailComponents.lean:9:0: GProgram.Kingman.FiniteClockTail.uniform_markov_tail {M : ℕ} (hM : 0 < M) (q : ℕ) {t : ℝ} (ht : 0 < t) :
  ((GProgram.Kingman.FiniteClockTail.clocks M q)
        {ω | ENNReal.ofReal t ≤ GProgram.Kingman.FiniteClockTail.hitClock q ω}).toReal ≤
    2 / (↑M * t)
info: Imported/VerifiedClockTailComponents.lean:10:0: 'GProgram.Kingman.ClockMoments.exponential_transform' depends on axioms: [propext, Classical.choice, Quot.sound]
info: Imported/VerifiedClockTailComponents.lean:11:0: 'GProgram.Kingman.FiniteClockTail.uniform_markov_tail' depends on axioms: [propext, Classical.choice, Quot.sound]
ℹ [3550/3555] Built VerifiedComponents (2.2s)
info: Imported/VerifiedComponents.lean:16:0: GProgram.G1.pairSurvival_eq_exp {rate duration : ℝ} (hr : 0 < rate) (ht : 0 ≤ duration) :
  GProgram.G1.pairSurvival rate duration = Real.exp (-(rate * duration))
info: Imported/VerifiedComponents.lean:17:0: GProgram.G1.shared_register_exact_counterexample :
  GProgram.G1.marginalForestKernel (1 / 2) (Real.log 2) (Real.log 4) true = 3 / 8 ∧
    GProgram.G1.retainedRegisterJoint (1 / 2) (Real.log 2) (Real.log 4) false true = 1 / 4 ∧
      GProgram.G1.freshMarginalJoint (1 / 2) (Real.log 2) (Real.log 4) false true = 3 / 16
info: Imported/VerifiedComponents.lean:18:0: GProgram.G1.exposed_event_preserved_iff_equal_conditionals {p x0 x1 : ℝ} (hp : 0 < p) (hp1 : p < 1) :
  p * x0 = p * (p * x0 + (1 - p) * x1) ↔ x0 = x1
info: Imported/VerifiedComponents.lean:19:0: GProgram.G2.coalesced_copies_cannot_split.{u_1, u_2, u_3, u_4, u_5} {V : Type u_1} {E : Type u_2} {X : Type u_3}
  {Copy : Type u_4} {L : Type u_5} [Fintype V] [Fintype E] [Fintype X] [DecidableEq V]
  {N : Nanuq.Source.RootedBinary V E X} (H : GProgram.G2.OriginalHybridParents N)
  (state : GProgram.G2.LiveAncestry Copy L) (coin : L → Bool) {x y : Copy} (hxy : state.ancestor x = state.ancestor y) :
  GProgram.G2.routedParent H state coin x = GProgram.G2.routedParent H state coin y
info: Imported/VerifiedComponents.lean:20:0: GProgram.G2.routed_parent_eq_iff_live_coin_eq.{u_1, u_2, u_3, u_4, u_5} {V : Type u_1} {E : Type u_2} {X : Type u_3}
  {Copy : Type u_4} {L : Type u_5} [Fintype V] [Fintype E] [Fintype X] [DecidableEq V]
  {N : Nanuq.Source.RootedBinary V E X} (H : GProgram.G2.OriginalHybridParents N)
  (state : GProgram.G2.LiveAncestry Copy L) (coin : L → Bool) (x y : Copy) :
  GProgram.G2.routedParent H state coin x = GProgram.G2.routedParent H state coin y ↔
    coin (state.ancestor x) = coin (state.ancestor y)
info: Imported/VerifiedComponents.lean:21:0: GProgram.G5.protective_population_block_eq.{u_1, u_2, u_3} {V : Type u_1} {E : Type u_2} {X : Type u_3} [Fintype V]
  [Fintype E] [Fintype X] [DecidableEq V] (N : Nanuq.Source.RootedBinary V E X) (R : GProgram.G5.RouteFamily N)
  (B : Finset X) (C : GProgram.G5.Calendar N.graph) {h : V} (hh : N.graph.IsHybrid h) {e : E}
  (hs : N.graph.source e = h) (he : N.graph.IsBridge e) {t : ℝ} (ht : C.age (N.graph.target e) ≤ t ∧ t < C.age h) :
  GProgram.G5.selectedPopulationBlock N R B C t e = GProgram.G5.selectedDescendants N B h
info: Imported/VerifiedComponents.lean:22:0: GProgram.G5.Minimal.bridge_component_iff_descendant.{u_1, u_2} {V : Type u_1} {E : Type u_2}
  (G : Nanuq.Source.EdgeGraph V E) (root : V) (ha : G.Acyclic) (hr : ∀ (v : V), G.DReach root v) {e : E}
  (he : G.IsBridge e) (v : V) : G.ReachWithout e (G.target e) v ↔ G.DReach (G.target e) v
info: Imported/VerifiedComponents.lean:23:0: GProgram.G5.CutChildTest.actual_protective_route_failure :
  GProgram.G5.CutChildTest.graph.DReach 3 (GProgram.G5.CutChildTest.leaf 1) ∧
    GProgram.G5.CutChildTest.calendar.age (GProgram.G5.CutChildTest.graph.target 6) ≤ 13 / 2 ∧
      13 / 2 < GProgram.G5.CutChildTest.calendar.age 3 ∧
        GProgram.G5.EdgePath GProgram.G5.CutChildTest.graph 0 (GProgram.G5.CutChildTest.leaf 1) [1, 5, 9] ∧
          6 ∉ [1, 5, 9] ∧ GProgram.G5.CutChildTest.calendar.Active (13 / 2) 5
info: Imported/VerifiedComponents.lean:24:0: GProgram.G7.original_census.{u_1, u_2, u_3} {V : Type u_1} {E : Type u_2} {X : Type u_3} [Fintype V] [Fintype E]
  [Fintype X] [DecidableEq V] (N : Nanuq.Source.RootedBinary V E X) :
  Fintype.card V + 1 = 2 * Fintype.card X + 2 * GProgram.G7.hybridCount N ∧
    Fintype.card E + 2 = 2 * Fintype.card X + 3 * GProgram.G7.hybridCount N
info: Imported/VerifiedComponents.lean:26:0: 'GProgram.G1.shared_register_exact_counterexample' depends on axioms: [propext, Classical.choice, Quot.sound]
info: Imported/VerifiedComponents.lean:27:0: 'GProgram.G2.coalesced_copies_cannot_split' depends on axioms: [propext, Classical.choice, Quot.sound]
info: Imported/VerifiedComponents.lean:28:0: 'GProgram.G5.protective_population_block_eq' depends on axioms: [propext, Classical.choice, Quot.sound]
info: Imported/VerifiedComponents.lean:29:0: 'GProgram.G5.Minimal.bridge_component_iff_descendant' depends on axioms: [propext, Classical.choice, Quot.sound]
info: Imported/VerifiedComponents.lean:30:0: 'GProgram.G5.CutChildTest.actual_protective_route_failure' depends on axioms: [propext, Classical.choice, Quot.sound]
info: Imported/VerifiedComponents.lean:31:0: 'GProgram.G7.original_census' depends on axioms: [propext, Classical.choice, Quot.sound]
ℹ [3551/3555] Replayed VerifiedRoutingBridge
info: Imported/VerifiedRoutingBridge.lean:3:0: GProgram.G4.IndependentRouting.routingWeight_normalized (n : ℕ) (u : ℝ) :
  ∑ coin, GProgram.G4.IndependentRouting.routingWeight u coin = 1
info: Imported/VerifiedRoutingBridge.lean:4:0: GProgram.G4.IndependentRouting.routingWeight_nonnegative {n : ℕ} {u : ℝ} (hu : 0 ≤ u) (hu1 : u ≤ 1)
  (coin : Fin n → Bool) : 0 ≤ GProgram.G4.IndependentRouting.routingWeight u coin
info: Imported/VerifiedRoutingBridge.lean:5:0: GProgram.G4.IndependentRouting.count_partition {n : ℕ} (coin : Fin n → Bool) :
  GProgram.G4.IndependentRouting.count0 coin + GProgram.G4.IndependentRouting.count1 coin = n
info: Imported/VerifiedRoutingBridge.lean:6:0: GProgram.G4.IndependentRouting.actual_parent0_count.{u_1, u_2, u_3} {V : Type u_1} {E : Type u_2} {X : Type u_3}
  [Fintype V] [Fintype E] [Fintype X] [DecidableEq V] [DecidableEq E] {N : Nanuq.Source.RootedBinary V E X} {n : ℕ}
  (H : GProgram.G2.OriginalHybridParents N) (coin : Fin n → Bool) :
  {i | H.parent (coin i) = H.parent0}.card = GProgram.G4.IndependentRouting.count0 coin
info: Imported/VerifiedRoutingBridge.lean:7:0: GProgram.G4.IndependentRouting.actual_parent1_count.{u_1, u_2, u_3} {V : Type u_1} {E : Type u_2} {X : Type u_3}
  [Fintype V] [Fintype E] [Fintype X] [DecidableEq V] [DecidableEq E] {N : Nanuq.Source.RootedBinary V E X} {n : ℕ}
  (H : GProgram.G2.OriginalHybridParents N) (coin : Fin n → Bool) :
  {i | H.parent (coin i) = H.parent1}.card = GProgram.G4.IndependentRouting.count1 coin
info: Imported/VerifiedRoutingBridge.lean:8:0: GProgram.G4.IndependentRouting.generic_two (u : ℝ) (a b : ℕ → ℝ) :
  GProgram.G4.IndependentRouting.privateNoMerger 2 u a b =
    u ^ 2 * a 2 * b 0 + 2 * u * (1 - u) * a 1 * b 1 + (1 - u) ^ 2 * a 0 * b 2
info: Imported/VerifiedRoutingBridge.lean:9:0: GProgram.G4.IndependentRouting.generic_three (u : ℝ) (a b : ℕ → ℝ) :
  GProgram.G4.IndependentRouting.privateNoMerger 3 u a b =
    u ^ 3 * a 3 * b 0 + 3 * u ^ 2 * (1 - u) * a 2 * b 1 + 3 * u * (1 - u) ^ 2 * a 1 * b 2 + (1 - u) ^ 3 * a 0 * b 3
info: Imported/VerifiedRoutingBridge.lean:10:0: GProgram.G4.IndependentRouting.generic_four (u : ℝ) (a b : ℕ → ℝ) :
  GProgram.G4.IndependentRouting.privateNoMerger 4 u a b =
    u ^ 4 * a 4 * b 0 + 4 * u ^ 3 * (1 - u) * a 3 * b 1 + 6 * u ^ 2 * (1 - u) ^ 2 * a 2 * b 2 +
        4 * u * (1 - u) ^ 3 * a 1 * b 3 +
      (1 - u) ^ 4 * a 0 * b 4
info: Imported/VerifiedRoutingBridge.lean:11:0: GProgram.G4.IndependentRouting.firstHoldingKernel_eq_power {duration : ℝ} (ht : 0 ≤ duration) (k : ℕ) :
  GProgram.G4.IndependentRouting.firstHoldingKernel k duration = Real.exp (-duration) ^ k.choose 2
info: Imported/VerifiedRoutingBridge.lean:12:0: GProgram.G4.IndependentRouting.exponential_four_root_arm_law {duration : ℝ} (ht : 0 ≤ duration) :
  GProgram.G4.IndependentRouting.FourRootArmLaw (fun k => GProgram.G4.IndependentRouting.firstHoldingKernel k duration)
    (Real.exp (-duration))
info: Imported/VerifiedRoutingBridge.lean:13:0: GProgram.G4.IndependentRouting.original_source_coordinates.{u_1, u_2, u_3} {V : Type u_1} {E : Type u_2} {X : Type u_3}
  [Fintype V] [Fintype E] [Fintype X] [DecidableEq V] [DecidableEq E] {N : Nanuq.Source.RootedBinary V E X}
  (H : GProgram.G2.OriginalHybridParents N) (u x y : ℝ) (a b : ℕ → ℝ)
  (ha : GProgram.G4.IndependentRouting.FourRootArmLaw a x) (hb : GProgram.G4.IndependentRouting.FourRootArmLaw b y) :
  GProgram.G4.IndependentRouting.actualPrivateNoMerger H 2 u a b = GProgram.G4.FourRoot.s2 u x y ∧
    GProgram.G4.IndependentRouting.actualPrivateNoMerger H 3 u a b = GProgram.G4.FourRoot.s3 u x y ∧
      GProgram.G4.IndependentRouting.actualPrivateNoMerger H 4 u a b = GProgram.G4.FourRoot.s4 u x y
info: Imported/VerifiedRoutingBridge.lean:14:0: GProgram.G4.IndependentRouting.exponential_model_original_coordinates.{u_1, u_2, u_3} {V : Type u_1} {E : Type u_2}
  {X : Type u_3} [Fintype V] [Fintype E] [Fintype X] [DecidableEq V] [DecidableEq E]
  {N : Nanuq.Source.RootedBinary V E X} (H : GProgram.G2.OriginalHybridParents N) (u t0 t1 : ℝ) (ht0 : 0 ≤ t0)
  (ht1 : 0 ≤ t1) :
  have a := fun k => GProgram.G4.IndependentRouting.firstHoldingKernel k t0;
  have b := fun k => GProgram.G4.IndependentRouting.firstHoldingKernel k t1;
  GProgram.G4.IndependentRouting.actualPrivateNoMerger H 2 u a b =
      GProgram.G4.FourRoot.s2 u (Real.exp (-t0)) (Real.exp (-t1)) ∧
    GProgram.G4.IndependentRouting.actualPrivateNoMerger H 3 u a b =
        GProgram.G4.FourRoot.s3 u (Real.exp (-t0)) (Real.exp (-t1)) ∧
      GProgram.G4.IndependentRouting.actualPrivateNoMerger H 4 u a b =
        GProgram.G4.FourRoot.s4 u (Real.exp (-t0)) (Real.exp (-t1))
info: Imported/VerifiedRoutingBridge.lean:15:0: 'GProgram.G4.IndependentRouting.exponential_model_original_coordinates' depends on axioms: [propext,
 Classical.choice,
 Quot.sound]
info: Imported/VerifiedRoutingBridge.lean:16:0: 'GProgram.G4.IndependentRouting.routingWeight_nonnegative' depends on axioms: [propext, Classical.choice, Quot.sound]
ℹ [3552/3555] Built VerifiedFullComponentCheckpoint (2.2s)
info: Imported/VerifiedFullComponentCheckpoint.lean:10:0: 'GProgram.G1.shared_register_exact_counterexample' depends on axioms: [propext, Classical.choice, Quot.sound]
info: Imported/VerifiedFullComponentCheckpoint.lean:11:0: 'GProgram.G2.coalesced_copies_cannot_split' depends on axioms: [propext, Classical.choice, Quot.sound]
info: Imported/VerifiedFullComponentCheckpoint.lean:12:0: 'GProgram.G5.protective_population_block_eq' depends on axioms: [propext, Classical.choice, Quot.sound]
info: Imported/VerifiedFullComponentCheckpoint.lean:13:0: 'GProgram.G5.Minimal.bridge_component_iff_descendant' depends on axioms: [propext, Classical.choice, Quot.sound]
info: Imported/VerifiedFullComponentCheckpoint.lean:14:0: 'GProgram.G5.CutChildTest.actual_protective_route_failure' depends on axioms: [propext, Classical.choice, Quot.sound]
info: Imported/VerifiedFullComponentCheckpoint.lean:15:0: 'GProgram.G7.original_census' depends on axioms: [propext, Classical.choice, Quot.sound]
info: Imported/VerifiedFullComponentCheckpoint.lean:16:0: 'GProgram.G4.FourRoot.zero_delta_forces_negative_defect3' depends on axioms: [propext, Classical.choice, Quot.sound]
info: Imported/VerifiedFullComponentCheckpoint.lean:17:0: 'GProgram.G3.MomentBarrier.coupled_barrier_minimal' depends on axioms: [propext, Classical.choice, Quot.sound]
info: Imported/VerifiedFullComponentCheckpoint.lean:18:0: 'GProgram.G3.CapSix.scaled_J_nonsingular' depends on axioms: [propext, Classical.choice, Quot.sound]
info: Imported/VerifiedFullComponentCheckpoint.lean:19:0: 'GProgram.G4.IndependentRouting.exponential_model_original_coordinates' depends on axioms: [propext,
 Classical.choice,
 Quot.sound]
info: Imported/VerifiedFullComponentCheckpoint.lean:21:0: 'GProgram.G4.PairClocks.private_arms_no_first_merge' depends on axioms: [propext, Classical.choice, Quot.sound]
info: Imported/VerifiedFullComponentCheckpoint.lean:22:0: 'GProgram.G4.BinomialCompression.original_all_root_exponential_coefficients' depends on axioms: [propext,
 Classical.choice,
 Quot.sound]
info: Imported/VerifiedFullComponentCheckpoint.lean:24:0: 'GProgram.Kingman.ClockMoments.exponential_transform' depends on axioms: [propext, Classical.choice, Quot.sound]
info: Imported/VerifiedFullComponentCheckpoint.lean:25:0: 'GProgram.Kingman.FiniteClockTail.uniform_markov_tail' depends on axioms: [propext, Classical.choice, Quot.sound]
info: Imported/VerifiedFullComponentCheckpoint.lean:27:0: 'GProgram.G6.BridgeEntry.original_hybrid_parents_nonbridge' depends on axioms: [propext, Classical.choice, Quot.sound]
ℹ [3553/3555] Replayed VerifiedLeanFirstCheckpoint
info: Imported/VerifiedLeanFirstCheckpoint.lean:41:0: 'GProgram.Kingman.ClockMoments.exponential_positivePart_integral' depends on axioms: [propext,
 Classical.choice,
 Quot.sound]
info: Imported/VerifiedLeanFirstCheckpoint.lean:42:0: 'GProgram.Kingman.ClockMoments.exponential_first_moment' depends on axioms: [propext, Classical.choice, Quot.sound]
info: Imported/VerifiedLeanFirstCheckpoint.lean:43:0: 'GProgram.Kingman.ClockMoments.exponential_transform' depends on axioms: [propext, Classical.choice, Quot.sound]
info: Imported/VerifiedLeanFirstCheckpoint.lean:44:0: 'GProgram.G1.pairSurvival_eq_exp' depends on axioms: [propext, Classical.choice, Quot.sound]
info: Imported/VerifiedLeanFirstCheckpoint.lean:45:0: 'GProgram.G1.pairSurvival_log_two' depends on axioms: [propext, Classical.choice, Quot.sound]
info: Imported/VerifiedLeanFirstCheckpoint.lean:46:0: 'GProgram.G1.pairSurvival_log_four' depends on axioms: [propext, Classical.choice, Quot.sound]
info: Imported/VerifiedLeanFirstCheckpoint.lean:47:0: 'GProgram.G1.shared_register_exact_counterexample' depends on axioms: [propext, Classical.choice, Quot.sound]
info: Imported/VerifiedLeanFirstCheckpoint.lean:48:0: 'GProgram.G1.retained_register_joint_normalized' depends on axioms: [propext, Classical.choice, Quot.sound]
info: Imported/VerifiedLeanFirstCheckpoint.lean:49:0: 'GProgram.G1.retained_register_joint_nonnegative' depends on axioms: [propext, Classical.choice, Quot.sound]
info: Imported/VerifiedLeanFirstCheckpoint.lean:50:0: 'GProgram.G1.resampling_changes_exposed_context' depends on axioms: [propext, Classical.choice, Quot.sound]
info: Imported/VerifiedLeanFirstCheckpoint.lean:51:0: 'GProgram.G1.exposed_event_preserved_iff_equal_conditionals' depends on axioms: [propext, Classical.choice, Quot.sound]
info: Imported/VerifiedLeanFirstCheckpoint.lean:52:0: 'GProgram.G2.coalesced_copies_cannot_split' depends on axioms: [propext, Classical.choice, Quot.sound]
info: Imported/VerifiedLeanFirstCheckpoint.lean:53:0: 'GProgram.G2.routed_parent_eq_iff_live_coin_eq' depends on axioms: [propext, Classical.choice, Quot.sound]
info: Imported/VerifiedLeanFirstCheckpoint.lean:54:0: 'GProgram.G2.opposite_copy_bits_are_not_a_live_pulse' does not depend on any axioms
info: Imported/VerifiedLeanFirstCheckpoint.lean:55:0: 'GProgram.G2.wrong_pulse_split_mass' depends on axioms: [propext, Classical.choice, Quot.sound]
info: Imported/VerifiedLeanFirstCheckpoint.lean:56:0: 'GProgram.G2.fair_copy_pulse_splits_merged_ancestor' depends on axioms: [propext, Classical.choice, Quot.sound]
info: Imported/VerifiedLeanFirstCheckpoint.lean:57:0: 'GProgram.G3.AllResidue.normal_sum' depends on axioms: [propext, Classical.choice, Quot.sound]
info: Imported/VerifiedLeanFirstCheckpoint.lean:58:0: 'GProgram.G3.AllResidue.normal_drift' depends on axioms: [propext, Classical.choice, Quot.sound]
info: Imported/VerifiedLeanFirstCheckpoint.lean:59:0: 'GProgram.G3.AllResidue.normal_residue_value' depends on axioms: [propext, Classical.choice, Quot.sound]
info: Imported/VerifiedLeanFirstCheckpoint.lean:60:0: 'GProgram.G3.AllResidue.normal_residue_derivative' depends on axioms: [propext, Classical.choice, Quot.sound]
info: Imported/VerifiedLeanFirstCheckpoint.lean:61:0: 'GProgram.G3.AllResidue.normal_square_value' depends on axioms: [propext, Classical.choice, Quot.sound]
info: Imported/VerifiedLeanFirstCheckpoint.lean:62:0: 'GProgram.G3.AllResidue.normal_square_derivative' depends on axioms: [propext, Classical.choice, Quot.sound]
info: Imported/VerifiedLeanFirstCheckpoint.lean:63:0: 'GProgram.G3.AllResidue.normal_mass_pos' depends on axioms: [propext, Classical.choice, Quot.sound]
info: Imported/VerifiedLeanFirstCheckpoint.lean:64:0: 'GProgram.G3.AllResidue.normal_mass_ne_zero' depends on axioms: [propext, Classical.choice, Quot.sound]
info: Imported/VerifiedLeanFirstCheckpoint.lean:65:0: 'GProgram.G3.AllResidue.quadratic_factor_pos' depends on axioms: [propext, Classical.choice, Quot.sound]
info: Imported/VerifiedLeanFirstCheckpoint.lean:66:0: 'GProgram.G3.AllResidue.exceptionalJ_exact' depends on axioms: [propext, Classical.choice, Quot.sound]
info: Imported/VerifiedLeanFirstCheckpoint.lean:67:0: 'GProgram.G3.AllResidue.exceptional_remainder_nonneg' depends on axioms: [propext, Classical.choice, Quot.sound]
info: Imported/VerifiedLeanFirstCheckpoint.lean:68:0: 'GProgram.G3.AllResidue.exceptionalJ_pos' depends on axioms: [propext, Classical.choice, Quot.sound]
info: Imported/VerifiedLeanFirstCheckpoint.lean:69:0: 'GProgram.G3.AllResidue.critical_gcd_product_pos' depends on axioms: [propext, Classical.choice, Quot.sound]
info: Imported/VerifiedLeanFirstCheckpoint.lean:70:0: 'GProgram.G3.AllResidue.source_denominator_pos' depends on axioms: [propext, Classical.choice, Quot.sound]
info: Imported/VerifiedLeanFirstCheckpoint.lean:71:0: 'GProgram.G3.AllResidue.clear_p_response' depends on axioms: [propext, Classical.choice, Quot.sound]
info: Imported/VerifiedLeanFirstCheckpoint.lean:72:0: 'GProgram.G3.AllResidue.clear_q_response' depends on axioms: [propext, Classical.choice, Quot.sound]
info: Imported/VerifiedLeanFirstCheckpoint.lean:73:0: 'GProgram.G3.AllResidue.p_response_zero_iff' depends on axioms: [propext, Classical.choice, Quot.sound]
info: Imported/VerifiedLeanFirstCheckpoint.lean:74:0: 'GProgram.G3.AllResidue.q_response_zero_iff' depends on axioms: [propext, Classical.choice, Quot.sound]
info: Imported/VerifiedLeanFirstCheckpoint.lean:75:0: 'GProgram.G3.AllResidue.bernoulli_factor_pos' depends on axioms: [propext, Classical.choice, Quot.sound]
info: Imported/VerifiedLeanFirstCheckpoint.lean:76:0: 'GProgram.G3.AllResidue.bernoulli_factor_lt_one' depends on axioms: [propext, Classical.choice, Quot.sound]
info: Imported/VerifiedLeanFirstCheckpoint.lean:77:0: 'GProgram.G3.AllResidue.hasDerivAt_bernoulliFactor_p' depends on axioms: [propext, Classical.choice, Quot.sound]
info: Imported/VerifiedLeanFirstCheckpoint.lean:78:0: 'GProgram.G3.AllResidue.hasDerivAt_bernoulliFactor_q' depends on axioms: [propext, Classical.choice, Quot.sound]
info: Imported/VerifiedLeanFirstCheckpoint.lean:79:0: 'GProgram.G3.AllResidue.hasDerivAt_bernoulliLog_p' depends on axioms: [propext, Classical.choice, Quot.sound]
info: Imported/VerifiedLeanFirstCheckpoint.lean:80:0: 'GProgram.G3.AllResidue.hasDerivAt_bernoulliLog_q' depends on axioms: [propext, Classical.choice, Quot.sound]
info: Imported/VerifiedLeanFirstCheckpoint.lean:81:0: 'GProgram.G3.CapSix.LU_eq_J0' depends on axioms: [propext, Classical.choice, Quot.sound]
info: Imported/VerifiedLeanFirstCheckpoint.lean:82:0: 'GProgram.G3.CapSix.det_L' depends on axioms: [propext, Classical.choice, Quot.sound]
info: Imported/VerifiedLeanFirstCheckpoint.lean:83:0: 'GProgram.G3.CapSix.det_U' depends on axioms: [propext, Classical.choice, Quot.sound]
info: Imported/VerifiedLeanFirstCheckpoint.lean:84:0: 'GProgram.G3.CapSix.exact_determinant' depends on axioms: [propext, Classical.choice, Quot.sound]
info: Imported/VerifiedLeanFirstCheckpoint.lean:85:0: 'GProgram.G3.CapSix.J0_nonsingular' depends on axioms: [propext, Classical.choice, Quot.sound]
info: Imported/VerifiedLeanFirstCheckpoint.lean:86:0: 'GProgram.G3.CapSix.scaled_J_nonsingular' depends on axioms: [propext, Classical.choice, Quot.sound]
info: Imported/VerifiedLeanFirstCheckpoint.lean:87:0: 'GProgram.G3.MomentBarrier.coupled_barrier_minimal' depends on axioms: [propext, Classical.choice, Quot.sound]
info: Imported/VerifiedLeanFirstCheckpoint.lean:88:0: 'GProgram.G3.MomentBarrier.exact_double_sum' depends on axioms: [propext, Classical.choice, Quot.sound]
info: Imported/VerifiedLeanFirstCheckpoint.lean:89:0: 'GProgram.G3.MomentBarrier.finite_moment_inequality' depends on axioms: [propext, Classical.choice, Quot.sound]
info: Imported/VerifiedLeanFirstCheckpoint.lean:90:0: 'GProgram.G3.MomentBarrier.coupled_barrier' depends on axioms: [propext, Classical.choice, Quot.sound]
info: Imported/VerifiedLeanFirstCheckpoint.lean:91:0: 'GProgram.G4.BinomialCompression.original_all_root_binomial_sum' depends on axioms: [propext,
 Classical.choice,
 Quot.sound]
info: Imported/VerifiedLeanFirstCheckpoint.lean:92:0: 'GProgram.G4.BinomialCompression.original_all_root_exponential_coefficients' depends on axioms: [propext,
 Classical.choice,
 Quot.sound]
info: Imported/VerifiedLeanFirstCheckpoint.lean:93:0: 'GProgram.G4.BinomialCompression.rootSetEquiv' depends on axioms: [propext, Classical.choice, Quot.sound]
info: Imported/VerifiedLeanFirstCheckpoint.lean:94:0: 'GProgram.G4.BinomialCompression.all_root_binomial_sum' depends on axioms: [propext, Classical.choice, Quot.sound]
info: Imported/VerifiedLeanFirstCheckpoint.lean:95:0: 'GProgram.G4.PairClocks.private_arms_no_first_merge' depends on axioms: [propext, Classical.choice, Quot.sound]
info: Imported/VerifiedLeanFirstCheckpoint.lean:96:0: 'GProgram.G4.PairClocks.livePair_card' depends on axioms: [propext, Classical.choice, Quot.sound]
info: Imported/VerifiedLeanFirstCheckpoint.lean:97:0: 'GProgram.G4.PairClocks.all_root_no_first_merge' depends on axioms: [propext, Classical.choice, Quot.sound]
info: Imported/VerifiedLeanFirstCheckpoint.lean:98:0: 'GProgram.G4.PairClocks.product_clock_eq_holding_model' depends on axioms: [propext, Classical.choice, Quot.sound]
info: Imported/VerifiedLeanFirstCheckpoint.lean:99:0: 'GProgram.G4.balanced_residual_identity' depends on axioms: [propext, Classical.choice, Quot.sound]
info: Imported/VerifiedLeanFirstCheckpoint.lean:100:0: 'GProgram.G4.balanced_coordinate_separates_cap4' depends on axioms: [propext, Classical.choice, Quot.sound]
info: Imported/VerifiedLeanFirstCheckpoint.lean:101:0: 'GProgram.G4.ordinary_balanced_positive' depends on axioms: [propext, Classical.choice, Quot.sound]
info: Imported/VerifiedLeanFirstCheckpoint.lean:102:0: 'GProgram.G4.FourRoot.exact_defect_factorization' depends on axioms: [propext, Classical.choice, Quot.sound]
info: Imported/VerifiedLeanFirstCheckpoint.lean:103:0: 'GProgram.G4.FourRoot.zero_delta_forces_negative_defect3' depends on axioms: [propext, Classical.choice, Quot.sound]
info: Imported/VerifiedLeanFirstCheckpoint.lean:104:0: 'GProgram.G4.FourRoot.no_common_moment_signature' depends on axioms: [propext, Classical.choice, Quot.sound]
info: Imported/VerifiedLeanFirstCheckpoint.lean:105:0: 'GProgram.G4.FourRoot.rational_cap3_scalar_witness' depends on axioms: [propext, Classical.choice, Quot.sound]
info: Imported/VerifiedLeanFirstCheckpoint.lean:106:0: 'GProgram.G4.IndependentRouting.exponential_model_original_coordinates' depends on axioms: [propext,
 Classical.choice,
 Quot.sound]
info: Imported/VerifiedLeanFirstCheckpoint.lean:107:0: 'GProgram.G4.IndependentRouting.original_source_coordinates' depends on axioms: [propext, Classical.choice, Quot.sound]
info: Imported/VerifiedLeanFirstCheckpoint.lean:108:0: 'GProgram.G4.IndependentRouting.exponential_four_root_arm_law' depends on axioms: [propext,
 Classical.choice,
 Quot.sound]
info: Imported/VerifiedLeanFirstCheckpoint.lean:109:0: 'GProgram.G4.IndependentRouting.actual_parent0_count' depends on axioms: [propext, Classical.choice, Quot.sound]
info: Imported/VerifiedLeanFirstCheckpoint.lean:110:0: 'GProgram.G4.IndependentRouting.generic_two' depends on axioms: [propext, Classical.choice, Quot.sound]
info: Imported/VerifiedLeanFirstCheckpoint.lean:111:0: 'GProgram.G4.IndependentRouting.generic_three' depends on axioms: [propext, Classical.choice, Quot.sound]
info: Imported/VerifiedLeanFirstCheckpoint.lean:112:0: 'GProgram.G4.IndependentRouting.generic_four' depends on axioms: [propext, Classical.choice, Quot.sound]
info: Imported/VerifiedLeanFirstCheckpoint.lean:113:0: 'GProgram.G4.IndependentRouting.routingWeight_normalized' depends on axioms: [propext, Classical.choice, Quot.sound]
info: Imported/VerifiedLeanFirstCheckpoint.lean:114:0: 'GProgram.G4.Hankel.choose_two_add' depends on axioms: [propext, Quot.sound]
info: Imported/VerifiedLeanFirstCheckpoint.lean:115:0: 'GProgram.G4.Hankel.shiftedHankel_factorization' depends on axioms: [propext, Classical.choice, Quot.sound]
info: Imported/VerifiedLeanFirstCheckpoint.lean:116:0: 'GProgram.G4.Hankel.shiftedHankel_det_ne_zero' depends on axioms: [propext, Classical.choice, Quot.sound]
info: Imported/VerifiedLeanFirstCheckpoint.lean:117:0: 'GProgram.G4.Hankel.finite_window_coefficients_zero' depends on axioms: [propext, Classical.choice, Quot.sound]
info: Imported/VerifiedLeanFirstCheckpoint.lean:118:0: 'GProgram.G4.Hankel.eventual_recurrence_coefficients_zero' depends on axioms: [propext, Classical.choice, Quot.sound]
info: Imported/VerifiedLeanFirstCheckpoint.lean:119:0: 'GProgram.G4.Hankel.pairClockSurvival_eq' depends on axioms: [propext, Classical.choice, Quot.sound]
info: Imported/VerifiedLeanFirstCheckpoint.lean:120:0: 'GProgram.G4.Hankel.source_clock_eventual_recurrence_coefficients_zero' depends on axioms: [propext,
 Classical.choice,
 Quot.sound]
info: Imported/VerifiedLeanFirstCheckpoint.lean:121:0: 'G4TwoRootSourceStopping.bareSurvival_eq' depends on axioms: [propext, Classical.choice, Quot.sound]
info: Imported/VerifiedLeanFirstCheckpoint.lean:122:0: 'G4TwoRootSourceStopping.rootedACladeResponse_injective' depends on axioms: [propext, Classical.choice, Quot.sound]
info: Imported/VerifiedLeanFirstCheckpoint.lean:123:0: 'G4TwoRootSourceStopping.observable_finite_length_certificate' depends on axioms: [propext,
 Classical.choice,
 Quot.sound]
info: Imported/VerifiedLeanFirstCheckpoint.lean:124:0: 'GProgram.G5.BoundedSupport.bounded_unary_obstruction' depends on axioms: [propext, Classical.choice, Quot.sound]
info: Imported/VerifiedLeanFirstCheckpoint.lean:125:0: 'GProgram.G5.BoundedSupport.exact_block_small_obstruction' depends on axioms: [propext, Classical.choice, Quot.sound]
info: Imported/VerifiedLeanFirstCheckpoint.lean:126:0: 'GProgram.G5.BoundedSupport.exact_block_iff_local' depends on axioms: [propext, Classical.choice, Quot.sound]
info: Imported/VerifiedLeanFirstCheckpoint.lean:127:0: 'GProgram.G5.bridge_target_component_iff_descendant' depends on axioms: [propext, Classical.choice, Quot.sound]
info: Imported/VerifiedLeanFirstCheckpoint.lean:128:0: 'GProgram.G5.unique_child_edge' depends on axioms: [propext, Classical.choice, Quot.sound]
info: Imported/VerifiedLeanFirstCheckpoint.lean:129:0: 'GProgram.G5.descendant_via_unique_child' depends on axioms: [propext, Classical.choice, Quot.sound]
info: Imported/VerifiedLeanFirstCheckpoint.lean:130:0: 'GProgram.G5.hybrid_descendant_component' depends on axioms: [propext, Classical.choice, Quot.sound]
info: Imported/VerifiedLeanFirstCheckpoint.lean:131:0: 'GProgram.G5.ComponentEntries.bridge_targets_sameBlob_iff_eq' depends on axioms: [propext, Classical.choice, Quot.sound]
info: Imported/VerifiedLeanFirstCheckpoint.lean:132:0: 'GProgram.G5.ComponentEntries.bridge_target_not_root_component' does not depend on any axioms
info: Imported/VerifiedLeanFirstCheckpoint.lean:133:0: 'GProgram.G5.ComponentEntries.nonroot_component_has_incoming_bridge' depends on axioms: [propext,
 Classical.choice,
 Quot.sound]
info: Imported/VerifiedLeanFirstCheckpoint.lean:134:0: 'GProgram.G5.ComponentEntries.nonroot_component_unique_entry' depends on axioms: [propext, Classical.choice, Quot.sound]
info: Imported/VerifiedLeanFirstCheckpoint.lean:135:0: 'GProgram.G5.bridge_mem_every_descendant_route' depends on axioms: [propext, Classical.choice, Quot.sound]
info: Imported/VerifiedLeanFirstCheckpoint.lean:136:0: 'GProgram.G5.original_tip_route_exists' depends on axioms: [propext, Classical.choice, Quot.sound]
info: Imported/VerifiedLeanFirstCheckpoint.lean:137:0: 'GProgram.G5.EdgePath.active_unique' depends on axioms: [propext, Classical.choice, Quot.sound]
info: Imported/VerifiedLeanFirstCheckpoint.lean:138:0: 'GProgram.G5.protective_edge_active_on_every_route' depends on axioms: [propext, Classical.choice, Quot.sound]
info: Imported/VerifiedLeanFirstCheckpoint.lean:139:0: 'GProgram.G5.protective_edge_absent_on_outside_route' depends on axioms: [propext, Classical.choice, Quot.sound]
info: Imported/VerifiedLeanFirstCheckpoint.lean:140:0: 'GProgram.G5.protective_interval_nonempty' depends on axioms: [propext, Classical.choice, Quot.sound]
info: Imported/VerifiedLeanFirstCheckpoint.lean:141:0: 'GProgram.G5.younger_side_open_interval_has_no_first' depends on axioms: [propext, Classical.choice, Quot.sound]
info: Imported/VerifiedLeanFirstCheckpoint.lean:142:0: 'GProgram.G5.QuartetKernel.selectorWitness_iff_blockWitness' depends on axioms: [propext, Classical.choice, Quot.sound]
info: Imported/VerifiedLeanFirstCheckpoint.lean:143:0: 'GProgram.G5.QuartetKernel.pairCount_four_iff' depends on axioms: [propext, Classical.choice, Quot.sound]
info: Imported/VerifiedLeanFirstCheckpoint.lean:144:0: 'GProgram.G5.QuartetKernel.pairCount_one_split' depends on axioms: [propext, Classical.choice, Quot.sound]
info: Imported/VerifiedLeanFirstCheckpoint.lean:145:0: 'GProgram.G5.CutChildTest.source' depends on axioms: [propext, Classical.choice, Quot.sound]
info: Imported/VerifiedLeanFirstCheckpoint.lean:146:0: 'GProgram.G5.CutChildTest.tips_contemporary' depends on axioms: [propext, Classical.choice, Quot.sound]
info: Imported/VerifiedLeanFirstCheckpoint.lean:147:0: 'GProgram.G5.CutChildTest.actual_weaker_source_counterexample' depends on axioms: [propext,
 Classical.choice,
 Quot.sound]
info: Imported/VerifiedLeanFirstCheckpoint.lean:148:0: 'GProgram.G5.CutChildTest.actual_protective_route_failure' depends on axioms: [propext, Classical.choice, Quot.sound]
info: Imported/VerifiedLeanFirstCheckpoint.lean:149:0: 'GProgram.G5.ExponentialGerm.coefficient_zero_of_grid' depends on axioms: [propext, Classical.choice, Quot.sound]
info: Imported/VerifiedLeanFirstCheckpoint.lean:150:0: 'GProgram.G5.ExponentialGerm.coefficients_eq_of_right_germ' depends on axioms: [propext, Classical.choice, Quot.sound]
info: Imported/VerifiedLeanFirstCheckpoint.lean:151:0: 'GProgram.G5.ExponentialGerm.constant_coefficient_eq_of_right_germ' depends on axioms: [propext,
 Classical.choice,
 Quot.sound]
info: Imported/VerifiedLeanFirstCheckpoint.lean:152:0: 'GProgram.G5.QuartetKernel.meetingChoices_card' depends on axioms: [propext, Classical.choice, Quot.sound]
info: Imported/VerifiedLeanFirstCheckpoint.lean:153:0: 'GProgram.G5.QuartetKernel.fairMeetingMass_eq_count' depends on axioms: [propext, Classical.choice, Quot.sound]
info: Imported/VerifiedLeanFirstCheckpoint.lean:154:0: 'GProgram.G5.Minimal.root_source_side_of_rooted_acyclic' does not depend on any axioms
info: Imported/VerifiedLeanFirstCheckpoint.lean:155:0: 'GProgram.G5.Minimal.bridge_component_iff_descendant' depends on axioms: [propext, Classical.choice, Quot.sound]
info: Imported/VerifiedLeanFirstCheckpoint.lean:156:0: 'GProgram.G5.NonbridgeRoutes.UpPath.unique_from_kept_source' does not depend on any axioms
info: Imported/VerifiedLeanFirstCheckpoint.lean:157:0: 'GProgram.G5.NonbridgeRoutes.UpPath.unique_of_same_first' does not depend on any axioms
info: Imported/VerifiedLeanFirstCheckpoint.lean:158:0: 'GProgram.G5.NonbridgeRoutes.cut_child_nonbridge_incoming_unique' depends on axioms: [propext,
 Classical.choice,
 Quot.sound]
info: Imported/VerifiedLeanFirstCheckpoint.lean:159:0: 'GProgram.G5.NonbridgeRoutes.original_nonbridge_route_unique_of_first' depends on axioms: [propext,
 Classical.choice,
 Quot.sound]
info: Imported/VerifiedLeanFirstCheckpoint.lean:160:0: 'GProgram.G5.NonbridgeRoutes.finite_nonbridge_route_family_card_le_indegree' depends on axioms: [propext,
 Classical.choice,
 Quot.sound]
info: Imported/VerifiedLeanFirstCheckpoint.lean:161:0: 'GProgram.G5.NonbridgeRoutes.hybrid_nonbridge_route_family_card_le_two' depends on axioms: [propext,
 Classical.choice,
 Quot.sound]
info: Imported/VerifiedLeanFirstCheckpoint.lean:162:0: 'GProgram.G5.NonbridgeRoutes.ordinary_nonbridge_route_family_card_le_one' depends on axioms: [propext,
 Classical.choice,
 Quot.sound]
info: Imported/VerifiedLeanFirstCheckpoint.lean:163:0: 'GProgram.G5.QuartetKernel.pairCount_zero_iff' depends on axioms: [propext]
info: Imported/VerifiedLeanFirstCheckpoint.lean:164:0: 'GProgram.G5.QuartetKernel.pairCount_two_iff' depends on axioms: [propext, Classical.choice, Quot.sound]
info: Imported/VerifiedLeanFirstCheckpoint.lean:165:0: 'GProgram.G5.QuartetKernel.pairCount_one_iff' depends on axioms: [propext, Classical.choice, Quot.sound]
info: Imported/VerifiedLeanFirstCheckpoint.lean:166:0: 'GProgram.G5.routeFamily_exists' depends on axioms: [propext, Classical.choice, Quot.sound]
info: Imported/VerifiedLeanFirstCheckpoint.lean:167:0: 'GProgram.G5.protective_population_block_eq' depends on axioms: [propext, Classical.choice, Quot.sound]
info: Imported/VerifiedLeanFirstCheckpoint.lean:168:0: 'GProgram.G5.QuartetKernel.threeGroup_absence_iff' depends on axioms: [propext, Quot.sound]
info: Imported/VerifiedLeanFirstCheckpoint.lean:169:0: 'GProgram.G5.ExponentialGerm.finite_coefficients_zero_of_right_germ' depends on axioms: [propext,
 Classical.choice,
 Quot.sound]
info: Imported/VerifiedLeanFirstCheckpoint.lean:170:0: 'GProgram.G5.ExponentialGerm.finite_coefficients_eq_of_right_germ' depends on axioms: [propext,
 Classical.choice,
 Quot.sound]
info: Imported/VerifiedLeanFirstCheckpoint.lean:171:0: 'GProgram.G5.ExponentialGerm.finite_constant_mass_eq_of_right_germ' depends on axioms: [propext,
 Classical.choice,
 Quot.sound]
info: Imported/VerifiedLeanFirstCheckpoint.lean:172:0: 'GProgram.G6.BridgeEntry.bridge_targets_injective' depends on axioms: [propext, Classical.choice, Quot.sound]
info: Imported/VerifiedLeanFirstCheckpoint.lean:173:0: 'GProgram.G6.BridgeEntry.bridge_incoming_unique' depends on axioms: [propext, Classical.choice, Quot.sound]
info: Imported/VerifiedLeanFirstCheckpoint.lean:174:0: 'GProgram.G6.BridgeEntry.bridge_target_indegree_one' depends on axioms: [propext, Classical.choice, Quot.sound]
info: Imported/VerifiedLeanFirstCheckpoint.lean:175:0: 'GProgram.G6.BridgeEntry.two_incoming_occurrences_not_bridge' depends on axioms: [propext, Classical.choice, Quot.sound]
info: Imported/VerifiedLeanFirstCheckpoint.lean:176:0: 'GProgram.G6.BridgeEntry.original_bridge_target_not_hybrid' depends on axioms: [propext, Classical.choice, Quot.sound]
info: Imported/VerifiedLeanFirstCheckpoint.lean:177:0: 'GProgram.G6.BridgeEntry.original_hybrid_parents_nonbridge' depends on axioms: [propext, Classical.choice, Quot.sound]
info: Imported/VerifiedLeanFirstCheckpoint.lean:178:0: 'GProgram.G7.sum_inDegree' depends on axioms: [propext, Classical.choice, Quot.sound]
info: Imported/VerifiedLeanFirstCheckpoint.lean:179:0: 'GProgram.G7.sum_outDegree' depends on axioms: [propext, Classical.choice, Quot.sound]
info: Imported/VerifiedLeanFirstCheckpoint.lean:180:0: 'GProgram.G7.original_census' depends on axioms: [propext, Classical.choice, Quot.sound]
info: Imported/VerifiedLeanFirstCheckpoint.lean:181:0: 'GProgram.Kingman.FiniteChernoff.finite_mgf_exact' depends on axioms: [propext, Classical.choice, Quot.sound]
info: Imported/VerifiedLeanFirstCheckpoint.lean:182:0: 'GProgram.Kingman.FiniteChernoff.product_bound' depends on axioms: [propext, Classical.choice, Quot.sound]
info: Imported/VerifiedLeanFirstCheckpoint.lean:183:0: 'GProgram.Kingman.FiniteChernoff.uniform_chernoff_tail' depends on axioms: [propext, Classical.choice, Quot.sound]
info: Imported/VerifiedLeanFirstCheckpoint.lean:184:0: 'GProgram.Kingman.FiniteClockTail.uniform_markov_tail' depends on axioms: [propext, Classical.choice, Quot.sound]
info: Imported/VerifiedLeanFirstCheckpoint.lean:185:0: 'GProgram.Kingman.FiniteClockTail.reciprocalSum_exact' depends on axioms: [propext, Classical.choice, Quot.sound]
info: Imported/VerifiedLeanFirstCheckpoint.lean:186:0: 'GProgram.Kingman.FiniteClockTail.finite_clock_mean' depends on axioms: [propext, Classical.choice, Quot.sound]
info: Imported/VerifiedLeanFirstCheckpoint.lean:187:0: 'RepresentationPilot.recoding_preserves_collision' does not depend on any axioms
info: Imported/VerifiedLeanFirstCheckpoint.lean:188:0: 'RepresentationPilot.target_fiber_constancy_iff_of_decoder' does not depend on any axioms
info: Imported/VerifiedLeanFirstCheckpoint.lean:189:0: 'RepresentationPilot.incidence_injective' depends on axioms: [propext, Classical.choice, Quot.sound]
info: Imported/VerifiedLeanFirstCheckpoint.lean:190:0: 'RepresentationPilot.joint_incidence_injective' depends on axioms: [propext, Classical.choice, Quot.sound]
info: Imported/VerifiedLeanFirstCheckpoint.lean:191:0: 'RepresentationPilot.full_haar_leftInverse' depends on axioms: [propext, Classical.choice, Quot.sound]
info: Imported/VerifiedLeanFirstCheckpoint.lean:192:0: 'RepresentationPilot.full_haar_injective' depends on axioms: [propext, Classical.choice, Quot.sound]
info: Imported/VerifiedLeanFirstCheckpoint.lean:193:0: 'RepresentationPilot.dropping_detail_collides' depends on axioms: [propext, Classical.choice, Quot.sound]
✔ [3554/3555] Built UnifiedLean (2.5s)
Build completed successfully (3555 jobs).
