verify	Set up job	﻿2026-10-07T16:23:06.8945254Z Current runner version: '2.337.0'
verify	Set up job	2026-10-07T16:23:06.8973097Z ##[group]Runner Image Provisioner
verify	Set up job	2026-10-07T16:23:06.8974128Z Hosted Compute Agent
verify	Set up job	2026-10-07T16:23:06.8974744Z Version: 20261002.596
verify	Set up job	2026-10-07T16:23:06.8975372Z Commit: c3d12f3313a95f25162a1503be624f3b0617f8c0
verify	Set up job	2026-10-07T16:23:06.8976184Z Build Date: 2026-10-02T22:28:27Z
verify	Set up job	2026-10-07T16:23:06.8976906Z Worker ID: {295cd229-dfa9-473c-8283-c33d890582bd}
verify	Set up job	2026-10-07T16:23:06.8978143Z Region: westus
verify	Set up job	2026-10-07T16:23:06.8978782Z Cloud: Azure
verify	Set up job	2026-10-07T16:23:06.8979317Z ##[endgroup]
verify	Set up job	2026-10-07T16:23:06.8981220Z ##[group]Operating System
verify	Set up job	2026-10-07T16:23:06.8981879Z Ubuntu
verify	Set up job	2026-10-07T16:23:06.8982384Z 24.04.5
verify	Set up job	2026-10-07T16:23:06.8982958Z LTS
verify	Set up job	2026-10-07T16:23:06.8983473Z ##[endgroup]
verify	Set up job	2026-10-07T16:23:06.8984080Z ##[group]Runner Image
verify	Set up job	2026-10-07T16:23:06.8984739Z Image: ubuntu-24.04
verify	Set up job	2026-10-07T16:23:06.8985290Z Version: 20261004.327.1
verify	Set up job	2026-10-07T16:23:06.8986423Z Included Software: https://github.com/actions/runner-images/blob/ubuntu24/20261004.327/images/ubuntu/Ubuntu2404-Readme.md
verify	Set up job	2026-10-07T16:23:06.8988445Z Image Release: https://github.com/actions/runner-images/releases/tag/ubuntu24%2F20261004.327
verify	Set up job	2026-10-07T16:23:06.8989474Z ##[endgroup]
verify	Set up job	2026-10-07T16:23:06.8991012Z ##[group]GITHUB_TOKEN Permissions
verify	Set up job	2026-10-07T16:23:06.8993353Z Contents: read
verify	Set up job	2026-10-07T16:23:06.8994023Z Metadata: read
verify	Set up job	2026-10-07T16:23:06.8994690Z ##[endgroup]
verify	Set up job	2026-10-07T16:23:06.8997027Z Secret source: Actions
verify	Set up job	2026-10-07T16:23:06.8998537Z Cache mode: write
verify	Set up job	2026-10-07T16:23:06.8999312Z Prepare workflow directory
verify	Set up job	2026-10-07T16:23:06.9366805Z Prepare all required actions
verify	Set up job	2026-10-07T16:23:06.9417539Z Getting action download info
verify	Set up job	2026-10-07T16:23:07.3254329Z Download action repository 'actions/upload-artifact@ea165f8d65b6e75b540449e92b4886f43607fa02' (SHA:ea165f8d65b6e75b540449e92b4886f43607fa02)
verify	Set up job	2026-10-07T16:23:07.5864724Z Complete job name: verify
verify	Fetch frozen public input	﻿2026-10-07T16:23:07.6908727Z ##[group]Run set -euo pipefail
verify	Fetch frozen public input	2026-10-07T16:23:07.6909469Z [36;1mset -euo pipefail[0m
verify	Fetch frozen public input	2026-10-07T16:23:07.6910145Z [36;1mgit init --quiet "$RUNNER_TEMP/research-commons"[0m
verify	Fetch frozen public input	2026-10-07T16:23:07.6911740Z [36;1mgit -C "$RUNNER_TEMP/research-commons" remote add origin "https://github.com/$GITHUB_REPOSITORY.git"[0m
verify	Fetch frozen public input	2026-10-07T16:23:07.6913617Z [36;1mgit -C "$RUNNER_TEMP/research-commons" fetch --no-tags --depth=1 origin "$GITHUB_SHA"[0m
verify	Fetch frozen public input	2026-10-07T16:23:07.6914681Z [36;1mgit -C "$RUNNER_TEMP/research-commons" checkout --detach FETCH_HEAD[0m
verify	Fetch frozen public input	2026-10-07T16:23:07.6915664Z [36;1mtest "$(git -C "$RUNNER_TEMP/research-commons" rev-parse HEAD)" = "$GITHUB_SHA"[0m
verify	Fetch frozen public input	2026-10-07T16:23:07.7194442Z shell: /usr/bin/bash -e {0}
verify	Fetch frozen public input	2026-10-07T16:23:07.7195894Z ##[endgroup]
verify	Fetch frozen public input	2026-10-07T16:23:13.0582792Z From https://github.com/Sodelin/Research-Commons
verify	Fetch frozen public input	2026-10-07T16:23:13.0584448Z  * branch            89dffaa83c107c21922305474f272b4469d828c7 -> FETCH_HEAD
verify	Fetch frozen public input	2026-10-07T16:23:14.4810635Z HEAD is now at 89dffaa G6: fix conditioning elaboration, add coherent program prefix and audited evidence route
verify	Verify existing pinned runtime	﻿2026-10-07T16:23:14.5004629Z ##[group]Run bash "$RUNNER_TEMP/research-commons/handoffs/2026-10-07-astra-g5-g6-g7-lean/codex-lean/verify-runtime.sh"
verify	Verify existing pinned runtime	2026-10-07T16:23:14.5005675Z [36;1mbash "$RUNNER_TEMP/research-commons/handoffs/2026-10-07-astra-g5-g6-g7-lean/codex-lean/verify-runtime.sh"[0m
verify	Verify existing pinned runtime	2026-10-07T16:23:14.5071722Z shell: /usr/bin/bash -e {0}
verify	Verify existing pinned runtime	2026-10-07T16:23:14.5072094Z ##[endgroup]
verify	Verify existing pinned runtime	2026-10-07T16:23:14.5280857Z   % Total    % Received % Xferd  Average Speed   Time    Time     Time  Current
verify	Verify existing pinned runtime	2026-10-07T16:23:14.5281946Z                                  Dload  Upload   Total   Spent    Left  Speed
verify	Verify existing pinned runtime	2026-10-07T16:23:14.5282442Z 
verify	Verify existing pinned runtime	2026-10-07T16:23:14.6995667Z   0     0    0     0    0     0      0      0 --:--:-- --:--:-- --:--:--     0
verify	Verify existing pinned runtime	2026-10-07T16:23:14.6996895Z   0     0    0     0    0     0      0      0 --:--:-- --:--:-- --:--:--     0
verify	Verify existing pinned runtime	2026-10-07T16:23:15.4015717Z 
verify	Verify existing pinned runtime	2026-10-07T16:23:16.3926234Z  26  543M   26  142M    0     0   162M      0  0:00:03 --:--:--  0:00:03  162M
verify	Verify existing pinned runtime	2026-10-07T16:23:17.3121225Z  66  543M   66  361M    0     0   193M      0  0:00:02  0:00:01  0:00:01  220M
verify	Verify existing pinned runtime	2026-10-07T16:23:17.3122778Z 100  543M  100  543M    0     0   195M      0  0:00:02  0:00:02 --:--:--  210M
verify	Verify existing pinned runtime	2026-10-07T16:23:17.7281185Z lean.tar.zst: OK
verify	Verify existing pinned runtime	2026-10-07T16:23:23.0110231Z Lean (version 4.33.1, x86_64-unknown-linux-gnu, commit 819816b2e0a3bf405af45ae5c7af2491d8f5bee6, Release)
verify	Verify existing pinned runtime	2026-10-07T16:23:23.0153505Z Lean (version 4.33.1, x86_64-unknown-linux-gnu, commit 819816b2e0a3bf405af45ae5c7af2491d8f5bee6, Release)
verify	Verify existing pinned runtime	2026-10-07T16:23:23.0166369Z Lean (version 4.33.1, x86_64-unknown-linux-gnu, commit 819816b2e0a3bf405af45ae5c7af2491d8f5bee6, Release)
verify	Verify existing pinned runtime	2026-10-07T16:23:23.0182653Z e8baaa71855a616dc351028f3ad2200051b0671f423a1696a100e809302d5550  /home/runner/work/_temp/g567-lean-4.33.1/lean-4.33.1-linux/bin/lean
verify	Verify existing pinned runtime	2026-10-07T16:23:23.0198015Z 5114a5b2e77fa40336ddd9491ebc5f04e767a5c299b7ebdd637104b1f96d2758  /home/runner/work/_temp/research-commons/handoffs/2026-10-07-astra-g5-g6-g7-lean/codex-lean/RuntimeSmoke.lean
verify	Verify existing pinned runtime	2026-10-07T16:23:23.2098905Z 'ResearchCommonsRuntime.runtimeSmoke' does not depend on any axioms
verify	Verify existing pinned runtime	2026-10-07T16:23:23.2291842Z RUNTIME_SMOKE_PASSED source_commit=89dffaa83c107c21922305474f272b4469d828c7
verify	Verify G6 frozen sources serially	﻿2026-10-07T16:23:23.2812614Z ##[group]Run bash "$RUNNER_TEMP/research-commons/research/2026-10-07-cloud-g6-sol-ultra-1601z/verification/verify.sh"
verify	Verify G6 frozen sources serially	2026-10-07T16:23:23.2814151Z [36;1mbash "$RUNNER_TEMP/research-commons/research/2026-10-07-cloud-g6-sol-ultra-1601z/verification/verify.sh"[0m
verify	Verify G6 frozen sources serially	2026-10-07T16:23:23.2891737Z shell: /usr/bin/bash -e {0}
verify	Verify G6 frozen sources serially	2026-10-07T16:23:23.2892033Z ##[endgroup]
verify	Verify G6 frozen sources serially	2026-10-07T16:23:56.8233361Z info: toolchain not updated; already up-to-date
verify	Verify G6 frozen sources serially	2026-10-07T16:23:57.5511100Z info: plausible: cloning https://github.com/leanprover-community/plausible
verify	Verify G6 frozen sources serially	2026-10-07T16:23:58.1536850Z info: plausible: checking out revision 'b7eb3304aeae834b12dda98993a37f6a41f6f0bb'
verify	Verify G6 frozen sources serially	2026-10-07T16:23:58.1665010Z info: LeanSearchClient: cloning https://github.com/leanprover-community/LeanSearchClient
verify	Verify G6 frozen sources serially	2026-10-07T16:23:58.7119985Z info: LeanSearchClient: checking out revision '5f4d51b81cbd3f6b32b156bfad9056621a040404'
verify	Verify G6 frozen sources serially	2026-10-07T16:23:58.7243519Z info: importGraph: cloning https://github.com/leanprover-community/import-graph
verify	Verify G6 frozen sources serially	2026-10-07T16:23:59.6998670Z info: importGraph: checking out revision '16f02aa7642864af59f1ff0e384a015994db9118'
verify	Verify G6 frozen sources serially	2026-10-07T16:23:59.7177975Z info: proofwidgets: cloning https://github.com/leanprover-community/ProofWidgets4
verify	Verify G6 frozen sources serially	2026-10-07T16:24:00.4996083Z info: proofwidgets: checking out revision '4be2e3d5087eeb272cf5a8853b8f9dd025ef5957'
verify	Verify G6 frozen sources serially	2026-10-07T16:24:01.1844448Z info: aesop: cloning https://github.com/leanprover-community/aesop
verify	Verify G6 frozen sources serially	2026-10-07T16:24:03.1742631Z info: aesop: checking out revision '3448c0bcc5ce01b2d1546e483ec3620e32df3d0e'
verify	Verify G6 frozen sources serially	2026-10-07T16:24:03.1944583Z info: Qq: cloning https://github.com/leanprover-community/quote4
verify	Verify G6 frozen sources serially	2026-10-07T16:24:03.7770719Z info: Qq: checking out revision '92c15be17b7caf78c2ad767ec40f89052d908d81'
verify	Verify G6 frozen sources serially	2026-10-07T16:24:03.7897565Z info: batteries: cloning https://github.com/leanprover-community/batteries
verify	Verify G6 frozen sources serially	2026-10-07T16:24:06.4668930Z info: batteries: checking out revision '4488d40d070b9700d4d5a6aa342f0d40c31b2a2d'
verify	Verify G6 frozen sources serially	2026-10-07T16:24:06.5033500Z info: Cli: cloning https://github.com/leanprover/lean4-cli
verify	Verify G6 frozen sources serially	2026-10-07T16:24:07.0804399Z info: Cli: checking out revision '6130a47896ce867c6a4a55373441e59e565bad0f'
verify	Verify G6 frozen sources serially	2026-10-07T16:24:07.0931115Z info: mathlib: running post-update hooks
verify	Verify G6 frozen sources serially	2026-10-07T16:24:07.1515402Z {"version": "1.2.0",
verify	Verify G6 frozen sources serially	2026-10-07T16:24:07.1515914Z  "packagesDir": ".lake/packages",
verify	Verify G6 frozen sources serially	2026-10-07T16:24:07.1516336Z  "packages":
verify	Verify G6 frozen sources serially	2026-10-07T16:24:07.1516681Z  [{"type": "path",
verify	Verify G6 frozen sources serially	2026-10-07T16:24:07.1517034Z    "scope": "",
verify	Verify G6 frozen sources serially	2026-10-07T16:24:07.1517371Z    "name": "mathlib",
verify	Verify G6 frozen sources serially	2026-10-07T16:24:07.1518058Z    "manifestFile": "lake-manifest.json",
verify	Verify G6 frozen sources serially	2026-10-07T16:24:07.1518549Z    "inherited": false,
verify	Verify G6 frozen sources serially	2026-10-07T16:24:07.1518921Z    "dir": "deps/mathlib",
verify	Verify G6 frozen sources serially	2026-10-07T16:24:07.1519345Z    "configFile": "lakefile.lean"},
verify	Verify G6 frozen sources serially	2026-10-07T16:24:07.1519904Z   {"url": "https://github.com/leanprover-community/plausible",
verify	Verify G6 frozen sources serially	2026-10-07T16:24:07.1520560Z    "type": "git",
verify	Verify G6 frozen sources serially	2026-10-07T16:24:07.1521499Z    "subDir": null,
verify	Verify G6 frozen sources serially	2026-10-07T16:24:07.1521991Z    "scope": "leanprover-community",
verify	Verify G6 frozen sources serially	2026-10-07T16:24:07.1522612Z    "rev": "b7eb3304aeae834b12dda98993a37f6a41f6f0bb",
verify	Verify G6 frozen sources serially	2026-10-07T16:24:07.1523306Z    "name": "plausible",
verify	Verify G6 frozen sources serially	2026-10-07T16:24:07.1523875Z    "manifestFile": "lake-manifest.json",
verify	Verify G6 frozen sources serially	2026-10-07T16:24:07.1524505Z    "inputRev": "main",
verify	Verify G6 frozen sources serially	2026-10-07T16:24:07.1525015Z    "inherited": true,
verify	Verify G6 frozen sources serially	2026-10-07T16:24:07.1525530Z    "configFile": "lakefile.toml"},
verify	Verify G6 frozen sources serially	2026-10-07T16:24:07.1526391Z   {"url": "https://github.com/leanprover-community/LeanSearchClient",
verify	Verify G6 frozen sources serially	2026-10-07T16:24:07.1527295Z    "type": "git",
verify	Verify G6 frozen sources serially	2026-10-07T16:24:07.1528191Z    "subDir": null,
verify	Verify G6 frozen sources serially	2026-10-07T16:24:07.1528780Z    "scope": "leanprover-community",
verify	Verify G6 frozen sources serially	2026-10-07T16:24:07.1538740Z    "rev": "5f4d51b81cbd3f6b32b156bfad9056621a040404",
verify	Verify G6 frozen sources serially	2026-10-07T16:24:07.1539315Z    "name": "LeanSearchClient",
verify	Verify G6 frozen sources serially	2026-10-07T16:24:07.1539849Z    "manifestFile": "lake-manifest.json",
verify	Verify G6 frozen sources serially	2026-10-07T16:24:07.1540328Z    "inputRev": "main",
verify	Verify G6 frozen sources serially	2026-10-07T16:24:07.1540713Z    "inherited": true,
verify	Verify G6 frozen sources serially	2026-10-07T16:24:07.1541095Z    "configFile": "lakefile.toml"},
verify	Verify G6 frozen sources serially	2026-10-07T16:24:07.1541685Z   {"url": "https://github.com/leanprover-community/import-graph",
verify	Verify G6 frozen sources serially	2026-10-07T16:24:07.1542831Z    "type": "git",
verify	Verify G6 frozen sources serially	2026-10-07T16:24:07.1543234Z    "subDir": null,
verify	Verify G6 frozen sources serially	2026-10-07T16:24:07.1543634Z    "scope": "leanprover-community",
verify	Verify G6 frozen sources serially	2026-10-07T16:24:07.1544121Z    "rev": "16f02aa7642864af59f1ff0e384a015994db9118",
verify	Verify G6 frozen sources serially	2026-10-07T16:24:07.1544709Z    "name": "importGraph",
verify	Verify G6 frozen sources serially	2026-10-07T16:24:07.1545171Z    "manifestFile": "lake-manifest.json",
verify	Verify G6 frozen sources serially	2026-10-07T16:24:07.1545648Z    "inputRev": "main",
verify	Verify G6 frozen sources serially	2026-10-07T16:24:07.1546026Z    "inherited": true,
verify	Verify G6 frozen sources serially	2026-10-07T16:24:07.1546412Z    "configFile": "lakefile.toml"},
verify	Verify G6 frozen sources serially	2026-10-07T16:24:07.1547002Z   {"url": "https://github.com/leanprover-community/ProofWidgets4",
verify	Verify G6 frozen sources serially	2026-10-07T16:24:07.1547604Z    "type": "git",
verify	Verify G6 frozen sources serially	2026-10-07T16:24:07.1548305Z    "subDir": null,
verify	Verify G6 frozen sources serially	2026-10-07T16:24:07.1548715Z    "scope": "leanprover-community",
verify	Verify G6 frozen sources serially	2026-10-07T16:24:07.1549279Z    "rev": "4be2e3d5087eeb272cf5a8853b8f9dd025ef5957",
verify	Verify G6 frozen sources serially	2026-10-07T16:24:07.1549914Z    "name": "proofwidgets",
verify	Verify G6 frozen sources serially	2026-10-07T16:24:07.1550378Z    "manifestFile": "lake-manifest.json",
verify	Verify G6 frozen sources serially	2026-10-07T16:24:07.1550857Z    "inputRev": "main",
verify	Verify G6 frozen sources serially	2026-10-07T16:24:07.1551216Z    "inherited": true,
verify	Verify G6 frozen sources serially	2026-10-07T16:24:07.1551596Z    "configFile": "lakefile.lean"},
verify	Verify G6 frozen sources serially	2026-10-07T16:24:07.1552132Z   {"url": "https://github.com/leanprover-community/aesop",
verify	Verify G6 frozen sources serially	2026-10-07T16:24:07.1552674Z    "type": "git",
verify	Verify G6 frozen sources serially	2026-10-07T16:24:07.1553009Z    "subDir": null,
verify	Verify G6 frozen sources serially	2026-10-07T16:24:07.1553707Z    "scope": "leanprover-community",
verify	Verify G6 frozen sources serially	2026-10-07T16:24:07.1554219Z    "rev": "3448c0bcc5ce01b2d1546e483ec3620e32df3d0e",
verify	Verify G6 frozen sources serially	2026-10-07T16:24:07.1554724Z    "name": "aesop",
verify	Verify G6 frozen sources serially	2026-10-07T16:24:07.1555104Z    "manifestFile": "lake-manifest.json",
verify	Verify G6 frozen sources serially	2026-10-07T16:24:07.1555718Z    "inputRev": "master",
verify	Verify G6 frozen sources serially	2026-10-07T16:24:07.1556245Z    "inherited": true,
verify	Verify G6 frozen sources serially	2026-10-07T16:24:07.1556730Z    "configFile": "lakefile.toml"},
verify	Verify G6 frozen sources serially	2026-10-07T16:24:07.1557374Z   {"url": "https://github.com/leanprover-community/quote4",
verify	Verify G6 frozen sources serially	2026-10-07T16:24:07.1558314Z    "type": "git",
verify	Verify G6 frozen sources serially	2026-10-07T16:24:07.1558772Z    "subDir": null,
verify	Verify G6 frozen sources serially	2026-10-07T16:24:07.1559249Z    "scope": "leanprover-community",
verify	Verify G6 frozen sources serially	2026-10-07T16:24:07.1559873Z    "rev": "92c15be17b7caf78c2ad767ec40f89052d908d81",
verify	Verify G6 frozen sources serially	2026-10-07T16:24:07.1560490Z    "name": "Qq",
verify	Verify G6 frozen sources serially	2026-10-07T16:24:07.1560982Z    "manifestFile": "lake-manifest.json",
verify	Verify G6 frozen sources serially	2026-10-07T16:24:07.1561770Z    "inputRev": "master",
verify	Verify G6 frozen sources serially	2026-10-07T16:24:07.1562288Z    "inherited": true,
verify	Verify G6 frozen sources serially	2026-10-07T16:24:07.1562684Z    "configFile": "lakefile.toml"},
verify	Verify G6 frozen sources serially	2026-10-07T16:24:07.1563256Z   {"url": "https://github.com/leanprover-community/batteries",
verify	Verify G6 frozen sources serially	2026-10-07T16:24:07.1563835Z    "type": "git",
verify	Verify G6 frozen sources serially	2026-10-07T16:24:07.1564178Z    "subDir": null,
verify	Verify G6 frozen sources serially	2026-10-07T16:24:07.1564553Z    "scope": "leanprover-community",
verify	Verify G6 frozen sources serially	2026-10-07T16:24:07.1565048Z    "rev": "4488d40d070b9700d4d5a6aa342f0d40c31b2a2d",
verify	Verify G6 frozen sources serially	2026-10-07T16:24:07.1565543Z    "name": "batteries",
verify	Verify G6 frozen sources serially	2026-10-07T16:24:07.1565956Z    "manifestFile": "lake-manifest.json",
verify	Verify G6 frozen sources serially	2026-10-07T16:24:07.1566666Z    "inputRev": "main",
verify	Verify G6 frozen sources serially	2026-10-07T16:24:07.1567062Z    "inherited": true,
verify	Verify G6 frozen sources serially	2026-10-07T16:24:07.1567444Z    "configFile": "lakefile.toml"},
verify	Verify G6 frozen sources serially	2026-10-07T16:24:07.1568202Z   {"url": "https://github.com/leanprover/lean4-cli",
verify	Verify G6 frozen sources serially	2026-10-07T16:24:07.1568734Z    "type": "git",
verify	Verify G6 frozen sources serially	2026-10-07T16:24:07.1569081Z    "subDir": null,
verify	Verify G6 frozen sources serially	2026-10-07T16:24:07.1569454Z    "scope": "leanprover",
verify	Verify G6 frozen sources serially	2026-10-07T16:24:07.1569897Z    "rev": "6130a47896ce867c6a4a55373441e59e565bad0f",
verify	Verify G6 frozen sources serially	2026-10-07T16:24:07.1570383Z    "name": "Cli",
verify	Verify G6 frozen sources serially	2026-10-07T16:24:07.1570762Z    "manifestFile": "lake-manifest.json",
verify	Verify G6 frozen sources serially	2026-10-07T16:24:07.1571238Z    "inputRev": "v4.33.0",
verify	Verify G6 frozen sources serially	2026-10-07T16:24:07.1571623Z    "inherited": true,
verify	Verify G6 frozen sources serially	2026-10-07T16:24:07.1572006Z    "configFile": "lakefile.toml"}],
verify	Verify G6 frozen sources serially	2026-10-07T16:24:07.1572446Z  "name": "unifiedLean",
verify	Verify G6 frozen sources serially	2026-10-07T16:24:07.1572822Z  "lakeDir": ".lake",
verify	Verify G6 frozen sources serially	2026-10-07T16:24:07.1573198Z  "fixedToolchain": false}
verify	Verify G6 frozen sources serially	2026-10-07T16:24:07.2611429Z G6_INPUTS {"source_commit": "89dffaa83c107c21922305474f272b4469d828c7", "targets": ["UnifiedLean.G6.FiniteProbability", "UnifiedLean.G6.Conditioning", "UnifiedLean.G6.SourcePrefix", "UnifiedLean.G6.ProgramPrefix"], "modules": {"UnifiedLean.G6.FiniteProbability": {"path": "UnifiedLean/G6/FiniteProbability.lean", "sha256": "9a2bd3035539406b5ee5fafa08c7dca3d5bddbcbbbe1156d328ada81a37ba1c3", "imports": ["Mathlib.Probability.ProbabilityMassFunction.Constructions", "Mathlib.Tactic.Linarith", "Mathlib.Tactic.Ring"]}, "UnifiedLean.G6.Conditioning": {"path": "UnifiedLean/G6/Conditioning.lean", "sha256": "b12f8aaf83ff17b14f9d616dcbb906ae130a00d15685851c9b84eaf15ae95d91", "imports": ["UnifiedLean.G6.FiniteProbability"]}, "UnifiedLean.G6.SourcePrefix": {"path": "UnifiedLean/G6/SourcePrefix.lean", "sha256": "3541c469c821f9f61c3aeebe0baa99456bbfc6db95e4f47fc0cd7913da208314", "imports": ["UnifiedLean.G6.Conditioning", "UnifiedLean.Source.SourcePoissonExponential"]}, "UnifiedLean.Source.SourcePoissonExponential": {"path": "UnifiedLean/Source/SourcePoissonExponential.lean", "sha256": "463eb0e4a9cd9307898eface172100183b8ac9d412c1389a2c5b9ad4981c2d9a", "imports": ["UnifiedLean.Source.SourcePoissonKernel", "UnifiedLean.Source.SourceGeneratorExponential"]}, "UnifiedLean.Source.SourcePoissonKernel": {"path": "UnifiedLean/Source/SourcePoissonKernel.lean", "sha256": "13ab4d1a209554878e189061cbede00154c7b72548465757624cc2e4af66e98c", "imports": ["UnifiedLean.Source.SourceFiniteProjection", "Mathlib.Probability.Distributions.Poisson.Basic"]}, "UnifiedLean.Source.SourceFiniteProjection": {"path": "UnifiedLean/Source/SourceFiniteProjection.lean", "sha256": "09398c920468ba6ead16b523cecd9f86e7648e7063602256ee4634385df1cab3", "imports": ["UnifiedLean.Source.SourceStepGeneratorBinding", "UnifiedLean.Source.MatrixProjectionExponential", "Mathlib.Data.ENNReal.BigOperators"]}, "UnifiedLean.Source.SourceStepGeneratorBinding": {"path": "UnifiedLean/Source/SourceStepGeneratorBinding.lean", "sha256": "8021b8bddcc5cd070185843ca5454dfb289572a2592854efbbdd9e41d48396d0", "imports": ["UnifiedLean.Source.UniformizedSourceStep", "UnifiedLean.Source.SourceForestIntrinsicGenerator", "Mathlib.Probability.ProbabilityMassFunction.Integrals", "Mathlib.MeasureTheory.Integral.Bochner.Basic"]}, "UnifiedLean.Source.UniformizedSourceStep": {"path": "UnifiedLean/Source/UniformizedSourceStep.lean", "sha256": "9d5a95047e3c04f9e12334cd4b5569e36e1dfa2cd4b1573f217eeb559ff9691c", "imports": ["UnifiedLean.Source.FiniteSourceSnapshot", "UnifiedLean.Source.NativePairClockLaw", "SourceForestKingmanPopulationProjection", "Mathlib.Probability.ProbabilityMassFunction.Constructions", "Mathlib.Algebra.BigOperators.Field"]}, "UnifiedLean.Source.FiniteSourceSnapshot": {"path": "UnifiedLean/Source/FiniteSourceSnapshot.lean", "sha256": "4628112bbbc69528748bbc93f8a3f8200bc802a6e72417fb90c39e7acd49f744", "imports": ["UnifiedLean.Source.FiniteGenealogyEncoding", "UnifiedLean.Source.SourceForestSilentPruning"]}, "UnifiedLean.Source.FiniteGenealogyEncoding": {"path": "UnifiedLean/Source/FiniteGenealogyEncoding.lean", "sha256": "3d862f8d9f9a43aed6324954ebea749001fd2b221dd90dd7d58cf4e4419fbcac", "imports": ["UnifiedLean.Source.SourceForestSilentPruning", "Mathlib.Data.Fintype.Sum"]}, "UnifiedLean.Source.SourceForestSilentPruning": {"path": "UnifiedLean/Source/SourceForestSilentPruning.lean", "sha256": "86f61cc8ce06af574ee98b37db0ecd7c8cbc2df99e495ce1b9a66605ea8fb5c2", "imports": ["SourceForestKingmanPopulationProjection"]}, "SourceForestKingmanPopulationProjection": {"path": "Imported/SourceForestKingmanPopulationProjection.lean", "sha256": "e8733ab8e66c60f98cfcfcd56e703b55a5ad8674dc5361f4ac6cb0c35f80f6e4", "imports": ["SourceForestKingmanProjection"]}, "SourceForestKingmanProjection": {"path": "Imported/SourceForestKingmanProjection.lean", "sha256": "781d4a7ee62e5e98fa15e056e201a2c753a2f945bd536cf9df6cb04d906511a0", "imports": ["SourceLabelledForest", "Mathlib.Data.Real.Basic", "Mathlib.Data.Finset.Prod", "Mathlib.Algebra.BigOperators.Group.Finset.Basic", "Mathlib.Tactic.NormNum"]}, "SourceLabelledForest": {"path": "Imported/SourceLabelledForest.lean", "sha256": "d6e5b2b57cf03091f8b5b5a2c80cf49de39bab938c50a467b46b30e08f12871d", "imports": ["G2LiveLineageRouting", "Mathlib.Data.Finset.Card", "Mathlib.Data.Fintype.BigOperators", "Mathlib.Algebra.BigOperators.Ring.Finset", "Mathlib.Algebra.Order.BigOperators.GroupWithZero.Finset", "Mathlib.Algebra.Order.BigOperators.Group.Finset", "Mathlib.Algebra.BigOperators.GroupWithZero.Finset", "Lean.Elab.Tactic.Omega"]}, "G2LiveLineageRouting": {"path": "Imported/G2LiveLineageRouting.lean", "sha256": "bf33f6be93e61960aa637df34d1197316669d6f2ddde6d743ac405a010cb05af", "imports": ["SourceNetwork", "Mathlib.Data.Rat.Lemmas", "Mathlib.Tactic.Ring"]}, "SourceNetwork": {"path": "Imported/SourceNetwork.lean", "sha256": "0e0a2a3ed6bdbbd7242980a6428ebf8ec0ec85d077d2ccf9cd8dfef4e1bd2eb7", "imports": ["Mathlib.Data.Fintype.Card", "Mathlib.Logic.Relation"]}, "UnifiedLean.Source.NativePairClockLaw": {"path": "UnifiedLean/Source/NativePairClockLaw.lean", "sha256": "470738f7397f640a76374f791c485d757d1e2ac38769a11f05d0abc03c8aa9ae", "imports": ["UnifiedLean.Source.NativeParentRouting", "G4AllRootPairClocks", "Mathlib.Data.ENNReal.BigOperators"]}, "UnifiedLean.Source.NativeParentRouting": {"path": "UnifiedLean/Source/NativeParentRouting.lean", "sha256": "300d7216193e945ca26161535c1bc2ba75a128fe5c075b6a3567bbda66bfe0b6", "imports": ["G5OriginalRouteHazard", "G4PathResolvedMeasurement", "Mathlib.MeasureTheory.Constructions.Pi", "Mathlib.Data.Finset.Card"]}, "G5OriginalRouteHazard": {"path": "Imported/G5OriginalRouteHazard.lean", "sha256": "9cf84860342b132e474d034ae05034129b47aa116e8bcf0e965989e7e58e4e8a", "imports": ["G5SafePastMeetingPermanence", "G5UnknownRateSupport", "Mathlib.Data.Finset.Max"]}, "G5SafePastMeetingPermanence": {"path": "Imported/G5SafePastMeetingPermanence.lean", "sha256": "30864de3e16b9d9b9a80c0139ac2173e10cf71f4b30e2b324dee9d54d0eefc9e", "imports": ["G5PairOnlySureBlockChronology"]}, "G5PairOnlySureBlockChronology": {"path": "Imported/G5PairOnlySureBlockChronology.lean", "sha256": "1ac87b91536cbe08b2ec4afe4ca3ea28c21386b6c432c6bd81731a30ea39871b", "imports": ["G5SafePastHybridDisjointness"]}, "G5SafePastHybridDisjointness": {"path": "Imported/G5SafePastHybridDisjointness.lean", "sha256": "99c5803e9c056152a260eccff1b8351239c12ca9e5ef40b51a419419992efe97", "imports": ["G5ProtectiveBlock", "G5ParentPositionPushforward"]}, "G5ProtectiveBlock": {"path": "Imported/G5ProtectiveBlock.lean", "sha256": "45d1f8284504ee2b591c4d56654ce7375e3979b1a97495fc439c6f4477dcffe9", "imports": ["G5CalendarRoutes"]}, "G5CalendarRoutes": {"path": "Imported/G5CalendarRoutes.lean", "sha256": "db0e9421d59009e4119ac42e7e86517ada50f5007a314fd430f4b0937f6c80fd", "imports": ["G5BridgeBarrier", "Mathlib.Data.Real.Basic", "Mathlib.Tactic.Linarith"]}, "G5BridgeBarrier": {"path": "Imported/G5BridgeBarrier.lean", "sha256": "0e2af6987c473e34c09a74ab41b3ede45ce049cbc04fde42b1d2108162467f77", "imports": ["GraphCuts"]}, "GraphCuts": {"path": "Imported/GraphCuts.lean", "sha256": "a877489ce00643ef1bf96b14d484453797891c718445ce157aa7a54beefce2e5", "imports": ["GraphLeaves"]}, "GraphLeaves": {"path": "Imported/GraphLeaves.lean", "sha256": "9d7e0f1756768fe32d4b38514c36bd961a306fb21dcf6b7fb27f5e6285a5f49b", "imports": ["SourceNetwork", "Mathlib.Data.Fintype.EquivFin"]}, "G5ParentPositionPushforward": {"path": "Imported/G5ParentPositionPushforward.lean", "sha256": "4f81aef02bb0f225aea6b377757f9282d336da685eb3e728dad1cf133f83d8db", "imports": ["G5ParentChoiceCalendar", "G5OriginalCoinPMF"]}, "G5ParentChoiceCalendar": {"path": "Imported/G5ParentChoiceCalendar.lean", "sha256": "357d5e59016672583318546b03bebb04ccdd5fbf95247cab22c98465dbf715b9", "imports": ["G5OriginalTipCurrentSupport"]}, "G5OriginalTipCurrentSupport": {"path": "Imported/G5OriginalTipCurrentSupport.lean", "sha256": "4324f00cb8db4d3c6ab0bfaa5e7283fcde521568f40d95aaddb9e32f896cdba2", "imports": ["G5CurrentPortTwoPositions"]}, "G5CurrentPortTwoPositions": {"path": "Imported/G5CurrentPortTwoPositions.lean", "sha256": "c24d3d860a5369434f6d236c37003d3045e6452fd57dd21396dd877a5a452ce9", "imports": ["G5RootRouteCurrentSupport"]}, "G5RootRouteCurrentSupport": {"path": "Imported/G5RootRouteCurrentSupport.lean", "sha256": "c72a58ae14539e524c37c97193d2343158eff784557fef12a7e4b7360157b554", "imports": ["G5ActualComponentSupport"]}, "G5ActualComponentSupport": {"path": "Imported/G5ActualComponentSupport.lean", "sha256": "5da0a86f2d1caf9b3a78a0fd75765194fa5652ad1a55c09382502d8354faaec7", "imports": ["G5ComponentCalendarCoverage"]}, "G5ComponentCalendarCoverage": {"path": "Imported/G5ComponentCalendarCoverage.lean", "sha256": "3d73d592d4c129b1b06f2eccd48a94fd8afe1e50f030a5eb18e8c3ddb9f12c10", "imports": ["G5BridgeComponentEntries", "G5NonbridgeRouteBound", "Mathlib.Tactic"]}, "G5BridgeComponentEntries": {"path": "Imported/G5BridgeComponentEntries.lean", "sha256": "286bcf82d6f79056a8d0d443aa6d4f19c7ca5a72669e62d8f2f4868ef0d6acc6", "imports": ["G6BridgeCannotEnterHybrid", "G5CalendarRoutes"]}, "G6BridgeCannotEnterHybrid": {"path": "Imported/G6BridgeCannotEnterHybrid.lean", "sha256": "60befd0f3660e56b46ca80f17a0c11f8ecd415833d0d52fad5ecafef7df6389e", "imports": ["G5MinimalGraphInterface", "G2LiveLineageRouting"]}, "G5MinimalGraphInterface": {"path": "Imported/G5MinimalGraphInterface.lean", "sha256": "20e09481ee4518de56cf201c978d98b4cec0d94c0fbfebd40008d3a3fa799281", "imports": ["GraphCuts"]}, "G5NonbridgeRouteBound": {"path": "Imported/G5NonbridgeRouteBound.lean", "sha256": "7a0c7b0010fe42167fab26da7daf366f695c448b283a211751c5dd5416920525", "imports": ["G5CalendarRoutes", "Mathlib.Data.Fintype.Card"]}, "G5OriginalCoinPMF": {"path": "Imported/G5OriginalCoinPMF.lean", "sha256": "ae0e933761b49e5ca244a1756b77ba3c0e545bf1aa33ca75d51fc8caf8a1b5c1", "imports": ["G5FairOriginalCoinLaw"]}, "G5FairOriginalCoinLaw": {"path": "Imported/G5FairOriginalCoinLaw.lean", "sha256": "6a8905aa53481bdc37914e5d01197af12a9ddde1ffc42fc4b896603a6b61aa8e", "imports": ["SourceLabelledForest", "G5FairSelectorMoments", "Mathlib.Data.Rat.BigOperators", "Mathlib.Data.ENNReal.BigOperators", "Mathlib.Algebra.BigOperators.Group.Finset.Sigma"]}, "G5FairSelectorMoments": {"path": "Imported/G5FairSelectorMoments.lean", "sha256": "97a29621340a7dd103409ee8ce84675560f4b8e03aa7db63314ca24b337be71f", "imports": ["G5CoupledQuartetKernel", "Mathlib.Probability.Distributions.Uniform"]}, "G5CoupledQuartetKernel": {"path": "Imported/G5CoupledQuartetKernel.lean", "sha256": "f9275364f5777a968c37ce39c24ea95179d23b4e54414463a62a4860c33361c1", "imports": ["Mathlib.Tactic"]}, "G5UnknownRateSupport": {"path": "Imported/G5UnknownRateSupport.lean", "sha256": "5138246c24f49bc7b4b2adf28fd776b1b89f16e5cf7bc5bfa1b27c97afa7fa93", "imports": ["G5ExponentialGermIdentification", "Mathlib.Algebra.BigOperators.Finsupp.Basic"]}, "G5ExponentialGermIdentification": {"path": "Imported/G5ExponentialGermIdentification.lean", "sha256": "c87eb5933db663acbed6128f9898ed357c1c0ba9a8fbf287ebb04cbecffa13d0", "imports": ["Mathlib.LinearAlgebra.Vandermonde", "Mathlib.Analysis.SpecialFunctions.Exp", "Mathlib.Tactic.Linarith", "Mathlib.Tactic.Ring"]}, "G4PathResolvedMeasurement": {"path": "Imported/G4PathResolvedMeasurement.lean", "sha256": "af20fe6e206d9b407ad7b16310d75eb12191b0b7a137d189b466209ed02f0eb9", "imports": ["G4TwoRootSourceStopping", "G4AllRootPairClocks", "Mathlib.Probability.ProbabilityMassFunction.Constructions", "Mathlib.Algebra.BigOperators.Ring.Finset", "Mathlib.Algebra.Order.BigOperators.GroupWithZero.Finset"]}, "G4TwoRootSourceStopping": {"path": "Imported/G4TwoRootSourceStopping.lean", "sha256": "b5dd33d135fcb9267ae3297229e51434b5cfd434e08ef89ecacf34affd5e541d", "imports": ["Mathlib.Data.Real.Basic", "Mathlib.Data.Fintype.Basic", "Mathlib.Algebra.BigOperators.Group.Finset.Basic", "Mathlib.Tactic.Ring", "Mathlib.Tactic.Linarith", "Mathlib.Tactic.Positivity"]}, "G4AllRootPairClocks": {"path": "Imported/G4AllRootPairClocks.lean", "sha256": "149c8603c734e2ccb021963be42609698285033c1296b2bca18d0716f4258744", "imports": ["G4IndependentRoutingBridge", "Mathlib.MeasureTheory.Constructions.Pi", "Mathlib.Data.Fintype.Powerset", "Mathlib.Data.ENNReal.BigOperators"]}, "G4IndependentRoutingBridge": {"path": "Imported/G4IndependentRoutingBridge.lean", "sha256": "e30d82ea7e57138d463c779205dfcf686b520cb649d9d5767ee3c13853f19f6b", "imports": ["G2LiveLineageRouting", "G1SharedRegisterStress", "Mathlib.Data.Nat.Choose.Basic", "Lean.Elab.Tactic.Omega", "G4FourRootPositivity", "Mathlib.Data.Fin.Tuple.Basic", "Mathlib.Data.Fintype.BigOperators", "Mathlib.Algebra.BigOperators.Fin", "Mathlib.Algebra.Order.BigOperators.GroupWithZero.Finset", "Mathlib.Algebra.BigOperators.Ring.Finset", "Mathlib.Tactic.NormNum"]}, "G1SharedRegisterStress": {"path": "Imported/G1SharedRegisterStress.lean", "sha256": "d65004b11e07bb553637161bd7b1395186ea20e2c39e7c50c800af4871f018db", "imports": ["Mathlib.Probability.Distributions.Exponential", "Mathlib.Analysis.SpecialFunctions.Log.Basic", "Mathlib.Tactic.Ring", "Mathlib.Tactic.NormNum"]}, "G4FourRootPositivity": {"path": "Imported/G4FourRootPositivity.lean", "sha256": "24823aa835fb0649d8754777d975315e82ead74d3f065093e2d03c743f7356fa", "imports": ["Mathlib.Data.Real.Basic", "Mathlib.Tactic.Ring", "Mathlib.Tactic.Linarith", "Mathlib.Tactic.Positivity"]}, "UnifiedLean.Source.SourceForestIntrinsicGenerator": {"path": "UnifiedLean/Source/SourceForestIntrinsicGenerator.lean", "sha256": "b282351bf116ae756c7e9c6ee1e3cbace41a8d753b47cac7e53c4a918c82d16f", "imports": ["UnifiedLean.Source.SourceForestGeneratorIntertwining"]}, "UnifiedLean.Source.SourceForestGeneratorIntertwining": {"path": "UnifiedLean/Source/SourceForestGeneratorIntertwining.lean", "sha256": "b186f0d381b0e62078d887f90ce46ecbe91def99ec66ec51c98053b9d60c0f28", "imports": ["UnifiedLean.Source.SourceForestSilentPruning", "Mathlib.Algebra.BigOperators.Group.Finset.Basic"]}, "UnifiedLean.Source.MatrixProjectionExponential": {"path": "UnifiedLean/Source/MatrixProjectionExponential.lean", "sha256": "870438089e6cf05dd93761172ea1bf6b2aa96654708e97b9d348e0dfcb44dfa2", "imports": ["Mathlib.Analysis.Normed.Algebra.MatrixExponential"]}, "UnifiedLean.Source.SourceGeneratorExponential": {"path": "UnifiedLean/Source/SourceGeneratorExponential.lean", "sha256": "f761ddf2f5efb9906ec8f841567d02fae946cce763260f238834a147090e461d", "imports": ["UnifiedLean.Source.SourceFiniteProjection"]}, "UnifiedLean.G6.ProgramPrefix": {"path": "UnifiedLean/G6/ProgramPrefix.lean", "sha256": "ea11fc6752e4150a483c7a31c6999bcd64aa66d492e9dafcea4380a989577d81", "imports": ["UnifiedLean.G6.SourcePrefix", "UnifiedLean.Source.SourceProgramTransport"]}, "UnifiedLean.Source.SourceProgramTransport": {"path": "UnifiedLean/Source/SourceProgramTransport.lean", "sha256": "d009fdfc510bfcaffaeea3bc241401eaf2996178ff4b82376eb22f1e49387831", "imports": ["UnifiedLean.Source.SourceBoundaryProjection", "UnifiedLean.Source.SourcePoissonKernel"]}, "UnifiedLean.Source.SourceBoundaryProjection": {"path": "UnifiedLean/Source/SourceBoundaryProjection.lean", "sha256": "f1cb1e557b5f08cba2d37465bc4386bc6adc2f19fd12a132f7d6f835b1e24f0f", "imports": ["UnifiedLean.Source.SourceBoundaryKernels"]}, "UnifiedLean.Source.SourceBoundaryKernels": {"path": "UnifiedLean/Source/SourceBoundaryKernels.lean", "sha256": "994b25e798e39889a56084b267c3e896580cd21e902764c3c6922d9bfdd6070d", "imports": ["UnifiedLean.Source.SourceFiniteProjection", "UnifiedLean.Source.SourceForestPulseMeasure", "UnifiedLean.Source.SourceForestCommonPulse"]}, "UnifiedLean.Source.SourceForestPulseMeasure": {"path": "UnifiedLean/Source/SourceForestPulseMeasure.lean", "sha256": "04a3a1c1f027903e62b77f966639c80da77aaa776871a0d9bd0657eac35b9e4f", "imports": ["UnifiedLean.Source.SourceForestPulseTransport", "Mathlib.Probability.Distributions.Bernoulli", "Mathlib.MeasureTheory.Constructions.Pi"]}, "UnifiedLean.Source.SourceForestPulseTransport": {"path": "UnifiedLean/Source/SourceForestPulseTransport.lean", "sha256": "8e1a3d62afab25247dd3a281d30f7dc20db1949ea1b589c2d77980b3b48874f1", "imports": ["UnifiedLean.Source.SourceForestIntrinsicGenerator", "G2LiveLineageRouting"]}, "UnifiedLean.Source.SourceForestCommonPulse": {"path": "UnifiedLean/Source/SourceForestCommonPulse.lean", "sha256": "cac1082f66a84b943dbc8ba9f2e8082ce12bbb42a4b1503e31722597b0faa138", "imports": ["UnifiedLean.Source.SourceForestPulseTransport"]}}, "topological_order": ["UnifiedLean.G6.FiniteProbability", "UnifiedLean.G6.Conditioning", "SourceNetwork", "G2LiveLineageRouting", "SourceLabelledForest", "SourceForestKingmanProjection", "SourceForestKingmanPopulationProjection", "UnifiedLean.Source.SourceForestSilentPruning", "UnifiedLean.Source.FiniteGenealogyEncoding", "UnifiedLean.Source.FiniteSourceSnapshot", "GraphLeaves", "GraphCuts", "G5BridgeBarrier", "G5CalendarRoutes", "G5ProtectiveBlock", "G5MinimalGraphInterface", "G6BridgeCannotEnterHybrid", "G5BridgeComponentEntries", "G5NonbridgeRouteBound", "G5ComponentCalendarCoverage", "G5ActualComponentSupport", "G5RootRouteCurrentSupport", "G5CurrentPortTwoPositions", "G5OriginalTipCurrentSupport", "G5ParentChoiceCalendar", "G5CoupledQuartetKernel", "G5FairSelectorMoments", "G5FairOriginalCoinLaw", "G5OriginalCoinPMF", "G5ParentPositionPushforward", "G5SafePastHybridDisjointness", "G5PairOnlySureBlockChronology", "G5SafePastMeetingPermanence", "G5ExponentialGermIdentification", "G5UnknownRateSupport", "G5OriginalRouteHazard", "G4TwoRootSourceStopping", "G1SharedRegisterStress", "G4FourRootPositivity", "G4IndependentRoutingBridge", "G4AllRootPairClocks", "G4PathResolvedMeasurement", "UnifiedLean.Source.NativeParentRouting", "UnifiedLean.Source.NativePairClockLaw", "UnifiedLean.Source.UniformizedSourceStep", "UnifiedLean.Source.SourceForestGeneratorIntertwining", "UnifiedLean.Source.SourceForestIntrinsicGenerator", "UnifiedLean.Source.SourceStepGeneratorBinding", "UnifiedLean.Source.MatrixProjectionExponential", "UnifiedLean.Source.SourceFiniteProjection", "UnifiedLean.Source.SourcePoissonKernel", "UnifiedLean.Source.SourceGeneratorExponential", "UnifiedLean.Source.SourcePoissonExponential", "UnifiedLean.G6.SourcePrefix", "UnifiedLean.Source.SourceForestPulseTransport", "UnifiedLean.Source.SourceForestPulseMeasure", "UnifiedLean.Source.SourceForestCommonPulse", "UnifiedLean.Source.SourceBoundaryKernels", "UnifiedLean.Source.SourceBoundaryProjection", "UnifiedLean.Source.SourceProgramTransport", "UnifiedLean.G6.ProgramPrefix"], "mathlib_roots": ["Mathlib.Algebra.BigOperators.Field", "Mathlib.Algebra.BigOperators.Fin", "Mathlib.Algebra.BigOperators.Finsupp.Basic", "Mathlib.Algebra.BigOperators.Group.Finset.Basic", "Mathlib.Algebra.BigOperators.Group.Finset.Sigma", "Mathlib.Algebra.BigOperators.GroupWithZero.Finset", "Mathlib.Algebra.BigOperators.Ring.Finset", "Mathlib.Algebra.Order.BigOperators.Group.Finset", "Mathlib.Algebra.Order.BigOperators.GroupWithZero.Finset", "Mathlib.Analysis.Normed.Algebra.MatrixExponential", "Mathlib.Analysis.SpecialFunctions.Exp", "Mathlib.Analysis.SpecialFunctions.Log.Basic", "Mathlib.Data.ENNReal.BigOperators", "Mathlib.Data.Fin.Tuple.Basic", "Mathlib.Data.Finset.Card", "Mathlib.Data.Finset.Max", "Mathlib.Data.Finset.Prod", "Mathlib.Data.Fintype.Basic", "Mathlib.Data.Fintype.BigOperators", "Mathlib.Data.Fintype.Card", "Mathlib.Data.Fintype.EquivFin", "Mathlib.Data.Fintype.Powerset", "Mathlib.Data.Fintype.Sum", "Mathlib.Data.Nat.Choose.Basic", "Mathlib.Data.Rat.BigOperators", "Mathlib.Data.Rat.Lemmas", "Mathlib.Data.Real.Basic", "Mathlib.LinearAlgebra.Vandermonde", "Mathlib.Logic.Relation", "Mathlib.MeasureTheory.Constructions.Pi", "Mathlib.MeasureTheory.Integral.Bochner.Basic", "Mathlib.Probability.Distributions.Bernoulli", "Mathlib.Probability.Distributions.Exponential", "Mathlib.Probability.Distributions.Poisson.Basic", "Mathlib.Probability.Distributions.Uniform", "Mathlib.Probability.ProbabilityMassFunction.Constructions", "Mathlib.Probability.ProbabilityMassFunction.Integrals", "Mathlib.Tactic", "Mathlib.Tactic.Linarith", "Mathlib.Tactic.NormNum", "Mathlib.Tactic.Positivity", "Mathlib.Tactic.Ring"], "dependencies": {"lean_version": "Lean (version 4.33.1, x86_64-unknown-linux-gnu, commit 819816b2e0a3bf405af45ae5c7af2491d8f5bee6, Release)", "lean_executable_sha256": "e8baaa71855a616dc351028f3ad2200051b0671f423a1696a100e809302d5550", "mathlib_commit": "0df444a360eaa60ab8c11dca51a86af692955474", "lake_manifest_sha256": "3e6db0717fa282f57960b18408add3f7d7997226dd1889d362c66c16cb0f54f2", "lake_registration_sha256": "da34bf3320beb9482cdb7148daaf54e5a098ccef8dfeab40b764e97f11fd4a0c", "verification_script_sha256": "de3d56ec1e5121c9253c3f14226c426dfe169b3da50d82cfdf8993ebf77f21ea"}}
verify	Verify G6 frozen sources serially	2026-10-07T16:24:07.2765955Z G6_COMMAND {"argv": ["lake", "exe", "cache", "get", "Mathlib.Algebra.BigOperators.Field", "Mathlib.Algebra.BigOperators.Fin", "Mathlib.Algebra.BigOperators.Finsupp.Basic", "Mathlib.Algebra.BigOperators.Group.Finset.Basic", "Mathlib.Algebra.BigOperators.Group.Finset.Sigma", "Mathlib.Algebra.BigOperators.GroupWithZero.Finset", "Mathlib.Algebra.BigOperators.Ring.Finset", "Mathlib.Algebra.Order.BigOperators.Group.Finset", "Mathlib.Algebra.Order.BigOperators.GroupWithZero.Finset", "Mathlib.Analysis.Normed.Algebra.MatrixExponential", "Mathlib.Analysis.SpecialFunctions.Exp", "Mathlib.Analysis.SpecialFunctions.Log.Basic", "Mathlib.Data.ENNReal.BigOperators", "Mathlib.Data.Fin.Tuple.Basic", "Mathlib.Data.Finset.Card", "Mathlib.Data.Finset.Max", "Mathlib.Data.Finset.Prod", "Mathlib.Data.Fintype.Basic", "Mathlib.Data.Fintype.BigOperators", "Mathlib.Data.Fintype.Card", "Mathlib.Data.Fintype.EquivFin", "Mathlib.Data.Fintype.Powerset", "Mathlib.Data.Fintype.Sum", "Mathlib.Data.Nat.Choose.Basic", "Mathlib.Data.Rat.BigOperators", "Mathlib.Data.Rat.Lemmas", "Mathlib.Data.Real.Basic", "Mathlib.LinearAlgebra.Vandermonde", "Mathlib.Logic.Relation", "Mathlib.MeasureTheory.Constructions.Pi", "Mathlib.MeasureTheory.Integral.Bochner.Basic", "Mathlib.Probability.Distributions.Bernoulli", "Mathlib.Probability.Distributions.Exponential", "Mathlib.Probability.Distributions.Poisson.Basic", "Mathlib.Probability.Distributions.Uniform", "Mathlib.Probability.ProbabilityMassFunction.Constructions", "Mathlib.Probability.ProbabilityMassFunction.Integrals", "Mathlib.Tactic", "Mathlib.Tactic.Linarith", "Mathlib.Tactic.NormNum", "Mathlib.Tactic.Positivity", "Mathlib.Tactic.Ring"], "cwd": "/home/runner/work/_temp/g6-cloud-build", "start": "2026-10-07T16:24:07.247678+00:00"}
verify	Verify G6 frozen sources serially	2026-10-07T16:24:42.5606865Z ✔ [1/5] Built Cache.Cli (284ms)
verify	Verify G6 frozen sources serially	2026-10-07T16:24:42.5607460Z ✔ [3/10] Built Cache.Lean (346ms)
verify	Verify G6 frozen sources serially	2026-10-07T16:24:42.5608345Z ✔ [5/11] Built Batteries.Tactic.OpenPrivate (798ms)
verify	Verify G6 frozen sources serially	2026-10-07T16:24:42.5609172Z ✔ [6/11] Built Cache.Infra (347ms)
verify	Verify G6 frozen sources serially	2026-10-07T16:24:42.5609796Z ✔ [7/12] Built Cache.IO (1.3s)
verify	Verify G6 frozen sources serially	2026-10-07T16:24:42.5610417Z ✔ [9/26] Built Cache.Hashing (741ms)
verify	Verify G6 frozen sources serially	2026-10-07T16:24:42.5611084Z ✔ [10/26] Built Cache.Requests (1.9s)
verify	Verify G6 frozen sources serially	2026-10-07T16:24:42.5611746Z ✔ [11/26] Built Cache.Cli:c.o (139ms)
verify	Verify G6 frozen sources serially	2026-10-07T16:24:42.5612410Z ✔ [12/26] Built Cache.Lean:c.o (157ms)
verify	Verify G6 frozen sources serially	2026-10-07T16:24:42.5613189Z ✔ [13/26] Built Batteries.Tactic.OpenPrivate:c.o (1.2s)
verify	Verify G6 frozen sources serially	2026-10-07T16:24:42.5613962Z ✔ [14/26] Built Cache.IO:c.o (1.6s)
verify	Verify G6 frozen sources serially	2026-10-07T16:24:42.5614549Z ✔ [15/26] Built Cache.Hashing:c.o (443ms)
verify	Verify G6 frozen sources serially	2026-10-07T16:24:42.5615154Z ✔ [16/26] Built Cache.Infra:c.o (218ms)
verify	Verify G6 frozen sources serially	2026-10-07T16:24:42.5615779Z ✔ [17/26] Built Cache.Requests:c.o (2.9s)
verify	Verify G6 frozen sources serially	2026-10-07T16:24:42.5616448Z ✔ [18/26] Built Cache.Marker (545ms)
verify	Verify G6 frozen sources serially	2026-10-07T16:24:42.5617138Z ✔ [19/26] Built Cache.Marker:c.o (125ms)
verify	Verify G6 frozen sources serially	2026-10-07T16:24:42.5618491Z ✔ [20/26] Built Cache.Query (694ms)
verify	Verify G6 frozen sources serially	2026-10-07T16:24:42.5619175Z ✔ [21/26] Built Cache.Query:c.o (316ms)
verify	Verify G6 frozen sources serially	2026-10-07T16:24:42.5619759Z ✔ [22/26] Built Cache.Warning (614ms)
verify	Verify G6 frozen sources serially	2026-10-07T16:24:42.5620247Z ✔ [23/26] Built Cache.Warning:c.o (271ms)
verify	Verify G6 frozen sources serially	2026-10-07T16:24:42.5620732Z ✔ [24/26] Built Cache.Main (1.1s)
verify	Verify G6 frozen sources serially	2026-10-07T16:24:42.5621191Z ✔ [25/26] Built Cache.Main:c.o (979ms)
verify	Verify G6 frozen sources serially	2026-10-07T16:24:42.5621664Z ✔ [26/26] Built cache:exe (747ms)
verify	Verify G6 frozen sources serially	2026-10-07T16:24:42.5622048Z Current branch: HEAD
verify	Verify G6 frozen sources serially	2026-10-07T16:24:42.5622510Z Using cache from origin: (some leanprover-community/mathlib4)
verify	Verify G6 frozen sources serially	2026-10-07T16:24:42.5623624Z Attempting to download 3582 file(s) from leanprover-community/mathlib4 cache at https://lakecache.blob.core.windows.net/mathlib4-master
verify	Verify G6 frozen sources serially	2026-10-07T16:24:42.5624493Z 
verify	Verify G6 frozen sources serially	2026-10-07T16:24:42.5624801Z Downloaded: 1 file(s) [attempted 1/3582 = 0%, 21 KB/s], Decompressed: 0
verify	Verify G6 frozen sources serially	2026-10-07T16:24:42.5625569Z Downloaded: 72 file(s) [attempted 72/3582 = 2%, 1162 KB/s], Decompressed: 10
verify	Verify G6 frozen sources serially	2026-10-07T16:24:42.5626370Z Downloaded: 161 file(s) [attempted 161/3582 = 4%, 1576 KB/s], Decompressed: 33
verify	Verify G6 frozen sources serially	2026-10-07T16:24:42.5627150Z Downloaded: 264 file(s) [attempted 264/3582 = 7%, 513 KB/s], Decompressed: 33
verify	Verify G6 frozen sources serially	2026-10-07T16:24:42.5628488Z Downloaded: 365 file(s) [attempted 365/3582 = 10%, 211 KB/s], Decompressed: 91
verify	Verify G6 frozen sources serially	2026-10-07T16:24:42.5629277Z Downloaded: 453 file(s) [attempted 453/3582 = 12%, 913 KB/s], Decompressed: 91
verify	Verify G6 frozen sources serially	2026-10-07T16:24:42.5630050Z Downloaded: 535 file(s) [attempted 535/3582 = 14%, 256 KB/s], Decompressed: 91
verify	Verify G6 frozen sources serially	2026-10-07T16:24:42.5630825Z Downloaded: 628 file(s) [attempted 628/3582 = 17%, 229 KB/s], Decompressed: 91
verify	Verify G6 frozen sources serially	2026-10-07T16:24:42.5631594Z Downloaded: 724 file(s) [attempted 724/3582 = 20%, 588 KB/s], Decompressed: 91
verify	Verify G6 frozen sources serially	2026-10-07T16:24:42.5632384Z Downloaded: 824 file(s) [attempted 824/3582 = 23%, 314 KB/s], Decompressed: 91
verify	Verify G6 frozen sources serially	2026-10-07T16:24:42.5633180Z Downloaded: 884 file(s) [attempted 884/3582 = 24%, 388 KB/s], Decompressed: 276
verify	Verify G6 frozen sources serially	2026-10-07T16:24:42.5634015Z Downloaded: 982 file(s) [attempted 982/3582 = 27%, 3342 KB/s], Decompressed: 276
verify	Verify G6 frozen sources serially	2026-10-07T16:24:42.5634789Z Downloaded: 1078 file(s) [attempted 1078/3582 = 30%, 689 KB/s], Decompressed: 276
verify	Verify G6 frozen sources serially	2026-10-07T16:24:42.5635323Z Downloaded: 1150 file(s) [attempted 1150/3582 = 32%, 404 KB/s], Decompressed: 276
verify	Verify G6 frozen sources serially	2026-10-07T16:24:42.5635807Z Downloaded: 1229 file(s) [attempted 1229/3582 = 34%, 109 KB/s], Decompressed: 276
verify	Verify G6 frozen sources serially	2026-10-07T16:24:42.5636301Z Downloaded: 1327 file(s) [attempted 1327/3582 = 37%, 4186 KB/s], Decompressed: 276
verify	Verify G6 frozen sources serially	2026-10-07T16:24:42.5636788Z Downloaded: 1425 file(s) [attempted 1425/3582 = 39%, 914 KB/s], Decompressed: 276
verify	Verify G6 frozen sources serially	2026-10-07T16:24:42.5637266Z Downloaded: 1506 file(s) [attempted 1506/3582 = 42%, 1681 KB/s], Decompressed: 276
verify	Verify G6 frozen sources serially	2026-10-07T16:24:42.5638280Z Downloaded: 1576 file(s) [attempted 1576/3582 = 43%, 4084 KB/s], Decompressed: 276
verify	Verify G6 frozen sources serially	2026-10-07T16:24:42.5639025Z Downloaded: 1674 file(s) [attempted 1674/3582 = 46%, 1329 KB/s], Decompressed: 276
verify	Verify G6 frozen sources serially	2026-10-07T16:24:42.5639518Z Downloaded: 1746 file(s) [attempted 1746/3582 = 48%, 262 KB/s], Decompressed: 276
verify	Verify G6 frozen sources serially	2026-10-07T16:24:42.5640006Z Downloaded: 1823 file(s) [attempted 1823/3582 = 50%, 2952 KB/s], Decompressed: 276
verify	Verify G6 frozen sources serially	2026-10-07T16:24:42.5640494Z Downloaded: 1925 file(s) [attempted 1925/3582 = 53%, 1068 KB/s], Decompressed: 276
verify	Verify G6 frozen sources serially	2026-10-07T16:24:42.5640972Z Downloaded: 2021 file(s) [attempted 2021/3582 = 56%, 1707 KB/s], Decompressed: 276
verify	Verify G6 frozen sources serially	2026-10-07T16:24:42.5641467Z Downloaded: 2074 file(s) [attempted 2074/3582 = 57%, 3366 KB/s], Decompressed: 276
verify	Verify G6 frozen sources serially	2026-10-07T16:24:42.5641950Z Downloaded: 2174 file(s) [attempted 2174/3582 = 60%, 2779 KB/s], Decompressed: 276
verify	Verify G6 frozen sources serially	2026-10-07T16:24:42.5642485Z Downloaded: 2228 file(s) [attempted 2228/3582 = 62%, 194 KB/s], Decompressed: 276
verify	Verify G6 frozen sources serially	2026-10-07T16:24:42.5642967Z Downloaded: 2323 file(s) [attempted 2323/3582 = 64%, 1950 KB/s], Decompressed: 828
verify	Verify G6 frozen sources serially	2026-10-07T16:24:42.5643444Z Downloaded: 2419 file(s) [attempted 2419/3582 = 67%, 653 KB/s], Decompressed: 828
verify	Verify G6 frozen sources serially	2026-10-07T16:24:42.5643922Z Downloaded: 2505 file(s) [attempted 2505/3582 = 69%, 662 KB/s], Decompressed: 828
verify	Verify G6 frozen sources serially	2026-10-07T16:24:42.5644599Z Downloaded: 2607 file(s) [attempted 2607/3582 = 72%, 700 KB/s], Decompressed: 828
verify	Verify G6 frozen sources serially	2026-10-07T16:24:42.5645078Z Downloaded: 2710 file(s) [attempted 2710/3582 = 75%, 382 KB/s], Decompressed: 828
verify	Verify G6 frozen sources serially	2026-10-07T16:24:42.5645559Z Downloaded: 2791 file(s) [attempted 2791/3582 = 77%, 1897 KB/s], Decompressed: 828
verify	Verify G6 frozen sources serially	2026-10-07T16:24:42.5646033Z Downloaded: 2882 file(s) [attempted 2882/3582 = 80%, 101 KB/s], Decompressed: 828
verify	Verify G6 frozen sources serially	2026-10-07T16:24:42.5646507Z Downloaded: 2982 file(s) [attempted 2982/3582 = 83%, 4077 KB/s], Decompressed: 828
verify	Verify G6 frozen sources serially	2026-10-07T16:24:42.5646990Z Downloaded: 3082 file(s) [attempted 3082/3582 = 86%, 1461 KB/s], Decompressed: 828
verify	Verify G6 frozen sources serially	2026-10-07T16:24:42.5647465Z Downloaded: 3169 file(s) [attempted 3169/3582 = 88%, 170 KB/s], Decompressed: 828
verify	Verify G6 frozen sources serially	2026-10-07T16:24:42.5648197Z Downloaded: 3236 file(s) [attempted 3236/3582 = 90%, 2292 KB/s], Decompressed: 828
verify	Verify G6 frozen sources serially	2026-10-07T16:24:42.5648676Z Downloaded: 3334 file(s) [attempted 3334/3582 = 93%, 997 KB/s], Decompressed: 828
verify	Verify G6 frozen sources serially	2026-10-07T16:24:42.5649157Z Downloaded: 3429 file(s) [attempted 3429/3582 = 95%, 2482 KB/s], Decompressed: 828
verify	Verify G6 frozen sources serially	2026-10-07T16:24:42.5649633Z Downloaded: 3529 file(s) [attempted 3529/3582 = 98%, 4642 KB/s], Decompressed: 828
verify	Verify G6 frozen sources serially	2026-10-07T16:24:42.5650359Z Downloaded: 3581 file(s) [attempted 3581/3582 = 99%, 3788 KB/s], Decompressed: 828
verify	Verify G6 frozen sources serially	2026-10-07T16:24:42.5650875Z Downloaded: 3582 file(s) [attempted 3582/3582 = 100%, 3788 KB/s], Decompressed: 828
verify	Verify G6 frozen sources serially	2026-10-07T16:24:42.5651268Z Decompressed 3582 file(s)
verify	Verify G6 frozen sources serially	2026-10-07T16:24:42.5651509Z Already decompressed 3582 file(s)
verify	Verify G6 frozen sources serially	2026-10-07T16:24:42.5658469Z G6_RECEIPT {"argv": ["lake", "exe", "cache", "get", "Mathlib.Algebra.BigOperators.Field", "Mathlib.Algebra.BigOperators.Fin", "Mathlib.Algebra.BigOperators.Finsupp.Basic", "Mathlib.Algebra.BigOperators.Group.Finset.Basic", "Mathlib.Algebra.BigOperators.Group.Finset.Sigma", "Mathlib.Algebra.BigOperators.GroupWithZero.Finset", "Mathlib.Algebra.BigOperators.Ring.Finset", "Mathlib.Algebra.Order.BigOperators.Group.Finset", "Mathlib.Algebra.Order.BigOperators.GroupWithZero.Finset", "Mathlib.Analysis.Normed.Algebra.MatrixExponential", "Mathlib.Analysis.SpecialFunctions.Exp", "Mathlib.Analysis.SpecialFunctions.Log.Basic", "Mathlib.Data.ENNReal.BigOperators", "Mathlib.Data.Fin.Tuple.Basic", "Mathlib.Data.Finset.Card", "Mathlib.Data.Finset.Max", "Mathlib.Data.Finset.Prod", "Mathlib.Data.Fintype.Basic", "Mathlib.Data.Fintype.BigOperators", "Mathlib.Data.Fintype.Card", "Mathlib.Data.Fintype.EquivFin", "Mathlib.Data.Fintype.Powerset", "Mathlib.Data.Fintype.Sum", "Mathlib.Data.Nat.Choose.Basic", "Mathlib.Data.Rat.BigOperators", "Mathlib.Data.Rat.Lemmas", "Mathlib.Data.Real.Basic", "Mathlib.LinearAlgebra.Vandermonde", "Mathlib.Logic.Relation", "Mathlib.MeasureTheory.Constructions.Pi", "Mathlib.MeasureTheory.Integral.Bochner.Basic", "Mathlib.Probability.Distributions.Bernoulli", "Mathlib.Probability.Distributions.Exponential", "Mathlib.Probability.Distributions.Poisson.Basic", "Mathlib.Probability.Distributions.Uniform", "Mathlib.Probability.ProbabilityMassFunction.Constructions", "Mathlib.Probability.ProbabilityMassFunction.Integrals", "Mathlib.Tactic", "Mathlib.Tactic.Linarith", "Mathlib.Tactic.NormNum", "Mathlib.Tactic.Positivity", "Mathlib.Tactic.Ring"], "start": "2026-10-07T16:24:07.247678+00:00", "end": "2026-10-07T16:24:42.560512+00:00", "exit": 0, "output_sha256": "8275a770df98b7142650bcf94b76780021fbb3abd58b5cda6814e63289153b4e"}
verify	Verify G6 frozen sources serially	2026-10-07T16:24:42.5668045Z G6_COMMAND {"argv": ["lake", "env", "lean", "--trust=0", "-j1", "-M4096", "-o", "/home/runner/work/_temp/g6-cloud-build/.lake/build/lib/lean/UnifiedLean/G6/FiniteProbability.olean", "/home/runner/work/_temp/g6-cloud-build/UnifiedLean/G6/FiniteProbability.lean"], "cwd": "/home/runner/work/_temp/g6-cloud-build", "start": "2026-10-07T16:24:42.561527+00:00"}
verify	Verify G6 frozen sources serially	2026-10-07T16:24:45.7485025Z /home/runner/work/_temp/g6-cloud-build/UnifiedLean/G6/FiniteProbability.lean:80:9: warning: Variable name `a` is not explicitly referenced.
verify	Verify G6 frozen sources serially	2026-10-07T16:24:45.7486241Z 
verify	Verify G6 frozen sources serially	2026-10-07T16:24:45.7487118Z Hint: The binding can be removed (if unused) or named `_` (if used implicitly). Alternatively, prefix the name with `_` to silence this warning:
verify	Verify G6 frozen sources serially	2026-10-07T16:24:45.7489000Z   [apply] _a
verify	Verify G6 frozen sources serially	2026-10-07T16:24:45.7489293Z 
verify	Verify G6 frozen sources serially	2026-10-07T16:24:45.7489692Z Note: This linter can be disabled with `set_option linter.unusedVariables false`
verify	Verify G6 frozen sources serially	2026-10-07T16:24:45.7490860Z 'UnifiedLean.G6.FiniteProbability.common_subprobability_tv' depends on axioms: [propext, Classical.choice, Quot.sound]
verify	Verify G6 frozen sources serially	2026-10-07T16:24:45.7492533Z 'UnifiedLean.G6.FiniteProbability.common_subprobability_mass' depends on axioms: [propext, Classical.choice, Quot.sound]
verify	Verify G6 frozen sources serially	2026-10-07T16:24:45.7494221Z 'UnifiedLean.G6.FiniteProbability.common_subprobability_event' depends on axioms: [propext,
verify	Verify G6 frozen sources serially	2026-10-07T16:24:45.7495173Z  Classical.choice,
verify	Verify G6 frozen sources serially	2026-10-07T16:24:45.7495595Z  Quot.sound]
verify	Verify G6 frozen sources serially	2026-10-07T16:24:45.7496642Z 'UnifiedLean.G6.FiniteProbability.scaled_domination_tv' depends on axioms: [propext, Classical.choice, Quot.sound]
verify	Verify G6 frozen sources serially	2026-10-07T16:24:45.7498700Z 'UnifiedLean.G6.FiniteProbability.pmf_sum_real' depends on axioms: [propext, Classical.choice, Quot.sound]
verify	Verify G6 frozen sources serially	2026-10-07T16:24:45.7500317Z 'UnifiedLean.G6.FiniteProbability.pmf_scaled_domination_tv' depends on axioms: [propext, Classical.choice, Quot.sound]
verify	Verify G6 frozen sources serially	2026-10-07T16:24:45.7501876Z 'UnifiedLean.G6.FiniteProbability.pmf_scaled_domination_event' depends on axioms: [propext,
verify	Verify G6 frozen sources serially	2026-10-07T16:24:45.7502711Z  Classical.choice,
verify	Verify G6 frozen sources serially	2026-10-07T16:24:45.7503057Z  Quot.sound]
verify	Verify G6 frozen sources serially	2026-10-07T16:24:45.7505545Z G6_RECEIPT {"argv": ["lake", "env", "lean", "--trust=0", "-j1", "-M4096", "-o", "/home/runner/work/_temp/g6-cloud-build/.lake/build/lib/lean/UnifiedLean/G6/FiniteProbability.olean", "/home/runner/work/_temp/g6-cloud-build/UnifiedLean/G6/FiniteProbability.lean"], "start": "2026-10-07T16:24:42.561527+00:00", "end": "2026-10-07T16:24:45.748255+00:00", "exit": 0, "output_sha256": "757498f226536e63546c9f57cb4e4328a4f178c0827c63b62563b24ae94b4f17"}
verify	Verify G6 frozen sources serially	2026-10-07T16:24:45.7511220Z G6_COMMAND {"argv": ["lake", "env", "lean", "--trust=0", "-j1", "-M4096", "-o", "/home/runner/work/_temp/g6-cloud-build/.lake/build/lib/lean/UnifiedLean/G6/Conditioning.olean", "/home/runner/work/_temp/g6-cloud-build/UnifiedLean/G6/Conditioning.lean"], "cwd": "/home/runner/work/_temp/g6-cloud-build", "start": "2026-10-07T16:24:45.748636+00:00"}
verify	Verify G6 frozen sources serially	2026-10-07T16:24:48.6709792Z 'UnifiedLean.G6.Conditioning.filter_scaled' depends on axioms: [propext, Classical.choice, Quot.sound]
verify	Verify G6 frozen sources serially	2026-10-07T16:24:48.6712240Z 'UnifiedLean.G6.Conditioning.filtered_bind_domination' depends on axioms: [propext, Classical.choice, Quot.sound]
verify	Verify G6 frozen sources serially	2026-10-07T16:24:48.6714889Z 'UnifiedLean.G6.Conditioning.filtered_bind_domination_real' depends on axioms: [propext, Classical.choice, Quot.sound]
verify	Verify G6 frozen sources serially	2026-10-07T16:24:48.6717530Z 'UnifiedLean.G6.Conditioning.conditioned_mixture_tv' depends on axioms: [propext, Classical.choice, Quot.sound]
verify	Verify G6 frozen sources serially	2026-10-07T16:24:48.6720172Z 'UnifiedLean.G6.Conditioning.conditioned_joint_observation_tv' depends on axioms: [propext,
verify	Verify G6 frozen sources serially	2026-10-07T16:24:48.6721717Z  Classical.choice,
verify	Verify G6 frozen sources serially	2026-10-07T16:24:48.6722499Z  Quot.sound]
verify	Verify G6 frozen sources serially	2026-10-07T16:24:48.6723916Z 'UnifiedLean.G6.Conditioning.conditioned_joint_observation_event' depends on axioms: [propext,
verify	Verify G6 frozen sources serially	2026-10-07T16:24:48.6725346Z  Classical.choice,
verify	Verify G6 frozen sources serially	2026-10-07T16:24:48.6725917Z  Quot.sound]
verify	Verify G6 frozen sources serially	2026-10-07T16:24:48.6729005Z G6_RECEIPT {"argv": ["lake", "env", "lean", "--trust=0", "-j1", "-M4096", "-o", "/home/runner/work/_temp/g6-cloud-build/.lake/build/lib/lean/UnifiedLean/G6/Conditioning.olean", "/home/runner/work/_temp/g6-cloud-build/UnifiedLean/G6/Conditioning.lean"], "start": "2026-10-07T16:24:45.748636+00:00", "end": "2026-10-07T16:24:48.670504+00:00", "exit": 0, "output_sha256": "100642588c988b86704d97294f48529a0a4ade99555c5c91f157156786932480"}
verify	Verify G6 frozen sources serially	2026-10-07T16:24:48.6733596Z G6_COMMAND {"argv": ["lake", "env", "lean", "--trust=0", "-j1", "-M4096", "-o", "/home/runner/work/_temp/g6-cloud-build/.lake/build/lib/lean/SourceNetwork.olean", "/home/runner/work/_temp/g6-cloud-build/Imported/SourceNetwork.lean"], "cwd": "/home/runner/work/_temp/g6-cloud-build", "start": "2026-10-07T16:24:48.670916+00:00"}
verify	Verify G6 frozen sources serially	2026-10-07T16:24:50.6599171Z 'Nanuq.Source.EdgeGraph.not_bridge_of_parallel' does not depend on any axioms
verify	Verify G6 frozen sources serially	2026-10-07T16:24:50.6599890Z 'Nanuq.Source.EdgeGraph.bridge_not_sameBlob' does not depend on any axioms
verify	Verify G6 frozen sources serially	2026-10-07T16:24:50.6600521Z 'Nanuq.Source.EdgeGraph.bridge_blob_ne' depends on axioms: [propext]
verify	Verify G6 frozen sources serially	2026-10-07T16:24:50.6601186Z 'Nanuq.Source.EdgeGraph.dreach_antisymm' depends on axioms: [propext, Classical.choice, Quot.sound]
verify	Verify G6 frozen sources serially	2026-10-07T16:24:50.6602009Z 'Nanuq.Source.RootedBinary.underlying_connected' depends on axioms: [propext, Classical.choice, Quot.sound]
verify	Verify G6 frozen sources serially	2026-10-07T16:24:50.6603838Z G6_RECEIPT {"argv": ["lake", "env", "lean", "--trust=0", "-j1", "-M4096", "-o", "/home/runner/work/_temp/g6-cloud-build/.lake/build/lib/lean/SourceNetwork.olean", "/home/runner/work/_temp/g6-cloud-build/Imported/SourceNetwork.lean"], "start": "2026-10-07T16:24:48.670916+00:00", "end": "2026-10-07T16:24:50.658193+00:00", "exit": 0, "output_sha256": "5465ecf96db0b49e53a81535e70658b235bd5d9816b211e5a2dd735b687cc24f"}
verify	Verify G6 frozen sources serially	2026-10-07T16:24:50.6606376Z G6_COMMAND {"argv": ["lake", "env", "lean", "--trust=0", "-j1", "-M4096", "-o", "/home/runner/work/_temp/g6-cloud-build/.lake/build/lib/lean/G2LiveLineageRouting.olean", "/home/runner/work/_temp/g6-cloud-build/Imported/G2LiveLineageRouting.lean"], "cwd": "/home/runner/work/_temp/g6-cloud-build", "start": "2026-10-07T16:24:50.658489+00:00"}
verify	Verify G6 frozen sources serially	2026-10-07T16:24:52.6608245Z 'GProgram.G2.coalesced_copies_cannot_split' depends on axioms: [propext, Classical.choice, Quot.sound]
verify	Verify G6 frozen sources serially	2026-10-07T16:24:52.6609821Z 'GProgram.G2.routed_parent_eq_iff_live_coin_eq' depends on axioms: [propext, Classical.choice, Quot.sound]
verify	Verify G6 frozen sources serially	2026-10-07T16:24:52.6611136Z 'GProgram.G2.opposite_copy_bits_are_not_a_live_pulse' does not depend on any axioms
verify	Verify G6 frozen sources serially	2026-10-07T16:24:52.6612359Z 'GProgram.G2.wrong_pulse_split_mass' depends on axioms: [propext, Classical.choice, Quot.sound]
verify	Verify G6 frozen sources serially	2026-10-07T16:24:52.6613786Z 'GProgram.G2.fair_copy_pulse_splits_merged_ancestor' depends on axioms: [propext, Classical.choice, Quot.sound]
verify	Verify G6 frozen sources serially	2026-10-07T16:24:52.6616344Z G6_RECEIPT {"argv": ["lake", "env", "lean", "--trust=0", "-j1", "-M4096", "-o", "/home/runner/work/_temp/g6-cloud-build/.lake/build/lib/lean/G2LiveLineageRouting.olean", "/home/runner/work/_temp/g6-cloud-build/Imported/G2LiveLineageRouting.lean"], "start": "2026-10-07T16:24:50.658489+00:00", "end": "2026-10-07T16:24:52.660605+00:00", "exit": 0, "output_sha256": "a80577f1d7135c5660613a0e39dcabd2f3198a9c7399d7632b4ef613e6fc9ebd"}
verify	Verify G6 frozen sources serially	2026-10-07T16:24:52.6619870Z G6_COMMAND {"argv": ["lake", "env", "lean", "--trust=0", "-j1", "-M4096", "-o", "/home/runner/work/_temp/g6-cloud-build/.lake/build/lib/lean/SourceLabelledForest.olean", "/home/runner/work/_temp/g6-cloud-build/Imported/SourceLabelledForest.lean"], "cwd": "/home/runner/work/_temp/g6-cloud-build", "start": "2026-10-07T16:24:52.661003+00:00"}
verify	Verify G6 frozen sources serially	2026-10-07T16:24:57.1838264Z /home/runner/work/_temp/g6-cloud-build/Imported/SourceLabelledForest.lean:108:0: warning: automatically included section variable(s) unused in theorem `GProgram.SourceForest.merged_copies_same_population`:
verify	Verify G6 frozen sources serially	2026-10-07T16:24:57.1839896Z   [Fintype Copy]
verify	Verify G6 frozen sources serially	2026-10-07T16:24:57.1840393Z   [Fintype V]
verify	Verify G6 frozen sources serially	2026-10-07T16:24:57.1840730Z   [Fintype E]
verify	Verify G6 frozen sources serially	2026-10-07T16:24:57.1841111Z   [DecidableEq V]
verify	Verify G6 frozen sources serially	2026-10-07T16:24:57.1842078Z consider restructuring your `variable` declarations so that the variables are not in scope or explicitly omit them:
verify	Verify G6 frozen sources serially	2026-10-07T16:24:57.1843383Z   omit [Fintype Copy] [Fintype V] [Fintype E] [DecidableEq V] in theorem ...
verify	Verify G6 frozen sources serially	2026-10-07T16:24:57.1843981Z 
verify	Verify G6 frozen sources serially	2026-10-07T16:24:57.1844421Z Note: This linter can be disabled with `set_option linter.unusedSectionVars false`
verify	Verify G6 frozen sources serially	2026-10-07T16:24:57.1845930Z /home/runner/work/_temp/g6-cloud-build/Imported/SourceLabelledForest.lean:112:0: warning: automatically included section variable(s) unused in theorem `GProgram.SourceForest.distinct_live_genealogies_disjoint`:
verify	Verify G6 frozen sources serially	2026-10-07T16:24:57.1847535Z   [Fintype Copy]
verify	Verify G6 frozen sources serially	2026-10-07T16:24:57.1848369Z   [Fintype V]
verify	Verify G6 frozen sources serially	2026-10-07T16:24:57.1848897Z   [Fintype E]
verify	Verify G6 frozen sources serially	2026-10-07T16:24:57.1849578Z   [DecidableEq V]
verify	Verify G6 frozen sources serially	2026-10-07T16:24:57.1850536Z consider restructuring your `variable` declarations so that the variables are not in scope or explicitly omit them:
verify	Verify G6 frozen sources serially	2026-10-07T16:24:57.1851913Z   omit [Fintype Copy] [Fintype V] [Fintype E] [DecidableEq V] in theorem ...
verify	Verify G6 frozen sources serially	2026-10-07T16:24:57.1852522Z 
verify	Verify G6 frozen sources serially	2026-10-07T16:24:57.1852982Z Note: This linter can be disabled with `set_option linter.unusedSectionVars false`
verify	Verify G6 frozen sources serially	2026-10-07T16:24:57.1855059Z /home/runner/work/_temp/g6-cloud-build/Imported/SourceLabelledForest.lean:175:0: warning: automatically included section variable(s) unused in theorem `GProgram.SourceForest.merge_coalesces_exact_fibers`:
verify	Verify G6 frozen sources serially	2026-10-07T16:24:57.1856727Z   [Fintype Copy]
verify	Verify G6 frozen sources serially	2026-10-07T16:24:57.1857068Z   [Fintype V]
verify	Verify G6 frozen sources serially	2026-10-07T16:24:57.1857380Z   [Fintype E]
verify	Verify G6 frozen sources serially	2026-10-07T16:24:57.1857916Z   [DecidableEq V]
verify	Verify G6 frozen sources serially	2026-10-07T16:24:57.1858697Z consider restructuring your `variable` declarations so that the variables are not in scope or explicitly omit them:
verify	Verify G6 frozen sources serially	2026-10-07T16:24:57.1859803Z   omit [Fintype Copy] [Fintype V] [Fintype E] [DecidableEq V] in theorem ...
verify	Verify G6 frozen sources serially	2026-10-07T16:24:57.1860337Z 
verify	Verify G6 frozen sources serially	2026-10-07T16:24:57.1860734Z Note: This linter can be disabled with `set_option linter.unusedSectionVars false`
verify	Verify G6 frozen sources serially	2026-10-07T16:24:57.1862660Z /home/runner/work/_temp/g6-cloud-build/Imported/SourceLabelledForest.lean:179:0: warning: automatically included section variable(s) unused in theorem `GProgram.SourceForest.merge_never_splits`:
verify	Verify G6 frozen sources serially	2026-10-07T16:24:57.1864094Z   [Fintype Copy]
verify	Verify G6 frozen sources serially	2026-10-07T16:24:57.1864441Z   [Fintype V]
verify	Verify G6 frozen sources serially	2026-10-07T16:24:57.1864770Z   [Fintype E]
verify	Verify G6 frozen sources serially	2026-10-07T16:24:57.1865095Z   [DecidableEq V]
verify	Verify G6 frozen sources serially	2026-10-07T16:24:57.1865896Z consider restructuring your `variable` declarations so that the variables are not in scope or explicitly omit them:
verify	Verify G6 frozen sources serially	2026-10-07T16:24:57.1867009Z   omit [Fintype Copy] [Fintype V] [Fintype E] [DecidableEq V] in theorem ...
verify	Verify G6 frozen sources serially	2026-10-07T16:24:57.1867521Z 
verify	Verify G6 frozen sources serially	2026-10-07T16:24:57.1868120Z Note: This linter can be disabled with `set_option linter.unusedSectionVars false`
verify	Verify G6 frozen sources serially	2026-10-07T16:24:57.1869743Z /home/runner/work/_temp/g6-cloud-build/Imported/SourceLabelledForest.lean:184:0: warning: automatically included section variable(s) unused in theorem `GProgram.SourceForest.merge_population_preserved`:
verify	Verify G6 frozen sources serially	2026-10-07T16:24:57.1871119Z   [Fintype Copy]
verify	Verify G6 frozen sources serially	2026-10-07T16:24:57.1871431Z   [Fintype V]
verify	Verify G6 frozen sources serially	2026-10-07T16:24:57.1871727Z   [Fintype E]
verify	Verify G6 frozen sources serially	2026-10-07T16:24:57.1872023Z   [DecidableEq V]
verify	Verify G6 frozen sources serially	2026-10-07T16:24:57.1872761Z consider restructuring your `variable` declarations so that the variables are not in scope or explicitly omit them:
verify	Verify G6 frozen sources serially	2026-10-07T16:24:57.1873778Z   omit [Fintype Copy] [Fintype V] [Fintype E] [DecidableEq V] in theorem ...
verify	Verify G6 frozen sources serially	2026-10-07T16:24:57.1874245Z 
verify	Verify G6 frozen sources serially	2026-10-07T16:24:57.1874590Z Note: This linter can be disabled with `set_option linter.unusedSectionVars false`
verify	Verify G6 frozen sources serially	2026-10-07T16:24:57.1876117Z /home/runner/work/_temp/g6-cloud-build/Imported/SourceLabelledForest.lean:192:0: warning: automatically included section variable(s) unused in theorem `GProgram.SourceForest.merge_live_card`:
verify	Verify G6 frozen sources serially	2026-10-07T16:24:57.1877452Z   [Fintype Copy]
verify	Verify G6 frozen sources serially	2026-10-07T16:24:57.1877939Z   [Fintype V]
verify	Verify G6 frozen sources serially	2026-10-07T16:24:57.1878242Z   [Fintype E]
verify	Verify G6 frozen sources serially	2026-10-07T16:24:57.1878547Z   [DecidableEq V]
verify	Verify G6 frozen sources serially	2026-10-07T16:24:57.1879310Z consider restructuring your `variable` declarations so that the variables are not in scope or explicitly omit them:
verify	Verify G6 frozen sources serially	2026-10-07T16:24:57.1880318Z   omit [Fintype Copy] [Fintype V] [Fintype E] [DecidableEq V] in theorem ...
verify	Verify G6 frozen sources serially	2026-10-07T16:24:57.1880800Z 
verify	Verify G6 frozen sources serially	2026-10-07T16:24:57.1881168Z Note: This linter can be disabled with `set_option linter.unusedSectionVars false`
verify	Verify G6 frozen sources serially	2026-10-07T16:24:57.1882774Z /home/runner/work/_temp/g6-cloud-build/Imported/SourceLabelledForest.lean:196:0: warning: automatically included section variable(s) unused in theorem `GProgram.SourceForest.original_copy_cap`:
verify	Verify G6 frozen sources serially	2026-10-07T16:24:57.1884132Z   [Fintype V]
verify	Verify G6 frozen sources serially	2026-10-07T16:24:57.1884438Z   [Fintype E]
verify	Verify G6 frozen sources serially	2026-10-07T16:24:57.1884746Z   [DecidableEq V]
verify	Verify G6 frozen sources serially	2026-10-07T16:24:57.1885517Z consider restructuring your `variable` declarations so that the variables are not in scope or explicitly omit them:
verify	Verify G6 frozen sources serially	2026-10-07T16:24:57.1886672Z   omit [Fintype V] [Fintype E] [DecidableEq V] in theorem ...
verify	Verify G6 frozen sources serially	2026-10-07T16:24:57.1887078Z 
verify	Verify G6 frozen sources serially	2026-10-07T16:24:57.1887453Z Note: This linter can be disabled with `set_option linter.unusedSectionVars false`
verify	Verify G6 frozen sources serially	2026-10-07T16:24:57.1889243Z /home/runner/work/_temp/g6-cloud-build/Imported/SourceLabelledForest.lean:204:0: warning: automatically included section variable(s) unused in theorem `GProgram.SourceForest.transport_valid`:
verify	Verify G6 frozen sources serially	2026-10-07T16:24:57.1890618Z   [Fintype Copy]
verify	Verify G6 frozen sources serially	2026-10-07T16:24:57.1891158Z   [Fintype V]
verify	Verify G6 frozen sources serially	2026-10-07T16:24:57.1891471Z   [Fintype E]
verify	Verify G6 frozen sources serially	2026-10-07T16:24:57.1891787Z   [DecidableEq V]
verify	Verify G6 frozen sources serially	2026-10-07T16:24:57.1892577Z consider restructuring your `variable` declarations so that the variables are not in scope or explicitly omit them:
verify	Verify G6 frozen sources serially	2026-10-07T16:24:57.1893777Z   omit [Fintype Copy] [Fintype V] [Fintype E] [DecidableEq V] in theorem ...
verify	Verify G6 frozen sources serially	2026-10-07T16:24:57.1894289Z 
verify	Verify G6 frozen sources serially	2026-10-07T16:24:57.1894664Z Note: This linter can be disabled with `set_option linter.unusedSectionVars false`
verify	Verify G6 frozen sources serially	2026-10-07T16:24:57.1896424Z /home/runner/work/_temp/g6-cloud-build/Imported/SourceLabelledForest.lean:227:0: warning: automatically included section variable(s) unused in theorem `GProgram.SourceForest.enterRoot_retains_original_root`:
verify	Verify G6 frozen sources serially	2026-10-07T16:24:57.1898300Z   [Fintype Copy]
verify	Verify G6 frozen sources serially	2026-10-07T16:24:57.1899113Z consider restructuring your `variable` declarations so that the variables are not in scope or explicitly omit them:
verify	Verify G6 frozen sources serially	2026-10-07T16:24:57.1900055Z   omit [Fintype Copy] in theorem ...
verify	Verify G6 frozen sources serially	2026-10-07T16:24:57.1900371Z 
verify	Verify G6 frozen sources serially	2026-10-07T16:24:57.1900755Z Note: This linter can be disabled with `set_option linter.unusedSectionVars false`
verify	Verify G6 frozen sources serially	2026-10-07T16:24:57.1902386Z /home/runner/work/_temp/g6-cloud-build/Imported/SourceLabelledForest.lean:258:0: warning: automatically included section variable(s) unused in theorem `GProgram.SourceForest.pulse_valid`:
verify	Verify G6 frozen sources serially	2026-10-07T16:24:57.1903774Z   [Fintype Copy]
verify	Verify G6 frozen sources serially	2026-10-07T16:24:57.1904577Z consider restructuring your `variable` declarations so that the variables are not in scope or explicitly omit them:
verify	Verify G6 frozen sources serially	2026-10-07T16:24:57.1905535Z   omit [Fintype Copy] in theorem ...
verify	Verify G6 frozen sources serially	2026-10-07T16:24:57.1905842Z 
verify	Verify G6 frozen sources serially	2026-10-07T16:24:57.1906241Z Note: This linter can be disabled with `set_option linter.unusedSectionVars false`
verify	Verify G6 frozen sources serially	2026-10-07T16:24:57.1908169Z /home/runner/work/_temp/g6-cloud-build/Imported/SourceLabelledForest.lean:263:0: warning: automatically included section variable(s) unused in theorem `GProgram.SourceForest.pulse_ancestor_unchanged`:
verify	Verify G6 frozen sources serially	2026-10-07T16:24:57.1909622Z   [Fintype Copy]
verify	Verify G6 frozen sources serially	2026-10-07T16:24:57.1910412Z consider restructuring your `variable` declarations so that the variables are not in scope or explicitly omit them:
verify	Verify G6 frozen sources serially	2026-10-07T16:24:57.1911354Z   omit [Fintype Copy] in theorem ...
verify	Verify G6 frozen sources serially	2026-10-07T16:24:57.1911655Z 
verify	Verify G6 frozen sources serially	2026-10-07T16:24:57.1912025Z Note: This linter can be disabled with `set_option linter.unusedSectionVars false`
verify	Verify G6 frozen sources serially	2026-10-07T16:24:57.1913671Z /home/runner/work/_temp/g6-cloud-build/Imported/SourceLabelledForest.lean:267:0: warning: automatically included section variable(s) unused in theorem `GProgram.SourceForest.pulse_genealogy_unchanged`:
verify	Verify G6 frozen sources serially	2026-10-07T16:24:57.1915100Z   [Fintype Copy]
verify	Verify G6 frozen sources serially	2026-10-07T16:24:57.1915868Z consider restructuring your `variable` declarations so that the variables are not in scope or explicitly omit them:
verify	Verify G6 frozen sources serially	2026-10-07T16:24:57.1916755Z   omit [Fintype Copy] in theorem ...
verify	Verify G6 frozen sources serially	2026-10-07T16:24:57.1917043Z 
verify	Verify G6 frozen sources serially	2026-10-07T16:24:57.1917399Z Note: This linter can be disabled with `set_option linter.unusedSectionVars false`
verify	Verify G6 frozen sources serially	2026-10-07T16:24:57.1919238Z /home/runner/work/_temp/g6-cloud-build/Imported/SourceLabelledForest.lean:271:0: warning: automatically included section variable(s) unused in theorem `GProgram.SourceForest.pulse_register_retained`:
verify	Verify G6 frozen sources serially	2026-10-07T16:24:57.1920671Z   [Fintype Copy]
verify	Verify G6 frozen sources serially	2026-10-07T16:24:57.1921477Z consider restructuring your `variable` declarations so that the variables are not in scope or explicitly omit them:
verify	Verify G6 frozen sources serially	2026-10-07T16:24:57.1922397Z   omit [Fintype Copy] in theorem ...
verify	Verify G6 frozen sources serially	2026-10-07T16:24:57.1922684Z 
verify	Verify G6 frozen sources serially	2026-10-07T16:24:57.1923409Z Note: This linter can be disabled with `set_option linter.unusedSectionVars false`
verify	Verify G6 frozen sources serially	2026-10-07T16:24:57.1925294Z /home/runner/work/_temp/g6-cloud-build/Imported/SourceLabelledForest.lean:275:0: warning: automatically included section variable(s) unused in theorem `GProgram.SourceForest.pulse_routes_current_ancestor`:
verify	Verify G6 frozen sources serially	2026-10-07T16:24:57.1926962Z   [Fintype Copy]
verify	Verify G6 frozen sources serially	2026-10-07T16:24:57.1928027Z consider restructuring your `variable` declarations so that the variables are not in scope or explicitly omit them:
verify	Verify G6 frozen sources serially	2026-10-07T16:24:57.1929011Z   omit [Fintype Copy] in theorem ...
verify	Verify G6 frozen sources serially	2026-10-07T16:24:57.1929315Z 
verify	Verify G6 frozen sources serially	2026-10-07T16:24:57.1929697Z Note: This linter can be disabled with `set_option linter.unusedSectionVars false`
verify	Verify G6 frozen sources serially	2026-10-07T16:24:57.1930913Z /home/runner/work/_temp/g6-cloud-build/Imported/SourceLabelledForest.lean:299:8: warning: This simp argument is unused:
verify	Verify G6 frozen sources serially	2026-10-07T16:24:57.1931943Z   Fintype.sum_bool
verify	Verify G6 frozen sources serially	2026-10-07T16:24:57.1932186Z 
verify	Verify G6 frozen sources serially	2026-10-07T16:24:57.1932370Z Hint: Omit it from the simp argument list.
verify	Verify G6 frozen sources serially	2026-10-07T16:24:57.1932914Z   [apply] simp [bitWeight]
verify	Verify G6 frozen sources serially	2026-10-07T16:24:57.1933205Z 
verify	Verify G6 frozen sources serially	2026-10-07T16:24:57.1933605Z Note: This linter can be disabled with `set_option linter.unusedSimpArgs false`
verify	Verify G6 frozen sources serially	2026-10-07T16:24:57.1935578Z /home/runner/work/_temp/g6-cloud-build/Imported/SourceLabelledForest.lean:323:0: warning: automatically included section variable(s) unused in theorem `GProgram.SourceForest.initial_source_valid`:
verify	Verify G6 frozen sources serially	2026-10-07T16:24:57.1937101Z   [DecidableEq E]
verify	Verify G6 frozen sources serially	2026-10-07T16:24:57.1938231Z consider restructuring your `variable` declarations so that the variables are not in scope or explicitly omit them:
verify	Verify G6 frozen sources serially	2026-10-07T16:24:57.1939220Z   omit [DecidableEq E] in theorem ...
verify	Verify G6 frozen sources serially	2026-10-07T16:24:57.1939601Z 
verify	Verify G6 frozen sources serially	2026-10-07T16:24:57.1939996Z Note: This linter can be disabled with `set_option linter.unusedSectionVars false`
verify	Verify G6 frozen sources serially	2026-10-07T16:24:57.1941816Z /home/runner/work/_temp/g6-cloud-build/Imported/SourceLabelledForest.lean:327:0: warning: automatically included section variable(s) unused in theorem `GProgram.SourceForest.merge_source_valid`:
verify	Verify G6 frozen sources serially	2026-10-07T16:24:57.1943315Z   [DecidableEq E]
verify	Verify G6 frozen sources serially	2026-10-07T16:24:57.1944147Z consider restructuring your `variable` declarations so that the variables are not in scope or explicitly omit them:
verify	Verify G6 frozen sources serially	2026-10-07T16:24:57.1945204Z   omit [DecidableEq E] in theorem ...
verify	Verify G6 frozen sources serially	2026-10-07T16:24:57.1945523Z 
verify	Verify G6 frozen sources serially	2026-10-07T16:24:57.1945950Z Note: This linter can be disabled with `set_option linter.unusedSectionVars false`
verify	Verify G6 frozen sources serially	2026-10-07T16:24:57.1948056Z /home/runner/work/_temp/g6-cloud-build/Imported/SourceLabelledForest.lean:368:0: warning: automatically included section variable(s) unused in theorem `GProgram.SourceForest.original_parent_targets_hybrid`:
verify	Verify G6 frozen sources serially	2026-10-07T16:24:57.1949626Z   [DecidableEq E]
verify	Verify G6 frozen sources serially	2026-10-07T16:24:57.1950484Z consider restructuring your `variable` declarations so that the variables are not in scope or explicitly omit them:
verify	Verify G6 frozen sources serially	2026-10-07T16:24:57.1951416Z   omit [DecidableEq E] in theorem ...
verify	Verify G6 frozen sources serially	2026-10-07T16:24:57.1951736Z 
verify	Verify G6 frozen sources serially	2026-10-07T16:24:57.1952188Z Note: This linter can be disabled with `set_option linter.unusedSectionVars false`
verify	Verify G6 frozen sources serially	2026-10-07T16:24:57.1953932Z /home/runner/work/_temp/g6-cloud-build/Imported/SourceLabelledForest.lean:407:0: warning: automatically included section variable(s) unused in theorem `GProgram.SourceForest.step_register_retained`:
verify	Verify G6 frozen sources serially	2026-10-07T16:24:57.1955498Z   [Fintype Copy]
verify	Verify G6 frozen sources serially	2026-10-07T16:24:57.1956406Z consider restructuring your `variable` declarations so that the variables are not in scope or explicitly omit them:
verify	Verify G6 frozen sources serially	2026-10-07T16:24:57.1957367Z   omit [Fintype Copy] in theorem ...
verify	Verify G6 frozen sources serially	2026-10-07T16:24:57.1957994Z 
verify	Verify G6 frozen sources serially	2026-10-07T16:24:57.1958467Z Note: This linter can be disabled with `set_option linter.unusedSectionVars false`
verify	Verify G6 frozen sources serially	2026-10-07T16:24:57.1960288Z /home/runner/work/_temp/g6-cloud-build/Imported/SourceLabelledForest.lean:411:0: warning: automatically included section variable(s) unused in theorem `GProgram.SourceForest.step_history_extends`:
verify	Verify G6 frozen sources serially	2026-10-07T16:24:57.1961761Z   [Fintype Copy]
verify	Verify G6 frozen sources serially	2026-10-07T16:24:57.1962559Z consider restructuring your `variable` declarations so that the variables are not in scope or explicitly omit them:
verify	Verify G6 frozen sources serially	2026-10-07T16:24:57.1963914Z   omit [Fintype Copy] in theorem ...
verify	Verify G6 frozen sources serially	2026-10-07T16:24:57.1964236Z 
verify	Verify G6 frozen sources serially	2026-10-07T16:24:57.1964696Z Note: This linter can be disabled with `set_option linter.unusedSectionVars false`
verify	Verify G6 frozen sources serially	2026-10-07T16:24:57.1966481Z /home/runner/work/_temp/g6-cloud-build/Imported/SourceLabelledForest.lean:472:0: warning: automatically included section variable(s) unused in theorem `GProgram.SourceForest.Genealogy.joinPruned_leaves`:
verify	Verify G6 frozen sources serially	2026-10-07T16:24:57.1968253Z   [Fintype Copy]
verify	Verify G6 frozen sources serially	2026-10-07T16:24:57.1969057Z consider restructuring your `variable` declarations so that the variables are not in scope or explicitly omit them:
verify	Verify G6 frozen sources serially	2026-10-07T16:24:57.1970003Z   omit [Fintype Copy] in theorem ...
verify	Verify G6 frozen sources serially	2026-10-07T16:24:57.1970366Z 
verify	Verify G6 frozen sources serially	2026-10-07T16:24:57.1970748Z Note: This linter can be disabled with `set_option linter.unusedSectionVars false`
verify	Verify G6 frozen sources serially	2026-10-07T16:24:57.1972394Z /home/runner/work/_temp/g6-cloud-build/Imported/SourceLabelledForest.lean:496:0: warning: automatically included section variable(s) unused in theorem `GProgram.SourceForest.mem_visibleAncestors`:
verify	Verify G6 frozen sources serially	2026-10-07T16:24:57.1973948Z   [Fintype Copy]
verify	Verify G6 frozen sources serially	2026-10-07T16:24:57.1974527Z   [Fintype V]
verify	Verify G6 frozen sources serially	2026-10-07T16:24:57.1974839Z   [Fintype E]
verify	Verify G6 frozen sources serially	2026-10-07T16:24:57.1975192Z   [DecidableEq V]
verify	Verify G6 frozen sources serially	2026-10-07T16:24:57.1975533Z   [DecidableEq E]
verify	Verify G6 frozen sources serially	2026-10-07T16:24:57.1976326Z consider restructuring your `variable` declarations so that the variables are not in scope or explicitly omit them:
verify	Verify G6 frozen sources serially	2026-10-07T16:24:57.1977546Z   omit [Fintype Copy] [Fintype V] [Fintype E] [DecidableEq V] [DecidableEq E] in theorem ...
verify	Verify G6 frozen sources serially	2026-10-07T16:24:57.1978392Z 
verify	Verify G6 frozen sources serially	2026-10-07T16:24:57.1978781Z Note: This linter can be disabled with `set_option linter.unusedSectionVars false`
verify	Verify G6 frozen sources serially	2026-10-07T16:24:57.1980520Z /home/runner/work/_temp/g6-cloud-build/Imported/SourceLabelledForest.lean:501:0: warning: automatically included section variable(s) unused in theorem `GProgram.SourceForest.selectedBlock_eq_fiber`:
verify	Verify G6 frozen sources serially	2026-10-07T16:24:57.1982014Z   [Fintype Copy]
verify	Verify G6 frozen sources serially	2026-10-07T16:24:57.1982375Z   [Fintype V]
verify	Verify G6 frozen sources serially	2026-10-07T16:24:57.1982694Z   [Fintype E]
verify	Verify G6 frozen sources serially	2026-10-07T16:24:57.1983018Z   [DecidableEq V]
verify	Verify G6 frozen sources serially	2026-10-07T16:24:57.1983354Z   [DecidableEq E]
verify	Verify G6 frozen sources serially	2026-10-07T16:24:57.1984167Z consider restructuring your `variable` declarations so that the variables are not in scope or explicitly omit them:
verify	Verify G6 frozen sources serially	2026-10-07T16:24:57.1985405Z   omit [Fintype Copy] [Fintype V] [Fintype E] [DecidableEq V] [DecidableEq E] in theorem ...
verify	Verify G6 frozen sources serially	2026-10-07T16:24:57.1986016Z 
verify	Verify G6 frozen sources serially	2026-10-07T16:24:57.1986428Z Note: This linter can be disabled with `set_option linter.unusedSectionVars false`
verify	Verify G6 frozen sources serially	2026-10-07T16:24:57.1988473Z /home/runner/work/_temp/g6-cloud-build/Imported/SourceLabelledForest.lean:527:0: warning: automatically included section variable(s) unused in theorem `GProgram.SourceForest.selectedBlock_merge_survivor`:
verify	Verify G6 frozen sources serially	2026-10-07T16:24:57.1990032Z   [Fintype Copy]
verify	Verify G6 frozen sources serially	2026-10-07T16:24:57.1990369Z   [Fintype V]
verify	Verify G6 frozen sources serially	2026-10-07T16:24:57.1990692Z   [Fintype E]
verify	Verify G6 frozen sources serially	2026-10-07T16:24:57.1991012Z   [DecidableEq V]
verify	Verify G6 frozen sources serially	2026-10-07T16:24:57.1991357Z   [DecidableEq E]
verify	Verify G6 frozen sources serially	2026-10-07T16:24:57.1992173Z consider restructuring your `variable` declarations so that the variables are not in scope or explicitly omit them:
verify	Verify G6 frozen sources serially	2026-10-07T16:24:57.1993371Z   omit [Fintype Copy] [Fintype V] [Fintype E] [DecidableEq V] [DecidableEq E] in theorem ...
verify	Verify G6 frozen sources serially	2026-10-07T16:24:57.1993974Z 
verify	Verify G6 frozen sources serially	2026-10-07T16:24:57.1994358Z Note: This linter can be disabled with `set_option linter.unusedSectionVars false`
verify	Verify G6 frozen sources serially	2026-10-07T16:24:57.1996127Z /home/runner/work/_temp/g6-cloud-build/Imported/SourceLabelledForest.lean:532:0: warning: automatically included section variable(s) unused in theorem `GProgram.SourceForest.selectedBlock_merge_other`:
verify	Verify G6 frozen sources serially	2026-10-07T16:24:57.1997614Z   [Fintype Copy]
verify	Verify G6 frozen sources serially	2026-10-07T16:24:57.1998195Z   [Fintype V]
verify	Verify G6 frozen sources serially	2026-10-07T16:24:57.1998520Z   [Fintype E]
verify	Verify G6 frozen sources serially	2026-10-07T16:24:57.1998842Z   [DecidableEq V]
verify	Verify G6 frozen sources serially	2026-10-07T16:24:57.1999184Z   [DecidableEq E]
verify	Verify G6 frozen sources serially	2026-10-07T16:24:57.1999979Z consider restructuring your `variable` declarations so that the variables are not in scope or explicitly omit them:
verify	Verify G6 frozen sources serially	2026-10-07T16:24:57.2001420Z   omit [Fintype Copy] [Fintype V] [Fintype E] [DecidableEq V] [DecidableEq E] in theorem ...
verify	Verify G6 frozen sources serially	2026-10-07T16:24:57.2002032Z 
verify	Verify G6 frozen sources serially	2026-10-07T16:24:57.2002459Z Note: This linter can be disabled with `set_option linter.unusedSectionVars false`
verify	Verify G6 frozen sources serially	2026-10-07T16:24:57.2004233Z /home/runner/work/_temp/g6-cloud-build/Imported/SourceLabelledForest.lean:537:0: warning: automatically included section variable(s) unused in theorem `GProgram.SourceForest.prune_merge_survivor`:
verify	Verify G6 frozen sources serially	2026-10-07T16:24:57.2005701Z   [Fintype Copy]
verify	Verify G6 frozen sources serially	2026-10-07T16:24:57.2006032Z   [Fintype V]
verify	Verify G6 frozen sources serially	2026-10-07T16:24:57.2006340Z   [Fintype E]
verify	Verify G6 frozen sources serially	2026-10-07T16:24:57.2006654Z   [DecidableEq V]
verify	Verify G6 frozen sources serially	2026-10-07T16:24:57.2006984Z   [DecidableEq E]
verify	Verify G6 frozen sources serially	2026-10-07T16:24:57.2008074Z consider restructuring your `variable` declarations so that the variables are not in scope or explicitly omit them:
verify	Verify G6 frozen sources serially	2026-10-07T16:24:57.2009288Z   omit [Fintype Copy] [Fintype V] [Fintype E] [DecidableEq V] [DecidableEq E] in theorem ...
verify	Verify G6 frozen sources serially	2026-10-07T16:24:57.2009894Z 
verify	Verify G6 frozen sources serially	2026-10-07T16:24:57.2010289Z Note: This linter can be disabled with `set_option linter.unusedSectionVars false`
verify	Verify G6 frozen sources serially	2026-10-07T16:24:57.2012056Z /home/runner/work/_temp/g6-cloud-build/Imported/SourceLabelledForest.lean:542:0: warning: automatically included section variable(s) unused in theorem `GProgram.SourceForest.pulse_selected_genealogy_unchanged`:
verify	Verify G6 frozen sources serially	2026-10-07T16:24:57.2013789Z   [Fintype Copy]
verify	Verify G6 frozen sources serially	2026-10-07T16:24:57.2014581Z consider restructuring your `variable` declarations so that the variables are not in scope or explicitly omit them:
verify	Verify G6 frozen sources serially	2026-10-07T16:24:57.2015519Z   omit [Fintype Copy] in theorem ...
verify	Verify G6 frozen sources serially	2026-10-07T16:24:57.2015829Z 
verify	Verify G6 frozen sources serially	2026-10-07T16:24:57.2016205Z Note: This linter can be disabled with `set_option linter.unusedSectionVars false`
verify	Verify G6 frozen sources serially	2026-10-07T16:24:57.2018193Z /home/runner/work/_temp/g6-cloud-build/Imported/SourceLabelledForest.lean:551:0: warning: automatically included section variable(s) unused in theorem `GProgram.SourceForest.Genealogy.joinPruned_wellLabelled`:
verify	Verify G6 frozen sources serially	2026-10-07T16:24:57.2019757Z   [Fintype Copy]
verify	Verify G6 frozen sources serially	2026-10-07T16:24:57.2020550Z consider restructuring your `variable` declarations so that the variables are not in scope or explicitly omit them:
verify	Verify G6 frozen sources serially	2026-10-07T16:24:57.2021496Z   omit [Fintype Copy] in theorem ...
verify	Verify G6 frozen sources serially	2026-10-07T16:24:57.2021807Z 
verify	Verify G6 frozen sources serially	2026-10-07T16:24:57.2022192Z Note: This linter can be disabled with `set_option linter.unusedSectionVars false`
verify	Verify G6 frozen sources serially	2026-10-07T16:24:57.2023934Z /home/runner/work/_temp/g6-cloud-build/Imported/SourceLabelledForest.lean:572:0: warning: automatically included section variable(s) unused in theorem `GProgram.SourceForest.unique_live_genealogy`:
verify	Verify G6 frozen sources serially	2026-10-07T16:24:57.2025389Z   [Fintype Copy]
verify	Verify G6 frozen sources serially	2026-10-07T16:24:57.2025728Z   [Fintype V]
verify	Verify G6 frozen sources serially	2026-10-07T16:24:57.2026057Z   [Fintype E]
verify	Verify G6 frozen sources serially	2026-10-07T16:24:57.2026382Z   [DecidableEq V]
verify	Verify G6 frozen sources serially	2026-10-07T16:24:57.2026731Z   [DecidableEq E]
verify	Verify G6 frozen sources serially	2026-10-07T16:24:57.2027544Z consider restructuring your `variable` declarations so that the variables are not in scope or explicitly omit them:
verify	Verify G6 frozen sources serially	2026-10-07T16:24:57.2029051Z   omit [Fintype Copy] [Fintype V] [Fintype E] [DecidableEq V] [DecidableEq E] in theorem ...
verify	Verify G6 frozen sources serially	2026-10-07T16:24:57.2029676Z 
verify	Verify G6 frozen sources serially	2026-10-07T16:24:57.2030062Z Note: This linter can be disabled with `set_option linter.unusedSectionVars false`
verify	Verify G6 frozen sources serially	2026-10-07T16:24:57.2031805Z /home/runner/work/_temp/g6-cloud-build/Imported/SourceLabelledForest.lean:580:0: warning: automatically included section variable(s) unused in theorem `GProgram.SourceForest.source_live_root_is_original`:
verify	Verify G6 frozen sources serially	2026-10-07T16:24:57.2033298Z   [Fintype Copy]
verify	Verify G6 frozen sources serially	2026-10-07T16:24:57.2033660Z   [DecidableEq E]
verify	Verify G6 frozen sources serially	2026-10-07T16:24:57.2034460Z consider restructuring your `variable` declarations so that the variables are not in scope or explicitly omit them:
verify	Verify G6 frozen sources serially	2026-10-07T16:24:57.2035458Z   omit [Fintype Copy] [DecidableEq E] in theorem ...
verify	Verify G6 frozen sources serially	2026-10-07T16:24:57.2035840Z 
verify	Verify G6 frozen sources serially	2026-10-07T16:24:57.2036228Z Note: This linter can be disabled with `set_option linter.unusedSectionVars false`
verify	Verify G6 frozen sources serially	2026-10-07T16:24:57.2037444Z /home/runner/work/_temp/g6-cloud-build/Imported/SourceLabelledForest.lean:645:10: warning: This simp argument is unused:
verify	Verify G6 frozen sources serially	2026-10-07T16:24:57.2038981Z   Fintype.sum_bool
verify	Verify G6 frozen sources serially	2026-10-07T16:24:57.2039205Z 
verify	Verify G6 frozen sources serially	2026-10-07T16:24:57.2039386Z Hint: Omit it from the simp argument list.
verify	Verify G6 frozen sources serially	2026-10-07T16:24:57.2039953Z   [apply] simp [cylinderFactor, bitWeight, ha, hw]
verify	Verify G6 frozen sources serially	2026-10-07T16:24:57.2040332Z 
verify	Verify G6 frozen sources serially	2026-10-07T16:24:57.2040699Z Note: This linter can be disabled with `set_option linter.unusedSimpArgs false`
verify	Verify G6 frozen sources serially	2026-10-07T16:24:57.2041880Z 'GProgram.SourceForest.pulse_selected_coin_marginal' depends on axioms: [propext, Classical.choice, Quot.sound]
verify	Verify G6 frozen sources serially	2026-10-07T16:24:57.2043325Z 'GProgram.SourceForest.coinCylinderMass_eq_retained_product' depends on axioms: [propext, Classical.choice, Quot.sound]
verify	Verify G6 frozen sources serially	2026-10-07T16:24:57.2044761Z 'GProgram.SourceForest.Genealogy.prune_wellLabelled' depends on axioms: [propext, Classical.choice, Quot.sound]
verify	Verify G6 frozen sources serially	2026-10-07T16:24:57.2046095Z 'GProgram.SourceForest.unique_live_genealogy' depends on axioms: [propext, Classical.choice, Quot.sound]
verify	Verify G6 frozen sources serially	2026-10-07T16:24:57.2047391Z 'GProgram.SourceForest.source_live_root_is_original' depends on axioms: [propext, Classical.choice, Quot.sound]
verify	Verify G6 frozen sources serially	2026-10-07T16:24:57.2048985Z 'GProgram.SourceForest.source_trace_original_copy_budget' depends on axioms: [propext, Classical.choice, Quot.sound]
verify	Verify G6 frozen sources serially	2026-10-07T16:24:57.2050602Z 'GProgram.SourceForest.source_trace_history_prefix' depends on axioms: [propext, Classical.choice, Quot.sound]
verify	Verify G6 frozen sources serially	2026-10-07T16:24:57.2051918Z 'GProgram.SourceForest.Genealogy.prune_leaves' depends on axioms: [propext, Classical.choice, Quot.sound]
verify	Verify G6 frozen sources serially	2026-10-07T16:24:57.2053291Z 'GProgram.SourceForest.selectedBlock_injective_on_visible' depends on axioms: [propext, Classical.choice, Quot.sound]
verify	Verify G6 frozen sources serially	2026-10-07T16:24:57.2054707Z 'GProgram.SourceForest.selectedBlock_merge_survivor' depends on axioms: [propext, Classical.choice, Quot.sound]
verify	Verify G6 frozen sources serially	2026-10-07T16:24:57.2056105Z 'GProgram.SourceForest.prune_merge_survivor' depends on axioms: [propext, Classical.choice, Quot.sound]
verify	Verify G6 frozen sources serially	2026-10-07T16:24:57.2057354Z 'GProgram.SourceForest.source_trace_valid' depends on axioms: [propext, Classical.choice, Quot.sound]
verify	Verify G6 frozen sources serially	2026-10-07T16:24:57.2058840Z 'GProgram.SourceForest.source_trace_register' depends on axioms: [propext, Classical.choice, Quot.sound]
verify	Verify G6 frozen sources serially	2026-10-07T16:24:57.2060108Z 'GProgram.SourceForest.step_history_extends' depends on axioms: [propext, Classical.choice, Quot.sound]
verify	Verify G6 frozen sources serially	2026-10-07T16:24:57.2061366Z 'GProgram.SourceForest.pulseExpectation_one' depends on axioms: [propext, Classical.choice, Quot.sound]
verify	Verify G6 frozen sources serially	2026-10-07T16:24:57.2062758Z 'GProgram.SourceForest.pulseExpectation_nonnegative' depends on axioms: [propext, Classical.choice, Quot.sound]
verify	Verify G6 frozen sources serially	2026-10-07T16:24:57.2064070Z 'GProgram.SourceForest.initial_valid' depends on axioms: [propext, Classical.choice, Quot.sound]
verify	Verify G6 frozen sources serially	2026-10-07T16:24:57.2065222Z 'GProgram.SourceForest.merge_valid' depends on axioms: [propext, Classical.choice, Quot.sound]
verify	Verify G6 frozen sources serially	2026-10-07T16:24:57.2066466Z 'GProgram.SourceForest.merge_population_preserved' depends on axioms: [propext, Classical.choice, Quot.sound]
verify	Verify G6 frozen sources serially	2026-10-07T16:24:57.2067974Z 'GProgram.SourceForest.merge_never_splits' depends on axioms: [propext, Classical.choice, Quot.sound]
verify	Verify G6 frozen sources serially	2026-10-07T16:24:57.2069229Z 'GProgram.SourceForest.merge_live_card' depends on axioms: [propext, Classical.choice, Quot.sound]
verify	Verify G6 frozen sources serially	2026-10-07T16:24:57.2070565Z 'GProgram.SourceForest.enterRoot_retains_original_root' depends on axioms: [propext, Classical.choice, Quot.sound]
verify	Verify G6 frozen sources serially	2026-10-07T16:24:57.2071859Z 'GProgram.SourceForest.pulse_valid' depends on axioms: [propext, Classical.choice, Quot.sound]
verify	Verify G6 frozen sources serially	2026-10-07T16:24:57.2073162Z 'GProgram.SourceForest.pulse_routes_current_ancestor' depends on axioms: [propext, Classical.choice, Quot.sound]
verify	Verify G6 frozen sources serially	2026-10-07T16:24:57.2074522Z 'GProgram.SourceForest.pulse_cannot_split_copies' depends on axioms: [propext, Classical.choice, Quot.sound]
verify	Verify G6 frozen sources serially	2026-10-07T16:24:57.2075891Z 'GProgram.SourceForest.independentWeight_normalized' depends on axioms: [propext, Classical.choice, Quot.sound]
verify	Verify G6 frozen sources serially	2026-10-07T16:24:57.2077300Z 'GProgram.SourceForest.independentWeight_nonnegative' depends on axioms: [propext, Classical.choice, Quot.sound]
verify	Verify G6 frozen sources serially	2026-10-07T16:24:57.2080862Z G6_RECEIPT {"argv": ["lake", "env", "lean", "--trust=0", "-j1", "-M4096", "-o", "/home/runner/work/_temp/g6-cloud-build/.lake/build/lib/lean/SourceLabelledForest.olean", "/home/runner/work/_temp/g6-cloud-build/Imported/SourceLabelledForest.lean"], "start": "2026-10-07T16:24:52.661003+00:00", "end": "2026-10-07T16:24:57.183546+00:00", "exit": 0, "output_sha256": "79ac7b957f8500fff5f2e97d6b4f5c421747bab05c34771d0de9451c972e26df"}
verify	Verify G6 frozen sources serially	2026-10-07T16:24:57.2085344Z G6_COMMAND {"argv": ["lake", "env", "lean", "--trust=0", "-j1", "-M4096", "-o", "/home/runner/work/_temp/g6-cloud-build/.lake/build/lib/lean/SourceForestKingmanProjection.olean", "/home/runner/work/_temp/g6-cloud-build/Imported/SourceForestKingmanProjection.lean"], "cwd": "/home/runner/work/_temp/g6-cloud-build", "start": "2026-10-07T16:24:57.184203+00:00"}
verify	Verify G6 frozen sources serially	2026-10-07T16:24:59.2130907Z /home/runner/work/_temp/g6-cloud-build/Imported/SourceForestKingmanProjection.lean:31:0: warning: automatically included section variable(s) unused in theorem `GProgram.SourceForestKingmanProjection.image_offDiag_eq`:
verify	Verify G6 frozen sources serially	2026-10-07T16:24:59.2133113Z   [DecidableEq α]
verify	Verify G6 frozen sources serially	2026-10-07T16:24:59.2133749Z consider restructuring your `variable` declarations so that the variables are not in scope or explicitly omit them:
verify	Verify G6 frozen sources serially	2026-10-07T16:24:59.2134792Z   omit [DecidableEq α] in theorem ...
verify	Verify G6 frozen sources serially	2026-10-07T16:24:59.2135160Z 
verify	Verify G6 frozen sources serially	2026-10-07T16:24:59.2135588Z Note: This linter can be disabled with `set_option linter.unusedSectionVars false`
verify	Verify G6 frozen sources serially	2026-10-07T16:24:59.2137152Z /home/runner/work/_temp/g6-cloud-build/Imported/SourceForestKingmanProjection.lean:57:0: warning: automatically included section variable(s) unused in theorem `GProgram.SourceForestKingmanProjection.pairMap_injective_on_offDiag`:
verify	Verify G6 frozen sources serially	2026-10-07T16:24:59.2139465Z   [DecidableEq α]
verify	Verify G6 frozen sources serially	2026-10-07T16:24:59.2139774Z   [DecidableEq β]
verify	Verify G6 frozen sources serially	2026-10-07T16:24:59.2140381Z consider restructuring your `variable` declarations so that the variables are not in scope or explicitly omit them:
verify	Verify G6 frozen sources serially	2026-10-07T16:24:59.2141193Z   omit [DecidableEq α] [DecidableEq β] in theorem ...
verify	Verify G6 frozen sources serially	2026-10-07T16:24:59.2141503Z 
verify	Verify G6 frozen sources serially	2026-10-07T16:24:59.2141791Z Note: This linter can be disabled with `set_option linter.unusedSectionVars false`
verify	Verify G6 frozen sources serially	2026-10-07T16:24:59.2142683Z 'GProgram.SourceForestKingmanProjection.source_visible_pair_unique_preimage' depends on axioms: [propext,
verify	Verify G6 frozen sources serially	2026-10-07T16:24:59.2143369Z  Classical.choice,
verify	Verify G6 frozen sources serially	2026-10-07T16:24:59.2143637Z  Quot.sound]
verify	Verify G6 frozen sources serially	2026-10-07T16:24:59.2144185Z 'GProgram.SourceForestKingmanProjection.actual_source_visible_generator_identity' depends on axioms: [propext,
verify	Verify G6 frozen sources serially	2026-10-07T16:24:59.2144714Z  Classical.choice,
verify	Verify G6 frozen sources serially	2026-10-07T16:24:59.2144917Z  Quot.sound]
verify	Verify G6 frozen sources serially	2026-10-07T16:24:59.2146658Z G6_RECEIPT {"argv": ["lake", "env", "lean", "--trust=0", "-j1", "-M4096", "-o", "/home/runner/work/_temp/g6-cloud-build/.lake/build/lib/lean/SourceForestKingmanProjection.olean", "/home/runner/work/_temp/g6-cloud-build/Imported/SourceForestKingmanProjection.lean"], "start": "2026-10-07T16:24:57.184203+00:00", "end": "2026-10-07T16:24:59.212634+00:00", "exit": 0, "output_sha256": "855843569cbe38777bb54221148423275400b580a00dfd6ed32803a8c1d11904"}
verify	Verify G6 frozen sources serially	2026-10-07T16:24:59.2149788Z G6_COMMAND {"argv": ["lake", "env", "lean", "--trust=0", "-j1", "-M4096", "-o", "/home/runner/work/_temp/g6-cloud-build/.lake/build/lib/lean/SourceForestKingmanPopulationProjection.olean", "/home/runner/work/_temp/g6-cloud-build/Imported/SourceForestKingmanPopulationProjection.lean"], "cwd": "/home/runner/work/_temp/g6-cloud-build", "start": "2026-10-07T16:24:59.213026+00:00"}
verify	Verify G6 frozen sources serially	2026-10-07T16:25:01.1282626Z /home/runner/work/_temp/g6-cloud-build/Imported/SourceForestKingmanPopulationProjection.lean:27:0: warning: automatically included section variable(s) unused in theorem `GProgram.SourceForestKingmanPopulationProjection.populationRoots_subset_live`:
verify	Verify G6 frozen sources serially	2026-10-07T16:25:01.1284653Z   [Fintype V]
verify	Verify G6 frozen sources serially	2026-10-07T16:25:01.1285010Z   [Fintype E]
verify	Verify G6 frozen sources serially	2026-10-07T16:25:01.1285346Z   [Fintype Copy]
verify	Verify G6 frozen sources serially	2026-10-07T16:25:01.1286150Z consider restructuring your `variable` declarations so that the variables are not in scope or explicitly omit them:
verify	Verify G6 frozen sources serially	2026-10-07T16:25:01.1287070Z   omit [Fintype V] [Fintype E] [Fintype Copy] in theorem ...
verify	Verify G6 frozen sources serially	2026-10-07T16:25:01.1287324Z 
verify	Verify G6 frozen sources serially	2026-10-07T16:25:01.1287552Z Note: This linter can be disabled with `set_option linter.unusedSectionVars false`
verify	Verify G6 frozen sources serially	2026-10-07T16:25:01.1289610Z /home/runner/work/_temp/g6-cloud-build/Imported/SourceForestKingmanPopulationProjection.lean:32:0: warning: automatically included section variable(s) unused in theorem `GProgram.SourceForestKingmanPopulationProjection.population_pair_is_source_legal`:
verify	Verify G6 frozen sources serially	2026-10-07T16:25:01.1290713Z   [Fintype V]
verify	Verify G6 frozen sources serially	2026-10-07T16:25:01.1290928Z   [Fintype E]
verify	Verify G6 frozen sources serially	2026-10-07T16:25:01.1291114Z   [Fintype Copy]
verify	Verify G6 frozen sources serially	2026-10-07T16:25:01.1291576Z consider restructuring your `variable` declarations so that the variables are not in scope or explicitly omit them:
verify	Verify G6 frozen sources serially	2026-10-07T16:25:01.1292161Z   omit [Fintype V] [Fintype E] [Fintype Copy] in theorem ...
verify	Verify G6 frozen sources serially	2026-10-07T16:25:01.1292397Z 
verify	Verify G6 frozen sources serially	2026-10-07T16:25:01.1292622Z Note: This linter can be disabled with `set_option linter.unusedSectionVars false`
verify	Verify G6 frozen sources serially	2026-10-07T16:25:01.1293367Z 'GProgram.SourceForestKingmanPopulationProjection.edge_projected_pair_has_unique_legal_preimage' depends on axioms: [propext,
verify	Verify G6 frozen sources serially	2026-10-07T16:25:01.1294160Z  Classical.choice,
verify	Verify G6 frozen sources serially	2026-10-07T16:25:01.1294365Z  Quot.sound]
verify	Verify G6 frozen sources serially	2026-10-07T16:25:01.1294896Z 'GProgram.SourceForestKingmanPopulationProjection.root_projected_pair_has_unique_legal_preimage' depends on axioms: [propext,
verify	Verify G6 frozen sources serially	2026-10-07T16:25:01.1295496Z  Classical.choice,
verify	Verify G6 frozen sources serially	2026-10-07T16:25:01.1295690Z  Quot.sound]
verify	Verify G6 frozen sources serially	2026-10-07T16:25:01.1296210Z 'GProgram.SourceForestKingmanPopulationProjection.actual_population_visible_generator_identity' depends on axioms: [propext,
verify	Verify G6 frozen sources serially	2026-10-07T16:25:01.1296800Z  Classical.choice,
verify	Verify G6 frozen sources serially	2026-10-07T16:25:01.1296994Z  Quot.sound]
verify	Verify G6 frozen sources serially	2026-10-07T16:25:01.1298874Z G6_RECEIPT {"argv": ["lake", "env", "lean", "--trust=0", "-j1", "-M4096", "-o", "/home/runner/work/_temp/g6-cloud-build/.lake/build/lib/lean/SourceForestKingmanPopulationProjection.olean", "/home/runner/work/_temp/g6-cloud-build/Imported/SourceForestKingmanPopulationProjection.lean"], "start": "2026-10-07T16:24:59.213026+00:00", "end": "2026-10-07T16:25:01.127996+00:00", "exit": 0, "output_sha256": "6a4ccf778e6523c1961b260dba053422caa41e2889a0a3f7fcb7c8dea5ab0805"}
verify	Verify G6 frozen sources serially	2026-10-07T16:25:01.1301605Z G6_COMMAND {"argv": ["lake", "env", "lean", "--trust=0", "-j1", "-M4096", "-o", "/home/runner/work/_temp/g6-cloud-build/.lake/build/lib/lean/UnifiedLean/Source/SourceForestSilentPruning.olean", "/home/runner/work/_temp/g6-cloud-build/UnifiedLean/Source/SourceForestSilentPruning.lean"], "cwd": "/home/runner/work/_temp/g6-cloud-build", "start": "2026-10-07T16:25:01.128400+00:00"}
verify	Verify G6 frozen sources serially	2026-10-07T16:25:03.1774601Z /home/runner/work/_temp/g6-cloud-build/UnifiedLean/Source/SourceForestSilentPruning.lean:21:0: warning: automatically included section variable(s) unused in theorem `UnifiedLean.Source.SourceForestSilentPruning.genealogy_leaves_nonempty`:
verify	Verify G6 frozen sources serially	2026-10-07T16:25:03.1776337Z   [Fintype Copy]
verify	Verify G6 frozen sources serially	2026-10-07T16:25:03.1777308Z consider restructuring your `variable` declarations so that the variables are not in scope or explicitly omit them:
verify	Verify G6 frozen sources serially	2026-10-07T16:25:03.1778760Z   omit [Fintype Copy] in theorem ...
verify	Verify G6 frozen sources serially	2026-10-07T16:25:03.1779314Z 
verify	Verify G6 frozen sources serially	2026-10-07T16:25:03.1780231Z Note: This linter can be disabled with `set_option linter.unusedSectionVars false`
verify	Verify G6 frozen sources serially	2026-10-07T16:25:03.1782471Z /home/runner/work/_temp/g6-cloud-build/UnifiedLean/Source/SourceForestSilentPruning.lean:60:0: warning: automatically included section variable(s) unused in theorem `UnifiedLean.Source.SourceForestSilentPruning.selected_label_not_in_invisible_operand`:
verify	Verify G6 frozen sources serially	2026-10-07T16:25:03.1784936Z   [DecidableEq V]
verify	Verify G6 frozen sources serially	2026-10-07T16:25:03.1785475Z   [DecidableEq E]
verify	Verify G6 frozen sources serially	2026-10-07T16:25:03.1785983Z   [Fintype V]
verify	Verify G6 frozen sources serially	2026-10-07T16:25:03.1786472Z   [Fintype E]
verify	Verify G6 frozen sources serially	2026-10-07T16:25:03.1787509Z consider restructuring your `variable` declarations so that the variables are not in scope or explicitly omit them:
verify	Verify G6 frozen sources serially	2026-10-07T16:25:03.1789357Z   omit [DecidableEq V] [DecidableEq E] [Fintype V] [Fintype E] in theorem ...
verify	Verify G6 frozen sources serially	2026-10-07T16:25:03.1789960Z 
verify	Verify G6 frozen sources serially	2026-10-07T16:25:03.1791356Z Note: This linter can be disabled with `set_option linter.unusedSectionVars false`
verify	Verify G6 frozen sources serially	2026-10-07T16:25:03.1793399Z /home/runner/work/_temp/g6-cloud-build/UnifiedLean/Source/SourceForestSilentPruning.lean:73:0: warning: automatically included section variable(s) unused in theorem `UnifiedLean.Source.SourceForestSilentPruning.invisible_operand_iff_pruned_none`:
verify	Verify G6 frozen sources serially	2026-10-07T16:25:03.1795245Z   [DecidableEq V]
verify	Verify G6 frozen sources serially	2026-10-07T16:25:03.1795614Z   [DecidableEq E]
verify	Verify G6 frozen sources serially	2026-10-07T16:25:03.1795962Z   [Fintype V]
verify	Verify G6 frozen sources serially	2026-10-07T16:25:03.1796285Z   [Fintype E]
verify	Verify G6 frozen sources serially	2026-10-07T16:25:03.1797067Z consider restructuring your `variable` declarations so that the variables are not in scope or explicitly omit them:
verify	Verify G6 frozen sources serially	2026-10-07T16:25:03.1798503Z   omit [DecidableEq V] [DecidableEq E] [Fintype V] [Fintype E] in theorem ...
verify	Verify G6 frozen sources serially	2026-10-07T16:25:03.1799045Z 
verify	Verify G6 frozen sources serially	2026-10-07T16:25:03.1799439Z Note: This linter can be disabled with `set_option linter.unusedSectionVars false`
verify	Verify G6 frozen sources serially	2026-10-07T16:25:03.1800761Z /home/runner/work/_temp/g6-cloud-build/UnifiedLean/Source/SourceForestSilentPruning.lean:95:25: warning: This simp argument is unused:
verify	Verify G6 frozen sources serially	2026-10-07T16:25:03.1801843Z   if_neg hxb
verify	Verify G6 frozen sources serially	2026-10-07T16:25:03.1802035Z 
verify	Verify G6 frozen sources serially	2026-10-07T16:25:03.1802467Z Hint: Omit it from the simp argument list.
verify	Verify G6 frozen sources serially	2026-10-07T16:25:03.1803076Z   [apply] simp only [merge, hxa, if_true, Genealogy.prune]
verify	Verify G6 frozen sources serially	2026-10-07T16:25:03.1803527Z 
verify	Verify G6 frozen sources serially	2026-10-07T16:25:03.1803893Z Note: This linter can be disabled with `set_option linter.unusedSimpArgs false`
verify	Verify G6 frozen sources serially	2026-10-07T16:25:03.1805177Z /home/runner/work/_temp/g6-cloud-build/UnifiedLean/Source/SourceForestSilentPruning.lean:95:40: warning: This simp argument is unused:
verify	Verify G6 frozen sources serially	2026-10-07T16:25:03.1806239Z   if_true
verify	Verify G6 frozen sources serially	2026-10-07T16:25:03.1806426Z 
verify	Verify G6 frozen sources serially	2026-10-07T16:25:03.1806609Z Hint: Omit it from the simp argument list.
verify	Verify G6 frozen sources serially	2026-10-07T16:25:03.1807201Z   [apply] simp only [merge, if_neg hxb, hxa, Genealogy.prune]
verify	Verify G6 frozen sources serially	2026-10-07T16:25:03.1807622Z 
verify	Verify G6 frozen sources serially	2026-10-07T16:25:03.1808299Z Note: This linter can be disabled with `set_option linter.unusedSimpArgs false`
verify	Verify G6 frozen sources serially	2026-10-07T16:25:03.1809613Z /home/runner/work/_temp/g6-cloud-build/UnifiedLean/Source/SourceForestSilentPruning.lean:95:48: warning: This simp argument is unused:
verify	Verify G6 frozen sources serially	2026-10-07T16:25:03.1810689Z   Genealogy.prune
verify	Verify G6 frozen sources serially	2026-10-07T16:25:03.1810917Z 
verify	Verify G6 frozen sources serially	2026-10-07T16:25:03.1811103Z Hint: Omit it from the simp argument list.
verify	Verify G6 frozen sources serially	2026-10-07T16:25:03.1811647Z   [apply] simp only [merge, if_neg hxb, hxa, if_true]
verify	Verify G6 frozen sources serially	2026-10-07T16:25:03.1812031Z 
verify	Verify G6 frozen sources serially	2026-10-07T16:25:03.1812392Z Note: This linter can be disabled with `set_option linter.unusedSimpArgs false`
verify	Verify G6 frozen sources serially	2026-10-07T16:25:03.1814447Z /home/runner/work/_temp/g6-cloud-build/UnifiedLean/Source/SourceForestSilentPruning.lean:103:0: warning: automatically included section variable(s) unused in theorem `UnifiedLean.Source.SourceForestSilentPruning.selectedLocation_merge_unchanged`:
verify	Verify G6 frozen sources serially	2026-10-07T16:25:03.1816279Z   [DecidableEq E]
verify	Verify G6 frozen sources serially	2026-10-07T16:25:03.1817056Z consider restructuring your `variable` declarations so that the variables are not in scope or explicitly omit them:
verify	Verify G6 frozen sources serially	2026-10-07T16:25:03.1818190Z   omit [DecidableEq E] in theorem ...
verify	Verify G6 frozen sources serially	2026-10-07T16:25:03.1818520Z 
verify	Verify G6 frozen sources serially	2026-10-07T16:25:03.1818905Z Note: This linter can be disabled with `set_option linter.unusedSectionVars false`
verify	Verify G6 frozen sources serially	2026-10-07T16:25:03.1820083Z 'UnifiedLean.Source.SourceForestSilentPruning.prune_none_iff_no_selected_leaves' depends on axioms: [propext,
verify	Verify G6 frozen sources serially	2026-10-07T16:25:03.1821112Z  Classical.choice,
verify	Verify G6 frozen sources serially	2026-10-07T16:25:03.1821473Z  Quot.sound]
verify	Verify G6 frozen sources serially	2026-10-07T16:25:03.1822339Z 'UnifiedLean.Source.SourceForestSilentPruning.selected_label_not_in_invisible_operand' depends on axioms: [propext,
verify	Verify G6 frozen sources serially	2026-10-07T16:25:03.1823295Z  Classical.choice,
verify	Verify G6 frozen sources serially	2026-10-07T16:25:03.1823618Z  Quot.sound]
verify	Verify G6 frozen sources serially	2026-10-07T16:25:03.1824403Z 'UnifiedLean.Source.SourceForestSilentPruning.invisible_operand_iff_pruned_none' depends on axioms: [propext,
verify	Verify G6 frozen sources serially	2026-10-07T16:25:03.1825317Z  Classical.choice,
verify	Verify G6 frozen sources serially	2026-10-07T16:25:03.1825630Z  Quot.sound]
verify	Verify G6 frozen sources serially	2026-10-07T16:25:03.1826406Z 'UnifiedLean.Source.SourceForestSilentPruning.selectedGenealogy_merge_silent' depends on axioms: [propext,
verify	Verify G6 frozen sources serially	2026-10-07T16:25:03.1827303Z  Classical.choice,
verify	Verify G6 frozen sources serially	2026-10-07T16:25:03.1828024Z  Quot.sound]
verify	Verify G6 frozen sources serially	2026-10-07T16:25:03.1828829Z 'UnifiedLean.Source.SourceForestSilentPruning.selectedLocation_merge_unchanged' depends on axioms: [propext,
verify	Verify G6 frozen sources serially	2026-10-07T16:25:03.1829787Z  Classical.choice,
verify	Verify G6 frozen sources serially	2026-10-07T16:25:03.1830098Z  Quot.sound]
verify	Verify G6 frozen sources serially	2026-10-07T16:25:03.1830847Z 'UnifiedLean.Source.SourceForestSilentPruning.selectedView_merge_silent' depends on axioms: [propext,
verify	Verify G6 frozen sources serially	2026-10-07T16:25:03.1831768Z  Classical.choice,
verify	Verify G6 frozen sources serially	2026-10-07T16:25:03.1832135Z  Quot.sound]
verify	Verify G6 frozen sources serially	2026-10-07T16:25:03.1832964Z 'UnifiedLean.Source.SourceForestSilentPruning.silent_merger_readout_increment_zero' depends on axioms: [propext,
verify	Verify G6 frozen sources serially	2026-10-07T16:25:03.1834003Z  Classical.choice,
verify	Verify G6 frozen sources serially	2026-10-07T16:25:03.1834342Z  Quot.sound]
verify	Verify G6 frozen sources serially	2026-10-07T16:25:03.1837167Z G6_RECEIPT {"argv": ["lake", "env", "lean", "--trust=0", "-j1", "-M4096", "-o", "/home/runner/work/_temp/g6-cloud-build/.lake/build/lib/lean/UnifiedLean/Source/SourceForestSilentPruning.olean", "/home/runner/work/_temp/g6-cloud-build/UnifiedLean/Source/SourceForestSilentPruning.lean"], "start": "2026-10-07T16:25:01.128400+00:00", "end": "2026-10-07T16:25:03.177234+00:00", "exit": 0, "output_sha256": "adfc8b82f9b633ac6e3a452cc1a196be3b5851497f2bb3303b17c4772cb602ba"}
verify	Verify G6 frozen sources serially	2026-10-07T16:25:03.1842435Z G6_COMMAND {"argv": ["lake", "env", "lean", "--trust=0", "-j1", "-M4096", "-o", "/home/runner/work/_temp/g6-cloud-build/.lake/build/lib/lean/UnifiedLean/Source/FiniteGenealogyEncoding.olean", "/home/runner/work/_temp/g6-cloud-build/UnifiedLean/Source/FiniteGenealogyEncoding.lean"], "cwd": "/home/runner/work/_temp/g6-cloud-build", "start": "2026-10-07T16:25:03.177652+00:00"}
verify	Verify G6 frozen sources serially	2026-10-07T16:25:05.4304630Z /home/runner/work/_temp/g6-cloud-build/UnifiedLean/Source/FiniteGenealogyEncoding.lean:38:4: warning: Variable name `n` is not explicitly referenced.
verify	Verify G6 frozen sources serially	2026-10-07T16:25:05.4305804Z 
verify	Verify G6 frozen sources serially	2026-10-07T16:25:05.4306545Z Hint: The binding can be removed (if unused) or named `_` (if used implicitly). Alternatively, prefix the name with `_` to silence this warning:
verify	Verify G6 frozen sources serially	2026-10-07T16:25:05.4307601Z   [apply] _n
verify	Verify G6 frozen sources serially	2026-10-07T16:25:05.4308051Z 
verify	Verify G6 frozen sources serially	2026-10-07T16:25:05.4308434Z Note: This linter can be disabled with `set_option linter.unusedVariables false`
verify	Verify G6 frozen sources serially	2026-10-07T16:25:05.4310274Z /home/runner/work/_temp/g6-cloud-build/UnifiedLean/Source/FiniteGenealogyEncoding.lean:49:0: warning: automatically included section variable(s) unused in theorem `UnifiedLean.Source.FiniteGenealogyEncoding.decode_encode`:
verify	Verify G6 frozen sources serially	2026-10-07T16:25:05.4311936Z   [DecidableEq Copy]
verify	Verify G6 frozen sources serially	2026-10-07T16:25:05.4312302Z   [Fintype Copy]
verify	Verify G6 frozen sources serially	2026-10-07T16:25:05.4313111Z consider restructuring your `variable` declarations so that the variables are not in scope or explicitly omit them:
verify	Verify G6 frozen sources serially	2026-10-07T16:25:05.4314123Z   omit [DecidableEq Copy] [Fintype Copy] in theorem ...
verify	Verify G6 frozen sources serially	2026-10-07T16:25:05.4314525Z 
verify	Verify G6 frozen sources serially	2026-10-07T16:25:05.4314912Z Note: This linter can be disabled with `set_option linter.unusedSectionVars false`
verify	Verify G6 frozen sources serially	2026-10-07T16:25:05.4316890Z /home/runner/work/_temp/g6-cloud-build/UnifiedLean/Source/FiniteGenealogyEncoding.lean:76:0: warning: automatically included section variable(s) unused in theorem `UnifiedLean.Source.FiniteGenealogyEncoding.wellLabelled_height_lt_leaves`:
verify	Verify G6 frozen sources serially	2026-10-07T16:25:05.4318968Z   [Fintype Copy]
verify	Verify G6 frozen sources serially	2026-10-07T16:25:05.4319785Z consider restructuring your `variable` declarations so that the variables are not in scope or explicitly omit them:
verify	Verify G6 frozen sources serially	2026-10-07T16:25:05.4320709Z   omit [Fintype Copy] in theorem ...
verify	Verify G6 frozen sources serially	2026-10-07T16:25:05.4321022Z 
verify	Verify G6 frozen sources serially	2026-10-07T16:25:05.4321405Z Note: This linter can be disabled with `set_option linter.unusedSectionVars false`
verify	Verify G6 frozen sources serially	2026-10-07T16:25:05.4322616Z 'UnifiedLean.Source.FiniteGenealogyEncoding.decode_encode' depends on axioms: [propext, Classical.choice, Quot.sound]
verify	Verify G6 frozen sources serially	2026-10-07T16:25:05.4324042Z 'UnifiedLean.Source.FiniteGenealogyEncoding.wellLabelled_height_lt_leaves' depends on axioms: [propext,
verify	Verify G6 frozen sources serially	2026-10-07T16:25:05.4324958Z  Classical.choice,
verify	Verify G6 frozen sources serially	2026-10-07T16:25:05.4325307Z  Quot.sound]
verify	Verify G6 frozen sources serially	2026-10-07T16:25:05.4326116Z 'UnifiedLean.Source.FiniteGenealogyEncoding.wellLabelled_height_below_copy_cap' depends on axioms: [propext,
verify	Verify G6 frozen sources serially	2026-10-07T16:25:05.4327353Z  Classical.choice,
verify	Verify G6 frozen sources serially	2026-10-07T16:25:05.4327889Z  Quot.sound]
verify	Verify G6 frozen sources serially	2026-10-07T16:25:05.4328667Z 'UnifiedLean.Source.FiniteGenealogyEncoding.liveGenealogyCode_decodes' depends on axioms: [propext,
verify	Verify G6 frozen sources serially	2026-10-07T16:25:05.4329572Z  Classical.choice,
verify	Verify G6 frozen sources serially	2026-10-07T16:25:05.4329918Z  Quot.sound]
verify	Verify G6 frozen sources serially	2026-10-07T16:25:05.4332610Z G6_RECEIPT {"argv": ["lake", "env", "lean", "--trust=0", "-j1", "-M4096", "-o", "/home/runner/work/_temp/g6-cloud-build/.lake/build/lib/lean/UnifiedLean/Source/FiniteGenealogyEncoding.olean", "/home/runner/work/_temp/g6-cloud-build/UnifiedLean/Source/FiniteGenealogyEncoding.lean"], "start": "2026-10-07T16:25:03.177652+00:00", "end": "2026-10-07T16:25:05.429213+00:00", "exit": 0, "output_sha256": "7381e57ae68117499d0e8f1416d2cdcc4df8bf51d261f2c1b5c8c57745663af4"}
verify	Verify G6 frozen sources serially	2026-10-07T16:25:05.4337198Z G6_COMMAND {"argv": ["lake", "env", "lean", "--trust=0", "-j1", "-M4096", "-o", "/home/runner/work/_temp/g6-cloud-build/.lake/build/lib/lean/UnifiedLean/Source/FiniteSourceSnapshot.olean", "/home/runner/work/_temp/g6-cloud-build/UnifiedLean/Source/FiniteSourceSnapshot.lean"], "cwd": "/home/runner/work/_temp/g6-cloud-build", "start": "2026-10-07T16:25:05.429526+00:00"}
verify	Verify G6 frozen sources serially	2026-10-07T16:25:07.5790837Z /home/runner/work/_temp/g6-cloud-build/UnifiedLean/Source/FiniteSourceSnapshot.lean:52:11: warning: Variable name `s` is not explicitly referenced.
verify	Verify G6 frozen sources serially	2026-10-07T16:25:07.5792108Z 
verify	Verify G6 frozen sources serially	2026-10-07T16:25:07.5792899Z Hint: The binding can be removed (if unused) or named `_` (if used implicitly). Alternatively, prefix the name with `_` to silence this warning:
verify	Verify G6 frozen sources serially	2026-10-07T16:25:07.5793974Z   [apply] _s
verify	Verify G6 frozen sources serially	2026-10-07T16:25:07.5794230Z 
verify	Verify G6 frozen sources serially	2026-10-07T16:25:07.5794646Z Note: This linter can be disabled with `set_option linter.unusedVariables false`
verify	Verify G6 frozen sources serially	2026-10-07T16:25:07.5796010Z /home/runner/work/_temp/g6-cloud-build/UnifiedLean/Source/FiniteSourceSnapshot.lean:53:12: warning: Variable name `s` is not explicitly referenced.
verify	Verify G6 frozen sources serially	2026-10-07T16:25:07.5796805Z 
verify	Verify G6 frozen sources serially	2026-10-07T16:25:07.5797514Z Hint: The binding can be removed (if unused) or named `_` (if used implicitly). Alternatively, prefix the name with `_` to silence this warning:
verify	Verify G6 frozen sources serially	2026-10-07T16:25:07.5799197Z   [apply] _s
verify	Verify G6 frozen sources serially	2026-10-07T16:25:07.5799433Z 
verify	Verify G6 frozen sources serially	2026-10-07T16:25:07.5799917Z Note: This linter can be disabled with `set_option linter.unusedVariables false`
verify	Verify G6 frozen sources serially	2026-10-07T16:25:07.5801991Z /home/runner/work/_temp/g6-cloud-build/UnifiedLean/Source/FiniteSourceSnapshot.lean:79:0: warning: automatically included section variable(s) unused in theorem `UnifiedLean.Source.FiniteSourceSnapshot.decode_encode_live_genealogy`:
verify	Verify G6 frozen sources serially	2026-10-07T16:25:07.5803880Z   [DecidableEq V]
verify	Verify G6 frozen sources serially	2026-10-07T16:25:07.5804237Z   [DecidableEq E]
verify	Verify G6 frozen sources serially	2026-10-07T16:25:07.5804573Z   [Fintype V]
verify	Verify G6 frozen sources serially	2026-10-07T16:25:07.5804898Z   [Fintype E]
verify	Verify G6 frozen sources serially	2026-10-07T16:25:07.5805221Z   [Fintype Copy]
verify	Verify G6 frozen sources serially	2026-10-07T16:25:07.5806006Z consider restructuring your `variable` declarations so that the variables are not in scope or explicitly omit them:
verify	Verify G6 frozen sources serially	2026-10-07T16:25:07.5807186Z   omit [DecidableEq V] [DecidableEq E] [Fintype V] [Fintype E] [Fintype Copy] in theorem ...
verify	Verify G6 frozen sources serially	2026-10-07T16:25:07.5808331Z 
verify	Verify G6 frozen sources serially	2026-10-07T16:25:07.5808737Z Note: This linter can be disabled with `set_option linter.unusedSectionVars false`
verify	Verify G6 frozen sources serially	2026-10-07T16:25:07.5810643Z /home/runner/work/_temp/g6-cloud-build/UnifiedLean/Source/FiniteSourceSnapshot.lean:84:0: warning: automatically included section variable(s) unused in theorem `UnifiedLean.Source.FiniteSourceSnapshot.decode_encode_live_population`:
verify	Verify G6 frozen sources serially	2026-10-07T16:25:07.5812352Z   [DecidableEq V]
verify	Verify G6 frozen sources serially	2026-10-07T16:25:07.5812704Z   [DecidableEq E]
verify	Verify G6 frozen sources serially	2026-10-07T16:25:07.5813041Z   [Fintype V]
verify	Verify G6 frozen sources serially	2026-10-07T16:25:07.5813363Z   [Fintype E]
verify	Verify G6 frozen sources serially	2026-10-07T16:25:07.5813685Z   [Fintype Copy]
verify	Verify G6 frozen sources serially	2026-10-07T16:25:07.5814486Z consider restructuring your `variable` declarations so that the variables are not in scope or explicitly omit them:
verify	Verify G6 frozen sources serially	2026-10-07T16:25:07.5815751Z   omit [DecidableEq V] [DecidableEq E] [Fintype V] [Fintype E] [Fintype Copy] in theorem ...
verify	Verify G6 frozen sources serially	2026-10-07T16:25:07.5816471Z 
verify	Verify G6 frozen sources serially	2026-10-07T16:25:07.5816839Z Note: This linter can be disabled with `set_option linter.unusedSectionVars false`
verify	Verify G6 frozen sources serially	2026-10-07T16:25:07.5818624Z 'UnifiedLean.Source.FiniteSourceSnapshot.decode_encode_valid' depends on axioms: [propext, Classical.choice, Quot.sound]
verify	Verify G6 frozen sources serially	2026-10-07T16:25:07.5820049Z 'UnifiedLean.Source.FiniteSourceSnapshot.decode_encode_sourceValid' depends on axioms: [propext,
verify	Verify G6 frozen sources serially	2026-10-07T16:25:07.5820905Z  Classical.choice,
verify	Verify G6 frozen sources serially	2026-10-07T16:25:07.5821254Z  Quot.sound]
verify	Verify G6 frozen sources serially	2026-10-07T16:25:07.5821978Z 'UnifiedLean.Source.FiniteSourceSnapshot.decode_encode_selectedView' depends on axioms: [propext,
verify	Verify G6 frozen sources serially	2026-10-07T16:25:07.5822833Z  Classical.choice,
verify	Verify G6 frozen sources serially	2026-10-07T16:25:07.5823182Z  Quot.sound]
verify	Verify G6 frozen sources serially	2026-10-07T16:25:07.5823914Z 'UnifiedLean.Source.FiniteSourceSnapshot.admittedSnapshotFintype' depends on axioms: [propext,
verify	Verify G6 frozen sources serially	2026-10-07T16:25:07.5824813Z  Classical.choice,
verify	Verify G6 frozen sources serially	2026-10-07T16:25:07.5825158Z  Quot.sound]
verify	Verify G6 frozen sources serially	2026-10-07T16:25:07.5827972Z G6_RECEIPT {"argv": ["lake", "env", "lean", "--trust=0", "-j1", "-M4096", "-o", "/home/runner/work/_temp/g6-cloud-build/.lake/build/lib/lean/UnifiedLean/Source/FiniteSourceSnapshot.olean", "/home/runner/work/_temp/g6-cloud-build/UnifiedLean/Source/FiniteSourceSnapshot.lean"], "start": "2026-10-07T16:25:05.429526+00:00", "end": "2026-10-07T16:25:07.578852+00:00", "exit": 0, "output_sha256": "7c69d6cb19a196df8084b1f9d00754f60ea82a9e10e00ddfd147f36fd9732095"}
verify	Verify G6 frozen sources serially	2026-10-07T16:25:07.5832525Z G6_COMMAND {"argv": ["lake", "env", "lean", "--trust=0", "-j1", "-M4096", "-o", "/home/runner/work/_temp/g6-cloud-build/.lake/build/lib/lean/GraphLeaves.olean", "/home/runner/work/_temp/g6-cloud-build/Imported/GraphLeaves.lean"], "cwd": "/home/runner/work/_temp/g6-cloud-build", "start": "2026-10-07T16:25:07.579261+00:00"}
verify	Verify G6 frozen sources serially	2026-10-07T16:25:09.2596253Z /home/runner/work/_temp/g6-cloud-build/Imported/GraphLeaves.lean:52:2: warning: Try this: 
verify	Verify G6 frozen sources serially	2026-10-07T16:25:09.2597564Z   haveI̵
verify	Verify G6 frozen sources serially	2026-10-07T16:25:09.2598027Z 
verify	Verify G6 frozen sources serially	2026-10-07T16:25:09.2598275Z The goal is a proposition, so `have` is preferred over `haveI`.
verify	Verify G6 frozen sources serially	2026-10-07T16:25:09.2598898Z The difference between `have` and `haveI` is that `haveI` inlines the value.
verify	Verify G6 frozen sources serially	2026-10-07T16:25:09.2599638Z But this is not relevant for proofs because of proof irrelevance.
verify	Verify G6 frozen sources serially	2026-10-07T16:25:09.2599984Z 
verify	Verify G6 frozen sources serially	2026-10-07T16:25:09.2600266Z Note: This linter can be disabled with `set_option linter.style.haveILetI false`
verify	Verify G6 frozen sources serially	2026-10-07T16:25:09.2601021Z /home/runner/work/_temp/g6-cloud-build/Imported/GraphLeaves.lean:53:2: warning: Try this: 
verify	Verify G6 frozen sources serially	2026-10-07T16:25:09.2601891Z   haveI̵
verify	Verify G6 frozen sources serially	2026-10-07T16:25:09.2602096Z 
verify	Verify G6 frozen sources serially	2026-10-07T16:25:09.2602404Z The goal is a proposition, so `have` is preferred over `haveI`.
verify	Verify G6 frozen sources serially	2026-10-07T16:25:09.2603059Z The difference between `have` and `haveI` is that `haveI` inlines the value.
verify	Verify G6 frozen sources serially	2026-10-07T16:25:09.2603930Z But this is not relevant for proofs because of proof irrelevance.
verify	Verify G6 frozen sources serially	2026-10-07T16:25:09.2604494Z 
verify	Verify G6 frozen sources serially	2026-10-07T16:25:09.2604964Z Note: This linter can be disabled with `set_option linter.style.haveILetI false`
verify	Verify G6 frozen sources serially	2026-10-07T16:25:09.2606354Z 'Nanuq.Source.RootedBinary.every_vertex_reaches_leaf' depends on axioms: [propext, Classical.choice, Quot.sound]
verify	Verify G6 frozen sources serially	2026-10-07T16:25:09.2629045Z 'Nanuq.Source.RootedBinary.forward_closed_contains_leaf' depends on axioms: [propext, Classical.choice, Quot.sound]
verify	Verify G6 frozen sources serially	2026-10-07T16:25:09.2630531Z 'Nanuq.Source.RootedBinary.exists_leaf_avoiding_of_ne_root' depends on axioms: [propext, Classical.choice, Quot.sound]
verify	Verify G6 frozen sources serially	2026-10-07T16:25:09.2633500Z G6_RECEIPT {"argv": ["lake", "env", "lean", "--trust=0", "-j1", "-M4096", "-o", "/home/runner/work/_temp/g6-cloud-build/.lake/build/lib/lean/GraphLeaves.olean", "/home/runner/work/_temp/g6-cloud-build/Imported/GraphLeaves.lean"], "start": "2026-10-07T16:25:07.579261+00:00", "end": "2026-10-07T16:25:09.259474+00:00", "exit": 0, "output_sha256": "5adc7ce31ed7f42e8e6c4f26cfd28d0d1f17ad137dc910ceb4bda2f50012c986"}
verify	Verify G6 frozen sources serially	2026-10-07T16:25:09.2637431Z G6_COMMAND {"argv": ["lake", "env", "lean", "--trust=0", "-j1", "-M4096", "-o", "/home/runner/work/_temp/g6-cloud-build/.lake/build/lib/lean/GraphCuts.olean", "/home/runner/work/_temp/g6-cloud-build/Imported/GraphCuts.lean"], "cwd": "/home/runner/work/_temp/g6-cloud-build", "start": "2026-10-07T16:25:09.259898+00:00"}
verify	Verify G6 frozen sources serially	2026-10-07T16:25:10.9759077Z 'Nanuq.Source.EdgeGraph.edge_side_cover' depends on axioms: [propext, Classical.choice, Quot.sound]
verify	Verify G6 frozen sources serially	2026-10-07T16:25:10.9760324Z 'Nanuq.Source.EdgeGraph.bridge_sides_disjoint' does not depend on any axioms
verify	Verify G6 frozen sources serially	2026-10-07T16:25:10.9769301Z 'Nanuq.Source.RootedBinary.bridge_both_sides_contain_taxa' depends on axioms: [propext, Classical.choice, Quot.sound]
verify	Verify G6 frozen sources serially	2026-10-07T16:25:10.9772213Z G6_RECEIPT {"argv": ["lake", "env", "lean", "--trust=0", "-j1", "-M4096", "-o", "/home/runner/work/_temp/g6-cloud-build/.lake/build/lib/lean/GraphCuts.olean", "/home/runner/work/_temp/g6-cloud-build/Imported/GraphCuts.lean"], "start": "2026-10-07T16:25:09.259898+00:00", "end": "2026-10-07T16:25:10.975570+00:00", "exit": 0, "output_sha256": "8308918b1d25a64ccaaa7ba648f875a6542b15a64c4c3240c366708243424b3c"}
verify	Verify G6 frozen sources serially	2026-10-07T16:25:10.9776148Z G6_COMMAND {"argv": ["lake", "env", "lean", "--trust=0", "-j1", "-M4096", "-o", "/home/runner/work/_temp/g6-cloud-build/.lake/build/lib/lean/G5BridgeBarrier.olean", "/home/runner/work/_temp/g6-cloud-build/Imported/G5BridgeBarrier.lean"], "cwd": "/home/runner/work/_temp/g6-cloud-build", "start": "2026-10-07T16:25:10.975922+00:00"}
verify	Verify G6 frozen sources serially	2026-10-07T16:25:12.6391252Z 'GProgram.G5.bridge_target_component_iff_descendant' depends on axioms: [propext, Classical.choice, Quot.sound]
verify	Verify G6 frozen sources serially	2026-10-07T16:25:12.6392434Z 'GProgram.G5.unique_child_edge' depends on axioms: [propext, Classical.choice, Quot.sound]
verify	Verify G6 frozen sources serially	2026-10-07T16:25:12.6393371Z 'GProgram.G5.descendant_via_unique_child' depends on axioms: [propext, Classical.choice, Quot.sound]
verify	Verify G6 frozen sources serially	2026-10-07T16:25:12.6394833Z 'GProgram.G5.hybrid_descendant_component' depends on axioms: [propext, Classical.choice, Quot.sound]
verify	Verify G6 frozen sources serially	2026-10-07T16:25:12.6397256Z G6_RECEIPT {"argv": ["lake", "env", "lean", "--trust=0", "-j1", "-M4096", "-o", "/home/runner/work/_temp/g6-cloud-build/.lake/build/lib/lean/G5BridgeBarrier.olean", "/home/runner/work/_temp/g6-cloud-build/Imported/G5BridgeBarrier.lean"], "start": "2026-10-07T16:25:10.975922+00:00", "end": "2026-10-07T16:25:12.638942+00:00", "exit": 0, "output_sha256": "b671ebf40ba6db3a1f68e8fef3ae7a928e9285f8917b828b081fca2110d6a00e"}
verify	Verify G6 frozen sources serially	2026-10-07T16:25:12.6400997Z G6_COMMAND {"argv": ["lake", "env", "lean", "--trust=0", "-j1", "-M4096", "-o", "/home/runner/work/_temp/g6-cloud-build/.lake/build/lib/lean/G5CalendarRoutes.olean", "/home/runner/work/_temp/g6-cloud-build/Imported/G5CalendarRoutes.lean"], "cwd": "/home/runner/work/_temp/g6-cloud-build", "start": "2026-10-07T16:25:12.639284+00:00"}
verify	Verify G6 frozen sources serially	2026-10-07T16:25:14.8608306Z 'GProgram.G5.bridge_mem_every_descendant_route' depends on axioms: [propext, Classical.choice, Quot.sound]
verify	Verify G6 frozen sources serially	2026-10-07T16:25:14.8609433Z 'GProgram.G5.original_tip_route_exists' depends on axioms: [propext, Classical.choice, Quot.sound]
verify	Verify G6 frozen sources serially	2026-10-07T16:25:14.8610390Z 'GProgram.G5.EdgePath.active_unique' depends on axioms: [propext, Classical.choice, Quot.sound]
verify	Verify G6 frozen sources serially	2026-10-07T16:25:14.8611440Z 'GProgram.G5.protective_edge_active_on_every_route' depends on axioms: [propext, Classical.choice, Quot.sound]
verify	Verify G6 frozen sources serially	2026-10-07T16:25:14.8612438Z 'GProgram.G5.protective_edge_absent_on_outside_route' depends on axioms: [propext, Classical.choice, Quot.sound]
verify	Verify G6 frozen sources serially	2026-10-07T16:25:14.8613389Z 'GProgram.G5.protective_interval_nonempty' depends on axioms: [propext, Classical.choice, Quot.sound]
verify	Verify G6 frozen sources serially	2026-10-07T16:25:14.8614315Z 'GProgram.G5.younger_side_open_interval_has_no_first' depends on axioms: [propext, Classical.choice, Quot.sound]
verify	Verify G6 frozen sources serially	2026-10-07T16:25:14.8616526Z G6_RECEIPT {"argv": ["lake", "env", "lean", "--trust=0", "-j1", "-M4096", "-o", "/home/runner/work/_temp/g6-cloud-build/.lake/build/lib/lean/G5CalendarRoutes.olean", "/home/runner/work/_temp/g6-cloud-build/Imported/G5CalendarRoutes.lean"], "start": "2026-10-07T16:25:12.639284+00:00", "end": "2026-10-07T16:25:14.860620+00:00", "exit": 0, "output_sha256": "deece5914567adae242b3d6d4f09f986b4b048e1fa3ca93a3b2762a5b13d79d9"}
verify	Verify G6 frozen sources serially	2026-10-07T16:25:14.8619817Z G6_COMMAND {"argv": ["lake", "env", "lean", "--trust=0", "-j1", "-M4096", "-o", "/home/runner/work/_temp/g6-cloud-build/.lake/build/lib/lean/G5ProtectiveBlock.olean", "/home/runner/work/_temp/g6-cloud-build/Imported/G5ProtectiveBlock.lean"], "cwd": "/home/runner/work/_temp/g6-cloud-build", "start": "2026-10-07T16:25:14.860995+00:00"}
verify	Verify G6 frozen sources serially	2026-10-07T16:25:16.7225506Z 'GProgram.G5.routeFamily_exists' depends on axioms: [propext, Classical.choice, Quot.sound]
verify	Verify G6 frozen sources serially	2026-10-07T16:25:16.7227202Z 'GProgram.G5.protective_population_block_eq' depends on axioms: [propext, Classical.choice, Quot.sound]
verify	Verify G6 frozen sources serially	2026-10-07T16:25:16.7231271Z G6_RECEIPT {"argv": ["lake", "env", "lean", "--trust=0", "-j1", "-M4096", "-o", "/home/runner/work/_temp/g6-cloud-build/.lake/build/lib/lean/G5ProtectiveBlock.olean", "/home/runner/work/_temp/g6-cloud-build/Imported/G5ProtectiveBlock.lean"], "start": "2026-10-07T16:25:14.860995+00:00", "end": "2026-10-07T16:25:16.721361+00:00", "exit": 0, "output_sha256": "1f89009dfa989b98d34ca85cff94dcefdf01ce9f9621688bb55e0c5ff508c4ed"}
verify	Verify G6 frozen sources serially	2026-10-07T16:25:16.7236546Z G6_COMMAND {"argv": ["lake", "env", "lean", "--trust=0", "-j1", "-M4096", "-o", "/home/runner/work/_temp/g6-cloud-build/.lake/build/lib/lean/G5MinimalGraphInterface.olean", "/home/runner/work/_temp/g6-cloud-build/Imported/G5MinimalGraphInterface.lean"], "cwd": "/home/runner/work/_temp/g6-cloud-build", "start": "2026-10-07T16:25:16.721691+00:00"}
verify	Verify G6 frozen sources serially	2026-10-07T16:25:18.3009547Z 'GProgram.G5.Minimal.root_source_side_of_rooted_acyclic' does not depend on any axioms
verify	Verify G6 frozen sources serially	2026-10-07T16:25:18.3011063Z 'GProgram.G5.Minimal.bridge_component_iff_descendant' depends on axioms: [propext, Classical.choice, Quot.sound]
verify	Verify G6 frozen sources serially	2026-10-07T16:25:18.3014749Z G6_RECEIPT {"argv": ["lake", "env", "lean", "--trust=0", "-j1", "-M4096", "-o", "/home/runner/work/_temp/g6-cloud-build/.lake/build/lib/lean/G5MinimalGraphInterface.olean", "/home/runner/work/_temp/g6-cloud-build/Imported/G5MinimalGraphInterface.lean"], "start": "2026-10-07T16:25:16.721691+00:00", "end": "2026-10-07T16:25:18.300817+00:00", "exit": 0, "output_sha256": "02b60e6ba4f33864b0915dc0f64099f4cd3f4ae63ed5e96ed6fa107ae92aa2fa"}
verify	Verify G6 frozen sources serially	2026-10-07T16:25:18.3018553Z G6_COMMAND {"argv": ["lake", "env", "lean", "--trust=0", "-j1", "-M4096", "-o", "/home/runner/work/_temp/g6-cloud-build/.lake/build/lib/lean/G6BridgeCannotEnterHybrid.olean", "/home/runner/work/_temp/g6-cloud-build/Imported/G6BridgeCannotEnterHybrid.lean"], "cwd": "/home/runner/work/_temp/g6-cloud-build", "start": "2026-10-07T16:25:18.301125+00:00"}
verify	Verify G6 frozen sources serially	2026-10-07T16:25:20.0665986Z 'GProgram.G6.BridgeEntry.bridge_targets_injective' depends on axioms: [propext, Classical.choice, Quot.sound]
verify	Verify G6 frozen sources serially	2026-10-07T16:25:20.0667418Z 'GProgram.G6.BridgeEntry.bridge_incoming_unique' depends on axioms: [propext, Classical.choice, Quot.sound]
verify	Verify G6 frozen sources serially	2026-10-07T16:25:20.0668955Z 'GProgram.G6.BridgeEntry.bridge_target_indegree_one' depends on axioms: [propext, Classical.choice, Quot.sound]
verify	Verify G6 frozen sources serially	2026-10-07T16:25:20.0669920Z 'GProgram.G6.BridgeEntry.two_incoming_occurrences_not_bridge' depends on axioms: [propext, Classical.choice, Quot.sound]
verify	Verify G6 frozen sources serially	2026-10-07T16:25:20.0671176Z 'GProgram.G6.BridgeEntry.original_bridge_target_not_hybrid' depends on axioms: [propext, Classical.choice, Quot.sound]
verify	Verify G6 frozen sources serially	2026-10-07T16:25:20.0672053Z 'GProgram.G6.BridgeEntry.original_hybrid_parents_nonbridge' depends on axioms: [propext, Classical.choice, Quot.sound]
verify	Verify G6 frozen sources serially	2026-10-07T16:25:20.0674061Z G6_RECEIPT {"argv": ["lake", "env", "lean", "--trust=0", "-j1", "-M4096", "-o", "/home/runner/work/_temp/g6-cloud-build/.lake/build/lib/lean/G6BridgeCannotEnterHybrid.olean", "/home/runner/work/_temp/g6-cloud-build/Imported/G6BridgeCannotEnterHybrid.lean"], "start": "2026-10-07T16:25:18.301125+00:00", "end": "2026-10-07T16:25:20.065423+00:00", "exit": 0, "output_sha256": "5ca22a54c496ca1b5b5b5d32dc422fe524e5a9f32a6a15512e8bf0d96bdcd054"}
verify	Verify G6 frozen sources serially	2026-10-07T16:25:20.0676573Z G6_COMMAND {"argv": ["lake", "env", "lean", "--trust=0", "-j1", "-M4096", "-o", "/home/runner/work/_temp/g6-cloud-build/.lake/build/lib/lean/G5BridgeComponentEntries.olean", "/home/runner/work/_temp/g6-cloud-build/Imported/G5BridgeComponentEntries.lean"], "cwd": "/home/runner/work/_temp/g6-cloud-build", "start": "2026-10-07T16:25:20.065722+00:00"}
verify	Verify G6 frozen sources serially	2026-10-07T16:25:21.8508104Z 'GProgram.G5.ComponentEntries.bridge_targets_sameBlob_iff_eq' depends on axioms: [propext, Classical.choice, Quot.sound]
verify	Verify G6 frozen sources serially	2026-10-07T16:25:21.8509672Z 'GProgram.G5.ComponentEntries.bridge_target_not_root_component' does not depend on any axioms
verify	Verify G6 frozen sources serially	2026-10-07T16:25:21.8510893Z 'GProgram.G5.ComponentEntries.nonroot_component_has_incoming_bridge' depends on axioms: [propext,
verify	Verify G6 frozen sources serially	2026-10-07T16:25:21.8511809Z  Classical.choice,
verify	Verify G6 frozen sources serially	2026-10-07T16:25:21.8512205Z  Quot.sound]
verify	Verify G6 frozen sources serially	2026-10-07T16:25:21.8513074Z 'GProgram.G5.ComponentEntries.nonroot_component_unique_entry' depends on axioms: [propext, Classical.choice, Quot.sound]
verify	Verify G6 frozen sources serially	2026-10-07T16:25:21.8516263Z G6_RECEIPT {"argv": ["lake", "env", "lean", "--trust=0", "-j1", "-M4096", "-o", "/home/runner/work/_temp/g6-cloud-build/.lake/build/lib/lean/G5BridgeComponentEntries.olean", "/home/runner/work/_temp/g6-cloud-build/Imported/G5BridgeComponentEntries.lean"], "start": "2026-10-07T16:25:20.065722+00:00", "end": "2026-10-07T16:25:21.850598+00:00", "exit": 0, "output_sha256": "6d923e42c6ddfa40997788a894f162bea001ccaa7af7033d8d1c1edfd6cef2b0"}
verify	Verify G6 frozen sources serially	2026-10-07T16:25:21.8519564Z G6_COMMAND {"argv": ["lake", "env", "lean", "--trust=0", "-j1", "-M4096", "-o", "/home/runner/work/_temp/g6-cloud-build/.lake/build/lib/lean/G5NonbridgeRouteBound.olean", "/home/runner/work/_temp/g6-cloud-build/Imported/G5NonbridgeRouteBound.lean"], "cwd": "/home/runner/work/_temp/g6-cloud-build", "start": "2026-10-07T16:25:21.850988+00:00"}
verify	Verify G6 frozen sources serially	2026-10-07T16:25:23.9417190Z 'GProgram.G5.NonbridgeRoutes.UpPath.unique_from_kept_source' does not depend on any axioms
verify	Verify G6 frozen sources serially	2026-10-07T16:25:23.9418817Z 'GProgram.G5.NonbridgeRoutes.UpPath.unique_of_same_first' does not depend on any axioms
verify	Verify G6 frozen sources serially	2026-10-07T16:25:23.9420074Z 'GProgram.G5.NonbridgeRoutes.cut_child_nonbridge_incoming_unique' depends on axioms: [propext,
verify	Verify G6 frozen sources serially	2026-10-07T16:25:23.9420913Z  Classical.choice,
verify	Verify G6 frozen sources serially	2026-10-07T16:25:23.9421393Z  Quot.sound]
verify	Verify G6 frozen sources serially	2026-10-07T16:25:23.9422332Z 'GProgram.G5.NonbridgeRoutes.original_nonbridge_route_unique_of_first' depends on axioms: [propext,
verify	Verify G6 frozen sources serially	2026-10-07T16:25:23.9423166Z  Classical.choice,
verify	Verify G6 frozen sources serially	2026-10-07T16:25:23.9423475Z  Quot.sound]
verify	Verify G6 frozen sources serially	2026-10-07T16:25:23.9439036Z 'GProgram.G5.NonbridgeRoutes.finite_nonbridge_route_family_card_le_indegree' depends on axioms: [propext,
verify	Verify G6 frozen sources serially	2026-10-07T16:25:23.9439972Z  Classical.choice,
verify	Verify G6 frozen sources serially	2026-10-07T16:25:23.9440230Z  Quot.sound]
verify	Verify G6 frozen sources serially	2026-10-07T16:25:23.9440666Z 'GProgram.G5.NonbridgeRoutes.hybrid_nonbridge_route_family_card_le_two' depends on axioms: [propext,
verify	Verify G6 frozen sources serially	2026-10-07T16:25:23.9441180Z  Classical.choice,
verify	Verify G6 frozen sources serially	2026-10-07T16:25:23.9441387Z  Quot.sound]
verify	Verify G6 frozen sources serially	2026-10-07T16:25:23.9441822Z 'GProgram.G5.NonbridgeRoutes.ordinary_nonbridge_route_family_card_le_one' depends on axioms: [propext,
verify	Verify G6 frozen sources serially	2026-10-07T16:25:23.9442329Z  Classical.choice,
verify	Verify G6 frozen sources serially	2026-10-07T16:25:23.9442529Z  Quot.sound]
verify	Verify G6 frozen sources serially	2026-10-07T16:25:23.9443955Z G6_RECEIPT {"argv": ["lake", "env", "lean", "--trust=0", "-j1", "-M4096", "-o", "/home/runner/work/_temp/g6-cloud-build/.lake/build/lib/lean/G5NonbridgeRouteBound.olean", "/home/runner/work/_temp/g6-cloud-build/Imported/G5NonbridgeRouteBound.lean"], "start": "2026-10-07T16:25:21.850988+00:00", "end": "2026-10-07T16:25:23.941557+00:00", "exit": 0, "output_sha256": "8e3c42ef93082abdd73408f9a985f34e0e80ce7c27b744e3f86f0914fad9a124"}
verify	Verify G6 frozen sources serially	2026-10-07T16:25:23.9446431Z G6_COMMAND {"argv": ["lake", "env", "lean", "--trust=0", "-j1", "-M4096", "-o", "/home/runner/work/_temp/g6-cloud-build/.lake/build/lib/lean/G5ComponentCalendarCoverage.olean", "/home/runner/work/_temp/g6-cloud-build/Imported/G5ComponentCalendarCoverage.lean"], "cwd": "/home/runner/work/_temp/g6-cloud-build", "start": "2026-10-07T16:25:23.941972+00:00"}
verify	Verify G6 frozen sources serially	2026-10-07T16:25:26.7176990Z 'GProgram.G5.ComponentCalendar.EdgePath.all_nonbridge_of_sameBlob' depends on axioms: [propext,
verify	Verify G6 frozen sources serially	2026-10-07T16:25:26.7178499Z  Classical.choice,
verify	Verify G6 frozen sources serially	2026-10-07T16:25:26.7178880Z  Quot.sound]
verify	Verify G6 frozen sources serially	2026-10-07T16:25:26.7179594Z 'GProgram.G5.ComponentCalendar.root_route_component_decomposition' depends on axioms: [propext,
verify	Verify G6 frozen sources serially	2026-10-07T16:25:26.7180449Z  Classical.choice,
verify	Verify G6 frozen sources serially	2026-10-07T16:25:26.7181103Z  Quot.sound]
verify	Verify G6 frozen sources serially	2026-10-07T16:25:26.7181979Z 'GProgram.G5.ComponentCalendar.EdgePath.unique_active_exists' depends on axioms: [propext, Classical.choice, Quot.sound]
verify	Verify G6 frozen sources serially	2026-10-07T16:25:26.7185267Z G6_RECEIPT {"argv": ["lake", "env", "lean", "--trust=0", "-j1", "-M4096", "-o", "/home/runner/work/_temp/g6-cloud-build/.lake/build/lib/lean/G5ComponentCalendarCoverage.olean", "/home/runner/work/_temp/g6-cloud-build/Imported/G5ComponentCalendarCoverage.lean"], "start": "2026-10-07T16:25:23.941972+00:00", "end": "2026-10-07T16:25:26.714740+00:00", "exit": 0, "output_sha256": "714308a14bb6b87b48aeb0d21ce60a61e7c97b2d635874091f3d69038ab6c94e"}
verify	Verify G6 frozen sources serially	2026-10-07T16:25:26.7190872Z G6_COMMAND {"argv": ["lake", "env", "lean", "--trust=0", "-j1", "-M4096", "-o", "/home/runner/work/_temp/g6-cloud-build/.lake/build/lib/lean/G5ActualComponentSupport.olean", "/home/runner/work/_temp/g6-cloud-build/Imported/G5ActualComponentSupport.lean"], "cwd": "/home/runner/work/_temp/g6-cloud-build", "start": "2026-10-07T16:25:26.715094+00:00"}
verify	Verify G6 frozen sources serially	2026-10-07T16:25:29.6269433Z 'GProgram.G5.NonbridgeRoutes.UpPath.append' does not depend on any axioms
verify	Verify G6 frozen sources serially	2026-10-07T16:25:29.6286246Z 'GProgram.G5.NonbridgeRoutes.EdgePath.to_upPath_reverse' depends on axioms: [propext]
verify	Verify G6 frozen sources serially	2026-10-07T16:25:29.6288891Z /home/runner/work/_temp/g6-cloud-build/Imported/G5ActualComponentSupport.lean:57:0: warning: automatically included section variable(s) unused in theorem `GProgram.G5.ComponentSupport.mem_activeComponentEdges_iff`:
verify	Verify G6 frozen sources serially	2026-10-07T16:25:29.6290784Z   [Fintype V]
verify	Verify G6 frozen sources serially	2026-10-07T16:25:29.6291349Z   [DecidableEq V]
verify	Verify G6 frozen sources serially	2026-10-07T16:25:29.6292267Z consider restructuring your `variable` declarations so that the variables are not in scope or explicitly omit them:
verify	Verify G6 frozen sources serially	2026-10-07T16:25:29.6293347Z   omit [Fintype V] [DecidableEq V] in theorem ...
verify	Verify G6 frozen sources serially	2026-10-07T16:25:29.6293862Z 
verify	Verify G6 frozen sources serially	2026-10-07T16:25:29.6294379Z Note: This linter can be disabled with `set_option linter.unusedSectionVars false`
verify	Verify G6 frozen sources serially	2026-10-07T16:25:29.6295619Z 'GProgram.G5.ComponentSupport.finite_active_nonbridge_edges_card_le_indegree' depends on axioms: [propext,
verify	Verify G6 frozen sources serially	2026-10-07T16:25:29.6296638Z  Classical.choice,
verify	Verify G6 frozen sources serially	2026-10-07T16:25:29.6297115Z  Quot.sound]
verify	Verify G6 frozen sources serially	2026-10-07T16:25:29.6298184Z 'GProgram.G5.ComponentSupport.activeComponentEdges_card_le_indegree' depends on axioms: [propext,
verify	Verify G6 frozen sources serially	2026-10-07T16:25:29.6299232Z  Classical.choice,
verify	Verify G6 frozen sources serially	2026-10-07T16:25:29.6299706Z  Quot.sound]
verify	Verify G6 frozen sources serially	2026-10-07T16:25:29.6302445Z G6_RECEIPT {"argv": ["lake", "env", "lean", "--trust=0", "-j1", "-M4096", "-o", "/home/runner/work/_temp/g6-cloud-build/.lake/build/lib/lean/G5ActualComponentSupport.olean", "/home/runner/work/_temp/g6-cloud-build/Imported/G5ActualComponentSupport.lean"], "start": "2026-10-07T16:25:26.715094+00:00", "end": "2026-10-07T16:25:29.625364+00:00", "exit": 0, "output_sha256": "efb330a0d75437ca65577489d3f70ce0a047d2046c91d312f71b536339b082d5"}
verify	Verify G6 frozen sources serially	2026-10-07T16:25:29.6306858Z G6_COMMAND {"argv": ["lake", "env", "lean", "--trust=0", "-j1", "-M4096", "-o", "/home/runner/work/_temp/g6-cloud-build/.lake/build/lib/lean/G5RootRouteCurrentSupport.olean", "/home/runner/work/_temp/g6-cloud-build/Imported/G5RootRouteCurrentSupport.lean"], "cwd": "/home/runner/work/_temp/g6-cloud-build", "start": "2026-10-07T16:25:29.625711+00:00"}
verify	Verify G6 frozen sources serially	2026-10-07T16:25:32.5070560Z /home/runner/work/_temp/g6-cloud-build/Imported/G5RootRouteCurrentSupport.lean:28:0: warning: automatically included section variable(s) unused in theorem `GProgram.G5.ComponentSupport.mem_activeRootRouteEdges_iff`:
verify	Verify G6 frozen sources serially	2026-10-07T16:25:32.5071549Z   [Fintype V]
verify	Verify G6 frozen sources serially	2026-10-07T16:25:32.5071755Z   [DecidableEq V]
verify	Verify G6 frozen sources serially	2026-10-07T16:25:32.5072233Z consider restructuring your `variable` declarations so that the variables are not in scope or explicitly omit them:
verify	Verify G6 frozen sources serially	2026-10-07T16:25:32.5072793Z   omit [Fintype V] [DecidableEq V] in theorem ...
verify	Verify G6 frozen sources serially	2026-10-07T16:25:32.5073003Z 
verify	Verify G6 frozen sources serially	2026-10-07T16:25:32.5073232Z Note: This linter can be disabled with `set_option linter.unusedSectionVars false`
verify	Verify G6 frozen sources serially	2026-10-07T16:25:32.5073952Z 'GProgram.G5.ComponentSupport.incoming_bridge_mem_root_route' depends on axioms: [propext, Classical.choice, Quot.sound]
verify	Verify G6 frozen sources serially	2026-10-07T16:25:32.5074999Z 'GProgram.G5.ComponentSupport.active_root_edge_has_nonbridge_suffix' depends on axioms: [propext,
verify	Verify G6 frozen sources serially	2026-10-07T16:25:32.5075479Z  Classical.choice,
verify	Verify G6 frozen sources serially	2026-10-07T16:25:32.5075699Z  Quot.sound]
verify	Verify G6 frozen sources serially	2026-10-07T16:25:32.5076107Z 'GProgram.G5.ComponentSupport.activeRootRouteEdges_eq_component' depends on axioms: [propext,
verify	Verify G6 frozen sources serially	2026-10-07T16:25:32.5076593Z  Classical.choice,
verify	Verify G6 frozen sources serially	2026-10-07T16:25:32.5076788Z  Quot.sound]
verify	Verify G6 frozen sources serially	2026-10-07T16:25:32.5077205Z 'GProgram.G5.ComponentSupport.activeRootRouteEdges_eq_root_component' depends on axioms: [propext,
verify	Verify G6 frozen sources serially	2026-10-07T16:25:32.5078011Z  Classical.choice,
verify	Verify G6 frozen sources serially	2026-10-07T16:25:32.5078241Z  Quot.sound]
verify	Verify G6 frozen sources serially	2026-10-07T16:25:32.5078692Z 'GProgram.G5.ComponentSupport.activeRootRouteEdges_card_le_indegree_of_entry' depends on axioms: [propext,
verify	Verify G6 frozen sources serially	2026-10-07T16:25:32.5079211Z  Classical.choice,
verify	Verify G6 frozen sources serially	2026-10-07T16:25:32.5079405Z  Quot.sound]
verify	Verify G6 frozen sources serially	2026-10-07T16:25:32.5080884Z G6_RECEIPT {"argv": ["lake", "env", "lean", "--trust=0", "-j1", "-M4096", "-o", "/home/runner/work/_temp/g6-cloud-build/.lake/build/lib/lean/G5RootRouteCurrentSupport.olean", "/home/runner/work/_temp/g6-cloud-build/Imported/G5RootRouteCurrentSupport.lean"], "start": "2026-10-07T16:25:29.625711+00:00", "end": "2026-10-07T16:25:32.505072+00:00", "exit": 0, "output_sha256": "88507ababbf0ff2fbb8cf10b16ad8c6a7f6dcc879fe1f5bc434e297a0f5a95e5"}
verify	Verify G6 frozen sources serially	2026-10-07T16:25:32.5083616Z G6_COMMAND {"argv": ["lake", "env", "lean", "--trust=0", "-j1", "-M4096", "-o", "/home/runner/work/_temp/g6-cloud-build/.lake/build/lib/lean/G5CurrentPortTwoPositions.olean", "/home/runner/work/_temp/g6-cloud-build/Imported/G5CurrentPortTwoPositions.lean"], "cwd": "/home/runner/work/_temp/g6-cloud-build", "start": "2026-10-07T16:25:32.505422+00:00"}
verify	Verify G6 frozen sources serially	2026-10-07T16:25:35.3301013Z 'GProgram.G5.ComponentSupport.binary_indegree_le_two' depends on axioms: [propext, Classical.choice, Quot.sound]
verify	Verify G6 frozen sources serially	2026-10-07T16:25:35.3303117Z 'GProgram.G5.ComponentSupport.current_port_support_card_le_indegree' depends on axioms: [propext,
verify	Verify G6 frozen sources serially	2026-10-07T16:25:35.3304370Z  Classical.choice,
verify	Verify G6 frozen sources serially	2026-10-07T16:25:35.3305010Z  Quot.sound]
verify	Verify G6 frozen sources serially	2026-10-07T16:25:35.3305878Z 'GProgram.G5.ComponentSupport.current_port_support_card_le_two' depends on axioms: [propext,
verify	Verify G6 frozen sources serially	2026-10-07T16:25:35.3306896Z  Classical.choice,
verify	Verify G6 frozen sources serially	2026-10-07T16:25:35.3307311Z  Quot.sound]
verify	Verify G6 frozen sources serially	2026-10-07T16:25:35.3328965Z 'GProgram.G5.ComponentSupport.current_ordinary_port_support_card_le_one' depends on axioms: [propext,
verify	Verify G6 frozen sources serially	2026-10-07T16:25:35.3329518Z  Classical.choice,
verify	Verify G6 frozen sources serially	2026-10-07T16:25:35.3329732Z  Quot.sound]
verify	Verify G6 frozen sources serially	2026-10-07T16:25:35.3330224Z 'GProgram.G5.ComponentSupport.current_port_support_nonempty' depends on axioms: [propext, Classical.choice, Quot.sound]
verify	Verify G6 frozen sources serially	2026-10-07T16:25:35.3331026Z 'GProgram.G5.ComponentSupport.current_ordinary_port_support_card_eq_one' depends on axioms: [propext,
verify	Verify G6 frozen sources serially	2026-10-07T16:25:35.3331508Z  Classical.choice,
verify	Verify G6 frozen sources serially	2026-10-07T16:25:35.3331709Z  Quot.sound]
verify	Verify G6 frozen sources serially	2026-10-07T16:25:35.3333156Z G6_RECEIPT {"argv": ["lake", "env", "lean", "--trust=0", "-j1", "-M4096", "-o", "/home/runner/work/_temp/g6-cloud-build/.lake/build/lib/lean/G5CurrentPortTwoPositions.olean", "/home/runner/work/_temp/g6-cloud-build/Imported/G5CurrentPortTwoPositions.lean"], "start": "2026-10-07T16:25:32.505422+00:00", "end": "2026-10-07T16:25:35.329877+00:00", "exit": 0, "output_sha256": "92a225f805943c35b10f34e345329759f40db5919b01f962d13c1c02fc0c2c61"}
verify	Verify G6 frozen sources serially	2026-10-07T16:25:35.3335660Z G6_COMMAND {"argv": ["lake", "env", "lean", "--trust=0", "-j1", "-M4096", "-o", "/home/runner/work/_temp/g6-cloud-build/.lake/build/lib/lean/G5OriginalTipCurrentSupport.olean", "/home/runner/work/_temp/g6-cloud-build/Imported/G5OriginalTipCurrentSupport.lean"], "cwd": "/home/runner/work/_temp/g6-cloud-build", "start": "2026-10-07T16:25:35.330296+00:00"}
verify	Verify G6 frozen sources serially	2026-10-07T16:25:38.1937902Z 'GProgram.G5.ComponentSupport.active_tip_edge_has_root_port_prefix' depends on axioms: [propext,
verify	Verify G6 frozen sources serially	2026-10-07T16:25:38.1938946Z  Classical.choice,
verify	Verify G6 frozen sources serially	2026-10-07T16:25:38.1939250Z  Quot.sound]
verify	Verify G6 frozen sources serially	2026-10-07T16:25:38.1940042Z 'GProgram.G5.ComponentSupport.original_tip_support_eq_port' depends on axioms: [propext, Classical.choice, Quot.sound]
verify	Verify G6 frozen sources serially	2026-10-07T16:25:38.1941836Z 'GProgram.G5.ComponentSupport.original_tip_current_support_nonempty_card_le_two' depends on axioms: [propext,
verify	Verify G6 frozen sources serially	2026-10-07T16:25:38.1942636Z  Classical.choice,
verify	Verify G6 frozen sources serially	2026-10-07T16:25:38.1942926Z  Quot.sound]
verify	Verify G6 frozen sources serially	2026-10-07T16:25:38.1943531Z 'GProgram.G5.ComponentSupport.original_tip_bridge_support_eq_singleton' depends on axioms: [propext,
verify	Verify G6 frozen sources serially	2026-10-07T16:25:38.1944236Z  Classical.choice,
verify	Verify G6 frozen sources serially	2026-10-07T16:25:38.1944512Z  Quot.sound]
verify	Verify G6 frozen sources serially	2026-10-07T16:25:38.1946702Z G6_RECEIPT {"argv": ["lake", "env", "lean", "--trust=0", "-j1", "-M4096", "-o", "/home/runner/work/_temp/g6-cloud-build/.lake/build/lib/lean/G5OriginalTipCurrentSupport.olean", "/home/runner/work/_temp/g6-cloud-build/Imported/G5OriginalTipCurrentSupport.lean"], "start": "2026-10-07T16:25:35.330296+00:00", "end": "2026-10-07T16:25:38.193589+00:00", "exit": 0, "output_sha256": "bf016b1de34fa1fcd3a79f6c846f1ce7a8c17ce7099b04edfb94b96b563c7d5f"}
verify	Verify G6 frozen sources serially	2026-10-07T16:25:38.1950606Z G6_COMMAND {"argv": ["lake", "env", "lean", "--trust=0", "-j1", "-M4096", "-o", "/home/runner/work/_temp/g6-cloud-build/.lake/build/lib/lean/G5ParentChoiceCalendar.olean", "/home/runner/work/_temp/g6-cloud-build/Imported/G5ParentChoiceCalendar.lean"], "cwd": "/home/runner/work/_temp/g6-cloud-build", "start": "2026-10-07T16:25:38.193964+00:00"}
verify	Verify G6 frozen sources serially	2026-10-07T16:25:41.1961167Z 'GProgram.G5.ParentCalendar.component_entry_reaches_sameBlob' depends on axioms: [propext, Classical.choice, Quot.sound]
verify	Verify G6 frozen sources serially	2026-10-07T16:25:41.1962348Z 'GProgram.G5.ParentCalendar.parent_route_prefix_exists' depends on axioms: [propext, Classical.choice, Quot.sound]
verify	Verify G6 frozen sources serially	2026-10-07T16:25:41.1963353Z 'GProgram.G5.ParentCalendar.parent_route_unique' depends on axioms: [propext, Classical.choice, Quot.sound]
verify	Verify G6 frozen sources serially	2026-10-07T16:25:41.1986811Z 'GProgram.G5.ParentCalendar.parentPosition_spec' depends on axioms: [propext, Classical.choice, Quot.sound]
verify	Verify G6 frozen sources serially	2026-10-07T16:25:41.2006028Z 'GProgram.G5.ParentCalendar.active_edge_eq_parentPosition' depends on axioms: [propext, Classical.choice, Quot.sound]
verify	Verify G6 frozen sources serially	2026-10-07T16:25:41.2009389Z G6_RECEIPT {"argv": ["lake", "env", "lean", "--trust=0", "-j1", "-M4096", "-o", "/home/runner/work/_temp/g6-cloud-build/.lake/build/lib/lean/G5ParentChoiceCalendar.olean", "/home/runner/work/_temp/g6-cloud-build/Imported/G5ParentChoiceCalendar.lean"], "start": "2026-10-07T16:25:38.193964+00:00", "end": "2026-10-07T16:25:41.195954+00:00", "exit": 0, "output_sha256": "8eb07c527af1306f84578a8a51aa5ba933b16ab465a187c3619b880a145cce8d"}
verify	Verify G6 frozen sources serially	2026-10-07T16:25:41.2013659Z G6_COMMAND {"argv": ["lake", "env", "lean", "--trust=0", "-j1", "-M4096", "-o", "/home/runner/work/_temp/g6-cloud-build/.lake/build/lib/lean/G5CoupledQuartetKernel.olean", "/home/runner/work/_temp/g6-cloud-build/Imported/G5CoupledQuartetKernel.lean"], "cwd": "/home/runner/work/_temp/g6-cloud-build", "start": "2026-10-07T16:25:41.196314+00:00"}
verify	Verify G6 frozen sources serially	2026-10-07T16:25:44.8667016Z /home/runner/work/_temp/g6-cloud-build/Imported/G5CoupledQuartetKernel.lean:97:25: warning: Used `tac1 <;> tac2` where `(tac1; tac2)` would suffice
verify	Verify G6 frozen sources serially	2026-10-07T16:25:44.8668668Z 
verify	Verify G6 frozen sources serially	2026-10-07T16:25:44.8669378Z Note: This linter can be disabled with `set_option linter.unnecessarySeqFocus false`
verify	Verify G6 frozen sources serially	2026-10-07T16:25:44.8670712Z 'GProgram.G5.QuartetKernel.selectorWitness_iff_blockWitness' depends on axioms: [propext, Classical.choice, Quot.sound]
verify	Verify G6 frozen sources serially	2026-10-07T16:25:44.8672197Z 'GProgram.G5.QuartetKernel.pairCount_four_iff' depends on axioms: [propext, Classical.choice, Quot.sound]
verify	Verify G6 frozen sources serially	2026-10-07T16:25:44.8673527Z 'GProgram.G5.QuartetKernel.pairCount_one_split' depends on axioms: [propext, Classical.choice, Quot.sound]
verify	Verify G6 frozen sources serially	2026-10-07T16:25:44.8676682Z G6_RECEIPT {"argv": ["lake", "env", "lean", "--trust=0", "-j1", "-M4096", "-o", "/home/runner/work/_temp/g6-cloud-build/.lake/build/lib/lean/G5CoupledQuartetKernel.olean", "/home/runner/work/_temp/g6-cloud-build/Imported/G5CoupledQuartetKernel.lean"], "start": "2026-10-07T16:25:41.196314+00:00", "end": "2026-10-07T16:25:44.863833+00:00", "exit": 0, "output_sha256": "345f1f363c83e2a84fdf11b5431ffa001012a8f8e49dc4e8197ecd89a725a5b0"}
verify	Verify G6 frozen sources serially	2026-10-07T16:25:44.8681439Z G6_COMMAND {"argv": ["lake", "env", "lean", "--trust=0", "-j1", "-M4096", "-o", "/home/runner/work/_temp/g6-cloud-build/.lake/build/lib/lean/G5FairSelectorMoments.olean", "/home/runner/work/_temp/g6-cloud-build/Imported/G5FairSelectorMoments.lean"], "cwd": "/home/runner/work/_temp/g6-cloud-build", "start": "2026-10-07T16:25:44.864175+00:00"}
verify	Verify G6 frozen sources serially	2026-10-07T16:25:47.8722240Z 'GProgram.G5.QuartetKernel.meetingChoices_card' depends on axioms: [propext, Classical.choice, Quot.sound]
verify	Verify G6 frozen sources serially	2026-10-07T16:25:47.8724393Z 'GProgram.G5.QuartetKernel.fairMeetingMass_eq_count' depends on axioms: [propext, Classical.choice, Quot.sound]
verify	Verify G6 frozen sources serially	2026-10-07T16:25:47.8728124Z G6_RECEIPT {"argv": ["lake", "env", "lean", "--trust=0", "-j1", "-M4096", "-o", "/home/runner/work/_temp/g6-cloud-build/.lake/build/lib/lean/G5FairSelectorMoments.olean", "/home/runner/work/_temp/g6-cloud-build/Imported/G5FairSelectorMoments.lean"], "start": "2026-10-07T16:25:44.864175+00:00", "end": "2026-10-07T16:25:47.872012+00:00", "exit": 0, "output_sha256": "c5d36016bc89bb883f01c4f4f152e4f9a4105dd7af316f5e2aea6ba848149852"}
verify	Verify G6 frozen sources serially	2026-10-07T16:25:47.8732029Z G6_COMMAND {"argv": ["lake", "env", "lean", "--trust=0", "-j1", "-M4096", "-o", "/home/runner/work/_temp/g6-cloud-build/.lake/build/lib/lean/G5FairOriginalCoinLaw.olean", "/home/runner/work/_temp/g6-cloud-build/Imported/G5FairOriginalCoinLaw.lean"], "cwd": "/home/runner/work/_temp/g6-cloud-build", "start": "2026-10-07T16:25:47.872388+00:00"}
verify	Verify G6 frozen sources serially	2026-10-07T16:25:51.0334967Z /home/runner/work/_temp/g6-cloud-build/Imported/G5FairOriginalCoinLaw.lean:43:18: warning: This simp argument is unused:
verify	Verify G6 frozen sources serially	2026-10-07T16:25:51.0336037Z   hne
verify	Verify G6 frozen sources serially	2026-10-07T16:25:51.0336242Z 
verify	Verify G6 frozen sources serially	2026-10-07T16:25:51.0336438Z Hint: Omit it from the simp argument list.
verify	Verify G6 frozen sources serially	2026-10-07T16:25:51.0336961Z   [apply] simp [wanted, hne.symm]
verify	Verify G6 frozen sources serially	2026-10-07T16:25:51.0337264Z 
verify	Verify G6 frozen sources serially	2026-10-07T16:25:51.0337641Z Note: This linter can be disabled with `set_option linter.unusedSimpArgs false`
verify	Verify G6 frozen sources serially	2026-10-07T16:25:51.0339134Z /home/runner/work/_temp/g6-cloud-build/Imported/G5FairOriginalCoinLaw.lean:69:54: warning: This simp argument is unused:
verify	Verify G6 frozen sources serially	2026-10-07T16:25:51.0340210Z   hu
verify	Verify G6 frozen sources serially	2026-10-07T16:25:51.0340375Z 
verify	Verify G6 frozen sources serially	2026-10-07T16:25:51.0340557Z Hint: Omit it from the simp argument list.
verify	Verify G6 frozen sources serially	2026-10-07T16:25:51.0341026Z   [apply] simp [hv]
verify	Verify G6 frozen sources serially	2026-10-07T16:25:51.0341230Z 
verify	Verify G6 frozen sources serially	2026-10-07T16:25:51.0341581Z Note: This linter can be disabled with `set_option linter.unusedSimpArgs false`
verify	Verify G6 frozen sources serially	2026-10-07T16:25:51.0342769Z /home/runner/work/_temp/g6-cloud-build/Imported/G5FairOriginalCoinLaw.lean:69:57: warning: This simp argument is unused:
verify	Verify G6 frozen sources serially	2026-10-07T16:25:51.0343719Z   hv
verify	Verify G6 frozen sources serially	2026-10-07T16:25:51.0343885Z 
verify	Verify G6 frozen sources serially	2026-10-07T16:25:51.0344058Z Hint: Omit it from the simp argument list.
verify	Verify G6 frozen sources serially	2026-10-07T16:25:51.0344509Z   [apply] simp [hu]
verify	Verify G6 frozen sources serially	2026-10-07T16:25:51.0344720Z 
verify	Verify G6 frozen sources serially	2026-10-07T16:25:51.0345089Z Note: This linter can be disabled with `set_option linter.unusedSimpArgs false`
verify	Verify G6 frozen sources serially	2026-10-07T16:25:51.0346232Z 'GProgram.G5.OriginalCoinLaw.jointBitMass_eq_quarter' depends on axioms: [propext, Classical.choice, Quot.sound]
verify	Verify G6 frozen sources serially	2026-10-07T16:25:51.0347401Z 'GProgram.G5.OriginalCoinLaw.fair_two_site_expectation' depends on axioms: [propext, Classical.choice, Quot.sound]
verify	Verify G6 frozen sources serially	2026-10-07T16:25:51.0348514Z 'GProgram.G5.OriginalCoinLaw.fair_source_meeting_weight' depends on axioms: [propext, Classical.choice, Quot.sound]
verify	Verify G6 frozen sources serially	2026-10-07T16:25:51.0350693Z G6_RECEIPT {"argv": ["lake", "env", "lean", "--trust=0", "-j1", "-M4096", "-o", "/home/runner/work/_temp/g6-cloud-build/.lake/build/lib/lean/G5FairOriginalCoinLaw.olean", "/home/runner/work/_temp/g6-cloud-build/Imported/G5FairOriginalCoinLaw.lean"], "start": "2026-10-07T16:25:47.872388+00:00", "end": "2026-10-07T16:25:51.033290+00:00", "exit": 0, "output_sha256": "271cf1f090f72b0841bc9aaffd0b76290a2b93492127891f04d2e5fdc4777e63"}
verify	Verify G6 frozen sources serially	2026-10-07T16:25:51.0353125Z G6_COMMAND {"argv": ["lake", "env", "lean", "--trust=0", "-j1", "-M4096", "-o", "/home/runner/work/_temp/g6-cloud-build/.lake/build/lib/lean/G5OriginalCoinPMF.olean", "/home/runner/work/_temp/g6-cloud-build/Imported/G5OriginalCoinPMF.lean"], "cwd": "/home/runner/work/_temp/g6-cloud-build", "start": "2026-10-07T16:25:51.033749+00:00"}
verify	Verify G6 frozen sources serially	2026-10-07T16:25:54.1672714Z /home/runner/work/_temp/g6-cloud-build/Imported/G5OriginalCoinPMF.lean:19:0: warning: automatically included section variable(s) unused in theorem `GProgram.G5.OriginalCoinLaw.independentWeight_real_nonnegative`:
verify	Verify G6 frozen sources serially	2026-10-07T16:25:54.1674131Z   [DecidableEq Site]
verify	Verify G6 frozen sources serially	2026-10-07T16:25:54.1674825Z consider restructuring your `variable` declarations so that the variables are not in scope or explicitly omit them:
verify	Verify G6 frozen sources serially	2026-10-07T16:25:54.1675620Z   omit [DecidableEq Site] in theorem ...
verify	Verify G6 frozen sources serially	2026-10-07T16:25:54.1675896Z 
verify	Verify G6 frozen sources serially	2026-10-07T16:25:54.1676212Z Note: This linter can be disabled with `set_option linter.unusedSectionVars false`
verify	Verify G6 frozen sources serially	2026-10-07T16:25:54.1677505Z 'GProgram.G5.OriginalCoinLaw.independentWeight_ennreal_normalized' depends on axioms: [propext,
verify	Verify G6 frozen sources serially	2026-10-07T16:25:54.1678609Z  Classical.choice,
verify	Verify G6 frozen sources serially	2026-10-07T16:25:54.1678969Z  Quot.sound]
verify	Verify G6 frozen sources serially	2026-10-07T16:25:54.1679932Z 'GProgram.G5.OriginalCoinLaw.independentPMF_event' depends on axioms: [propext, Classical.choice, Quot.sound]
verify	Verify G6 frozen sources serially	2026-10-07T16:25:54.1681823Z 'GProgram.G5.OriginalCoinLaw.fair_source_meeting_probability' depends on axioms: [propext, Classical.choice, Quot.sound]
verify	Verify G6 frozen sources serially	2026-10-07T16:25:54.1685480Z G6_RECEIPT {"argv": ["lake", "env", "lean", "--trust=0", "-j1", "-M4096", "-o", "/home/runner/work/_temp/g6-cloud-build/.lake/build/lib/lean/G5OriginalCoinPMF.olean", "/home/runner/work/_temp/g6-cloud-build/Imported/G5OriginalCoinPMF.lean"], "start": "2026-10-07T16:25:51.033749+00:00", "end": "2026-10-07T16:25:54.167059+00:00", "exit": 0, "output_sha256": "5ac4293a4581c7494a371e851faa0feb458d3dc5d65d9533ca23c25fa0b60934"}
verify	Verify G6 frozen sources serially	2026-10-07T16:25:54.1690371Z G6_COMMAND {"argv": ["lake", "env", "lean", "--trust=0", "-j1", "-M4096", "-o", "/home/runner/work/_temp/g6-cloud-build/.lake/build/lib/lean/G5ParentPositionPushforward.olean", "/home/runner/work/_temp/g6-cloud-build/Imported/G5ParentPositionPushforward.lean"], "cwd": "/home/runner/work/_temp/g6-cloud-build", "start": "2026-10-07T16:25:54.167435+00:00"}
verify	Verify G6 frozen sources serially	2026-10-07T16:25:57.3759652Z /home/runner/work/_temp/g6-cloud-build/Imported/G5ParentPositionPushforward.lean:52:0: warning: automatically included section variable(s) unused in theorem `GProgram.G5.ParentCalendar.EdgePath.empty_or_last`:
verify	Verify G6 frozen sources serially	2026-10-07T16:25:57.3761331Z   [Fintype V]
verify	Verify G6 frozen sources serially	2026-10-07T16:25:57.3761656Z   [Fintype E]
verify	Verify G6 frozen sources serially	2026-10-07T16:25:57.3761971Z   [DecidableEq V]
verify	Verify G6 frozen sources serially	2026-10-07T16:25:57.3762765Z consider restructuring your `variable` declarations so that the variables are not in scope or explicitly omit them:
verify	Verify G6 frozen sources serially	2026-10-07T16:25:57.3763740Z   omit [Fintype V] [Fintype E] [DecidableEq V] in theorem ...
verify	Verify G6 frozen sources serially	2026-10-07T16:25:57.3764142Z 
verify	Verify G6 frozen sources serially	2026-10-07T16:25:57.3764502Z Note: This linter can be disabled with `set_option linter.unusedSectionVars false`
verify	Verify G6 frozen sources serially	2026-10-07T16:25:57.3765621Z 'GProgram.G5.ParentCalendar.incoming_edge_is_original_parent' depends on axioms: [propext, Classical.choice, Quot.sound]
verify	Verify G6 frozen sources serially	2026-10-07T16:25:57.3766956Z 'GProgram.G5.ParentCalendar.EdgePath.empty_or_last' depends on axioms: [propext, Classical.choice, Quot.sound]
verify	Verify G6 frozen sources serially	2026-10-07T16:25:57.3768415Z 'GProgram.G5.ParentCalendar.activeComponentEdges_eq_parentPosition_image' depends on axioms: [propext,
verify	Verify G6 frozen sources serially	2026-10-07T16:25:57.3769268Z  Classical.choice,
verify	Verify G6 frozen sources serially	2026-10-07T16:25:57.3769601Z  Quot.sound]
verify	Verify G6 frozen sources serially	2026-10-07T16:25:57.3770312Z 'GProgram.G5.ParentCalendar.activeRootRouteEdges_eq_parentPosition_image' depends on axioms: [propext,
verify	Verify G6 frozen sources serially	2026-10-07T16:25:57.3771140Z  Classical.choice,
verify	Verify G6 frozen sources serially	2026-10-07T16:25:57.3771455Z  Quot.sound]
verify	Verify G6 frozen sources serially	2026-10-07T16:25:57.3772165Z 'GProgram.G5.ParentCalendar.actual_parent_position_fair_meeting_probability' depends on axioms: [propext,
verify	Verify G6 frozen sources serially	2026-10-07T16:25:57.3773004Z  Classical.choice,
verify	Verify G6 frozen sources serially	2026-10-07T16:25:57.3773316Z  Quot.sound]
verify	Verify G6 frozen sources serially	2026-10-07T16:25:57.3775732Z G6_RECEIPT {"argv": ["lake", "env", "lean", "--trust=0", "-j1", "-M4096", "-o", "/home/runner/work/_temp/g6-cloud-build/.lake/build/lib/lean/G5ParentPositionPushforward.olean", "/home/runner/work/_temp/g6-cloud-build/Imported/G5ParentPositionPushforward.lean"], "start": "2026-10-07T16:25:54.167435+00:00", "end": "2026-10-07T16:25:57.375702+00:00", "exit": 0, "output_sha256": "7a6173506e0448fa249a1b93a0bf727995ab29b5a43b369adf4169fe6a4879a4"}
verify	Verify G6 frozen sources serially	2026-10-07T16:25:57.3780461Z G6_COMMAND {"argv": ["lake", "env", "lean", "--trust=0", "-j1", "-M4096", "-o", "/home/runner/work/_temp/g6-cloud-build/.lake/build/lib/lean/G5SafePastHybridDisjointness.olean", "/home/runner/work/_temp/g6-cloud-build/Imported/G5SafePastHybridDisjointness.lean"], "cwd": "/home/runner/work/_temp/g6-cloud-build", "start": "2026-10-07T16:25:57.376049+00:00"}
verify	Verify G6 frozen sources serially	2026-10-07T16:26:00.3960418Z /home/runner/work/_temp/g6-cloud-build/Imported/G5SafePastHybridDisjointness.lean:60:5: warning: Variable name `hcard` is not explicitly referenced.
verify	Verify G6 frozen sources serially	2026-10-07T16:26:00.3961910Z 
verify	Verify G6 frozen sources serially	2026-10-07T16:26:00.3963178Z Hint: The binding can be removed (if unused) or named `_` (if used implicitly). Alternatively, prefix the name with `_` to silence this warning:
verify	Verify G6 frozen sources serially	2026-10-07T16:26:00.3964405Z   [apply] _hcard
verify	Verify G6 frozen sources serially	2026-10-07T16:26:00.3964681Z 
verify	Verify G6 frozen sources serially	2026-10-07T16:26:00.3965188Z Note: This linter can be disabled with `set_option linter.unusedVariables false`
verify	Verify G6 frozen sources serially	2026-10-07T16:26:00.3966624Z 'GProgram.G5.SafePast.protective_sure_exact_block' depends on axioms: [propext, Classical.choice, Quot.sound]
verify	Verify G6 frozen sources serially	2026-10-07T16:26:00.3968919Z 'GProgram.G5.SafePast.shared_hybrid_produces_earlier_sure_block' depends on axioms: [propext,
verify	Verify G6 frozen sources serially	2026-10-07T16:26:00.3969944Z  Classical.choice,
verify	Verify G6 frozen sources serially	2026-10-07T16:26:00.3970370Z  Quot.sound]
verify	Verify G6 frozen sources serially	2026-10-07T16:26:00.3971141Z 'GProgram.G5.SafePast.safeAt_of_no_earlier_sure_block' depends on axioms: [propext, Classical.choice, Quot.sound]
verify	Verify G6 frozen sources serially	2026-10-07T16:26:00.3972480Z 'GProgram.G5.SafePast.originalHybridPast_disjoint' depends on axioms: [propext, Classical.choice, Quot.sound]
verify	Verify G6 frozen sources serially	2026-10-07T16:26:00.3973791Z 'GProgram.G5.SafePast.originalHybridPast_disjoint_of_no_earlier_sure_block' depends on axioms: [propext,
verify	Verify G6 frozen sources serially	2026-10-07T16:26:00.3974678Z  Classical.choice,
verify	Verify G6 frozen sources serially	2026-10-07T16:26:00.3975033Z  Quot.sound]
verify	Verify G6 frozen sources serially	2026-10-07T16:26:00.3977599Z G6_RECEIPT {"argv": ["lake", "env", "lean", "--trust=0", "-j1", "-M4096", "-o", "/home/runner/work/_temp/g6-cloud-build/.lake/build/lib/lean/G5SafePastHybridDisjointness.olean", "/home/runner/work/_temp/g6-cloud-build/Imported/G5SafePastHybridDisjointness.lean"], "start": "2026-10-07T16:25:57.376049+00:00", "end": "2026-10-07T16:26:00.394561+00:00", "exit": 0, "output_sha256": "a1982d3aabed4c8a8098f185576b6089f298d3317834d44717e020dd16f46ee4"}
verify	Verify G6 frozen sources serially	2026-10-07T16:26:00.3982269Z G6_COMMAND {"argv": ["lake", "env", "lean", "--trust=0", "-j1", "-M4096", "-o", "/home/runner/work/_temp/g6-cloud-build/.lake/build/lib/lean/G5PairOnlySureBlockChronology.olean", "/home/runner/work/_temp/g6-cloud-build/Imported/G5PairOnlySureBlockChronology.lean"], "cwd": "/home/runner/work/_temp/g6-cloud-build", "start": "2026-10-07T16:26:00.394953+00:00"}
verify	Verify G6 frozen sources serially	2026-10-07T16:26:03.3984496Z 'GProgram.G5.SafePast.sureExactBlock_iff_distinct_pair_predicates' depends on axioms: [propext,
verify	Verify G6 frozen sources serially	2026-10-07T16:26:03.3985210Z  Classical.choice,
verify	Verify G6 frozen sources serially	2026-10-07T16:26:03.3985482Z  Quot.sound]
verify	Verify G6 frozen sources serially	2026-10-07T16:26:03.3986042Z 'GProgram.G5.SafePast.noSureNontrivialBlock_iff_pair_predicates' depends on axioms: [propext,
verify	Verify G6 frozen sources serially	2026-10-07T16:26:03.3986704Z  Classical.choice,
verify	Verify G6 frozen sources serially	2026-10-07T16:26:03.3987112Z  Quot.sound]
verify	Verify G6 frozen sources serially	2026-10-07T16:26:03.3988170Z 'GProgram.G5.SafePast.safeAt_of_no_earlier_pair_sure_block' depends on axioms: [propext, Classical.choice, Quot.sound]
verify	Verify G6 frozen sources serially	2026-10-07T16:26:03.3990469Z G6_RECEIPT {"argv": ["lake", "env", "lean", "--trust=0", "-j1", "-M4096", "-o", "/home/runner/work/_temp/g6-cloud-build/.lake/build/lib/lean/G5PairOnlySureBlockChronology.olean", "/home/runner/work/_temp/g6-cloud-build/Imported/G5PairOnlySureBlockChronology.lean"], "start": "2026-10-07T16:26:00.394953+00:00", "end": "2026-10-07T16:26:03.398291+00:00", "exit": 0, "output_sha256": "2102cb58c4b7a1a01d1b6cb27a2ff7b9ddfc470a9ec0faae7c75174677969e1b"}
verify	Verify G6 frozen sources serially	2026-10-07T16:26:03.3993641Z G6_COMMAND {"argv": ["lake", "env", "lean", "--trust=0", "-j1", "-M4096", "-o", "/home/runner/work/_temp/g6-cloud-build/.lake/build/lib/lean/G5SafePastMeetingPermanence.olean", "/home/runner/work/_temp/g6-cloud-build/Imported/G5SafePastMeetingPermanence.lean"], "cwd": "/home/runner/work/_temp/g6-cloud-build", "start": "2026-10-07T16:26:03.398624+00:00"}
verify	Verify G6 frozen sources serially	2026-10-07T16:26:06.3688752Z 'GProgram.G5.NonbridgeRoutes.UpPath.to_edgePath_reverse' depends on axioms: [propext]
verify	Verify G6 frozen sources serially	2026-10-07T16:26:06.3690331Z 'GProgram.G5.SafePast.shared_ancestor_not_hybrid' depends on axioms: [propext, Classical.choice, Quot.sound]
verify	Verify G6 frozen sources serially	2026-10-07T16:26:06.3691818Z 'GProgram.G5.SafePast.UpPath.active_edges_equal_of_no_processed_hybrid' depends on axioms: [propext,
verify	Verify G6 frozen sources serially	2026-10-07T16:26:06.3693089Z  Classical.choice,
verify	Verify G6 frozen sources serially	2026-10-07T16:26:06.3693529Z  Quot.sound]
verify	Verify G6 frozen sources serially	2026-10-07T16:26:06.3694557Z 'GProgram.G5.SafePast.coOccupy_persists_to_safe_age' depends on axioms: [propext, Classical.choice, Quot.sound]
verify	Verify G6 frozen sources serially	2026-10-07T16:26:06.3695978Z 'GProgram.G5.SafePast.separated_at_safe_age_never_previously_met' depends on axioms: [propext,
verify	Verify G6 frozen sources serially	2026-10-07T16:26:06.3697202Z  Classical.choice,
verify	Verify G6 frozen sources serially	2026-10-07T16:26:06.3697672Z  Quot.sound]
verify	Verify G6 frozen sources serially	2026-10-07T16:26:06.3717481Z G6_RECEIPT {"argv": ["lake", "env", "lean", "--trust=0", "-j1", "-M4096", "-o", "/home/runner/work/_temp/g6-cloud-build/.lake/build/lib/lean/G5SafePastMeetingPermanence.olean", "/home/runner/work/_temp/g6-cloud-build/Imported/G5SafePastMeetingPermanence.lean"], "start": "2026-10-07T16:26:03.398624+00:00", "end": "2026-10-07T16:26:06.368653+00:00", "exit": 0, "output_sha256": "c868ca1184d8588ef18b1478e00dc3285c7cc006207d1cdcf5d6a8a0a2d4b198"}
verify	Verify G6 frozen sources serially	2026-10-07T16:26:06.3720598Z G6_COMMAND {"argv": ["lake", "env", "lean", "--trust=0", "-j1", "-M4096", "-o", "/home/runner/work/_temp/g6-cloud-build/.lake/build/lib/lean/G5ExponentialGermIdentification.olean", "/home/runner/work/_temp/g6-cloud-build/Imported/G5ExponentialGermIdentification.lean"], "cwd": "/home/runner/work/_temp/g6-cloud-build", "start": "2026-10-07T16:26:06.369058+00:00"}
verify	Verify G6 frozen sources serially	2026-10-07T16:26:08.7936460Z 'GProgram.G5.ExponentialGerm.coefficient_zero_of_grid' depends on axioms: [propext, Classical.choice, Quot.sound]
verify	Verify G6 frozen sources serially	2026-10-07T16:26:08.7938590Z 'GProgram.G5.ExponentialGerm.coefficients_eq_of_right_germ' depends on axioms: [propext, Classical.choice, Quot.sound]
verify	Verify G6 frozen sources serially	2026-10-07T16:26:08.7940212Z 'GProgram.G5.ExponentialGerm.constant_coefficient_eq_of_right_germ' depends on axioms: [propext,
verify	Verify G6 frozen sources serially	2026-10-07T16:26:08.7941029Z  Classical.choice,
verify	Verify G6 frozen sources serially	2026-10-07T16:26:08.7941595Z  Quot.sound]
verify	Verify G6 frozen sources serially	2026-10-07T16:26:08.7943904Z G6_RECEIPT {"argv": ["lake", "env", "lean", "--trust=0", "-j1", "-M4096", "-o", "/home/runner/work/_temp/g6-cloud-build/.lake/build/lib/lean/G5ExponentialGermIdentification.olean", "/home/runner/work/_temp/g6-cloud-build/Imported/G5ExponentialGermIdentification.lean"], "start": "2026-10-07T16:26:06.369058+00:00", "end": "2026-10-07T16:26:08.793434+00:00", "exit": 0, "output_sha256": "43b8db7dd2022f81be166db6224a360defaf0709d2d333320680b065d5e0e567"}
verify	Verify G6 frozen sources serially	2026-10-07T16:26:08.7947553Z G6_COMMAND {"argv": ["lake", "env", "lean", "--trust=0", "-j1", "-M4096", "-o", "/home/runner/work/_temp/g6-cloud-build/.lake/build/lib/lean/G5UnknownRateSupport.olean", "/home/runner/work/_temp/g6-cloud-build/Imported/G5UnknownRateSupport.lean"], "cwd": "/home/runner/work/_temp/g6-cloud-build", "start": "2026-10-07T16:26:08.793832+00:00"}
verify	Verify G6 frozen sources serially	2026-10-07T16:26:11.2950854Z 'GProgram.G5.ExponentialGerm.finite_coefficients_zero_of_right_germ' depends on axioms: [propext,
verify	Verify G6 frozen sources serially	2026-10-07T16:26:11.2952072Z  Classical.choice,
verify	Verify G6 frozen sources serially	2026-10-07T16:26:11.2952633Z  Quot.sound]
verify	Verify G6 frozen sources serially	2026-10-07T16:26:11.2953465Z 'GProgram.G5.ExponentialGerm.finite_coefficients_eq_of_right_germ' depends on axioms: [propext,
verify	Verify G6 frozen sources serially	2026-10-07T16:26:11.2954512Z  Classical.choice,
verify	Verify G6 frozen sources serially	2026-10-07T16:26:11.2955977Z  Quot.sound]
verify	Verify G6 frozen sources serially	2026-10-07T16:26:11.2956540Z 'GProgram.G5.ExponentialGerm.finite_constant_mass_eq_of_right_germ' depends on axioms: [propext,
verify	Verify G6 frozen sources serially	2026-10-07T16:26:11.2957350Z  Classical.choice,
verify	Verify G6 frozen sources serially	2026-10-07T16:26:11.2958051Z  Quot.sound]
verify	Verify G6 frozen sources serially	2026-10-07T16:26:11.2960938Z G6_RECEIPT {"argv": ["lake", "env", "lean", "--trust=0", "-j1", "-M4096", "-o", "/home/runner/work/_temp/g6-cloud-build/.lake/build/lib/lean/G5UnknownRateSupport.olean", "/home/runner/work/_temp/g6-cloud-build/Imported/G5UnknownRateSupport.lean"], "start": "2026-10-07T16:26:08.793832+00:00", "end": "2026-10-07T16:26:11.294878+00:00", "exit": 0, "output_sha256": "36b339cbb814f07566d18ce6dd3e52801f2bffd23f1262b079fa7bef2cc6169f"}
verify	Verify G6 frozen sources serially	2026-10-07T16:26:11.2966157Z G6_COMMAND {"argv": ["lake", "env", "lean", "--trust=0", "-j1", "-M4096", "-o", "/home/runner/work/_temp/g6-cloud-build/.lake/build/lib/lean/G5OriginalRouteHazard.olean", "/home/runner/work/_temp/g6-cloud-build/Imported/G5OriginalRouteHazard.lean"], "cwd": "/home/runner/work/_temp/g6-cloud-build", "start": "2026-10-07T16:26:11.295228+00:00"}
verify	Verify G6 frozen sources serially	2026-10-07T16:26:14.7888427Z /home/runner/work/_temp/g6-cloud-build/Imported/G5OriginalRouteHazard.lean:174:48: warning: Used `tac1 <;> tac2` where `(tac1; tac2)` would suffice
verify	Verify G6 frozen sources serially	2026-10-07T16:26:14.7889481Z 
verify	Verify G6 frozen sources serially	2026-10-07T16:26:14.7889904Z Note: This linter can be disabled with `set_option linter.unnecessarySeqFocus false`
verify	Verify G6 frozen sources serially	2026-10-07T16:26:14.7891144Z 'GProgram.G5.RouteHazard.currentPairRate_zero_iff_separated' depends on axioms: [propext, Classical.choice, Quot.sound]
verify	Verify G6 frozen sources serially	2026-10-07T16:26:14.7892480Z 'GProgram.G5.RouteHazard.separated_safe_accumulatedHazard_zero' depends on axioms: [propext,
verify	Verify G6 frozen sources serially	2026-10-07T16:26:14.7893603Z  Classical.choice,
verify	Verify G6 frozen sources serially	2026-10-07T16:26:14.7893959Z  Quot.sound]
verify	Verify G6 frozen sources serially	2026-10-07T16:26:14.7894771Z 'GProgram.G5.RouteHazard.separated_safe_routeSurvival_one' depends on axioms: [propext, Classical.choice, Quot.sound]
verify	Verify G6 frozen sources serially	2026-10-07T16:26:14.7896122Z 'GProgram.G5.RouteHazard.positive_endpoint_gap_exists' depends on axioms: [propext, Classical.choice, Quot.sound]
verify	Verify G6 frozen sources serially	2026-10-07T16:26:14.7897251Z 'GProgram.G5.RouteHazard.exposure_add_on_endpoint_gap' depends on axioms: [propext, Classical.choice, Quot.sound]
verify	Verify G6 frozen sources serially	2026-10-07T16:26:14.7898324Z 'GProgram.G5.RouteHazard.accumulatedHazard_add_on_endpoint_gap' depends on axioms: [propext,
verify	Verify G6 frozen sources serially	2026-10-07T16:26:14.7898863Z  Classical.choice,
verify	Verify G6 frozen sources serially	2026-10-07T16:26:14.7899093Z  Quot.sound]
verify	Verify G6 frozen sources serially	2026-10-07T16:26:14.7899632Z 'GProgram.G5.RouteHazard.routeSurvival_add_on_endpoint_gap' depends on axioms: [propext, Classical.choice, Quot.sound]
verify	Verify G6 frozen sources serially	2026-10-07T16:26:14.7901696Z G6_RECEIPT {"argv": ["lake", "env", "lean", "--trust=0", "-j1", "-M4096", "-o", "/home/runner/work/_temp/g6-cloud-build/.lake/build/lib/lean/G5OriginalRouteHazard.olean", "/home/runner/work/_temp/g6-cloud-build/Imported/G5OriginalRouteHazard.lean"], "start": "2026-10-07T16:26:11.295228+00:00", "end": "2026-10-07T16:26:14.788624+00:00", "exit": 0, "output_sha256": "2e311bf90e01fad29579f832d25a1f11f5dad8b2c178253a86823dc2f7e59d1c"}
verify	Verify G6 frozen sources serially	2026-10-07T16:26:14.7904163Z G6_COMMAND {"argv": ["lake", "env", "lean", "--trust=0", "-j1", "-M4096", "-o", "/home/runner/work/_temp/g6-cloud-build/.lake/build/lib/lean/G4TwoRootSourceStopping.olean", "/home/runner/work/_temp/g6-cloud-build/Imported/G4TwoRootSourceStopping.lean"], "cwd": "/home/runner/work/_temp/g6-cloud-build", "start": "2026-10-07T16:26:14.789086+00:00"}
verify	Verify G6 frozen sources serially	2026-10-07T16:26:18.0394130Z /home/runner/work/_temp/g6-cloud-build/Imported/G4TwoRootSourceStopping.lean:54:2: warning: Used `tac1 <;> tac2` where `(tac1; tac2)` would suffice
verify	Verify G6 frozen sources serially	2026-10-07T16:26:18.0395098Z 
verify	Verify G6 frozen sources serially	2026-10-07T16:26:18.0395447Z Note: This linter can be disabled with `set_option linter.unnecessarySeqFocus false`
verify	Verify G6 frozen sources serially	2026-10-07T16:26:18.0396613Z /home/runner/work/_temp/g6-cloud-build/Imported/G4TwoRootSourceStopping.lean:59:2: warning: Used `tac1 <;> tac2` where `(tac1; tac2)` would suffice
verify	Verify G6 frozen sources serially	2026-10-07T16:26:18.0397417Z 
verify	Verify G6 frozen sources serially	2026-10-07T16:26:18.0398058Z Note: This linter can be disabled with `set_option linter.unnecessarySeqFocus false`
verify	Verify G6 frozen sources serially	2026-10-07T16:26:18.0399481Z 'G4TwoRootSourceStopping.bareSurvival_eq' depends on axioms: [propext, Classical.choice, Quot.sound]
verify	Verify G6 frozen sources serially	2026-10-07T16:26:18.0400632Z 'G4TwoRootSourceStopping.rootedACladeResponse_injective' depends on axioms: [propext, Classical.choice, Quot.sound]
verify	Verify G6 frozen sources serially	2026-10-07T16:26:18.0401726Z 'G4TwoRootSourceStopping.observable_finite_length_certificate' depends on axioms: [propext,
verify	Verify G6 frozen sources serially	2026-10-07T16:26:18.0402398Z  Classical.choice,
verify	Verify G6 frozen sources serially	2026-10-07T16:26:18.0402698Z  Quot.sound]
verify	Verify G6 frozen sources serially	2026-10-07T16:26:18.0404558Z G6_RECEIPT {"argv": ["lake", "env", "lean", "--trust=0", "-j1", "-M4096", "-o", "/home/runner/work/_temp/g6-cloud-build/.lake/build/lib/lean/G4TwoRootSourceStopping.olean", "/home/runner/work/_temp/g6-cloud-build/Imported/G4TwoRootSourceStopping.lean"], "start": "2026-10-07T16:26:14.789086+00:00", "end": "2026-10-07T16:26:18.039135+00:00", "exit": 0, "output_sha256": "dd78f608c3203ed2845672960fd4a8f009670f190c0de67b07c9c200b2a61910"}
verify	Verify G6 frozen sources serially	2026-10-07T16:26:18.0408107Z G6_COMMAND {"argv": ["lake", "env", "lean", "--trust=0", "-j1", "-M4096", "-o", "/home/runner/work/_temp/g6-cloud-build/.lake/build/lib/lean/G1SharedRegisterStress.olean", "/home/runner/work/_temp/g6-cloud-build/Imported/G1SharedRegisterStress.lean"], "cwd": "/home/runner/work/_temp/g6-cloud-build", "start": "2026-10-07T16:26:18.039498+00:00"}
verify	Verify G6 frozen sources serially	2026-10-07T16:26:21.1014325Z 'GProgram.G1.pairSurvival_eq_exp' depends on axioms: [propext, Classical.choice, Quot.sound]
verify	Verify G6 frozen sources serially	2026-10-07T16:26:21.1015708Z 'GProgram.G1.pairSurvival_log_two' depends on axioms: [propext, Classical.choice, Quot.sound]
verify	Verify G6 frozen sources serially	2026-10-07T16:26:21.1017100Z 'GProgram.G1.pairSurvival_log_four' depends on axioms: [propext, Classical.choice, Quot.sound]
verify	Verify G6 frozen sources serially	2026-10-07T16:26:21.1019121Z 'GProgram.G1.shared_register_exact_counterexample' depends on axioms: [propext, Classical.choice, Quot.sound]
verify	Verify G6 frozen sources serially	2026-10-07T16:26:21.1020762Z 'GProgram.G1.retained_register_joint_normalized' depends on axioms: [propext, Classical.choice, Quot.sound]
verify	Verify G6 frozen sources serially	2026-10-07T16:26:21.1022251Z 'GProgram.G1.retained_register_joint_nonnegative' depends on axioms: [propext, Classical.choice, Quot.sound]
verify	Verify G6 frozen sources serially	2026-10-07T16:26:21.1023534Z 'GProgram.G1.resampling_changes_exposed_context' depends on axioms: [propext, Classical.choice, Quot.sound]
verify	Verify G6 frozen sources serially	2026-10-07T16:26:21.1024901Z 'GProgram.G1.exposed_event_preserved_iff_equal_conditionals' depends on axioms: [propext, Classical.choice, Quot.sound]
verify	Verify G6 frozen sources serially	2026-10-07T16:26:21.1028188Z G6_RECEIPT {"argv": ["lake", "env", "lean", "--trust=0", "-j1", "-M4096", "-o", "/home/runner/work/_temp/g6-cloud-build/.lake/build/lib/lean/G1SharedRegisterStress.olean", "/home/runner/work/_temp/g6-cloud-build/Imported/G1SharedRegisterStress.lean"], "start": "2026-10-07T16:26:18.039498+00:00", "end": "2026-10-07T16:26:21.101254+00:00", "exit": 0, "output_sha256": "84a9c4ce9c952b0e458f2a61369c7b18a8e5a6298321cc94e9a865f61d98037b"}
verify	Verify G6 frozen sources serially	2026-10-07T16:26:21.1032432Z G6_COMMAND {"argv": ["lake", "env", "lean", "--trust=0", "-j1", "-M4096", "-o", "/home/runner/work/_temp/g6-cloud-build/.lake/build/lib/lean/G4FourRootPositivity.olean", "/home/runner/work/_temp/g6-cloud-build/Imported/G4FourRootPositivity.lean"], "cwd": "/home/runner/work/_temp/g6-cloud-build", "start": "2026-10-07T16:26:21.101598+00:00"}
verify	Verify G6 frozen sources serially	2026-10-07T16:26:24.5574674Z 'GProgram.G4.FourRoot.exact_defect_factorization' depends on axioms: [propext, Classical.choice, Quot.sound]
verify	Verify G6 frozen sources serially	2026-10-07T16:26:24.5576699Z 'GProgram.G4.FourRoot.zero_delta_forces_negative_defect3' depends on axioms: [propext, Classical.choice, Quot.sound]
verify	Verify G6 frozen sources serially	2026-10-07T16:26:24.5578529Z 'GProgram.G4.FourRoot.no_common_moment_signature' depends on axioms: [propext, Classical.choice, Quot.sound]
verify	Verify G6 frozen sources serially	2026-10-07T16:26:24.5580108Z 'GProgram.G4.FourRoot.rational_cap3_scalar_witness' depends on axioms: [propext, Classical.choice, Quot.sound]
verify	Verify G6 frozen sources serially	2026-10-07T16:26:24.5583433Z G6_RECEIPT {"argv": ["lake", "env", "lean", "--trust=0", "-j1", "-M4096", "-o", "/home/runner/work/_temp/g6-cloud-build/.lake/build/lib/lean/G4FourRootPositivity.olean", "/home/runner/work/_temp/g6-cloud-build/Imported/G4FourRootPositivity.lean"], "start": "2026-10-07T16:26:21.101598+00:00", "end": "2026-10-07T16:26:24.555673+00:00", "exit": 0, "output_sha256": "f5e1ecf7db1d697e09d60633e18d6b70c7cc7aa6ac9af0dc3eee533d76e5c582"}
verify	Verify G6 frozen sources serially	2026-10-07T16:26:24.5588298Z G6_COMMAND {"argv": ["lake", "env", "lean", "--trust=0", "-j1", "-M4096", "-o", "/home/runner/work/_temp/g6-cloud-build/.lake/build/lib/lean/G4IndependentRoutingBridge.olean", "/home/runner/work/_temp/g6-cloud-build/Imported/G4IndependentRoutingBridge.lean"], "cwd": "/home/runner/work/_temp/g6-cloud-build", "start": "2026-10-07T16:26:24.556013+00:00"}
verify	Verify G6 frozen sources serially	2026-10-07T16:26:28.8693414Z /home/runner/work/_temp/g6-cloud-build/Imported/G4IndependentRoutingBridge.lean:83:49: warning: This simp argument is unused:
verify	Verify G6 frozen sources serially	2026-10-07T16:26:28.8694833Z   Fintype.sum_bool
verify	Verify G6 frozen sources serially	2026-10-07T16:26:28.8695161Z 
verify	Verify G6 frozen sources serially	2026-10-07T16:26:28.8695517Z Hint: Omit it from the simp argument list.
verify	Verify G6 frozen sources serially	2026-10-07T16:26:28.8696591Z   [apply] simp [routingWeight_cons, ← Finset.mul_sum, ih, bitWeight]
verify	Verify G6 frozen sources serially	2026-10-07T16:26:28.8697173Z 
verify	Verify G6 frozen sources serially	2026-10-07T16:26:28.8698018Z Note: This linter can be disabled with `set_option linter.unusedSimpArgs false`
verify	Verify G6 frozen sources serially	2026-10-07T16:26:28.8699280Z /home/runner/work/_temp/g6-cloud-build/Imported/G4IndependentRoutingBridge.lean:157:4: warning: try 'simp' instead of 'simpa'
verify	Verify G6 frozen sources serially	2026-10-07T16:26:28.8700188Z 
verify	Verify G6 frozen sources serially	2026-10-07T16:26:28.8700703Z Note: This linter can be disabled with `set_option linter.unnecessarySimpa false`
verify	Verify G6 frozen sources serially	2026-10-07T16:26:28.8701875Z /home/runner/work/_temp/g6-cloud-build/Imported/G4IndependentRoutingBridge.lean:163:71: warning: This simp argument is unused:
verify	Verify G6 frozen sources serially	2026-10-07T16:26:28.8702896Z   hc
verify	Verify G6 frozen sources serially	2026-10-07T16:26:28.8703083Z 
verify	Verify G6 frozen sources serially	2026-10-07T16:26:28.8703279Z Hint: Omit it from the simp argument list.
verify	Verify G6 frozen sources serially	2026-10-07T16:26:28.8704004Z   [apply] simp [GProgram.G2.OriginalHybridParents.parent, H.different, H.different.symm]
verify	Verify G6 frozen sources serially	2026-10-07T16:26:28.8704947Z 
verify	Verify G6 frozen sources serially	2026-10-07T16:26:28.8705296Z Note: This linter can be disabled with `set_option linter.unusedSimpArgs false`
verify	Verify G6 frozen sources serially	2026-10-07T16:26:28.8706463Z /home/runner/work/_temp/g6-cloud-build/Imported/G4IndependentRoutingBridge.lean:164:4: warning: This simp argument is unused:
verify	Verify G6 frozen sources serially	2026-10-07T16:26:28.8707413Z   H.different
verify	Verify G6 frozen sources serially	2026-10-07T16:26:28.8707594Z 
verify	Verify G6 frozen sources serially	2026-10-07T16:26:28.8707973Z Hint: Omit it from the simp argument list.
verify	Verify G6 frozen sources serially	2026-10-07T16:26:28.8708650Z   [apply] simp [GProgram.G2.OriginalHybridParents.parent, hc, H.different.symm]
verify	Verify G6 frozen sources serially	2026-10-07T16:26:28.8709184Z 
verify	Verify G6 frozen sources serially	2026-10-07T16:26:28.8709519Z Note: This linter can be disabled with `set_option linter.unusedSimpArgs false`
verify	Verify G6 frozen sources serially	2026-10-07T16:26:28.8710752Z /home/runner/work/_temp/g6-cloud-build/Imported/G4IndependentRoutingBridge.lean:172:4: warning: try 'simp' instead of 'simpa'
verify	Verify G6 frozen sources serially	2026-10-07T16:26:28.8711561Z 
verify	Verify G6 frozen sources serially	2026-10-07T16:26:28.8711995Z Note: This linter can be disabled with `set_option linter.unnecessarySimpa false`
verify	Verify G6 frozen sources serially	2026-10-07T16:26:28.8713251Z /home/runner/work/_temp/g6-cloud-build/Imported/G4IndependentRoutingBridge.lean:178:71: warning: This simp argument is unused:
verify	Verify G6 frozen sources serially	2026-10-07T16:26:28.8714246Z   hc
verify	Verify G6 frozen sources serially	2026-10-07T16:26:28.8714420Z 
verify	Verify G6 frozen sources serially	2026-10-07T16:26:28.8714604Z Hint: Omit it from the simp argument list.
verify	Verify G6 frozen sources serially	2026-10-07T16:26:28.8715394Z   [apply] simp [GProgram.G2.OriginalHybridParents.parent, H.different, H.different.symm]
verify	Verify G6 frozen sources serially	2026-10-07T16:26:28.8716041Z 
verify	Verify G6 frozen sources serially	2026-10-07T16:26:28.8716491Z Note: This linter can be disabled with `set_option linter.unusedSimpArgs false`
verify	Verify G6 frozen sources serially	2026-10-07T16:26:28.8717648Z /home/runner/work/_temp/g6-cloud-build/Imported/G4IndependentRoutingBridge.lean:179:16: warning: This simp argument is unused:
verify	Verify G6 frozen sources serially	2026-10-07T16:26:28.8718836Z   H.different.symm
verify	Verify G6 frozen sources serially	2026-10-07T16:26:28.8719113Z 
verify	Verify G6 frozen sources serially	2026-10-07T16:26:28.8719387Z Hint: Omit it from the simp argument list.
verify	Verify G6 frozen sources serially	2026-10-07T16:26:28.8720026Z   [apply] simp [GProgram.G2.OriginalHybridParents.parent, hc, H.different]
verify	Verify G6 frozen sources serially	2026-10-07T16:26:28.8720554Z 
verify	Verify G6 frozen sources serially	2026-10-07T16:26:28.8720975Z Note: This linter can be disabled with `set_option linter.unusedSimpArgs false`
verify	Verify G6 frozen sources serially	2026-10-07T16:26:28.8722052Z 'GProgram.G4.IndependentRouting.exponential_model_original_coordinates' depends on axioms: [propext,
verify	Verify G6 frozen sources serially	2026-10-07T16:26:28.8722942Z  Classical.choice,
verify	Verify G6 frozen sources serially	2026-10-07T16:26:28.8723325Z  Quot.sound]
verify	Verify G6 frozen sources serially	2026-10-07T16:26:28.8724191Z 'GProgram.G4.IndependentRouting.original_source_coordinates' depends on axioms: [propext, Classical.choice, Quot.sound]
verify	Verify G6 frozen sources serially	2026-10-07T16:26:28.8725511Z 'GProgram.G4.IndependentRouting.exponential_four_root_arm_law' depends on axioms: [propext,
verify	Verify G6 frozen sources serially	2026-10-07T16:26:28.8726330Z  Classical.choice,
verify	Verify G6 frozen sources serially	2026-10-07T16:26:28.8726710Z  Quot.sound]
verify	Verify G6 frozen sources serially	2026-10-07T16:26:28.8727506Z 'GProgram.G4.IndependentRouting.actual_parent0_count' depends on axioms: [propext, Classical.choice, Quot.sound]
verify	Verify G6 frozen sources serially	2026-10-07T16:26:28.8729348Z 'GProgram.G4.IndependentRouting.generic_two' depends on axioms: [propext, Classical.choice, Quot.sound]
verify	Verify G6 frozen sources serially	2026-10-07T16:26:28.8730668Z 'GProgram.G4.IndependentRouting.generic_three' depends on axioms: [propext, Classical.choice, Quot.sound]
verify	Verify G6 frozen sources serially	2026-10-07T16:26:28.8731965Z 'GProgram.G4.IndependentRouting.generic_four' depends on axioms: [propext, Classical.choice, Quot.sound]
verify	Verify G6 frozen sources serially	2026-10-07T16:26:28.8733352Z 'GProgram.G4.IndependentRouting.routingWeight_normalized' depends on axioms: [propext, Classical.choice, Quot.sound]
verify	Verify G6 frozen sources serially	2026-10-07T16:26:28.8736506Z G6_RECEIPT {"argv": ["lake", "env", "lean", "--trust=0", "-j1", "-M4096", "-o", "/home/runner/work/_temp/g6-cloud-build/.lake/build/lib/lean/G4IndependentRoutingBridge.olean", "/home/runner/work/_temp/g6-cloud-build/Imported/G4IndependentRoutingBridge.lean"], "start": "2026-10-07T16:26:24.556013+00:00", "end": "2026-10-07T16:26:28.869118+00:00", "exit": 0, "output_sha256": "cbd76f1aff4dbea1797be18fb43b4ceb4bf5b1ba93f7c123d3b8173c15c87318"}
verify	Verify G6 frozen sources serially	2026-10-07T16:26:28.8740728Z G6_COMMAND {"argv": ["lake", "env", "lean", "--trust=0", "-j1", "-M4096", "-o", "/home/runner/work/_temp/g6-cloud-build/.lake/build/lib/lean/G4AllRootPairClocks.olean", "/home/runner/work/_temp/g6-cloud-build/Imported/G4AllRootPairClocks.lean"], "cwd": "/home/runner/work/_temp/g6-cloud-build", "start": "2026-10-07T16:26:28.869492+00:00"}
verify	Verify G6 frozen sources serially	2026-10-07T16:26:31.6745009Z /home/runner/work/_temp/g6-cloud-build/Imported/G4AllRootPairClocks.lean:67:2: warning: Try this: 
verify	Verify G6 frozen sources serially	2026-10-07T16:26:31.6745934Z   letI̵
verify	Verify G6 frozen sources serially	2026-10-07T16:26:31.6746077Z 
verify	Verify G6 frozen sources serially	2026-10-07T16:26:31.6746288Z The goal is a proposition, so `let` is preferred over `letI`.
verify	Verify G6 frozen sources serially	2026-10-07T16:26:31.6746867Z The difference between `let` and `letI` is that `letI` inlines the value.
verify	Verify G6 frozen sources serially	2026-10-07T16:26:31.6747463Z But this is not relevant for proofs because of proof irrelevance.
verify	Verify G6 frozen sources serially	2026-10-07T16:26:31.6748140Z 
verify	Verify G6 frozen sources serially	2026-10-07T16:26:31.6748434Z Note: This linter can be disabled with `set_option linter.style.haveILetI false`
verify	Verify G6 frozen sources serially	2026-10-07T16:26:31.6749234Z /home/runner/work/_temp/g6-cloud-build/Imported/G4AllRootPairClocks.lean:70:2: warning: Try this: 
verify	Verify G6 frozen sources serially	2026-10-07T16:26:31.6750103Z   letI̵
verify	Verify G6 frozen sources serially	2026-10-07T16:26:31.6750287Z 
verify	Verify G6 frozen sources serially	2026-10-07T16:26:31.6750590Z The goal is a proposition, so `let` is preferred over `letI`.
verify	Verify G6 frozen sources serially	2026-10-07T16:26:31.6751311Z The difference between `let` and `letI` is that `letI` inlines the value.
verify	Verify G6 frozen sources serially	2026-10-07T16:26:31.6752044Z But this is not relevant for proofs because of proof irrelevance.
verify	Verify G6 frozen sources serially	2026-10-07T16:26:31.6752559Z 
verify	Verify G6 frozen sources serially	2026-10-07T16:26:31.6752986Z Note: This linter can be disabled with `set_option linter.style.haveILetI false`
verify	Verify G6 frozen sources serially	2026-10-07T16:26:31.6754366Z 'GProgram.G4.PairClocks.private_arms_no_first_merge' depends on axioms: [propext, Classical.choice, Quot.sound]
verify	Verify G6 frozen sources serially	2026-10-07T16:26:31.6755891Z 'GProgram.G4.PairClocks.livePair_card' depends on axioms: [propext, Classical.choice, Quot.sound]
verify	Verify G6 frozen sources serially	2026-10-07T16:26:31.6757452Z 'GProgram.G4.PairClocks.all_root_no_first_merge' depends on axioms: [propext, Classical.choice, Quot.sound]
verify	Verify G6 frozen sources serially	2026-10-07T16:26:31.6759264Z 'GProgram.G4.PairClocks.product_clock_eq_holding_model' depends on axioms: [propext, Classical.choice, Quot.sound]
verify	Verify G6 frozen sources serially	2026-10-07T16:26:31.6762801Z G6_RECEIPT {"argv": ["lake", "env", "lean", "--trust=0", "-j1", "-M4096", "-o", "/home/runner/work/_temp/g6-cloud-build/.lake/build/lib/lean/G4AllRootPairClocks.olean", "/home/runner/work/_temp/g6-cloud-build/Imported/G4AllRootPairClocks.lean"], "start": "2026-10-07T16:26:28.869492+00:00", "end": "2026-10-07T16:26:31.674361+00:00", "exit": 0, "output_sha256": "7ab290630c57eec022c564a4e035d33e5101c865684b517a03dc71d5dcb0767d"}
verify	Verify G6 frozen sources serially	2026-10-07T16:26:31.6767175Z G6_COMMAND {"argv": ["lake", "env", "lean", "--trust=0", "-j1", "-M4096", "-o", "/home/runner/work/_temp/g6-cloud-build/.lake/build/lib/lean/G4PathResolvedMeasurement.olean", "/home/runner/work/_temp/g6-cloud-build/Imported/G4PathResolvedMeasurement.lean"], "cwd": "/home/runner/work/_temp/g6-cloud-build", "start": "2026-10-07T16:26:31.674734+00:00"}
verify	Verify G6 frozen sources serially	2026-10-07T16:26:55.2173077Z /home/runner/work/_temp/g6-cloud-build/Imported/G4PathResolvedMeasurement.lean:54:0: warning: automatically included section variable(s) unused in theorem `GProgram.G4.PathResolved.itineraryMass_pos`:
verify	Verify G6 frozen sources serially	2026-10-07T16:26:55.2175744Z   [DecidableEq Site]
verify	Verify G6 frozen sources serially	2026-10-07T16:26:55.2177316Z consider restructuring your `variable` declarations so that the variables are not in scope or explicitly omit them:
verify	Verify G6 frozen sources serially	2026-10-07T16:26:55.2178959Z   omit [DecidableEq Site] in theorem ...
verify	Verify G6 frozen sources serially	2026-10-07T16:26:55.2179646Z 
verify	Verify G6 frozen sources serially	2026-10-07T16:26:55.2180218Z Note: This linter can be disabled with `set_option linter.unusedSectionVars false`
verify	Verify G6 frozen sources serially	2026-10-07T16:26:55.2182724Z /home/runner/work/_temp/g6-cloud-build/Imported/G4PathResolvedMeasurement.lean:71:0: warning: automatically included section variable(s) unused in theorem `GProgram.G4.PathResolved.original_source_joint_itinerary_likelihood`:
verify	Verify G6 frozen sources serially	2026-10-07T16:26:55.2184974Z   [DecidableEq Site]
verify	Verify G6 frozen sources serially	2026-10-07T16:26:55.2186133Z consider restructuring your `variable` declarations so that the variables are not in scope or explicitly omit them:
verify	Verify G6 frozen sources serially	2026-10-07T16:26:55.2187329Z   omit [DecidableEq Site] in theorem ...
verify	Verify G6 frozen sources serially	2026-10-07T16:26:55.2188119Z 
verify	Verify G6 frozen sources serially	2026-10-07T16:26:55.2188741Z Note: This linter can be disabled with `set_option linter.unusedSectionVars false`
verify	Verify G6 frozen sources serially	2026-10-07T16:26:55.2191640Z /home/runner/work/_temp/g6-cloud-build/Imported/G4PathResolvedMeasurement.lean:107:0: warning: automatically included section variable(s) unused in theorem `GProgram.G4.PathResolved.totalNoMerger_pos`:
verify	Verify G6 frozen sources serially	2026-10-07T16:26:55.2193359Z   [DecidableEq Site]
verify	Verify G6 frozen sources serially	2026-10-07T16:26:55.2194389Z consider restructuring your `variable` declarations so that the variables are not in scope or explicitly omit them:
verify	Verify G6 frozen sources serially	2026-10-07T16:26:55.2195564Z   omit [DecidableEq Site] in theorem ...
verify	Verify G6 frozen sources serially	2026-10-07T16:26:55.2196095Z 
verify	Verify G6 frozen sources serially	2026-10-07T16:26:55.2196684Z Note: This linter can be disabled with `set_option linter.unusedSectionVars false`
verify	Verify G6 frozen sources serially	2026-10-07T16:26:55.2198886Z /home/runner/work/_temp/g6-cloud-build/Imported/G4PathResolvedMeasurement.lean:111:0: warning: automatically included section variable(s) unused in theorem `GProgram.G4.PathResolved.totalNoMerger_lt_one`:
verify	Verify G6 frozen sources serially	2026-10-07T16:26:55.2200662Z   [DecidableEq Site]
verify	Verify G6 frozen sources serially	2026-10-07T16:26:55.2201692Z consider restructuring your `variable` declarations so that the variables are not in scope or explicitly omit them:
verify	Verify G6 frozen sources serially	2026-10-07T16:26:55.2202886Z   omit [DecidableEq Site] in theorem ...
verify	Verify G6 frozen sources serially	2026-10-07T16:26:55.2203403Z 
verify	Verify G6 frozen sources serially	2026-10-07T16:26:55.2203989Z Note: This linter can be disabled with `set_option linter.unusedSectionVars false`
verify	Verify G6 frozen sources serially	2026-10-07T16:26:55.2206088Z /home/runner/work/_temp/g6-cloud-build/Imported/G4PathResolvedMeasurement.lean:199:0: warning: automatically included section variable(s) unused in theorem `GProgram.G4.PathResolved.complete_original_parent_readout_injective`:
verify	Verify G6 frozen sources serially	2026-10-07T16:26:55.2208151Z   [Fintype Site]
verify	Verify G6 frozen sources serially	2026-10-07T16:26:55.2208718Z   [DecidableEq Site]
verify	Verify G6 frozen sources serially	2026-10-07T16:26:55.2209278Z   [DecidableEq E]
verify	Verify G6 frozen sources serially	2026-10-07T16:26:55.2210459Z consider restructuring your `variable` declarations so that the variables are not in scope or explicitly omit them:
verify	Verify G6 frozen sources serially	2026-10-07T16:26:55.2211757Z   omit [Fintype Site] [DecidableEq Site] [DecidableEq E] in theorem ...
verify	Verify G6 frozen sources serially	2026-10-07T16:26:55.2212459Z 
verify	Verify G6 frozen sources serially	2026-10-07T16:26:55.2213029Z Note: This linter can be disabled with `set_option linter.unusedSectionVars false`
verify	Verify G6 frozen sources serially	2026-10-07T16:26:55.2214986Z /home/runner/work/_temp/g6-cloud-build/Imported/G4PathResolvedMeasurement.lean:296:0: warning: automatically included section variable(s) unused in theorem `GProgram.G4.PathResolved.cycle_term_factor`:
verify	Verify G6 frozen sources serially	2026-10-07T16:26:55.2216696Z   [DecidableEq Site]
verify	Verify G6 frozen sources serially	2026-10-07T16:26:55.2217927Z consider restructuring your `variable` declarations so that the variables are not in scope or explicitly omit them:
verify	Verify G6 frozen sources serially	2026-10-07T16:26:55.2219107Z   omit [DecidableEq Site] in theorem ...
verify	Verify G6 frozen sources serially	2026-10-07T16:26:55.2219631Z 
verify	Verify G6 frozen sources serially	2026-10-07T16:26:55.2220207Z Note: This linter can be disabled with `set_option linter.unusedSectionVars false`
verify	Verify G6 frozen sources serially	2026-10-07T16:26:55.2222048Z /home/runner/work/_temp/g6-cloud-build/Imported/G4PathResolvedMeasurement.lean:387:0: warning: automatically included section variable(s) unused in theorem `GProgram.G4.PathResolved.ordinaryScalar_pos`:
verify	Verify G6 frozen sources serially	2026-10-07T16:26:55.2223976Z   [DecidableEq Site]
verify	Verify G6 frozen sources serially	2026-10-07T16:26:55.2224936Z consider restructuring your `variable` declarations so that the variables are not in scope or explicitly omit them:
verify	Verify G6 frozen sources serially	2026-10-07T16:26:55.2226032Z   omit [DecidableEq Site] in theorem ...
verify	Verify G6 frozen sources serially	2026-10-07T16:26:55.2226515Z 
verify	Verify G6 frozen sources serially	2026-10-07T16:26:55.2227056Z Note: This linter can be disabled with `set_option linter.unusedSectionVars false`
verify	Verify G6 frozen sources serially	2026-10-07T16:26:55.2229229Z /home/runner/work/_temp/g6-cloud-build/Imported/G4PathResolvedMeasurement.lean:391:0: warning: automatically included section variable(s) unused in theorem `GProgram.G4.PathResolved.totalNoMerger_factorization`:
verify	Verify G6 frozen sources serially	2026-10-07T16:26:55.2230946Z   [DecidableEq Site]
verify	Verify G6 frozen sources serially	2026-10-07T16:26:55.2231927Z consider restructuring your `variable` declarations so that the variables are not in scope or explicitly omit them:
verify	Verify G6 frozen sources serially	2026-10-07T16:26:55.2233232Z   omit [DecidableEq Site] in theorem ...
verify	Verify G6 frozen sources serially	2026-10-07T16:26:55.2233784Z 
verify	Verify G6 frozen sources serially	2026-10-07T16:26:55.2234331Z Note: This linter can be disabled with `set_option linter.unusedSectionVars false`
verify	Verify G6 frozen sources serially	2026-10-07T16:26:55.2235902Z /home/runner/work/_temp/g6-cloud-build/Imported/G4PathResolvedMeasurement.lean:486:4: warning: Try this: 
verify	Verify G6 frozen sources serially	2026-10-07T16:26:55.2237586Z   letI̵
verify	Verify G6 frozen sources serially	2026-10-07T16:26:55.2238379Z 
verify	Verify G6 frozen sources serially	2026-10-07T16:26:55.2238844Z The goal is a proposition, so `let` is preferred over `letI`.
verify	Verify G6 frozen sources serially	2026-10-07T16:26:55.2239821Z The difference between `let` and `letI` is that `letI` inlines the value.
verify	Verify G6 frozen sources serially	2026-10-07T16:26:55.2240941Z But this is not relevant for proofs because of proof irrelevance.
verify	Verify G6 frozen sources serially	2026-10-07T16:26:55.2241622Z 
verify	Verify G6 frozen sources serially	2026-10-07T16:26:55.2242188Z Note: This linter can be disabled with `set_option linter.style.haveILetI false`
verify	Verify G6 frozen sources serially	2026-10-07T16:26:55.2243572Z /home/runner/work/_temp/g6-cloud-build/Imported/G4PathResolvedMeasurement.lean:492:4: warning: Try this: 
verify	Verify G6 frozen sources serially	2026-10-07T16:26:55.2244835Z   letI̵
verify	Verify G6 frozen sources serially	2026-10-07T16:26:55.2245250Z 
verify	Verify G6 frozen sources serially	2026-10-07T16:26:55.2245724Z The goal is a proposition, so `let` is preferred over `letI`.
verify	Verify G6 frozen sources serially	2026-10-07T16:26:55.2246761Z The difference between `let` and `letI` is that `letI` inlines the value.
verify	Verify G6 frozen sources serially	2026-10-07T16:26:55.2248059Z But this is not relevant for proofs because of proof irrelevance.
verify	Verify G6 frozen sources serially	2026-10-07T16:26:55.2248779Z 
verify	Verify G6 frozen sources serially	2026-10-07T16:26:55.2249371Z Note: This linter can be disabled with `set_option linter.style.haveILetI false`
verify	Verify G6 frozen sources serially	2026-10-07T16:26:55.2250686Z 'GProgram.G4.PathResolved.original_all_input_arm_clock_likelihood' depends on axioms: [propext,
verify	Verify G6 frozen sources serially	2026-10-07T16:26:55.2251995Z  Classical.choice,
verify	Verify G6 frozen sources serially	2026-10-07T16:26:55.2252577Z  Quot.sound]
verify	Verify G6 frozen sources serially	2026-10-07T16:26:55.2253826Z 'GProgram.G4.PathResolved.original_two_live_root_clock_branch' depends on axioms: [propext,
verify	Verify G6 frozen sources serially	2026-10-07T16:26:55.2254748Z  Classical.choice,
verify	Verify G6 frozen sources serially	2026-10-07T16:26:55.2255323Z  Quot.sound]
verify	Verify G6 frozen sources serially	2026-10-07T16:26:55.2256368Z 'GProgram.G4.PathResolved.joint_record_cons_recursion' depends on axioms: [propext, Classical.choice, Quot.sound]
verify	Verify G6 frozen sources serially	2026-10-07T16:26:55.2258091Z 'GProgram.G4.PathResolved.failure_cons_recursion' depends on axioms: [propext, Classical.choice, Quot.sound]
verify	Verify G6 frozen sources serially	2026-10-07T16:26:55.2260524Z 'GProgram.G4.PathResolved.path_resolved_ordinary_detection' depends on axioms: [propext, Classical.choice, Quot.sound]
verify	Verify G6 frozen sources serially	2026-10-07T16:26:55.2262519Z 'GProgram.G4.PathResolved.normalized_PMF_data_C4_reconstruction' depends on axioms: [propext,
verify	Verify G6 frozen sources serially	2026-10-07T16:26:55.2263555Z  Classical.choice,
verify	Verify G6 frozen sources serially	2026-10-07T16:26:55.2263911Z  Quot.sound]
verify	Verify G6 frozen sources serially	2026-10-07T16:26:55.2264762Z 'GProgram.G4.PathResolved.sourceC4_strict_of_genuine_bigon' depends on axioms: [propext, Classical.choice, Quot.sound]
verify	Verify G6 frozen sources serially	2026-10-07T16:26:55.2266276Z 'GProgram.G4.PathResolved.ordinary_no_bigon_scalar' depends on axioms: [propext, Classical.choice, Quot.sound]
verify	Verify G6 frozen sources serially	2026-10-07T16:26:55.2267826Z 'GProgram.G4.PathResolved.sourceC4_word_factorization' depends on axioms: [propext, Classical.choice, Quot.sound]
verify	Verify G6 frozen sources serially	2026-10-07T16:26:55.2269310Z 'GProgram.G4.PathResolved.positive_bigon_C4_strict' depends on axioms: [propext, Classical.choice, Quot.sound]
verify	Verify G6 frozen sources serially	2026-10-07T16:26:55.2270716Z 'GProgram.G4.PathResolved.sourcePairPMF_joint_record' depends on axioms: [propext, Classical.choice, Quot.sound]
verify	Verify G6 frozen sources serially	2026-10-07T16:26:55.2272477Z 'GProgram.G4.PathResolved.all_input_edge_clock_survival' depends on axioms: [propext, Classical.choice, Quot.sound]
verify	Verify G6 frozen sources serially	2026-10-07T16:26:55.2273873Z 'GProgram.G4.PathResolved.observed_mass_cons_recursion' depends on axioms: [propext, Classical.choice, Quot.sound]
verify	Verify G6 frozen sources serially	2026-10-07T16:26:55.2275206Z 'GProgram.G4.PathResolved.complete_original_parent_readout_injective' depends on axioms: [propext,
verify	Verify G6 frozen sources serially	2026-10-07T16:26:55.2276101Z  Classical.choice,
verify	Verify G6 frozen sources serially	2026-10-07T16:26:55.2276450Z  Quot.sound]
verify	Verify G6 frozen sources serially	2026-10-07T16:26:55.2277212Z 'GProgram.G4.PathResolved.original_source_joint_itinerary_likelihood' depends on axioms: [propext,
verify	Verify G6 frozen sources serially	2026-10-07T16:26:55.2278272Z  Classical.choice,
verify	Verify G6 frozen sources serially	2026-10-07T16:26:55.2278615Z  Quot.sound]
verify	Verify G6 frozen sources serially	2026-10-07T16:26:55.2279411Z 'GProgram.G4.PathResolved.complete_joint_no_merger_mass' depends on axioms: [propext, Classical.choice, Quot.sound]
verify	Verify G6 frozen sources serially	2026-10-07T16:26:55.2280874Z 'GProgram.G4.PathResolved.reconstructed_kernel_eq_original' depends on axioms: [propext, Classical.choice, Quot.sound]
verify	Verify G6 frozen sources serially	2026-10-07T16:26:55.2282357Z 'GProgram.G4.PathResolved.path_resolved_C4_reconstruction' depends on axioms: [propext, Classical.choice, Quot.sound]
verify	Verify G6 frozen sources serially	2026-10-07T16:26:55.2285821Z G6_RECEIPT {"argv": ["lake", "env", "lean", "--trust=0", "-j1", "-M4096", "-o", "/home/runner/work/_temp/g6-cloud-build/.lake/build/lib/lean/G4PathResolvedMeasurement.olean", "/home/runner/work/_temp/g6-cloud-build/Imported/G4PathResolvedMeasurement.lean"], "start": "2026-10-07T16:26:31.674734+00:00", "end": "2026-10-07T16:26:55.217044+00:00", "exit": 0, "output_sha256": "2ac48a7c4227c18065f922d1ca6d474e8bb595fba3ff63240a53f8d7e568407d"}
verify	Verify G6 frozen sources serially	2026-10-07T16:26:55.2290975Z G6_COMMAND {"argv": ["lake", "env", "lean", "--trust=0", "-j1", "-M4096", "-o", "/home/runner/work/_temp/g6-cloud-build/.lake/build/lib/lean/UnifiedLean/Source/NativeParentRouting.olean", "/home/runner/work/_temp/g6-cloud-build/UnifiedLean/Source/NativeParentRouting.lean"], "cwd": "/home/runner/work/_temp/g6-cloud-build", "start": "2026-10-07T16:26:55.217524+00:00"}
verify	Verify G6 frozen sources serially	2026-10-07T16:26:58.6773789Z /home/runner/work/_temp/g6-cloud-build/UnifiedLean/Source/NativeParentRouting.lean:30:0: warning: automatically included section variable(s) unused in theorem `UnifiedLean.Source.NativeParentRouting.original_incoming_exists`:
verify	Verify G6 frozen sources serially	2026-10-07T16:26:58.6776044Z   [DecidableEq E]
verify	Verify G6 frozen sources serially	2026-10-07T16:26:58.6777063Z consider restructuring your `variable` declarations so that the variables are not in scope or explicitly omit them:
verify	Verify G6 frozen sources serially	2026-10-07T16:26:58.6778315Z   omit [DecidableEq E] in theorem ...
verify	Verify G6 frozen sources serially	2026-10-07T16:26:58.6778569Z 
verify	Verify G6 frozen sources serially	2026-10-07T16:26:58.6778863Z Note: This linter can be disabled with `set_option linter.unusedSectionVars false`
verify	Verify G6 frozen sources serially	2026-10-07T16:26:58.6780636Z /home/runner/work/_temp/g6-cloud-build/UnifiedLean/Source/NativeParentRouting.lean:65:0: warning: automatically included section variable(s) unused in theorem `UnifiedLean.Source.NativeParentRouting.registry_parent_target`:
verify	Verify G6 frozen sources serially	2026-10-07T16:26:58.6781691Z   [DecidableEq E]
verify	Verify G6 frozen sources serially	2026-10-07T16:26:58.6782179Z consider restructuring your `variable` declarations so that the variables are not in scope or explicitly omit them:
verify	Verify G6 frozen sources serially	2026-10-07T16:26:58.6782736Z   omit [DecidableEq E] in theorem ...
verify	Verify G6 frozen sources serially	2026-10-07T16:26:58.6782920Z 
verify	Verify G6 frozen sources serially	2026-10-07T16:26:58.6783150Z Note: This linter can be disabled with `set_option linter.unusedSectionVars false`
verify	Verify G6 frozen sources serially	2026-10-07T16:26:58.6783935Z /home/runner/work/_temp/g6-cloud-build/UnifiedLean/Source/NativeParentRouting.lean:102:4: warning: Try `simp at hm` instead of `simpa using hm`
verify	Verify G6 frozen sources serially	2026-10-07T16:26:58.6784503Z 
verify	Verify G6 frozen sources serially	2026-10-07T16:26:58.6784726Z Note: This linter can be disabled with `set_option linter.unnecessarySimpa false`
verify	Verify G6 frozen sources serially	2026-10-07T16:26:58.6785812Z /home/runner/work/_temp/g6-cloud-build/UnifiedLean/Source/NativeParentRouting.lean:87:0: warning: automatically included section variable(s) unused in theorem `UnifiedLean.Source.NativeParentRouting.olderRank_edge_decreases`:
verify	Verify G6 frozen sources serially	2026-10-07T16:26:58.6786763Z   [DecidableEq E]
verify	Verify G6 frozen sources serially	2026-10-07T16:26:58.6787219Z consider restructuring your `variable` declarations so that the variables are not in scope or explicitly omit them:
verify	Verify G6 frozen sources serially	2026-10-07T16:26:58.6788311Z   omit [DecidableEq E] in theorem ...
verify	Verify G6 frozen sources serially	2026-10-07T16:26:58.6788507Z 
verify	Verify G6 frozen sources serially	2026-10-07T16:26:58.6788744Z Note: This linter can be disabled with `set_option linter.unusedSectionVars false`
verify	Verify G6 frozen sources serially	2026-10-07T16:26:58.6789823Z /home/runner/work/_temp/g6-cloud-build/UnifiedLean/Source/NativeParentRouting.lean:109:0: warning: automatically included section variable(s) unused in theorem `UnifiedLean.Source.NativeParentRouting.selector_edge_respects`:
verify	Verify G6 frozen sources serially	2026-10-07T16:26:58.6790762Z   [DecidableEq E]
verify	Verify G6 frozen sources serially	2026-10-07T16:26:58.6791241Z consider restructuring your `variable` declarations so that the variables are not in scope or explicitly omit them:
verify	Verify G6 frozen sources serially	2026-10-07T16:26:58.6791779Z   omit [DecidableEq E] in theorem ...
verify	Verify G6 frozen sources serially	2026-10-07T16:26:58.6791952Z 
verify	Verify G6 frozen sources serially	2026-10-07T16:26:58.6792171Z Note: This linter can be disabled with `set_option linter.unusedSectionVars false`
verify	Verify G6 frozen sources serially	2026-10-07T16:26:58.6792782Z 'UnifiedLean.Source.NativeParentRouting.original_incoming_exists' depends on axioms: [propext,
verify	Verify G6 frozen sources serially	2026-10-07T16:26:58.6793274Z  Classical.choice,
verify	Verify G6 frozen sources serially	2026-10-07T16:26:58.6793474Z  Quot.sound]
verify	Verify G6 frozen sources serially	2026-10-07T16:26:58.6793903Z 'UnifiedLean.Source.NativeParentRouting.original_parent_ordering_exists' depends on axioms: [propext,
verify	Verify G6 frozen sources serially	2026-10-07T16:26:58.6794688Z  Classical.choice,
verify	Verify G6 frozen sources serially	2026-10-07T16:26:58.6794884Z  Quot.sound]
verify	Verify G6 frozen sources serially	2026-10-07T16:26:58.6795270Z 'UnifiedLean.Source.NativeParentRouting.registry_parent_target' depends on axioms: [propext,
verify	Verify G6 frozen sources serially	2026-10-07T16:26:58.6795737Z  Classical.choice,
verify	Verify G6 frozen sources serially	2026-10-07T16:26:58.6795930Z  Quot.sound]
verify	Verify G6 frozen sources serially	2026-10-07T16:26:58.6796321Z 'UnifiedLean.Source.NativeParentRouting.olderRank_edge_decreases' depends on axioms: [propext,
verify	Verify G6 frozen sources serially	2026-10-07T16:26:58.6796786Z  Classical.choice,
verify	Verify G6 frozen sources serially	2026-10-07T16:26:58.6796976Z  Quot.sound]
verify	Verify G6 frozen sources serially	2026-10-07T16:26:58.6797413Z 'UnifiedLean.Source.NativeParentRouting.compiled_original_parent_consistency' depends on axioms: [propext,
verify	Verify G6 frozen sources serially	2026-10-07T16:26:58.6798335Z  Classical.choice,
verify	Verify G6 frozen sources serially	2026-10-07T16:26:58.6798550Z  Quot.sound]
verify	Verify G6 frozen sources serially	2026-10-07T16:26:58.6798971Z 'UnifiedLean.Source.NativeParentRouting.selected_original_path_exists' depends on axioms: [propext,
verify	Verify G6 frozen sources serially	2026-10-07T16:26:58.6799477Z  Classical.choice,
verify	Verify G6 frozen sources serially	2026-10-07T16:26:58.6799685Z  Quot.sound]
verify	Verify G6 frozen sources serially	2026-10-07T16:26:58.6800092Z 'UnifiedLean.Source.NativeParentRouting.compiledRoute_source_spec' depends on axioms: [propext,
verify	Verify G6 frozen sources serially	2026-10-07T16:26:58.6800580Z  Classical.choice,
verify	Verify G6 frozen sources serially	2026-10-07T16:26:58.6800773Z  Quot.sound]
verify	Verify G6 frozen sources serially	2026-10-07T16:26:58.6802288Z G6_RECEIPT {"argv": ["lake", "env", "lean", "--trust=0", "-j1", "-M4096", "-o", "/home/runner/work/_temp/g6-cloud-build/.lake/build/lib/lean/UnifiedLean/Source/NativeParentRouting.olean", "/home/runner/work/_temp/g6-cloud-build/UnifiedLean/Source/NativeParentRouting.lean"], "start": "2026-10-07T16:26:55.217524+00:00", "end": "2026-10-07T16:26:58.677108+00:00", "exit": 0, "output_sha256": "a5049abb6c9d63bac6c059a4061d30c30a1bd669d4061436004ea708a344374b"}
verify	Verify G6 frozen sources serially	2026-10-07T16:26:58.6804850Z G6_COMMAND {"argv": ["lake", "env", "lean", "--trust=0", "-j1", "-M4096", "-o", "/home/runner/work/_temp/g6-cloud-build/.lake/build/lib/lean/UnifiedLean/Source/NativePairClockLaw.olean", "/home/runner/work/_temp/g6-cloud-build/UnifiedLean/Source/NativePairClockLaw.lean"], "cwd": "/home/runner/work/_temp/g6-cloud-build", "start": "2026-10-07T16:26:58.677528+00:00"}
verify	Verify G6 frozen sources serially	2026-10-07T16:27:02.0042031Z /home/runner/work/_temp/g6-cloud-build/UnifiedLean/Source/NativePairClockLaw.lean:36:0: warning: automatically included section variable(s) unused in theorem `UnifiedLean.Source.NativePairClockLaw.pairRate_pos`:
verify	Verify G6 frozen sources serially	2026-10-07T16:27:02.0043289Z   [Fintype E]
verify	Verify G6 frozen sources serially	2026-10-07T16:27:02.0043538Z   [DecidableEq E]
verify	Verify G6 frozen sources serially	2026-10-07T16:27:02.0044141Z consider restructuring your `variable` declarations so that the variables are not in scope or explicitly omit them:
verify	Verify G6 frozen sources serially	2026-10-07T16:27:02.0044881Z   omit [Fintype E] [DecidableEq E] in theorem ...
verify	Verify G6 frozen sources serially	2026-10-07T16:27:02.0045160Z 
verify	Verify G6 frozen sources serially	2026-10-07T16:27:02.0045451Z Note: This linter can be disabled with `set_option linter.unusedSectionVars false`
verify	Verify G6 frozen sources serially	2026-10-07T16:27:02.0046543Z /home/runner/work/_temp/g6-cloud-build/UnifiedLean/Source/NativePairClockLaw.lean:77:2: warning: Try this: 
verify	Verify G6 frozen sources serially	2026-10-07T16:27:02.0069863Z   letI̵
verify	Verify G6 frozen sources serially	2026-10-07T16:27:02.0071746Z 
verify	Verify G6 frozen sources serially	2026-10-07T16:27:02.0072073Z The goal is a proposition, so `let` is preferred over `letI`.
verify	Verify G6 frozen sources serially	2026-10-07T16:27:02.0072903Z The difference between `let` and `letI` is that `letI` inlines the value.
verify	Verify G6 frozen sources serially	2026-10-07T16:27:02.0073718Z But this is not relevant for proofs because of proof irrelevance.
verify	Verify G6 frozen sources serially	2026-10-07T16:27:02.0074185Z 
verify	Verify G6 frozen sources serially	2026-10-07T16:27:02.0074555Z Note: This linter can be disabled with `set_option linter.style.haveILetI false`
verify	Verify G6 frozen sources serially	2026-10-07T16:27:02.0075670Z /home/runner/work/_temp/g6-cloud-build/UnifiedLean/Source/NativePairClockLaw.lean:89:2: warning: Try this: 
verify	Verify G6 frozen sources serially	2026-10-07T16:27:02.0076620Z   letI̵
verify	Verify G6 frozen sources serially	2026-10-07T16:27:02.0076799Z 
verify	Verify G6 frozen sources serially	2026-10-07T16:27:02.0077074Z The goal is a proposition, so `let` is preferred over `letI`.
verify	Verify G6 frozen sources serially	2026-10-07T16:27:02.0078073Z The difference between `let` and `letI` is that `letI` inlines the value.
verify	Verify G6 frozen sources serially	2026-10-07T16:27:02.0078871Z But this is not relevant for proofs because of proof irrelevance.
verify	Verify G6 frozen sources serially	2026-10-07T16:27:02.0079355Z 
verify	Verify G6 frozen sources serially	2026-10-07T16:27:02.0079717Z Note: This linter can be disabled with `set_option linter.style.haveILetI false`
verify	Verify G6 frozen sources serially	2026-10-07T16:27:02.0081194Z 'UnifiedLean.Source.NativePairClockLaw.pairRate_pos' depends on axioms: [propext, Classical.choice, Quot.sound]
verify	Verify G6 frozen sources serially	2026-10-07T16:27:02.0082657Z 'UnifiedLean.Source.NativePairClockLaw.noFirstMerger_iff' depends on axioms: [propext, Classical.choice, Quot.sound]
verify	Verify G6 frozen sources serially	2026-10-07T16:27:02.0084034Z 'UnifiedLean.Source.NativePairClockLaw.positive_exp_clock_tail' depends on axioms: [propext,
verify	Verify G6 frozen sources serially	2026-10-07T16:27:02.0084859Z  Classical.choice,
verify	Verify G6 frozen sources serially	2026-10-07T16:27:02.0085222Z  Quot.sound]
verify	Verify G6 frozen sources serially	2026-10-07T16:27:02.0085976Z 'UnifiedLean.Source.NativePairClockLaw.original_clock_no_merger_probability' depends on axioms: [propext,
verify	Verify G6 frozen sources serially	2026-10-07T16:27:02.0086852Z  Classical.choice,
verify	Verify G6 frozen sources serially	2026-10-07T16:27:02.0087197Z  Quot.sound]
verify	Verify G6 frozen sources serially	2026-10-07T16:27:02.0088101Z 'UnifiedLean.Source.NativePairClockLaw.native_hazard_decomposition' depends on axioms: [propext,
verify	Verify G6 frozen sources serially	2026-10-07T16:27:02.0089040Z  Classical.choice,
verify	Verify G6 frozen sources serially	2026-10-07T16:27:02.0089372Z  Quot.sound]
verify	Verify G6 frozen sources serially	2026-10-07T16:27:02.0090135Z 'UnifiedLean.Source.NativePairClockLaw.original_clock_survival_eq_routeSurvival' depends on axioms: [propext,
verify	Verify G6 frozen sources serially	2026-10-07T16:27:02.0091028Z  Classical.choice,
verify	Verify G6 frozen sources serially	2026-10-07T16:27:02.0091352Z  Quot.sound]
verify	Verify G6 frozen sources serially	2026-10-07T16:27:02.0092027Z 'UnifiedLean.Source.NativePairClockLaw.below_root_original_clock_law' depends on axioms: [propext,
verify	Verify G6 frozen sources serially	2026-10-07T16:27:02.0092839Z  Classical.choice,
verify	Verify G6 frozen sources serially	2026-10-07T16:27:02.0093163Z  Quot.sound]
verify	Verify G6 frozen sources serially	2026-10-07T16:27:02.0093869Z 'UnifiedLean.Source.NativePairClockLaw.compiled_original_pair_probability' depends on axioms: [propext,
verify	Verify G6 frozen sources serially	2026-10-07T16:27:02.0094720Z  Classical.choice,
verify	Verify G6 frozen sources serially	2026-10-07T16:27:02.0095046Z  Quot.sound]
verify	Verify G6 frozen sources serially	2026-10-07T16:27:02.0097546Z G6_RECEIPT {"argv": ["lake", "env", "lean", "--trust=0", "-j1", "-M4096", "-o", "/home/runner/work/_temp/g6-cloud-build/.lake/build/lib/lean/UnifiedLean/Source/NativePairClockLaw.olean", "/home/runner/work/_temp/g6-cloud-build/UnifiedLean/Source/NativePairClockLaw.lean"], "start": "2026-10-07T16:26:58.677528+00:00", "end": "2026-10-07T16:27:02.004023+00:00", "exit": 0, "output_sha256": "25def2788a1b75618f86cfa04e06b2140ecdadfcfe737a8ce3748f9a4be1906b"}
verify	Verify G6 frozen sources serially	2026-10-07T16:27:02.0102426Z G6_COMMAND {"argv": ["lake", "env", "lean", "--trust=0", "-j1", "-M4096", "-o", "/home/runner/work/_temp/g6-cloud-build/.lake/build/lib/lean/UnifiedLean/Source/UniformizedSourceStep.olean", "/home/runner/work/_temp/g6-cloud-build/UnifiedLean/Source/UniformizedSourceStep.lean"], "cwd": "/home/runner/work/_temp/g6-cloud-build", "start": "2026-10-07T16:27:02.004394+00:00"}
verify	Verify G6 frozen sources serially	2026-10-07T16:27:05.8029190Z /home/runner/work/_temp/g6-cloud-build/UnifiedLean/Source/UniformizedSourceStep.lean:37:0: warning: automatically included section variable(s) unused in theorem `UnifiedLean.Source.UniformizedSourceStep.originalPlace_not_node`:
verify	Verify G6 frozen sources serially	2026-10-07T16:27:05.8030949Z   [DecidableEq E]
verify	Verify G6 frozen sources serially	2026-10-07T16:27:05.8031726Z consider restructuring your `variable` declarations so that the variables are not in scope or explicitly omit them:
verify	Verify G6 frozen sources serially	2026-10-07T16:27:05.8032918Z   omit [DecidableEq E] in theorem ...
verify	Verify G6 frozen sources serially	2026-10-07T16:27:05.8033215Z 
verify	Verify G6 frozen sources serially	2026-10-07T16:27:05.8033599Z Note: This linter can be disabled with `set_option linter.unusedSectionVars false`
verify	Verify G6 frozen sources serially	2026-10-07T16:27:05.8035463Z /home/runner/work/_temp/g6-cloud-build/UnifiedLean/Source/UniformizedSourceStep.lean:60:0: warning: automatically included section variable(s) unused in theorem `UnifiedLean.Source.UniformizedSourceStep.globalRateBound_positive`:
verify	Verify G6 frozen sources serially	2026-10-07T16:27:05.8037086Z   [DecidableEq Copy]
verify	Verify G6 frozen sources serially	2026-10-07T16:27:05.8038120Z consider restructuring your `variable` declarations so that the variables are not in scope or explicitly omit them:
verify	Verify G6 frozen sources serially	2026-10-07T16:27:05.8039027Z   omit [DecidableEq Copy] in theorem ...
verify	Verify G6 frozen sources serially	2026-10-07T16:27:05.8039332Z 
verify	Verify G6 frozen sources serially	2026-10-07T16:27:05.8039693Z Note: This linter can be disabled with `set_option linter.unusedSectionVars false`
verify	Verify G6 frozen sources serially	2026-10-07T16:27:05.8041446Z /home/runner/work/_temp/g6-cloud-build/UnifiedLean/Source/UniformizedSourceStep.lean:67:0: warning: automatically included section variable(s) unused in theorem `UnifiedLean.Source.UniformizedSourceStep.totalRate_nonnegative`:
verify	Verify G6 frozen sources serially	2026-10-07T16:27:05.8043248Z   [Fintype Copy]
verify	Verify G6 frozen sources serially	2026-10-07T16:27:05.8043999Z consider restructuring your `variable` declarations so that the variables are not in scope or explicitly omit them:
verify	Verify G6 frozen sources serially	2026-10-07T16:27:05.8044889Z   omit [Fintype Copy] in theorem ...
verify	Verify G6 frozen sources serially	2026-10-07T16:27:05.8045190Z 
verify	Verify G6 frozen sources serially	2026-10-07T16:27:05.8045548Z Note: This linter can be disabled with `set_option linter.unusedSectionVars false`
verify	Verify G6 frozen sources serially	2026-10-07T16:27:05.8046624Z 'UnifiedLean.Source.UniformizedSourceStep.totalRate_le_globalRateBound' depends on axioms: [propext,
verify	Verify G6 frozen sources serially	2026-10-07T16:27:05.8047459Z  Classical.choice,
verify	Verify G6 frozen sources serially	2026-10-07T16:27:05.8047989Z  Quot.sound]
verify	Verify G6 frozen sources serially	2026-10-07T16:27:05.8048655Z 'UnifiedLean.Source.UniformizedSourceStep.choiceMass_nonnegative' depends on axioms: [propext,
verify	Verify G6 frozen sources serially	2026-10-07T16:27:05.8049484Z  Classical.choice,
verify	Verify G6 frozen sources serially	2026-10-07T16:27:05.8049815Z  Quot.sound]
verify	Verify G6 frozen sources serially	2026-10-07T16:27:05.8050483Z 'UnifiedLean.Source.UniformizedSourceStep.choiceMass_normalized' depends on axioms: [propext,
verify	Verify G6 frozen sources serially	2026-10-07T16:27:05.8051284Z  Classical.choice,
verify	Verify G6 frozen sources serially	2026-10-07T16:27:05.8051610Z  Quot.sound]
verify	Verify G6 frozen sources serially	2026-10-07T16:27:05.8052404Z 'UnifiedLean.Source.UniformizedSourceStep.sourceStep' depends on axioms: [propext, Classical.choice, Quot.sound]
verify	Verify G6 frozen sources serially	2026-10-07T16:27:05.8055573Z G6_RECEIPT {"argv": ["lake", "env", "lean", "--trust=0", "-j1", "-M4096", "-o", "/home/runner/work/_temp/g6-cloud-build/.lake/build/lib/lean/UnifiedLean/Source/UniformizedSourceStep.olean", "/home/runner/work/_temp/g6-cloud-build/UnifiedLean/Source/UniformizedSourceStep.lean"], "start": "2026-10-07T16:27:02.004394+00:00", "end": "2026-10-07T16:27:05.802639+00:00", "exit": 0, "output_sha256": "346f88f652e74ad882b359cf0a08f314efd22f89897313d6c88335edf2b1f59a"}
verify	Verify G6 frozen sources serially	2026-10-07T16:27:05.8060420Z G6_COMMAND {"argv": ["lake", "env", "lean", "--trust=0", "-j1", "-M4096", "-o", "/home/runner/work/_temp/g6-cloud-build/.lake/build/lib/lean/UnifiedLean/Source/SourceForestGeneratorIntertwining.olean", "/home/runner/work/_temp/g6-cloud-build/UnifiedLean/Source/SourceForestGeneratorIntertwining.lean"], "cwd": "/home/runner/work/_temp/g6-cloud-build", "start": "2026-10-07T16:27:05.803100+00:00"}
verify	Verify G6 frozen sources serially	2026-10-07T16:27:08.0029893Z /home/runner/work/_temp/g6-cloud-build/UnifiedLean/Source/SourceForestGeneratorIntertwining.lean:79:22: warning: This simp argument is unused:
verify	Verify G6 frozen sources serially	2026-10-07T16:27:08.0031354Z   hb
verify	Verify G6 frozen sources serially	2026-10-07T16:27:08.0031561Z 
verify	Verify G6 frozen sources serially	2026-10-07T16:27:08.0031780Z Hint: Omit it from the simp argument list.
verify	Verify G6 frozen sources serially	2026-10-07T16:27:08.0032413Z   [apply] simp [merge, ha, Genealogy.prune]
verify	Verify G6 frozen sources serially	2026-10-07T16:27:08.0032826Z 
verify	Verify G6 frozen sources serially	2026-10-07T16:27:08.0033255Z Note: This linter can be disabled with `set_option linter.unusedSimpArgs false`
verify	Verify G6 frozen sources serially	2026-10-07T16:27:08.0035746Z /home/runner/work/_temp/g6-cloud-build/UnifiedLean/Source/SourceForestGeneratorIntertwining.lean:110:0: warning: automatically included section variable(s) unused in theorem `UnifiedLean.Source.SourceForestGeneratorIntertwining.visible_offDiag_subset`:
verify	Verify G6 frozen sources serially	2026-10-07T16:27:08.0061197Z   [DecidableEq V]
verify	Verify G6 frozen sources serially	2026-10-07T16:27:08.0061546Z   [DecidableEq E]
verify	Verify G6 frozen sources serially	2026-10-07T16:27:08.0061880Z   [Fintype V]
verify	Verify G6 frozen sources serially	2026-10-07T16:27:08.0062208Z   [Fintype E]
verify	Verify G6 frozen sources serially	2026-10-07T16:27:08.0062557Z   [Fintype Copy]
verify	Verify G6 frozen sources serially	2026-10-07T16:27:08.0063351Z consider restructuring your `variable` declarations so that the variables are not in scope or explicitly omit them:
verify	Verify G6 frozen sources serially	2026-10-07T16:27:08.0064504Z   omit [DecidableEq V] [DecidableEq E] [Fintype V] [Fintype E] [Fintype Copy] in theorem ...
verify	Verify G6 frozen sources serially	2026-10-07T16:27:08.0065087Z 
verify	Verify G6 frozen sources serially	2026-10-07T16:27:08.0065455Z Note: This linter can be disabled with `set_option linter.unusedSectionVars false`
verify	Verify G6 frozen sources serially	2026-10-07T16:27:08.0066589Z 'UnifiedLean.Source.SourceForestGeneratorIntertwining.viewBlockTree_source' depends on axioms: [propext,
verify	Verify G6 frozen sources serially	2026-10-07T16:27:08.0067498Z  Classical.choice,
verify	Verify G6 frozen sources serially	2026-10-07T16:27:08.0068032Z  Quot.sound]
verify	Verify G6 frozen sources serially	2026-10-07T16:27:08.0068830Z 'UnifiedLean.Source.SourceForestGeneratorIntertwining.selectedView_merge_visible' depends on axioms: [propext,
verify	Verify G6 frozen sources serially	2026-10-07T16:27:08.0069758Z  Classical.choice,
verify	Verify G6 frozen sources serially	2026-10-07T16:27:08.0070107Z  Quot.sound]
verify	Verify G6 frozen sources serially	2026-10-07T16:27:08.0070986Z 'UnifiedLean.Source.SourceForestGeneratorIntertwining.actual_population_generator_intertwining' depends on axioms: [propext,
verify	Verify G6 frozen sources serially	2026-10-07T16:27:08.0072409Z  Classical.choice,
verify	Verify G6 frozen sources serially	2026-10-07T16:27:08.0072774Z  Quot.sound]
verify	Verify G6 frozen sources serially	2026-10-07T16:27:08.0075655Z G6_RECEIPT {"argv": ["lake", "env", "lean", "--trust=0", "-j1", "-M4096", "-o", "/home/runner/work/_temp/g6-cloud-build/.lake/build/lib/lean/UnifiedLean/Source/SourceForestGeneratorIntertwining.olean", "/home/runner/work/_temp/g6-cloud-build/UnifiedLean/Source/SourceForestGeneratorIntertwining.lean"], "start": "2026-10-07T16:27:05.803100+00:00", "end": "2026-10-07T16:27:08.001555+00:00", "exit": 0, "output_sha256": "26dd8be7168fb90f4335deb631222563633f66bcf1422d8f52c022253752102c"}
verify	Verify G6 frozen sources serially	2026-10-07T16:27:08.0080867Z G6_COMMAND {"argv": ["lake", "env", "lean", "--trust=0", "-j1", "-M4096", "-o", "/home/runner/work/_temp/g6-cloud-build/.lake/build/lib/lean/UnifiedLean/Source/SourceForestIntrinsicGenerator.olean", "/home/runner/work/_temp/g6-cloud-build/UnifiedLean/Source/SourceForestIntrinsicGenerator.lean"], "cwd": "/home/runner/work/_temp/g6-cloud-build", "start": "2026-10-07T16:27:08.002079+00:00"}
verify	Verify G6 frozen sources serially	2026-10-07T16:27:10.0703040Z /home/runner/work/_temp/g6-cloud-build/UnifiedLean/Source/SourceForestIntrinsicGenerator.lean:30:0: warning: automatically included section variable(s) unused in theorem `UnifiedLean.Source.SourceForestIntrinsicGenerator.selected_view_block_leaves`:
verify	Verify G6 frozen sources serially	2026-10-07T16:27:10.0705015Z   [DecidableEq V]
verify	Verify G6 frozen sources serially	2026-10-07T16:27:10.0705365Z   [DecidableEq E]
verify	Verify G6 frozen sources serially	2026-10-07T16:27:10.0705705Z   [Fintype V]
verify	Verify G6 frozen sources serially	2026-10-07T16:27:10.0706017Z   [Fintype E]
verify	Verify G6 frozen sources serially	2026-10-07T16:27:10.0706802Z consider restructuring your `variable` declarations so that the variables are not in scope or explicitly omit them:
verify	Verify G6 frozen sources serially	2026-10-07T16:27:10.0725184Z   omit [DecidableEq V] [DecidableEq E] [Fintype V] [Fintype E] in theorem ...
verify	Verify G6 frozen sources serially	2026-10-07T16:27:10.0725536Z 
verify	Verify G6 frozen sources serially	2026-10-07T16:27:10.0725779Z Note: This linter can be disabled with `set_option linter.unusedSectionVars false`
verify	Verify G6 frozen sources serially	2026-10-07T16:27:10.0726530Z 'UnifiedLean.Source.SourceForestIntrinsicGenerator.selected_active_blocks_eq_intrinsic' depends on axioms: [propext,
verify	Verify G6 frozen sources serially	2026-10-07T16:27:10.0727128Z  Classical.choice,
verify	Verify G6 frozen sources serially	2026-10-07T16:27:10.0727335Z  Quot.sound]
verify	Verify G6 frozen sources serially	2026-10-07T16:27:10.0728179Z 'UnifiedLean.Source.SourceForestIntrinsicGenerator.original_population_generator_factors_through_view' depends on axioms: [propext,
verify	Verify G6 frozen sources serially	2026-10-07T16:27:10.0728824Z  Classical.choice,
verify	Verify G6 frozen sources serially	2026-10-07T16:27:10.0729028Z  Quot.sound]
verify	Verify G6 frozen sources serially	2026-10-07T16:27:10.0729517Z 'UnifiedLean.Source.SourceForestIntrinsicGenerator.native_source_generator_intertwining' depends on axioms: [propext,
verify	Verify G6 frozen sources serially	2026-10-07T16:27:10.0730077Z  Classical.choice,
verify	Verify G6 frozen sources serially	2026-10-07T16:27:10.0730271Z  Quot.sound]
verify	Verify G6 frozen sources serially	2026-10-07T16:27:10.0730789Z 'UnifiedLean.Source.SourceForestIntrinsicGenerator.original_source_valid_generator_intertwining' depends on axioms: [propext,
verify	Verify G6 frozen sources serially	2026-10-07T16:27:10.0731377Z  Classical.choice,
verify	Verify G6 frozen sources serially	2026-10-07T16:27:10.0731566Z  Quot.sound]
verify	Verify G6 frozen sources serially	2026-10-07T16:27:10.0733436Z G6_RECEIPT {"argv": ["lake", "env", "lean", "--trust=0", "-j1", "-M4096", "-o", "/home/runner/work/_temp/g6-cloud-build/.lake/build/lib/lean/UnifiedLean/Source/SourceForestIntrinsicGenerator.olean", "/home/runner/work/_temp/g6-cloud-build/UnifiedLean/Source/SourceForestIntrinsicGenerator.lean"], "start": "2026-10-07T16:27:08.002079+00:00", "end": "2026-10-07T16:27:10.070025+00:00", "exit": 0, "output_sha256": "59059ab1195b7248ad6a584a11e8cc5a5340406aa1a81ab080157d89facb1ab6"}
verify	Verify G6 frozen sources serially	2026-10-07T16:27:10.0736531Z G6_COMMAND {"argv": ["lake", "env", "lean", "--trust=0", "-j1", "-M4096", "-o", "/home/runner/work/_temp/g6-cloud-build/.lake/build/lib/lean/UnifiedLean/Source/SourceStepGeneratorBinding.olean", "/home/runner/work/_temp/g6-cloud-build/UnifiedLean/Source/SourceStepGeneratorBinding.lean"], "cwd": "/home/runner/work/_temp/g6-cloud-build", "start": "2026-10-07T16:27:10.070436+00:00"}
verify	Verify G6 frozen sources serially	2026-10-07T16:27:13.6797260Z 'UnifiedLean.Source.SourceStepGeneratorBinding.sourceStep_expectation' depends on axioms: [propext,
verify	Verify G6 frozen sources serially	2026-10-07T16:27:13.6798269Z  Classical.choice,
verify	Verify G6 frozen sources serially	2026-10-07T16:27:13.6798517Z  Quot.sound]
verify	Verify G6 frozen sources serially	2026-10-07T16:27:13.6799058Z 'UnifiedLean.Source.SourceStepGeneratorBinding.merged_destination_selectedView' depends on axioms: [propext,
verify	Verify G6 frozen sources serially	2026-10-07T16:27:13.6799956Z  Classical.choice,
verify	Verify G6 frozen sources serially	2026-10-07T16:27:13.6800182Z  Quot.sound]
verify	Verify G6 frozen sources serially	2026-10-07T16:27:13.6800751Z 'UnifiedLean.Source.SourceStepGeneratorBinding.actual_choice_increment_eq_native_generator' depends on axioms: [propext,
verify	Verify G6 frozen sources serially	2026-10-07T16:27:13.6801402Z  Classical.choice,
verify	Verify G6 frozen sources serially	2026-10-07T16:27:13.6801620Z  Quot.sound]
verify	Verify G6 frozen sources serially	2026-10-07T16:27:13.6802163Z 'UnifiedLean.Source.SourceStepGeneratorBinding.sourceStep_expectation_eq_generator' depends on axioms: [propext,
verify	Verify G6 frozen sources serially	2026-10-07T16:27:13.6802798Z  Classical.choice,
verify	Verify G6 frozen sources serially	2026-10-07T16:27:13.6803019Z  Quot.sound]
verify	Verify G6 frozen sources serially	2026-10-07T16:27:13.6803574Z 'UnifiedLean.Source.SourceStepGeneratorBinding.sourceStep_selected_expectation_intrinsic' depends on axioms: [propext,
verify	Verify G6 frozen sources serially	2026-10-07T16:27:13.6804221Z  Classical.choice,
verify	Verify G6 frozen sources serially	2026-10-07T16:27:13.6804441Z  Quot.sound]
verify	Verify G6 frozen sources serially	2026-10-07T16:27:13.6806122Z G6_RECEIPT {"argv": ["lake", "env", "lean", "--trust=0", "-j1", "-M4096", "-o", "/home/runner/work/_temp/g6-cloud-build/.lake/build/lib/lean/UnifiedLean/Source/SourceStepGeneratorBinding.olean", "/home/runner/work/_temp/g6-cloud-build/UnifiedLean/Source/SourceStepGeneratorBinding.lean"], "start": "2026-10-07T16:27:10.070436+00:00", "end": "2026-10-07T16:27:13.678366+00:00", "exit": 0, "output_sha256": "639930aaac97f91ae5d88fc12a5034a0d45dafc36a7a797bacb1039d2e34fdc5"}
verify	Verify G6 frozen sources serially	2026-10-07T16:27:13.6809361Z G6_COMMAND {"argv": ["lake", "env", "lean", "--trust=0", "-j1", "-M4096", "-o", "/home/runner/work/_temp/g6-cloud-build/.lake/build/lib/lean/UnifiedLean/Source/MatrixProjectionExponential.olean", "/home/runner/work/_temp/g6-cloud-build/UnifiedLean/Source/MatrixProjectionExponential.lean"], "cwd": "/home/runner/work/_temp/g6-cloud-build", "start": "2026-10-07T16:27:13.678710+00:00"}
verify	Verify G6 frozen sources serially	2026-10-07T16:27:17.0471932Z 'UnifiedLean.Source.MatrixProjectionExponential.exp_fromBlocks_diagonal' depends on axioms: [propext,
verify	Verify G6 frozen sources serially	2026-10-07T16:27:17.0472919Z  Classical.choice,
verify	Verify G6 frozen sources serially	2026-10-07T16:27:17.0473264Z  Quot.sound]
verify	Verify G6 frozen sources serially	2026-10-07T16:27:17.0474067Z 'UnifiedLean.Source.MatrixProjectionExponential.rectangular_exp_intertwining' depends on axioms: [propext,
verify	Verify G6 frozen sources serially	2026-10-07T16:27:17.0475029Z  Classical.choice,
verify	Verify G6 frozen sources serially	2026-10-07T16:27:17.0475359Z  Quot.sound]
verify	Verify G6 frozen sources serially	2026-10-07T16:27:17.0476178Z 'UnifiedLean.Source.MatrixProjectionExponential.rectangular_scaled_exp_intertwining' depends on axioms: [propext,
verify	Verify G6 frozen sources serially	2026-10-07T16:27:17.0477128Z  Classical.choice,
verify	Verify G6 frozen sources serially	2026-10-07T16:27:17.0477448Z  Quot.sound]
verify	Verify G6 frozen sources serially	2026-10-07T16:27:17.0478407Z 'UnifiedLean.Source.MatrixProjectionExponential.rectangular_product_intertwining' depends on axioms: [propext,
verify	Verify G6 frozen sources serially	2026-10-07T16:27:17.0479340Z  Classical.choice,
verify	Verify G6 frozen sources serially	2026-10-07T16:27:17.0479668Z  Quot.sound]
verify	Verify G6 frozen sources serially	2026-10-07T16:27:17.0482527Z G6_RECEIPT {"argv": ["lake", "env", "lean", "--trust=0", "-j1", "-M4096", "-o", "/home/runner/work/_temp/g6-cloud-build/.lake/build/lib/lean/UnifiedLean/Source/MatrixProjectionExponential.olean", "/home/runner/work/_temp/g6-cloud-build/UnifiedLean/Source/MatrixProjectionExponential.lean"], "start": "2026-10-07T16:27:13.678710+00:00", "end": "2026-10-07T16:27:17.047020+00:00", "exit": 0, "output_sha256": "47deb8e9780af82ab7be6bebe5133a149bdb1e0b7ec006c299cb898952db9b85"}
verify	Verify G6 frozen sources serially	2026-10-07T16:27:17.0487552Z G6_COMMAND {"argv": ["lake", "env", "lean", "--trust=0", "-j1", "-M4096", "-o", "/home/runner/work/_temp/g6-cloud-build/.lake/build/lib/lean/UnifiedLean/Source/SourceFiniteProjection.olean", "/home/runner/work/_temp/g6-cloud-build/UnifiedLean/Source/SourceFiniteProjection.lean"], "cwd": "/home/runner/work/_temp/g6-cloud-build", "start": "2026-10-07T16:27:17.047341+00:00"}
verify	Verify G6 frozen sources serially	2026-10-07T16:27:20.6722032Z /home/runner/work/_temp/g6-cloud-build/UnifiedLean/Source/SourceFiniteProjection.lean:47:0: warning: automatically included section variable(s) unused in theorem `UnifiedLean.Source.SourceFiniteProjection.representative_view`:
verify	Verify G6 frozen sources serially	2026-10-07T16:27:20.6723507Z   [DecidableEq E]
verify	Verify G6 frozen sources serially	2026-10-07T16:27:20.6723981Z   [Fintype Copy]
verify	Verify G6 frozen sources serially	2026-10-07T16:27:20.6724821Z consider restructuring your `variable` declarations so that the variables are not in scope or explicitly omit them:
verify	Verify G6 frozen sources serially	2026-10-07T16:27:20.6725849Z   omit [DecidableEq E] [Fintype Copy] in theorem ...
verify	Verify G6 frozen sources serially	2026-10-07T16:27:20.6726133Z 
verify	Verify G6 frozen sources serially	2026-10-07T16:27:20.6726424Z Note: This linter can be disabled with `set_option linter.unusedSectionVars false`
verify	Verify G6 frozen sources serially	2026-10-07T16:27:20.6727231Z 'UnifiedLean.Source.SourceFiniteProjection.map_probability_real' depends on axioms: [propext,
verify	Verify G6 frozen sources serially	2026-10-07T16:27:20.6728213Z  Classical.choice,
verify	Verify G6 frozen sources serially	2026-10-07T16:27:20.6728609Z  Quot.sound]
verify	Verify G6 frozen sources serially	2026-10-07T16:27:20.6729479Z 'UnifiedLean.Source.SourceFiniteProjection.projectedStep_eq_of_same_view' depends on axioms: [propext,
verify	Verify G6 frozen sources serially	2026-10-07T16:27:20.6730513Z  Classical.choice,
verify	Verify G6 frozen sources serially	2026-10-07T16:27:20.6730904Z  Quot.sound]
verify	Verify G6 frozen sources serially	2026-10-07T16:27:20.6731735Z 'UnifiedLean.Source.SourceFiniteProjection.source_step_projection_law' depends on axioms: [propext,
verify	Verify G6 frozen sources serially	2026-10-07T16:27:20.6732698Z  Classical.choice,
verify	Verify G6 frozen sources serially	2026-10-07T16:27:20.6733080Z  Quot.sound]
verify	Verify G6 frozen sources serially	2026-10-07T16:27:20.6734000Z 'UnifiedLean.Source.SourceFiniteProjection.actual_source_transition_intertwining' depends on axioms: [propext,
verify	Verify G6 frozen sources serially	2026-10-07T16:27:20.6735087Z  Classical.choice,
verify	Verify G6 frozen sources serially	2026-10-07T16:27:20.6735464Z  Quot.sound]
verify	Verify G6 frozen sources serially	2026-10-07T16:27:20.6738412Z G6_RECEIPT {"argv": ["lake", "env", "lean", "--trust=0", "-j1", "-M4096", "-o", "/home/runner/work/_temp/g6-cloud-build/.lake/build/lib/lean/UnifiedLean/Source/SourceFiniteProjection.olean", "/home/runner/work/_temp/g6-cloud-build/UnifiedLean/Source/SourceFiniteProjection.lean"], "start": "2026-10-07T16:27:17.047341+00:00", "end": "2026-10-07T16:27:20.671941+00:00", "exit": 0, "output_sha256": "56bca2e016343d2c9128a1d170043753354e5b1efa49f41c8fb83c0eaa8555c8"}
verify	Verify G6 frozen sources serially	2026-10-07T16:27:20.6742691Z G6_COMMAND {"argv": ["lake", "env", "lean", "--trust=0", "-j1", "-M4096", "-o", "/home/runner/work/_temp/g6-cloud-build/.lake/build/lib/lean/UnifiedLean/Source/SourcePoissonKernel.olean", "/home/runner/work/_temp/g6-cloud-build/UnifiedLean/Source/SourcePoissonKernel.lean"], "cwd": "/home/runner/work/_temp/g6-cloud-build", "start": "2026-10-07T16:27:20.672276+00:00"}
verify	Verify G6 frozen sources serially	2026-10-07T16:27:23.8849954Z 'UnifiedLean.Source.SourcePoissonKernel.source_iteration_projection' depends on axioms: [propext,
verify	Verify G6 frozen sources serially	2026-10-07T16:27:23.8851429Z  Classical.choice,
verify	Verify G6 frozen sources serially	2026-10-07T16:27:23.8852232Z  Quot.sound]
verify	Verify G6 frozen sources serially	2026-10-07T16:27:23.8853116Z 'UnifiedLean.Source.SourcePoissonKernel.constructed_source_time_kernel_projection' depends on axioms: [propext,
verify	Verify G6 frozen sources serially	2026-10-07T16:27:23.8854093Z  Classical.choice,
verify	Verify G6 frozen sources serially	2026-10-07T16:27:23.8854508Z  Quot.sound]
verify	Verify G6 frozen sources serially	2026-10-07T16:27:23.8857242Z G6_RECEIPT {"argv": ["lake", "env", "lean", "--trust=0", "-j1", "-M4096", "-o", "/home/runner/work/_temp/g6-cloud-build/.lake/build/lib/lean/UnifiedLean/Source/SourcePoissonKernel.olean", "/home/runner/work/_temp/g6-cloud-build/UnifiedLean/Source/SourcePoissonKernel.lean"], "start": "2026-10-07T16:27:20.672276+00:00", "end": "2026-10-07T16:27:23.879118+00:00", "exit": 0, "output_sha256": "4ab2374dc12a6ec9dcb552f393f68c1a5e973ddffc308fa48d08a6979ca01515"}
verify	Verify G6 frozen sources serially	2026-10-07T16:27:23.8863154Z G6_COMMAND {"argv": ["lake", "env", "lean", "--trust=0", "-j1", "-M4096", "-o", "/home/runner/work/_temp/g6-cloud-build/.lake/build/lib/lean/UnifiedLean/Source/SourceGeneratorExponential.olean", "/home/runner/work/_temp/g6-cloud-build/UnifiedLean/Source/SourceGeneratorExponential.lean"], "cwd": "/home/runner/work/_temp/g6-cloud-build", "start": "2026-10-07T16:27:23.879432+00:00"}
verify	Verify G6 frozen sources serially	2026-10-07T16:27:27.2174937Z 'UnifiedLean.Source.SourceGeneratorExponential.actual_source_generator_matrix_intertwining' depends on axioms: [propext,
verify	Verify G6 frozen sources serially	2026-10-07T16:27:27.2175831Z  Classical.choice,
verify	Verify G6 frozen sources serially	2026-10-07T16:27:27.2176098Z  Quot.sound]
verify	Verify G6 frozen sources serially	2026-10-07T16:27:27.2176870Z 'UnifiedLean.Source.SourceGeneratorExponential.actual_source_exponential_projection' depends on axioms: [propext,
verify	Verify G6 frozen sources serially	2026-10-07T16:27:27.2178058Z  Classical.choice,
verify	Verify G6 frozen sources serially	2026-10-07T16:27:27.2178331Z  Quot.sound]
verify	Verify G6 frozen sources serially	2026-10-07T16:27:27.2180439Z G6_RECEIPT {"argv": ["lake", "env", "lean", "--trust=0", "-j1", "-M4096", "-o", "/home/runner/work/_temp/g6-cloud-build/.lake/build/lib/lean/UnifiedLean/Source/SourceGeneratorExponential.olean", "/home/runner/work/_temp/g6-cloud-build/UnifiedLean/Source/SourceGeneratorExponential.lean"], "start": "2026-10-07T16:27:23.879432+00:00", "end": "2026-10-07T16:27:27.217306+00:00", "exit": 0, "output_sha256": "9f7be220015bcaa23cac6e4dab4b6545500cd24429b9a0b0e111027bbf31af74"}
verify	Verify G6 frozen sources serially	2026-10-07T16:27:27.2184368Z G6_COMMAND {"argv": ["lake", "env", "lean", "--trust=0", "-j1", "-M4096", "-o", "/home/runner/work/_temp/g6-cloud-build/.lake/build/lib/lean/UnifiedLean/Source/SourcePoissonExponential.olean", "/home/runner/work/_temp/g6-cloud-build/UnifiedLean/Source/SourcePoissonExponential.lean"], "cwd": "/home/runner/work/_temp/g6-cloud-build", "start": "2026-10-07T16:27:27.217634+00:00"}
verify	Verify G6 frozen sources serially	2026-10-07T16:27:30.9197379Z 'UnifiedLean.Source.SourcePoissonExponential.bind_probability_real' depends on axioms: [propext,
verify	Verify G6 frozen sources serially	2026-10-07T16:27:30.9199157Z  Classical.choice,
verify	Verify G6 frozen sources serially	2026-10-07T16:27:30.9199508Z  Quot.sound]
verify	Verify G6 frozen sources serially	2026-10-07T16:27:30.9200301Z 'UnifiedLean.Source.SourcePoissonExponential.source_iteration_probability' depends on axioms: [propext,
verify	Verify G6 frozen sources serially	2026-10-07T16:27:30.9201178Z  Classical.choice,
verify	Verify G6 frozen sources serially	2026-10-07T16:27:30.9201545Z  Quot.sound]
verify	Verify G6 frozen sources serially	2026-10-07T16:27:30.9202238Z 'UnifiedLean.Source.SourcePoissonExponential.poisson_matrix_entry' depends on axioms: [propext,
verify	Verify G6 frozen sources serially	2026-10-07T16:27:30.9203056Z  Classical.choice,
verify	Verify G6 frozen sources serially	2026-10-07T16:27:30.9203382Z  Quot.sound]
verify	Verify G6 frozen sources serially	2026-10-07T16:27:30.9204138Z 'UnifiedLean.Source.SourcePoissonExponential.source_time_kernel_eq_exponential' depends on axioms: [propext,
verify	Verify G6 frozen sources serially	2026-10-07T16:27:30.9205032Z  Classical.choice,
verify	Verify G6 frozen sources serially	2026-10-07T16:27:30.9205364Z  Quot.sound]
verify	Verify G6 frozen sources serially	2026-10-07T16:27:30.9208496Z G6_RECEIPT {"argv": ["lake", "env", "lean", "--trust=0", "-j1", "-M4096", "-o", "/home/runner/work/_temp/g6-cloud-build/.lake/build/lib/lean/UnifiedLean/Source/SourcePoissonExponential.olean", "/home/runner/work/_temp/g6-cloud-build/UnifiedLean/Source/SourcePoissonExponential.lean"], "start": "2026-10-07T16:27:27.217634+00:00", "end": "2026-10-07T16:27:30.919017+00:00", "exit": 0, "output_sha256": "f5e21e3dff34b6ad5c40fb34ae33e8c75f0c223f9bd577d273c8eb53d4322e1f"}
verify	Verify G6 frozen sources serially	2026-10-07T16:27:30.9213072Z G6_COMMAND {"argv": ["lake", "env", "lean", "--trust=0", "-j1", "-M4096", "-o", "/home/runner/work/_temp/g6-cloud-build/.lake/build/lib/lean/UnifiedLean/G6/SourcePrefix.olean", "/home/runner/work/_temp/g6-cloud-build/UnifiedLean/G6/SourcePrefix.lean"], "cwd": "/home/runner/work/_temp/g6-cloud-build", "start": "2026-10-07T16:27:30.919330+00:00"}
verify	Verify G6 frozen sources serially	2026-10-07T16:27:34.2530278Z 'UnifiedLean.G6.SourcePrefix.prefixCount' depends on axioms: [propext, Classical.choice, Quot.sound]
verify	Verify G6 frozen sources serially	2026-10-07T16:27:34.2531849Z 'UnifiedLean.G6.SourcePrefix.prefixCount_support' depends on axioms: [propext, Classical.choice, Quot.sound]
verify	Verify G6 frozen sources serially	2026-10-07T16:27:34.2533319Z 'UnifiedLean.G6.SourcePrefix.prefixMass_taylor' depends on axioms: [propext, Classical.choice, Quot.sound]
verify	Verify G6 frozen sources serially	2026-10-07T16:27:34.2534470Z 'UnifiedLean.G6.SourcePrefix.prefixCount_real' depends on axioms: [propext, Classical.choice, Quot.sound]
verify	Verify G6 frozen sources serially	2026-10-07T16:27:34.2536384Z 'UnifiedLean.G6.SourcePrefix.actual_source_prefix_domination' depends on axioms: [propext, Classical.choice, Quot.sound]
verify	Verify G6 frozen sources serially	2026-10-07T16:27:34.2538580Z 'UnifiedLean.G6.SourcePrefix.actual_source_prefix_tv' depends on axioms: [propext, Classical.choice, Quot.sound]
verify	Verify G6 frozen sources serially	2026-10-07T16:27:34.2540301Z 'UnifiedLean.G6.SourcePrefix.actual_source_joint_readout_tv' depends on axioms: [propext, Classical.choice, Quot.sound]
verify	Verify G6 frozen sources serially	2026-10-07T16:27:34.2541853Z 'UnifiedLean.G6.SourcePrefix.actual_source_joint_readout_event' depends on axioms: [propext,
verify	Verify G6 frozen sources serially	2026-10-07T16:27:34.2542815Z  Classical.choice,
verify	Verify G6 frozen sources serially	2026-10-07T16:27:34.2543234Z  Quot.sound]
verify	Verify G6 frozen sources serially	2026-10-07T16:27:34.2545722Z G6_RECEIPT {"argv": ["lake", "env", "lean", "--trust=0", "-j1", "-M4096", "-o", "/home/runner/work/_temp/g6-cloud-build/.lake/build/lib/lean/UnifiedLean/G6/SourcePrefix.olean", "/home/runner/work/_temp/g6-cloud-build/UnifiedLean/G6/SourcePrefix.lean"], "start": "2026-10-07T16:27:30.919330+00:00", "end": "2026-10-07T16:27:34.252580+00:00", "exit": 0, "output_sha256": "74e089eae61883da5c4cfedea59111c40cd6a770f2cabc2e2562e8d192b5c062"}
verify	Verify G6 frozen sources serially	2026-10-07T16:27:34.2550497Z G6_COMMAND {"argv": ["lake", "env", "lean", "--trust=0", "-j1", "-M4096", "-o", "/home/runner/work/_temp/g6-cloud-build/.lake/build/lib/lean/UnifiedLean/Source/SourceForestPulseTransport.olean", "/home/runner/work/_temp/g6-cloud-build/UnifiedLean/Source/SourceForestPulseTransport.lean"], "cwd": "/home/runner/work/_temp/g6-cloud-build", "start": "2026-10-07T16:27:34.252986+00:00"}
verify	Verify G6 frozen sources serially	2026-10-07T16:27:36.4948918Z /home/runner/work/_temp/g6-cloud-build/UnifiedLean/Source/SourceForestPulseTransport.lean:94:68: warning: Variable name `hs` is not explicitly referenced.
verify	Verify G6 frozen sources serially	2026-10-07T16:27:36.4949905Z 
verify	Verify G6 frozen sources serially	2026-10-07T16:27:36.4950524Z Hint: The binding can be removed (if unused) or named `_` (if used implicitly). Alternatively, prefix the name with `_` to silence this warning:
verify	Verify G6 frozen sources serially	2026-10-07T16:27:36.4951547Z   [apply] _hs
verify	Verify G6 frozen sources serially	2026-10-07T16:27:36.4951722Z 
verify	Verify G6 frozen sources serially	2026-10-07T16:27:36.4952058Z Note: This linter can be disabled with `set_option linter.unusedVariables false`
verify	Verify G6 frozen sources serially	2026-10-07T16:27:36.4954306Z /home/runner/work/_temp/g6-cloud-build/UnifiedLean/Source/SourceForestPulseTransport.lean:103:0: warning: automatically included section variable(s) unused in theorem `UnifiedLean.Source.SourceForestPulseTransport.original_selected_location_outside_pulse`:
verify	Verify G6 frozen sources serially	2026-10-07T16:27:36.4956376Z   [Fintype Copy]
verify	Verify G6 frozen sources serially	2026-10-07T16:27:36.4957550Z consider restructuring your `variable` declarations so that the variables are not in scope or explicitly omit them:
verify	Verify G6 frozen sources serially	2026-10-07T16:27:36.4959114Z   omit [Fintype Copy] in theorem ...
verify	Verify G6 frozen sources serially	2026-10-07T16:27:36.4959585Z 
verify	Verify G6 frozen sources serially	2026-10-07T16:27:36.4960209Z Note: This linter can be disabled with `set_option linter.unusedSectionVars false`
verify	Verify G6 frozen sources serially	2026-10-07T16:27:36.4970695Z 'UnifiedLean.Source.SourceForestPulseTransport.ownerToBlock_injective' depends on axioms: [propext,
verify	Verify G6 frozen sources serially	2026-10-07T16:27:36.4971642Z  Classical.choice,
verify	Verify G6 frozen sources serially	2026-10-07T16:27:36.4972011Z  Quot.sound]
verify	Verify G6 frozen sources serially	2026-10-07T16:27:36.4972805Z 'UnifiedLean.Source.SourceForestPulseTransport.ownerToBlock_surjective' depends on axioms: [propext,
verify	Verify G6 frozen sources serially	2026-10-07T16:27:36.4973743Z  Classical.choice,
verify	Verify G6 frozen sources serially	2026-10-07T16:27:36.4974118Z  Quot.sound]
verify	Verify G6 frozen sources serially	2026-10-07T16:27:36.4974938Z 'UnifiedLean.Source.SourceForestPulseTransport.inducedBlockCoin_at_owner' depends on axioms: [propext,
verify	Verify G6 frozen sources serially	2026-10-07T16:27:36.4975880Z  Classical.choice,
verify	Verify G6 frozen sources serially	2026-10-07T16:27:36.4976238Z  Quot.sound]
verify	Verify G6 frozen sources serially	2026-10-07T16:27:36.4977040Z 'UnifiedLean.Source.SourceForestPulseTransport.original_pulse_selected_view' depends on axioms: [propext,
verify	Verify G6 frozen sources serially	2026-10-07T16:27:36.4978204Z  Classical.choice,
verify	Verify G6 frozen sources serially	2026-10-07T16:27:36.4978554Z  Quot.sound]
verify	Verify G6 frozen sources serially	2026-10-07T16:27:36.4981330Z G6_RECEIPT {"argv": ["lake", "env", "lean", "--trust=0", "-j1", "-M4096", "-o", "/home/runner/work/_temp/g6-cloud-build/.lake/build/lib/lean/UnifiedLean/Source/SourceForestPulseTransport.olean", "/home/runner/work/_temp/g6-cloud-build/UnifiedLean/Source/SourceForestPulseTransport.lean"], "start": "2026-10-07T16:27:34.252986+00:00", "end": "2026-10-07T16:27:36.494645+00:00", "exit": 0, "output_sha256": "5756fff62d9d0534bf5edebc428a2bf91c35a2536bdc40ad105cc9e11786fb19"}
verify	Verify G6 frozen sources serially	2026-10-07T16:27:36.4986546Z G6_COMMAND {"argv": ["lake", "env", "lean", "--trust=0", "-j1", "-M4096", "-o", "/home/runner/work/_temp/g6-cloud-build/.lake/build/lib/lean/UnifiedLean/Source/SourceForestPulseMeasure.olean", "/home/runner/work/_temp/g6-cloud-build/UnifiedLean/Source/SourceForestPulseMeasure.lean"], "cwd": "/home/runner/work/_temp/g6-cloud-build", "start": "2026-10-07T16:27:36.495077+00:00"}
verify	Verify G6 frozen sources serially	2026-10-07T16:27:39.1745692Z 'UnifiedLean.Source.SourceForestPulseMeasure.coin_restriction_measurePreserving' depends on axioms: [propext,
verify	Verify G6 frozen sources serially	2026-10-07T16:27:39.1746452Z  Classical.choice,
verify	Verify G6 frozen sources serially	2026-10-07T16:27:39.1746704Z  Quot.sound]
verify	Verify G6 frozen sources serially	2026-10-07T16:27:39.1747304Z 'UnifiedLean.Source.SourceForestPulseMeasure.induced_original_coin_measurePreserving' depends on axioms: [propext,
verify	Verify G6 frozen sources serially	2026-10-07T16:27:39.1762592Z  Classical.choice,
verify	Verify G6 frozen sources serially	2026-10-07T16:27:39.1762854Z  Quot.sound]
verify	Verify G6 frozen sources serially	2026-10-07T16:27:39.1763383Z 'UnifiedLean.Source.SourceForestPulseMeasure.actual_original_hybrid_pulse_projectivity' depends on axioms: [propext,
verify	Verify G6 frozen sources serially	2026-10-07T16:27:39.1764014Z  Classical.choice,
verify	Verify G6 frozen sources serially	2026-10-07T16:27:39.1764479Z  Quot.sound]
verify	Verify G6 frozen sources serially	2026-10-07T16:27:39.1766170Z G6_RECEIPT {"argv": ["lake", "env", "lean", "--trust=0", "-j1", "-M4096", "-o", "/home/runner/work/_temp/g6-cloud-build/.lake/build/lib/lean/UnifiedLean/Source/SourceForestPulseMeasure.olean", "/home/runner/work/_temp/g6-cloud-build/UnifiedLean/Source/SourceForestPulseMeasure.lean"], "start": "2026-10-07T16:27:36.495077+00:00", "end": "2026-10-07T16:27:39.174405+00:00", "exit": 0, "output_sha256": "94ae0c226c45a80056a0617962818bef7aa074ef4ebfe19078b50c0034306ae8"}
verify	Verify G6 frozen sources serially	2026-10-07T16:27:39.1769278Z G6_COMMAND {"argv": ["lake", "env", "lean", "--trust=0", "-j1", "-M4096", "-o", "/home/runner/work/_temp/g6-cloud-build/.lake/build/lib/lean/UnifiedLean/Source/SourceForestCommonPulse.olean", "/home/runner/work/_temp/g6-cloud-build/UnifiedLean/Source/SourceForestCommonPulse.lean"], "cwd": "/home/runner/work/_temp/g6-cloud-build", "start": "2026-10-07T16:27:39.174875+00:00"}
verify	Verify G6 frozen sources serially	2026-10-07T16:27:40.9298774Z 'UnifiedLean.Source.SourceForestCommonPulse.actual_common_pulse_pruning' depends on axioms: [propext,
verify	Verify G6 frozen sources serially	2026-10-07T16:27:40.9299972Z  Classical.choice,
verify	Verify G6 frozen sources serially	2026-10-07T16:27:40.9300373Z  Quot.sound]
verify	Verify G6 frozen sources serially	2026-10-07T16:27:40.9316121Z G6_RECEIPT {"argv": ["lake", "env", "lean", "--trust=0", "-j1", "-M4096", "-o", "/home/runner/work/_temp/g6-cloud-build/.lake/build/lib/lean/UnifiedLean/Source/SourceForestCommonPulse.olean", "/home/runner/work/_temp/g6-cloud-build/UnifiedLean/Source/SourceForestCommonPulse.lean"], "start": "2026-10-07T16:27:39.174875+00:00", "end": "2026-10-07T16:27:40.929700+00:00", "exit": 0, "output_sha256": "7b8aded7c2331926fabd2760aea65c0dbd892d86a3d86ec5f32ba30c700543ed"}
verify	Verify G6 frozen sources serially	2026-10-07T16:27:40.9321201Z G6_COMMAND {"argv": ["lake", "env", "lean", "--trust=0", "-j1", "-M4096", "-o", "/home/runner/work/_temp/g6-cloud-build/.lake/build/lib/lean/UnifiedLean/Source/SourceBoundaryKernels.olean", "/home/runner/work/_temp/g6-cloud-build/UnifiedLean/Source/SourceBoundaryKernels.lean"], "cwd": "/home/runner/work/_temp/g6-cloud-build", "start": "2026-10-07T16:27:40.930109+00:00"}
verify	Verify G6 frozen sources serially	2026-10-07T16:27:44.5726346Z /home/runner/work/_temp/g6-cloud-build/UnifiedLean/Source/SourceBoundaryKernels.lean:79:0: warning: automatically included section variable(s) unused in theorem `UnifiedLean.Source.SourceBoundaryKernels.actual_population_transport_view`:
verify	Verify G6 frozen sources serially	2026-10-07T16:27:44.5728408Z   [DecidableEq V]
verify	Verify G6 frozen sources serially	2026-10-07T16:27:44.5728687Z   [DecidableEq E]
verify	Verify G6 frozen sources serially	2026-10-07T16:27:44.5728944Z   [Fintype V]
verify	Verify G6 frozen sources serially	2026-10-07T16:27:44.5729186Z   [Fintype E]
verify	Verify G6 frozen sources serially	2026-10-07T16:27:44.5729543Z   [Fintype Copy]
verify	Verify G6 frozen sources serially	2026-10-07T16:27:44.5730419Z consider restructuring your `variable` declarations so that the variables are not in scope or explicitly omit them:
verify	Verify G6 frozen sources serially	2026-10-07T16:27:44.5731527Z   omit [DecidableEq V] [DecidableEq E] [Fintype V] [Fintype E] [Fintype Copy] in theorem ...
verify	Verify G6 frozen sources serially	2026-10-07T16:27:44.5732284Z 
verify	Verify G6 frozen sources serially	2026-10-07T16:27:44.5732728Z Note: This linter can be disabled with `set_option linter.unusedSectionVars false`
verify	Verify G6 frozen sources serially	2026-10-07T16:27:44.5734610Z 'UnifiedLean.Source.SourceBoundaryKernels.boundaryKernel' depends on axioms: [propext, Classical.choice, Quot.sound]
verify	Verify G6 frozen sources serially	2026-10-07T16:27:44.5736428Z 'UnifiedLean.Source.SourceBoundaryKernels.actual_population_transport_view' depends on axioms: [propext,
verify	Verify G6 frozen sources serially	2026-10-07T16:27:44.5737571Z  Classical.choice,
verify	Verify G6 frozen sources serially	2026-10-07T16:27:44.5738226Z  Quot.sound]
verify	Verify G6 frozen sources serially	2026-10-07T16:27:44.5739085Z 'UnifiedLean.Source.SourceBoundaryKernels.independent_pulse_kernel_view_measure' depends on axioms: [propext,
verify	Verify G6 frozen sources serially	2026-10-07T16:27:44.5740051Z  Classical.choice,
verify	Verify G6 frozen sources serially	2026-10-07T16:27:44.5740402Z  Quot.sound]
verify	Verify G6 frozen sources serially	2026-10-07T16:27:44.5741141Z 'UnifiedLean.Source.SourceBoundaryKernels.common_boundary_kernel_view' depends on axioms: [propext,
verify	Verify G6 frozen sources serially	2026-10-07T16:27:44.5742030Z  Classical.choice,
verify	Verify G6 frozen sources serially	2026-10-07T16:27:44.5742374Z  Quot.sound]
verify	Verify G6 frozen sources serially	2026-10-07T16:27:44.5745014Z G6_RECEIPT {"argv": ["lake", "env", "lean", "--trust=0", "-j1", "-M4096", "-o", "/home/runner/work/_temp/g6-cloud-build/.lake/build/lib/lean/UnifiedLean/Source/SourceBoundaryKernels.olean", "/home/runner/work/_temp/g6-cloud-build/UnifiedLean/Source/SourceBoundaryKernels.lean"], "start": "2026-10-07T16:27:40.930109+00:00", "end": "2026-10-07T16:27:44.572337+00:00", "exit": 0, "output_sha256": "7d6746994e806c9db5bbfa850f0896ff99c6b42af50febc1ad77579216913539"}
verify	Verify G6 frozen sources serially	2026-10-07T16:27:44.5750251Z G6_COMMAND {"argv": ["lake", "env", "lean", "--trust=0", "-j1", "-M4096", "-o", "/home/runner/work/_temp/g6-cloud-build/.lake/build/lib/lean/UnifiedLean/Source/SourceBoundaryProjection.olean", "/home/runner/work/_temp/g6-cloud-build/UnifiedLean/Source/SourceBoundaryProjection.lean"], "cwd": "/home/runner/work/_temp/g6-cloud-build", "start": "2026-10-07T16:27:44.572698+00:00"}
verify	Verify G6 frozen sources serially	2026-10-07T16:27:47.7430163Z 'UnifiedLean.Source.SourceBoundaryProjection.boundary_kernel_view_eq_of_same_view' depends on axioms: [propext,
verify	Verify G6 frozen sources serially	2026-10-07T16:27:47.7431471Z  Classical.choice,
verify	Verify G6 frozen sources serially	2026-10-07T16:27:47.7431895Z  Quot.sound]
verify	Verify G6 frozen sources serially	2026-10-07T16:27:47.7432841Z 'UnifiedLean.Source.SourceBoundaryProjection.projected_boundary_eq_of_same_view' depends on axioms: [propext,
verify	Verify G6 frozen sources serially	2026-10-07T16:27:47.7434029Z  Classical.choice,
verify	Verify G6 frozen sources serially	2026-10-07T16:27:47.7434403Z  Quot.sound]
verify	Verify G6 frozen sources serially	2026-10-07T16:27:47.7435057Z 'UnifiedLean.Source.SourceBoundaryProjection.actual_boundary_projection' depends on axioms: [propext,
verify	Verify G6 frozen sources serially	2026-10-07T16:27:47.7435753Z  Classical.choice,
verify	Verify G6 frozen sources serially	2026-10-07T16:27:47.7436011Z  Quot.sound]
verify	Verify G6 frozen sources serially	2026-10-07T16:27:47.7438657Z G6_RECEIPT {"argv": ["lake", "env", "lean", "--trust=0", "-j1", "-M4096", "-o", "/home/runner/work/_temp/g6-cloud-build/.lake/build/lib/lean/UnifiedLean/Source/SourceBoundaryProjection.olean", "/home/runner/work/_temp/g6-cloud-build/UnifiedLean/Source/SourceBoundaryProjection.lean"], "start": "2026-10-07T16:27:44.572698+00:00", "end": "2026-10-07T16:27:47.742809+00:00", "exit": 0, "output_sha256": "efe59f762bbcaea90fe3877fcf31476c8b5cc52fc3734484bc3baf1ffc7ef455"}
verify	Verify G6 frozen sources serially	2026-10-07T16:27:47.7441588Z G6_COMMAND {"argv": ["lake", "env", "lean", "--trust=0", "-j1", "-M4096", "-o", "/home/runner/work/_temp/g6-cloud-build/.lake/build/lib/lean/UnifiedLean/Source/SourceProgramTransport.olean", "/home/runner/work/_temp/g6-cloud-build/UnifiedLean/Source/SourceProgramTransport.lean"], "cwd": "/home/runner/work/_temp/g6-cloud-build", "start": "2026-10-07T16:27:47.743214+00:00"}
verify	Verify G6 frozen sources serially	2026-10-07T16:27:51.0934068Z 'UnifiedLean.Source.SourceProgramTransport.actual_program_step_projection' depends on axioms: [propext,
verify	Verify G6 frozen sources serially	2026-10-07T16:27:51.0934844Z  Classical.choice,
verify	Verify G6 frozen sources serially	2026-10-07T16:27:51.0935112Z  Quot.sound]
verify	Verify G6 frozen sources serially	2026-10-07T16:27:51.0935720Z 'UnifiedLean.Source.SourceProgramTransport.actual_source_program_projection' depends on axioms: [propext,
verify	Verify G6 frozen sources serially	2026-10-07T16:27:51.0936413Z  Classical.choice,
verify	Verify G6 frozen sources serially	2026-10-07T16:27:51.0936756Z  Quot.sound]
verify	Verify G6 frozen sources serially	2026-10-07T16:27:51.0937424Z 'UnifiedLean.Source.SourceProgramTransport.actual_program_endpoint_law' depends on axioms: [propext,
verify	Verify G6 frozen sources serially	2026-10-07T16:27:51.0938384Z  Classical.choice,
verify	Verify G6 frozen sources serially	2026-10-07T16:27:51.0938703Z  Quot.sound]
verify	Verify G6 frozen sources serially	2026-10-07T16:27:51.0941367Z G6_RECEIPT {"argv": ["lake", "env", "lean", "--trust=0", "-j1", "-M4096", "-o", "/home/runner/work/_temp/g6-cloud-build/.lake/build/lib/lean/UnifiedLean/Source/SourceProgramTransport.olean", "/home/runner/work/_temp/g6-cloud-build/UnifiedLean/Source/SourceProgramTransport.lean"], "start": "2026-10-07T16:27:47.743214+00:00", "end": "2026-10-07T16:27:51.093245+00:00", "exit": 0, "output_sha256": "03536d167bf27989e2507161f3d4a5c62e95f53a2b2a26bdafc3b2acc9103af7"}
verify	Verify G6 frozen sources serially	2026-10-07T16:27:51.0947460Z G6_COMMAND {"argv": ["lake", "env", "lean", "--trust=0", "-j1", "-M4096", "-o", "/home/runner/work/_temp/g6-cloud-build/.lake/build/lib/lean/UnifiedLean/G6/ProgramPrefix.olean", "/home/runner/work/_temp/g6-cloud-build/UnifiedLean/G6/ProgramPrefix.lean"], "cwd": "/home/runner/work/_temp/g6-cloud-build", "start": "2026-10-07T16:27:51.093625+00:00"}
verify	Verify G6 frozen sources serially	2026-10-07T16:27:54.4385749Z /home/runner/work/_temp/g6-cloud-build/UnifiedLean/G6/ProgramPrefix.lean:23:38: error: Tactic `rewrite` failed: Did not find an occurrence of the pattern
verify	Verify G6 frozen sources serially	2026-10-07T16:27:54.4386826Z   ∑' (i : ?m.49), ?m.50 * ?m.51 i
verify	Verify G6 frozen sources serially	2026-10-07T16:27:54.4387140Z in the target expression
verify	Verify G6 frozen sources serially	2026-10-07T16:27:54.4387557Z   mu * nu * ∑' (a : A), q a * (g a) b ≤ ∑' (a : A), p a * (f a) b
verify	Verify G6 frozen sources serially	2026-10-07T16:27:54.4388369Z 
verify	Verify G6 frozen sources serially	2026-10-07T16:27:54.4388463Z A : Type u_1
verify	Verify G6 frozen sources serially	2026-10-07T16:27:54.4388679Z B : Type u_2
verify	Verify G6 frozen sources serially	2026-10-07T16:27:54.4388891Z p q : PMF A
verify	Verify G6 frozen sources serially	2026-10-07T16:27:54.4389147Z f g : A → PMF B
verify	Verify G6 frozen sources serially	2026-10-07T16:27:54.4389386Z mu nu : ℝ≥0∞
verify	Verify G6 frozen sources serially	2026-10-07T16:27:54.4389635Z hp : ∀ (a : A), mu * q a ≤ p a
verify	Verify G6 frozen sources serially	2026-10-07T16:27:54.4389960Z hf : ∀ (a : A) (b : B), nu * (g a) b ≤ (f a) b
verify	Verify G6 frozen sources serially	2026-10-07T16:27:54.4390254Z b : B
verify	Verify G6 frozen sources serially	2026-10-07T16:27:54.4390574Z ⊢ mu * nu * ∑' (a : A), q a * (g a) b ≤ ∑' (a : A), p a * (f a) b
verify	Verify G6 frozen sources serially	2026-10-07T16:27:54.4391278Z /home/runner/work/_temp/g6-cloud-build/UnifiedLean/G6/ProgramPrefix.lean:50:64: error: Invalid argument name `Copy` for function
verify	Verify G6 frozen sources serially	2026-10-07T16:27:54.4391836Z 
verify	Verify G6 frozen sources serially	2026-10-07T16:27:54.4392012Z Hint: Perhaps you meant one of the following parameter names:
verify	Verify G6 frozen sources serially	2026-10-07T16:27:54.4392444Z   • `N`: C̵o̵p̵y̵N̲
verify	Verify G6 frozen sources serially	2026-10-07T16:27:54.4392711Z   • `r`: C̵o̵p̵y̵r̲
verify	Verify G6 frozen sources serially	2026-10-07T16:27:54.4392983Z   • `K`: C̵o̵p̵y̵K̲
verify	Verify G6 frozen sources serially	2026-10-07T16:27:54.4393516Z /home/runner/work/_temp/g6-cloud-build/UnifiedLean/G6/ProgramPrefix.lean:74:6: error: 'change' tactic failed, pattern
verify	Verify G6 frozen sources serially	2026-10-07T16:27:54.4394249Z   stepMass N r K op * programMass N r K ops ≤ 1
verify	Verify G6 frozen sources serially	2026-10-07T16:27:54.4394596Z is not definitionally equal to target
verify	Verify G6 frozen sources serially	2026-10-07T16:27:54.4409159Z   programMass N r K (op :: ops) ≤ 1
verify	Verify G6 frozen sources serially	2026-10-07T16:27:54.4409745Z /home/runner/work/_temp/g6-cloud-build/UnifiedLean/G6/ProgramPrefix.lean:82:18: error: Type mismatch
verify	Verify G6 frozen sources serially	2026-10-07T16:27:54.4410549Z   filtered_bind_domination (countPMF ?m.112) (↑(Finset.range (K + 1))) (prefix_has_support ?m.112 K)
verify	Verify G6 frozen sources serially	2026-10-07T16:27:54.4411022Z has type
verify	Verify G6 frozen sources serially	2026-10-07T16:27:54.4411275Z   ∀ (f : ℕ → PMF ?m.109) (b : ?m.109),
verify	Verify G6 frozen sources serially	2026-10-07T16:27:54.4411646Z     retainedMass (countPMF ?m.112) ↑(Finset.range (K + 1)) *
verify	Verify G6 frozen sources serially	2026-10-07T16:27:54.4412118Z         (((countPMF ?m.112).filter ↑(Finset.range (K + 1)) ⋯).bind f) b ≤
verify	Verify G6 frozen sources serially	2026-10-07T16:27:54.4412509Z       ((countPMF ?m.112).bind f) b
verify	Verify G6 frozen sources serially	2026-10-07T16:27:54.4412790Z but is expected to have type
verify	Verify G6 frozen sources serially	2026-10-07T16:27:54.4413270Z   stepMass N r K (ProgramStep.interval t) * (finiteProgramStep N r K (ProgramStep.interval t) s) d ≤
verify	Verify G6 frozen sources serially	2026-10-07T16:27:54.4413791Z     (sourceProgramStep N r (ProgramStep.interval t) s) d
verify	Verify G6 frozen sources serially	2026-10-07T16:27:54.4414420Z /home/runner/work/_temp/g6-cloud-build/UnifiedLean/G6/ProgramPrefix.lean:81:2: error: Alternative `boundary` has not been provided
verify	Verify G6 frozen sources serially	2026-10-07T16:27:54.4415588Z /home/runner/work/_temp/g6-cloud-build/UnifiedLean/G6/ProgramPrefix.lean:83:6: error: unexpected token '('; expected command
verify	Verify G6 frozen sources serially	2026-10-07T16:27:54.4417032Z /home/runner/work/_temp/g6-cloud-build/UnifiedLean/G6/ProgramPrefix.lean:92:6: error: 'change' tactic failed, pattern
verify	Verify G6 frozen sources serially	2026-10-07T16:27:54.4418303Z   stepMass N r K op * programMass N r K ops * ((finiteProgramStep N r K op s).bind (finiteProgram N r K ops)) d ≤
verify	Verify G6 frozen sources serially	2026-10-07T16:27:54.4418881Z     ((sourceProgramStep N r op s).bind (sourceProgram N r ops)) d
verify	Verify G6 frozen sources serially	2026-10-07T16:27:54.4419436Z is not definitionally equal to target
verify	Verify G6 frozen sources serially	2026-10-07T16:27:54.4420489Z   programMass N r K (op :: ops) * (finiteProgram N r K (op :: ops) s) d ≤ (sourceProgram N r (op :: ops) s) d
verify	Verify G6 frozen sources serially	2026-10-07T16:27:54.4421235Z /home/runner/work/_temp/g6-cloud-build/UnifiedLean/G6/ProgramPrefix.lean:90:22: warning: declaration uses `sorry`
verify	Verify G6 frozen sources serially	2026-10-07T16:27:54.4421917Z 'UnifiedLean.G6.ProgramPrefix.bind_scaled_domination' depends on axioms: [propext,
verify	Verify G6 frozen sources serially	2026-10-07T16:27:54.4422331Z  sorryAx,
verify	Verify G6 frozen sources serially	2026-10-07T16:27:54.4422517Z  Classical.choice,
verify	Verify G6 frozen sources serially	2026-10-07T16:27:54.4422719Z  Quot.sound]
verify	Verify G6 frozen sources serially	2026-10-07T16:27:54.4423240Z 'UnifiedLean.G6.ProgramPrefix.map_scaled_domination' depends on axioms: [propext, sorryAx, Classical.choice, Quot.sound]
verify	Verify G6 frozen sources serially	2026-10-07T16:27:54.4423935Z 'UnifiedLean.G6.ProgramPrefix.actual_step_domination' depends on axioms: [propext,
verify	Verify G6 frozen sources serially	2026-10-07T16:27:54.4424350Z  sorryAx,
verify	Verify G6 frozen sources serially	2026-10-07T16:27:54.4424531Z  Classical.choice,
verify	Verify G6 frozen sources serially	2026-10-07T16:27:54.4424725Z  Quot.sound]
verify	Verify G6 frozen sources serially	2026-10-07T16:27:54.4425079Z 'UnifiedLean.G6.ProgramPrefix.actual_program_domination' depends on axioms: [propext,
verify	Verify G6 frozen sources serially	2026-10-07T16:27:54.4425511Z  sorryAx,
verify	Verify G6 frozen sources serially	2026-10-07T16:27:54.4425694Z  Classical.choice,
verify	Verify G6 frozen sources serially	2026-10-07T16:27:54.4425888Z  Quot.sound]
verify	Verify G6 frozen sources serially	2026-10-07T16:27:54.4426441Z 'UnifiedLean.G6.ProgramPrefix.same_initial_distribution_domination' depends on axioms: [propext,
verify	Verify G6 frozen sources serially	2026-10-07T16:27:54.4426903Z  sorryAx,
verify	Verify G6 frozen sources serially	2026-10-07T16:27:54.4427082Z  Classical.choice,
verify	Verify G6 frozen sources serially	2026-10-07T16:27:54.4427275Z  Quot.sound]
verify	Verify G6 frozen sources serially	2026-10-07T16:27:54.4427630Z 'UnifiedLean.G6.ProgramPrefix.same_initial_distribution_tv' depends on axioms: [propext,
verify	Verify G6 frozen sources serially	2026-10-07T16:27:54.4428385Z  sorryAx,
verify	Verify G6 frozen sources serially	2026-10-07T16:27:54.4428567Z  Classical.choice,
verify	Verify G6 frozen sources serially	2026-10-07T16:27:54.4428766Z  Quot.sound]
verify	Verify G6 frozen sources serially	2026-10-07T16:27:54.4429123Z 'UnifiedLean.G6.ProgramPrefix.same_initial_joint_readout_tv' depends on axioms: [propext,
verify	Verify G6 frozen sources serially	2026-10-07T16:27:54.4429549Z  sorryAx,
verify	Verify G6 frozen sources serially	2026-10-07T16:27:54.4429726Z  Classical.choice,
verify	Verify G6 frozen sources serially	2026-10-07T16:27:54.4429916Z  Quot.sound]
verify	Verify G6 frozen sources serially	2026-10-07T16:27:54.4430283Z 'UnifiedLean.G6.ProgramPrefix.same_initial_joint_readout_event' depends on axioms: [propext,
verify	Verify G6 frozen sources serially	2026-10-07T16:27:54.4430723Z  sorryAx,
verify	Verify G6 frozen sources serially	2026-10-07T16:27:54.4430898Z  Classical.choice,
verify	Verify G6 frozen sources serially	2026-10-07T16:27:54.4431089Z  Quot.sound]
verify	Verify G6 frozen sources serially	2026-10-07T16:27:54.4432519Z G6_RECEIPT {"argv": ["lake", "env", "lean", "--trust=0", "-j1", "-M4096", "-o", "/home/runner/work/_temp/g6-cloud-build/.lake/build/lib/lean/UnifiedLean/G6/ProgramPrefix.olean", "/home/runner/work/_temp/g6-cloud-build/UnifiedLean/G6/ProgramPrefix.lean"], "start": "2026-10-07T16:27:51.093625+00:00", "end": "2026-10-07T16:27:54.433660+00:00", "exit": 1, "output_sha256": "66c1228ccd0e7bf49ed8f7900ed92d7e825edaadb281c01d6e452913025087fe"}
verify	Verify G6 frozen sources serially	2026-10-07T16:27:54.4443129Z ##[error]Process completed with exit code 1.
verify	Preserve actual success and failure evidence	﻿2026-10-07T16:27:54.4588776Z ##[group]Run actions/upload-artifact@ea165f8d65b6e75b540449e92b4886f43607fa02
verify	Preserve actual success and failure evidence	2026-10-07T16:27:54.4589219Z with:
verify	Preserve actual success and failure evidence	2026-10-07T16:27:54.4589439Z   name: g6-cloud-evidence-37651501035
verify	Preserve actual success and failure evidence	2026-10-07T16:27:54.4590190Z   path: /home/runner/work/_temp/g6-cloud-build/g6-evidence/
verify	Preserve actual success and failure evidence	/home/runner/work/_temp/g567-lean-4.33.1/lean-version.txt
verify	Preserve actual success and failure evidence	/home/runner/work/_temp/g567-lean-4.33.1/runtime-smoke.log
verify	Preserve actual success and failure evidence	
verify	Preserve actual success and failure evidence	2026-10-07T16:27:54.4590950Z   if-no-files-found: warn
verify	Preserve actual success and failure evidence	2026-10-07T16:27:54.4591188Z   retention-days: 30
verify	Preserve actual success and failure evidence	2026-10-07T16:27:54.4591406Z   compression-level: 6
verify	Preserve actual success and failure evidence	2026-10-07T16:27:54.4591626Z   overwrite: false
verify	Preserve actual success and failure evidence	2026-10-07T16:27:54.4591843Z   include-hidden-files: false
verify	Preserve actual success and failure evidence	2026-10-07T16:27:54.4592089Z ##[endgroup]
verify	Preserve actual success and failure evidence	2026-10-07T16:27:54.6275720Z (node:4842) [DEP0040] DeprecationWarning: The `punycode` module is deprecated. Please use a userland alternative instead.
verify	Preserve actual success and failure evidence	2026-10-07T16:27:54.6276678Z (Use `node --trace-deprecation ...` to show where the warning was created)
verify	Preserve actual success and failure evidence	2026-10-07T16:27:54.6562400Z Multiple search paths detected. Calculating the least common ancestor of all paths
verify	Preserve actual success and failure evidence	2026-10-07T16:27:54.6567500Z The least common ancestor is /home/runner/work/_temp. This will be the root directory of the artifact
verify	Preserve actual success and failure evidence	2026-10-07T16:27:54.6569079Z With the provided path, there will be 128 files uploaded
verify	Preserve actual success and failure evidence	2026-10-07T16:27:54.6571537Z Artifact name is valid!
verify	Preserve actual success and failure evidence	2026-10-07T16:27:54.6572489Z Root directory input is valid!
verify	Preserve actual success and failure evidence	2026-10-07T16:27:55.0362426Z Beginning upload of artifact content to blob storage
verify	Preserve actual success and failure evidence	2026-10-07T16:27:55.1654341Z (node:4842) [DEP0169] DeprecationWarning: `url.parse()` behavior is not standardized and prone to errors that have security implications. Use the WHATWG URL API instead. CVEs are not issued for `url.parse()` vulnerabilities.
verify	Preserve actual success and failure evidence	2026-10-07T16:27:55.5880663Z Uploaded bytes 73053
verify	Preserve actual success and failure evidence	2026-10-07T16:27:55.6690903Z Finished uploading artifact content to blob storage!
verify	Preserve actual success and failure evidence	2026-10-07T16:27:55.6692257Z SHA256 digest of uploaded artifact zip is 83743cf5be1863723957698f802098edcf893ea4a799494df0769c69fa76267b
verify	Preserve actual success and failure evidence	2026-10-07T16:27:55.6694099Z Finalizing artifact upload
verify	Preserve actual success and failure evidence	2026-10-07T16:27:55.9305475Z Artifact g6-cloud-evidence-37651501035.zip successfully finalized. Artifact ID 11497130866
verify	Preserve actual success and failure evidence	2026-10-07T16:27:55.9307978Z Artifact g6-cloud-evidence-37651501035 has been successfully uploaded! Final size is 73053 bytes. Artifact ID is 11497130866
verify	Preserve actual success and failure evidence	2026-10-07T16:27:55.9314373Z Artifact download URL: https://github.com/Sodelin/Research-Commons/actions/runs/37651501035/artifacts/11497130866
verify	Complete job	﻿2026-10-07T16:27:55.9492429Z Cleaning up orphan processes
verify	Complete job	2026-10-07T16:27:55.9812239Z ##[warning]Node.js 20 is deprecated. The following actions target Node.js 20 but are being forced to run on Node.js 24: actions/upload-artifact@ea165f8d65b6e75b540449e92b4886f43607fa02. For more information see: https://github.blog/changelog/2025-09-19-deprecation-of-node-20-on-github-actions-runners/
