verify	Set up job	﻿2026-10-07T17:45:00.8028068Z Current runner version: '2.337.0'
verify	Set up job	2026-10-07T17:45:00.8057108Z ##[group]Runner Image Provisioner
verify	Set up job	2026-10-07T17:45:00.8058115Z Hosted Compute Agent
verify	Set up job	2026-10-07T17:45:00.8058690Z Version: 20261002.596
verify	Set up job	2026-10-07T17:45:00.8059406Z Commit: c3d12f3313a95f25162a1503be624f3b0617f8c0
verify	Set up job	2026-10-07T17:45:00.8060122Z Build Date: 2026-10-02T22:28:27Z
verify	Set up job	2026-10-07T17:45:00.8060889Z Worker ID: {b307afcd-2491-48b7-8dca-ad7694a08768}
verify	Set up job	2026-10-07T17:45:00.8061624Z Region: eastus2
verify	Set up job	2026-10-07T17:45:00.8062153Z Cloud: Azure
verify	Set up job	2026-10-07T17:45:00.8063019Z ##[endgroup]
verify	Set up job	2026-10-07T17:45:00.8064526Z ##[group]Operating System
verify	Set up job	2026-10-07T17:45:00.8065230Z Ubuntu
verify	Set up job	2026-10-07T17:45:00.8065807Z 24.04.5
verify	Set up job	2026-10-07T17:45:00.8066307Z LTS
verify	Set up job	2026-10-07T17:45:00.8066856Z ##[endgroup]
verify	Set up job	2026-10-07T17:45:00.8067398Z ##[group]Runner Image
verify	Set up job	2026-10-07T17:45:00.8068039Z Image: ubuntu-24.04
verify	Set up job	2026-10-07T17:45:00.8068643Z Version: 20261004.327.1
verify	Set up job	2026-10-07T17:45:00.8069694Z Included Software: https://github.com/actions/runner-images/blob/ubuntu24/20261004.327/images/ubuntu/Ubuntu2404-Readme.md
verify	Set up job	2026-10-07T17:45:00.8071975Z Image Release: https://github.com/actions/runner-images/releases/tag/ubuntu24%2F20261004.327
verify	Set up job	2026-10-07T17:45:00.8073223Z ##[endgroup]
verify	Set up job	2026-10-07T17:45:00.8074567Z ##[group]GITHUB_TOKEN Permissions
verify	Set up job	2026-10-07T17:45:00.8076885Z Actions: read
verify	Set up job	2026-10-07T17:45:00.8077538Z Contents: read
verify	Set up job	2026-10-07T17:45:00.8078093Z Metadata: read
verify	Set up job	2026-10-07T17:45:00.8078724Z ##[endgroup]
verify	Set up job	2026-10-07T17:45:00.8081193Z Secret source: Actions
verify	Set up job	2026-10-07T17:45:00.8082233Z Cache mode: write
verify	Set up job	2026-10-07T17:45:00.8083644Z Prepare workflow directory
verify	Set up job	2026-10-07T17:45:00.8435094Z Prepare all required actions
verify	Set up job	2026-10-07T17:45:00.8486119Z Getting action download info
verify	Set up job	2026-10-07T17:45:01.1290629Z Download action repository 'actions/upload-artifact@ea165f8d65b6e75b540449e92b4886f43607fa02' (SHA:ea165f8d65b6e75b540449e92b4886f43607fa02)
verify	Set up job	2026-10-07T17:45:01.3720043Z Complete job name: verify
verify	Fetch frozen public input	﻿2026-10-07T17:45:01.4564414Z ##[group]Run set -euo pipefail
verify	Fetch frozen public input	2026-10-07T17:45:01.4565129Z [36;1mset -euo pipefail[0m
verify	Fetch frozen public input	2026-10-07T17:45:01.4565805Z [36;1mgit init --quiet "$RUNNER_TEMP/research-commons"[0m
verify	Fetch frozen public input	2026-10-07T17:45:01.4566870Z [36;1mgit -C "$RUNNER_TEMP/research-commons" remote add origin "https://github.com/$GITHUB_REPOSITORY.git"[0m
verify	Fetch frozen public input	2026-10-07T17:45:01.4568120Z [36;1mgit -C "$RUNNER_TEMP/research-commons" fetch --no-tags --depth=1 origin "$GITHUB_SHA"[0m
verify	Fetch frozen public input	2026-10-07T17:45:01.4569155Z [36;1mgit -C "$RUNNER_TEMP/research-commons" checkout --detach FETCH_HEAD[0m
verify	Fetch frozen public input	2026-10-07T17:45:01.4570150Z [36;1mtest "$(git -C "$RUNNER_TEMP/research-commons" rev-parse HEAD)" = "$GITHUB_SHA"[0m
verify	Fetch frozen public input	2026-10-07T17:45:01.4873948Z shell: /usr/bin/bash -e {0}
verify	Fetch frozen public input	2026-10-07T17:45:01.4875092Z ##[endgroup]
verify	Fetch frozen public input	2026-10-07T17:45:05.6233209Z From https://github.com/Sodelin/Research-Commons
verify	Fetch frozen public input	2026-10-07T17:45:05.6234907Z  * branch            8e4be1647e4ab6f2670e2f46c597009726dbdd80 -> FETCH_HEAD
verify	Fetch frozen public input	2026-10-07T17:45:07.0507354Z HEAD is now at 8e4be16 Freeze G6 actual finite history rational cutoff and bin update proofs
verify	Verify existing pinned runtime	﻿2026-10-07T17:45:07.0697351Z ##[group]Run bash "$RUNNER_TEMP/research-commons/handoffs/2026-10-07-astra-g5-g6-g7-lean/codex-lean/verify-runtime.sh"
verify	Verify existing pinned runtime	2026-10-07T17:45:07.0698432Z [36;1mbash "$RUNNER_TEMP/research-commons/handoffs/2026-10-07-astra-g5-g6-g7-lean/codex-lean/verify-runtime.sh"[0m
verify	Verify existing pinned runtime	2026-10-07T17:45:07.0765558Z shell: /usr/bin/bash -e {0}
verify	Verify existing pinned runtime	2026-10-07T17:45:07.0765900Z ##[endgroup]
verify	Verify existing pinned runtime	2026-10-07T17:45:07.0983740Z   % Total    % Received % Xferd  Average Speed   Time    Time     Time  Current
verify	Verify existing pinned runtime	2026-10-07T17:45:07.0985045Z                                  Dload  Upload   Total   Spent    Left  Speed
verify	Verify existing pinned runtime	2026-10-07T17:45:07.0986205Z 
verify	Verify existing pinned runtime	2026-10-07T17:45:07.1380543Z   0     0    0     0    0     0      0      0 --:--:-- --:--:-- --:--:--     0
verify	Verify existing pinned runtime	2026-10-07T17:45:07.1381363Z   0     0    0     0    0     0      0      0 --:--:-- --:--:-- --:--:--     0
verify	Verify existing pinned runtime	2026-10-07T17:45:08.0349451Z 
verify	Verify existing pinned runtime	2026-10-07T17:45:09.0800533Z  36  543M   36  200M    0     0   213M      0  0:00:02 --:--:--  0:00:02  213M
verify	Verify existing pinned runtime	2026-10-07T17:45:09.7357876Z  73  543M   73  400M    0     0   202M      0  0:00:02  0:00:01  0:00:01  191M
verify	Verify existing pinned runtime	2026-10-07T17:45:09.7359479Z 100  543M  100  543M    0     0   206M      0  0:00:02  0:00:02 --:--:--  202M
verify	Verify existing pinned runtime	2026-10-07T17:45:10.1553437Z lean.tar.zst: OK
verify	Verify existing pinned runtime	2026-10-07T17:45:15.6784941Z Lean (version 4.33.1, x86_64-unknown-linux-gnu, commit 819816b2e0a3bf405af45ae5c7af2491d8f5bee6, Release)
verify	Verify existing pinned runtime	2026-10-07T17:45:15.6816840Z Lean (version 4.33.1, x86_64-unknown-linux-gnu, commit 819816b2e0a3bf405af45ae5c7af2491d8f5bee6, Release)
verify	Verify existing pinned runtime	2026-10-07T17:45:15.6829451Z Lean (version 4.33.1, x86_64-unknown-linux-gnu, commit 819816b2e0a3bf405af45ae5c7af2491d8f5bee6, Release)
verify	Verify existing pinned runtime	2026-10-07T17:45:15.6847533Z e8baaa71855a616dc351028f3ad2200051b0671f423a1696a100e809302d5550  /home/runner/work/_temp/g567-lean-4.33.1/lean-4.33.1-linux/bin/lean
verify	Verify existing pinned runtime	2026-10-07T17:45:15.6862754Z 5114a5b2e77fa40336ddd9491ebc5f04e767a5c299b7ebdd637104b1f96d2758  /home/runner/work/_temp/research-commons/handoffs/2026-10-07-astra-g5-g6-g7-lean/codex-lean/RuntimeSmoke.lean
verify	Verify existing pinned runtime	2026-10-07T17:45:15.8969408Z 'ResearchCommonsRuntime.runtimeSmoke' does not depend on any axioms
verify	Verify existing pinned runtime	2026-10-07T17:45:15.9178876Z RUNTIME_SMOKE_PASSED source_commit=8e4be1647e4ab6f2670e2f46c597009726dbdd80
verify	Recover stopped G5 original compiler diagnostics	﻿2026-10-07T17:45:16.0114875Z ##[group]Run python "$RUNNER_TEMP/research-commons/research/2026-10-07-cloud-g6-sol-ultra-1601z/verification/recover_stopped_g5.py" "$RUNNER_TEMP/g6-cloud-build/g6-evidence/stopped-g5-original"
verify	Recover stopped G5 original compiler diagnostics	2026-10-07T17:45:16.0116537Z [36;1mpython "$RUNNER_TEMP/research-commons/research/2026-10-07-cloud-g6-sol-ultra-1601z/verification/recover_stopped_g5.py" "$RUNNER_TEMP/g6-cloud-build/g6-evidence/stopped-g5-original"[0m
verify	Recover stopped G5 original compiler diagnostics	2026-10-07T17:45:16.0182226Z shell: /usr/bin/bash -e {0}
verify	Recover stopped G5 original compiler diagnostics	2026-10-07T17:45:16.0182823Z env:
verify	Recover stopped G5 original compiler diagnostics	2026-10-07T17:45:16.0185681Z   GH_TOKEN: ***
verify	Recover stopped G5 original compiler diagnostics	2026-10-07T17:45:16.0185918Z ##[endgroup]
verify	Recover stopped G5 original compiler diagnostics	2026-10-07T17:45:19.8281622Z G5_ORIGINAL_FAILED_DIAGNOSTIC_BEGIN
verify	Recover stopped G5 original compiler diagnostics	2026-10-07T17:45:19.8282902Z Try this:
verify	Recover stopped G5 original compiler diagnostics	2026-10-07T17:45:19.8303547Z   [apply] ring_nf
verify	Recover stopped G5 original compiler diagnostics	2026-10-07T17:45:19.8303983Z   
verify	Recover stopped G5 original compiler diagnostics	2026-10-07T17:45:19.8304595Z   The `ring` tactic failed to close the goal. Use `ring_nf` to obtain a normal form.
verify	Recover stopped G5 original compiler diagnostics	2026-10-07T17:45:19.8305079Z     
verify	Recover stopped G5 original compiler diagnostics	2026-10-07T17:45:19.8306251Z   Note that `ring` works primarily in *commutative* rings. If you have a noncommutative ring, abelian group or module, consider using `noncomm_ring`, `abel` or `module` instead.
verify	Recover stopped G5 original compiler diagnostics	2026-10-07T17:45:19.8307590Z Try this:
verify	Recover stopped G5 original compiler diagnostics	2026-10-07T17:45:19.8307911Z   [apply] ring_nf
verify	Recover stopped G5 original compiler diagnostics	2026-10-07T17:45:19.8308290Z   
verify	Recover stopped G5 original compiler diagnostics	2026-10-07T17:45:19.8308846Z   The `ring` tactic failed to close the goal. Use `ring_nf` to obtain a normal form.
verify	Recover stopped G5 original compiler diagnostics	2026-10-07T17:45:19.8309562Z     
verify	Recover stopped G5 original compiler diagnostics	2026-10-07T17:45:19.8310734Z   Note that `ring` works primarily in *commutative* rings. If you have a noncommutative ring, abelian group or module, consider using `noncomm_ring`, `abel` or `module` instead.
verify	Recover stopped G5 original compiler diagnostics	2026-10-07T17:45:19.8312028Z Try this:
verify	Recover stopped G5 original compiler diagnostics	2026-10-07T17:45:19.8312698Z   [apply] ring_nf
verify	Recover stopped G5 original compiler diagnostics	2026-10-07T17:45:19.8313071Z   
verify	Recover stopped G5 original compiler diagnostics	2026-10-07T17:45:19.8313653Z   The `ring` tactic failed to close the goal. Use `ring_nf` to obtain a normal form.
verify	Recover stopped G5 original compiler diagnostics	2026-10-07T17:45:19.8314382Z     
verify	Recover stopped G5 original compiler diagnostics	2026-10-07T17:45:19.8315558Z   Note that `ring` works primarily in *commutative* rings. If you have a noncommutative ring, abelian group or module, consider using `noncomm_ring`, `abel` or `module` instead.
verify	Recover stopped G5 original compiler diagnostics	2026-10-07T17:45:19.8316851Z Try this:
verify	Recover stopped G5 original compiler diagnostics	2026-10-07T17:45:19.8317206Z   [apply] ring_nf
verify	Recover stopped G5 original compiler diagnostics	2026-10-07T17:45:19.8317560Z   
verify	Recover stopped G5 original compiler diagnostics	2026-10-07T17:45:19.8318122Z   The `ring` tactic failed to close the goal. Use `ring_nf` to obtain a normal form.
verify	Recover stopped G5 original compiler diagnostics	2026-10-07T17:45:19.8318844Z     
verify	Recover stopped G5 original compiler diagnostics	2026-10-07T17:45:19.8320022Z   Note that `ring` works primarily in *commutative* rings. If you have a noncommutative ring, abelian group or module, consider using `noncomm_ring`, `abel` or `module` instead.
verify	Recover stopped G5 original compiler diagnostics	2026-10-07T17:45:19.8321285Z Try this:
verify	Recover stopped G5 original compiler diagnostics	2026-10-07T17:45:19.8321617Z   [apply] ring_nf
verify	Recover stopped G5 original compiler diagnostics	2026-10-07T17:45:19.8321939Z   
verify	Recover stopped G5 original compiler diagnostics	2026-10-07T17:45:19.8322993Z   The `ring` tactic failed to close the goal. Use `ring_nf` to obtain a normal form.
verify	Recover stopped G5 original compiler diagnostics	2026-10-07T17:45:19.8323822Z     
verify	Recover stopped G5 original compiler diagnostics	2026-10-07T17:45:19.8325051Z   Note that `ring` works primarily in *commutative* rings. If you have a noncommutative ring, abelian group or module, consider using `noncomm_ring`, `abel` or `module` instead.
verify	Recover stopped G5 original compiler diagnostics	2026-10-07T17:45:19.8327605Z Try this:
verify	Recover stopped G5 original compiler diagnostics	2026-10-07T17:45:19.8327958Z   [apply] ring_nf
verify	Recover stopped G5 original compiler diagnostics	2026-10-07T17:45:19.8328310Z   
verify	Recover stopped G5 original compiler diagnostics	2026-10-07T17:45:19.8329030Z   The `ring` tactic failed to close the goal. Use `ring_nf` to obtain a normal form.
verify	Recover stopped G5 original compiler diagnostics	2026-10-07T17:45:19.8329723Z     
verify	Recover stopped G5 original compiler diagnostics	2026-10-07T17:45:19.8330831Z   Note that `ring` works primarily in *commutative* rings. If you have a noncommutative ring, abelian group or module, consider using `noncomm_ring`, `abel` or `module` instead.
verify	Recover stopped G5 original compiler diagnostics	2026-10-07T17:45:19.8332051Z Try this:
verify	Recover stopped G5 original compiler diagnostics	2026-10-07T17:45:19.8332365Z   [apply] ring_nf
verify	Recover stopped G5 original compiler diagnostics	2026-10-07T17:45:19.8332954Z   
verify	Recover stopped G5 original compiler diagnostics	2026-10-07T17:45:19.8333579Z   The `ring` tactic failed to close the goal. Use `ring_nf` to obtain a normal form.
verify	Recover stopped G5 original compiler diagnostics	2026-10-07T17:45:19.8334266Z     
verify	Recover stopped G5 original compiler diagnostics	2026-10-07T17:45:19.8335437Z   Note that `ring` works primarily in *commutative* rings. If you have a noncommutative ring, abelian group or module, consider using `noncomm_ring`, `abel` or `module` instead.
verify	Recover stopped G5 original compiler diagnostics	2026-10-07T17:45:19.8336740Z Try this:
verify	Recover stopped G5 original compiler diagnostics	2026-10-07T17:45:19.8337035Z   [apply] ring_nf
verify	Recover stopped G5 original compiler diagnostics	2026-10-07T17:45:19.8337325Z   
verify	Recover stopped G5 original compiler diagnostics	2026-10-07T17:45:19.8338144Z   The `ring` tactic failed to close the goal. Use `ring_nf` to obtain a normal form.
verify	Recover stopped G5 original compiler diagnostics	2026-10-07T17:45:19.8338755Z     
verify	Recover stopped G5 original compiler diagnostics	2026-10-07T17:45:19.8339792Z   Note that `ring` works primarily in *commutative* rings. If you have a noncommutative ring, abelian group or module, consider using `noncomm_ring`, `abel` or `module` instead.
verify	Recover stopped G5 original compiler diagnostics	2026-10-07T17:45:19.8340930Z Try this:
verify	Recover stopped G5 original compiler diagnostics	2026-10-07T17:45:19.8341371Z   [apply] ring_nf
verify	Recover stopped G5 original compiler diagnostics	2026-10-07T17:45:19.8342091Z   
verify	Recover stopped G5 original compiler diagnostics	2026-10-07T17:45:19.8343017Z   The `ring` tactic failed to close the goal. Use `ring_nf` to obtain a normal form.
verify	Recover stopped G5 original compiler diagnostics	2026-10-07T17:45:19.8344007Z     
verify	Recover stopped G5 original compiler diagnostics	2026-10-07T17:45:19.8345028Z   Note that `ring` works primarily in *commutative* rings. If you have a noncommutative ring, abelian group or module, consider using `noncomm_ring`, `abel` or `module` instead.
verify	Recover stopped G5 original compiler diagnostics	2026-10-07T17:45:19.8346122Z Try this:
verify	Recover stopped G5 original compiler diagnostics	2026-10-07T17:45:19.8346415Z   [apply] ring_nf
verify	Recover stopped G5 original compiler diagnostics	2026-10-07T17:45:19.8346711Z   
verify	Recover stopped G5 original compiler diagnostics	2026-10-07T17:45:19.8347195Z   The `ring` tactic failed to close the goal. Use `ring_nf` to obtain a normal form.
verify	Recover stopped G5 original compiler diagnostics	2026-10-07T17:45:19.8347874Z     
verify	Recover stopped G5 original compiler diagnostics	2026-10-07T17:45:19.8349018Z   Note that `ring` works primarily in *commutative* rings. If you have a noncommutative ring, abelian group or module, consider using `noncomm_ring`, `abel` or `module` instead.
verify	Recover stopped G5 original compiler diagnostics	2026-10-07T17:45:19.8350261Z Try this:
verify	Recover stopped G5 original compiler diagnostics	2026-10-07T17:45:19.8350585Z   [apply] ring_nf
verify	Recover stopped G5 original compiler diagnostics	2026-10-07T17:45:19.8350925Z   
verify	Recover stopped G5 original compiler diagnostics	2026-10-07T17:45:19.8351481Z   The `ring` tactic failed to close the goal. Use `ring_nf` to obtain a normal form.
verify	Recover stopped G5 original compiler diagnostics	2026-10-07T17:45:19.8352142Z     
verify	Recover stopped G5 original compiler diagnostics	2026-10-07T17:45:19.8353523Z   Note that `ring` works primarily in *commutative* rings. If you have a noncommutative ring, abelian group or module, consider using `noncomm_ring`, `abel` or `module` instead.
verify	Recover stopped G5 original compiler diagnostics	2026-10-07T17:45:19.8354631Z Try this:
verify	Recover stopped G5 original compiler diagnostics	2026-10-07T17:45:19.8355011Z   [apply] ring_nf
verify	Recover stopped G5 original compiler diagnostics	2026-10-07T17:45:19.8355378Z   
verify	Recover stopped G5 original compiler diagnostics	2026-10-07T17:45:19.8355902Z   The `ring` tactic failed to close the goal. Use `ring_nf` to obtain a normal form.
verify	Recover stopped G5 original compiler diagnostics	2026-10-07T17:45:19.8356600Z     
verify	Recover stopped G5 original compiler diagnostics	2026-10-07T17:45:19.8357745Z   Note that `ring` works primarily in *commutative* rings. If you have a noncommutative ring, abelian group or module, consider using `noncomm_ring`, `abel` or `module` instead.
verify	Recover stopped G5 original compiler diagnostics	2026-10-07T17:45:19.8359013Z Try this:
verify	Recover stopped G5 original compiler diagnostics	2026-10-07T17:45:19.8359337Z   [apply] ring_nf
verify	Recover stopped G5 original compiler diagnostics	2026-10-07T17:45:19.8359672Z   
verify	Recover stopped G5 original compiler diagnostics	2026-10-07T17:45:19.8360217Z   The `ring` tactic failed to close the goal. Use `ring_nf` to obtain a normal form.
verify	Recover stopped G5 original compiler diagnostics	2026-10-07T17:45:19.8360883Z     
verify	Recover stopped G5 original compiler diagnostics	2026-10-07T17:45:19.8361989Z   Note that `ring` works primarily in *commutative* rings. If you have a noncommutative ring, abelian group or module, consider using `noncomm_ring`, `abel` or `module` instead.
verify	Recover stopped G5 original compiler diagnostics	2026-10-07T17:45:19.8363453Z Try this:
verify	Recover stopped G5 original compiler diagnostics	2026-10-07T17:45:19.8363780Z   [apply] ring_nf
verify	Recover stopped G5 original compiler diagnostics	2026-10-07T17:45:19.8364108Z   
verify	Recover stopped G5 original compiler diagnostics	2026-10-07T17:45:19.8364656Z   The `ring` tactic failed to close the goal. Use `ring_nf` to obtain a normal form.
verify	Recover stopped G5 original compiler diagnostics	2026-10-07T17:45:19.8365573Z     
verify	Recover stopped G5 original compiler diagnostics	2026-10-07T17:45:19.8366746Z   Note that `ring` works primarily in *commutative* rings. If you have a noncommutative ring, abelian group or module, consider using `noncomm_ring`, `abel` or `module` instead.
verify	Recover stopped G5 original compiler diagnostics	2026-10-07T17:45:19.8368061Z Try this:
verify	Recover stopped G5 original compiler diagnostics	2026-10-07T17:45:19.8368388Z   [apply] ring_nf
verify	Recover stopped G5 original compiler diagnostics	2026-10-07T17:45:19.8368728Z   
verify	Recover stopped G5 original compiler diagnostics	2026-10-07T17:45:19.8369322Z   The `ring` tactic failed to close the goal. Use `ring_nf` to obtain a normal form.
verify	Recover stopped G5 original compiler diagnostics	2026-10-07T17:45:19.8370010Z     
verify	Recover stopped G5 original compiler diagnostics	2026-10-07T17:45:19.8371067Z   Note that `ring` works primarily in *commutative* rings. If you have a noncommutative ring, abelian group or module, consider using `noncomm_ring`, `abel` or `module` instead.
verify	Recover stopped G5 original compiler diagnostics	2026-10-07T17:45:19.8372304Z Try this:
verify	Recover stopped G5 original compiler diagnostics	2026-10-07T17:45:19.8373005Z   [apply] ring_nf
verify	Recover stopped G5 original compiler diagnostics	2026-10-07T17:45:19.8373351Z   
verify	Recover stopped G5 original compiler diagnostics	2026-10-07T17:45:19.8373924Z   The `ring` tactic failed to close the goal. Use `ring_nf` to obtain a normal form.
verify	Recover stopped G5 original compiler diagnostics	2026-10-07T17:45:19.8374551Z     
verify	Recover stopped G5 original compiler diagnostics	2026-10-07T17:45:19.8375716Z   Note that `ring` works primarily in *commutative* rings. If you have a noncommutative ring, abelian group or module, consider using `noncomm_ring`, `abel` or `module` instead.
verify	Recover stopped G5 original compiler diagnostics	2026-10-07T17:45:19.8377183Z Try this:
verify	Recover stopped G5 original compiler diagnostics	2026-10-07T17:45:19.8377495Z   [apply] ring_nf
verify	Recover stopped G5 original compiler diagnostics	2026-10-07T17:45:19.8377811Z   
verify	Recover stopped G5 original compiler diagnostics	2026-10-07T17:45:19.8378387Z   The `ring` tactic failed to close the goal. Use `ring_nf` to obtain a normal form.
verify	Recover stopped G5 original compiler diagnostics	2026-10-07T17:45:19.8379056Z     
verify	Recover stopped G5 original compiler diagnostics	2026-10-07T17:45:19.8380244Z   Note that `ring` works primarily in *commutative* rings. If you have a noncommutative ring, abelian group or module, consider using `noncomm_ring`, `abel` or `module` instead.
verify	Recover stopped G5 original compiler diagnostics	2026-10-07T17:45:19.8381445Z Try this:
verify	Recover stopped G5 original compiler diagnostics	2026-10-07T17:45:19.8381761Z   [apply] ring_nf
verify	Recover stopped G5 original compiler diagnostics	2026-10-07T17:45:19.8382078Z   
verify	Recover stopped G5 original compiler diagnostics	2026-10-07T17:45:19.8382880Z   The `ring` tactic failed to close the goal. Use `ring_nf` to obtain a normal form.
verify	Recover stopped G5 original compiler diagnostics	2026-10-07T17:45:19.8383584Z     
verify	Recover stopped G5 original compiler diagnostics	2026-10-07T17:45:19.8384812Z   Note that `ring` works primarily in *commutative* rings. If you have a noncommutative ring, abelian group or module, consider using `noncomm_ring`, `abel` or `module` instead.
verify	Recover stopped G5 original compiler diagnostics	2026-10-07T17:45:19.8386112Z Try this:
verify	Recover stopped G5 original compiler diagnostics	2026-10-07T17:45:19.8386465Z   [apply] ring_nf
verify	Recover stopped G5 original compiler diagnostics	2026-10-07T17:45:19.8386818Z   
verify	Recover stopped G5 original compiler diagnostics	2026-10-07T17:45:19.8387475Z   The `ring` tactic failed to close the goal. Use `ring_nf` to obtain a normal form.
verify	Recover stopped G5 original compiler diagnostics	2026-10-07T17:45:19.8388269Z     
verify	Recover stopped G5 original compiler diagnostics	2026-10-07T17:45:19.8389482Z   Note that `ring` works primarily in *commutative* rings. If you have a noncommutative ring, abelian group or module, consider using `noncomm_ring`, `abel` or `module` instead.
verify	Recover stopped G5 original compiler diagnostics	2026-10-07T17:45:19.8390753Z Try this:
verify	Recover stopped G5 original compiler diagnostics	2026-10-07T17:45:19.8391090Z   [apply] ring_nf
verify	Recover stopped G5 original compiler diagnostics	2026-10-07T17:45:19.8391429Z   
verify	Recover stopped G5 original compiler diagnostics	2026-10-07T17:45:19.8392025Z   The `ring` tactic failed to close the goal. Use `ring_nf` to obtain a normal form.
verify	Recover stopped G5 original compiler diagnostics	2026-10-07T17:45:19.8393044Z     
verify	Recover stopped G5 original compiler diagnostics	2026-10-07T17:45:19.8394230Z   Note that `ring` works primarily in *commutative* rings. If you have a noncommutative ring, abelian group or module, consider using `noncomm_ring`, `abel` or `module` instead.
verify	Recover stopped G5 original compiler diagnostics	2026-10-07T17:45:19.8395482Z Try this:
verify	Recover stopped G5 original compiler diagnostics	2026-10-07T17:45:19.8395803Z   [apply] ring_nf
verify	Recover stopped G5 original compiler diagnostics	2026-10-07T17:45:19.8396117Z   
verify	Recover stopped G5 original compiler diagnostics	2026-10-07T17:45:19.8396669Z   The `ring` tactic failed to close the goal. Use `ring_nf` to obtain a normal form.
verify	Recover stopped G5 original compiler diagnostics	2026-10-07T17:45:19.8397297Z     
verify	Recover stopped G5 original compiler diagnostics	2026-10-07T17:45:19.8398433Z   Note that `ring` works primarily in *commutative* rings. If you have a noncommutative ring, abelian group or module, consider using `noncomm_ring`, `abel` or `module` instead.
verify	Recover stopped G5 original compiler diagnostics	2026-10-07T17:45:19.8399625Z Try this:
verify	Recover stopped G5 original compiler diagnostics	2026-10-07T17:45:19.8399952Z   [apply] ring_nf
verify	Recover stopped G5 original compiler diagnostics	2026-10-07T17:45:19.8400330Z   
verify	Recover stopped G5 original compiler diagnostics	2026-10-07T17:45:19.8400843Z   The `ring` tactic failed to close the goal. Use `ring_nf` to obtain a normal form.
verify	Recover stopped G5 original compiler diagnostics	2026-10-07T17:45:19.8401422Z     
verify	Recover stopped G5 original compiler diagnostics	2026-10-07T17:45:19.8402811Z   Note that `ring` works primarily in *commutative* rings. If you have a noncommutative ring, abelian group or module, consider using `noncomm_ring`, `abel` or `module` instead.
verify	Recover stopped G5 original compiler diagnostics	2026-10-07T17:45:19.8404224Z Try this:
verify	Recover stopped G5 original compiler diagnostics	2026-10-07T17:45:19.8404497Z   [apply] ring_nf
verify	Recover stopped G5 original compiler diagnostics	2026-10-07T17:45:19.8404780Z   
verify	Recover stopped G5 original compiler diagnostics	2026-10-07T17:45:19.8405309Z   The `ring` tactic failed to close the goal. Use `ring_nf` to obtain a normal form.
verify	Recover stopped G5 original compiler diagnostics	2026-10-07T17:45:19.8405950Z     
verify	Recover stopped G5 original compiler diagnostics	2026-10-07T17:45:19.8407067Z   Note that `ring` works primarily in *commutative* rings. If you have a noncommutative ring, abelian group or module, consider using `noncomm_ring`, `abel` or `module` instead.
verify	Recover stopped G5 original compiler diagnostics	2026-10-07T17:45:19.8408253Z Try this:
verify	Recover stopped G5 original compiler diagnostics	2026-10-07T17:45:19.8408576Z   [apply] ring_nf
verify	Recover stopped G5 original compiler diagnostics	2026-10-07T17:45:19.8408912Z   
verify	Recover stopped G5 original compiler diagnostics	2026-10-07T17:45:19.8409461Z   The `ring` tactic failed to close the goal. Use `ring_nf` to obtain a normal form.
verify	Recover stopped G5 original compiler diagnostics	2026-10-07T17:45:19.8410103Z     
verify	Recover stopped G5 original compiler diagnostics	2026-10-07T17:45:19.8411281Z   Note that `ring` works primarily in *commutative* rings. If you have a noncommutative ring, abelian group or module, consider using `noncomm_ring`, `abel` or `module` instead.
verify	Recover stopped G5 original compiler diagnostics	2026-10-07T17:45:19.8412752Z Try this:
verify	Recover stopped G5 original compiler diagnostics	2026-10-07T17:45:19.8413085Z   [apply] ring_nf
verify	Recover stopped G5 original compiler diagnostics	2026-10-07T17:45:19.8413426Z   
verify	Recover stopped G5 original compiler diagnostics	2026-10-07T17:45:19.8414006Z   The `ring` tactic failed to close the goal. Use `ring_nf` to obtain a normal form.
verify	Recover stopped G5 original compiler diagnostics	2026-10-07T17:45:19.8414684Z     
verify	Recover stopped G5 original compiler diagnostics	2026-10-07T17:45:19.8416019Z   Note that `ring` works primarily in *commutative* rings. If you have a noncommutative ring, abelian group or module, consider using `noncomm_ring`, `abel` or `module` instead.
verify	Recover stopped G5 original compiler diagnostics	2026-10-07T17:45:19.8417638Z /home/runner/work/_temp/cloud-g5-build/CloudG5/G5FrozenTripleAnalyticSupport.lean:46:88: error: unsolved goals
verify	Recover stopped G5 original compiler diagnostics	2026-10-07T17:45:19.8418423Z case «0».«0»
verify	Recover stopped G5 original compiler diagnostics	2026-10-07T17:45:19.8418632Z q : ℝ
verify	Recover stopped G5 original compiler diagnostics	2026-10-07T17:45:19.8418958Z ⊢ 0 = 4 → q = 0
verify	Recover stopped G5 original compiler diagnostics	2026-10-07T17:45:19.8419155Z 
verify	Recover stopped G5 original compiler diagnostics	2026-10-07T17:45:19.8419591Z case «0».«1»
verify	Recover stopped G5 original compiler diagnostics	2026-10-07T17:45:19.8419943Z q : ℝ
verify	Recover stopped G5 original compiler diagnostics	2026-10-07T17:45:19.8420477Z ⊢ 0 = 4 → 0 = if 1 = 4 then q ^ 3 * (1 / 2) else q ^ 3 * (-1 / 2)
verify	Recover stopped G5 original compiler diagnostics	2026-10-07T17:45:19.8420884Z 
verify	Recover stopped G5 original compiler diagnostics	2026-10-07T17:45:19.8421063Z case «0».«2»
verify	Recover stopped G5 original compiler diagnostics	2026-10-07T17:45:19.8421364Z q : ℝ
verify	Recover stopped G5 original compiler diagnostics	2026-10-07T17:45:19.8421858Z ⊢ 0 = 4 → 0 = if ⟨2, ⋯⟩ = 4 then q ^ 3 * (1 / 2) else q ^ 3 * (-1 / 2)
verify	Recover stopped G5 original compiler diagnostics	2026-10-07T17:45:19.8422138Z 
verify	Recover stopped G5 original compiler diagnostics	2026-10-07T17:45:19.8422253Z case «0».«3»
verify	Recover stopped G5 original compiler diagnostics	2026-10-07T17:45:19.8422802Z q : ℝ
verify	Recover stopped G5 original compiler diagnostics	2026-10-07T17:45:19.8423131Z ⊢ 0 = 4 → 0 = if ⟨3, ⋯⟩ = 4 then q ^ 3 * (1 / 2) else q ^ 3 * (-1 / 2)
verify	Recover stopped G5 original compiler diagnostics	2026-10-07T17:45:19.8423393Z 
verify	Recover stopped G5 original compiler diagnostics	2026-10-07T17:45:19.8423505Z case «0».«4»
verify	Recover stopped G5 original compiler diagnostics	2026-10-07T17:45:19.8423703Z q : ℝ
verify	Recover stopped G5 original compiler diagnostics	2026-10-07T17:45:19.8423995Z ⊢ 0 = 4 → 0 = if ⟨4, ⋯⟩ = 4 then q ^ 3 * (1 / 2) else q ^ 3 * (-1 / 2)
verify	Recover stopped G5 original compiler diagnostics	2026-10-07T17:45:19.8424236Z 
verify	Recover stopped G5 original compiler diagnostics	2026-10-07T17:45:19.8424341Z case «1».«0»
verify	Recover stopped G5 original compiler diagnostics	2026-10-07T17:45:19.8424533Z q : ℝ
verify	Recover stopped G5 original compiler diagnostics	2026-10-07T17:45:19.8424881Z ⊢ (if 1 = 4 then q ^ 3 else q) = (if 1 = 4 then 0 else q) + if 1 = 4 then q ^ 3 else 0
verify	Recover stopped G5 original compiler diagnostics	2026-10-07T17:45:19.8425177Z 
verify	Recover stopped G5 original compiler diagnostics	2026-10-07T17:45:19.8425287Z case «1».«1»
verify	Recover stopped G5 original compiler diagnostics	2026-10-07T17:45:19.8425481Z q : ℝ
verify	Recover stopped G5 original compiler diagnostics	2026-10-07T17:45:19.8425911Z ⊢ (if 1 = 4 then if 1 = 4 then 1 + q * (-3 / 2) + q ^ 3 * (1 / 2) else q * (1 / 2) + q ^ 3 * (-1 / 2) else 1 - q) =
verify	Recover stopped G5 original compiler diagnostics	2026-10-07T17:45:19.8426397Z     ((if 1 = 4 then if 1 = 4 then 1 else 0 else 1) +
verify	Recover stopped G5 original compiler diagnostics	2026-10-07T17:45:19.8426814Z         if 1 = 4 then if 1 = 4 then q * (-3 / 2) else q * (1 / 2) else -q) +
verify	Recover stopped G5 original compiler diagnostics	2026-10-07T17:45:19.8427270Z       if 1 = 4 then if 1 = 4 then q ^ 3 * (1 / 2) else q ^ 3 * (-1 / 2) else 0
verify	Recover stopped G5 original compiler diagnostics	2026-10-07T17:45:19.8427545Z 
verify	Recover stopped G5 original compiler diagnostics	2026-10-07T17:45:19.8427653Z case «1».«2»
verify	Recover stopped G5 original compiler diagnostics	2026-10-07T17:45:19.8427854Z q : ℝ
verify	Recover stopped G5 original compiler diagnostics	2026-10-07T17:45:19.8428271Z ⊢ (if 1 = 4 then if ⟨2, ⋯⟩ = 4 then 1 + q * (-3 / 2) + q ^ 3 * (1 / 2) else q * (1 / 2) + q ^ 3 * (-1 / 2) else 0) =
verify	Recover stopped G5 original compiler diagnostics	2026-10-07T17:45:19.8428806Z     ((if 1 = 4 then if ⟨2, ⋯⟩ = 4 then 1 else 0 else 0) +
verify	Recover stopped G5 original compiler diagnostics	2026-10-07T17:45:19.8429260Z         if 1 = 4 then if ⟨2, ⋯⟩ = 4 then q * (-3 / 2) else q * (1 / 2) else 0) +
verify	Recover stopped G5 original compiler diagnostics	2026-10-07T17:45:19.8429761Z       if 1 = 4 then if ⟨2, ⋯⟩ = 4 then q ^ 3 * (1 / 2) else q ^ 3 * (-1 / 2) else 0
verify	Recover stopped G5 original compiler diagnostics	2026-10-07T17:45:19.8430024Z 
verify	Recover stopped G5 original compiler diagnostics	2026-10-07T17:45:19.8430134Z case «1».«3»
verify	Recover stopped G5 original compiler diagnostics	2026-10-07T17:45:19.8430331Z q : ℝ
verify	Recover stopped G5 original compiler diagnostics	2026-10-07T17:45:19.8430735Z ⊢ (if 1 = 4 then if ⟨3, ⋯⟩ = 4 then 1 + q * (-3 / 2) + q ^ 3 * (1 / 2) else q * (1 / 2) + q ^ 3 * (-1 / 2) else 0) =
verify	Recover stopped G5 original compiler diagnostics	2026-10-07T17:45:19.8431428Z     ((if 1 = 4 then if ⟨3, ⋯⟩ = 4 then 1 else 0 else 0) +
verify	Recover stopped G5 original compiler diagnostics	2026-10-07T17:45:19.8431881Z         if 1 = 4 then if ⟨3, ⋯⟩ = 4 then q * (-3 / 2) else q * (1 / 2) else 0) +
verify	Recover stopped G5 original compiler diagnostics	2026-10-07T17:45:19.8432655Z       if 1 = 4 then if ⟨3, ⋯⟩ = 4 then q ^ 3 * (1 / 2) else q ^ 3 * (-1 / 2) else 0
verify	Recover stopped G5 original compiler diagnostics	2026-10-07T17:45:19.8432945Z 
verify	Recover stopped G5 original compiler diagnostics	2026-10-07T17:45:19.8433067Z case «1».«4»
verify	Recover stopped G5 original compiler diagnostics	2026-10-07T17:45:19.8433266Z q : ℝ
verify	Recover stopped G5 original compiler diagnostics	2026-10-07T17:45:19.8433682Z ⊢ (if 1 = 4 then if ⟨4, ⋯⟩ = 4 then 1 + q * (-3 / 2) + q ^ 3 * (1 / 2) else q * (1 / 2) + q ^ 3 * (-1 / 2) else 0) =
verify	Recover stopped G5 original compiler diagnostics	2026-10-07T17:45:19.8434187Z     ((if 1 = 4 then if ⟨4, ⋯⟩ = 4 then 1 else 0 else 0) +
verify	Recover stopped G5 original compiler diagnostics	2026-10-07T17:45:19.8434623Z         if 1 = 4 then if ⟨4, ⋯⟩ = 4 then q * (-3 / 2) else q * (1 / 2) else 0) +
verify	Recover stopped G5 original compiler diagnostics	2026-10-07T17:45:19.8435121Z       if 1 = 4 then if ⟨4, ⋯⟩ = 4 then q ^ 3 * (1 / 2) else q ^ 3 * (-1 / 2) else 0
verify	Recover stopped G5 original compiler diagnostics	2026-10-07T17:45:19.8435406Z 
verify	Recover stopped G5 original compiler diagnostics	2026-10-07T17:45:19.8435509Z case «2».«0»
verify	Recover stopped G5 original compiler diagnostics	2026-10-07T17:45:19.8435711Z q : ℝ
verify	Recover stopped G5 original compiler diagnostics	2026-10-07T17:45:19.8436105Z ⊢ (if ⟨2, ⋯⟩ = 4 then q ^ 3 else q) = (if ⟨2, ⋯⟩ = 4 then 0 else q) + if ⟨2, ⋯⟩ = 4 then q ^ 3 else 0
verify	Recover stopped G5 original compiler diagnostics	2026-10-07T17:45:19.8436437Z 
verify	Recover stopped G5 original compiler diagnostics	2026-10-07T17:45:19.8436546Z case «2».«1»
verify	Recover stopped G5 original compiler diagnostics	2026-10-07T17:45:19.8436739Z q : ℝ
verify	Recover stopped G5 original compiler diagnostics	2026-10-07T17:45:19.8437319Z ⊢ (if ⟨2, ⋯⟩ = 4 then if 1 = 4 then 1 + q * (-3 / 2) + q ^ 3 * (1 / 2) else q * (1 / 2) + q ^ 3 * (-1 / 2) else 0) =
verify	Recover stopped G5 original compiler diagnostics	2026-10-07T17:45:19.8437823Z     ((if ⟨2, ⋯⟩ = 4 then if 1 = 4 then 1 else 0 else 0) +
verify	Recover stopped G5 original compiler diagnostics	2026-10-07T17:45:19.8438273Z         if ⟨2, ⋯⟩ = 4 then if 1 = 4 then q * (-3 / 2) else q * (1 / 2) else 0) +
verify	Recover stopped G5 original compiler diagnostics	2026-10-07T17:45:19.8438758Z       if ⟨2, ⋯⟩ = 4 then if 1 = 4 then q ^ 3 * (1 / 2) else q ^ 3 * (-1 / 2) else 0
verify	Recover stopped G5 original compiler diagnostics	2026-10-07T17:45:19.8439031Z 
verify	Recover stopped G5 original compiler diagnostics	2026-10-07T17:45:19.8439142Z case «2».«2»
verify	Recover stopped G5 original compiler diagnostics	2026-10-07T17:45:19.8439344Z q : ℝ
verify	Recover stopped G5 original compiler diagnostics	2026-10-07T17:45:19.8439744Z ⊢ (if ⟨2, ⋯⟩ = 4 then if ⟨2, ⋯⟩ = 4 then 1 + q * (-3 / 2) + q ^ 3 * (1 / 2) else q * (1 / 2) + q ^ 3 * (-1 / 2)
verify	Recover stopped G5 original compiler diagnostics	2026-10-07T17:45:19.8440155Z     else 1 - q) =
verify	Recover stopped G5 original compiler diagnostics	2026-10-07T17:45:19.8440467Z     ((if ⟨2, ⋯⟩ = 4 then if ⟨2, ⋯⟩ = 4 then 1 else 0 else 1) +
verify	Recover stopped G5 original compiler diagnostics	2026-10-07T17:45:19.8440944Z         if ⟨2, ⋯⟩ = 4 then if ⟨2, ⋯⟩ = 4 then q * (-3 / 2) else q * (1 / 2) else -q) +
verify	Recover stopped G5 original compiler diagnostics	2026-10-07T17:45:19.8441456Z       if ⟨2, ⋯⟩ = 4 then if ⟨2, ⋯⟩ = 4 then q ^ 3 * (1 / 2) else q ^ 3 * (-1 / 2) else 0
verify	Recover stopped G5 original compiler diagnostics	2026-10-07T17:45:19.8511313Z 
verify	Recover stopped G5 original compiler diagnostics	2026-10-07T17:45:19.8511620Z case «2».«3»
verify	Recover stopped G5 original compiler diagnostics	2026-10-07T17:45:19.8511980Z q : ℝ
verify	Recover stopped G5 original compiler diagnostics	2026-10-07T17:45:19.8513134Z ⊢ (if ⟨2, ⋯⟩ = 4 then if ⟨3, ⋯⟩ = 4 then 1 + q * (-3 / 2) + q ^ 3 * (1 / 2) else q * (1 / 2) + q ^ 3 * (-1 / 2)
verify	Recover stopped G5 original compiler diagnostics	2026-10-07T17:45:19.8514057Z     else 0) =
verify	Recover stopped G5 original compiler diagnostics	2026-10-07T17:45:19.8514779Z     ((if ⟨2, ⋯⟩ = 4 then if ⟨3, ⋯⟩ = 4 then 1 else 0 else 0) +
verify	Recover stopped G5 original compiler diagnostics	2026-10-07T17:45:19.8515612Z         if ⟨2, ⋯⟩ = 4 then if ⟨3, ⋯⟩ = 4 then q * (-3 / 2) else q * (1 / 2) else 0) +
verify	Recover stopped G5 original compiler diagnostics	2026-10-07T17:45:19.8516483Z       if ⟨2, ⋯⟩ = 4 then if ⟨3, ⋯⟩ = 4 then q ^ 3 * (1 / 2) else q ^ 3 * (-1 / 2) else 0
verify	Recover stopped G5 original compiler diagnostics	2026-10-07T17:45:19.8516974Z 
verify	Recover stopped G5 original compiler diagnostics	2026-10-07T17:45:19.8517183Z case «2».«4»
verify	Recover stopped G5 original compiler diagnostics	2026-10-07T17:45:19.8517512Z q : ℝ
verify	Recover stopped G5 original compiler diagnostics	2026-10-07T17:45:19.8518190Z ⊢ (if ⟨2, ⋯⟩ = 4 then if ⟨4, ⋯⟩ = 4 then 1 + q * (-3 / 2) + q ^ 3 * (1 / 2) else q * (1 / 2) + q ^ 3 * (-1 / 2)
verify	Recover stopped G5 original compiler diagnostics	2026-10-07T17:45:19.8518892Z     else 0) =
verify	Recover stopped G5 original compiler diagnostics	2026-10-07T17:45:19.8519457Z     ((if ⟨2, ⋯⟩ = 4 then if ⟨4, ⋯⟩ = 4 then 1 else 0 else 0) +
verify	Recover stopped G5 original compiler diagnostics	2026-10-07T17:45:19.8520383Z         if ⟨2, ⋯⟩ = 4 then if ⟨4, ⋯⟩ = 4 then q * (-3 / 2) else q * (1 / 2) else 0) +
verify	Recover stopped G5 original compiler diagnostics	2026-10-07T17:45:19.8521275Z       if ⟨2, ⋯⟩ = 4 then if ⟨4, ⋯⟩ = 4 then q ^ 3 * (1 / 2) else q ^ 3 * (-1 / 2) else 0
verify	Recover stopped G5 original compiler diagnostics	2026-10-07T17:45:19.8521782Z 
verify	Recover stopped G5 original compiler diagnostics	2026-10-07T17:45:19.8522017Z case «3».«0»
verify	Recover stopped G5 original compiler diagnostics	2026-10-07T17:45:19.8522685Z q : ℝ
verify	Recover stopped G5 original compiler diagnostics	2026-10-07T17:45:19.8523462Z ⊢ (if ⟨3, ⋯⟩ = 4 then q ^ 3 else q) = (if ⟨3, ⋯⟩ = 4 then 0 else q) + if ⟨3, ⋯⟩ = 4 then q ^ 3 else 0
verify	Recover stopped G5 original compiler diagnostics	2026-10-07T17:45:19.8524040Z 
verify	Recover stopped G5 original compiler diagnostics	2026-10-07T17:45:19.8524246Z case «3».«1»
verify	Recover stopped G5 original compiler diagnostics	2026-10-07T17:45:19.8524591Z q : ℝ
verify	Recover stopped G5 original compiler diagnostics	2026-10-07T17:45:19.8525343Z ⊢ (if ⟨3, ⋯⟩ = 4 then if 1 = 4 then 1 + q * (-3 / 2) + q ^ 3 * (1 / 2) else q * (1 / 2) + q ^ 3 * (-1 / 2) else 0) =
verify	Recover stopped G5 original compiler diagnostics	2026-10-07T17:45:19.8526240Z     ((if ⟨3, ⋯⟩ = 4 then if 1 = 4 then 1 else 0 else 0) +
verify	Recover stopped G5 original compiler diagnostics	2026-10-07T17:45:19.8527399Z         if ⟨3, ⋯⟩ = 4 then if 1 = 4 then q * (-3 / 2) else q * (1 / 2) else 0) +
verify	Recover stopped G5 original compiler diagnostics	2026-10-07T17:45:19.8528278Z       if ⟨3, ⋯⟩ = 4 then if 1 = 4 then q ^ 3 * (1 / 2) else q ^ 3 * (-1 / 2) else 0
verify	Recover stopped G5 original compiler diagnostics	2026-10-07T17:45:19.8528793Z 
verify	Recover stopped G5 original compiler diagnostics	2026-10-07T17:45:19.8528986Z case «3».«2»
verify	Recover stopped G5 original compiler diagnostics	2026-10-07T17:45:19.8529329Z q : ℝ
verify	Recover stopped G5 original compiler diagnostics	2026-10-07T17:45:19.8530053Z ⊢ (if ⟨3, ⋯⟩ = 4 then if ⟨2, ⋯⟩ = 4 then 1 + q * (-3 / 2) + q ^ 3 * (1 / 2) else q * (1 / 2) + q ^ 3 * (-1 / 2)
verify	Recover stopped G5 original compiler diagnostics	2026-10-07T17:45:19.8530810Z     else 0) =
verify	Recover stopped G5 original compiler diagnostics	2026-10-07T17:45:19.8531425Z     ((if ⟨3, ⋯⟩ = 4 then if ⟨2, ⋯⟩ = 4 then 1 else 0 else 0) +
verify	Recover stopped G5 original compiler diagnostics	2026-10-07T17:45:19.8532366Z         if ⟨3, ⋯⟩ = 4 then if ⟨2, ⋯⟩ = 4 then q * (-3 / 2) else q * (1 / 2) else 0) +
verify	Recover stopped G5 original compiler diagnostics	2026-10-07T17:45:19.8533694Z       if ⟨3, ⋯⟩ = 4 then if ⟨2, ⋯⟩ = 4 then q ^ 3 * (1 / 2) else q ^ 3 * (-1 / 2) else 0
verify	Recover stopped G5 original compiler diagnostics	2026-10-07T17:45:19.8534234Z 
verify	Recover stopped G5 original compiler diagnostics	2026-10-07T17:45:19.8534459Z case «3».«3»
verify	Recover stopped G5 original compiler diagnostics	2026-10-07T17:45:19.8534817Z q : ℝ
verify	Recover stopped G5 original compiler diagnostics	2026-10-07T17:45:19.8535554Z ⊢ (if ⟨3, ⋯⟩ = 4 then if ⟨3, ⋯⟩ = 4 then 1 + q * (-3 / 2) + q ^ 3 * (1 / 2) else q * (1 / 2) + q ^ 3 * (-1 / 2)
verify	Recover stopped G5 original compiler diagnostics	2026-10-07T17:45:19.8536337Z     else 1 - q) =
verify	Recover stopped G5 original compiler diagnostics	2026-10-07T17:45:19.8536911Z     ((if ⟨3, ⋯⟩ = 4 then if ⟨3, ⋯⟩ = 4 then 1 else 0 else 1) +
verify	Recover stopped G5 original compiler diagnostics	2026-10-07T17:45:19.8538215Z         if ⟨3, ⋯⟩ = 4 then if ⟨3, ⋯⟩ = 4 then q * (-3 / 2) else q * (1 / 2) else -q) +
verify	Recover stopped G5 original compiler diagnostics	2026-10-07T17:45:19.8538923Z       if ⟨3, ⋯⟩ = 4 then if ⟨3, ⋯⟩ = 4 then q ^ 3 * (1 / 2) else q ^ 3 * (-1 / 2) else 0
verify	Recover stopped G5 original compiler diagnostics	2026-10-07T17:45:19.8539223Z 
verify	Recover stopped G5 original compiler diagnostics	2026-10-07T17:45:19.8539340Z case «3».«4»
verify	Recover stopped G5 original compiler diagnostics	2026-10-07T17:45:19.8539602Z q : ℝ
verify	Recover stopped G5 original compiler diagnostics	2026-10-07T17:45:19.8540013Z ⊢ (if ⟨3, ⋯⟩ = 4 then if ⟨4, ⋯⟩ = 4 then 1 + q * (-3 / 2) + q ^ 3 * (1 / 2) else q * (1 / 2) + q ^ 3 * (-1 / 2)
verify	Recover stopped G5 original compiler diagnostics	2026-10-07T17:45:19.8540421Z     else 0) =
verify	Recover stopped G5 original compiler diagnostics	2026-10-07T17:45:19.8540726Z     ((if ⟨3, ⋯⟩ = 4 then if ⟨4, ⋯⟩ = 4 then 1 else 0 else 0) +
verify	Recover stopped G5 original compiler diagnostics	2026-10-07T17:45:19.8541186Z         if ⟨3, ⋯⟩ = 4 then if ⟨4, ⋯⟩ = 4 then q * (-3 / 2) else q * (1 / 2) else 0) +
verify	Recover stopped G5 original compiler diagnostics	2026-10-07T17:45:19.8541703Z       if ⟨3, ⋯⟩ = 4 then if ⟨4, ⋯⟩ = 4 then q ^ 3 * (1 / 2) else q ^ 3 * (-1 / 2) else 0
verify	Recover stopped G5 original compiler diagnostics	2026-10-07T17:45:19.8542006Z 
verify	Recover stopped G5 original compiler diagnostics	2026-10-07T17:45:19.8542112Z case «4».«0»
verify	Recover stopped G5 original compiler diagnostics	2026-10-07T17:45:19.8542325Z q : ℝ
verify	Recover stopped G5 original compiler diagnostics	2026-10-07T17:45:19.8543078Z ⊢ (if ⟨4, ⋯⟩ = 4 then q ^ 3 else q) = (if ⟨4, ⋯⟩ = 4 then 0 else q) + if ⟨4, ⋯⟩ = 4 then q ^ 3 else 0
verify	Recover stopped G5 original compiler diagnostics	2026-10-07T17:45:19.8543431Z 
verify	Recover stopped G5 original compiler diagnostics	2026-10-07T17:45:19.8543548Z case «4».«1»
verify	Recover stopped G5 original compiler diagnostics	2026-10-07T17:45:19.8543751Z q : ℝ
verify	Recover stopped G5 original compiler diagnostics	2026-10-07T17:45:19.8544177Z ⊢ (if ⟨4, ⋯⟩ = 4 then if 1 = 4 then 1 + q * (-3 / 2) + q ^ 3 * (1 / 2) else q * (1 / 2) + q ^ 3 * (-1 / 2) else 0) =
verify	Recover stopped G5 original compiler diagnostics	2026-10-07T17:45:19.8544693Z     ((if ⟨4, ⋯⟩ = 4 then if 1 = 4 then 1 else 0 else 0) +
verify	Recover stopped G5 original compiler diagnostics	2026-10-07T17:45:19.8545145Z         if ⟨4, ⋯⟩ = 4 then if 1 = 4 then q * (-3 / 2) else q * (1 / 2) else 0) +
verify	Recover stopped G5 original compiler diagnostics	2026-10-07T17:45:19.8545655Z       if ⟨4, ⋯⟩ = 4 then if 1 = 4 then q ^ 3 * (1 / 2) else q ^ 3 * (-1 / 2) else 0
verify	Recover stopped G5 original compiler diagnostics	2026-10-07T17:45:19.8545927Z 
verify	Recover stopped G5 original compiler diagnostics	2026-10-07T17:45:19.8546037Z case «4».«2»
verify	Recover stopped G5 original compiler diagnostics	2026-10-07T17:45:19.8546231Z q : ℝ
verify	Recover stopped G5 original compiler diagnostics	2026-10-07T17:45:19.8546627Z ⊢ (if ⟨4, ⋯⟩ = 4 then if ⟨2, ⋯⟩ = 4 then 1 + q * (-3 / 2) + q ^ 3 * (1 / 2) else q * (1 / 2) + q ^ 3 * (-1 / 2)
verify	Recover stopped G5 original compiler diagnostics	2026-10-07T17:45:19.8547038Z     else 0) =
verify	Recover stopped G5 original compiler diagnostics	2026-10-07T17:45:19.8547336Z     ((if ⟨4, ⋯⟩ = 4 then if ⟨2, ⋯⟩ = 4 then 1 else 0 else 0) +
verify	Recover stopped G5 original compiler diagnostics	2026-10-07T17:45:19.8547800Z         if ⟨4, ⋯⟩ = 4 then if ⟨2, ⋯⟩ = 4 then q * (-3 / 2) else q * (1 / 2) else 0) +
verify	Recover stopped G5 original compiler diagnostics	2026-10-07T17:45:19.8548291Z       if ⟨4, ⋯⟩ = 4 then if ⟨2, ⋯⟩ = 4 then q ^ 3 * (1 / 2) else q ^ 3 * (-1 / 2) else 0
verify	Recover stopped G5 original compiler diagnostics	2026-10-07T17:45:19.8548561Z 
verify	Recover stopped G5 original compiler diagnostics	2026-10-07T17:45:19.8548664Z case «4».«3»
verify	Recover stopped G5 original compiler diagnostics	2026-10-07T17:45:19.8548853Z q : ℝ
verify	Recover stopped G5 original compiler diagnostics	2026-10-07T17:45:19.8549235Z ⊢ (if ⟨4, ⋯⟩ = 4 then if ⟨3, ⋯⟩ = 4 then 1 + q * (-3 / 2) + q ^ 3 * (1 / 2) else q * (1 / 2) + q ^ 3 * (-1 / 2)
verify	Recover stopped G5 original compiler diagnostics	2026-10-07T17:45:19.8549639Z     else 0) =
verify	Recover stopped G5 original compiler diagnostics	2026-10-07T17:45:19.8549940Z     ((if ⟨4, ⋯⟩ = 4 then if ⟨3, ⋯⟩ = 4 then 1 else 0 else 0) +
verify	Recover stopped G5 original compiler diagnostics	2026-10-07T17:45:19.8550388Z         if ⟨4, ⋯⟩ = 4 then if ⟨3, ⋯⟩ = 4 then q * (-3 / 2) else q * (1 / 2) else 0) +
verify	Recover stopped G5 original compiler diagnostics	2026-10-07T17:45:19.8550883Z       if ⟨4, ⋯⟩ = 4 then if ⟨3, ⋯⟩ = 4 then q ^ 3 * (1 / 2) else q ^ 3 * (-1 / 2) else 0
verify	Recover stopped G5 original compiler diagnostics	2026-10-07T17:45:19.8551365Z 
verify	Recover stopped G5 original compiler diagnostics	2026-10-07T17:45:19.8551475Z case «4».«4»
verify	Recover stopped G5 original compiler diagnostics	2026-10-07T17:45:19.8551668Z q : ℝ
verify	Recover stopped G5 original compiler diagnostics	2026-10-07T17:45:19.8552056Z ⊢ (if ⟨4, ⋯⟩ = 4 then if ⟨4, ⋯⟩ = 4 then 1 + q * (-3 / 2) + q ^ 3 * (1 / 2) else q * (1 / 2) + q ^ 3 * (-1 / 2)
verify	Recover stopped G5 original compiler diagnostics	2026-10-07T17:45:19.8552749Z     else 1 - q) =
verify	Recover stopped G5 original compiler diagnostics	2026-10-07T17:45:19.8553077Z     ((if ⟨4, ⋯⟩ = 4 then if ⟨4, ⋯⟩ = 4 then 1 else 0 else 1) +
verify	Recover stopped G5 original compiler diagnostics	2026-10-07T17:45:19.8553531Z         if ⟨4, ⋯⟩ = 4 then if ⟨4, ⋯⟩ = 4 then q * (-3 / 2) else q * (1 / 2) else -q) +
verify	Recover stopped G5 original compiler diagnostics	2026-10-07T17:45:19.8554037Z       if ⟨4, ⋯⟩ = 4 then if ⟨4, ⋯⟩ = 4 then q ^ 3 * (1 / 2) else q ^ 3 * (-1 / 2) else 0
verify	Recover stopped G5 original compiler diagnostics	2026-10-07T17:45:19.8554700Z /home/runner/work/_temp/cloud-g5-build/CloudG5/G5FrozenTripleAnalyticSupport.lean:66:45: error: Type mismatch
verify	Recover stopped G5 original compiler diagnostics	2026-10-07T17:45:19.8555239Z   zero_mul ?m.69
verify	Recover stopped G5 original compiler diagnostics	2026-10-07T17:45:19.8555440Z has type
verify	Recover stopped G5 original compiler diagnostics	2026-10-07T17:45:19.8555625Z   0 * ?m.69 = 0
verify	Recover stopped G5 original compiler diagnostics	2026-10-07T17:45:19.8555850Z but is expected to have type
verify	Recover stopped G5 original compiler diagnostics	2026-10-07T17:45:19.8556380Z   x✝ ∈ Finsupp.support ?m.63 ∪ Finsupp.support ?m.64 → ?m.65 x✝ 0 = 0
verify	Recover stopped G5 original compiler diagnostics	2026-10-07T17:45:19.8557062Z /home/runner/work/_temp/cloud-g5-build/CloudG5/G5FrozenTripleAnalyticSupport.lean:67:20: error: Type mismatch
verify	Recover stopped G5 original compiler diagnostics	2026-10-07T17:45:19.8557768Z   add_mul ?m.78 ?m.79 ?m.80
verify	Recover stopped G5 original compiler diagnostics	2026-10-07T17:45:19.8558003Z has type
verify	Recover stopped G5 original compiler diagnostics	2026-10-07T17:45:19.8558248Z   (?m.78 + ?m.79) * ?m.80 = ?m.78 * ?m.80 + ?m.79 * ?m.80
verify	Recover stopped G5 original compiler diagnostics	2026-10-07T17:45:19.8558562Z but is expected to have type
verify	Recover stopped G5 original compiler diagnostics	2026-10-07T17:45:19.8558928Z   ∀ (b₂ : ?m.58), ?m.65 x✝² (x✝ + b₂) = ?m.65 x✝² x✝ + ?m.65 x✝² b₂
verify	Recover stopped G5 original compiler diagnostics	2026-10-07T17:45:19.8559658Z /home/runner/work/_temp/cloud-g5-build/CloudG5/G5FrozenTripleAnalyticSupport.lean:67:61: error: Application type mismatch: The argument
verify	Recover stopped G5 original compiler diagnostics	2026-10-07T17:45:19.8560290Z   zero_mul ?m.67
verify	Recover stopped G5 original compiler diagnostics	2026-10-07T17:45:19.8560488Z has type
verify	Recover stopped G5 original compiler diagnostics	2026-10-07T17:45:19.8560669Z   0 * ?m.67 = 0
verify	Recover stopped G5 original compiler diagnostics	2026-10-07T17:45:19.8560896Z but is expected to have type
verify	Recover stopped G5 original compiler diagnostics	2026-10-07T17:45:19.8561134Z   ?m.64 ?m.62 0 = 0
verify	Recover stopped G5 original compiler diagnostics	2026-10-07T17:45:19.8561344Z in the application
verify	Recover stopped G5 original compiler diagnostics	2026-10-07T17:45:19.8561591Z   Finsupp.sum_single_index (zero_mul ?m.67)
verify	Recover stopped G5 original compiler diagnostics	2026-10-07T17:45:19.8562186Z /home/runner/work/_temp/cloud-g5-build/CloudG5/G5FrozenTripleAnalyticSupport.lean:59:50: error: unsolved goals
verify	Recover stopped G5 original compiler diagnostics	2026-10-07T17:45:19.8563033Z rate u : ℝ
verify	Recover stopped G5 original compiler diagnostics	2026-10-07T17:45:19.8563261Z occupancy gene : Fin 5
verify	Recover stopped G5 original compiler diagnostics	2026-10-07T17:45:19.8563559Z hc : Real.exp (-rate * u) ^ 3 = Real.exp (-3 * rate * u)
verify	Recover stopped G5 original compiler diagnostics	2026-10-07T17:45:19.8564165Z ⊢ ((Finsupp.single 0 (row 0 occupancy gene) + Finsupp.single (-rate) (linearCoefficient occupancy gene) +
verify	Recover stopped G5 original compiler diagnostics	2026-10-07T17:45:19.8564778Z           Finsupp.single (-3 * rate) (cubicCoefficient occupancy gene)).sum
verify	Recover stopped G5 original compiler diagnostics	2026-10-07T17:45:19.8565218Z       fun rate weight => weight * Real.exp (rate * u)) =
verify	Recover stopped G5 original compiler diagnostics	2026-10-07T17:45:19.8565693Z     row 0 occupancy gene + linearCoefficient occupancy gene * Real.exp (-rate * u) +
verify	Recover stopped G5 original compiler diagnostics	2026-10-07T17:45:19.8566196Z       cubicCoefficient occupancy gene * Real.exp (-3 * rate * u)
verify	Recover stopped G5 original compiler diagnostics	2026-10-07T17:45:19.8566910Z /home/runner/work/_temp/cloud-g5-build/CloudG5/G5FrozenTripleAnalyticSupport.lean:68:4: warning: This simp argument is unused:
verify	Recover stopped G5 original compiler diagnostics	2026-10-07T17:45:19.8567819Z   zero_mul
verify	Recover stopped G5 original compiler diagnostics	2026-10-07T17:45:19.8567967Z 
verify	Recover stopped G5 original compiler diagnostics	2026-10-07T17:45:19.8568097Z Hint: Omit it from the simp argument list.
verify	Recover stopped G5 original compiler diagnostics	2026-10-07T17:45:19.8568692Z   [apply] simp only [Finsupp.sum_add_index (fun _ => zero_mul _) (fun _ _ _ => add_mul _ _ _),
verify	Recover stopped G5 original compiler diagnostics	2026-10-07T17:45:19.8569448Z     Finsupp.sum_single_index (zero_mul _), Real.exp_zero, mul_one, hc]
verify	Recover stopped G5 original compiler diagnostics	2026-10-07T17:45:19.8569741Z 
verify	Recover stopped G5 original compiler diagnostics	2026-10-07T17:45:19.8569997Z Note: This linter can be disabled with `set_option linter.unusedSimpArgs false`
verify	Recover stopped G5 original compiler diagnostics	2026-10-07T17:45:19.8570771Z /home/runner/work/_temp/cloud-g5-build/CloudG5/G5FrozenTripleAnalyticSupport.lean:68:14: warning: This simp argument is unused:
verify	Recover stopped G5 original compiler diagnostics	2026-10-07T17:45:19.8571366Z   Real.exp_zero
verify	Recover stopped G5 original compiler diagnostics	2026-10-07T17:45:19.8571488Z 
verify	Recover stopped G5 original compiler diagnostics	2026-10-07T17:45:19.8571619Z Hint: Omit it from the simp argument list.
verify	Recover stopped G5 original compiler diagnostics	2026-10-07T17:45:19.8572128Z   [apply] simp only [Finsupp.sum_add_index (fun _ => zero_mul _) (fun _ _ _ => add_mul _ _ _),
verify	Recover stopped G5 original compiler diagnostics	2026-10-07T17:45:19.8572996Z     Finsupp.sum_single_index (zero_mul _), zero_mul, mul_one, hc]
verify	Recover stopped G5 original compiler diagnostics	2026-10-07T17:45:19.8573445Z 
verify	Recover stopped G5 original compiler diagnostics	2026-10-07T17:45:19.8573701Z Note: This linter can be disabled with `set_option linter.unusedSimpArgs false`
verify	Recover stopped G5 original compiler diagnostics	2026-10-07T17:45:19.8574470Z /home/runner/work/_temp/cloud-g5-build/CloudG5/G5FrozenTripleAnalyticSupport.lean:68:29: warning: This simp argument is unused:
verify	Recover stopped G5 original compiler diagnostics	2026-10-07T17:45:19.8575060Z   mul_one
verify	Recover stopped G5 original compiler diagnostics	2026-10-07T17:45:19.8575164Z 
verify	Recover stopped G5 original compiler diagnostics	2026-10-07T17:45:19.8575300Z Hint: Omit it from the simp argument list.
verify	Recover stopped G5 original compiler diagnostics	2026-10-07T17:45:19.8575766Z   [apply] simp only [Finsupp.sum_add_index (fun _ => zero_mul _) (fun _ _ _ => add_mul _ _ _),
verify	Recover stopped G5 original compiler diagnostics	2026-10-07T17:45:19.8576313Z     Finsupp.sum_single_index (zero_mul _), zero_mul, Real.exp_zero, hc]
verify	Recover stopped G5 original compiler diagnostics	2026-10-07T17:45:19.8576599Z 
verify	Recover stopped G5 original compiler diagnostics	2026-10-07T17:45:19.8576842Z Note: This linter can be disabled with `set_option linter.unusedSimpArgs false`
verify	Recover stopped G5 original compiler diagnostics	2026-10-07T17:45:19.8577471Z 'GProgram.G5.FrozenTripleAnalyticSupport.exp_parameter_bounds' depends on axioms: [propext,
verify	Recover stopped G5 original compiler diagnostics	2026-10-07T17:45:19.8577945Z  Classical.choice,
verify	Recover stopped G5 original compiler diagnostics	2026-10-07T17:45:19.8578166Z  Quot.sound]
verify	Recover stopped G5 original compiler diagnostics	2026-10-07T17:45:19.8578714Z 'GProgram.G5.FrozenTripleAnalyticSupport.exp_parameter_decay' depends on axioms: [propext, Classical.choice, Quot.sound]
verify	Recover stopped G5 original compiler diagnostics	2026-10-07T17:45:19.8579488Z 'GProgram.G5.FrozenTripleAnalyticSupport.row_polynomial' depends on axioms: [propext,
verify	Recover stopped G5 original compiler diagnostics	2026-10-07T17:45:19.8580046Z  sorryAx,
verify	Recover stopped G5 original compiler diagnostics	2026-10-07T17:45:19.8580242Z  Classical.choice,
verify	Recover stopped G5 original compiler diagnostics	2026-10-07T17:45:19.8580451Z  Quot.sound]
verify	Recover stopped G5 original compiler diagnostics	2026-10-07T17:45:19.8580909Z 'GProgram.G5.FrozenTripleAnalyticSupport.row_coefficients_evaluation' depends on axioms: [propext,
verify	Recover stopped G5 original compiler diagnostics	2026-10-07T17:45:19.8581426Z  sorryAx,
verify	Recover stopped G5 original compiler diagnostics	2026-10-07T17:45:19.8581619Z  Classical.choice,
verify	Recover stopped G5 original compiler diagnostics	2026-10-07T17:45:19.8581826Z  Quot.sound]
verify	Recover stopped G5 original compiler diagnostics	2026-10-07T17:45:19.8582295Z 'GProgram.G5.FrozenTripleAnalyticSupport.frozen_coefficients_evaluation' depends on axioms: [propext,
verify	Recover stopped G5 original compiler diagnostics	2026-10-07T17:45:19.8583088Z  sorryAx,
verify	Recover stopped G5 original compiler diagnostics	2026-10-07T17:45:19.8583287Z  Classical.choice,
verify	Recover stopped G5 original compiler diagnostics	2026-10-07T17:45:19.8583493Z  Quot.sound]
verify	Recover stopped G5 original compiler diagnostics	2026-10-07T17:45:19.8583927Z 'GProgram.G5.FrozenTripleAnalyticSupport.frozen_mixture_limit' depends on axioms: [propext,
verify	Recover stopped G5 original compiler diagnostics	2026-10-07T17:45:19.8584412Z  Classical.choice,
verify	Recover stopped G5 original compiler diagnostics	2026-10-07T17:45:19.8584616Z  Quot.sound]
verify	Recover stopped G5 original compiler diagnostics	2026-10-07T17:45:19.8585086Z 'GProgram.G5.FrozenTripleAnalyticSupport.frozen_mixtures_eq_of_right_germ' depends on axioms: [propext,
verify	Recover stopped G5 original compiler diagnostics	2026-10-07T17:45:19.8585595Z  sorryAx,
verify	Recover stopped G5 original compiler diagnostics	2026-10-07T17:45:19.8585787Z  Classical.choice,
verify	Recover stopped G5 original compiler diagnostics	2026-10-07T17:45:19.8585986Z  Quot.sound]
verify	Recover stopped G5 original compiler diagnostics	2026-10-07T17:45:19.8586472Z 'GProgram.G5.FrozenTripleAnalyticSupport.occupancy_masses_eq_of_right_germ' depends on axioms: [propext,
verify	Recover stopped G5 original compiler diagnostics	2026-10-07T17:45:19.8586973Z  sorryAx,
verify	Recover stopped G5 original compiler diagnostics	2026-10-07T17:45:19.8587162Z  Classical.choice,
verify	Recover stopped G5 original compiler diagnostics	2026-10-07T17:45:19.8587366Z  Quot.sound]
verify	Recover stopped G5 original compiler diagnostics	2026-10-07T17:45:19.8587854Z 'GProgram.G5.FrozenTripleAnalyticSupport.occupancy_support_eq_of_right_germ' depends on axioms: [propext,
verify	Recover stopped G5 original compiler diagnostics	2026-10-07T17:45:19.8588359Z  sorryAx,
verify	Recover stopped G5 original compiler diagnostics	2026-10-07T17:45:19.8588552Z  Classical.choice,
verify	Recover stopped G5 original compiler diagnostics	2026-10-07T17:45:19.8588754Z  Quot.sound]
verify	Recover stopped G5 original compiler diagnostics	2026-10-07T17:45:19.8588974Z G5_ORIGINAL_FAILED_DIAGNOSTIC_END
verify	Recover stopped G5 original compiler diagnostics	2026-10-07T17:45:19.8589255Z G5_ORIGINAL_module-results.json {
verify	Recover stopped G5 original compiler diagnostics	2026-10-07T17:45:19.8589557Z   "G5FrozenTriplePolynomialKernel": {
verify	Recover stopped G5 original compiler diagnostics	2026-10-07T17:45:19.8589857Z     "status": "PASS",
verify	Recover stopped G5 original compiler diagnostics	2026-10-07T17:45:19.8590077Z     "exit": 0,
verify	Recover stopped G5 original compiler diagnostics	2026-10-07T17:45:19.8590470Z     "source_sha256": "ba0c611a563318de5d2310b6620cae0899c77b9ead6cf690efd82af926c746a4",
verify	Recover stopped G5 original compiler diagnostics	2026-10-07T17:45:19.8591118Z     "artifact_sha256": "c7fe5b50a3bdabe11128e6628c9f4fe5c744a42692a1f72e12bac57ae897f610"
verify	Recover stopped G5 original compiler diagnostics	2026-10-07T17:45:19.8591543Z   },
verify	Recover stopped G5 original compiler diagnostics	2026-10-07T17:45:19.8591777Z   "G5ExponentialGermIdentification": {
verify	Recover stopped G5 original compiler diagnostics	2026-10-07T17:45:19.8592066Z     "status": "PASS",
verify	Recover stopped G5 original compiler diagnostics	2026-10-07T17:45:19.8592284Z     "exit": 0,
verify	Recover stopped G5 original compiler diagnostics	2026-10-07T17:45:19.8592913Z     "source_sha256": "c87eb5933db663acbed6128f9898ed357c1c0ba9a8fbf287ebb04cbecffa13d0",
verify	Recover stopped G5 original compiler diagnostics	2026-10-07T17:45:19.8593529Z     "artifact_sha256": "f5871e7e0c92132cfd8ffd2aa2aee62fd531a8135d709fc502f1f81767317fdc"
verify	Recover stopped G5 original compiler diagnostics	2026-10-07T17:45:19.8593947Z   },
verify	Recover stopped G5 original compiler diagnostics	2026-10-07T17:45:19.8594155Z   "G5UnknownRateSupport": {
verify	Recover stopped G5 original compiler diagnostics	2026-10-07T17:45:19.8594406Z     "status": "PASS",
verify	Recover stopped G5 original compiler diagnostics	2026-10-07T17:45:19.8594616Z     "exit": 0,
verify	Recover stopped G5 original compiler diagnostics	2026-10-07T17:45:19.8594998Z     "source_sha256": "5138246c24f49bc7b4b2adf28fd776b1b89f16e5cf7bc5bfa1b27c97afa7fa93",
verify	Recover stopped G5 original compiler diagnostics	2026-10-07T17:45:19.8595779Z     "artifact_sha256": "6c9eab9d43b38f9f40f1ad205e7108c2a66178abca4f457f9f1fb343dfc2dd9e"
verify	Recover stopped G5 original compiler diagnostics	2026-10-07T17:45:19.8596199Z   },
verify	Recover stopped G5 original compiler diagnostics	2026-10-07T17:45:19.8596413Z   "G5FrozenTripleAnalyticSupport": {
verify	Recover stopped G5 original compiler diagnostics	2026-10-07T17:45:19.8596691Z     "status": "FAIL",
verify	Recover stopped G5 original compiler diagnostics	2026-10-07T17:45:19.8596900Z     "exit": 1,
verify	Recover stopped G5 original compiler diagnostics	2026-10-07T17:45:19.8597268Z     "source_sha256": "87679f3b02566a44efd25b3d275af458716c015b346e02bd9d513093e5787f4c"
verify	Recover stopped G5 original compiler diagnostics	2026-10-07T17:45:19.8597666Z   },
verify	Recover stopped G5 original compiler diagnostics	2026-10-07T17:45:19.8597847Z   "SourceNetwork": {
verify	Recover stopped G5 original compiler diagnostics	2026-10-07T17:45:19.8598067Z     "status": "PASS",
verify	Recover stopped G5 original compiler diagnostics	2026-10-07T17:45:19.8598272Z     "exit": 0,
verify	Recover stopped G5 original compiler diagnostics	2026-10-07T17:45:19.8598680Z     "source_sha256": "0e0a2a3ed6bdbbd7242980a6428ebf8ec0ec85d077d2ccf9cd8dfef4e1bd2eb7",
verify	Recover stopped G5 original compiler diagnostics	2026-10-07T17:45:19.8599278Z     "artifact_sha256": "5839e58243c6e4e4998b43a12b25e263da4f390ba9507a1cd165b3660df6bd7a"
verify	Recover stopped G5 original compiler diagnostics	2026-10-07T17:45:19.8599676Z   },
verify	Recover stopped G5 original compiler diagnostics	2026-10-07T17:45:19.8599873Z   "G2LiveLineageRouting": {
verify	Recover stopped G5 original compiler diagnostics	2026-10-07T17:45:19.8600113Z     "status": "PASS",
verify	Recover stopped G5 original compiler diagnostics	2026-10-07T17:45:19.8600322Z     "exit": 0,
verify	Recover stopped G5 original compiler diagnostics	2026-10-07T17:45:19.8600688Z     "source_sha256": "bf33f6be93e61960aa637df34d1197316669d6f2ddde6d743ac405a010cb05af",
verify	Recover stopped G5 original compiler diagnostics	2026-10-07T17:45:19.8601401Z     "artifact_sha256": "af00bd42555ed1078283b2cfe09904e77490eec1f6a0416d223aba949d4880ce"
verify	Recover stopped G5 original compiler diagnostics	2026-10-07T17:45:19.8601808Z   },
verify	Recover stopped G5 original compiler diagnostics	2026-10-07T17:45:19.8602005Z   "SourceLabelledForest": {
verify	Recover stopped G5 original compiler diagnostics	2026-10-07T17:45:19.8602238Z     "status": "PASS",
verify	Recover stopped G5 original compiler diagnostics	2026-10-07T17:45:19.8602700Z     "exit": 0,
verify	Recover stopped G5 original compiler diagnostics	2026-10-07T17:45:19.8603087Z     "source_sha256": "d6e5b2b57cf03091f8b5b5a2c80cf49de39bab938c50a467b46b30e08f12871d",
verify	Recover stopped G5 original compiler diagnostics	2026-10-07T17:45:19.8603691Z     "artifact_sha256": "f2a5b4e2dd8a0b55c67f59e1c1bfe7850a6d4197c5f362cee74d4f60348b9f43"
verify	Recover stopped G5 original compiler diagnostics	2026-10-07T17:45:19.8604104Z   },
verify	Recover stopped G5 original compiler diagnostics	2026-10-07T17:45:19.8604322Z   "SourceForestKingmanProjection": {
verify	Recover stopped G5 original compiler diagnostics	2026-10-07T17:45:19.8604599Z     "status": "PASS",
verify	Recover stopped G5 original compiler diagnostics	2026-10-07T17:45:19.8604809Z     "exit": 0,
verify	Recover stopped G5 original compiler diagnostics	2026-10-07T17:45:19.8605182Z     "source_sha256": "781d4a7ee62e5e98fa15e056e201a2c753a2f945bd536cf9df6cb04d906511a0",
verify	Recover stopped G5 original compiler diagnostics	2026-10-07T17:45:19.8605790Z     "artifact_sha256": "4c6757229e839b14c0efa66fad816dd02adb85cc1a4db269293502ed3399442a"
verify	Recover stopped G5 original compiler diagnostics	2026-10-07T17:45:19.8606205Z   },
verify	Recover stopped G5 original compiler diagnostics	2026-10-07T17:45:19.8606461Z   "SourceForestKingmanPopulationProjection": {
verify	Recover stopped G5 original compiler diagnostics	2026-10-07T17:45:19.8606772Z     "status": "PASS",
verify	Recover stopped G5 original compiler diagnostics	2026-10-07T17:45:19.8606979Z     "exit": 0,
verify	Recover stopped G5 original compiler diagnostics	2026-10-07T17:45:19.8607360Z     "source_sha256": "e8733ab8e66c60f98cfcfcd56e703b55a5ad8674dc5361f4ac6cb0c35f80f6e4",
verify	Recover stopped G5 original compiler diagnostics	2026-10-07T17:45:19.8607972Z     "artifact_sha256": "731eef4f7f6f2ec68b5fbe95ec350cb407633a03e5f52a77665f5ad806c7ae30"
verify	Recover stopped G5 original compiler diagnostics	2026-10-07T17:45:19.8608382Z   },
verify	Recover stopped G5 original compiler diagnostics	2026-10-07T17:45:19.8608644Z   "UnifiedLean.Source.SourceForestSilentPruning": {
verify	Recover stopped G5 original compiler diagnostics	2026-10-07T17:45:19.8608972Z     "status": "PASS",
verify	Recover stopped G5 original compiler diagnostics	2026-10-07T17:45:19.8609181Z     "exit": 0,
verify	Recover stopped G5 original compiler diagnostics	2026-10-07T17:45:19.8609561Z     "source_sha256": "86f61cc8ce06af574ee98b37db0ecd7c8cbc2df99e495ce1b9a66605ea8fb5c2",
verify	Recover stopped G5 original compiler diagnostics	2026-10-07T17:45:19.8610168Z     "artifact_sha256": "5dc9544d1e4111dbf9c3214a8bd274e18af367a572fb3d2adea13141402402e6"
verify	Recover stopped G5 original compiler diagnostics	2026-10-07T17:45:19.8610576Z   },
verify	Recover stopped G5 original compiler diagnostics	2026-10-07T17:45:19.8610788Z   "G2FaithfulPairAgeDecoration": {
verify	Recover stopped G5 original compiler diagnostics	2026-10-07T17:45:19.8611054Z     "status": "PASS",
verify	Recover stopped G5 original compiler diagnostics	2026-10-07T17:45:19.8611270Z     "exit": 0,
verify	Recover stopped G5 original compiler diagnostics	2026-10-07T17:45:19.8611648Z     "source_sha256": "c82708abcdae2e3e174f245dccca811881b5149f1acb69b12700850b307b5735",
verify	Recover stopped G5 original compiler diagnostics	2026-10-07T17:45:19.8612255Z     "artifact_sha256": "aaae4b75efbd4a5340d5a6eb5ba0c4ee67ee139b78bdb2d359ec9bcd5c6d3ba3"
verify	Recover stopped G5 original compiler diagnostics	2026-10-07T17:45:19.8613054Z   },
verify	Recover stopped G5 original compiler diagnostics	2026-10-07T17:45:19.8613309Z   "UnifiedLean.Source.FiniteGenealogyEncoding": {
verify	Recover stopped G5 original compiler diagnostics	2026-10-07T17:45:19.8613626Z     "status": "PASS",
verify	Recover stopped G5 original compiler diagnostics	2026-10-07T17:45:19.8613831Z     "exit": 0,
verify	Recover stopped G5 original compiler diagnostics	2026-10-07T17:45:19.8614208Z     "source_sha256": "3d862f8d9f9a43aed6324954ebea749001fd2b221dd90dd7d58cf4e4419fbcac",
verify	Recover stopped G5 original compiler diagnostics	2026-10-07T17:45:19.8614797Z     "artifact_sha256": "350a72a7a56d3739f8872385b9226e60779ee9281660689d6ee7a0854dcb31da"
verify	Recover stopped G5 original compiler diagnostics	2026-10-07T17:45:19.8615195Z   },
verify	Recover stopped G5 original compiler diagnostics	2026-10-07T17:45:19.8615441Z   "UnifiedLean.Source.FiniteSourceSnapshot": {
verify	Recover stopped G5 original compiler diagnostics	2026-10-07T17:45:19.8615895Z     "status": "PASS",
verify	Recover stopped G5 original compiler diagnostics	2026-10-07T17:45:19.8616099Z     "exit": 0,
verify	Recover stopped G5 original compiler diagnostics	2026-10-07T17:45:19.8616467Z     "source_sha256": "4628112bbbc69528748bbc93f8a3f8200bc802a6e72417fb90c39e7acd49f744",
verify	Recover stopped G5 original compiler diagnostics	2026-10-07T17:45:19.8617070Z     "artifact_sha256": "acecbfa7e7c54592eb43a2451f5171ec5f6e3ac30ff6376bf482b3dc765f06b8"
verify	Recover stopped G5 original compiler diagnostics	2026-10-07T17:45:19.8617483Z   },
verify	Recover stopped G5 original compiler diagnostics	2026-10-07T17:45:19.8617669Z   "GraphLeaves": {
verify	Recover stopped G5 original compiler diagnostics	2026-10-07T17:45:19.8617882Z     "status": "PASS",
verify	Recover stopped G5 original compiler diagnostics	2026-10-07T17:45:19.8618091Z     "exit": 0,
verify	Recover stopped G5 original compiler diagnostics	2026-10-07T17:45:19.8618458Z     "source_sha256": "9d7e0f1756768fe32d4b38514c36bd961a306fb21dcf6b7fb27f5e6285a5f49b",
verify	Recover stopped G5 original compiler diagnostics	2026-10-07T17:45:19.8619058Z     "artifact_sha256": "535306348d70a72205667fc478f9db4c00fa79c5c94db3d32c2088d90b176b6b"
verify	Recover stopped G5 original compiler diagnostics	2026-10-07T17:45:19.8619667Z   },
verify	Recover stopped G5 original compiler diagnostics	2026-10-07T17:45:19.8619927Z   "GraphCuts": {
verify	Recover stopped G5 original compiler diagnostics	2026-10-07T17:45:19.8620143Z     "status": "PASS",
verify	Recover stopped G5 original compiler diagnostics	2026-10-07T17:45:19.8620354Z     "exit": 0,
verify	Recover stopped G5 original compiler diagnostics	2026-10-07T17:45:19.8620725Z     "source_sha256": "a877489ce00643ef1bf96b14d484453797891c718445ce157aa7a54beefce2e5",
verify	Recover stopped G5 original compiler diagnostics	2026-10-07T17:45:19.8621324Z     "artifact_sha256": "8c70b5566b0d9bdc4a0fb67b16250948ff4f373dff9f70aa12a9fc19f01c17d9"
verify	Recover stopped G5 original compiler diagnostics	2026-10-07T17:45:19.8621736Z   },
verify	Recover stopped G5 original compiler diagnostics	2026-10-07T17:45:19.8621926Z   "G5BridgeBarrier": {
verify	Recover stopped G5 original compiler diagnostics	2026-10-07T17:45:19.8622287Z     "status": "PASS",
verify	Recover stopped G5 original compiler diagnostics	2026-10-07T17:45:19.8622794Z     "exit": 0,
verify	Recover stopped G5 original compiler diagnostics	2026-10-07T17:45:19.8623190Z     "source_sha256": "0e2af6987c473e34c09a74ab41b3ede45ce049cbc04fde42b1d2108162467f77",
verify	Recover stopped G5 original compiler diagnostics	2026-10-07T17:45:19.8623795Z     "artifact_sha256": "8f45e753481ec724dfdeb53c07ef94692b282ca39ea202759513e7b6355df159"
verify	Recover stopped G5 original compiler diagnostics	2026-10-07T17:45:19.8624203Z   },
verify	Recover stopped G5 original compiler diagnostics	2026-10-07T17:45:19.8624397Z   "G5CalendarRoutes": {
verify	Recover stopped G5 original compiler diagnostics	2026-10-07T17:45:19.8624624Z     "status": "PASS",
verify	Recover stopped G5 original compiler diagnostics	2026-10-07T17:45:19.8624830Z     "exit": 0,
verify	Recover stopped G5 original compiler diagnostics	2026-10-07T17:45:19.8625196Z     "source_sha256": "db0e9421d59009e4119ac42e7e86517ada50f5007a314fd430f4b0937f6c80fd",
verify	Recover stopped G5 original compiler diagnostics	2026-10-07T17:45:19.8625787Z     "artifact_sha256": "1e9d5ff7367926c2d7309e8f433676203a9c1b7217e6ba86a06b12c10ae3285f"
verify	Recover stopped G5 original compiler diagnostics	2026-10-07T17:45:19.8626187Z   },
verify	Recover stopped G5 original compiler diagnostics	2026-10-07T17:45:19.8626386Z   "G5ProtectiveBlock": {
verify	Recover stopped G5 original compiler diagnostics	2026-10-07T17:45:19.8626631Z     "status": "PASS",
verify	Recover stopped G5 original compiler diagnostics	2026-10-07T17:45:19.8626836Z     "exit": 0,
verify	Recover stopped G5 original compiler diagnostics	2026-10-07T17:45:19.8627202Z     "source_sha256": "45d1f8284504ee2b591c4d56654ce7375e3979b1a97495fc439c6f4477dcffe9",
verify	Recover stopped G5 original compiler diagnostics	2026-10-07T17:45:19.8627792Z     "artifact_sha256": "676fb92eb76bfe71080770a8febc16331128e0a7f9464ea501e3d8c46e498831"
verify	Recover stopped G5 original compiler diagnostics	2026-10-07T17:45:19.8628194Z   },
verify	Recover stopped G5 original compiler diagnostics	2026-10-07T17:45:19.8628399Z   "G5MinimalGraphInterface": {
verify	Recover stopped G5 original compiler diagnostics	2026-10-07T17:45:19.8628651Z     "status": "PASS",
verify	Recover stopped G5 original compiler diagnostics	2026-10-07T17:45:19.8628856Z     "exit": 0,
verify	Recover stopped G5 original compiler diagnostics	2026-10-07T17:45:19.8629229Z     "source_sha256": "20e09481ee4518de56cf201c978d98b4cec0d94c0fbfebd40008d3a3fa799281",
verify	Recover stopped G5 original compiler diagnostics	2026-10-07T17:45:19.8629829Z     "artifact_sha256": "3791db6ded4c2c40b5f23a39fe51b8d8066a9d29082ae0e2ead4778b702bba8e"
verify	Recover stopped G5 original compiler diagnostics	2026-10-07T17:45:19.8630239Z   },
verify	Recover stopped G5 original compiler diagnostics	2026-10-07T17:45:19.8630444Z   "G6BridgeCannotEnterHybrid": {
verify	Recover stopped G5 original compiler diagnostics	2026-10-07T17:45:19.8630702Z     "status": "PASS",
verify	Recover stopped G5 original compiler diagnostics	2026-10-07T17:45:19.8630907Z     "exit": 0,
verify	Recover stopped G5 original compiler diagnostics	2026-10-07T17:45:19.8631282Z     "source_sha256": "60befd0f3660e56b46ca80f17a0c11f8ecd415833d0d52fad5ecafef7df6389e",
verify	Recover stopped G5 original compiler diagnostics	2026-10-07T17:45:19.8631884Z     "artifact_sha256": "80d41efb239a84ca63808d998beb6e9cff5134f273309285ed6f2126900e66a7"
verify	Recover stopped G5 original compiler diagnostics	2026-10-07T17:45:19.8632291Z   },
verify	Recover stopped G5 original compiler diagnostics	2026-10-07T17:45:19.8632726Z   "G5BridgeComponentEntries": {
verify	Recover stopped G5 original compiler diagnostics	2026-10-07T17:45:19.8632987Z     "status": "PASS",
verify	Recover stopped G5 original compiler diagnostics	2026-10-07T17:45:19.8633198Z     "exit": 0,
verify	Recover stopped G5 original compiler diagnostics	2026-10-07T17:45:19.8633577Z     "source_sha256": "286bcf82d6f79056a8d0d443aa6d4f19c7ca5a72669e62d8f2f4868ef0d6acc6",
verify	Recover stopped G5 original compiler diagnostics	2026-10-07T17:45:19.8634186Z     "artifact_sha256": "5bdc5ec595a8e41594610a53aad2b89f1eb452ebc277c707329a5c8bb0ea2904"
verify	Recover stopped G5 original compiler diagnostics	2026-10-07T17:45:19.8634601Z   },
verify	Recover stopped G5 original compiler diagnostics	2026-10-07T17:45:19.8634802Z   "G5NonbridgeRouteBound": {
verify	Recover stopped G5 original compiler diagnostics	2026-10-07T17:45:19.8635050Z     "status": "PASS",
verify	Recover stopped G5 original compiler diagnostics	2026-10-07T17:45:19.8635258Z     "exit": 0,
verify	Recover stopped G5 original compiler diagnostics	2026-10-07T17:45:19.8635631Z     "source_sha256": "7a0c7b0010fe42167fab26da7daf366f695c448b283a211751c5dd5416920525",
verify	Recover stopped G5 original compiler diagnostics	2026-10-07T17:45:19.8636241Z     "artifact_sha256": "ba03bc2bfb8bc59f0bde22b4e03f49457cc4481bf23d28aace13f5d9a1bcbfe2"
verify	Recover stopped G5 original compiler diagnostics	2026-10-07T17:45:19.8636797Z   },
verify	Recover stopped G5 original compiler diagnostics	2026-10-07T17:45:19.8637010Z   "G5ComponentCalendarCoverage": {
verify	Recover stopped G5 original compiler diagnostics	2026-10-07T17:45:19.8637280Z     "status": "PASS",
verify	Recover stopped G5 original compiler diagnostics	2026-10-07T17:45:19.8637488Z     "exit": 0,
verify	Recover stopped G5 original compiler diagnostics	2026-10-07T17:45:19.8637871Z     "source_sha256": "3d73d592d4c129b1b06f2eccd48a94fd8afe1e50f030a5eb18e8c3ddb9f12c10",
verify	Recover stopped G5 original compiler diagnostics	2026-10-07T17:45:19.8638468Z     "artifact_sha256": "ae92a483b3b13a6a3e2ef9278add0198f9ddc0c42480367ad95498e329b328e6"
verify	Recover stopped G5 original compiler diagnostics	2026-10-07T17:45:19.8638877Z   },
verify	Recover stopped G5 original compiler diagnostics	2026-10-07T17:45:19.8639082Z   "G5ActualComponentSupport": {
verify	Recover stopped G5 original compiler diagnostics	2026-10-07T17:45:19.8639335Z     "status": "PASS",
verify	Recover stopped G5 original compiler diagnostics	2026-10-07T17:45:19.8639540Z     "exit": 0,
verify	Recover stopped G5 original compiler diagnostics	2026-10-07T17:45:19.8639907Z     "source_sha256": "5da0a86f2d1caf9b3a78a0fd75765194fa5652ad1a55c09382502d8354faaec7",
verify	Recover stopped G5 original compiler diagnostics	2026-10-07T17:45:19.8640496Z     "artifact_sha256": "7a271c24e06f6f8ddf101b353851e9e905be249d92702f296ef8a387a5411ee9"
verify	Recover stopped G5 original compiler diagnostics	2026-10-07T17:45:19.8640903Z   },
verify	Recover stopped G5 original compiler diagnostics	2026-10-07T17:45:19.8641111Z   "G5RootRouteCurrentSupport": {
verify	Recover stopped G5 original compiler diagnostics	2026-10-07T17:45:19.8641368Z     "status": "PASS",
verify	Recover stopped G5 original compiler diagnostics	2026-10-07T17:45:19.8641579Z     "exit": 0,
verify	Recover stopped G5 original compiler diagnostics	2026-10-07T17:45:19.8641955Z     "source_sha256": "c72a58ae14539e524c37c97193d2343158eff784557fef12a7e4b7360157b554",
verify	Recover stopped G5 original compiler diagnostics	2026-10-07T17:45:19.8642795Z     "artifact_sha256": "fee3ada7da81b03dbc416c3f603ee2ea16cc95cf1f075251d0879e471b1c3d67"
verify	Recover stopped G5 original compiler diagnostics	2026-10-07T17:45:19.8643379Z   },
verify	Recover stopped G5 original compiler diagnostics	2026-10-07T17:45:19.8643587Z   "G5CurrentPortTwoPositions": {
verify	Recover stopped G5 original compiler diagnostics	2026-10-07T17:45:19.8643842Z     "status": "PASS",
verify	Recover stopped G5 original compiler diagnostics	2026-10-07T17:45:19.8644049Z     "exit": 0,
verify	Recover stopped G5 original compiler diagnostics	2026-10-07T17:45:19.8644409Z     "source_sha256": "c24d3d860a5369434f6d236c37003d3045e6452fd57dd21396dd877a5a452ce9",
verify	Recover stopped G5 original compiler diagnostics	2026-10-07T17:45:19.8645008Z     "artifact_sha256": "b6fc628aaa5eed0e0aa015f12dbfce350db21735eb0aec3539254f9f9c686a42"
verify	Recover stopped G5 original compiler diagnostics	2026-10-07T17:45:19.8645422Z   },
verify	Recover stopped G5 original compiler diagnostics	2026-10-07T17:45:19.8645636Z   "G5OriginalTipCurrentSupport": {
verify	Recover stopped G5 original compiler diagnostics	2026-10-07T17:45:19.8645900Z     "status": "PASS",
verify	Recover stopped G5 original compiler diagnostics	2026-10-07T17:45:19.8646108Z     "exit": 0,
verify	Recover stopped G5 original compiler diagnostics	2026-10-07T17:45:19.8646482Z     "source_sha256": "4324f00cb8db4d3c6ab0bfaa5e7283fcde521568f40d95aaddb9e32f896cdba2",
verify	Recover stopped G5 original compiler diagnostics	2026-10-07T17:45:19.8647087Z     "artifact_sha256": "488ff035b67e8b685e2c6ed4db6b06da1d6f416c07172a00b42a549c7b1b077b"
verify	Recover stopped G5 original compiler diagnostics	2026-10-07T17:45:19.8647493Z   },
verify	Recover stopped G5 original compiler diagnostics	2026-10-07T17:45:19.8647700Z   "G5ParentChoiceCalendar": {
verify	Recover stopped G5 original compiler diagnostics	2026-10-07T17:45:19.8647960Z     "status": "PASS",
verify	Recover stopped G5 original compiler diagnostics	2026-10-07T17:45:19.8648167Z     "exit": 0,
verify	Recover stopped G5 original compiler diagnostics	2026-10-07T17:45:19.8648534Z     "source_sha256": "357d5e59016672583318546b03bebb04ccdd5fbf95247cab22c98465dbf715b9",
verify	Recover stopped G5 original compiler diagnostics	2026-10-07T17:45:19.8649127Z     "artifact_sha256": "f309b5bb2cd35b9de626f951a477cc087fc884fe18ed56f776e1bfa15c2bb5e7"
verify	Recover stopped G5 original compiler diagnostics	2026-10-07T17:45:19.8649533Z   },
verify	Recover stopped G5 original compiler diagnostics	2026-10-07T17:45:19.8649731Z   "G5CoupledQuartetKernel": {
verify	Recover stopped G5 original compiler diagnostics	2026-10-07T17:45:19.8649991Z     "status": "PASS",
verify	Recover stopped G5 original compiler diagnostics	2026-10-07T17:45:19.8650201Z     "exit": 0,
verify	Recover stopped G5 original compiler diagnostics	2026-10-07T17:45:19.8650565Z     "source_sha256": "f9275364f5777a968c37ce39c24ea95179d23b4e54414463a62a4860c33361c1",
verify	Recover stopped G5 original compiler diagnostics	2026-10-07T17:45:19.8651168Z     "artifact_sha256": "0edcbd95560eff207f89ba863d93e23f84ec27acc1b1ec1e025b36d2ed089d2e"
verify	Recover stopped G5 original compiler diagnostics	2026-10-07T17:45:19.8651591Z   },
verify	Recover stopped G5 original compiler diagnostics	2026-10-07T17:45:19.8651794Z   "G5FairSelectorMoments": {
verify	Recover stopped G5 original compiler diagnostics	2026-10-07T17:45:19.8652047Z     "status": "PASS",
verify	Recover stopped G5 original compiler diagnostics	2026-10-07T17:45:19.8652256Z     "exit": 0,
verify	Recover stopped G5 original compiler diagnostics	2026-10-07T17:45:19.8652850Z     "source_sha256": "97a29621340a7dd103409ee8ce84675560f4b8e03aa7db63314ca24b337be71f",
verify	Recover stopped G5 original compiler diagnostics	2026-10-07T17:45:19.8653451Z     "artifact_sha256": "d41cd28c82783369567cea0aa7f694f0e8859d92a0f81397f5a270e6a5ef9a75"
verify	Recover stopped G5 original compiler diagnostics	2026-10-07T17:45:19.8653858Z   },
verify	Recover stopped G5 original compiler diagnostics	2026-10-07T17:45:19.8654056Z   "G5FairOriginalCoinLaw": {
verify	Recover stopped G5 original compiler diagnostics	2026-10-07T17:45:19.8654299Z     "status": "PASS",
verify	Recover stopped G5 original compiler diagnostics	2026-10-07T17:45:19.8654502Z     "exit": 0,
verify	Recover stopped G5 original compiler diagnostics	2026-10-07T17:45:19.8654872Z     "source_sha256": "6a8905aa53481bdc37914e5d01197af12a9ddde1ffc42fc4b896603a6b61aa8e",
verify	Recover stopped G5 original compiler diagnostics	2026-10-07T17:45:19.8655474Z     "artifact_sha256": "f19f9cf43b016d347a75cb63041b4de9e98d9cedfa7dbba86249dbba71f50d1f"
verify	Recover stopped G5 original compiler diagnostics	2026-10-07T17:45:19.8655885Z   },
verify	Recover stopped G5 original compiler diagnostics	2026-10-07T17:45:19.8656078Z   "G5OriginalCoinPMF": {
verify	Recover stopped G5 original compiler diagnostics	2026-10-07T17:45:19.8656311Z     "status": "PASS",
verify	Recover stopped G5 original compiler diagnostics	2026-10-07T17:45:19.8656518Z     "exit": 0,
verify	Recover stopped G5 original compiler diagnostics	2026-10-07T17:45:19.8656894Z     "source_sha256": "ae0e933761b49e5ca244a1756b77ba3c0e545bf1aa33ca75d51fc8caf8a1b5c1",
verify	Recover stopped G5 original compiler diagnostics	2026-10-07T17:45:19.8657629Z     "artifact_sha256": "efa11b7f45ca3339917403e9c87de37e5656fd4cdb37e4cebce8e2cd3349da95"
verify	Recover stopped G5 original compiler diagnostics	2026-10-07T17:45:19.8658048Z   },
verify	Recover stopped G5 original compiler diagnostics	2026-10-07T17:45:19.8658261Z   "G5ParentPositionPushforward": {
verify	Recover stopped G5 original compiler diagnostics	2026-10-07T17:45:19.8658528Z     "status": "PASS",
verify	Recover stopped G5 original compiler diagnostics	2026-10-07T17:45:19.8658742Z     "exit": 0,
verify	Recover stopped G5 original compiler diagnostics	2026-10-07T17:45:19.8659113Z     "source_sha256": "4f81aef02bb0f225aea6b377757f9282d336da685eb3e728dad1cf133f83d8db",
verify	Recover stopped G5 original compiler diagnostics	2026-10-07T17:45:19.8659717Z     "artifact_sha256": "45aed0d79bc7248731ee4a6ba081c6ddb555f23e21330415755c8ba4bb505060"
verify	Recover stopped G5 original compiler diagnostics	2026-10-07T17:45:19.8660126Z   },
verify	Recover stopped G5 original compiler diagnostics	2026-10-07T17:45:19.8660343Z   "G5SafePastHybridDisjointness": {
verify	Recover stopped G5 original compiler diagnostics	2026-10-07T17:45:19.8660614Z     "status": "PASS",
verify	Recover stopped G5 original compiler diagnostics	2026-10-07T17:45:19.8660821Z     "exit": 0,
verify	Recover stopped G5 original compiler diagnostics	2026-10-07T17:45:19.8661187Z     "source_sha256": "99c5803e9c056152a260eccff1b8351239c12ca9e5ef40b51a419419992efe97",
verify	Recover stopped G5 original compiler diagnostics	2026-10-07T17:45:19.8661775Z     "artifact_sha256": "db990c77d19b78c225ef33469189dae3787832912340a3c9be06f31f045f356d"
verify	Recover stopped G5 original compiler diagnostics	2026-10-07T17:45:19.8662189Z   },
verify	Recover stopped G5 original compiler diagnostics	2026-10-07T17:45:19.8662659Z   "G5PairOnlySureBlockChronology": {
verify	Recover stopped G5 original compiler diagnostics	2026-10-07T17:45:19.8662948Z     "status": "PASS",
verify	Recover stopped G5 original compiler diagnostics	2026-10-07T17:45:19.8663155Z     "exit": 0,
verify	Recover stopped G5 original compiler diagnostics	2026-10-07T17:45:19.8663663Z     "source_sha256": "1ac87b91536cbe08b2ec4afe4ca3ea28c21386b6c432c6bd81731a30ea39871b",
verify	Recover stopped G5 original compiler diagnostics	2026-10-07T17:45:19.8664259Z     "artifact_sha256": "a25210ec4033964a4008d4a709ad1334f5934fbacb8329613050f4fda5e98f2d"
verify	Recover stopped G5 original compiler diagnostics	2026-10-07T17:45:19.8664663Z   },
verify	Recover stopped G5 original compiler diagnostics	2026-10-07T17:45:19.8664872Z   "G5SafePastMeetingPermanence": {
verify	Recover stopped G5 original compiler diagnostics	2026-10-07T17:45:19.8665134Z     "status": "PASS",
verify	Recover stopped G5 original compiler diagnostics	2026-10-07T17:45:19.8665347Z     "exit": 0,
verify	Recover stopped G5 original compiler diagnostics	2026-10-07T17:45:19.8665716Z     "source_sha256": "30864de3e16b9d9b9a80c0139ac2173e10cf71f4b30e2b324dee9d54d0eefc9e",
verify	Recover stopped G5 original compiler diagnostics	2026-10-07T17:45:19.8666318Z     "artifact_sha256": "11755b327f5e0219b9459898d97d9ad6745bf7fdaf2b8fbfe6704d30a601fe6a"
verify	Recover stopped G5 original compiler diagnostics	2026-10-07T17:45:19.8666723Z   },
verify	Recover stopped G5 original compiler diagnostics	2026-10-07T17:45:19.8666926Z   "G5OriginalRouteHazard": {
verify	Recover stopped G5 original compiler diagnostics	2026-10-07T17:45:19.8667170Z     "status": "PASS",
verify	Recover stopped G5 original compiler diagnostics	2026-10-07T17:45:19.8667384Z     "exit": 0,
verify	Recover stopped G5 original compiler diagnostics	2026-10-07T17:45:19.8667742Z     "source_sha256": "9cf84860342b132e474d034ae05034129b47aa116e8bcf0e965989e7e58e4e8a",
verify	Recover stopped G5 original compiler diagnostics	2026-10-07T17:45:19.8668329Z     "artifact_sha256": "b94bfb47f8082c9cc7ce8a435aec37d8a86b109a190f380ebe3075e70757d734"
verify	Recover stopped G5 original compiler diagnostics	2026-10-07T17:45:19.8668742Z   },
verify	Recover stopped G5 original compiler diagnostics	2026-10-07T17:45:19.8668946Z   "G4TwoRootSourceStopping": {
verify	Recover stopped G5 original compiler diagnostics	2026-10-07T17:45:19.8669199Z     "status": "PASS",
verify	Recover stopped G5 original compiler diagnostics	2026-10-07T17:45:19.8669407Z     "exit": 0,
verify	Recover stopped G5 original compiler diagnostics	2026-10-07T17:45:19.8669780Z     "source_sha256": "b5dd33d135fcb9267ae3297229e51434b5cfd434e08ef89ecacf34affd5e541d",
verify	Recover stopped G5 original compiler diagnostics	2026-10-07T17:45:19.8670369Z     "artifact_sha256": "8f8be29284c9ede0910949548309d6dba3298efbf015481371efe9c7827b2d7a"
verify	Recover stopped G5 original compiler diagnostics	2026-10-07T17:45:19.8670769Z   },
verify	Recover stopped G5 original compiler diagnostics	2026-10-07T17:45:19.8670971Z   "G1SharedRegisterStress": {
verify	Recover stopped G5 original compiler diagnostics	2026-10-07T17:45:19.8671219Z     "status": "PASS",
verify	Recover stopped G5 original compiler diagnostics	2026-10-07T17:45:19.8671423Z     "exit": 0,
verify	Recover stopped G5 original compiler diagnostics	2026-10-07T17:45:19.8671786Z     "source_sha256": "d65004b11e07bb553637161bd7b1395186ea20e2c39e7c50c800af4871f018db",
verify	Recover stopped G5 original compiler diagnostics	2026-10-07T17:45:19.8672653Z     "artifact_sha256": "4c6a8d0c66d2af1efd5436d7dea15908fa31da9f3baf141bd36f7b96d4c7d18a"
verify	Recover stopped G5 original compiler diagnostics	2026-10-07T17:45:19.8673102Z   },
verify	Recover stopped G5 original compiler diagnostics	2026-10-07T17:45:19.8673301Z   "G4FourRootPositivity": {
verify	Recover stopped G5 original compiler diagnostics	2026-10-07T17:45:19.8673548Z     "status": "PASS",
verify	Recover stopped G5 original compiler diagnostics	2026-10-07T17:45:19.8673751Z     "exit": 0,
verify	Recover stopped G5 original compiler diagnostics	2026-10-07T17:45:19.8674112Z     "source_sha256": "24823aa835fb0649d8754777d975315e82ead74d3f065093e2d03c743f7356fa",
verify	Recover stopped G5 original compiler diagnostics	2026-10-07T17:45:19.8674692Z     "artifact_sha256": "18753586e88359c7aab1ae2afa008f077c5b9472fb6eabb2668e6d49a97d34f5"
verify	Recover stopped G5 original compiler diagnostics	2026-10-07T17:45:19.8675100Z   },
verify	Recover stopped G5 original compiler diagnostics	2026-10-07T17:45:19.8675309Z   "G4IndependentRoutingBridge": {
verify	Recover stopped G5 original compiler diagnostics	2026-10-07T17:45:19.8675574Z     "status": "PASS",
verify	Recover stopped G5 original compiler diagnostics	2026-10-07T17:45:19.8675776Z     "exit": 0,
verify	Recover stopped G5 original compiler diagnostics	2026-10-07T17:45:19.8676145Z     "source_sha256": "e30d82ea7e57138d463c779205dfcf686b520cb649d9d5767ee3c13853f19f6b",
verify	Recover stopped G5 original compiler diagnostics	2026-10-07T17:45:19.8676738Z     "artifact_sha256": "ead242633abb1a0fde9c7027812480bf0ddd9d87264b678cc06e4880d6e02509"
verify	Recover stopped G5 original compiler diagnostics	2026-10-07T17:45:19.8677146Z   },
verify	Recover stopped G5 original compiler diagnostics	2026-10-07T17:45:19.8677343Z   "G4AllRootPairClocks": {
verify	Recover stopped G5 original compiler diagnostics	2026-10-07T17:45:19.8677718Z     "status": "PASS",
verify	Recover stopped G5 original compiler diagnostics	2026-10-07T17:45:19.8677925Z     "exit": 0,
verify	Recover stopped G5 original compiler diagnostics	2026-10-07T17:45:19.8678283Z     "source_sha256": "149c8603c734e2ccb021963be42609698285033c1296b2bca18d0716f4258744",
verify	Recover stopped G5 original compiler diagnostics	2026-10-07T17:45:19.8678874Z     "artifact_sha256": "692b56faecda471c6c76ce6c27c5cd935e9733259e68c53c91594a41d69d77e9"
verify	Recover stopped G5 original compiler diagnostics	2026-10-07T17:45:19.8679286Z   },
verify	Recover stopped G5 original compiler diagnostics	2026-10-07T17:45:19.8679497Z   "G4PathResolvedMeasurement": {
verify	Recover stopped G5 original compiler diagnostics	2026-10-07T17:45:19.8679757Z     "status": "PASS",
verify	Recover stopped G5 original compiler diagnostics	2026-10-07T17:45:19.8679965Z     "exit": 0,
verify	Recover stopped G5 original compiler diagnostics	2026-10-07T17:45:19.8680328Z     "source_sha256": "af20fe6e206d9b407ad7b16310d75eb12191b0b7a137d189b466209ed02f0eb9",
verify	Recover stopped G5 original compiler diagnostics	2026-10-07T17:45:19.8680925Z     "artifact_sha256": "effe6adad889257f9d4902afc5276ccf5b5d496e4cbfa67add8e18c6fffaa3c3"
verify	Recover stopped G5 original compiler diagnostics	2026-10-07T17:45:19.8681340Z   },
verify	Recover stopped G5 original compiler diagnostics	2026-10-07T17:45:19.8681581Z   "UnifiedLean.Source.NativeParentRouting": {
verify	Recover stopped G5 original compiler diagnostics	2026-10-07T17:45:19.8681888Z     "status": "PASS",
verify	Recover stopped G5 original compiler diagnostics	2026-10-07T17:45:19.8682096Z     "exit": 0,
verify	Recover stopped G5 original compiler diagnostics	2026-10-07T17:45:19.8682689Z     "source_sha256": "300d7216193e945ca26161535c1bc2ba75a128fe5c075b6a3567bbda66bfe0b6",
verify	Recover stopped G5 original compiler diagnostics	2026-10-07T17:45:19.8683296Z     "artifact_sha256": "8d9ffae0e0c9c6fb163152f2a24cb80c158440f366c0bd846e979638c19d67bb"
verify	Recover stopped G5 original compiler diagnostics	2026-10-07T17:45:19.8683845Z   },
verify	Recover stopped G5 original compiler diagnostics	2026-10-07T17:45:19.8684083Z   "UnifiedLean.Source.NativePairClockLaw": {
verify	Recover stopped G5 original compiler diagnostics	2026-10-07T17:45:19.8684381Z     "status": "PASS",
verify	Recover stopped G5 original compiler diagnostics	2026-10-07T17:45:19.8684584Z     "exit": 0,
verify	Recover stopped G5 original compiler diagnostics	2026-10-07T17:45:19.8684941Z     "source_sha256": "470738f7397f640a76374f791c485d757d1e2ac38769a11f05d0abc03c8aa9ae",
verify	Recover stopped G5 original compiler diagnostics	2026-10-07T17:45:19.8685521Z     "artifact_sha256": "78dc1487fe8c47e485940409b65cf182b9af935d53af37855f96aee1740a2619"
verify	Recover stopped G5 original compiler diagnostics	2026-10-07T17:45:19.8685923Z   },
verify	Recover stopped G5 original compiler diagnostics	2026-10-07T17:45:19.8686168Z   "UnifiedLean.Source.UniformizedSourceStep": {
verify	Recover stopped G5 original compiler diagnostics	2026-10-07T17:45:19.8686479Z     "status": "PASS",
verify	Recover stopped G5 original compiler diagnostics	2026-10-07T17:45:19.8686684Z     "exit": 0,
verify	Recover stopped G5 original compiler diagnostics	2026-10-07T17:45:19.8687052Z     "source_sha256": "9d5a95047e3c04f9e12334cd4b5569e36e1dfa2cd4b1573f217eeb559ff9691c",
verify	Recover stopped G5 original compiler diagnostics	2026-10-07T17:45:19.8687655Z     "artifact_sha256": "9be26472feeb92f1407fe50280ee091a39be1b2f98f75eccbcc5c29c78b70f91"
verify	Recover stopped G5 original compiler diagnostics	2026-10-07T17:45:19.8688074Z   },
verify	Recover stopped G5 original compiler diagnostics	2026-10-07T17:45:19.8688277Z   "G2SourceGraftDecoration": {
verify	Recover stopped G5 original compiler diagnostics	2026-10-07T17:45:19.8688524Z     "status": "PASS",
verify	Recover stopped G5 original compiler diagnostics	2026-10-07T17:45:19.8688739Z     "exit": 0,
verify	Recover stopped G5 original compiler diagnostics	2026-10-07T17:45:19.8689103Z     "source_sha256": "c8da578dde3fdf049e4075a39292979bbb5936bd9c754d743072420a91c07ddd",
verify	Recover stopped G5 original compiler diagnostics	2026-10-07T17:45:19.8689685Z     "artifact_sha256": "2546616f561a65b3740bc72f3f8d5a736c0896d5156e22e544905e6bd0b94053"
verify	Recover stopped G5 original compiler diagnostics	2026-10-07T17:45:19.8690080Z   },
verify	Recover stopped G5 original compiler diagnostics	2026-10-07T17:45:19.8690377Z   "UnifiedLean.Source.SourceForestGeneratorIntertwining": {
verify	Recover stopped G5 original compiler diagnostics	2026-10-07T17:45:19.8690743Z     "status": "PASS",
verify	Recover stopped G5 original compiler diagnostics	2026-10-07T17:45:19.8690953Z     "exit": 0,
verify	Recover stopped G5 original compiler diagnostics	2026-10-07T17:45:19.8691323Z     "source_sha256": "b186f0d381b0e62078d887f90ce46ecbe91def99ec66ec51c98053b9d60c0f28",
verify	Recover stopped G5 original compiler diagnostics	2026-10-07T17:45:19.8691911Z     "artifact_sha256": "d878c8c8994814b6ea203d0f122536b995045244f99fa0bb7d51e65ec1b55f4e"
verify	Recover stopped G5 original compiler diagnostics	2026-10-07T17:45:19.8692314Z   },
verify	Recover stopped G5 original compiler diagnostics	2026-10-07T17:45:19.8692927Z   "UnifiedLean.Source.SourceForestIntrinsicGenerator": {
verify	Recover stopped G5 original compiler diagnostics	2026-10-07T17:45:19.8693282Z     "status": "PASS",
verify	Recover stopped G5 original compiler diagnostics	2026-10-07T17:45:19.8693489Z     "exit": 0,
verify	Recover stopped G5 original compiler diagnostics	2026-10-07T17:45:19.8693860Z     "source_sha256": "b282351bf116ae756c7e9c6ee1e3cbace41a8d753b47cac7e53c4a918c82d16f",
verify	Recover stopped G5 original compiler diagnostics	2026-10-07T17:45:19.8694462Z     "artifact_sha256": "f5cda06f5330f88edb5d3d7c42fb707376fd86655cd0206005eeab486a5bdf9d"
verify	Recover stopped G5 original compiler diagnostics	2026-10-07T17:45:19.8694877Z   },
verify	Recover stopped G5 original compiler diagnostics	2026-10-07T17:45:19.8695138Z   "UnifiedLean.Source.SourceStepGeneratorBinding": {
verify	Recover stopped G5 original compiler diagnostics	2026-10-07T17:45:19.8695463Z     "status": "PASS",
verify	Recover stopped G5 original compiler diagnostics	2026-10-07T17:45:19.8695672Z     "exit": 0,
verify	Recover stopped G5 original compiler diagnostics	2026-10-07T17:45:19.8696041Z     "source_sha256": "8021b8bddcc5cd070185843ca5454dfb289572a2592854efbbdd9e41d48396d0",
verify	Recover stopped G5 original compiler diagnostics	2026-10-07T17:45:19.8696636Z     "artifact_sha256": "f502ffc9997cf20c0c605f7228ccfd04624e5c1b2084bb7b56da0300cba36ae5"
verify	Recover stopped G5 original compiler diagnostics	2026-10-07T17:45:19.8697049Z   },
verify	Recover stopped G5 original compiler diagnostics	2026-10-07T17:45:19.8697310Z   "UnifiedLean.Source.MatrixProjectionExponential": {
verify	Recover stopped G5 original compiler diagnostics	2026-10-07T17:45:19.8697639Z     "status": "PASS",
verify	Recover stopped G5 original compiler diagnostics	2026-10-07T17:45:19.8697841Z     "exit": 0,
verify	Recover stopped G5 original compiler diagnostics	2026-10-07T17:45:19.8698383Z     "source_sha256": "870438089e6cf05dd93761172ea1bf6b2aa96654708e97b9d348e0dfcb44dfa2",
verify	Recover stopped G5 original compiler diagnostics	2026-10-07T17:45:19.8698953Z     "artifact_sha256": "e24e92c1384b212e3678380a101429246c2183147d3861747023282210300bc4"
verify	Recover stopped G5 original compiler diagnostics	2026-10-07T17:45:19.8699349Z   },
verify	Recover stopped G5 original compiler diagnostics	2026-10-07T17:45:19.8699598Z   "UnifiedLean.Source.SourceFiniteProjection": {
verify	Recover stopped G5 original compiler diagnostics	2026-10-07T17:45:19.8699912Z     "status": "PASS",
verify	Recover stopped G5 original compiler diagnostics	2026-10-07T17:45:19.8700117Z     "exit": 0,
verify	Recover stopped G5 original compiler diagnostics	2026-10-07T17:45:19.8700479Z     "source_sha256": "09398c920468ba6ead16b523cecd9f86e7648e7063602256ee4634385df1cab3",
verify	Recover stopped G5 original compiler diagnostics	2026-10-07T17:45:19.8701065Z     "artifact_sha256": "856b4ed645ae1545eee15f7e163e307936fc0a41de38cd53ff48571feb4de3e1"
verify	Recover stopped G5 original compiler diagnostics	2026-10-07T17:45:19.8701465Z   },
verify	Recover stopped G5 original compiler diagnostics	2026-10-07T17:45:19.8701702Z   "UnifiedLean.Source.SourcePoissonKernel": {
verify	Recover stopped G5 original compiler diagnostics	2026-10-07T17:45:19.8702006Z     "status": "PASS",
verify	Recover stopped G5 original compiler diagnostics	2026-10-07T17:45:19.8702212Z     "exit": 0,
verify	Recover stopped G5 original compiler diagnostics	2026-10-07T17:45:19.8702843Z     "source_sha256": "13ab4d1a209554878e189061cbede00154c7b72548465757624cc2e4af66e98c",
verify	Recover stopped G5 original compiler diagnostics	2026-10-07T17:45:19.8703452Z     "artifact_sha256": "3b0da3727d3a9a7fb05d9091b46b9b8e343bf6d24ea24d5367eb317933de4885"
verify	Recover stopped G5 original compiler diagnostics	2026-10-07T17:45:19.8703862Z   },
verify	Recover stopped G5 original compiler diagnostics	2026-10-07T17:45:19.8704126Z   "UnifiedLean.Source.SourceGeneratorExponential": {
verify	Recover stopped G5 original compiler diagnostics	2026-10-07T17:45:19.8704595Z     "status": "PASS",
verify	Recover stopped G5 original compiler diagnostics	2026-10-07T17:45:19.8704802Z     "exit": 0,
verify	Recover stopped G5 original compiler diagnostics	2026-10-07T17:45:19.8705174Z     "source_sha256": "f761ddf2f5efb9906ec8f841567d02fae946cce763260f238834a147090e461d",
verify	Recover stopped G5 original compiler diagnostics	2026-10-07T17:45:19.8705772Z     "artifact_sha256": "c01909e0f75b00803d88bf272b2cda39c7fd67865add941e835ec0070430e986"
verify	Recover stopped G5 original compiler diagnostics	2026-10-07T17:45:19.8706179Z   },
verify	Recover stopped G5 original compiler diagnostics	2026-10-07T17:45:19.8706436Z   "UnifiedLean.Source.SourcePoissonExponential": {
verify	Recover stopped G5 original compiler diagnostics	2026-10-07T17:45:19.8706760Z     "status": "PASS",
verify	Recover stopped G5 original compiler diagnostics	2026-10-07T17:45:19.8706967Z     "exit": 0,
verify	Recover stopped G5 original compiler diagnostics	2026-10-07T17:45:19.8707336Z     "source_sha256": "463eb0e4a9cd9307898eface172100183b8ac9d412c1389a2c5b9ad4981c2d9a",
verify	Recover stopped G5 original compiler diagnostics	2026-10-07T17:45:19.8707932Z     "artifact_sha256": "f0601779ad0cda5b2374179ebee20ed4a4dd41e48ba745f2db346258e938b716"
verify	Recover stopped G5 original compiler diagnostics	2026-10-07T17:45:19.8708338Z   },
verify	Recover stopped G5 original compiler diagnostics	2026-10-07T17:45:19.8708586Z   "UnifiedLean.Source.SourceEpochSemigroup": {
verify	Recover stopped G5 original compiler diagnostics	2026-10-07T17:45:19.8708898Z     "status": "PASS",
verify	Recover stopped G5 original compiler diagnostics	2026-10-07T17:45:19.8709105Z     "exit": 0,
verify	Recover stopped G5 original compiler diagnostics	2026-10-07T17:45:19.8709487Z     "source_sha256": "845739bc6b110eadd611e0133906ec3f9b036d66f17902f46885c660213b179f",
verify	Recover stopped G5 original compiler diagnostics	2026-10-07T17:45:19.8710070Z     "artifact_sha256": "70f6e0ad18053f2801a94eca8e297ddc798aea7f6774beac76be12d7935f8e7c"
verify	Recover stopped G5 original compiler diagnostics	2026-10-07T17:45:19.8710481Z   },
verify	Recover stopped G5 original compiler diagnostics	2026-10-07T17:45:19.8710739Z   "UnifiedLean.Source.SourceCalendarCompatibility": {
verify	Recover stopped G5 original compiler diagnostics	2026-10-07T17:45:19.8711069Z     "status": "PASS",
verify	Recover stopped G5 original compiler diagnostics	2026-10-07T17:45:19.8711277Z     "exit": 0,
verify	Recover stopped G5 original compiler diagnostics	2026-10-07T17:45:19.8711649Z     "source_sha256": "98abb2982bcd061f931ed4a55816f00d54d4ce2c73c29e036dbd29ede303b3dc",
verify	Recover stopped G5 original compiler diagnostics	2026-10-07T17:45:19.8712249Z     "artifact_sha256": "9f8462ad34cd0b0152faa09fa0cab229982aaf3581873159d2d4beee25147b60"
verify	Recover stopped G5 original compiler diagnostics	2026-10-07T17:45:19.8712829Z   },
verify	Recover stopped G5 original compiler diagnostics	2026-10-07T17:45:19.8713097Z   "UnifiedLean.Source.SourceForestPulseTransport": {
verify	Recover stopped G5 original compiler diagnostics	2026-10-07T17:45:19.8713431Z     "status": "PASS",
verify	Recover stopped G5 original compiler diagnostics	2026-10-07T17:45:19.8713644Z     "exit": 0,
verify	Recover stopped G5 original compiler diagnostics	2026-10-07T17:45:19.8714016Z     "source_sha256": "8e1a3d62afab25247dd3a281d30f7dc20db1949ea1b589c2d77980b3b48874f1",
verify	Recover stopped G5 original compiler diagnostics	2026-10-07T17:45:19.8714623Z     "artifact_sha256": "db757269684be9a5356269a91bc6d86f4d5f0c7d0be31d561e773dd4a57ed600"
verify	Recover stopped G5 original compiler diagnostics	2026-10-07T17:45:19.8715028Z   },
verify	Recover stopped G5 original compiler diagnostics	2026-10-07T17:45:19.8715280Z   "UnifiedLean.Source.SourceForestPulseMeasure": {
verify	Recover stopped G5 original compiler diagnostics	2026-10-07T17:45:19.8715599Z     "status": "PASS",
verify	Recover stopped G5 original compiler diagnostics	2026-10-07T17:45:19.8715804Z     "exit": 0,
verify	Recover stopped G5 original compiler diagnostics	2026-10-07T17:45:19.8716168Z     "source_sha256": "04a3a1c1f027903e62b77f966639c80da77aaa776871a0d9bd0657eac35b9e4f",
verify	Recover stopped G5 original compiler diagnostics	2026-10-07T17:45:19.8716754Z     "artifact_sha256": "312ff4f1956b5ebb48ee2e0509767b04b51b10c479c0d7be032a65452015db30"
verify	Recover stopped G5 original compiler diagnostics	2026-10-07T17:45:19.8717160Z   },
verify	Recover stopped G5 original compiler diagnostics	2026-10-07T17:45:19.8717413Z   "UnifiedLean.Source.SourceForestCommonPulse": {
verify	Recover stopped G5 original compiler diagnostics	2026-10-07T17:45:19.8717731Z     "status": "PASS",
verify	Recover stopped G5 original compiler diagnostics	2026-10-07T17:45:19.8717937Z     "exit": 0,
verify	Recover stopped G5 original compiler diagnostics	2026-10-07T17:45:19.8718310Z     "source_sha256": "cac1082f66a84b943dbc8ba9f2e8082ce12bbb42a4b1503e31722597b0faa138",
verify	Recover stopped G5 original compiler diagnostics	2026-10-07T17:45:19.8719091Z     "artifact_sha256": "ed89f02a1dcbc927285eec75cdf2b5bd80a35a73ba88b2a36ec44eff9d79c030"
verify	Recover stopped G5 original compiler diagnostics	2026-10-07T17:45:19.8719503Z   },
verify	Recover stopped G5 original compiler diagnostics	2026-10-07T17:45:19.8719754Z   "UnifiedLean.Source.SourceBoundaryKernels": {
verify	Recover stopped G5 original compiler diagnostics	2026-10-07T17:45:19.8720067Z     "status": "PASS",
verify	Recover stopped G5 original compiler diagnostics	2026-10-07T17:45:19.8720283Z     "exit": 0,
verify	Recover stopped G5 original compiler diagnostics	2026-10-07T17:45:19.8720643Z     "source_sha256": "994b25e798e39889a56084b267c3e896580cd21e902764c3c6922d9bfdd6070d",
verify	Recover stopped G5 original compiler diagnostics	2026-10-07T17:45:19.8721227Z     "artifact_sha256": "a7cb09f045651cab62c381bf30e00448258b950e27b20e2a855dc04a13ec7f0c"
verify	Recover stopped G5 original compiler diagnostics	2026-10-07T17:45:19.8721630Z   },
verify	Recover stopped G5 original compiler diagnostics	2026-10-07T17:45:19.8721881Z   "UnifiedLean.Source.SourceBoundaryProjection": {
verify	Recover stopped G5 original compiler diagnostics	2026-10-07T17:45:19.8722199Z     "status": "PASS",
verify	Recover stopped G5 original compiler diagnostics	2026-10-07T17:45:19.8722528Z     "exit": 0,
verify	Recover stopped G5 original compiler diagnostics	2026-10-07T17:45:19.8722905Z     "source_sha256": "f1cb1e557b5f08cba2d37465bc4386bc6adc2f19fd12a132f7d6f835b1e24f0f",
verify	Recover stopped G5 original compiler diagnostics	2026-10-07T17:45:19.8723508Z     "artifact_sha256": "5aceb85c5f7dab2985a6a9fe14ddb346a15e88c219673aceecb0d769d3e918da"
verify	Recover stopped G5 original compiler diagnostics	2026-10-07T17:45:19.8723931Z   },
verify	Recover stopped G5 original compiler diagnostics	2026-10-07T17:45:19.8724182Z   "UnifiedLean.Source.SourceProgramTransport": {
verify	Recover stopped G5 original compiler diagnostics	2026-10-07T17:45:19.8724495Z     "status": "PASS",
verify	Recover stopped G5 original compiler diagnostics	2026-10-07T17:45:19.8724828Z     "exit": 0,
verify	Recover stopped G5 original compiler diagnostics	2026-10-07T17:45:19.8725203Z     "source_sha256": "d009fdfc510bfcaffaeea3bc241401eaf2996178ff4b82376eb22f1e49387831",
verify	Recover stopped G5 original compiler diagnostics	2026-10-07T17:45:19.8725813Z     "artifact_sha256": "759ca24ce43c3c7e6c03eaeebbeafbe6e24cd90018a1a62cee18317ccd72a701"
verify	Recover stopped G5 original compiler diagnostics	2026-10-07T17:45:19.8726230Z   },
verify	Recover stopped G5 original compiler diagnostics	2026-10-07T17:45:19.8726475Z   "UnifiedLean.Source.SourceCalendarCompiler": {
verify	Recover stopped G5 original compiler diagnostics	2026-10-07T17:45:19.8726789Z     "status": "PASS",
verify	Recover stopped G5 original compiler diagnostics	2026-10-07T17:45:19.8726998Z     "exit": 0,
verify	Recover stopped G5 original compiler diagnostics	2026-10-07T17:45:19.8727360Z     "source_sha256": "9974446d99fa344593d294e315e349ab71fdbe7574e932bb8b1a16ee1b2369fd",
verify	Recover stopped G5 original compiler diagnostics	2026-10-07T17:45:19.8727945Z     "artifact_sha256": "24f40c6f1525d7747d1e01a65537621b4d535f17a7a1779c451270c0976545a4"
verify	Recover stopped G5 original compiler diagnostics	2026-10-07T17:45:19.8728340Z   },
verify	Recover stopped G5 original compiler diagnostics	2026-10-07T17:45:19.8728589Z   "UnifiedLean.Source.SourceBoundaryLocations": {
verify	Recover stopped G5 original compiler diagnostics	2026-10-07T17:45:19.8728901Z     "status": "PASS",
verify	Recover stopped G5 original compiler diagnostics	2026-10-07T17:45:19.8729107Z     "exit": 0,
verify	Recover stopped G5 original compiler diagnostics	2026-10-07T17:45:19.8729468Z     "source_sha256": "f7c050056e121c7e0e12eb071383cb1369e8fe9de887d7ad875a76904d48de5b",
verify	Recover stopped G5 original compiler diagnostics	2026-10-07T17:45:19.8730062Z     "artifact_sha256": "f927f05e6d1ee61d712c382f7b9fcc2d2464ea69fdffa7669000857aeb6e5ddb"
verify	Recover stopped G5 original compiler diagnostics	2026-10-07T17:45:19.8730469Z   },
verify	Recover stopped G5 original compiler diagnostics	2026-10-07T17:45:19.8730707Z   "UnifiedLean.Source.SourceCalendarTiming": {
verify	Recover stopped G5 original compiler diagnostics	2026-10-07T17:45:19.8731011Z     "status": "PASS",
verify	Recover stopped G5 original compiler diagnostics	2026-10-07T17:45:19.8731221Z     "exit": 0,
verify	Recover stopped G5 original compiler diagnostics	2026-10-07T17:45:19.8731583Z     "source_sha256": "5e534089f17dc7d9ab40338cb0ca75789e0951bb6b5893ba24d514b8cd07d4f8",
verify	Recover stopped G5 original compiler diagnostics	2026-10-07T17:45:19.8732168Z     "artifact_sha256": "2b6f68f7912257c528f04792cddc5f304fabddb7959e330535ab02aaa6d3d74e"
verify	Recover stopped G5 original compiler diagnostics	2026-10-07T17:45:19.8732692Z   },
verify	Recover stopped G5 original compiler diagnostics	2026-10-07T17:45:19.8732968Z   "UnifiedLean.Source.SourceCalendarPhysicalSupport": {
verify	Recover stopped G5 original compiler diagnostics	2026-10-07T17:45:19.8733311Z     "status": "PASS",
verify	Recover stopped G5 original compiler diagnostics	2026-10-07T17:45:19.8733516Z     "exit": 0,
verify	Recover stopped G5 original compiler diagnostics	2026-10-07T17:45:19.8733883Z     "source_sha256": "e725dd61c850d3f5f92925c0de08122dd25f9d1660d9264d1ac47eb4d2bc88bf",
verify	Recover stopped G5 original compiler diagnostics	2026-10-07T17:45:19.8734481Z     "artifact_sha256": "4abd8a3049ff8d5e1207411be8ba31dbe6e837091da31ff002974ccd6dcbb83a"
verify	Recover stopped G5 original compiler diagnostics	2026-10-07T17:45:19.8734906Z   },
verify	Recover stopped G5 original compiler diagnostics	2026-10-07T17:45:19.8735167Z   "UnifiedLean.Source.SourceInitializedCalendar": {
verify	Recover stopped G5 original compiler diagnostics	2026-10-07T17:45:19.8735492Z     "status": "PASS",
verify	Recover stopped G5 original compiler diagnostics	2026-10-07T17:45:19.8735702Z     "exit": 0,
verify	Recover stopped G5 original compiler diagnostics	2026-10-07T17:45:19.8736075Z     "source_sha256": "47ea73231fbfa732495e4fc5f42f1374e2ef505bfe3d4073b6cc2bed3fcc5535",
verify	Recover stopped G5 original compiler diagnostics	2026-10-07T17:45:19.8736667Z     "artifact_sha256": "8856b94029f8a25bcda3c75c8e81b046aea662697dd47f3620f74874a672a344"
verify	Recover stopped G5 original compiler diagnostics	2026-10-07T17:45:19.8737071Z   },
verify	Recover stopped G5 original compiler diagnostics	2026-10-07T17:45:19.8737325Z   "UnifiedLean.Source.SourceActualHoldingClocks": {
verify	Recover stopped G5 original compiler diagnostics	2026-10-07T17:45:19.8737650Z     "status": "PASS",
verify	Recover stopped G5 original compiler diagnostics	2026-10-07T17:45:19.8737857Z     "exit": 0,
verify	Recover stopped G5 original compiler diagnostics	2026-10-07T17:45:19.8738216Z     "source_sha256": "498417275660b696c24f4c8cd83d84532a96f14b82f35bc3e49217c154e8c677",
verify	Recover stopped G5 original compiler diagnostics	2026-10-07T17:45:19.8738799Z     "artifact_sha256": "5b99071a50668564bc675703b18ef4e99edef2fa590fb5d33d321bc9652a685c"
verify	Recover stopped G5 original compiler diagnostics	2026-10-07T17:45:19.8739330Z   },
verify	Recover stopped G5 original compiler diagnostics	2026-10-07T17:45:19.8739572Z   "UnifiedLean.Source.SourceFirstMergerMark": {
verify	Recover stopped G5 original compiler diagnostics	2026-10-07T17:45:19.8739883Z     "status": "PASS",
verify	Recover stopped G5 original compiler diagnostics	2026-10-07T17:45:19.8740092Z     "exit": 0,
verify	Recover stopped G5 original compiler diagnostics	2026-10-07T17:45:19.8740469Z     "source_sha256": "2bc08f45d7ea76476f6fe485cdce68293a3d44cbc3b2aa108b6b45ce5d1182d1",
verify	Recover stopped G5 original compiler diagnostics	2026-10-07T17:45:19.8741075Z     "artifact_sha256": "30ca3cb4d5e60e1f418ed580d12af50bd036432d46ff5202953246c8cacf5125"
verify	Recover stopped G5 original compiler diagnostics	2026-10-07T17:45:19.8741479Z   },
verify	Recover stopped G5 original compiler diagnostics	2026-10-07T17:45:19.8741738Z   "UnifiedLean.Source.SourceFirstMarkDistribution": {
verify	Recover stopped G5 original compiler diagnostics	2026-10-07T17:45:19.8742074Z     "status": "PASS",
verify	Recover stopped G5 original compiler diagnostics	2026-10-07T17:45:19.8742280Z     "exit": 0,
verify	Recover stopped G5 original compiler diagnostics	2026-10-07T17:45:19.8742962Z     "source_sha256": "abd6230f1155ab6cf73bf3d4b55bbe04df408ca73caee81a8807b15b17e9ad29",
verify	Recover stopped G5 original compiler diagnostics	2026-10-07T17:45:19.8743574Z     "artifact_sha256": "f5195145bc7152d21dd36ba949f5f865624f3c34085f0252fd082a3e229b3f98"
verify	Recover stopped G5 original compiler diagnostics	2026-10-07T17:45:19.8744002Z   },
verify	Recover stopped G5 original compiler diagnostics	2026-10-07T17:45:19.8744256Z   "UnifiedLean.Source.SourceExponentialRace": {
verify	Recover stopped G5 original compiler diagnostics	2026-10-07T17:45:19.8744573Z     "status": "PASS",
verify	Recover stopped G5 original compiler diagnostics	2026-10-07T17:45:19.8744778Z     "exit": 0,
verify	Recover stopped G5 original compiler diagnostics	2026-10-07T17:45:19.8745143Z     "source_sha256": "d979f1bf3bbbac3eb3c396991a513a3624f310bf03273890e13c6d5029931afe",
verify	Recover stopped G5 original compiler diagnostics	2026-10-07T17:45:19.8745929Z     "artifact_sha256": "36cfe9ca2899e35b3391dcaf8649bbe2fb909dcf45097f90c96385ee7a4de7fe"
verify	Recover stopped G5 original compiler diagnostics	2026-10-07T17:45:19.8746348Z   },
verify	Recover stopped G5 original compiler diagnostics	2026-10-07T17:45:19.8746617Z   "UnifiedLean.Source.SourceExponentialRaceDensity": {
verify	Recover stopped G5 original compiler diagnostics	2026-10-07T17:45:19.8746948Z     "status": "PASS",
verify	Recover stopped G5 original compiler diagnostics	2026-10-07T17:45:19.8747152Z     "exit": 0,
verify	Recover stopped G5 original compiler diagnostics	2026-10-07T17:45:19.8747517Z     "source_sha256": "3fa36827b3553923fa1c1d48db4b2823c7b53e589696c3a1476f9aac8f760c29",
verify	Recover stopped G5 original compiler diagnostics	2026-10-07T17:45:19.8748108Z     "artifact_sha256": "1270d7d847ba9b87b40c061ed5c5b09aa380de72959b2642af1882ca37c7f092"
verify	Recover stopped G5 original compiler diagnostics	2026-10-07T17:45:19.8748513Z   },
verify	Recover stopped G5 original compiler diagnostics	2026-10-07T17:45:19.8748775Z   "UnifiedLean.Source.SourceExponentialResiduals": {
verify	Recover stopped G5 original compiler diagnostics	2026-10-07T17:45:19.8749100Z     "status": "PASS",
verify	Recover stopped G5 original compiler diagnostics	2026-10-07T17:45:19.8749308Z     "exit": 0,
verify	Recover stopped G5 original compiler diagnostics	2026-10-07T17:45:19.8749677Z     "source_sha256": "8861858b9309fd43e22424382c1f1513111514ef792354c7cf4b48a0ae4b19e7",
verify	Recover stopped G5 original compiler diagnostics	2026-10-07T17:45:19.8750266Z     "artifact_sha256": "2b3e357b723b7f549def12f6fa31af7d1bb32fbbb795995aa45cd39fd94a4f44"
verify	Recover stopped G5 original compiler diagnostics	2026-10-07T17:45:19.8750681Z   },
verify	Recover stopped G5 original compiler diagnostics	2026-10-07T17:45:19.8750936Z   "UnifiedLean.Source.SourceWinningClockReset": {
verify	Recover stopped G5 original compiler diagnostics	2026-10-07T17:45:19.8751253Z     "status": "PASS",
verify	Recover stopped G5 original compiler diagnostics	2026-10-07T17:45:19.8751457Z     "exit": 0,
verify	Recover stopped G5 original compiler diagnostics	2026-10-07T17:45:19.8751822Z     "source_sha256": "7a831640fec35d92f99e65e6f98e2874602fb5b040ff6b112c16b77a271f2038",
verify	Recover stopped G5 original compiler diagnostics	2026-10-07T17:45:19.8752548Z     "artifact_sha256": "ef2a7c2797cd3c6594e99d0fee4204a1a07be991ae8cf5ef74f6216ffb2f1c14"
verify	Recover stopped G5 original compiler diagnostics	2026-10-07T17:45:19.8752966Z   },
verify	Recover stopped G5 original compiler diagnostics	2026-10-07T17:45:19.8753227Z   "UnifiedLean.Source.SourceMergerClockCatalogue": {
verify	Recover stopped G5 original compiler diagnostics	2026-10-07T17:45:19.8753554Z     "status": "PASS",
verify	Recover stopped G5 original compiler diagnostics	2026-10-07T17:45:19.8753759Z     "exit": 0,
verify	Recover stopped G5 original compiler diagnostics	2026-10-07T17:45:19.8754116Z     "source_sha256": "147da19d2d89135e00c140b3a7a88cd3d53271954e5752a23e5e0ff30376a147",
verify	Recover stopped G5 original compiler diagnostics	2026-10-07T17:45:19.8754709Z     "artifact_sha256": "bb5d8c9658792871ffbee4e6244b8a9b8912be47d1e7667d7f97ff1ad92ccc54"
verify	Recover stopped G5 original compiler diagnostics	2026-10-07T17:45:19.8755118Z   },
verify	Recover stopped G5 original compiler diagnostics	2026-10-07T17:45:19.8755379Z   "UnifiedLean.Source.SourceDestinationClockReset": {
verify	Recover stopped G5 original compiler diagnostics	2026-10-07T17:45:19.8755712Z     "status": "PASS",
verify	Recover stopped G5 original compiler diagnostics	2026-10-07T17:45:19.8755921Z     "exit": 0,
verify	Recover stopped G5 original compiler diagnostics	2026-10-07T17:45:19.8756286Z     "source_sha256": "ec910abde269d665081f7c064b6567f45fca58ba26e183ab29e21037fb84344a",
verify	Recover stopped G5 original compiler diagnostics	2026-10-07T17:45:19.8756875Z     "artifact_sha256": "a195e9c765a6b591c114819ed0a1fd534640ce2a8738a0cabec62653a21433e9"
verify	Recover stopped G5 original compiler diagnostics	2026-10-07T17:45:19.8757288Z   },
verify	Recover stopped G5 original compiler diagnostics	2026-10-07T17:45:19.8757529Z   "UnifiedLean.Source.SourceEpochRenewal": {
verify	Recover stopped G5 original compiler diagnostics	2026-10-07T17:45:19.8757832Z     "status": "PASS",
verify	Recover stopped G5 original compiler diagnostics	2026-10-07T17:45:19.8758038Z     "exit": 0,
verify	Recover stopped G5 original compiler diagnostics	2026-10-07T17:45:19.8758410Z     "source_sha256": "5035fb830ed695b7aac5525c28f24d528be3c1b9a2c2c6f831f23b3cc6692bef",
verify	Recover stopped G5 original compiler diagnostics	2026-10-07T17:45:19.8759002Z     "artifact_sha256": "94e384e3b3027c69f46e7b4599c1b326b13568cca0ba130cbbd434243703b598"
verify	Recover stopped G5 original compiler diagnostics	2026-10-07T17:45:19.8759532Z   },
verify	Recover stopped G5 original compiler diagnostics	2026-10-07T17:45:19.8759788Z   "UnifiedLean.Source.SourceFiniteJumpExpansion": {
verify	Recover stopped G5 original compiler diagnostics	2026-10-07T17:45:19.8760114Z     "status": "PASS",
verify	Recover stopped G5 original compiler diagnostics	2026-10-07T17:45:19.8760317Z     "exit": 0,
verify	Recover stopped G5 original compiler diagnostics	2026-10-07T17:45:19.8760696Z     "source_sha256": "6a14b2de7bcdf28ae3293a23adde3234da7adb5dd503cfd007b711f1a52d786b",
verify	Recover stopped G5 original compiler diagnostics	2026-10-07T17:45:19.8761293Z     "artifact_sha256": "70fed4be6adc8d8ebb82a669ae7918b0345f124913c76baa447d0736b3e1d2b9"
verify	Recover stopped G5 original compiler diagnostics	2026-10-07T17:45:19.8761701Z   },
verify	Recover stopped G5 original compiler diagnostics	2026-10-07T17:45:19.8761957Z   "UnifiedLean.Source.SourceRaceWinnerSelection": {
verify	Recover stopped G5 original compiler diagnostics	2026-10-07T17:45:19.8762274Z     "status": "PASS",
verify	Recover stopped G5 original compiler diagnostics	2026-10-07T17:45:19.8762592Z     "exit": 0,
verify	Recover stopped G5 original compiler diagnostics	2026-10-07T17:45:19.8762965Z     "source_sha256": "ad882b44f7fd97f5ac7e5b7e125cce7e7f6640c065ff616f08c85b26dd9d4caf",
verify	Recover stopped G5 original compiler diagnostics	2026-10-07T17:45:19.8763555Z     "artifact_sha256": "14887b18954a796f3ecc4234ffd6d3c2ae5e7bd4a479306374a400949886c931"
verify	Recover stopped G5 original compiler diagnostics	2026-10-07T17:45:19.8763956Z   },
verify	Recover stopped G5 original compiler diagnostics	2026-10-07T17:45:19.8764217Z   "UnifiedLean.Source.SourceLiteralClockEndpoint": {
verify	Recover stopped G5 original compiler diagnostics	2026-10-07T17:45:19.8764537Z     "status": "PASS",
verify	Recover stopped G5 original compiler diagnostics	2026-10-07T17:45:19.8764746Z     "exit": 0,
verify	Recover stopped G5 original compiler diagnostics	2026-10-07T17:45:19.8765113Z     "source_sha256": "2f2f39f1ea044932788b412d32e3454bf8ff1ff1d65f48431e975352fbc9e7ba",
verify	Recover stopped G5 original compiler diagnostics	2026-10-07T17:45:19.8765827Z     "artifact_sha256": "1e696e29ec40e387a806db9afab5a877fc3878409029ab8b3b08a57b827b39dc"
verify	Recover stopped G5 original compiler diagnostics	2026-10-07T17:45:19.8766232Z   },
verify	Recover stopped G5 original compiler diagnostics	2026-10-07T17:45:19.8766438Z   "G2LiteralMarkedClockTrace": {
verify	Recover stopped G5 original compiler diagnostics	2026-10-07T17:45:19.8766698Z     "status": "PASS",
verify	Recover stopped G5 original compiler diagnostics	2026-10-07T17:45:19.8766903Z     "exit": 0,
verify	Recover stopped G5 original compiler diagnostics	2026-10-07T17:45:19.8767270Z     "source_sha256": "c7360a7aad72b8f8a2fb4864ff4e9b6e7d576e01e68c8a7c1a594ef2d9e57b9a",
verify	Recover stopped G5 original compiler diagnostics	2026-10-07T17:45:19.8767864Z     "artifact_sha256": "7b9d03b1440194089f51f9484a1bfba3969dc87780c18ee0b6a112c901fab3d8"
verify	Recover stopped G5 original compiler diagnostics	2026-10-07T17:45:19.8768264Z   },
verify	Recover stopped G5 original compiler diagnostics	2026-10-07T17:45:19.8768466Z   "G2ActualDecorationFold": {
verify	Recover stopped G5 original compiler diagnostics	2026-10-07T17:45:19.8768714Z     "status": "PASS",
verify	Recover stopped G5 original compiler diagnostics	2026-10-07T17:45:19.8768919Z     "exit": 0,
verify	Recover stopped G5 original compiler diagnostics	2026-10-07T17:45:19.8769287Z     "source_sha256": "8ca5f51130da2c7b513e70cd0b0d93a22fe9c4e706a63b590cab5407258f55be",
verify	Recover stopped G5 original compiler diagnostics	2026-10-07T17:45:19.8769876Z     "artifact_sha256": "68e226c1ed349c06fbf4ec88a08246d580358e89481cfd453c50836d110e2667"
verify	Recover stopped G5 original compiler diagnostics	2026-10-07T17:45:19.8770277Z   },
verify	Recover stopped G5 original compiler diagnostics	2026-10-07T17:45:19.8787215Z   "G2DecorationMeasurability": {
verify	Recover stopped G5 original compiler diagnostics	2026-10-07T17:45:19.8787562Z     "status": "PASS",
verify	Recover stopped G5 original compiler diagnostics	2026-10-07T17:45:19.8787795Z     "exit": 0,
verify	Recover stopped G5 original compiler diagnostics	2026-10-07T17:45:19.8788185Z     "source_sha256": "a016097f843583052f5c2b8a4c19899cb97d78052779c4771e22aa9603104338",
verify	Recover stopped G5 original compiler diagnostics	2026-10-07T17:45:19.8788802Z     "artifact_sha256": "8e6f4a4e662ac79257619bbb155396f157f07e74679ca1bb7593fbd98ba1e0a7"
verify	Recover stopped G5 original compiler diagnostics	2026-10-07T17:45:19.8789230Z   },
verify	Recover stopped G5 original compiler diagnostics	2026-10-07T17:45:19.8789440Z   "G2MarkedTraceRenewal": {
verify	Recover stopped G5 original compiler diagnostics	2026-10-07T17:45:19.8789696Z     "status": "PASS",
verify	Recover stopped G5 original compiler diagnostics	2026-10-07T17:45:19.8789912Z     "exit": 0,
verify	Recover stopped G5 original compiler diagnostics	2026-10-07T17:45:19.8790310Z     "source_sha256": "edbabf47f1429b8747c5d49a7d00d2762ad47ece635dfe00f1c59280a0b29603",
verify	Recover stopped G5 original compiler diagnostics	2026-10-07T17:45:19.8790936Z     "artifact_sha256": "e4055dce8880a551bd659d3bce76daa8dab943f2c7ddf80526098737b9c183c9"
verify	Recover stopped G5 original compiler diagnostics	2026-10-07T17:45:19.8791351Z   },
verify	Recover stopped G5 original compiler diagnostics	2026-10-07T17:45:19.8791561Z   "G2LiteralEpochLaw": {
verify	Recover stopped G5 original compiler diagnostics	2026-10-07T17:45:19.8791808Z     "status": "PASS",
verify	Recover stopped G5 original compiler diagnostics	2026-10-07T17:45:19.8792019Z     "exit": 0,
verify	Recover stopped G5 original compiler diagnostics	2026-10-07T17:45:19.8792611Z     "source_sha256": "9020ef5baaf8955097e69efac86b552cf80540211125d8f215bf1ca0bcecba7a",
verify	Recover stopped G5 original compiler diagnostics	2026-10-07T17:45:19.8793253Z     "artifact_sha256": "d3aab9fdfb767eebecb42f952e70c771c7dadb11b4be347cf0af21411a99f1dc"
verify	Recover stopped G5 original compiler diagnostics	2026-10-07T17:45:19.8793678Z   },
verify	Recover stopped G5 original compiler diagnostics	2026-10-07T17:45:19.8793886Z   "G2ActualCalendarTrace": {
verify	Recover stopped G5 original compiler diagnostics	2026-10-07T17:45:19.8794143Z     "status": "PASS",
verify	Recover stopped G5 original compiler diagnostics	2026-10-07T17:45:19.8794353Z     "exit": 0,
verify	Recover stopped G5 original compiler diagnostics	2026-10-07T17:45:19.8794740Z     "source_sha256": "cf709bcf2b686619c6f378dbe1a7690b6a19012a82a541ed34f3b0ff4af07ddd",
verify	Recover stopped G5 original compiler diagnostics	2026-10-07T17:45:19.8795358Z     "artifact_sha256": "a6c3ddee7a91cd815daa1bcfe7b888c800ed98f247aa1ef85489c656560762dc"
verify	Recover stopped G5 original compiler diagnostics	2026-10-07T17:45:19.8795783Z   },
verify	Recover stopped G5 original compiler diagnostics	2026-10-07T17:45:19.8796038Z   "UnifiedLean.Source.SourceEmbeddedJumpLaw": {
verify	Recover stopped G5 original compiler diagnostics	2026-10-07T17:45:19.8796355Z     "status": "PASS",
verify	Recover stopped G5 original compiler diagnostics	2026-10-07T17:45:19.8796570Z     "exit": 0,
verify	Recover stopped G5 original compiler diagnostics	2026-10-07T17:45:19.8797139Z     "source_sha256": "560f2174634b137eca95c83616b2b50a4e7671f51cfd62c275a7f7c206890d37",
verify	Recover stopped G5 original compiler diagnostics	2026-10-07T17:45:19.8797731Z     "artifact_sha256": "3300200d68248d866bc1b16a3bf1c04450c67bf0f1b47c8e8e9aeedcbcffc82d"
verify	Recover stopped G5 original compiler diagnostics	2026-10-07T17:45:19.8798145Z   },
verify	Recover stopped G5 original compiler diagnostics	2026-10-07T17:45:19.8798427Z   "UnifiedLean.Source.NativeIndependentPairMixture": {
verify	Recover stopped G5 original compiler diagnostics	2026-10-07T17:45:19.8798767Z     "status": "PASS",
verify	Recover stopped G5 original compiler diagnostics	2026-10-07T17:45:19.8798976Z     "exit": 0,
verify	Recover stopped G5 original compiler diagnostics	2026-10-07T17:45:19.8799336Z     "source_sha256": "4e1107890e0e36967898c06251a1a7ed3305721860534b902a87b04d434e4c31",
verify	Recover stopped G5 original compiler diagnostics	2026-10-07T17:45:19.8799930Z     "artifact_sha256": "acdba48e78b667e5e4cb1a907925a5369f4d6d55da475b404fa3dd65fd2538eb"
verify	Recover stopped G5 original compiler diagnostics	2026-10-07T17:45:19.8800339Z   },
verify	Recover stopped G5 original compiler diagnostics	2026-10-07T17:45:19.8800601Z   "UnifiedLean.Source.SourceNaturalInitialization": {
verify	Recover stopped G5 original compiler diagnostics	2026-10-07T17:45:19.8800925Z     "status": "PASS",
verify	Recover stopped G5 original compiler diagnostics	2026-10-07T17:45:19.8801139Z     "exit": 0,
verify	Recover stopped G5 original compiler diagnostics	2026-10-07T17:45:19.8801514Z     "source_sha256": "18050e86ebeb2d11ced94d0e3a2199f0c58b7ae4d7029288c28b0c893ec159e1",
verify	Recover stopped G5 original compiler diagnostics	2026-10-07T17:45:19.8802119Z     "artifact_sha256": "fffe97d14e0248ab2f06da424d0c4543bbd809384f956c4f9f7d4b9064144797"
verify	Recover stopped G5 original compiler diagnostics	2026-10-07T17:45:19.8802785Z   },
verify	Recover stopped G5 original compiler diagnostics	2026-10-07T17:45:19.8803057Z   "UnifiedLean.Source.SourceAncestralCompletion": {
verify	Recover stopped G5 original compiler diagnostics	2026-10-07T17:45:19.8803530Z     "status": "PASS",
verify	Recover stopped G5 original compiler diagnostics	2026-10-07T17:45:19.8803737Z     "exit": 0,
verify	Recover stopped G5 original compiler diagnostics	2026-10-07T17:45:19.8804120Z     "source_sha256": "da44afa6b8039afb1f90128af2f1b62234f3dfd0197ef9399c52873bf865caa5",
verify	Recover stopped G5 original compiler diagnostics	2026-10-07T17:45:19.8804723Z     "artifact_sha256": "b49a97e4f29e1fd6a83f51da72c0a721d690a123787ff49dbc5c0d6bcca0edc3"
verify	Recover stopped G5 original compiler diagnostics	2026-10-07T17:45:19.8805130Z   }
verify	Recover stopped G5 original compiler diagnostics	2026-10-07T17:45:19.8805305Z }
verify	Recover stopped G5 original compiler diagnostics	2026-10-07T17:45:19.8805408Z 
verify	Recover stopped G5 original compiler diagnostics	2026-10-07T17:45:19.8805515Z G5_ORIGINAL_commands.json [
verify	Recover stopped G5 original compiler diagnostics	2026-10-07T17:45:19.8805745Z   {
verify	Recover stopped G5 original compiler diagnostics	2026-10-07T17:45:19.8805944Z     "name": "reconstruct",
verify	Recover stopped G5 original compiler diagnostics	2026-10-07T17:45:19.8806174Z     "command": [
verify	Recover stopped G5 original compiler diagnostics	2026-10-07T17:45:19.8806394Z       "/usr/bin/python",
verify	Recover stopped G5 original compiler diagnostics	2026-10-07T17:45:19.8806974Z       "/home/runner/work/_temp/research-commons/research/2026-10-07-cloud-g5-sol-ultra-1557z/scripts/reconstruct_context.py",
verify	Recover stopped G5 original compiler diagnostics	2026-10-07T17:45:19.8807594Z       "/home/runner/work/_temp/research-commons",
verify	Recover stopped G5 original compiler diagnostics	2026-10-07T17:45:19.8807936Z       "/home/runner/work/_temp/cloud-g5-build"
verify	Recover stopped G5 original compiler diagnostics	2026-10-07T17:45:19.8808218Z     ],
verify	Recover stopped G5 original compiler diagnostics	2026-10-07T17:45:19.8808424Z     "start_unix": 1791389501.299625,
verify	Recover stopped G5 original compiler diagnostics	2026-10-07T17:45:19.8808690Z     "end_unix": 1791389501.6639557,
verify	Recover stopped G5 original compiler diagnostics	2026-10-07T17:45:19.8808931Z     "exit": 0,
verify	Recover stopped G5 original compiler diagnostics	2026-10-07T17:45:19.8809286Z     "log_sha256": "4530ef4046618583934f14300febf212c0303e4c4c29dd121edead604f609bb1"
verify	Recover stopped G5 original compiler diagnostics	2026-10-07T17:45:19.8809681Z   },
verify	Recover stopped G5 original compiler diagnostics	2026-10-07T17:45:19.8809851Z   {
verify	Recover stopped G5 original compiler diagnostics	2026-10-07T17:45:19.8810047Z     "name": "lake-update",
verify	Recover stopped G5 original compiler diagnostics	2026-10-07T17:45:19.8810273Z     "command": [
verify	Recover stopped G5 original compiler diagnostics	2026-10-07T17:45:19.8810470Z       "lake",
verify	Recover stopped G5 original compiler diagnostics	2026-10-07T17:45:19.8810660Z       "update"
verify	Recover stopped G5 original compiler diagnostics	2026-10-07T17:45:19.8810842Z     ],
verify	Recover stopped G5 original compiler diagnostics	2026-10-07T17:45:19.8811043Z     "start_unix": 1791389501.6654856,
verify	Recover stopped G5 original compiler diagnostics	2026-10-07T17:45:19.8811306Z     "end_unix": 1791389538.7070515,
verify	Recover stopped G5 original compiler diagnostics	2026-10-07T17:45:19.8811544Z     "exit": 0,
verify	Recover stopped G5 original compiler diagnostics	2026-10-07T17:45:19.8811904Z     "log_sha256": "d22526fb45865d22f03197aea2d7a3e8efbdfcf8772b1f45a8ebfcfd18bb222d"
verify	Recover stopped G5 original compiler diagnostics	2026-10-07T17:45:19.8812304Z   },
verify	Recover stopped G5 original compiler diagnostics	2026-10-07T17:45:19.8812627Z   {
verify	Recover stopped G5 original compiler diagnostics	2026-10-07T17:45:19.8812830Z     "name": "mathlib-cache",
verify	Recover stopped G5 original compiler diagnostics	2026-10-07T17:45:19.8813070Z     "command": [
verify	Recover stopped G5 original compiler diagnostics	2026-10-07T17:45:19.8813263Z       "lake",
verify	Recover stopped G5 original compiler diagnostics	2026-10-07T17:45:19.8813447Z       "exe",
verify	Recover stopped G5 original compiler diagnostics	2026-10-07T17:45:19.8813633Z       "cache",
verify	Recover stopped G5 original compiler diagnostics	2026-10-07T17:45:19.8813815Z       "get",
verify	Recover stopped G5 original compiler diagnostics	2026-10-07T17:45:19.8814046Z       "Mathlib.Algebra.BigOperators.Field",
verify	Recover stopped G5 original compiler diagnostics	2026-10-07T17:45:19.8814370Z       "Mathlib.Algebra.BigOperators.Fin",
verify	Recover stopped G5 original compiler diagnostics	2026-10-07T17:45:19.8814720Z       "Mathlib.Algebra.BigOperators.Finsupp.Basic",
verify	Recover stopped G5 original compiler diagnostics	2026-10-07T17:45:19.8815115Z       "Mathlib.Algebra.BigOperators.Group.Finset.Basic",
verify	Recover stopped G5 original compiler diagnostics	2026-10-07T17:45:19.8815523Z       "Mathlib.Algebra.BigOperators.Group.Finset.Sigma",
verify	Recover stopped G5 original compiler diagnostics	2026-10-07T17:45:19.8815942Z       "Mathlib.Algebra.BigOperators.GroupWithZero.Finset",
verify	Recover stopped G5 original compiler diagnostics	2026-10-07T17:45:19.8816330Z       "Mathlib.Algebra.BigOperators.Ring.Finset",
verify	Recover stopped G5 original compiler diagnostics	2026-10-07T17:45:19.8816713Z       "Mathlib.Algebra.Order.BigOperators.Group.Finset",
verify	Recover stopped G5 original compiler diagnostics	2026-10-07T17:45:19.8817285Z       "Mathlib.Algebra.Order.BigOperators.GroupWithZero.Finset",
verify	Recover stopped G5 original compiler diagnostics	2026-10-07T17:45:19.8817735Z       "Mathlib.Analysis.Normed.Algebra.MatrixExponential",
verify	Recover stopped G5 original compiler diagnostics	2026-10-07T17:45:19.8818149Z       "Mathlib.Analysis.Normed.Module.FiniteDimension",
verify	Recover stopped G5 original compiler diagnostics	2026-10-07T17:45:19.8818519Z       "Mathlib.Analysis.SpecialFunctions.Exp",
verify	Recover stopped G5 original compiler diagnostics	2026-10-07T17:45:19.8818895Z       "Mathlib.Analysis.SpecialFunctions.Exponential",
verify	Recover stopped G5 original compiler diagnostics	2026-10-07T17:45:19.8819286Z       "Mathlib.Analysis.SpecialFunctions.Log.Basic",
verify	Recover stopped G5 original compiler diagnostics	2026-10-07T17:45:19.8819655Z       "Mathlib.Analysis.SpecificLimits.Basic",
verify	Recover stopped G5 original compiler diagnostics	2026-10-07T17:45:19.8819991Z       "Mathlib.Data.ENNReal.BigOperators",
verify	Recover stopped G5 original compiler diagnostics	2026-10-07T17:45:19.8820302Z       "Mathlib.Data.Fin.Tuple.Basic",
verify	Recover stopped G5 original compiler diagnostics	2026-10-07T17:45:19.8820592Z       "Mathlib.Data.Finset.Card",
verify	Recover stopped G5 original compiler diagnostics	2026-10-07T17:45:19.8820868Z       "Mathlib.Data.Finset.Max",
verify	Recover stopped G5 original compiler diagnostics	2026-10-07T17:45:19.8821143Z       "Mathlib.Data.Finset.Prod",
verify	Recover stopped G5 original compiler diagnostics	2026-10-07T17:45:19.8821415Z       "Mathlib.Data.Finset.Sort",
verify	Recover stopped G5 original compiler diagnostics	2026-10-07T17:45:19.8821685Z       "Mathlib.Data.Finset.Union",
verify	Recover stopped G5 original compiler diagnostics	2026-10-07T17:45:19.8821971Z       "Mathlib.Data.Fintype.Basic",
verify	Recover stopped G5 original compiler diagnostics	2026-10-07T17:45:19.8822269Z       "Mathlib.Data.Fintype.BigOperators",
verify	Recover stopped G5 original compiler diagnostics	2026-10-07T17:45:19.8822842Z       "Mathlib.Data.Fintype.Card",
verify	Recover stopped G5 original compiler diagnostics	2026-10-07T17:45:19.8823135Z       "Mathlib.Data.Fintype.EquivFin",
verify	Recover stopped G5 original compiler diagnostics	2026-10-07T17:45:19.8823433Z       "Mathlib.Data.Fintype.Powerset",
verify	Recover stopped G5 original compiler diagnostics	2026-10-07T17:45:19.8823719Z       "Mathlib.Data.Fintype.Sum",
verify	Recover stopped G5 original compiler diagnostics	2026-10-07T17:45:19.8823986Z       "Mathlib.Data.List.OfFn",
verify	Recover stopped G5 original compiler diagnostics	2026-10-07T17:45:19.8824265Z       "Mathlib.Data.Nat.Choose.Basic",
verify	Recover stopped G5 original compiler diagnostics	2026-10-07T17:45:19.8824560Z       "Mathlib.Data.Rat.BigOperators",
verify	Recover stopped G5 original compiler diagnostics	2026-10-07T17:45:19.8824843Z       "Mathlib.Data.Rat.Lemmas",
verify	Recover stopped G5 original compiler diagnostics	2026-10-07T17:45:19.8825108Z       "Mathlib.Data.Real.Basic",
verify	Recover stopped G5 original compiler diagnostics	2026-10-07T17:45:19.8825394Z       "Mathlib.LinearAlgebra.Vandermonde",
verify	Recover stopped G5 original compiler diagnostics	2026-10-07T17:45:19.8825691Z       "Mathlib.Logic.Relation",
verify	Recover stopped G5 original compiler diagnostics	2026-10-07T17:45:19.8826067Z       "Mathlib.MeasureTheory.Constructions.BorelSpace.Metrizable",
verify	Recover stopped G5 original compiler diagnostics	2026-10-07T17:45:19.8826550Z       "Mathlib.MeasureTheory.Constructions.BorelSpace.Order",
verify	Recover stopped G5 original compiler diagnostics	2026-10-07T17:45:19.8827009Z       "Mathlib.MeasureTheory.Constructions.BorelSpace.Real",
verify	Recover stopped G5 original compiler diagnostics	2026-10-07T17:45:19.8827407Z       "Mathlib.MeasureTheory.Constructions.Pi",
verify	Recover stopped G5 original compiler diagnostics	2026-10-07T17:45:19.8827806Z       "Mathlib.MeasureTheory.Constructions.Projective",
verify	Recover stopped G5 original compiler diagnostics	2026-10-07T17:45:19.8828211Z       "Mathlib.MeasureTheory.Integral.Bochner.Basic",
verify	Recover stopped G5 original compiler diagnostics	2026-10-07T17:45:19.8828686Z       "Mathlib.MeasureTheory.Integral.IntervalIntegral.FundThmCalculus",
verify	Recover stopped G5 original compiler diagnostics	2026-10-07T17:45:19.8829178Z       "Mathlib.MeasureTheory.Integral.Lebesgue.Countable",
verify	Recover stopped G5 original compiler diagnostics	2026-10-07T17:45:19.8829649Z       "Mathlib.MeasureTheory.Integral.Lebesgue.DominatedConvergence",
verify	Recover stopped G5 original compiler diagnostics	2026-10-07T17:45:19.8830113Z       "Mathlib.MeasureTheory.Integral.Lebesgue.Map",
verify	Recover stopped G5 original compiler diagnostics	2026-10-07T17:45:19.8830475Z       "Mathlib.MeasureTheory.Integral.Prod",
verify	Recover stopped G5 original compiler diagnostics	2026-10-07T17:45:19.8830827Z       "Mathlib.MeasureTheory.MeasurableSpace.Pi",
verify	Recover stopped G5 original compiler diagnostics	2026-10-07T17:45:19.8831175Z       "Mathlib.MeasureTheory.Measure.Prod",
verify	Recover stopped G5 original compiler diagnostics	2026-10-07T17:45:19.8831510Z       "Mathlib.MeasureTheory.Measure.Restrict",
verify	Recover stopped G5 original compiler diagnostics	2026-10-07T17:45:19.8831878Z       "Mathlib.Probability.Distributions.Bernoulli",
verify	Recover stopped G5 original compiler diagnostics	2026-10-07T17:45:19.8832266Z       "Mathlib.Probability.Distributions.Exponential",
verify	Recover stopped G5 original compiler diagnostics	2026-10-07T17:45:19.8832811Z       "Mathlib.Probability.Distributions.Poisson.Basic",
verify	Recover stopped G5 original compiler diagnostics	2026-10-07T17:45:19.8833223Z       "Mathlib.Probability.Distributions.Uniform",
verify	Recover stopped G5 original compiler diagnostics	2026-10-07T17:45:19.8833595Z       "Mathlib.Probability.Independence.Basic",
verify	Recover stopped G5 original compiler diagnostics	2026-10-07T17:45:19.8834041Z       "Mathlib.Probability.ProbabilityMassFunction.Constructions",
verify	Recover stopped G5 original compiler diagnostics	2026-10-07T17:45:19.8834535Z       "Mathlib.Probability.ProbabilityMassFunction.Integrals",
verify	Recover stopped G5 original compiler diagnostics	2026-10-07T17:45:19.8834897Z       "Mathlib.Tactic",
verify	Recover stopped G5 original compiler diagnostics	2026-10-07T17:45:19.8835150Z       "Mathlib.Tactic.FinCases",
verify	Recover stopped G5 original compiler diagnostics	2026-10-07T17:45:19.8835424Z       "Mathlib.Tactic.FunProp",
verify	Recover stopped G5 original compiler diagnostics	2026-10-07T17:45:19.8835688Z       "Mathlib.Tactic.Linarith",
verify	Recover stopped G5 original compiler diagnostics	2026-10-07T17:45:19.8835951Z       "Mathlib.Tactic.NormNum",
verify	Recover stopped G5 original compiler diagnostics	2026-10-07T17:45:19.8836220Z       "Mathlib.Tactic.Positivity",
verify	Recover stopped G5 original compiler diagnostics	2026-10-07T17:45:19.8836620Z       "Mathlib.Tactic.Ring"
verify	Recover stopped G5 original compiler diagnostics	2026-10-07T17:45:19.8836843Z     ],
verify	Recover stopped G5 original compiler diagnostics	2026-10-07T17:45:19.8837053Z     "start_unix": 1791389538.7099423,
verify	Recover stopped G5 original compiler diagnostics	2026-10-07T17:45:19.8837322Z     "end_unix": 1791389561.922325,
verify	Recover stopped G5 original compiler diagnostics	2026-10-07T17:45:19.8837563Z     "exit": 0,
verify	Recover stopped G5 original compiler diagnostics	2026-10-07T17:45:19.8837927Z     "log_sha256": "c22081565a979c0f1bfd058b54fa84cddb41641b9f15bb76dd5bb4bc168efcef"
verify	Recover stopped G5 original compiler diagnostics	2026-10-07T17:45:19.8838326Z   },
verify	Recover stopped G5 original compiler diagnostics	2026-10-07T17:45:19.8838496Z   {
verify	Recover stopped G5 original compiler diagnostics	2026-10-07T17:45:19.8838723Z     "name": "G5FrozenTriplePolynomialKernel",
verify	Recover stopped G5 original compiler diagnostics	2026-10-07T17:45:19.8839010Z     "command": [
verify	Recover stopped G5 original compiler diagnostics	2026-10-07T17:45:19.8839203Z       "lake",
verify	Recover stopped G5 original compiler diagnostics	2026-10-07T17:45:19.8839387Z       "env",
verify	Recover stopped G5 original compiler diagnostics	2026-10-07T17:45:19.8839574Z       "lean",
verify	Recover stopped G5 original compiler diagnostics	2026-10-07T17:45:19.8839809Z       "--trust=0",
verify	Recover stopped G5 original compiler diagnostics	2026-10-07T17:45:19.8840014Z       "-j1",
verify	Recover stopped G5 original compiler diagnostics	2026-10-07T17:45:19.8840200Z       "-M4096",
verify	Recover stopped G5 original compiler diagnostics	2026-10-07T17:45:19.8840393Z       "-R",
verify	Recover stopped G5 original compiler diagnostics	2026-10-07T17:45:19.8840644Z       "/home/runner/work/_temp/cloud-g5-build/CloudG5",
verify	Recover stopped G5 original compiler diagnostics	2026-10-07T17:45:19.8840939Z       "-o",
verify	Recover stopped G5 original compiler diagnostics	2026-10-07T17:45:19.8841394Z       "/home/runner/work/_temp/cloud-g5-build/.lake/build/lib/lean/G5FrozenTriplePolynomialKernel.olean",
verify	Recover stopped G5 original compiler diagnostics	2026-10-07T17:45:19.8841886Z       "-i",
verify	Recover stopped G5 original compiler diagnostics	2026-10-07T17:45:19.8842327Z       "/home/runner/work/_temp/cloud-g5-build/.lake/build/lib/lean/G5FrozenTriplePolynomialKernel.ilean",
verify	Recover stopped G5 original compiler diagnostics	2026-10-07T17:45:19.8843302Z       "/home/runner/work/_temp/cloud-g5-build/CloudG5/G5FrozenTriplePolynomialKernel.lean"
verify	Recover stopped G5 original compiler diagnostics	2026-10-07T17:45:19.8843733Z     ],
verify	Recover stopped G5 original compiler diagnostics	2026-10-07T17:45:19.8843941Z     "start_unix": 1791389561.9381628,
verify	Recover stopped G5 original compiler diagnostics	2026-10-07T17:45:19.8844221Z     "end_unix": 1791389566.411894,
verify	Recover stopped G5 original compiler diagnostics	2026-10-07T17:45:19.8844470Z     "exit": 0,
verify	Recover stopped G5 original compiler diagnostics	2026-10-07T17:45:19.8844831Z     "log_sha256": "65ab247d47a643d3f071e6fbf9f35c3290446a23df06a72b39a252aa2279e37e"
verify	Recover stopped G5 original compiler diagnostics	2026-10-07T17:45:19.8845219Z   },
verify	Recover stopped G5 original compiler diagnostics	2026-10-07T17:45:19.8845385Z   {
verify	Recover stopped G5 original compiler diagnostics	2026-10-07T17:45:19.8845609Z     "name": "G5ExponentialGermIdentification",
verify	Recover stopped G5 original compiler diagnostics	2026-10-07T17:45:19.8845916Z     "command": [
verify	Recover stopped G5 original compiler diagnostics	2026-10-07T17:45:19.8846110Z       "lake",
verify	Recover stopped G5 original compiler diagnostics	2026-10-07T17:45:19.8846296Z       "env",
verify	Recover stopped G5 original compiler diagnostics	2026-10-07T17:45:19.8846477Z       "lean",
verify	Recover stopped G5 original compiler diagnostics	2026-10-07T17:45:19.8846671Z       "--trust=0",
verify	Recover stopped G5 original compiler diagnostics	2026-10-07T17:45:19.8846866Z       "-j1",
verify	Recover stopped G5 original compiler diagnostics	2026-10-07T17:45:19.8847054Z       "-M4096",
verify	Recover stopped G5 original compiler diagnostics	2026-10-07T17:45:19.8847243Z       "-R",
verify	Recover stopped G5 original compiler diagnostics	2026-10-07T17:45:19.8847504Z       "/home/runner/work/_temp/cloud-g5-build/Imported",
verify	Recover stopped G5 original compiler diagnostics	2026-10-07T17:45:19.8847799Z       "-o",
verify	Recover stopped G5 original compiler diagnostics	2026-10-07T17:45:19.8848245Z       "/home/runner/work/_temp/cloud-g5-build/.lake/build/lib/lean/G5ExponentialGermIdentification.olean",
verify	Recover stopped G5 original compiler diagnostics	2026-10-07T17:45:19.8848723Z       "-i",
verify	Recover stopped G5 original compiler diagnostics	2026-10-07T17:45:19.8849161Z       "/home/runner/work/_temp/cloud-g5-build/.lake/build/lib/lean/G5ExponentialGermIdentification.ilean",
verify	Recover stopped G5 original compiler diagnostics	2026-10-07T17:45:19.8849850Z       "/home/runner/work/_temp/cloud-g5-build/Imported/G5ExponentialGermIdentification.lean"
verify	Recover stopped G5 original compiler diagnostics	2026-10-07T17:45:19.8850282Z     ],
verify	Recover stopped G5 original compiler diagnostics	2026-10-07T17:45:19.8850482Z     "start_unix": 1791389566.439328,
verify	Recover stopped G5 original compiler diagnostics	2026-10-07T17:45:19.8850749Z     "end_unix": 1791389568.9584136,
verify	Recover stopped G5 original compiler diagnostics	2026-10-07T17:45:19.8850995Z     "exit": 0,
verify	Recover stopped G5 original compiler diagnostics	2026-10-07T17:45:19.8851350Z     "log_sha256": "43b8db7dd2022f81be166db6224a360defaf0709d2d333320680b065d5e0e567"
verify	Recover stopped G5 original compiler diagnostics	2026-10-07T17:45:19.8851744Z   },
verify	Recover stopped G5 original compiler diagnostics	2026-10-07T17:45:19.8851911Z   {
verify	Recover stopped G5 original compiler diagnostics	2026-10-07T17:45:19.8852109Z     "name": "G5UnknownRateSupport",
verify	Recover stopped G5 original compiler diagnostics	2026-10-07T17:45:19.8852491Z     "command": [
verify	Recover stopped G5 original compiler diagnostics	2026-10-07T17:45:19.8852692Z       "lake",
verify	Recover stopped G5 original compiler diagnostics	2026-10-07T17:45:19.8852879Z       "env",
verify	Recover stopped G5 original compiler diagnostics	2026-10-07T17:45:19.8853059Z       "lean",
verify	Recover stopped G5 original compiler diagnostics	2026-10-07T17:45:19.8853251Z       "--trust=0",
verify	Recover stopped G5 original compiler diagnostics	2026-10-07T17:45:19.8853453Z       "-j1",
verify	Recover stopped G5 original compiler diagnostics	2026-10-07T17:45:19.8853638Z       "-M4096",
verify	Recover stopped G5 original compiler diagnostics	2026-10-07T17:45:19.8853826Z       "-R",
verify	Recover stopped G5 original compiler diagnostics	2026-10-07T17:45:19.8854078Z       "/home/runner/work/_temp/cloud-g5-build/Imported",
verify	Recover stopped G5 original compiler diagnostics	2026-10-07T17:45:19.8854374Z       "-o",
verify	Recover stopped G5 original compiler diagnostics	2026-10-07T17:45:19.8854769Z       "/home/runner/work/_temp/cloud-g5-build/.lake/build/lib/lean/G5UnknownRateSupport.olean",
verify	Recover stopped G5 original compiler diagnostics	2026-10-07T17:45:19.8855212Z       "-i",
verify	Recover stopped G5 original compiler diagnostics	2026-10-07T17:45:19.8855603Z       "/home/runner/work/_temp/cloud-g5-build/.lake/build/lib/lean/G5UnknownRateSupport.ilean",
verify	Recover stopped G5 original compiler diagnostics	2026-10-07T17:45:19.8856192Z       "/home/runner/work/_temp/cloud-g5-build/Imported/G5UnknownRateSupport.lean"
verify	Recover stopped G5 original compiler diagnostics	2026-10-07T17:45:19.8856701Z     ],
verify	Recover stopped G5 original compiler diagnostics	2026-10-07T17:45:19.8856906Z     "start_unix": 1791389568.9768963,
verify	Recover stopped G5 original compiler diagnostics	2026-10-07T17:45:19.8857175Z     "end_unix": 1791389571.4457214,
verify	Recover stopped G5 original compiler diagnostics	2026-10-07T17:45:19.8857422Z     "exit": 0,
verify	Recover stopped G5 original compiler diagnostics	2026-10-07T17:45:19.8857781Z     "log_sha256": "36b339cbb814f07566d18ce6dd3e52801f2bffd23f1262b079fa7bef2cc6169f"
verify	Recover stopped G5 original compiler diagnostics	2026-10-07T17:45:19.8858167Z   },
verify	Recover stopped G5 original compiler diagnostics	2026-10-07T17:45:19.8858336Z   {
verify	Recover stopped G5 original compiler diagnostics	2026-10-07T17:45:19.8858556Z     "name": "G5FrozenTripleAnalyticSupport",
verify	Recover stopped G5 original compiler diagnostics	2026-10-07T17:45:19.8858835Z     "command": [
verify	Recover stopped G5 original compiler diagnostics	2026-10-07T17:45:19.8859032Z       "lake",
verify	Recover stopped G5 original compiler diagnostics	2026-10-07T17:45:19.8859215Z       "env",
verify	Recover stopped G5 original compiler diagnostics	2026-10-07T17:45:19.8859397Z       "lean",
verify	Recover stopped G5 original compiler diagnostics	2026-10-07T17:45:19.8859585Z       "--trust=0",
verify	Recover stopped G5 original compiler diagnostics	2026-10-07T17:45:19.8859783Z       "-j1",
verify	Recover stopped G5 original compiler diagnostics	2026-10-07T17:45:19.8859966Z       "-M4096",
verify	Recover stopped G5 original compiler diagnostics	2026-10-07T17:45:19.8860152Z       "-R",
verify	Recover stopped G5 original compiler diagnostics	2026-10-07T17:45:19.8860404Z       "/home/runner/work/_temp/cloud-g5-build/CloudG5",
verify	Recover stopped G5 original compiler diagnostics	2026-10-07T17:45:19.8860696Z       "-o",
verify	Recover stopped G5 original compiler diagnostics	2026-10-07T17:45:19.8861136Z       "/home/runner/work/_temp/cloud-g5-build/.lake/build/lib/lean/G5FrozenTripleAnalyticSupport.olean",
verify	Recover stopped G5 original compiler diagnostics	2026-10-07T17:45:19.8861613Z       "-i",
verify	Recover stopped G5 original compiler diagnostics	2026-10-07T17:45:19.8862044Z       "/home/runner/work/_temp/cloud-g5-build/.lake/build/lib/lean/G5FrozenTripleAnalyticSupport.ilean",
verify	Recover stopped G5 original compiler diagnostics	2026-10-07T17:45:19.8863007Z       "/home/runner/work/_temp/cloud-g5-build/CloudG5/G5FrozenTripleAnalyticSupport.lean"
verify	Recover stopped G5 original compiler diagnostics	2026-10-07T17:45:19.8863428Z     ],
verify	Recover stopped G5 original compiler diagnostics	2026-10-07T17:45:19.8863635Z     "start_unix": 1791389571.4959178,
verify	Recover stopped G5 original compiler diagnostics	2026-10-07T17:45:19.8863900Z     "end_unix": 1791389577.8238816,
verify	Recover stopped G5 original compiler diagnostics	2026-10-07T17:45:19.8864140Z     "exit": 1,
verify	Recover stopped G5 original compiler diagnostics	2026-10-07T17:45:19.8864508Z     "log_sha256": "34de6290607f742b7e7e67716ddf0a40bace5fcd605fcedac473905952442717"
verify	Recover stopped G5 original compiler diagnostics	2026-10-07T17:45:19.8864894Z   },
verify	Recover stopped G5 original compiler diagnostics	2026-10-07T17:45:19.8865059Z   {
verify	Recover stopped G5 original compiler diagnostics	2026-10-07T17:45:19.8865251Z     "name": "SourceNetwork",
verify	Recover stopped G5 original compiler diagnostics	2026-10-07T17:45:19.8865484Z     "command": [
verify	Recover stopped G5 original compiler diagnostics	2026-10-07T17:45:19.8865676Z       "lake",
verify	Recover stopped G5 original compiler diagnostics	2026-10-07T17:45:19.8865864Z       "env",
verify	Recover stopped G5 original compiler diagnostics	2026-10-07T17:45:19.8866049Z       "lean",
verify	Recover stopped G5 original compiler diagnostics	2026-10-07T17:45:19.8866246Z       "--trust=0",
verify	Recover stopped G5 original compiler diagnostics	2026-10-07T17:45:19.8866450Z       "-j1",
verify	Recover stopped G5 original compiler diagnostics	2026-10-07T17:45:19.8866635Z       "-M4096",
verify	Recover stopped G5 original compiler diagnostics	2026-10-07T17:45:19.8866864Z       "-R",
verify	Recover stopped G5 original compiler diagnostics	2026-10-07T17:45:19.8867118Z       "/home/runner/work/_temp/cloud-g5-build/Imported",
verify	Recover stopped G5 original compiler diagnostics	2026-10-07T17:45:19.8867419Z       "-o",
verify	Recover stopped G5 original compiler diagnostics	2026-10-07T17:45:19.8867775Z       "/home/runner/work/_temp/cloud-g5-build/.lake/build/lib/lean/SourceNetwork.olean",
verify	Recover stopped G5 original compiler diagnostics	2026-10-07T17:45:19.8868179Z       "-i",
verify	Recover stopped G5 original compiler diagnostics	2026-10-07T17:45:19.8868529Z       "/home/runner/work/_temp/cloud-g5-build/.lake/build/lib/lean/SourceNetwork.ilean",
verify	Recover stopped G5 original compiler diagnostics	2026-10-07T17:45:19.8869067Z       "/home/runner/work/_temp/cloud-g5-build/Imported/SourceNetwork.lean"
verify	Recover stopped G5 original compiler diagnostics	2026-10-07T17:45:19.8869426Z     ],
verify	Recover stopped G5 original compiler diagnostics	2026-10-07T17:45:19.8869632Z     "start_unix": 1791389577.8273194,
verify	Recover stopped G5 original compiler diagnostics	2026-10-07T17:45:19.8869895Z     "end_unix": 1791389579.84544,
verify	Recover stopped G5 original compiler diagnostics	2026-10-07T17:45:19.8870131Z     "exit": 0,
verify	Recover stopped G5 original compiler diagnostics	2026-10-07T17:45:19.8870534Z     "log_sha256": "5465ecf96db0b49e53a81535e70658b235bd5d9816b211e5a2dd735b687cc24f"
verify	Recover stopped G5 original compiler diagnostics	2026-10-07T17:45:19.8870920Z   },
verify	Recover stopped G5 original compiler diagnostics	2026-10-07T17:45:19.8871090Z   {
verify	Recover stopped G5 original compiler diagnostics	2026-10-07T17:45:19.8871287Z     "name": "G2LiveLineageRouting",
verify	Recover stopped G5 original compiler diagnostics	2026-10-07T17:45:19.8871534Z     "command": [
verify	Recover stopped G5 original compiler diagnostics	2026-10-07T17:45:19.8871728Z       "lake",
verify	Recover stopped G5 original compiler diagnostics	2026-10-07T17:45:19.8871920Z       "env",
verify	Recover stopped G5 original compiler diagnostics	2026-10-07T17:45:19.8872103Z       "lean",
verify	Recover stopped G5 original compiler diagnostics	2026-10-07T17:45:19.8872300Z       "--trust=0",
verify	Recover stopped G5 original compiler diagnostics	2026-10-07T17:45:19.8872621Z       "-j1",
verify	Recover stopped G5 original compiler diagnostics	2026-10-07T17:45:19.8872807Z       "-M4096",
verify	Recover stopped G5 original compiler diagnostics	2026-10-07T17:45:19.8872995Z       "-R",
verify	Recover stopped G5 original compiler diagnostics	2026-10-07T17:45:19.8873244Z       "/home/runner/work/_temp/cloud-g5-build/TimedG2",
verify	Recover stopped G5 original compiler diagnostics	2026-10-07T17:45:19.8873533Z       "-o",
verify	Recover stopped G5 original compiler diagnostics	2026-10-07T17:45:19.8873929Z       "/home/runner/work/_temp/cloud-g5-build/.lake/build/lib/lean/G2LiveLineageRouting.olean",
verify	Recover stopped G5 original compiler diagnostics	2026-10-07T17:45:19.8874374Z       "-i",
verify	Recover stopped G5 original compiler diagnostics	2026-10-07T17:45:19.8874763Z       "/home/runner/work/_temp/cloud-g5-build/.lake/build/lib/lean/G2LiveLineageRouting.ilean",
verify	Recover stopped G5 original compiler diagnostics	2026-10-07T17:45:19.8875348Z       "/home/runner/work/_temp/cloud-g5-build/TimedG2/G2LiveLineageRouting.lean"
verify	Recover stopped G5 original compiler diagnostics	2026-10-07T17:45:19.8875729Z     ],
verify	Recover stopped G5 original compiler diagnostics	2026-10-07T17:45:19.8876071Z     "start_unix": 1791389579.8568027,
verify	Recover stopped G5 original compiler diagnostics	2026-10-07T17:45:19.8876338Z     "end_unix": 1791389581.9247127,
verify	Recover stopped G5 original compiler diagnostics	2026-10-07T17:45:19.8876575Z     "exit": 0,
verify	Recover stopped G5 original compiler diagnostics	2026-10-07T17:45:19.8876928Z     "log_sha256": "a80577f1d7135c5660613a0e39dcabd2f3198a9c7399d7632b4ef613e6fc9ebd"
verify	Recover stopped G5 original compiler diagnostics	2026-10-07T17:45:19.8877321Z   },
verify	Recover stopped G5 original compiler diagnostics	2026-10-07T17:45:19.8877493Z   {
verify	Recover stopped G5 original compiler diagnostics	2026-10-07T17:45:19.8877694Z     "name": "SourceLabelledForest",
verify	Recover stopped G5 original compiler diagnostics	2026-10-07T17:45:19.8877944Z     "command": [
verify	Recover stopped G5 original compiler diagnostics	2026-10-07T17:45:19.8878138Z       "lake",
verify	Recover stopped G5 original compiler diagnostics	2026-10-07T17:45:19.8878324Z       "env",
verify	Recover stopped G5 original compiler diagnostics	2026-10-07T17:45:19.8878507Z       "lean",
verify	Recover stopped G5 original compiler diagnostics	2026-10-07T17:45:19.8878703Z       "--trust=0",
verify	Recover stopped G5 original compiler diagnostics	2026-10-07T17:45:19.8878901Z       "-j1",
verify	Recover stopped G5 original compiler diagnostics	2026-10-07T17:45:19.8879088Z       "-M4096",
verify	Recover stopped G5 original compiler diagnostics	2026-10-07T17:45:19.8879275Z       "-R",
verify	Recover stopped G5 original compiler diagnostics	2026-10-07T17:45:19.8879529Z       "/home/runner/work/_temp/cloud-g5-build/Imported",
verify	Recover stopped G5 original compiler diagnostics	2026-10-07T17:45:19.8879822Z       "-o",
verify	Recover stopped G5 original compiler diagnostics	2026-10-07T17:45:19.8880212Z       "/home/runner/work/_temp/cloud-g5-build/.lake/build/lib/lean/SourceLabelledForest.olean",
verify	Recover stopped G5 original compiler diagnostics	2026-10-07T17:45:19.8880646Z       "-i",
verify	Recover stopped G5 original compiler diagnostics	2026-10-07T17:45:19.8881032Z       "/home/runner/work/_temp/cloud-g5-build/.lake/build/lib/lean/SourceLabelledForest.ilean",
verify	Recover stopped G5 original compiler diagnostics	2026-10-07T17:45:19.8881617Z       "/home/runner/work/_temp/cloud-g5-build/Imported/SourceLabelledForest.lean"
verify	Recover stopped G5 original compiler diagnostics	2026-10-07T17:45:19.8882119Z     ],
verify	Recover stopped G5 original compiler diagnostics	2026-10-07T17:45:19.8882322Z     "start_unix": 1791389581.9308631,
verify	Recover stopped G5 original compiler diagnostics	2026-10-07T17:45:19.8882706Z     "end_unix": 1791389585.9026165,
verify	Recover stopped G5 original compiler diagnostics	2026-10-07T17:45:19.8882945Z     "exit": 0,
verify	Recover stopped G5 original compiler diagnostics	2026-10-07T17:45:19.8883305Z     "log_sha256": "01c9e2e6e0885ae025fdf9147e22cd3ad1b3acc8a44eb8ae3239ac861575dbc2"
verify	Recover stopped G5 original compiler diagnostics	2026-10-07T17:45:19.8883693Z   },
verify	Recover stopped G5 original compiler diagnostics	2026-10-07T17:45:19.8883861Z   {
verify	Recover stopped G5 original compiler diagnostics	2026-10-07T17:45:19.8884081Z     "name": "SourceForestKingmanProjection",
verify	Recover stopped G5 original compiler diagnostics	2026-10-07T17:45:19.8884364Z     "command": [
verify	Recover stopped G5 original compiler diagnostics	2026-10-07T17:45:19.8884554Z       "lake",
verify	Recover stopped G5 original compiler diagnostics	2026-10-07T17:45:19.8884736Z       "env",
verify	Recover stopped G5 original compiler diagnostics	2026-10-07T17:45:19.8884917Z       "lean",
verify	Recover stopped G5 original compiler diagnostics	2026-10-07T17:45:19.8885109Z       "--trust=0",
verify	Recover stopped G5 original compiler diagnostics	2026-10-07T17:45:19.8885301Z       "-j1",
verify	Recover stopped G5 original compiler diagnostics	2026-10-07T17:45:19.8885484Z       "-M4096",
verify	Recover stopped G5 original compiler diagnostics	2026-10-07T17:45:19.8885677Z       "-R",
verify	Recover stopped G5 original compiler diagnostics	2026-10-07T17:45:19.8885928Z       "/home/runner/work/_temp/cloud-g5-build/Imported",
verify	Recover stopped G5 original compiler diagnostics	2026-10-07T17:45:19.8886225Z       "-o",
verify	Recover stopped G5 original compiler diagnostics	2026-10-07T17:45:19.8886667Z       "/home/runner/work/_temp/cloud-g5-build/.lake/build/lib/lean/SourceForestKingmanProjection.olean",
verify	Recover stopped G5 original compiler diagnostics	2026-10-07T17:45:19.8887139Z       "-i",
verify	Recover stopped G5 original compiler diagnostics	2026-10-07T17:45:19.8887573Z       "/home/runner/work/_temp/cloud-g5-build/.lake/build/lib/lean/SourceForestKingmanProjection.ilean",
verify	Recover stopped G5 original compiler diagnostics	2026-10-07T17:45:19.8888241Z       "/home/runner/work/_temp/cloud-g5-build/Imported/SourceForestKingmanProjection.lean"
verify	Recover stopped G5 original compiler diagnostics	2026-10-07T17:45:19.8888672Z     ],
verify	Recover stopped G5 original compiler diagnostics	2026-10-07T17:45:19.8888870Z     "start_unix": 1791389585.905796,
verify	Recover stopped G5 original compiler diagnostics	2026-10-07T17:45:19.8889134Z     "end_unix": 1791389587.974256,
verify	Recover stopped G5 original compiler diagnostics	2026-10-07T17:45:19.8889374Z     "exit": 0,
verify	Recover stopped G5 original compiler diagnostics	2026-10-07T17:45:19.8889723Z     "log_sha256": "8dc9cfa5c8c6385fb83c21a36870410506196c9981a8fdec8e20492e8758b620"
verify	Recover stopped G5 original compiler diagnostics	2026-10-07T17:45:19.8890109Z   },
verify	Recover stopped G5 original compiler diagnostics	2026-10-07T17:45:19.8890281Z   {
verify	Recover stopped G5 original compiler diagnostics	2026-10-07T17:45:19.8890542Z     "name": "SourceForestKingmanPopulationProjection",
verify	Recover stopped G5 original compiler diagnostics	2026-10-07T17:45:19.8890861Z     "command": [
verify	Recover stopped G5 original compiler diagnostics	2026-10-07T17:45:19.8891055Z       "lake",
verify	Recover stopped G5 original compiler diagnostics	2026-10-07T17:45:19.8891246Z       "env",
verify	Recover stopped G5 original compiler diagnostics	2026-10-07T17:45:19.8891443Z       "lean",
verify	Recover stopped G5 original compiler diagnostics	2026-10-07T17:45:19.8891630Z       "--trust=0",
verify	Recover stopped G5 original compiler diagnostics	2026-10-07T17:45:19.8891825Z       "-j1",
verify	Recover stopped G5 original compiler diagnostics	2026-10-07T17:45:19.8892009Z       "-M4096",
verify	Recover stopped G5 original compiler diagnostics	2026-10-07T17:45:19.8892199Z       "-R",
verify	Recover stopped G5 original compiler diagnostics	2026-10-07T17:45:19.8892562Z       "/home/runner/work/_temp/cloud-g5-build/Imported",
verify	Recover stopped G5 original compiler diagnostics	2026-10-07T17:45:19.8892858Z       "-o",
verify	Recover stopped G5 original compiler diagnostics	2026-10-07T17:45:19.8893350Z       "/home/runner/work/_temp/cloud-g5-build/.lake/build/lib/lean/SourceForestKingmanPopulationProjection.olean",
verify	Recover stopped G5 original compiler diagnostics	2026-10-07T17:45:19.8893876Z       "-i",
verify	Recover stopped G5 original compiler diagnostics	2026-10-07T17:45:19.8894353Z       "/home/runner/work/_temp/cloud-g5-build/.lake/build/lib/lean/SourceForestKingmanPopulationProjection.ilean",
verify	Recover stopped G5 original compiler diagnostics	2026-10-07T17:45:19.8895142Z       "/home/runner/work/_temp/cloud-g5-build/Imported/SourceForestKingmanPopulationProjection.lean"
verify	Recover stopped G5 original compiler diagnostics	2026-10-07T17:45:19.8895618Z     ],
verify	Recover stopped G5 original compiler diagnostics	2026-10-07T17:45:19.8895944Z     "start_unix": 1791389587.9755433,
verify	Recover stopped G5 original compiler diagnostics	2026-10-07T17:45:19.8896210Z     "end_unix": 1791389589.9438045,
verify	Recover stopped G5 original compiler diagnostics	2026-10-07T17:45:19.8896449Z     "exit": 0,
verify	Recover stopped G5 original compiler diagnostics	2026-10-07T17:45:19.8896819Z     "log_sha256": "b1c63ba279a357fa22709ed7ac5977611c4f68d4d8d3ff24026f3e4e3400c844"
verify	Recover stopped G5 original compiler diagnostics	2026-10-07T17:45:19.8897214Z   },
verify	Recover stopped G5 original compiler diagnostics	2026-10-07T17:45:19.8897395Z   {
verify	Recover stopped G5 original compiler diagnostics	2026-10-07T17:45:19.8897682Z     "name": "UnifiedLean.Source.SourceForestSilentPruning",
verify	Recover stopped G5 original compiler diagnostics	2026-10-07T17:45:19.8898022Z     "command": [
verify	Recover stopped G5 original compiler diagnostics	2026-10-07T17:45:19.8898217Z       "lake",
verify	Recover stopped G5 original compiler diagnostics	2026-10-07T17:45:19.8898403Z       "env",
verify	Recover stopped G5 original compiler diagnostics	2026-10-07T17:45:19.8898595Z       "lean",
verify	Recover stopped G5 original compiler diagnostics	2026-10-07T17:45:19.8898783Z       "--trust=0",
verify	Recover stopped G5 original compiler diagnostics	2026-10-07T17:45:19.8898980Z       "-j1",
verify	Recover stopped G5 original compiler diagnostics	2026-10-07T17:45:19.8899169Z       "-M4096",
verify	Recover stopped G5 original compiler diagnostics	2026-10-07T17:45:19.8899361Z       "-R",
verify	Recover stopped G5 original compiler diagnostics	2026-10-07T17:45:19.8899593Z       "/home/runner/work/_temp/cloud-g5-build",
verify	Recover stopped G5 original compiler diagnostics	2026-10-07T17:45:19.8899874Z       "-o",
verify	Recover stopped G5 original compiler diagnostics	2026-10-07T17:45:19.8900376Z       "/home/runner/work/_temp/cloud-g5-build/.lake/build/lib/lean/UnifiedLean/Source/SourceForestSilentPruning.olean",
verify	Recover stopped G5 original compiler diagnostics	2026-10-07T17:45:19.8900914Z       "-i",
verify	Recover stopped G5 original compiler diagnostics	2026-10-07T17:45:19.8901409Z       "/home/runner/work/_temp/cloud-g5-build/.lake/build/lib/lean/UnifiedLean/Source/SourceForestSilentPruning.ilean",
verify	Recover stopped G5 original compiler diagnostics	2026-10-07T17:45:19.8902292Z       "/home/runner/work/_temp/cloud-g5-build/UnifiedLean/Source/SourceForestSilentPruning.lean"
verify	Recover stopped G5 original compiler diagnostics	2026-10-07T17:45:19.8902903Z     ],
verify	Recover stopped G5 original compiler diagnostics	2026-10-07T17:45:19.8903107Z     "start_unix": 1791389589.9450765,
verify	Recover stopped G5 original compiler diagnostics	2026-10-07T17:45:19.8903379Z     "end_unix": 1791389592.0133755,
verify	Recover stopped G5 original compiler diagnostics	2026-10-07T17:45:19.8903620Z     "exit": 0,
verify	Recover stopped G5 original compiler diagnostics	2026-10-07T17:45:19.8903987Z     "log_sha256": "b90ab47ee2db34615bb8cc7f64ce682c5bb857b707b922f70edb100ad2bd7088"
verify	Recover stopped G5 original compiler diagnostics	2026-10-07T17:45:19.8904383Z   },
verify	Recover stopped G5 original compiler diagnostics	2026-10-07T17:45:19.8904562Z   {
verify	Recover stopped G5 original compiler diagnostics	2026-10-07T17:45:19.8904778Z     "name": "G2FaithfulPairAgeDecoration",
verify	Recover stopped G5 original compiler diagnostics	2026-10-07T17:45:19.8905057Z     "command": [
verify	Recover stopped G5 original compiler diagnostics	2026-10-07T17:45:19.8905251Z       "lake",
verify	Recover stopped G5 original compiler diagnostics	2026-10-07T17:45:19.8905448Z       "env",
verify	Recover stopped G5 original compiler diagnostics	2026-10-07T17:45:19.8905532Z       "lean",
verify	Recover stopped G5 original compiler diagnostics	2026-10-07T17:45:19.8905634Z       "--trust=0",
verify	Recover stopped G5 original compiler diagnostics	2026-10-07T17:45:19.8905717Z       "-j1",
verify	Recover stopped G5 original compiler diagnostics	2026-10-07T17:45:19.8905805Z       "-M4096",
verify	Recover stopped G5 original compiler diagnostics	2026-10-07T17:45:19.8905885Z       "-R",
verify	Recover stopped G5 original compiler diagnostics	2026-10-07T17:45:19.8906043Z       "/home/runner/work/_temp/cloud-g5-build/TimedG2",
verify	Recover stopped G5 original compiler diagnostics	2026-10-07T17:45:19.8906132Z       "-o",
verify	Recover stopped G5 original compiler diagnostics	2026-10-07T17:45:19.8906468Z       "/home/runner/work/_temp/cloud-g5-build/.lake/build/lib/lean/G2FaithfulPairAgeDecoration.olean",
verify	Recover stopped G5 original compiler diagnostics	2026-10-07T17:45:19.8906553Z       "-i",
verify	Recover stopped G5 original compiler diagnostics	2026-10-07T17:45:19.8906874Z       "/home/runner/work/_temp/cloud-g5-build/.lake/build/lib/lean/G2FaithfulPairAgeDecoration.ilean",
verify	Recover stopped G5 original compiler diagnostics	2026-10-07T17:45:19.8907143Z       "/home/runner/work/_temp/cloud-g5-build/TimedG2/G2FaithfulPairAgeDecoration.lean"
verify	Recover stopped G5 original compiler diagnostics	2026-10-07T17:45:19.8907220Z     ],
verify	Recover stopped G5 original compiler diagnostics	2026-10-07T17:45:19.8907329Z     "start_unix": 1791389592.0148096,
verify	Recover stopped G5 original compiler diagnostics	2026-10-07T17:45:19.8907431Z     "end_unix": 1791389594.5844069,
verify	Recover stopped G5 original compiler diagnostics	2026-10-07T17:45:19.8907521Z     "exit": 0,
verify	Recover stopped G5 original compiler diagnostics	2026-10-07T17:45:19.8907773Z     "log_sha256": "58c378ffef4614d99f5c2589903c1215cb8b65f20e67508da673b17f0a1d8ec9"
verify	Recover stopped G5 original compiler diagnostics	2026-10-07T17:45:19.8907853Z   },
verify	Recover stopped G5 original compiler diagnostics	2026-10-07T17:45:19.8907931Z   {
verify	Recover stopped G5 original compiler diagnostics	2026-10-07T17:45:19.8908108Z     "name": "UnifiedLean.Source.FiniteGenealogyEncoding",
verify	Recover stopped G5 original compiler diagnostics	2026-10-07T17:45:19.8908198Z     "command": [
verify	Recover stopped G5 original compiler diagnostics	2026-10-07T17:45:19.8908283Z       "lake",
verify	Recover stopped G5 original compiler diagnostics	2026-10-07T17:45:19.8908369Z       "env",
verify	Recover stopped G5 original compiler diagnostics	2026-10-07T17:45:19.8908452Z       "lean",
verify	Recover stopped G5 original compiler diagnostics	2026-10-07T17:45:19.8908543Z       "--trust=0",
verify	Recover stopped G5 original compiler diagnostics	2026-10-07T17:45:19.8908628Z       "-j1",
verify	Recover stopped G5 original compiler diagnostics	2026-10-07T17:45:19.8908711Z       "-M4096",
verify	Recover stopped G5 original compiler diagnostics	2026-10-07T17:45:19.8908795Z       "-R",
verify	Recover stopped G5 original compiler diagnostics	2026-10-07T17:45:19.8908931Z       "/home/runner/work/_temp/cloud-g5-build",
verify	Recover stopped G5 original compiler diagnostics	2026-10-07T17:45:19.8909031Z       "-o",
verify	Recover stopped G5 original compiler diagnostics	2026-10-07T17:45:19.8909424Z       "/home/runner/work/_temp/cloud-g5-build/.lake/build/lib/lean/UnifiedLean/Source/FiniteGenealogyEncoding.olean",
verify	Recover stopped G5 original compiler diagnostics	2026-10-07T17:45:19.8909512Z       "-i",
verify	Recover stopped G5 original compiler diagnostics	2026-10-07T17:45:19.8909894Z       "/home/runner/work/_temp/cloud-g5-build/.lake/build/lib/lean/UnifiedLean/Source/FiniteGenealogyEncoding.ilean",
verify	Recover stopped G5 original compiler diagnostics	2026-10-07T17:45:19.8910201Z       "/home/runner/work/_temp/cloud-g5-build/UnifiedLean/Source/FiniteGenealogyEncoding.lean"
verify	Recover stopped G5 original compiler diagnostics	2026-10-07T17:45:19.8910416Z     ],
verify	Recover stopped G5 original compiler diagnostics	2026-10-07T17:45:19.8910518Z     "start_unix": 1791389594.58577,
verify	Recover stopped G5 original compiler diagnostics	2026-10-07T17:45:19.8910624Z     "end_unix": 1791389596.804332,
verify	Recover stopped G5 original compiler diagnostics	2026-10-07T17:45:19.8910713Z     "exit": 0,
verify	Recover stopped G5 original compiler diagnostics	2026-10-07T17:45:19.8910960Z     "log_sha256": "1ac5311ec42d979bd62460c05cf3e859102a5c03815f872a3d21d89a455304dd"
verify	Recover stopped G5 original compiler diagnostics	2026-10-07T17:45:19.8911037Z   },
verify	Recover stopped G5 original compiler diagnostics	2026-10-07T17:45:19.8911120Z   {
verify	Recover stopped G5 original compiler diagnostics	2026-10-07T17:45:19.8911291Z     "name": "UnifiedLean.Source.FiniteSourceSnapshot",
verify	Recover stopped G5 original compiler diagnostics	2026-10-07T17:45:19.8911379Z     "command": [
verify	Recover stopped G5 original compiler diagnostics	2026-10-07T17:45:19.8911471Z       "lake",
verify	Recover stopped G5 original compiler diagnostics	2026-10-07T17:45:19.8911552Z       "env",
verify	Recover stopped G5 original compiler diagnostics	2026-10-07T17:45:19.8911638Z       "lean",
verify	Recover stopped G5 original compiler diagnostics	2026-10-07T17:45:19.8911723Z       "--trust=0",
verify	Recover stopped G5 original compiler diagnostics	2026-10-07T17:45:19.8911809Z       "-j1",
verify	Recover stopped G5 original compiler diagnostics	2026-10-07T17:45:19.8911892Z       "-M4096",
verify	Recover stopped G5 original compiler diagnostics	2026-10-07T17:45:19.8911978Z       "-R",
verify	Recover stopped G5 original compiler diagnostics	2026-10-07T17:45:19.8912112Z       "/home/runner/work/_temp/cloud-g5-build",
verify	Recover stopped G5 original compiler diagnostics	2026-10-07T17:45:19.8912192Z       "-o",
verify	Recover stopped G5 original compiler diagnostics	2026-10-07T17:45:19.8912711Z       "/home/runner/work/_temp/cloud-g5-build/.lake/build/lib/lean/UnifiedLean/Source/FiniteSourceSnapshot.olean",
verify	Recover stopped G5 original compiler diagnostics	2026-10-07T17:45:19.8912799Z       "-i",
verify	Recover stopped G5 original compiler diagnostics	2026-10-07T17:45:19.8913181Z       "/home/runner/work/_temp/cloud-g5-build/.lake/build/lib/lean/UnifiedLean/Source/FiniteSourceSnapshot.ilean",
verify	Recover stopped G5 original compiler diagnostics	2026-10-07T17:45:19.8913584Z       "/home/runner/work/_temp/cloud-g5-build/UnifiedLean/Source/FiniteSourceSnapshot.lean"
verify	Recover stopped G5 original compiler diagnostics	2026-10-07T17:45:19.8913672Z     ],
verify	Recover stopped G5 original compiler diagnostics	2026-10-07T17:45:19.8913787Z     "start_unix": 1791389596.8058445,
verify	Recover stopped G5 original compiler diagnostics	2026-10-07T17:45:19.8913892Z     "end_unix": 1791389598.9750087,
verify	Recover stopped G5 original compiler diagnostics	2026-10-07T17:45:19.8913981Z     "exit": 0,
verify	Recover stopped G5 original compiler diagnostics	2026-10-07T17:45:19.8914236Z     "log_sha256": "9d8f1548817dd3bd53c5aa2ffff4610a16eebfcc95057d019e0e75280e57c673"
verify	Recover stopped G5 original compiler diagnostics	2026-10-07T17:45:19.8914319Z   },
verify	Recover stopped G5 original compiler diagnostics	2026-10-07T17:45:19.8914394Z   {
verify	Recover stopped G5 original compiler diagnostics	2026-10-07T17:45:19.8914508Z     "name": "GraphLeaves",
verify	Recover stopped G5 original compiler diagnostics	2026-10-07T17:45:19.8914594Z     "command": [
verify	Recover stopped G5 original compiler diagnostics	2026-10-07T17:45:19.8914681Z       "lake",
verify	Recover stopped G5 original compiler diagnostics	2026-10-07T17:45:19.8914770Z       "env",
verify	Recover stopped G5 original compiler diagnostics	2026-10-07T17:45:19.8914857Z       "lean",
verify	Recover stopped G5 original compiler diagnostics	2026-10-07T17:45:19.8914947Z       "--trust=0",
verify	Recover stopped G5 original compiler diagnostics	2026-10-07T17:45:19.8915027Z       "-j1",
verify	Recover stopped G5 original compiler diagnostics	2026-10-07T17:45:19.8915118Z       "-M4096",
verify	Recover stopped G5 original compiler diagnostics	2026-10-07T17:45:19.8915199Z       "-R",
verify	Recover stopped G5 original compiler diagnostics	2026-10-07T17:45:19.8915371Z       "/home/runner/work/_temp/cloud-g5-build/Imported",
verify	Recover stopped G5 original compiler diagnostics	2026-10-07T17:45:19.8915451Z       "-o",
verify	Recover stopped G5 original compiler diagnostics	2026-10-07T17:45:19.8915708Z       "/home/runner/work/_temp/cloud-g5-build/.lake/build/lib/lean/GraphLeaves.olean",
verify	Recover stopped G5 original compiler diagnostics	2026-10-07T17:45:19.8915793Z       "-i",
verify	Recover stopped G5 original compiler diagnostics	2026-10-07T17:45:19.8916043Z       "/home/runner/work/_temp/cloud-g5-build/.lake/build/lib/lean/GraphLeaves.ilean",
verify	Recover stopped G5 original compiler diagnostics	2026-10-07T17:45:19.8916259Z       "/home/runner/work/_temp/cloud-g5-build/Imported/GraphLeaves.lean"
verify	Recover stopped G5 original compiler diagnostics	2026-10-07T17:45:19.8916338Z     ],
verify	Recover stopped G5 original compiler diagnostics	2026-10-07T17:45:19.8916450Z     "start_unix": 1791389598.9765627,
verify	Recover stopped G5 original compiler diagnostics	2026-10-07T17:45:19.8916549Z     "end_unix": 1791389600.7944505,
verify	Recover stopped G5 original compiler diagnostics	2026-10-07T17:45:19.8916638Z     "exit": 0,
verify	Recover stopped G5 original compiler diagnostics	2026-10-07T17:45:19.8916889Z     "log_sha256": "602313dd4ff44af797849469a903abce2592c2759c0bfeb4925d047e255791eb"
verify	Recover stopped G5 original compiler diagnostics	2026-10-07T17:45:19.8916970Z   },
verify	Recover stopped G5 original compiler diagnostics	2026-10-07T17:45:19.8917052Z   {
verify	Recover stopped G5 original compiler diagnostics	2026-10-07T17:45:19.8917150Z     "name": "GraphCuts",
verify	Recover stopped G5 original compiler diagnostics	2026-10-07T17:45:19.8917240Z     "command": [
verify	Recover stopped G5 original compiler diagnostics	2026-10-07T17:45:19.8917324Z       "lake",
verify	Recover stopped G5 original compiler diagnostics	2026-10-07T17:45:19.8917409Z       "env",
verify	Recover stopped G5 original compiler diagnostics	2026-10-07T17:45:19.8917487Z       "lean",
verify	Recover stopped G5 original compiler diagnostics	2026-10-07T17:45:19.8917577Z       "--trust=0",
verify	Recover stopped G5 original compiler diagnostics	2026-10-07T17:45:19.8917663Z       "-j1",
verify	Recover stopped G5 original compiler diagnostics	2026-10-07T17:45:19.8917745Z       "-M4096",
verify	Recover stopped G5 original compiler diagnostics	2026-10-07T17:45:19.8917829Z       "-R",
verify	Recover stopped G5 original compiler diagnostics	2026-10-07T17:45:19.8917981Z       "/home/runner/work/_temp/cloud-g5-build/Imported",
verify	Recover stopped G5 original compiler diagnostics	2026-10-07T17:45:19.8918066Z       "-o",
verify	Recover stopped G5 original compiler diagnostics	2026-10-07T17:45:19.8918306Z       "/home/runner/work/_temp/cloud-g5-build/.lake/build/lib/lean/GraphCuts.olean",
verify	Recover stopped G5 original compiler diagnostics	2026-10-07T17:45:19.8918391Z       "-i",
verify	Recover stopped G5 original compiler diagnostics	2026-10-07T17:45:19.8918630Z       "/home/runner/work/_temp/cloud-g5-build/.lake/build/lib/lean/GraphCuts.ilean",
verify	Recover stopped G5 original compiler diagnostics	2026-10-07T17:45:19.8918833Z       "/home/runner/work/_temp/cloud-g5-build/Imported/GraphCuts.lean"
verify	Recover stopped G5 original compiler diagnostics	2026-10-07T17:45:19.8918915Z     ],
verify	Recover stopped G5 original compiler diagnostics	2026-10-07T17:45:19.8919153Z     "start_unix": 1791389600.795766,
verify	Recover stopped G5 original compiler diagnostics	2026-10-07T17:45:19.8919260Z     "end_unix": 1791389602.6134136,
verify	Recover stopped G5 original compiler diagnostics	2026-10-07T17:45:19.8919344Z     "exit": 0,
verify	Recover stopped G5 original compiler diagnostics	2026-10-07T17:45:19.8919589Z     "log_sha256": "8308918b1d25a64ccaaa7ba648f875a6542b15a64c4c3240c366708243424b3c"
verify	Recover stopped G5 original compiler diagnostics	2026-10-07T17:45:19.8919670Z   },
verify	Recover stopped G5 original compiler diagnostics	2026-10-07T17:45:19.8919748Z   {
verify	Recover stopped G5 original compiler diagnostics	2026-10-07T17:45:19.8919859Z     "name": "G5BridgeBarrier",
verify	Recover stopped G5 original compiler diagnostics	2026-10-07T17:45:19.8919944Z     "command": [
verify	Recover stopped G5 original compiler diagnostics	2026-10-07T17:45:19.8920029Z       "lake",
verify	Recover stopped G5 original compiler diagnostics	2026-10-07T17:45:19.8920109Z       "env",
verify	Recover stopped G5 original compiler diagnostics	2026-10-07T17:45:19.8920195Z       "lean",
verify	Recover stopped G5 original compiler diagnostics	2026-10-07T17:45:19.8920280Z       "--trust=0",
verify	Recover stopped G5 original compiler diagnostics	2026-10-07T17:45:19.8920366Z       "-j1",
verify	Recover stopped G5 original compiler diagnostics	2026-10-07T17:45:19.8920448Z       "-M4096",
verify	Recover stopped G5 original compiler diagnostics	2026-10-07T17:45:19.8920537Z       "-R",
verify	Recover stopped G5 original compiler diagnostics	2026-10-07T17:45:19.8920688Z       "/home/runner/work/_temp/cloud-g5-build/Imported",
verify	Recover stopped G5 original compiler diagnostics	2026-10-07T17:45:19.8920776Z       "-o",
verify	Recover stopped G5 original compiler diagnostics	2026-10-07T17:45:19.8921054Z       "/home/runner/work/_temp/cloud-g5-build/.lake/build/lib/lean/G5BridgeBarrier.olean",
verify	Recover stopped G5 original compiler diagnostics	2026-10-07T17:45:19.8921134Z       "-i",
verify	Recover stopped G5 original compiler diagnostics	2026-10-07T17:45:19.8921408Z       "/home/runner/work/_temp/cloud-g5-build/.lake/build/lib/lean/G5BridgeBarrier.ilean",
verify	Recover stopped G5 original compiler diagnostics	2026-10-07T17:45:19.8921634Z       "/home/runner/work/_temp/cloud-g5-build/Imported/G5BridgeBarrier.lean"
verify	Recover stopped G5 original compiler diagnostics	2026-10-07T17:45:19.8921800Z     ],
verify	Recover stopped G5 original compiler diagnostics	2026-10-07T17:45:19.8921905Z     "start_unix": 1791389602.6148672,
verify	Recover stopped G5 original compiler diagnostics	2026-10-07T17:45:19.8922010Z     "end_unix": 1791389604.3836184,
verify	Recover stopped G5 original compiler diagnostics	2026-10-07T17:45:19.8922099Z     "exit": 0,
verify	Recover stopped G5 original compiler diagnostics	2026-10-07T17:45:19.8922472Z     "log_sha256": "b671ebf40ba6db3a1f68e8fef3ae7a928e9285f8917b828b081fca2110d6a00e"
verify	Recover stopped G5 original compiler diagnostics	2026-10-07T17:45:19.8922557Z   },
verify	Recover stopped G5 original compiler diagnostics	2026-10-07T17:45:19.8922632Z   {
verify	Recover stopped G5 original compiler diagnostics	2026-10-07T17:45:19.8922742Z     "name": "G5CalendarRoutes",
verify	Recover stopped G5 original compiler diagnostics	2026-10-07T17:45:19.8922829Z     "command": [
verify	Recover stopped G5 original compiler diagnostics	2026-10-07T17:45:19.8922916Z       "lake",
verify	Recover stopped G5 original compiler diagnostics	2026-10-07T17:45:19.8922997Z       "env",
verify	Recover stopped G5 original compiler diagnostics	2026-10-07T17:45:19.8923088Z       "lean",
verify	Recover stopped G5 original compiler diagnostics	2026-10-07T17:45:19.8923178Z       "--trust=0",
verify	Recover stopped G5 original compiler diagnostics	2026-10-07T17:45:19.8923259Z       "-j1",
verify	Recover stopped G5 original compiler diagnostics	2026-10-07T17:45:19.8923349Z       "-M4096",
verify	Recover stopped G5 original compiler diagnostics	2026-10-07T17:45:19.8923435Z       "-R",
verify	Recover stopped G5 original compiler diagnostics	2026-10-07T17:45:19.8923589Z       "/home/runner/work/_temp/cloud-g5-build/Imported",
verify	Recover stopped G5 original compiler diagnostics	2026-10-07T17:45:19.8923669Z       "-o",
verify	Recover stopped G5 original compiler diagnostics	2026-10-07T17:45:19.8923949Z       "/home/runner/work/_temp/cloud-g5-build/.lake/build/lib/lean/G5CalendarRoutes.olean",
verify	Recover stopped G5 original compiler diagnostics	2026-10-07T17:45:19.8924045Z       "-i",
verify	Recover stopped G5 original compiler diagnostics	2026-10-07T17:45:19.8924310Z       "/home/runner/work/_temp/cloud-g5-build/.lake/build/lib/lean/G5CalendarRoutes.ilean",
verify	Recover stopped G5 original compiler diagnostics	2026-10-07T17:45:19.8924541Z       "/home/runner/work/_temp/cloud-g5-build/Imported/G5CalendarRoutes.lean"
verify	Recover stopped G5 original compiler diagnostics	2026-10-07T17:45:19.8924619Z     ],
verify	Recover stopped G5 original compiler diagnostics	2026-10-07T17:45:19.8924726Z     "start_unix": 1791389604.3849332,
verify	Recover stopped G5 original compiler diagnostics	2026-10-07T17:45:19.8924825Z     "end_unix": 1791389606.5536475,
verify	Recover stopped G5 original compiler diagnostics	2026-10-07T17:45:19.8924916Z     "exit": 0,
verify	Recover stopped G5 original compiler diagnostics	2026-10-07T17:45:19.8925165Z     "log_sha256": "deece5914567adae242b3d6d4f09f986b4b048e1fa3ca93a3b2762a5b13d79d9"
verify	Recover stopped G5 original compiler diagnostics	2026-10-07T17:45:19.8925249Z   },
verify	Recover stopped G5 original compiler diagnostics	2026-10-07T17:45:19.8925328Z   {
verify	Recover stopped G5 original compiler diagnostics	2026-10-07T17:45:19.8925438Z     "name": "G5ProtectiveBlock",
verify	Recover stopped G5 original compiler diagnostics	2026-10-07T17:45:19.8925534Z     "command": [
verify	Recover stopped G5 original compiler diagnostics	2026-10-07T17:45:19.8925619Z       "lake",
verify	Recover stopped G5 original compiler diagnostics	2026-10-07T17:45:19.8925733Z       "env",
verify	Recover stopped G5 original compiler diagnostics	2026-10-07T17:45:19.8925813Z       "lean",
verify	Recover stopped G5 original compiler diagnostics	2026-10-07T17:45:19.8925906Z       "--trust=0",
verify	Recover stopped G5 original compiler diagnostics	2026-10-07T17:45:19.8925994Z       "-j1",
verify	Recover stopped G5 original compiler diagnostics	2026-10-07T17:45:19.8926084Z       "-M4096",
verify	Recover stopped G5 original compiler diagnostics	2026-10-07T17:45:19.8926170Z       "-R",
verify	Recover stopped G5 original compiler diagnostics	2026-10-07T17:45:19.8926320Z       "/home/runner/work/_temp/cloud-g5-build/Imported",
verify	Recover stopped G5 original compiler diagnostics	2026-10-07T17:45:19.8926406Z       "-o",
verify	Recover stopped G5 original compiler diagnostics	2026-10-07T17:45:19.8926688Z       "/home/runner/work/_temp/cloud-g5-build/.lake/build/lib/lean/G5ProtectiveBlock.olean",
verify	Recover stopped G5 original compiler diagnostics	2026-10-07T17:45:19.8926776Z       "-i",
verify	Recover stopped G5 original compiler diagnostics	2026-10-07T17:45:19.8927052Z       "/home/runner/work/_temp/cloud-g5-build/.lake/build/lib/lean/G5ProtectiveBlock.ilean",
verify	Recover stopped G5 original compiler diagnostics	2026-10-07T17:45:19.8927295Z       "/home/runner/work/_temp/cloud-g5-build/Imported/G5ProtectiveBlock.lean"
verify	Recover stopped G5 original compiler diagnostics	2026-10-07T17:45:19.8927378Z     ],
verify	Recover stopped G5 original compiler diagnostics	2026-10-07T17:45:19.8927482Z     "start_unix": 1791389606.5551064,
verify	Recover stopped G5 original compiler diagnostics	2026-10-07T17:45:19.8927589Z     "end_unix": 1791389608.4229753,
verify	Recover stopped G5 original compiler diagnostics	2026-10-07T17:45:19.8927825Z     "exit": 0,
verify	Recover stopped G5 original compiler diagnostics	2026-10-07T17:45:19.8928086Z     "log_sha256": "1f89009dfa989b98d34ca85cff94dcefdf01ce9f9621688bb55e0c5ff508c4ed"
verify	Recover stopped G5 original compiler diagnostics	2026-10-07T17:45:19.8928162Z   },
verify	Recover stopped G5 original compiler diagnostics	2026-10-07T17:45:19.8928246Z   {
verify	Recover stopped G5 original compiler diagnostics	2026-10-07T17:45:19.8928363Z     "name": "G5MinimalGraphInterface",
verify	Recover stopped G5 original compiler diagnostics	2026-10-07T17:45:19.8928453Z     "command": [
verify	Recover stopped G5 original compiler diagnostics	2026-10-07T17:45:19.8928538Z       "lake",
verify	Recover stopped G5 original compiler diagnostics	2026-10-07T17:45:19.8928619Z       "env",
verify	Recover stopped G5 original compiler diagnostics	2026-10-07T17:45:19.8928702Z       "lean",
verify	Recover stopped G5 original compiler diagnostics	2026-10-07T17:45:19.8928784Z       "--trust=0",
verify	Recover stopped G5 original compiler diagnostics	2026-10-07T17:45:19.8928869Z       "-j1",
verify	Recover stopped G5 original compiler diagnostics	2026-10-07T17:45:19.8928951Z       "-M4096",
verify	Recover stopped G5 original compiler diagnostics	2026-10-07T17:45:19.8929036Z       "-R",
verify	Recover stopped G5 original compiler diagnostics	2026-10-07T17:45:19.8929184Z       "/home/runner/work/_temp/cloud-g5-build/Imported",
verify	Recover stopped G5 original compiler diagnostics	2026-10-07T17:45:19.8929269Z       "-o",
verify	Recover stopped G5 original compiler diagnostics	2026-10-07T17:45:19.8929580Z       "/home/runner/work/_temp/cloud-g5-build/.lake/build/lib/lean/G5MinimalGraphInterface.olean",
verify	Recover stopped G5 original compiler diagnostics	2026-10-07T17:45:19.8929660Z       "-i",
verify	Recover stopped G5 original compiler diagnostics	2026-10-07T17:45:19.8929968Z       "/home/runner/work/_temp/cloud-g5-build/.lake/build/lib/lean/G5MinimalGraphInterface.ilean",
verify	Recover stopped G5 original compiler diagnostics	2026-10-07T17:45:19.8930227Z       "/home/runner/work/_temp/cloud-g5-build/Imported/G5MinimalGraphInterface.lean"
verify	Recover stopped G5 original compiler diagnostics	2026-10-07T17:45:19.8930309Z     ],
verify	Recover stopped G5 original compiler diagnostics	2026-10-07T17:45:19.8930528Z     "start_unix": 1791389608.424372,
verify	Recover stopped G5 original compiler diagnostics	2026-10-07T17:45:19.8930634Z     "end_unix": 1791389610.1419106,
verify	Recover stopped G5 original compiler diagnostics	2026-10-07T17:45:19.8930723Z     "exit": 0,
verify	Recover stopped G5 original compiler diagnostics	2026-10-07T17:45:19.8930972Z     "log_sha256": "02b60e6ba4f33864b0915dc0f64099f4cd3f4ae63ed5e96ed6fa107ae92aa2fa"
verify	Recover stopped G5 original compiler diagnostics	2026-10-07T17:45:19.8931052Z   },
verify	Recover stopped G5 original compiler diagnostics	2026-10-07T17:45:19.8931127Z   {
verify	Recover stopped G5 original compiler diagnostics	2026-10-07T17:45:19.8931253Z     "name": "G6BridgeCannotEnterHybrid",
verify	Recover stopped G5 original compiler diagnostics	2026-10-07T17:45:19.8931338Z     "command": [
verify	Recover stopped G5 original compiler diagnostics	2026-10-07T17:45:19.8931425Z       "lake",
verify	Recover stopped G5 original compiler diagnostics	2026-10-07T17:45:19.8931504Z       "env",
verify	Recover stopped G5 original compiler diagnostics	2026-10-07T17:45:19.8931593Z       "lean",
verify	Recover stopped G5 original compiler diagnostics	2026-10-07T17:45:19.8931685Z       "--trust=0",
verify	Recover stopped G5 original compiler diagnostics	2026-10-07T17:45:19.8931765Z       "-j1",
verify	Recover stopped G5 original compiler diagnostics	2026-10-07T17:45:19.8931853Z       "-M4096",
verify	Recover stopped G5 original compiler diagnostics	2026-10-07T17:45:19.8931934Z       "-R",
verify	Recover stopped G5 original compiler diagnostics	2026-10-07T17:45:19.8932084Z       "/home/runner/work/_temp/cloud-g5-build/Imported",
verify	Recover stopped G5 original compiler diagnostics	2026-10-07T17:45:19.8932169Z       "-o",
verify	Recover stopped G5 original compiler diagnostics	2026-10-07T17:45:19.8932610Z       "/home/runner/work/_temp/cloud-g5-build/.lake/build/lib/lean/G6BridgeCannotEnterHybrid.olean",
verify	Recover stopped G5 original compiler diagnostics	2026-10-07T17:45:19.8932703Z       "-i",
verify	Recover stopped G5 original compiler diagnostics	2026-10-07T17:45:19.8933021Z       "/home/runner/work/_temp/cloud-g5-build/.lake/build/lib/lean/G6BridgeCannotEnterHybrid.ilean",
verify	Recover stopped G5 original compiler diagnostics	2026-10-07T17:45:19.8933283Z       "/home/runner/work/_temp/cloud-g5-build/Imported/G6BridgeCannotEnterHybrid.lean"
verify	Recover stopped G5 original compiler diagnostics	2026-10-07T17:45:19.8933359Z     ],
verify	Recover stopped G5 original compiler diagnostics	2026-10-07T17:45:19.8933471Z     "start_unix": 1791389610.1432774,
verify	Recover stopped G5 original compiler diagnostics	2026-10-07T17:45:19.8933569Z     "end_unix": 1791389612.011446,
verify	Recover stopped G5 original compiler diagnostics	2026-10-07T17:45:19.8933661Z     "exit": 0,
verify	Recover stopped G5 original compiler diagnostics	2026-10-07T17:45:19.8933914Z     "log_sha256": "5ca22a54c496ca1b5b5b5d32dc422fe524e5a9f32a6a15512e8bf0d96bdcd054"
verify	Recover stopped G5 original compiler diagnostics	2026-10-07T17:45:19.8933996Z   },
verify	Recover stopped G5 original compiler diagnostics	2026-10-07T17:45:19.8934077Z   {
verify	Recover stopped G5 original compiler diagnostics	2026-10-07T17:45:19.8934198Z     "name": "G5BridgeComponentEntries",
verify	Recover stopped G5 original compiler diagnostics	2026-10-07T17:45:19.8934289Z     "command": [
verify	Recover stopped G5 original compiler diagnostics	2026-10-07T17:45:19.8934372Z       "lake",
verify	Recover stopped G5 original compiler diagnostics	2026-10-07T17:45:19.8934466Z       "env",
verify	Recover stopped G5 original compiler diagnostics	2026-10-07T17:45:19.8934555Z       "lean",
verify	Recover stopped G5 original compiler diagnostics	2026-10-07T17:45:19.8934650Z       "--trust=0",
verify	Recover stopped G5 original compiler diagnostics	2026-10-07T17:45:19.8934731Z       "-j1",
verify	Recover stopped G5 original compiler diagnostics	2026-10-07T17:45:19.8934824Z       "-M4096",
verify	Recover stopped G5 original compiler diagnostics	2026-10-07T17:45:19.8934910Z       "-R",
verify	Recover stopped G5 original compiler diagnostics	2026-10-07T17:45:19.8935060Z       "/home/runner/work/_temp/cloud-g5-build/Imported",
verify	Recover stopped G5 original compiler diagnostics	2026-10-07T17:45:19.8935146Z       "-o",
verify	Recover stopped G5 original compiler diagnostics	2026-10-07T17:45:19.8935451Z       "/home/runner/work/_temp/cloud-g5-build/.lake/build/lib/lean/G5BridgeComponentEntries.olean",
verify	Recover stopped G5 original compiler diagnostics	2026-10-07T17:45:19.8935542Z       "-i",
verify	Recover stopped G5 original compiler diagnostics	2026-10-07T17:45:19.8935847Z       "/home/runner/work/_temp/cloud-g5-build/.lake/build/lib/lean/G5BridgeComponentEntries.ilean",
verify	Recover stopped G5 original compiler diagnostics	2026-10-07T17:45:19.8936110Z       "/home/runner/work/_temp/cloud-g5-build/Imported/G5BridgeComponentEntries.lean"
verify	Recover stopped G5 original compiler diagnostics	2026-10-07T17:45:19.8936199Z     ],
verify	Recover stopped G5 original compiler diagnostics	2026-10-07T17:45:19.8936305Z     "start_unix": 1791389612.0127401,
verify	Recover stopped G5 original compiler diagnostics	2026-10-07T17:45:19.8936412Z     "end_unix": 1791389613.8805351,
verify	Recover stopped G5 original compiler diagnostics	2026-10-07T17:45:19.8936495Z     "exit": 0,
verify	Recover stopped G5 original compiler diagnostics	2026-10-07T17:45:19.8936880Z     "log_sha256": "6d923e42c6ddfa40997788a894f162bea001ccaa7af7033d8d1c1edfd6cef2b0"
verify	Recover stopped G5 original compiler diagnostics	2026-10-07T17:45:19.8936959Z   },
verify	Recover stopped G5 original compiler diagnostics	2026-10-07T17:45:19.8937041Z   {
verify	Recover stopped G5 original compiler diagnostics	2026-10-07T17:45:19.8937152Z     "name": "G5NonbridgeRouteBound",
verify	Recover stopped G5 original compiler diagnostics	2026-10-07T17:45:19.8937249Z     "command": [
verify	Recover stopped G5 original compiler diagnostics	2026-10-07T17:45:19.8937337Z       "lake",
verify	Recover stopped G5 original compiler diagnostics	2026-10-07T17:45:19.8937417Z       "env",
verify	Recover stopped G5 original compiler diagnostics	2026-10-07T17:45:19.8937509Z       "lean",
verify	Recover stopped G5 original compiler diagnostics	2026-10-07T17:45:19.8937594Z       "--trust=0",
verify	Recover stopped G5 original compiler diagnostics	2026-10-07T17:45:19.8937684Z       "-j1",
verify	Recover stopped G5 original compiler diagnostics	2026-10-07T17:45:19.8937766Z       "-M4096",
verify	Recover stopped G5 original compiler diagnostics	2026-10-07T17:45:19.8937854Z       "-R",
verify	Recover stopped G5 original compiler diagnostics	2026-10-07T17:45:19.8938007Z       "/home/runner/work/_temp/cloud-g5-build/Imported",
verify	Recover stopped G5 original compiler diagnostics	2026-10-07T17:45:19.8938096Z       "-o",
verify	Recover stopped G5 original compiler diagnostics	2026-10-07T17:45:19.8938405Z       "/home/runner/work/_temp/cloud-g5-build/.lake/build/lib/lean/G5NonbridgeRouteBound.olean",
verify	Recover stopped G5 original compiler diagnostics	2026-10-07T17:45:19.8938486Z       "-i",
verify	Recover stopped G5 original compiler diagnostics	2026-10-07T17:45:19.8938782Z       "/home/runner/work/_temp/cloud-g5-build/.lake/build/lib/lean/G5NonbridgeRouteBound.ilean",
verify	Recover stopped G5 original compiler diagnostics	2026-10-07T17:45:19.8939039Z       "/home/runner/work/_temp/cloud-g5-build/Imported/G5NonbridgeRouteBound.lean"
verify	Recover stopped G5 original compiler diagnostics	2026-10-07T17:45:19.8939122Z     ],
verify	Recover stopped G5 original compiler diagnostics	2026-10-07T17:45:19.8939228Z     "start_unix": 1791389613.8818939,
verify	Recover stopped G5 original compiler diagnostics	2026-10-07T17:45:19.8939447Z     "end_unix": 1791389615.9559958,
verify	Recover stopped G5 original compiler diagnostics	2026-10-07T17:45:19.8939537Z     "exit": 0,
verify	Recover stopped G5 original compiler diagnostics	2026-10-07T17:45:19.8939792Z     "log_sha256": "8e3c42ef93082abdd73408f9a985f34e0e80ce7c27b744e3f86f0914fad9a124"
verify	Recover stopped G5 original compiler diagnostics	2026-10-07T17:45:19.8939874Z   },
verify	Recover stopped G5 original compiler diagnostics	2026-10-07T17:45:19.8939949Z   {
verify	Recover stopped G5 original compiler diagnostics	2026-10-07T17:45:19.8940085Z     "name": "G5ComponentCalendarCoverage",
verify	Recover stopped G5 original compiler diagnostics	2026-10-07T17:45:19.8940170Z     "command": [
verify	Recover stopped G5 original compiler diagnostics	2026-10-07T17:45:19.8940256Z       "lake",
verify	Recover stopped G5 original compiler diagnostics	2026-10-07T17:45:19.8940336Z       "env",
verify	Recover stopped G5 original compiler diagnostics	2026-10-07T17:45:19.8940423Z       "lean",
verify	Recover stopped G5 original compiler diagnostics	2026-10-07T17:45:19.8940513Z       "--trust=0",
verify	Recover stopped G5 original compiler diagnostics	2026-10-07T17:45:19.8940592Z       "-j1",
verify	Recover stopped G5 original compiler diagnostics	2026-10-07T17:45:19.8940681Z       "-M4096",
verify	Recover stopped G5 original compiler diagnostics	2026-10-07T17:45:19.8940761Z       "-R",
verify	Recover stopped G5 original compiler diagnostics	2026-10-07T17:45:19.8940915Z       "/home/runner/work/_temp/cloud-g5-build/Imported",
verify	Recover stopped G5 original compiler diagnostics	2026-10-07T17:45:19.8940995Z       "-o",
verify	Recover stopped G5 original compiler diagnostics	2026-10-07T17:45:19.8941332Z       "/home/runner/work/_temp/cloud-g5-build/.lake/build/lib/lean/G5ComponentCalendarCoverage.olean",
verify	Recover stopped G5 original compiler diagnostics	2026-10-07T17:45:19.8941416Z       "-i",
verify	Recover stopped G5 original compiler diagnostics	2026-10-07T17:45:19.8941743Z       "/home/runner/work/_temp/cloud-g5-build/.lake/build/lib/lean/G5ComponentCalendarCoverage.ilean",
verify	Recover stopped G5 original compiler diagnostics	2026-10-07T17:45:19.8942024Z       "/home/runner/work/_temp/cloud-g5-build/Imported/G5ComponentCalendarCoverage.lean"
verify	Recover stopped G5 original compiler diagnostics	2026-10-07T17:45:19.8942101Z     ],
verify	Recover stopped G5 original compiler diagnostics	2026-10-07T17:45:19.8942214Z     "start_unix": 1791389615.957536,
verify	Recover stopped G5 original compiler diagnostics	2026-10-07T17:45:19.8942317Z     "end_unix": 1791389618.727444,
verify	Recover stopped G5 original compiler diagnostics	2026-10-07T17:45:19.8942530Z     "exit": 0,
verify	Recover stopped G5 original compiler diagnostics	2026-10-07T17:45:19.8942777Z     "log_sha256": "714308a14bb6b87b48aeb0d21ce60a61e7c97b2d635874091f3d69038ab6c94e"
verify	Recover stopped G5 original compiler diagnostics	2026-10-07T17:45:19.8942861Z   },
verify	Recover stopped G5 original compiler diagnostics	2026-10-07T17:45:19.8942943Z   {
verify	Recover stopped G5 original compiler diagnostics	2026-10-07T17:45:19.8943065Z     "name": "G5ActualComponentSupport",
verify	Recover stopped G5 original compiler diagnostics	2026-10-07T17:45:19.8943154Z     "command": [
verify	Recover stopped G5 original compiler diagnostics	2026-10-07T17:45:19.8943236Z       "lake",
verify	Recover stopped G5 original compiler diagnostics	2026-10-07T17:45:19.8943323Z       "env",
verify	Recover stopped G5 original compiler diagnostics	2026-10-07T17:45:19.8943408Z       "lean",
verify	Recover stopped G5 original compiler diagnostics	2026-10-07T17:45:19.8943499Z       "--trust=0",
verify	Recover stopped G5 original compiler diagnostics	2026-10-07T17:45:19.8943580Z       "-j1",
verify	Recover stopped G5 original compiler diagnostics	2026-10-07T17:45:19.8943671Z       "-M4096",
verify	Recover stopped G5 original compiler diagnostics	2026-10-07T17:45:19.8943761Z       "-R",
verify	Recover stopped G5 original compiler diagnostics	2026-10-07T17:45:19.8943914Z       "/home/runner/work/_temp/cloud-g5-build/Imported",
verify	Recover stopped G5 original compiler diagnostics	2026-10-07T17:45:19.8944002Z       "-o",
verify	Recover stopped G5 original compiler diagnostics	2026-10-07T17:45:19.8944312Z       "/home/runner/work/_temp/cloud-g5-build/.lake/build/lib/lean/G5ActualComponentSupport.olean",
verify	Recover stopped G5 original compiler diagnostics	2026-10-07T17:45:19.8944402Z       "-i",
verify	Recover stopped G5 original compiler diagnostics	2026-10-07T17:45:19.8944703Z       "/home/runner/work/_temp/cloud-g5-build/.lake/build/lib/lean/G5ActualComponentSupport.ilean",
verify	Recover stopped G5 original compiler diagnostics	2026-10-07T17:45:19.8944971Z       "/home/runner/work/_temp/cloud-g5-build/Imported/G5ActualComponentSupport.lean"
verify	Recover stopped G5 original compiler diagnostics	2026-10-07T17:45:19.8945065Z     ],
verify	Recover stopped G5 original compiler diagnostics	2026-10-07T17:45:19.8945172Z     "start_unix": 1791389618.7287917,
verify	Recover stopped G5 original compiler diagnostics	2026-10-07T17:45:19.8945281Z     "end_unix": 1791389621.5489433,
verify	Recover stopped G5 original compiler diagnostics	2026-10-07T17:45:19.8945363Z     "exit": 0,
verify	Recover stopped G5 original compiler diagnostics	2026-10-07T17:45:19.8945619Z     "log_sha256": "b60a03151ec1471137de0d6ca21abe22bf48250e424851409b2aa1c8ee2c018f"
verify	Recover stopped G5 original compiler diagnostics	2026-10-07T17:45:19.8945820Z   },
verify	Recover stopped G5 original compiler diagnostics	2026-10-07T17:45:19.8945902Z   {
verify	Recover stopped G5 original compiler diagnostics	2026-10-07T17:45:19.8946025Z     "name": "G5RootRouteCurrentSupport",
verify	Recover stopped G5 original compiler diagnostics	2026-10-07T17:45:19.8946125Z     "command": [
verify	Recover stopped G5 original compiler diagnostics	2026-10-07T17:45:19.8946214Z       "lake",
verify	Recover stopped G5 original compiler diagnostics	2026-10-07T17:45:19.8946296Z       "env",
verify	Recover stopped G5 original compiler diagnostics	2026-10-07T17:45:19.8946383Z       "lean",
verify	Recover stopped G5 original compiler diagnostics	2026-10-07T17:45:19.8946474Z       "--trust=0",
verify	Recover stopped G5 original compiler diagnostics	2026-10-07T17:45:19.8946561Z       "-j1",
verify	Recover stopped G5 original compiler diagnostics	2026-10-07T17:45:19.8946644Z       "-M4096",
verify	Recover stopped G5 original compiler diagnostics	2026-10-07T17:45:19.8946729Z       "-R",
verify	Recover stopped G5 original compiler diagnostics	2026-10-07T17:45:19.8946878Z       "/home/runner/work/_temp/cloud-g5-build/Imported",
verify	Recover stopped G5 original compiler diagnostics	2026-10-07T17:45:19.8946967Z       "-o",
verify	Recover stopped G5 original compiler diagnostics	2026-10-07T17:45:19.8947290Z       "/home/runner/work/_temp/cloud-g5-build/.lake/build/lib/lean/G5RootRouteCurrentSupport.olean",
verify	Recover stopped G5 original compiler diagnostics	2026-10-07T17:45:19.8947375Z       "-i",
verify	Recover stopped G5 original compiler diagnostics	2026-10-07T17:45:19.8947696Z       "/home/runner/work/_temp/cloud-g5-build/.lake/build/lib/lean/G5RootRouteCurrentSupport.ilean",
verify	Recover stopped G5 original compiler diagnostics	2026-10-07T17:45:19.8947972Z       "/home/runner/work/_temp/cloud-g5-build/Imported/G5RootRouteCurrentSupport.lean"
verify	Recover stopped G5 original compiler diagnostics	2026-10-07T17:45:19.8948078Z     ],
verify	Recover stopped G5 original compiler diagnostics	2026-10-07T17:45:19.8948182Z     "start_unix": 1791389621.5504515,
verify	Recover stopped G5 original compiler diagnostics	2026-10-07T17:45:19.8948401Z     "end_unix": 1791389624.370531,
verify	Recover stopped G5 original compiler diagnostics	2026-10-07T17:45:19.8948493Z     "exit": 0,
verify	Recover stopped G5 original compiler diagnostics	2026-10-07T17:45:19.8948740Z     "log_sha256": "698bcba86142f062fef076cf9260893b7c237594433d886959325fa7c54d6676"
verify	Recover stopped G5 original compiler diagnostics	2026-10-07T17:45:19.8948824Z   },
verify	Recover stopped G5 original compiler diagnostics	2026-10-07T17:45:19.8948902Z   {
verify	Recover stopped G5 original compiler diagnostics	2026-10-07T17:45:19.8949030Z     "name": "G5CurrentPortTwoPositions",
verify	Recover stopped G5 original compiler diagnostics	2026-10-07T17:45:19.8949117Z     "command": [
verify	Recover stopped G5 original compiler diagnostics	2026-10-07T17:45:19.8949205Z       "lake",
verify	Recover stopped G5 original compiler diagnostics	2026-10-07T17:45:19.8949286Z       "env",
verify	Recover stopped G5 original compiler diagnostics	2026-10-07T17:45:19.8949375Z       "lean",
verify	Recover stopped G5 original compiler diagnostics	2026-10-07T17:45:19.8949468Z       "--trust=0",
verify	Recover stopped G5 original compiler diagnostics	2026-10-07T17:45:19.8949549Z       "-j1",
verify	Recover stopped G5 original compiler diagnostics	2026-10-07T17:45:19.8949635Z       "-M4096",
verify	Recover stopped G5 original compiler diagnostics	2026-10-07T17:45:19.8949714Z       "-R",
verify	Recover stopped G5 original compiler diagnostics	2026-10-07T17:45:19.8949865Z       "/home/runner/work/_temp/cloud-g5-build/Imported",
verify	Recover stopped G5 original compiler diagnostics	2026-10-07T17:45:19.8949946Z       "-o",
verify	Recover stopped G5 original compiler diagnostics	2026-10-07T17:45:19.8950283Z       "/home/runner/work/_temp/cloud-g5-build/.lake/build/lib/lean/G5CurrentPortTwoPositions.olean",
verify	Recover stopped G5 original compiler diagnostics	2026-10-07T17:45:19.8950364Z       "-i",
verify	Recover stopped G5 original compiler diagnostics	2026-10-07T17:45:19.8950673Z       "/home/runner/work/_temp/cloud-g5-build/.lake/build/lib/lean/G5CurrentPortTwoPositions.ilean",
verify	Recover stopped G5 original compiler diagnostics	2026-10-07T17:45:19.8950946Z       "/home/runner/work/_temp/cloud-g5-build/Imported/G5CurrentPortTwoPositions.lean"
verify	Recover stopped G5 original compiler diagnostics	2026-10-07T17:45:19.8951023Z     ],
verify	Recover stopped G5 original compiler diagnostics	2026-10-07T17:45:19.8951133Z     "start_unix": 1791389624.3720305,
verify	Recover stopped G5 original compiler diagnostics	2026-10-07T17:45:19.8951234Z     "end_unix": 1791389627.1420074,
verify	Recover stopped G5 original compiler diagnostics	2026-10-07T17:45:19.8951330Z     "exit": 0,
verify	Recover stopped G5 original compiler diagnostics	2026-10-07T17:45:19.8951570Z     "log_sha256": "92a225f805943c35b10f34e345329759f40db5919b01f962d13c1c02fc0c2c61"
verify	Recover stopped G5 original compiler diagnostics	2026-10-07T17:45:19.8951652Z   },
verify	Recover stopped G5 original compiler diagnostics	2026-10-07T17:45:19.8951732Z   {
verify	Recover stopped G5 original compiler diagnostics	2026-10-07T17:45:19.8951860Z     "name": "G5OriginalTipCurrentSupport",
verify	Recover stopped G5 original compiler diagnostics	2026-10-07T17:45:19.8951951Z     "command": [
verify	Recover stopped G5 original compiler diagnostics	2026-10-07T17:45:19.8952033Z       "lake",
verify	Recover stopped G5 original compiler diagnostics	2026-10-07T17:45:19.8952119Z       "env",
verify	Recover stopped G5 original compiler diagnostics	2026-10-07T17:45:19.8952201Z       "lean",
verify	Recover stopped G5 original compiler diagnostics	2026-10-07T17:45:19.8952295Z       "--trust=0",
verify	Recover stopped G5 original compiler diagnostics	2026-10-07T17:45:19.8952496Z       "-j1",
verify	Recover stopped G5 original compiler diagnostics	2026-10-07T17:45:19.8952588Z       "-M4096",
verify	Recover stopped G5 original compiler diagnostics	2026-10-07T17:45:19.8952674Z       "-R",
verify	Recover stopped G5 original compiler diagnostics	2026-10-07T17:45:19.8952827Z       "/home/runner/work/_temp/cloud-g5-build/Imported",
verify	Recover stopped G5 original compiler diagnostics	2026-10-07T17:45:19.8952912Z       "-o",
verify	Recover stopped G5 original compiler diagnostics	2026-10-07T17:45:19.8953239Z       "/home/runner/work/_temp/cloud-g5-build/.lake/build/lib/lean/G5OriginalTipCurrentSupport.olean",
verify	Recover stopped G5 original compiler diagnostics	2026-10-07T17:45:19.8953325Z       "-i",
verify	Recover stopped G5 original compiler diagnostics	2026-10-07T17:45:19.8953641Z       "/home/runner/work/_temp/cloud-g5-build/.lake/build/lib/lean/G5OriginalTipCurrentSupport.ilean",
verify	Recover stopped G5 original compiler diagnostics	2026-10-07T17:45:19.8953912Z       "/home/runner/work/_temp/cloud-g5-build/Imported/G5OriginalTipCurrentSupport.lean"
verify	Recover stopped G5 original compiler diagnostics	2026-10-07T17:45:19.8953995Z     ],
verify	Recover stopped G5 original compiler diagnostics	2026-10-07T17:45:19.8954099Z     "start_unix": 1791389627.1435196,
verify	Recover stopped G5 original compiler diagnostics	2026-10-07T17:45:19.8954208Z     "end_unix": 1791389629.9132588,
verify	Recover stopped G5 original compiler diagnostics	2026-10-07T17:45:19.8954294Z     "exit": 0,
verify	Recover stopped G5 original compiler diagnostics	2026-10-07T17:45:19.8954555Z     "log_sha256": "bf016b1de34fa1fcd3a79f6c846f1ce7a8c17ce7099b04edfb94b96b563c7d5f"
verify	Recover stopped G5 original compiler diagnostics	2026-10-07T17:45:19.8954794Z   },
verify	Recover stopped G5 original compiler diagnostics	2026-10-07T17:45:19.8954876Z   {
verify	Recover stopped G5 original compiler diagnostics	2026-10-07T17:45:19.8954993Z     "name": "G5ParentChoiceCalendar",
verify	Recover stopped G5 original compiler diagnostics	2026-10-07T17:45:19.8955089Z     "command": [
verify	Recover stopped G5 original compiler diagnostics	2026-10-07T17:45:19.8955179Z       "lake",
verify	Recover stopped G5 original compiler diagnostics	2026-10-07T17:45:19.8955258Z       "env",
verify	Recover stopped G5 original compiler diagnostics	2026-10-07T17:45:19.8955345Z       "lean",
verify	Recover stopped G5 original compiler diagnostics	2026-10-07T17:45:19.8955430Z       "--trust=0",
verify	Recover stopped G5 original compiler diagnostics	2026-10-07T17:45:19.8955517Z       "-j1",
verify	Recover stopped G5 original compiler diagnostics	2026-10-07T17:45:19.8955601Z       "-M4096",
verify	Recover stopped G5 original compiler diagnostics	2026-10-07T17:45:19.8955687Z       "-R",
verify	Recover stopped G5 original compiler diagnostics	2026-10-07T17:45:19.8955838Z       "/home/runner/work/_temp/cloud-g5-build/Imported",
verify	Recover stopped G5 original compiler diagnostics	2026-10-07T17:45:19.8955925Z       "-o",
verify	Recover stopped G5 original compiler diagnostics	2026-10-07T17:45:19.8956235Z       "/home/runner/work/_temp/cloud-g5-build/.lake/build/lib/lean/G5ParentChoiceCalendar.olean",
verify	Recover stopped G5 original compiler diagnostics	2026-10-07T17:45:19.8956317Z       "-i",
verify	Recover stopped G5 original compiler diagnostics	2026-10-07T17:45:19.8956619Z       "/home/runner/work/_temp/cloud-g5-build/.lake/build/lib/lean/G5ParentChoiceCalendar.ilean",
verify	Recover stopped G5 original compiler diagnostics	2026-10-07T17:45:19.8956870Z       "/home/runner/work/_temp/cloud-g5-build/Imported/G5ParentChoiceCalendar.lean"
verify	Recover stopped G5 original compiler diagnostics	2026-10-07T17:45:19.8956962Z     ],
verify	Recover stopped G5 original compiler diagnostics	2026-10-07T17:45:19.8957067Z     "start_unix": 1791389629.914668,
verify	Recover stopped G5 original compiler diagnostics	2026-10-07T17:45:19.8957175Z     "end_unix": 1791389632.8349972,
verify	Recover stopped G5 original compiler diagnostics	2026-10-07T17:45:19.8957375Z     "exit": 0,
verify	Recover stopped G5 original compiler diagnostics	2026-10-07T17:45:19.8957619Z     "log_sha256": "8eb07c527af1306f84578a8a51aa5ba933b16ab465a187c3619b880a145cce8d"
verify	Recover stopped G5 original compiler diagnostics	2026-10-07T17:45:19.8957704Z   },
verify	Recover stopped G5 original compiler diagnostics	2026-10-07T17:45:19.8957778Z   {
verify	Recover stopped G5 original compiler diagnostics	2026-10-07T17:45:19.8957901Z     "name": "G5CoupledQuartetKernel",
verify	Recover stopped G5 original compiler diagnostics	2026-10-07T17:45:19.8957987Z     "command": [
verify	Recover stopped G5 original compiler diagnostics	2026-10-07T17:45:19.8958073Z       "lake",
verify	Recover stopped G5 original compiler diagnostics	2026-10-07T17:45:19.8958153Z       "env",
verify	Recover stopped G5 original compiler diagnostics	2026-10-07T17:45:19.8958239Z       "lean",
verify	Recover stopped G5 original compiler diagnostics	2026-10-07T17:45:19.8958329Z       "--trust=0",
verify	Recover stopped G5 original compiler diagnostics	2026-10-07T17:45:19.8958409Z       "-j1",
verify	Recover stopped G5 original compiler diagnostics	2026-10-07T17:45:19.8958495Z       "-M4096",
verify	Recover stopped G5 original compiler diagnostics	2026-10-07T17:45:19.8958575Z       "-R",
verify	Recover stopped G5 original compiler diagnostics	2026-10-07T17:45:19.8958728Z       "/home/runner/work/_temp/cloud-g5-build/Imported",
verify	Recover stopped G5 original compiler diagnostics	2026-10-07T17:45:19.8958809Z       "-o",
verify	Recover stopped G5 original compiler diagnostics	2026-10-07T17:45:19.8959109Z       "/home/runner/work/_temp/cloud-g5-build/.lake/build/lib/lean/G5CoupledQuartetKernel.olean",
verify	Recover stopped G5 original compiler diagnostics	2026-10-07T17:45:19.8959199Z       "-i",
verify	Recover stopped G5 original compiler diagnostics	2026-10-07T17:45:19.8959496Z       "/home/runner/work/_temp/cloud-g5-build/.lake/build/lib/lean/G5CoupledQuartetKernel.ilean",
verify	Recover stopped G5 original compiler diagnostics	2026-10-07T17:45:19.8959759Z       "/home/runner/work/_temp/cloud-g5-build/Imported/G5CoupledQuartetKernel.lean"
verify	Recover stopped G5 original compiler diagnostics	2026-10-07T17:45:19.8959837Z     ],
verify	Recover stopped G5 original compiler diagnostics	2026-10-07T17:45:19.8959948Z     "start_unix": 1791389632.8364394,
verify	Recover stopped G5 original compiler diagnostics	2026-10-07T17:45:19.8960046Z     "end_unix": 1791389636.2646081,
verify	Recover stopped G5 original compiler diagnostics	2026-10-07T17:45:19.8960134Z     "exit": 0,
verify	Recover stopped G5 original compiler diagnostics	2026-10-07T17:45:19.8960392Z     "log_sha256": "6c4aa68da89a6f8df1b9c13fe66731bcdb1f439d8fe1f5da731d4b5febeeb045"
verify	Recover stopped G5 original compiler diagnostics	2026-10-07T17:45:19.8960474Z   },
verify	Recover stopped G5 original compiler diagnostics	2026-10-07T17:45:19.8960556Z   {
verify	Recover stopped G5 original compiler diagnostics	2026-10-07T17:45:19.8960668Z     "name": "G5FairSelectorMoments",
verify	Recover stopped G5 original compiler diagnostics	2026-10-07T17:45:19.8960759Z     "command": [
verify	Recover stopped G5 original compiler diagnostics	2026-10-07T17:45:19.8960840Z       "lake",
verify	Recover stopped G5 original compiler diagnostics	2026-10-07T17:45:19.8960928Z       "env",
verify	Recover stopped G5 original compiler diagnostics	2026-10-07T17:45:19.8961008Z       "lean",
verify	Recover stopped G5 original compiler diagnostics	2026-10-07T17:45:19.8961101Z       "--trust=0",
verify	Recover stopped G5 original compiler diagnostics	2026-10-07T17:45:19.8961189Z       "-j1",
verify	Recover stopped G5 original compiler diagnostics	2026-10-07T17:45:19.8961278Z       "-M4096",
verify	Recover stopped G5 original compiler diagnostics	2026-10-07T17:45:19.8961358Z       "-R",
verify	Recover stopped G5 original compiler diagnostics	2026-10-07T17:45:19.8961514Z       "/home/runner/work/_temp/cloud-g5-build/Imported",
verify	Recover stopped G5 original compiler diagnostics	2026-10-07T17:45:19.8961609Z       "-o",
verify	Recover stopped G5 original compiler diagnostics	2026-10-07T17:45:19.8961908Z       "/home/runner/work/_temp/cloud-g5-build/.lake/build/lib/lean/G5FairSelectorMoments.olean",
verify	Recover stopped G5 original compiler diagnostics	2026-10-07T17:45:19.8961994Z       "-i",
verify	Recover stopped G5 original compiler diagnostics	2026-10-07T17:45:19.8962288Z       "/home/runner/work/_temp/cloud-g5-build/.lake/build/lib/lean/G5FairSelectorMoments.ilean",
verify	Recover stopped G5 original compiler diagnostics	2026-10-07T17:45:19.8962664Z       "/home/runner/work/_temp/cloud-g5-build/Imported/G5FairSelectorMoments.lean"
verify	Recover stopped G5 original compiler diagnostics	2026-10-07T17:45:19.8962746Z     ],
verify	Recover stopped G5 original compiler diagnostics	2026-10-07T17:45:19.8962859Z     "start_unix": 1791389636.2663345,
verify	Recover stopped G5 original compiler diagnostics	2026-10-07T17:45:19.8962967Z     "end_unix": 1791389639.1868176,
verify	Recover stopped G5 original compiler diagnostics	2026-10-07T17:45:19.8963055Z     "exit": 0,
verify	Recover stopped G5 original compiler diagnostics	2026-10-07T17:45:19.8963313Z     "log_sha256": "c5d36016bc89bb883f01c4f4f152e4f9a4105dd7af316f5e2aea6ba848149852"
verify	Recover stopped G5 original compiler diagnostics	2026-10-07T17:45:19.8963528Z   },
verify	Recover stopped G5 original compiler diagnostics	2026-10-07T17:45:19.8963611Z   {
verify	Recover stopped G5 original compiler diagnostics	2026-10-07T17:45:19.8963724Z     "name": "G5FairOriginalCoinLaw",
verify	Recover stopped G5 original compiler diagnostics	2026-10-07T17:45:19.8963813Z     "command": [
verify	Recover stopped G5 original compiler diagnostics	2026-10-07T17:45:19.8963895Z       "lake",
verify	Recover stopped G5 original compiler diagnostics	2026-10-07T17:45:19.8963989Z       "env",
verify	Recover stopped G5 original compiler diagnostics	2026-10-07T17:45:19.8964077Z       "lean",
verify	Recover stopped G5 original compiler diagnostics	2026-10-07T17:45:19.8964163Z       "--trust=0",
verify	Recover stopped G5 original compiler diagnostics	2026-10-07T17:45:19.8964247Z       "-j1",
verify	Recover stopped G5 original compiler diagnostics	2026-10-07T17:45:19.8964329Z       "-M4096",
verify	Recover stopped G5 original compiler diagnostics	2026-10-07T17:45:19.8964417Z       "-R",
verify	Recover stopped G5 original compiler diagnostics	2026-10-07T17:45:19.8964569Z       "/home/runner/work/_temp/cloud-g5-build/Imported",
verify	Recover stopped G5 original compiler diagnostics	2026-10-07T17:45:19.8964654Z       "-o",
verify	Recover stopped G5 original compiler diagnostics	2026-10-07T17:45:19.8964953Z       "/home/runner/work/_temp/cloud-g5-build/.lake/build/lib/lean/G5FairOriginalCoinLaw.olean",
verify	Recover stopped G5 original compiler diagnostics	2026-10-07T17:45:19.8965044Z       "-i",
verify	Recover stopped G5 original compiler diagnostics	2026-10-07T17:45:19.8965341Z       "/home/runner/work/_temp/cloud-g5-build/.lake/build/lib/lean/G5FairOriginalCoinLaw.ilean",
verify	Recover stopped G5 original compiler diagnostics	2026-10-07T17:45:19.8965588Z       "/home/runner/work/_temp/cloud-g5-build/Imported/G5FairOriginalCoinLaw.lean"
verify	Recover stopped G5 original compiler diagnostics	2026-10-07T17:45:19.8965672Z     ],
verify	Recover stopped G5 original compiler diagnostics	2026-10-07T17:45:19.8965788Z     "start_unix": 1791389639.1884496,
verify	Recover stopped G5 original compiler diagnostics	2026-10-07T17:45:19.8965893Z     "end_unix": 1791389642.3593566,
verify	Recover stopped G5 original compiler diagnostics	2026-10-07T17:45:19.8965978Z     "exit": 0,
verify	Recover stopped G5 original compiler diagnostics	2026-10-07T17:45:19.8966338Z     "log_sha256": "691827e9f1d13c9c5561839a960068f5af663db188ad18cd5327915cb5ede75f"
verify	Recover stopped G5 original compiler diagnostics	2026-10-07T17:45:19.8966420Z   },
verify	Recover stopped G5 original compiler diagnostics	2026-10-07T17:45:19.8966496Z   {
verify	Recover stopped G5 original compiler diagnostics	2026-10-07T17:45:19.8966612Z     "name": "G5OriginalCoinPMF",
verify	Recover stopped G5 original compiler diagnostics	2026-10-07T17:45:19.8966698Z     "command": [
verify	Recover stopped G5 original compiler diagnostics	2026-10-07T17:45:19.8966787Z       "lake",
verify	Recover stopped G5 original compiler diagnostics	2026-10-07T17:45:19.8966868Z       "env",
verify	Recover stopped G5 original compiler diagnostics	2026-10-07T17:45:19.8966955Z       "lean",
verify	Recover stopped G5 original compiler diagnostics	2026-10-07T17:45:19.8967041Z       "--trust=0",
verify	Recover stopped G5 original compiler diagnostics	2026-10-07T17:45:19.8967131Z       "-j1",
verify	Recover stopped G5 original compiler diagnostics	2026-10-07T17:45:19.8967221Z       "-M4096",
verify	Recover stopped G5 original compiler diagnostics	2026-10-07T17:45:19.8967301Z       "-R",
verify	Recover stopped G5 original compiler diagnostics	2026-10-07T17:45:19.8967463Z       "/home/runner/work/_temp/cloud-g5-build/Imported",
verify	Recover stopped G5 original compiler diagnostics	2026-10-07T17:45:19.8967544Z       "-o",
verify	Recover stopped G5 original compiler diagnostics	2026-10-07T17:45:19.8967827Z       "/home/runner/work/_temp/cloud-g5-build/.lake/build/lib/lean/G5OriginalCoinPMF.olean",
verify	Recover stopped G5 original compiler diagnostics	2026-10-07T17:45:19.8967914Z       "-i",
verify	Recover stopped G5 original compiler diagnostics	2026-10-07T17:45:19.8968196Z       "/home/runner/work/_temp/cloud-g5-build/.lake/build/lib/lean/G5OriginalCoinPMF.ilean",
verify	Recover stopped G5 original compiler diagnostics	2026-10-07T17:45:19.8968430Z       "/home/runner/work/_temp/cloud-g5-build/Imported/G5OriginalCoinPMF.lean"
verify	Recover stopped G5 original compiler diagnostics	2026-10-07T17:45:19.8968514Z     ],
verify	Recover stopped G5 original compiler diagnostics	2026-10-07T17:45:19.8968624Z     "start_unix": 1791389642.3610084,
verify	Recover stopped G5 original compiler diagnostics	2026-10-07T17:45:19.8968725Z     "end_unix": 1791389645.4319525,
verify	Recover stopped G5 original compiler diagnostics	2026-10-07T17:45:19.8968813Z     "exit": 0,
verify	Recover stopped G5 original compiler diagnostics	2026-10-07T17:45:19.8969060Z     "log_sha256": "90632a18e1b7e8f5005a2193a0d40dec8d20ed6d37d8a8e7e07c2ce1a27cc808"
verify	Recover stopped G5 original compiler diagnostics	2026-10-07T17:45:19.8969144Z   },
verify	Recover stopped G5 original compiler diagnostics	2026-10-07T17:45:19.8969219Z   {
verify	Recover stopped G5 original compiler diagnostics	2026-10-07T17:45:19.8969355Z     "name": "G5ParentPositionPushforward",
verify	Recover stopped G5 original compiler diagnostics	2026-10-07T17:45:19.8969448Z     "command": [
verify	Recover stopped G5 original compiler diagnostics	2026-10-07T17:45:19.8969530Z       "lake",
verify	Recover stopped G5 original compiler diagnostics	2026-10-07T17:45:19.8969618Z       "env",
verify	Recover stopped G5 original compiler diagnostics	2026-10-07T17:45:19.8969700Z       "lean",
verify	Recover stopped G5 original compiler diagnostics	2026-10-07T17:45:19.8969833Z       "--trust=0",
verify	Recover stopped G5 original compiler diagnostics	2026-10-07T17:45:19.8969915Z       "-j1",
verify	Recover stopped G5 original compiler diagnostics	2026-10-07T17:45:19.8970010Z       "-M4096",
verify	Recover stopped G5 original compiler diagnostics	2026-10-07T17:45:19.8970090Z       "-R",
verify	Recover stopped G5 original compiler diagnostics	2026-10-07T17:45:19.8970250Z       "/home/runner/work/_temp/cloud-g5-build/Imported",
verify	Recover stopped G5 original compiler diagnostics	2026-10-07T17:45:19.8970340Z       "-o",
verify	Recover stopped G5 original compiler diagnostics	2026-10-07T17:45:19.8970673Z       "/home/runner/work/_temp/cloud-g5-build/.lake/build/lib/lean/G5ParentPositionPushforward.olean",
verify	Recover stopped G5 original compiler diagnostics	2026-10-07T17:45:19.8970763Z       "-i",
verify	Recover stopped G5 original compiler diagnostics	2026-10-07T17:45:19.8971088Z       "/home/runner/work/_temp/cloud-g5-build/.lake/build/lib/lean/G5ParentPositionPushforward.ilean",
verify	Recover stopped G5 original compiler diagnostics	2026-10-07T17:45:19.8971369Z       "/home/runner/work/_temp/cloud-g5-build/Imported/G5ParentPositionPushforward.lean"
verify	Recover stopped G5 original compiler diagnostics	2026-10-07T17:45:19.8971448Z     ],
verify	Recover stopped G5 original compiler diagnostics	2026-10-07T17:45:19.8971560Z     "start_unix": 1791389645.4335506,
verify	Recover stopped G5 original compiler diagnostics	2026-10-07T17:45:19.8971664Z     "end_unix": 1791389648.5541837,
verify	Recover stopped G5 original compiler diagnostics	2026-10-07T17:45:19.8971747Z     "exit": 0,
verify	Recover stopped G5 original compiler diagnostics	2026-10-07T17:45:19.8971998Z     "log_sha256": "d8567844be8491538a67c14b0ee00db429ec3db3d9e027c93179917a68c00be8"
verify	Recover stopped G5 original compiler diagnostics	2026-10-07T17:45:19.8972076Z   },
verify	Recover stopped G5 original compiler diagnostics	2026-10-07T17:45:19.8972156Z   {
verify	Recover stopped G5 original compiler diagnostics	2026-10-07T17:45:19.8972496Z     "name": "G5SafePastHybridDisjointness",
verify	Recover stopped G5 original compiler diagnostics	2026-10-07T17:45:19.8972593Z     "command": [
verify	Recover stopped G5 original compiler diagnostics	2026-10-07T17:45:19.8972676Z       "lake",
verify	Recover stopped G5 original compiler diagnostics	2026-10-07T17:45:19.8972763Z       "env",
verify	Recover stopped G5 original compiler diagnostics	2026-10-07T17:45:19.8972854Z       "lean",
verify	Recover stopped G5 original compiler diagnostics	2026-10-07T17:45:19.8972940Z       "--trust=0",
verify	Recover stopped G5 original compiler diagnostics	2026-10-07T17:45:19.8973027Z       "-j1",
verify	Recover stopped G5 original compiler diagnostics	2026-10-07T17:45:19.8973110Z       "-M4096",
verify	Recover stopped G5 original compiler diagnostics	2026-10-07T17:45:19.8973195Z       "-R",
verify	Recover stopped G5 original compiler diagnostics	2026-10-07T17:45:19.8973346Z       "/home/runner/work/_temp/cloud-g5-build/Imported",
verify	Recover stopped G5 original compiler diagnostics	2026-10-07T17:45:19.8973432Z       "-o",
verify	Recover stopped G5 original compiler diagnostics	2026-10-07T17:45:19.8973765Z       "/home/runner/work/_temp/cloud-g5-build/.lake/build/lib/lean/G5SafePastHybridDisjointness.olean",
verify	Recover stopped G5 original compiler diagnostics	2026-10-07T17:45:19.8973851Z       "-i",
verify	Recover stopped G5 original compiler diagnostics	2026-10-07T17:45:19.8974182Z       "/home/runner/work/_temp/cloud-g5-build/.lake/build/lib/lean/G5SafePastHybridDisjointness.ilean",
verify	Recover stopped G5 original compiler diagnostics	2026-10-07T17:45:19.8974458Z       "/home/runner/work/_temp/cloud-g5-build/Imported/G5SafePastHybridDisjointness.lean"
verify	Recover stopped G5 original compiler diagnostics	2026-10-07T17:45:19.8974541Z     ],
verify	Recover stopped G5 original compiler diagnostics	2026-10-07T17:45:19.8974647Z     "start_unix": 1791389648.5558171,
verify	Recover stopped G5 original compiler diagnostics	2026-10-07T17:45:19.8974761Z     "end_unix": 1791389651.526485,
verify	Recover stopped G5 original compiler diagnostics	2026-10-07T17:45:19.8974845Z     "exit": 0,
verify	Recover stopped G5 original compiler diagnostics	2026-10-07T17:45:19.8975105Z     "log_sha256": "06fb37241de54ede9ecd62bb16c1a73c6ce07580b5c8c3a779f3baad95efb36f"
verify	Recover stopped G5 original compiler diagnostics	2026-10-07T17:45:19.8975302Z   },
verify	Recover stopped G5 original compiler diagnostics	2026-10-07T17:45:19.8975379Z   {
verify	Recover stopped G5 original compiler diagnostics	2026-10-07T17:45:19.8975522Z     "name": "G5PairOnlySureBlockChronology",
verify	Recover stopped G5 original compiler diagnostics	2026-10-07T17:45:19.8975610Z     "command": [
verify	Recover stopped G5 original compiler diagnostics	2026-10-07T17:45:19.8975698Z       "lake",
verify	Recover stopped G5 original compiler diagnostics	2026-10-07T17:45:19.8975780Z       "env",
verify	Recover stopped G5 original compiler diagnostics	2026-10-07T17:45:19.8975867Z       "lean",
verify	Recover stopped G5 original compiler diagnostics	2026-10-07T17:45:19.8975953Z       "--trust=0",
verify	Recover stopped G5 original compiler diagnostics	2026-10-07T17:45:19.8976039Z       "-j1",
verify	Recover stopped G5 original compiler diagnostics	2026-10-07T17:45:19.8976127Z       "-M4096",
verify	Recover stopped G5 original compiler diagnostics	2026-10-07T17:45:19.8976206Z       "-R",
verify	Recover stopped G5 original compiler diagnostics	2026-10-07T17:45:19.8976362Z       "/home/runner/work/_temp/cloud-g5-build/Imported",
verify	Recover stopped G5 original compiler diagnostics	2026-10-07T17:45:19.8976444Z       "-o",
verify	Recover stopped G5 original compiler diagnostics	2026-10-07T17:45:19.8976791Z       "/home/runner/work/_temp/cloud-g5-build/.lake/build/lib/lean/G5PairOnlySureBlockChronology.olean",
verify	Recover stopped G5 original compiler diagnostics	2026-10-07T17:45:19.8976879Z       "-i",
verify	Recover stopped G5 original compiler diagnostics	2026-10-07T17:45:19.8977215Z       "/home/runner/work/_temp/cloud-g5-build/.lake/build/lib/lean/G5PairOnlySureBlockChronology.ilean",
verify	Recover stopped G5 original compiler diagnostics	2026-10-07T17:45:19.8977496Z       "/home/runner/work/_temp/cloud-g5-build/Imported/G5PairOnlySureBlockChronology.lean"
verify	Recover stopped G5 original compiler diagnostics	2026-10-07T17:45:19.8977580Z     ],
verify	Recover stopped G5 original compiler diagnostics	2026-10-07T17:45:19.8977694Z     "start_unix": 1791389651.5280986,
verify	Recover stopped G5 original compiler diagnostics	2026-10-07T17:45:19.8977793Z     "end_unix": 1791389654.4997427,
verify	Recover stopped G5 original compiler diagnostics	2026-10-07T17:45:19.8977882Z     "exit": 0,
verify	Recover stopped G5 original compiler diagnostics	2026-10-07T17:45:19.8978137Z     "log_sha256": "2102cb58c4b7a1a01d1b6cb27a2ff7b9ddfc470a9ec0faae7c75174677969e1b"
verify	Recover stopped G5 original compiler diagnostics	2026-10-07T17:45:19.8978220Z   },
verify	Recover stopped G5 original compiler diagnostics	2026-10-07T17:45:19.8978294Z   {
verify	Recover stopped G5 original compiler diagnostics	2026-10-07T17:45:19.8978429Z     "name": "G5SafePastMeetingPermanence",
verify	Recover stopped G5 original compiler diagnostics	2026-10-07T17:45:19.8978523Z     "command": [
verify	Recover stopped G5 original compiler diagnostics	2026-10-07T17:45:19.8978606Z       "lake",
verify	Recover stopped G5 original compiler diagnostics	2026-10-07T17:45:19.8978692Z       "env",
verify	Recover stopped G5 original compiler diagnostics	2026-10-07T17:45:19.8978773Z       "lean",
verify	Recover stopped G5 original compiler diagnostics	2026-10-07T17:45:19.8978867Z       "--trust=0",
verify	Recover stopped G5 original compiler diagnostics	2026-10-07T17:45:19.8978948Z       "-j1",
verify	Recover stopped G5 original compiler diagnostics	2026-10-07T17:45:19.8979040Z       "-M4096",
verify	Recover stopped G5 original compiler diagnostics	2026-10-07T17:45:19.8979121Z       "-R",
verify	Recover stopped G5 original compiler diagnostics	2026-10-07T17:45:19.8979274Z       "/home/runner/work/_temp/cloud-g5-build/Imported",
verify	Recover stopped G5 original compiler diagnostics	2026-10-07T17:45:19.8979359Z       "-o",
verify	Recover stopped G5 original compiler diagnostics	2026-10-07T17:45:19.8979690Z       "/home/runner/work/_temp/cloud-g5-build/.lake/build/lib/lean/G5SafePastMeetingPermanence.olean",
verify	Recover stopped G5 original compiler diagnostics	2026-10-07T17:45:19.8980033Z       "-i",
verify	Recover stopped G5 original compiler diagnostics	2026-10-07T17:45:19.8980448Z       "/home/runner/work/_temp/cloud-g5-build/.lake/build/lib/lean/G5SafePastMeetingPermanence.ilean",
verify	Recover stopped G5 original compiler diagnostics	2026-10-07T17:45:19.8980755Z       "/home/runner/work/_temp/cloud-g5-build/Imported/G5SafePastMeetingPermanence.lean"
verify	Recover stopped G5 original compiler diagnostics	2026-10-07T17:45:19.8980903Z     ],
verify	Recover stopped G5 original compiler diagnostics	2026-10-07T17:45:19.8981041Z     "start_unix": 1791389654.5013201,
verify	Recover stopped G5 original compiler diagnostics	2026-10-07T17:45:19.9033256Z     "end_unix": 1791389657.5220942,
verify	Recover stopped G5 original compiler diagnostics	2026-10-07T17:45:19.9033526Z     "exit": 0,
verify	Recover stopped G5 original compiler diagnostics	2026-10-07T17:45:19.9033950Z     "log_sha256": "c868ca1184d8588ef18b1478e00dc3285c7cc006207d1cdcf5d6a8a0a2d4b198"
verify	Recover stopped G5 original compiler diagnostics	2026-10-07T17:45:19.9034098Z   },
verify	Recover stopped G5 original compiler diagnostics	2026-10-07T17:45:19.9034191Z   {
verify	Recover stopped G5 original compiler diagnostics	2026-10-07T17:45:19.9034584Z     "name": "G5OriginalRouteHazard",
verify	Recover stopped G5 original compiler diagnostics	2026-10-07T17:45:19.9034691Z     "command": [
verify	Recover stopped G5 original compiler diagnostics	2026-10-07T17:45:19.9034779Z       "lake",
verify	Recover stopped G5 original compiler diagnostics	2026-10-07T17:45:19.9034860Z       "env",
verify	Recover stopped G5 original compiler diagnostics	2026-10-07T17:45:19.9034948Z       "lean",
verify	Recover stopped G5 original compiler diagnostics	2026-10-07T17:45:19.9035034Z       "--trust=0",
verify	Recover stopped G5 original compiler diagnostics	2026-10-07T17:45:19.9035121Z       "-j1",
verify	Recover stopped G5 original compiler diagnostics	2026-10-07T17:45:19.9035205Z       "-M4096",
verify	Recover stopped G5 original compiler diagnostics	2026-10-07T17:45:19.9035288Z       "-R",
verify	Recover stopped G5 original compiler diagnostics	2026-10-07T17:45:19.9035465Z       "/home/runner/work/_temp/cloud-g5-build/Imported",
verify	Recover stopped G5 original compiler diagnostics	2026-10-07T17:45:19.9035550Z       "-o",
verify	Recover stopped G5 original compiler diagnostics	2026-10-07T17:45:19.9035890Z       "/home/runner/work/_temp/cloud-g5-build/.lake/build/lib/lean/G5OriginalRouteHazard.olean",
verify	Recover stopped G5 original compiler diagnostics	2026-10-07T17:45:19.9035970Z       "-i",
verify	Recover stopped G5 original compiler diagnostics	2026-10-07T17:45:19.9036286Z       "/home/runner/work/_temp/cloud-g5-build/.lake/build/lib/lean/G5OriginalRouteHazard.ilean",
verify	Recover stopped G5 original compiler diagnostics	2026-10-07T17:45:19.9036546Z       "/home/runner/work/_temp/cloud-g5-build/Imported/G5OriginalRouteHazard.lean"
verify	Recover stopped G5 original compiler diagnostics	2026-10-07T17:45:19.9036627Z     ],
verify	Recover stopped G5 original compiler diagnostics	2026-10-07T17:45:19.9036735Z     "start_unix": 1791389657.5237937,
verify	Recover stopped G5 original compiler diagnostics	2026-10-07T17:45:19.9036850Z     "end_unix": 1791389660.8449533,
verify	Recover stopped G5 original compiler diagnostics	2026-10-07T17:45:19.9036940Z     "exit": 0,
verify	Recover stopped G5 original compiler diagnostics	2026-10-07T17:45:19.9037189Z     "log_sha256": "fc54f3e5a8661465646147e8ade6163b3e2a612e177c11092b9e4e2ef425b9ee"
verify	Recover stopped G5 original compiler diagnostics	2026-10-07T17:45:19.9037381Z   },
verify	Recover stopped G5 original compiler diagnostics	2026-10-07T17:45:19.9037455Z   {
verify	Recover stopped G5 original compiler diagnostics	2026-10-07T17:45:19.9037581Z     "name": "G4TwoRootSourceStopping",
verify	Recover stopped G5 original compiler diagnostics	2026-10-07T17:45:19.9037667Z     "command": [
verify	Recover stopped G5 original compiler diagnostics	2026-10-07T17:45:19.9037754Z       "lake",
verify	Recover stopped G5 original compiler diagnostics	2026-10-07T17:45:19.9037833Z       "env",
verify	Recover stopped G5 original compiler diagnostics	2026-10-07T17:45:19.9037919Z       "lean",
verify	Recover stopped G5 original compiler diagnostics	2026-10-07T17:45:19.9038011Z       "--trust=0",
verify	Recover stopped G5 original compiler diagnostics	2026-10-07T17:45:19.9038089Z       "-j1",
verify	Recover stopped G5 original compiler diagnostics	2026-10-07T17:45:19.9038175Z       "-M4096",
verify	Recover stopped G5 original compiler diagnostics	2026-10-07T17:45:19.9038256Z       "-R",
verify	Recover stopped G5 original compiler diagnostics	2026-10-07T17:45:19.9038418Z       "/home/runner/work/_temp/cloud-g5-build/Imported",
verify	Recover stopped G5 original compiler diagnostics	2026-10-07T17:45:19.9038498Z       "-o",
verify	Recover stopped G5 original compiler diagnostics	2026-10-07T17:45:19.9038810Z       "/home/runner/work/_temp/cloud-g5-build/.lake/build/lib/lean/G4TwoRootSourceStopping.olean",
verify	Recover stopped G5 original compiler diagnostics	2026-10-07T17:45:19.9038890Z       "-i",
verify	Recover stopped G5 original compiler diagnostics	2026-10-07T17:45:19.9039199Z       "/home/runner/work/_temp/cloud-g5-build/.lake/build/lib/lean/G4TwoRootSourceStopping.ilean",
verify	Recover stopped G5 original compiler diagnostics	2026-10-07T17:45:19.9039460Z       "/home/runner/work/_temp/cloud-g5-build/Imported/G4TwoRootSourceStopping.lean"
verify	Recover stopped G5 original compiler diagnostics	2026-10-07T17:45:19.9039544Z     ],
verify	Recover stopped G5 original compiler diagnostics	2026-10-07T17:45:19.9039655Z     "start_unix": 1791389660.8467767,
verify	Recover stopped G5 original compiler diagnostics	2026-10-07T17:45:19.9039756Z     "end_unix": 1791389663.7168007,
verify	Recover stopped G5 original compiler diagnostics	2026-10-07T17:45:19.9039846Z     "exit": 0,
verify	Recover stopped G5 original compiler diagnostics	2026-10-07T17:45:19.9040095Z     "log_sha256": "25e8d8c8651f61fbf26f2fb29b2fc1f63c2233c186598c29dc9a133e2a24c41f"
verify	Recover stopped G5 original compiler diagnostics	2026-10-07T17:45:19.9040176Z   },
verify	Recover stopped G5 original compiler diagnostics	2026-10-07T17:45:19.9040254Z   {
verify	Recover stopped G5 original compiler diagnostics	2026-10-07T17:45:19.9040364Z     "name": "G1SharedRegisterStress",
verify	Recover stopped G5 original compiler diagnostics	2026-10-07T17:45:19.9040455Z     "command": [
verify	Recover stopped G5 original compiler diagnostics	2026-10-07T17:45:19.9040535Z       "lake",
verify	Recover stopped G5 original compiler diagnostics	2026-10-07T17:45:19.9040620Z       "env",
verify	Recover stopped G5 original compiler diagnostics	2026-10-07T17:45:19.9040699Z       "lean",
verify	Recover stopped G5 original compiler diagnostics	2026-10-07T17:45:19.9040787Z       "--trust=0",
verify	Recover stopped G5 original compiler diagnostics	2026-10-07T17:45:19.9040866Z       "-j1",
verify	Recover stopped G5 original compiler diagnostics	2026-10-07T17:45:19.9040951Z       "-M4096",
verify	Recover stopped G5 original compiler diagnostics	2026-10-07T17:45:19.9041033Z       "-R",
verify	Recover stopped G5 original compiler diagnostics	2026-10-07T17:45:19.9041188Z       "/home/runner/work/_temp/cloud-g5-build/Imported",
verify	Recover stopped G5 original compiler diagnostics	2026-10-07T17:45:19.9041273Z       "-o",
verify	Recover stopped G5 original compiler diagnostics	2026-10-07T17:45:19.9041579Z       "/home/runner/work/_temp/cloud-g5-build/.lake/build/lib/lean/G1SharedRegisterStress.olean",
verify	Recover stopped G5 original compiler diagnostics	2026-10-07T17:45:19.9041670Z       "-i",
verify	Recover stopped G5 original compiler diagnostics	2026-10-07T17:45:19.9041977Z       "/home/runner/work/_temp/cloud-g5-build/.lake/build/lib/lean/G1SharedRegisterStress.ilean",
verify	Recover stopped G5 original compiler diagnostics	2026-10-07T17:45:19.9042237Z       "/home/runner/work/_temp/cloud-g5-build/Imported/G1SharedRegisterStress.lean"
verify	Recover stopped G5 original compiler diagnostics	2026-10-07T17:45:19.9042313Z     ],
verify	Recover stopped G5 original compiler diagnostics	2026-10-07T17:45:19.9042592Z     "start_unix": 1791389663.7187982,
verify	Recover stopped G5 original compiler diagnostics	2026-10-07T17:45:19.9042701Z     "end_unix": 1791389666.6896298,
verify	Recover stopped G5 original compiler diagnostics	2026-10-07T17:45:19.9042782Z     "exit": 0,
verify	Recover stopped G5 original compiler diagnostics	2026-10-07T17:45:19.9043031Z     "log_sha256": "84a9c4ce9c952b0e458f2a61369c7b18a8e5a6298321cc94e9a865f61d98037b"
verify	Recover stopped G5 original compiler diagnostics	2026-10-07T17:45:19.9043107Z   },
verify	Recover stopped G5 original compiler diagnostics	2026-10-07T17:45:19.9043186Z   {
verify	Recover stopped G5 original compiler diagnostics	2026-10-07T17:45:19.9043306Z     "name": "G4FourRootPositivity",
verify	Recover stopped G5 original compiler diagnostics	2026-10-07T17:45:19.9043525Z     "command": [
verify	Recover stopped G5 original compiler diagnostics	2026-10-07T17:45:19.9043611Z       "lake",
verify	Recover stopped G5 original compiler diagnostics	2026-10-07T17:45:19.9043690Z       "env",
verify	Recover stopped G5 original compiler diagnostics	2026-10-07T17:45:19.9043775Z       "lean",
verify	Recover stopped G5 original compiler diagnostics	2026-10-07T17:45:19.9043861Z       "--trust=0",
verify	Recover stopped G5 original compiler diagnostics	2026-10-07T17:45:19.9043953Z       "-j1",
verify	Recover stopped G5 original compiler diagnostics	2026-10-07T17:45:19.9044034Z       "-M4096",
verify	Recover stopped G5 original compiler diagnostics	2026-10-07T17:45:19.9044118Z       "-R",
verify	Recover stopped G5 original compiler diagnostics	2026-10-07T17:45:19.9044282Z       "/home/runner/work/_temp/cloud-g5-build/Imported",
verify	Recover stopped G5 original compiler diagnostics	2026-10-07T17:45:19.9044368Z       "-o",
verify	Recover stopped G5 original compiler diagnostics	2026-10-07T17:45:19.9044680Z       "/home/runner/work/_temp/cloud-g5-build/.lake/build/lib/lean/G4FourRootPositivity.olean",
verify	Recover stopped G5 original compiler diagnostics	2026-10-07T17:45:19.9044769Z       "-i",
verify	Recover stopped G5 original compiler diagnostics	2026-10-07T17:45:19.9045097Z       "/home/runner/work/_temp/cloud-g5-build/.lake/build/lib/lean/G4FourRootPositivity.ilean",
verify	Recover stopped G5 original compiler diagnostics	2026-10-07T17:45:19.9045349Z       "/home/runner/work/_temp/cloud-g5-build/Imported/G4FourRootPositivity.lean"
verify	Recover stopped G5 original compiler diagnostics	2026-10-07T17:45:19.9045432Z     ],
verify	Recover stopped G5 original compiler diagnostics	2026-10-07T17:45:19.9045540Z     "start_unix": 1791389666.6913428,
verify	Recover stopped G5 original compiler diagnostics	2026-10-07T17:45:19.9045650Z     "end_unix": 1791389669.8154576,
verify	Recover stopped G5 original compiler diagnostics	2026-10-07T17:45:19.9045740Z     "exit": 0,
verify	Recover stopped G5 original compiler diagnostics	2026-10-07T17:45:19.9046009Z     "log_sha256": "f5e1ecf7db1d697e09d60633e18d6b70c7cc7aa6ac9af0dc3eee533d76e5c582"
verify	Recover stopped G5 original compiler diagnostics	2026-10-07T17:45:19.9046199Z   },
verify	Recover stopped G5 original compiler diagnostics	2026-10-07T17:45:19.9046274Z   {
verify	Recover stopped G5 original compiler diagnostics	2026-10-07T17:45:19.9046408Z     "name": "G4IndependentRoutingBridge",
verify	Recover stopped G5 original compiler diagnostics	2026-10-07T17:45:19.9046493Z     "command": [
verify	Recover stopped G5 original compiler diagnostics	2026-10-07T17:45:19.9046578Z       "lake",
verify	Recover stopped G5 original compiler diagnostics	2026-10-07T17:45:19.9046656Z       "env",
verify	Recover stopped G5 original compiler diagnostics	2026-10-07T17:45:19.9046741Z       "lean",
verify	Recover stopped G5 original compiler diagnostics	2026-10-07T17:45:19.9046825Z       "--trust=0",
verify	Recover stopped G5 original compiler diagnostics	2026-10-07T17:45:19.9046912Z       "-j1",
verify	Recover stopped G5 original compiler diagnostics	2026-10-07T17:45:19.9046997Z       "-M4096",
verify	Recover stopped G5 original compiler diagnostics	2026-10-07T17:45:19.9047077Z       "-R",
verify	Recover stopped G5 original compiler diagnostics	2026-10-07T17:45:19.9047245Z       "/home/runner/work/_temp/cloud-g5-build/Imported",
verify	Recover stopped G5 original compiler diagnostics	2026-10-07T17:45:19.9047326Z       "-o",
verify	Recover stopped G5 original compiler diagnostics	2026-10-07T17:45:19.9047664Z       "/home/runner/work/_temp/cloud-g5-build/.lake/build/lib/lean/G4IndependentRoutingBridge.olean",
verify	Recover stopped G5 original compiler diagnostics	2026-10-07T17:45:19.9047744Z       "-i",
verify	Recover stopped G5 original compiler diagnostics	2026-10-07T17:45:19.9048069Z       "/home/runner/work/_temp/cloud-g5-build/.lake/build/lib/lean/G4IndependentRoutingBridge.ilean",
verify	Recover stopped G5 original compiler diagnostics	2026-10-07T17:45:19.9048355Z       "/home/runner/work/_temp/cloud-g5-build/Imported/G4IndependentRoutingBridge.lean"
verify	Recover stopped G5 original compiler diagnostics	2026-10-07T17:45:19.9048438Z     ],
verify	Recover stopped G5 original compiler diagnostics	2026-10-07T17:45:19.9048550Z     "start_unix": 1791389669.8191755,
verify	Recover stopped G5 original compiler diagnostics	2026-10-07T17:45:19.9048652Z     "end_unix": 1791389673.794361,
verify	Recover stopped G5 original compiler diagnostics	2026-10-07T17:45:19.9048742Z     "exit": 0,
verify	Recover stopped G5 original compiler diagnostics	2026-10-07T17:45:19.9048995Z     "log_sha256": "a20247a4205e073ecbaf02497a2411bdac34d424acb34aaf80e96d9717fe3ad9"
verify	Recover stopped G5 original compiler diagnostics	2026-10-07T17:45:19.9049075Z   },
verify	Recover stopped G5 original compiler diagnostics	2026-10-07T17:45:19.9049148Z   {
verify	Recover stopped G5 original compiler diagnostics	2026-10-07T17:45:19.9049263Z     "name": "G4AllRootPairClocks",
verify	Recover stopped G5 original compiler diagnostics	2026-10-07T17:45:19.9049353Z     "command": [
verify	Recover stopped G5 original compiler diagnostics	2026-10-07T17:45:19.9049432Z       "lake",
verify	Recover stopped G5 original compiler diagnostics	2026-10-07T17:45:19.9049514Z       "env",
verify	Recover stopped G5 original compiler diagnostics	2026-10-07T17:45:19.9049592Z       "lean",
verify	Recover stopped G5 original compiler diagnostics	2026-10-07T17:45:19.9049680Z       "--trust=0",
verify	Recover stopped G5 original compiler diagnostics	2026-10-07T17:45:19.9049758Z       "-j1",
verify	Recover stopped G5 original compiler diagnostics	2026-10-07T17:45:19.9049844Z       "-M4096",
verify	Recover stopped G5 original compiler diagnostics	2026-10-07T17:45:19.9049922Z       "-R",
verify	Recover stopped G5 original compiler diagnostics	2026-10-07T17:45:19.9050076Z       "/home/runner/work/_temp/cloud-g5-build/Imported",
verify	Recover stopped G5 original compiler diagnostics	2026-10-07T17:45:19.9050165Z       "-o",
verify	Recover stopped G5 original compiler diagnostics	2026-10-07T17:45:19.9050468Z       "/home/runner/work/_temp/cloud-g5-build/.lake/build/lib/lean/G4AllRootPairClocks.olean",
verify	Recover stopped G5 original compiler diagnostics	2026-10-07T17:45:19.9050579Z       "-i",
verify	Recover stopped G5 original compiler diagnostics	2026-10-07T17:45:19.9050868Z       "/home/runner/work/_temp/cloud-g5-build/.lake/build/lib/lean/G4AllRootPairClocks.ilean",
verify	Recover stopped G5 original compiler diagnostics	2026-10-07T17:45:19.9051114Z       "/home/runner/work/_temp/cloud-g5-build/Imported/G4AllRootPairClocks.lean"
verify	Recover stopped G5 original compiler diagnostics	2026-10-07T17:45:19.9051190Z     ],
verify	Recover stopped G5 original compiler diagnostics	2026-10-07T17:45:19.9051299Z     "start_unix": 1791389673.7968404,
verify	Recover stopped G5 original compiler diagnostics	2026-10-07T17:45:19.9051403Z     "end_unix": 1791389676.6196024,
verify	Recover stopped G5 original compiler diagnostics	2026-10-07T17:45:19.9051487Z     "exit": 0,
verify	Recover stopped G5 original compiler diagnostics	2026-10-07T17:45:19.9051753Z     "log_sha256": "3a1d328dd3451eea80d85d84d3ac3fcdefcfb0b9dbd1d7c8b924183f7f5a1eb9"
verify	Recover stopped G5 original compiler diagnostics	2026-10-07T17:45:19.9051827Z   },
verify	Recover stopped G5 original compiler diagnostics	2026-10-07T17:45:19.9051906Z   {
verify	Recover stopped G5 original compiler diagnostics	2026-10-07T17:45:19.9052031Z     "name": "G4PathResolvedMeasurement",
verify	Recover stopped G5 original compiler diagnostics	2026-10-07T17:45:19.9052121Z     "command": [
verify	Recover stopped G5 original compiler diagnostics	2026-10-07T17:45:19.9052291Z       "lake",
verify	Recover stopped G5 original compiler diagnostics	2026-10-07T17:45:19.9052519Z       "env",
verify	Recover stopped G5 original compiler diagnostics	2026-10-07T17:45:19.9052610Z       "lean",
verify	Recover stopped G5 original compiler diagnostics	2026-10-07T17:45:19.9052697Z       "--trust=0",
verify	Recover stopped G5 original compiler diagnostics	2026-10-07T17:45:19.9052783Z       "-j1",
verify	Recover stopped G5 original compiler diagnostics	2026-10-07T17:45:19.9052871Z       "-M4096",
verify	Recover stopped G5 original compiler diagnostics	2026-10-07T17:45:19.9052956Z       "-R",
verify	Recover stopped G5 original compiler diagnostics	2026-10-07T17:45:19.9053113Z       "/home/runner/work/_temp/cloud-g5-build/Imported",
verify	Recover stopped G5 original compiler diagnostics	2026-10-07T17:45:19.9053197Z       "-o",
verify	Recover stopped G5 original compiler diagnostics	2026-10-07T17:45:19.9053525Z       "/home/runner/work/_temp/cloud-g5-build/.lake/build/lib/lean/G4PathResolvedMeasurement.olean",
verify	Recover stopped G5 original compiler diagnostics	2026-10-07T17:45:19.9053611Z       "-i",
verify	Recover stopped G5 original compiler diagnostics	2026-10-07T17:45:19.9053926Z       "/home/runner/work/_temp/cloud-g5-build/.lake/build/lib/lean/G4PathResolvedMeasurement.ilean",
verify	Recover stopped G5 original compiler diagnostics	2026-10-07T17:45:19.9054188Z       "/home/runner/work/_temp/cloud-g5-build/Imported/G4PathResolvedMeasurement.lean"
verify	Recover stopped G5 original compiler diagnostics	2026-10-07T17:45:19.9054269Z     ],
verify	Recover stopped G5 original compiler diagnostics	2026-10-07T17:45:19.9054375Z     "start_unix": 1791389676.621214,
verify	Recover stopped G5 original compiler diagnostics	2026-10-07T17:45:19.9054479Z     "end_unix": 1791389695.6260467,
verify	Recover stopped G5 original compiler diagnostics	2026-10-07T17:45:19.9054562Z     "exit": 0,
verify	Recover stopped G5 original compiler diagnostics	2026-10-07T17:45:19.9054826Z     "log_sha256": "39aa1a9b7d3a29684709fa2faff093d1f403ea79e6ea2910fa766eee4ce2ffd3"
verify	Recover stopped G5 original compiler diagnostics	2026-10-07T17:45:19.9054907Z   },
verify	Recover stopped G5 original compiler diagnostics	2026-10-07T17:45:19.9054980Z   {
verify	Recover stopped G5 original compiler diagnostics	2026-10-07T17:45:19.9055267Z     "name": "UnifiedLean.Source.NativeParentRouting",
verify	Recover stopped G5 original compiler diagnostics	2026-10-07T17:45:19.9055351Z     "command": [
verify	Recover stopped G5 original compiler diagnostics	2026-10-07T17:45:19.9055436Z       "lake",
verify	Recover stopped G5 original compiler diagnostics	2026-10-07T17:45:19.9055514Z       "env",
verify	Recover stopped G5 original compiler diagnostics	2026-10-07T17:45:19.9055600Z       "lean",
verify	Recover stopped G5 original compiler diagnostics	2026-10-07T17:45:19.9055685Z       "--trust=0",
verify	Recover stopped G5 original compiler diagnostics	2026-10-07T17:45:19.9055774Z       "-j1",
verify	Recover stopped G5 original compiler diagnostics	2026-10-07T17:45:19.9055863Z       "-M4096",
verify	Recover stopped G5 original compiler diagnostics	2026-10-07T17:45:19.9055942Z       "-R",
verify	Recover stopped G5 original compiler diagnostics	2026-10-07T17:45:19.9056076Z       "/home/runner/work/_temp/cloud-g5-build",
verify	Recover stopped G5 original compiler diagnostics	2026-10-07T17:45:19.9056157Z       "-o",
verify	Recover stopped G5 original compiler diagnostics	2026-10-07T17:45:19.9056542Z       "/home/runner/work/_temp/cloud-g5-build/.lake/build/lib/lean/UnifiedLean/Source/NativeParentRouting.olean",
verify	Recover stopped G5 original compiler diagnostics	2026-10-07T17:45:19.9056622Z       "-i",
verify	Recover stopped G5 original compiler diagnostics	2026-10-07T17:45:19.9056997Z       "/home/runner/work/_temp/cloud-g5-build/.lake/build/lib/lean/UnifiedLean/Source/NativeParentRouting.ilean",
verify	Recover stopped G5 original compiler diagnostics	2026-10-07T17:45:19.9057283Z       "/home/runner/work/_temp/cloud-g5-build/UnifiedLean/Source/NativeParentRouting.lean"
verify	Recover stopped G5 original compiler diagnostics	2026-10-07T17:45:19.9057364Z     ],
verify	Recover stopped G5 original compiler diagnostics	2026-10-07T17:45:19.9057474Z     "start_unix": 1791389695.6328924,
verify	Recover stopped G5 original compiler diagnostics	2026-10-07T17:45:19.9057571Z     "end_unix": 1791389699.054486,
verify	Recover stopped G5 original compiler diagnostics	2026-10-07T17:45:19.9057662Z     "exit": 0,
verify	Recover stopped G5 original compiler diagnostics	2026-10-07T17:45:19.9057912Z     "log_sha256": "66668f52fd9c3c330c919a3923d196142f81b4910f166f31ed3a84cf5b9d48d1"
verify	Recover stopped G5 original compiler diagnostics	2026-10-07T17:45:19.9057992Z   },
verify	Recover stopped G5 original compiler diagnostics	2026-10-07T17:45:19.9058065Z   {
verify	Recover stopped G5 original compiler diagnostics	2026-10-07T17:45:19.9058227Z     "name": "UnifiedLean.Source.NativePairClockLaw",
verify	Recover stopped G5 original compiler diagnostics	2026-10-07T17:45:19.9058318Z     "command": [
verify	Recover stopped G5 original compiler diagnostics	2026-10-07T17:45:19.9058398Z       "lake",
verify	Recover stopped G5 original compiler diagnostics	2026-10-07T17:45:19.9058482Z       "env",
verify	Recover stopped G5 original compiler diagnostics	2026-10-07T17:45:19.9058560Z       "lean",
verify	Recover stopped G5 original compiler diagnostics	2026-10-07T17:45:19.9058649Z       "--trust=0",
verify	Recover stopped G5 original compiler diagnostics	2026-10-07T17:45:19.9058729Z       "-j1",
verify	Recover stopped G5 original compiler diagnostics	2026-10-07T17:45:19.9058814Z       "-M4096",
verify	Recover stopped G5 original compiler diagnostics	2026-10-07T17:45:19.9058891Z       "-R",
verify	Recover stopped G5 original compiler diagnostics	2026-10-07T17:45:19.9059023Z       "/home/runner/work/_temp/cloud-g5-build",
verify	Recover stopped G5 original compiler diagnostics	2026-10-07T17:45:19.9059117Z       "-o",
verify	Recover stopped G5 original compiler diagnostics	2026-10-07T17:45:19.9059478Z       "/home/runner/work/_temp/cloud-g5-build/.lake/build/lib/lean/UnifiedLean/Source/NativePairClockLaw.olean",
verify	Recover stopped G5 original compiler diagnostics	2026-10-07T17:45:19.9059570Z       "-i",
verify	Recover stopped G5 original compiler diagnostics	2026-10-07T17:45:19.9059927Z       "/home/runner/work/_temp/cloud-g5-build/.lake/build/lib/lean/UnifiedLean/Source/NativePairClockLaw.ilean",
verify	Recover stopped G5 original compiler diagnostics	2026-10-07T17:45:19.9060205Z       "/home/runner/work/_temp/cloud-g5-build/UnifiedLean/Source/NativePairClockLaw.lean"
verify	Recover stopped G5 original compiler diagnostics	2026-10-07T17:45:19.9060282Z     ],
verify	Recover stopped G5 original compiler diagnostics	2026-10-07T17:45:19.9060391Z     "start_unix": 1791389699.0562558,
verify	Recover stopped G5 original compiler diagnostics	2026-10-07T17:45:19.9060493Z     "end_unix": 1791389702.477557,
verify	Recover stopped G5 original compiler diagnostics	2026-10-07T17:45:19.9060575Z     "exit": 0,
verify	Recover stopped G5 original compiler diagnostics	2026-10-07T17:45:19.9060830Z     "log_sha256": "fce55e5cce295cb816772a4fef52a4eb127ea7ef8820a7f4d392b284090ec6ab"
verify	Recover stopped G5 original compiler diagnostics	2026-10-07T17:45:19.9060903Z   },
verify	Recover stopped G5 original compiler diagnostics	2026-10-07T17:45:19.9060980Z   {
verify	Recover stopped G5 original compiler diagnostics	2026-10-07T17:45:19.9061142Z     "name": "UnifiedLean.Source.UniformizedSourceStep",
verify	Recover stopped G5 original compiler diagnostics	2026-10-07T17:45:19.9061347Z     "command": [
verify	Recover stopped G5 original compiler diagnostics	2026-10-07T17:45:19.9061432Z       "lake",
verify	Recover stopped G5 original compiler diagnostics	2026-10-07T17:45:19.9061510Z       "env",
verify	Recover stopped G5 original compiler diagnostics	2026-10-07T17:45:19.9061595Z       "lean",
verify	Recover stopped G5 original compiler diagnostics	2026-10-07T17:45:19.9061678Z       "--trust=0",
verify	Recover stopped G5 original compiler diagnostics	2026-10-07T17:45:19.9061769Z       "-j1",
verify	Recover stopped G5 original compiler diagnostics	2026-10-07T17:45:19.9061851Z       "-M4096",
verify	Recover stopped G5 original compiler diagnostics	2026-10-07T17:45:19.9061937Z       "-R",
verify	Recover stopped G5 original compiler diagnostics	2026-10-07T17:45:19.9062065Z       "/home/runner/work/_temp/cloud-g5-build",
verify	Recover stopped G5 original compiler diagnostics	2026-10-07T17:45:19.9062150Z       "-o",
verify	Recover stopped G5 original compiler diagnostics	2026-10-07T17:45:19.9062735Z       "/home/runner/work/_temp/cloud-g5-build/.lake/build/lib/lean/UnifiedLean/Source/UniformizedSourceStep.olean",
verify	Recover stopped G5 original compiler diagnostics	2026-10-07T17:45:19.9062837Z       "-i",
verify	Recover stopped G5 original compiler diagnostics	2026-10-07T17:45:19.9063219Z       "/home/runner/work/_temp/cloud-g5-build/.lake/build/lib/lean/UnifiedLean/Source/UniformizedSourceStep.ilean",
verify	Recover stopped G5 original compiler diagnostics	2026-10-07T17:45:19.9063509Z       "/home/runner/work/_temp/cloud-g5-build/UnifiedLean/Source/UniformizedSourceStep.lean"
verify	Recover stopped G5 original compiler diagnostics	2026-10-07T17:45:19.9063591Z     ],
verify	Recover stopped G5 original compiler diagnostics	2026-10-07T17:45:19.9063695Z     "start_unix": 1791389702.479755,
verify	Recover stopped G5 original compiler diagnostics	2026-10-07T17:45:19.9063834Z     "end_unix": 1791389706.0021544,
verify	Recover stopped G5 original compiler diagnostics	2026-10-07T17:45:19.9063932Z     "exit": 0,
verify	Recover stopped G5 original compiler diagnostics	2026-10-07T17:45:19.9064188Z     "log_sha256": "dc285ec7c00fe938d283b4c73fd9d57990326302bcc01bfc5ffcf82c79178017"
verify	Recover stopped G5 original compiler diagnostics	2026-10-07T17:45:19.9064395Z   },
verify	Recover stopped G5 original compiler diagnostics	2026-10-07T17:45:19.9064470Z   {
verify	Recover stopped G5 original compiler diagnostics	2026-10-07T17:45:19.9064594Z     "name": "G2SourceGraftDecoration",
verify	Recover stopped G5 original compiler diagnostics	2026-10-07T17:45:19.9064677Z     "command": [
verify	Recover stopped G5 original compiler diagnostics	2026-10-07T17:45:19.9064765Z       "lake",
verify	Recover stopped G5 original compiler diagnostics	2026-10-07T17:45:19.9064848Z       "env",
verify	Recover stopped G5 original compiler diagnostics	2026-10-07T17:45:19.9064940Z       "lean",
verify	Recover stopped G5 original compiler diagnostics	2026-10-07T17:45:19.9065026Z       "--trust=0",
verify	Recover stopped G5 original compiler diagnostics	2026-10-07T17:45:19.9065110Z       "-j1",
verify	Recover stopped G5 original compiler diagnostics	2026-10-07T17:45:19.9065198Z       "-M4096",
verify	Recover stopped G5 original compiler diagnostics	2026-10-07T17:45:19.9065280Z       "-R",
verify	Recover stopped G5 original compiler diagnostics	2026-10-07T17:45:19.9065431Z       "/home/runner/work/_temp/cloud-g5-build/TimedG2",
verify	Recover stopped G5 original compiler diagnostics	2026-10-07T17:45:19.9065511Z       "-o",
verify	Recover stopped G5 original compiler diagnostics	2026-10-07T17:45:19.9065831Z       "/home/runner/work/_temp/cloud-g5-build/.lake/build/lib/lean/G2SourceGraftDecoration.olean",
verify	Recover stopped G5 original compiler diagnostics	2026-10-07T17:45:19.9065911Z       "-i",
verify	Recover stopped G5 original compiler diagnostics	2026-10-07T17:45:19.9066222Z       "/home/runner/work/_temp/cloud-g5-build/.lake/build/lib/lean/G2SourceGraftDecoration.ilean",
verify	Recover stopped G5 original compiler diagnostics	2026-10-07T17:45:19.9066483Z       "/home/runner/work/_temp/cloud-g5-build/TimedG2/G2SourceGraftDecoration.lean"
verify	Recover stopped G5 original compiler diagnostics	2026-10-07T17:45:19.9066564Z     ],
verify	Recover stopped G5 original compiler diagnostics	2026-10-07T17:45:19.9066678Z     "start_unix": 1791389706.0040412,
verify	Recover stopped G5 original compiler diagnostics	2026-10-07T17:45:19.9066781Z     "end_unix": 1791389709.2748506,
verify	Recover stopped G5 original compiler diagnostics	2026-10-07T17:45:19.9066870Z     "exit": 0,
verify	Recover stopped G5 original compiler diagnostics	2026-10-07T17:45:19.9067126Z     "log_sha256": "fc6c795e102ee91ff951bf6b7a4de260a67ffeab942b9420f60939118305cd91"
verify	Recover stopped G5 original compiler diagnostics	2026-10-07T17:45:19.9067205Z   },
verify	Recover stopped G5 original compiler diagnostics	2026-10-07T17:45:19.9067285Z   {
verify	Recover stopped G5 original compiler diagnostics	2026-10-07T17:45:19.9067504Z     "name": "UnifiedLean.Source.SourceForestGeneratorIntertwining",
verify	Recover stopped G5 original compiler diagnostics	2026-10-07T17:45:19.9067599Z     "command": [
verify	Recover stopped G5 original compiler diagnostics	2026-10-07T17:45:19.9067680Z       "lake",
verify	Recover stopped G5 original compiler diagnostics	2026-10-07T17:45:19.9067765Z       "env",
verify	Recover stopped G5 original compiler diagnostics	2026-10-07T17:45:19.9067845Z       "lean",
verify	Recover stopped G5 original compiler diagnostics	2026-10-07T17:45:19.9067933Z       "--trust=0",
verify	Recover stopped G5 original compiler diagnostics	2026-10-07T17:45:19.9068014Z       "-j1",
verify	Recover stopped G5 original compiler diagnostics	2026-10-07T17:45:19.9068102Z       "-M4096",
verify	Recover stopped G5 original compiler diagnostics	2026-10-07T17:45:19.9068184Z       "-R",
verify	Recover stopped G5 original compiler diagnostics	2026-10-07T17:45:19.9068317Z       "/home/runner/work/_temp/cloud-g5-build",
verify	Recover stopped G5 original compiler diagnostics	2026-10-07T17:45:19.9068401Z       "-o",
verify	Recover stopped G5 original compiler diagnostics	2026-10-07T17:45:19.9068852Z       "/home/runner/work/_temp/cloud-g5-build/.lake/build/lib/lean/UnifiedLean/Source/SourceForestGeneratorIntertwining.olean",
verify	Recover stopped G5 original compiler diagnostics	2026-10-07T17:45:19.9068941Z       "-i",
verify	Recover stopped G5 original compiler diagnostics	2026-10-07T17:45:19.9069418Z       "/home/runner/work/_temp/cloud-g5-build/.lake/build/lib/lean/UnifiedLean/Source/SourceForestGeneratorIntertwining.ilean",
verify	Recover stopped G5 original compiler diagnostics	2026-10-07T17:45:19.9069776Z       "/home/runner/work/_temp/cloud-g5-build/UnifiedLean/Source/SourceForestGeneratorIntertwining.lean"
verify	Recover stopped G5 original compiler diagnostics	2026-10-07T17:45:19.9069860Z     ],
verify	Recover stopped G5 original compiler diagnostics	2026-10-07T17:45:19.9069965Z     "start_unix": 1791389709.2765498,
verify	Recover stopped G5 original compiler diagnostics	2026-10-07T17:45:19.9070072Z     "end_unix": 1791389711.3950155,
verify	Recover stopped G5 original compiler diagnostics	2026-10-07T17:45:19.9070155Z     "exit": 0,
verify	Recover stopped G5 original compiler diagnostics	2026-10-07T17:45:19.9070407Z     "log_sha256": "13ab703c41c27367158c0b98882b2f3b5d0004c88e1a50ec28fde6dd99318c08"
verify	Recover stopped G5 original compiler diagnostics	2026-10-07T17:45:19.9070480Z   },
verify	Recover stopped G5 original compiler diagnostics	2026-10-07T17:45:19.9070559Z   {
verify	Recover stopped G5 original compiler diagnostics	2026-10-07T17:45:19.9070919Z     "name": "UnifiedLean.Source.SourceForestIntrinsicGenerator",
verify	Recover stopped G5 original compiler diagnostics	2026-10-07T17:45:19.9071014Z     "command": [
verify	Recover stopped G5 original compiler diagnostics	2026-10-07T17:45:19.9071099Z       "lake",
verify	Recover stopped G5 original compiler diagnostics	2026-10-07T17:45:19.9071187Z       "env",
verify	Recover stopped G5 original compiler diagnostics	2026-10-07T17:45:19.9071271Z       "lean",
verify	Recover stopped G5 original compiler diagnostics	2026-10-07T17:45:19.9071356Z       "--trust=0",
verify	Recover stopped G5 original compiler diagnostics	2026-10-07T17:45:19.9071442Z       "-j1",
verify	Recover stopped G5 original compiler diagnostics	2026-10-07T17:45:19.9071523Z       "-M4096",
verify	Recover stopped G5 original compiler diagnostics	2026-10-07T17:45:19.9071610Z       "-R",
verify	Recover stopped G5 original compiler diagnostics	2026-10-07T17:45:19.9071739Z       "/home/runner/work/_temp/cloud-g5-build",
verify	Recover stopped G5 original compiler diagnostics	2026-10-07T17:45:19.9071825Z       "-o",
verify	Recover stopped G5 original compiler diagnostics	2026-10-07T17:45:19.9072255Z       "/home/runner/work/_temp/cloud-g5-build/.lake/build/lib/lean/UnifiedLean/Source/SourceForestIntrinsicGenerator.olean",
verify	Recover stopped G5 original compiler diagnostics	2026-10-07T17:45:19.9072499Z       "-i",
verify	Recover stopped G5 original compiler diagnostics	2026-10-07T17:45:19.9072929Z       "/home/runner/work/_temp/cloud-g5-build/.lake/build/lib/lean/UnifiedLean/Source/SourceForestIntrinsicGenerator.ilean",
verify	Recover stopped G5 original compiler diagnostics	2026-10-07T17:45:19.9073264Z       "/home/runner/work/_temp/cloud-g5-build/UnifiedLean/Source/SourceForestIntrinsicGenerator.lean"
verify	Recover stopped G5 original compiler diagnostics	2026-10-07T17:45:19.9073353Z     ],
verify	Recover stopped G5 original compiler diagnostics	2026-10-07T17:45:19.9073458Z     "start_unix": 1791389711.3968418,
verify	Recover stopped G5 original compiler diagnostics	2026-10-07T17:45:19.9073562Z     "end_unix": 1791389713.4190316,
verify	Recover stopped G5 original compiler diagnostics	2026-10-07T17:45:19.9073768Z     "exit": 0,
verify	Recover stopped G5 original compiler diagnostics	2026-10-07T17:45:19.9074018Z     "log_sha256": "381eaf55059d941b91553c2b560b5ca93cb4fbea826817f724fe1c9cf4def4a2"
verify	Recover stopped G5 original compiler diagnostics	2026-10-07T17:45:19.9074098Z   },
verify	Recover stopped G5 original compiler diagnostics	2026-10-07T17:45:19.9074172Z   {
verify	Recover stopped G5 original compiler diagnostics	2026-10-07T17:45:19.9074362Z     "name": "UnifiedLean.Source.SourceStepGeneratorBinding",
verify	Recover stopped G5 original compiler diagnostics	2026-10-07T17:45:19.9074445Z     "command": [
verify	Recover stopped G5 original compiler diagnostics	2026-10-07T17:45:19.9074531Z       "lake",
verify	Recover stopped G5 original compiler diagnostics	2026-10-07T17:45:19.9074610Z       "env",
verify	Recover stopped G5 original compiler diagnostics	2026-10-07T17:45:19.9074695Z       "lean",
verify	Recover stopped G5 original compiler diagnostics	2026-10-07T17:45:19.9074785Z       "--trust=0",
verify	Recover stopped G5 original compiler diagnostics	2026-10-07T17:45:19.9074864Z       "-j1",
verify	Recover stopped G5 original compiler diagnostics	2026-10-07T17:45:19.9074951Z       "-M4096",
verify	Recover stopped G5 original compiler diagnostics	2026-10-07T17:45:19.9075031Z       "-R",
verify	Recover stopped G5 original compiler diagnostics	2026-10-07T17:45:19.9075162Z       "/home/runner/work/_temp/cloud-g5-build",
verify	Recover stopped G5 original compiler diagnostics	2026-10-07T17:45:19.9075244Z       "-o",
verify	Recover stopped G5 original compiler diagnostics	2026-10-07T17:45:19.9075662Z       "/home/runner/work/_temp/cloud-g5-build/.lake/build/lib/lean/UnifiedLean/Source/SourceStepGeneratorBinding.olean",
verify	Recover stopped G5 original compiler diagnostics	2026-10-07T17:45:19.9075751Z       "-i",
verify	Recover stopped G5 original compiler diagnostics	2026-10-07T17:45:19.9076154Z       "/home/runner/work/_temp/cloud-g5-build/.lake/build/lib/lean/UnifiedLean/Source/SourceStepGeneratorBinding.ilean",
verify	Recover stopped G5 original compiler diagnostics	2026-10-07T17:45:19.9076479Z       "/home/runner/work/_temp/cloud-g5-build/UnifiedLean/Source/SourceStepGeneratorBinding.lean"
verify	Recover stopped G5 original compiler diagnostics	2026-10-07T17:45:19.9076557Z     ],
verify	Recover stopped G5 original compiler diagnostics	2026-10-07T17:45:19.9076664Z     "start_unix": 1791389713.4207542,
verify	Recover stopped G5 original compiler diagnostics	2026-10-07T17:45:19.9076764Z     "end_unix": 1791389716.8421624,
verify	Recover stopped G5 original compiler diagnostics	2026-10-07T17:45:19.9076854Z     "exit": 0,
verify	Recover stopped G5 original compiler diagnostics	2026-10-07T17:45:19.9077109Z     "log_sha256": "639930aaac97f91ae5d88fc12a5034a0d45dafc36a7a797bacb1039d2e34fdc5"
verify	Recover stopped G5 original compiler diagnostics	2026-10-07T17:45:19.9077190Z   },
verify	Recover stopped G5 original compiler diagnostics	2026-10-07T17:45:19.9077270Z   {
verify	Recover stopped G5 original compiler diagnostics	2026-10-07T17:45:19.9077458Z     "name": "UnifiedLean.Source.MatrixProjectionExponential",
verify	Recover stopped G5 original compiler diagnostics	2026-10-07T17:45:19.9077549Z     "command": [
verify	Recover stopped G5 original compiler diagnostics	2026-10-07T17:45:19.9077629Z       "lake",
verify	Recover stopped G5 original compiler diagnostics	2026-10-07T17:45:19.9077714Z       "env",
verify	Recover stopped G5 original compiler diagnostics	2026-10-07T17:45:19.9077798Z       "lean",
verify	Recover stopped G5 original compiler diagnostics	2026-10-07T17:45:19.9077890Z       "--trust=0",
verify	Recover stopped G5 original compiler diagnostics	2026-10-07T17:45:19.9077970Z       "-j1",
verify	Recover stopped G5 original compiler diagnostics	2026-10-07T17:45:19.9078057Z       "-M4096",
verify	Recover stopped G5 original compiler diagnostics	2026-10-07T17:45:19.9078145Z       "-R",
verify	Recover stopped G5 original compiler diagnostics	2026-10-07T17:45:19.9078272Z       "/home/runner/work/_temp/cloud-g5-build",
verify	Recover stopped G5 original compiler diagnostics	2026-10-07T17:45:19.9078358Z       "-o",
verify	Recover stopped G5 original compiler diagnostics	2026-10-07T17:45:19.9078768Z       "/home/runner/work/_temp/cloud-g5-build/.lake/build/lib/lean/UnifiedLean/Source/MatrixProjectionExponential.olean",
verify	Recover stopped G5 original compiler diagnostics	2026-10-07T17:45:19.9078856Z       "-i",
verify	Recover stopped G5 original compiler diagnostics	2026-10-07T17:45:19.9079274Z       "/home/runner/work/_temp/cloud-g5-build/.lake/build/lib/lean/UnifiedLean/Source/MatrixProjectionExponential.ilean",
verify	Recover stopped G5 original compiler diagnostics	2026-10-07T17:45:19.9079601Z       "/home/runner/work/_temp/cloud-g5-build/UnifiedLean/Source/MatrixProjectionExponential.lean"
verify	Recover stopped G5 original compiler diagnostics	2026-10-07T17:45:19.9079681Z     ],
verify	Recover stopped G5 original compiler diagnostics	2026-10-07T17:45:19.9079785Z     "start_unix": 1791389716.843893,
verify	Recover stopped G5 original compiler diagnostics	2026-10-07T17:45:19.9079888Z     "end_unix": 1791389720.0146616,
verify	Recover stopped G5 original compiler diagnostics	2026-10-07T17:45:19.9079970Z     "exit": 0,
verify	Recover stopped G5 original compiler diagnostics	2026-10-07T17:45:19.9080391Z     "log_sha256": "47deb8e9780af82ab7be6bebe5133a149bdb1e0b7ec006c299cb898952db9b85"
verify	Recover stopped G5 original compiler diagnostics	2026-10-07T17:45:19.9080465Z   },
verify	Recover stopped G5 original compiler diagnostics	2026-10-07T17:45:19.9080544Z   {
verify	Recover stopped G5 original compiler diagnostics	2026-10-07T17:45:19.9080723Z     "name": "UnifiedLean.Source.SourceFiniteProjection",
verify	Recover stopped G5 original compiler diagnostics	2026-10-07T17:45:19.9080812Z     "command": [
verify	Recover stopped G5 original compiler diagnostics	2026-10-07T17:45:19.9080898Z       "lake",
verify	Recover stopped G5 original compiler diagnostics	2026-10-07T17:45:19.9080978Z       "env",
verify	Recover stopped G5 original compiler diagnostics	2026-10-07T17:45:19.9081061Z       "lean",
verify	Recover stopped G5 original compiler diagnostics	2026-10-07T17:45:19.9081144Z       "--trust=0",
verify	Recover stopped G5 original compiler diagnostics	2026-10-07T17:45:19.9081228Z       "-j1",
verify	Recover stopped G5 original compiler diagnostics	2026-10-07T17:45:19.9081309Z       "-M4096",
verify	Recover stopped G5 original compiler diagnostics	2026-10-07T17:45:19.9081391Z       "-R",
verify	Recover stopped G5 original compiler diagnostics	2026-10-07T17:45:19.9081518Z       "/home/runner/work/_temp/cloud-g5-build",
verify	Recover stopped G5 original compiler diagnostics	2026-10-07T17:45:19.9081596Z       "-o",
verify	Recover stopped G5 original compiler diagnostics	2026-10-07T17:45:19.9081981Z       "/home/runner/work/_temp/cloud-g5-build/.lake/build/lib/lean/UnifiedLean/Source/SourceFiniteProjection.olean",
verify	Recover stopped G5 original compiler diagnostics	2026-10-07T17:45:19.9082060Z       "-i",
verify	Recover stopped G5 original compiler diagnostics	2026-10-07T17:45:19.9082578Z       "/home/runner/work/_temp/cloud-g5-build/.lake/build/lib/lean/UnifiedLean/Source/SourceFiniteProjection.ilean",
verify	Recover stopped G5 original compiler diagnostics	2026-10-07T17:45:19.9082882Z       "/home/runner/work/_temp/cloud-g5-build/UnifiedLean/Source/SourceFiniteProjection.lean"
verify	Recover stopped G5 original compiler diagnostics	2026-10-07T17:45:19.9082963Z     ],
verify	Recover stopped G5 original compiler diagnostics	2026-10-07T17:45:19.9083190Z     "start_unix": 1791389720.0164764,
verify	Recover stopped G5 original compiler diagnostics	2026-10-07T17:45:19.9083292Z     "end_unix": 1791389723.387544,
verify	Recover stopped G5 original compiler diagnostics	2026-10-07T17:45:19.9083382Z     "exit": 0,
verify	Recover stopped G5 original compiler diagnostics	2026-10-07T17:45:19.9083628Z     "log_sha256": "03eeb639b6e74ac75fa578881b59878b6fd6829b08734b5e1d7a677295a1f9e3"
verify	Recover stopped G5 original compiler diagnostics	2026-10-07T17:45:19.9083705Z   },
verify	Recover stopped G5 original compiler diagnostics	2026-10-07T17:45:19.9083777Z   {
verify	Recover stopped G5 original compiler diagnostics	2026-10-07T17:45:19.9083944Z     "name": "UnifiedLean.Source.SourcePoissonKernel",
verify	Recover stopped G5 original compiler diagnostics	2026-10-07T17:45:19.9084039Z     "command": [
verify	Recover stopped G5 original compiler diagnostics	2026-10-07T17:45:19.9084121Z       "lake",
verify	Recover stopped G5 original compiler diagnostics	2026-10-07T17:45:19.9084203Z       "env",
verify	Recover stopped G5 original compiler diagnostics	2026-10-07T17:45:19.9084284Z       "lean",
verify	Recover stopped G5 original compiler diagnostics	2026-10-07T17:45:19.9084371Z       "--trust=0",
verify	Recover stopped G5 original compiler diagnostics	2026-10-07T17:45:19.9084451Z       "-j1",
verify	Recover stopped G5 original compiler diagnostics	2026-10-07T17:45:19.9084534Z       "-M4096",
verify	Recover stopped G5 original compiler diagnostics	2026-10-07T17:45:19.9084613Z       "-R",
verify	Recover stopped G5 original compiler diagnostics	2026-10-07T17:45:19.9084747Z       "/home/runner/work/_temp/cloud-g5-build",
verify	Recover stopped G5 original compiler diagnostics	2026-10-07T17:45:19.9084832Z       "-o",
verify	Recover stopped G5 original compiler diagnostics	2026-10-07T17:45:19.9085209Z       "/home/runner/work/_temp/cloud-g5-build/.lake/build/lib/lean/UnifiedLean/Source/SourcePoissonKernel.olean",
verify	Recover stopped G5 original compiler diagnostics	2026-10-07T17:45:19.9085297Z       "-i",
verify	Recover stopped G5 original compiler diagnostics	2026-10-07T17:45:19.9085651Z       "/home/runner/work/_temp/cloud-g5-build/.lake/build/lib/lean/UnifiedLean/Source/SourcePoissonKernel.ilean",
verify	Recover stopped G5 original compiler diagnostics	2026-10-07T17:45:19.9085932Z       "/home/runner/work/_temp/cloud-g5-build/UnifiedLean/Source/SourcePoissonKernel.lean"
verify	Recover stopped G5 original compiler diagnostics	2026-10-07T17:45:19.9086007Z     ],
verify	Recover stopped G5 original compiler diagnostics	2026-10-07T17:45:19.9086114Z     "start_unix": 1791389723.389272,
verify	Recover stopped G5 original compiler diagnostics	2026-10-07T17:45:19.9086210Z     "end_unix": 1791389726.5111573,
verify	Recover stopped G5 original compiler diagnostics	2026-10-07T17:45:19.9086296Z     "exit": 0,
verify	Recover stopped G5 original compiler diagnostics	2026-10-07T17:45:19.9086555Z     "log_sha256": "4ab2374dc12a6ec9dcb552f393f68c1a5e973ddffc308fa48d08a6979ca01515"
verify	Recover stopped G5 original compiler diagnostics	2026-10-07T17:45:19.9086629Z   },
verify	Recover stopped G5 original compiler diagnostics	2026-10-07T17:45:19.9086705Z   {
verify	Recover stopped G5 original compiler diagnostics	2026-10-07T17:45:19.9086891Z     "name": "UnifiedLean.Source.SourceGeneratorExponential",
verify	Recover stopped G5 original compiler diagnostics	2026-10-07T17:45:19.9086985Z     "command": [
verify	Recover stopped G5 original compiler diagnostics	2026-10-07T17:45:19.9087064Z       "lake",
verify	Recover stopped G5 original compiler diagnostics	2026-10-07T17:45:19.9087148Z       "env",
verify	Recover stopped G5 original compiler diagnostics	2026-10-07T17:45:19.9087232Z       "lean",
verify	Recover stopped G5 original compiler diagnostics	2026-10-07T17:45:19.9087314Z       "--trust=0",
verify	Recover stopped G5 original compiler diagnostics	2026-10-07T17:45:19.9087402Z       "-j1",
verify	Recover stopped G5 original compiler diagnostics	2026-10-07T17:45:19.9087486Z       "-M4096",
verify	Recover stopped G5 original compiler diagnostics	2026-10-07T17:45:19.9087571Z       "-R",
verify	Recover stopped G5 original compiler diagnostics	2026-10-07T17:45:19.9087693Z       "/home/runner/work/_temp/cloud-g5-build",
verify	Recover stopped G5 original compiler diagnostics	2026-10-07T17:45:19.9087777Z       "-o",
verify	Recover stopped G5 original compiler diagnostics	2026-10-07T17:45:19.9088177Z       "/home/runner/work/_temp/cloud-g5-build/.lake/build/lib/lean/UnifiedLean/Source/SourceGeneratorExponential.olean",
verify	Recover stopped G5 original compiler diagnostics	2026-10-07T17:45:19.9088263Z       "-i",
verify	Recover stopped G5 original compiler diagnostics	2026-10-07T17:45:19.9088665Z       "/home/runner/work/_temp/cloud-g5-build/.lake/build/lib/lean/UnifiedLean/Source/SourceGeneratorExponential.ilean",
verify	Recover stopped G5 original compiler diagnostics	2026-10-07T17:45:19.9088981Z       "/home/runner/work/_temp/cloud-g5-build/UnifiedLean/Source/SourceGeneratorExponential.lean"
verify	Recover stopped G5 original compiler diagnostics	2026-10-07T17:45:19.9089062Z     ],
verify	Recover stopped G5 original compiler diagnostics	2026-10-07T17:45:19.9089165Z     "start_unix": 1791389726.5130422,
verify	Recover stopped G5 original compiler diagnostics	2026-10-07T17:45:19.9089383Z     "end_unix": 1791389729.684152,
verify	Recover stopped G5 original compiler diagnostics	2026-10-07T17:45:19.9089465Z     "exit": 0,
verify	Recover stopped G5 original compiler diagnostics	2026-10-07T17:45:19.9089727Z     "log_sha256": "9f7be220015bcaa23cac6e4dab4b6545500cd24429b9a0b0e111027bbf31af74"
verify	Recover stopped G5 original compiler diagnostics	2026-10-07T17:45:19.9089811Z   },
verify	Recover stopped G5 original compiler diagnostics	2026-10-07T17:45:19.9089884Z   {
verify	Recover stopped G5 original compiler diagnostics	2026-10-07T17:45:19.9090065Z     "name": "UnifiedLean.Source.SourcePoissonExponential",
verify	Recover stopped G5 original compiler diagnostics	2026-10-07T17:45:19.9090151Z     "command": [
verify	Recover stopped G5 original compiler diagnostics	2026-10-07T17:45:19.9090234Z       "lake",
verify	Recover stopped G5 original compiler diagnostics	2026-10-07T17:45:19.9090316Z       "env",
verify	Recover stopped G5 original compiler diagnostics	2026-10-07T17:45:19.9090400Z       "lean",
verify	Recover stopped G5 original compiler diagnostics	2026-10-07T17:45:19.9090485Z       "--trust=0",
verify	Recover stopped G5 original compiler diagnostics	2026-10-07T17:45:19.9090568Z       "-j1",
verify	Recover stopped G5 original compiler diagnostics	2026-10-07T17:45:19.9090653Z       "-M4096",
verify	Recover stopped G5 original compiler diagnostics	2026-10-07T17:45:19.9090730Z       "-R",
verify	Recover stopped G5 original compiler diagnostics	2026-10-07T17:45:19.9090857Z       "/home/runner/work/_temp/cloud-g5-build",
verify	Recover stopped G5 original compiler diagnostics	2026-10-07T17:45:19.9090936Z       "-o",
verify	Recover stopped G5 original compiler diagnostics	2026-10-07T17:45:19.9091335Z       "/home/runner/work/_temp/cloud-g5-build/.lake/build/lib/lean/UnifiedLean/Source/SourcePoissonExponential.olean",
verify	Recover stopped G5 original compiler diagnostics	2026-10-07T17:45:19.9091415Z       "-i",
verify	Recover stopped G5 original compiler diagnostics	2026-10-07T17:45:19.9091813Z       "/home/runner/work/_temp/cloud-g5-build/.lake/build/lib/lean/UnifiedLean/Source/SourcePoissonExponential.ilean",
verify	Recover stopped G5 original compiler diagnostics	2026-10-07T17:45:19.9092118Z       "/home/runner/work/_temp/cloud-g5-build/UnifiedLean/Source/SourcePoissonExponential.lean"
verify	Recover stopped G5 original compiler diagnostics	2026-10-07T17:45:19.9092277Z     ],
verify	Recover stopped G5 original compiler diagnostics	2026-10-07T17:45:19.9092503Z     "start_unix": 1791389729.6858058,
verify	Recover stopped G5 original compiler diagnostics	2026-10-07T17:45:19.9092603Z     "end_unix": 1791389733.1573493,
verify	Recover stopped G5 original compiler diagnostics	2026-10-07T17:45:19.9092689Z     "exit": 0,
verify	Recover stopped G5 original compiler diagnostics	2026-10-07T17:45:19.9092941Z     "log_sha256": "f5e21e3dff34b6ad5c40fb34ae33e8c75f0c223f9bd577d273c8eb53d4322e1f"
verify	Recover stopped G5 original compiler diagnostics	2026-10-07T17:45:19.9093019Z   },
verify	Recover stopped G5 original compiler diagnostics	2026-10-07T17:45:19.9093092Z   {
verify	Recover stopped G5 original compiler diagnostics	2026-10-07T17:45:19.9093263Z     "name": "UnifiedLean.Source.SourceEpochSemigroup",
verify	Recover stopped G5 original compiler diagnostics	2026-10-07T17:45:19.9093355Z     "command": [
verify	Recover stopped G5 original compiler diagnostics	2026-10-07T17:45:19.9093438Z       "lake",
verify	Recover stopped G5 original compiler diagnostics	2026-10-07T17:45:19.9093524Z       "env",
verify	Recover stopped G5 original compiler diagnostics	2026-10-07T17:45:19.9093605Z       "lean",
verify	Recover stopped G5 original compiler diagnostics	2026-10-07T17:45:19.9093696Z       "--trust=0",
verify	Recover stopped G5 original compiler diagnostics	2026-10-07T17:45:19.9093775Z       "-j1",
verify	Recover stopped G5 original compiler diagnostics	2026-10-07T17:45:19.9093865Z       "-M4096",
verify	Recover stopped G5 original compiler diagnostics	2026-10-07T17:45:19.9093944Z       "-R",
verify	Recover stopped G5 original compiler diagnostics	2026-10-07T17:45:19.9094073Z       "/home/runner/work/_temp/cloud-g5-build",
verify	Recover stopped G5 original compiler diagnostics	2026-10-07T17:45:19.9094158Z       "-o",
verify	Recover stopped G5 original compiler diagnostics	2026-10-07T17:45:19.9094539Z       "/home/runner/work/_temp/cloud-g5-build/.lake/build/lib/lean/UnifiedLean/Source/SourceEpochSemigroup.olean",
verify	Recover stopped G5 original compiler diagnostics	2026-10-07T17:45:19.9094621Z       "-i",
verify	Recover stopped G5 original compiler diagnostics	2026-10-07T17:45:19.9094996Z       "/home/runner/work/_temp/cloud-g5-build/.lake/build/lib/lean/UnifiedLean/Source/SourceEpochSemigroup.ilean",
verify	Recover stopped G5 original compiler diagnostics	2026-10-07T17:45:19.9095288Z       "/home/runner/work/_temp/cloud-g5-build/UnifiedLean/Source/SourceEpochSemigroup.lean"
verify	Recover stopped G5 original compiler diagnostics	2026-10-07T17:45:19.9095364Z     ],
verify	Recover stopped G5 original compiler diagnostics	2026-10-07T17:45:19.9095465Z     "start_unix": 1791389733.159196,
verify	Recover stopped G5 original compiler diagnostics	2026-10-07T17:45:19.9095569Z     "end_unix": 1791389736.4325204,
verify	Recover stopped G5 original compiler diagnostics	2026-10-07T17:45:19.9095652Z     "exit": 0,
verify	Recover stopped G5 original compiler diagnostics	2026-10-07T17:45:19.9095911Z     "log_sha256": "4a95d1361a2aed25fbf707daf634dd249b3ec14849d79cc5e3ebb8b2b3041eb8"
verify	Recover stopped G5 original compiler diagnostics	2026-10-07T17:45:19.9095984Z   },
verify	Recover stopped G5 original compiler diagnostics	2026-10-07T17:45:19.9096067Z   {
verify	Recover stopped G5 original compiler diagnostics	2026-10-07T17:45:19.9096254Z     "name": "UnifiedLean.Source.SourceCalendarCompatibility",
verify	Recover stopped G5 original compiler diagnostics	2026-10-07T17:45:19.9096343Z     "command": [
verify	Recover stopped G5 original compiler diagnostics	2026-10-07T17:45:19.9096421Z       "lake",
verify	Recover stopped G5 original compiler diagnostics	2026-10-07T17:45:19.9096511Z       "env",
verify	Recover stopped G5 original compiler diagnostics	2026-10-07T17:45:19.9096594Z       "lean",
verify	Recover stopped G5 original compiler diagnostics	2026-10-07T17:45:19.9096679Z       "--trust=0",
verify	Recover stopped G5 original compiler diagnostics	2026-10-07T17:45:19.9096762Z       "-j1",
verify	Recover stopped G5 original compiler diagnostics	2026-10-07T17:45:19.9096843Z       "-M4096",
verify	Recover stopped G5 original compiler diagnostics	2026-10-07T17:45:19.9096924Z       "-R",
verify	Recover stopped G5 original compiler diagnostics	2026-10-07T17:45:19.9097050Z       "/home/runner/work/_temp/cloud-g5-build",
verify	Recover stopped G5 original compiler diagnostics	2026-10-07T17:45:19.9097132Z       "-o",
verify	Recover stopped G5 original compiler diagnostics	2026-10-07T17:45:19.9097546Z       "/home/runner/work/_temp/cloud-g5-build/.lake/build/lib/lean/UnifiedLean/Source/SourceCalendarCompatibility.olean",
verify	Recover stopped G5 original compiler diagnostics	2026-10-07T17:45:19.9097628Z       "-i",
verify	Recover stopped G5 original compiler diagnostics	2026-10-07T17:45:19.9098035Z       "/home/runner/work/_temp/cloud-g5-build/.lake/build/lib/lean/UnifiedLean/Source/SourceCalendarCompatibility.ilean",
verify	Recover stopped G5 original compiler diagnostics	2026-10-07T17:45:19.9098352Z       "/home/runner/work/_temp/cloud-g5-build/UnifiedLean/Source/SourceCalendarCompatibility.lean"
verify	Recover stopped G5 original compiler diagnostics	2026-10-07T17:45:19.9098552Z     ],
verify	Recover stopped G5 original compiler diagnostics	2026-10-07T17:45:19.9098657Z     "start_unix": 1791389736.434368,
verify	Recover stopped G5 original compiler diagnostics	2026-10-07T17:45:19.9098759Z     "end_unix": 1791389739.655107,
verify	Recover stopped G5 original compiler diagnostics	2026-10-07T17:45:19.9098846Z     "exit": 0,
verify	Recover stopped G5 original compiler diagnostics	2026-10-07T17:45:19.9099100Z     "log_sha256": "2c13ce207f94dd146844610b9678edb95a61dd6e7cf6b64f2a39426bacfe0fe5"
verify	Recover stopped G5 original compiler diagnostics	2026-10-07T17:45:19.9099179Z   },
verify	Recover stopped G5 original compiler diagnostics	2026-10-07T17:45:19.9099252Z   {
verify	Recover stopped G5 original compiler diagnostics	2026-10-07T17:45:19.9099439Z     "name": "UnifiedLean.Source.SourceForestPulseTransport",
verify	Recover stopped G5 original compiler diagnostics	2026-10-07T17:45:19.9099522Z     "command": [
verify	Recover stopped G5 original compiler diagnostics	2026-10-07T17:45:19.9099605Z       "lake",
verify	Recover stopped G5 original compiler diagnostics	2026-10-07T17:45:19.9099681Z       "env",
verify	Recover stopped G5 original compiler diagnostics	2026-10-07T17:45:19.9099765Z       "lean",
verify	Recover stopped G5 original compiler diagnostics	2026-10-07T17:45:19.9099848Z       "--trust=0",
verify	Recover stopped G5 original compiler diagnostics	2026-10-07T17:45:19.9099933Z       "-j1",
verify	Recover stopped G5 original compiler diagnostics	2026-10-07T17:45:19.9100015Z       "-M4096",
verify	Recover stopped G5 original compiler diagnostics	2026-10-07T17:45:19.9100097Z       "-R",
verify	Recover stopped G5 original compiler diagnostics	2026-10-07T17:45:19.9100231Z       "/home/runner/work/_temp/cloud-g5-build",
verify	Recover stopped G5 original compiler diagnostics	2026-10-07T17:45:19.9100310Z       "-o",
verify	Recover stopped G5 original compiler diagnostics	2026-10-07T17:45:19.9100719Z       "/home/runner/work/_temp/cloud-g5-build/.lake/build/lib/lean/UnifiedLean/Source/SourceForestPulseTransport.olean",
verify	Recover stopped G5 original compiler diagnostics	2026-10-07T17:45:19.9100807Z       "-i",
verify	Recover stopped G5 original compiler diagnostics	2026-10-07T17:45:19.9101207Z       "/home/runner/work/_temp/cloud-g5-build/.lake/build/lib/lean/UnifiedLean/Source/SourceForestPulseTransport.ilean",
verify	Recover stopped G5 original compiler diagnostics	2026-10-07T17:45:19.9101635Z       "/home/runner/work/_temp/cloud-g5-build/UnifiedLean/Source/SourceForestPulseTransport.lean"
verify	Recover stopped G5 original compiler diagnostics	2026-10-07T17:45:19.9101710Z     ],
verify	Recover stopped G5 original compiler diagnostics	2026-10-07T17:45:19.9101815Z     "start_unix": 1791389739.656967,
verify	Recover stopped G5 original compiler diagnostics	2026-10-07T17:45:19.9101914Z     "end_unix": 1791389741.875634,
verify	Recover stopped G5 original compiler diagnostics	2026-10-07T17:45:19.9101998Z     "exit": 0,
verify	Recover stopped G5 original compiler diagnostics	2026-10-07T17:45:19.9102251Z     "log_sha256": "0117db13bdb95c5ccb6f610ee2fb0e1b62bea55704cafa2b193547af673687a6"
verify	Recover stopped G5 original compiler diagnostics	2026-10-07T17:45:19.9102329Z   },
verify	Recover stopped G5 original compiler diagnostics	2026-10-07T17:45:19.9102586Z   {
verify	Recover stopped G5 original compiler diagnostics	2026-10-07T17:45:19.9102769Z     "name": "UnifiedLean.Source.SourceForestPulseMeasure",
verify	Recover stopped G5 original compiler diagnostics	2026-10-07T17:45:19.9102860Z     "command": [
verify	Recover stopped G5 original compiler diagnostics	2026-10-07T17:45:19.9102940Z       "lake",
verify	Recover stopped G5 original compiler diagnostics	2026-10-07T17:45:19.9103023Z       "env",
verify	Recover stopped G5 original compiler diagnostics	2026-10-07T17:45:19.9103109Z       "lean",
verify	Recover stopped G5 original compiler diagnostics	2026-10-07T17:45:19.9103199Z       "--trust=0",
verify	Recover stopped G5 original compiler diagnostics	2026-10-07T17:45:19.9103277Z       "-j1",
verify	Recover stopped G5 original compiler diagnostics	2026-10-07T17:45:19.9103363Z       "-M4096",
verify	Recover stopped G5 original compiler diagnostics	2026-10-07T17:45:19.9103454Z       "-R",
verify	Recover stopped G5 original compiler diagnostics	2026-10-07T17:45:19.9103582Z       "/home/runner/work/_temp/cloud-g5-build",
verify	Recover stopped G5 original compiler diagnostics	2026-10-07T17:45:19.9103679Z       "-o",
verify	Recover stopped G5 original compiler diagnostics	2026-10-07T17:45:19.9104072Z       "/home/runner/work/_temp/cloud-g5-build/.lake/build/lib/lean/UnifiedLean/Source/SourceForestPulseMeasure.olean",
verify	Recover stopped G5 original compiler diagnostics	2026-10-07T17:45:19.9104155Z       "-i",
verify	Recover stopped G5 original compiler diagnostics	2026-10-07T17:45:19.9104540Z       "/home/runner/work/_temp/cloud-g5-build/.lake/build/lib/lean/UnifiedLean/Source/SourceForestPulseMeasure.ilean",
verify	Recover stopped G5 original compiler diagnostics	2026-10-07T17:45:19.9104849Z       "/home/runner/work/_temp/cloud-g5-build/UnifiedLean/Source/SourceForestPulseMeasure.lean"
verify	Recover stopped G5 original compiler diagnostics	2026-10-07T17:45:19.9104930Z     ],
verify	Recover stopped G5 original compiler diagnostics	2026-10-07T17:45:19.9105043Z     "start_unix": 1791389741.8775396,
verify	Recover stopped G5 original compiler diagnostics	2026-10-07T17:45:19.9105148Z     "end_unix": 1791389744.5473711,
verify	Recover stopped G5 original compiler diagnostics	2026-10-07T17:45:19.9105229Z     "exit": 0,
verify	Recover stopped G5 original compiler diagnostics	2026-10-07T17:45:19.9105483Z     "log_sha256": "94ae0c226c45a80056a0617962818bef7aa074ef4ebfe19078b50c0034306ae8"
verify	Recover stopped G5 original compiler diagnostics	2026-10-07T17:45:19.9105558Z   },
verify	Recover stopped G5 original compiler diagnostics	2026-10-07T17:45:19.9105637Z   {
verify	Recover stopped G5 original compiler diagnostics	2026-10-07T17:45:19.9105810Z     "name": "UnifiedLean.Source.SourceForestCommonPulse",
verify	Recover stopped G5 original compiler diagnostics	2026-10-07T17:45:19.9105899Z     "command": [
verify	Recover stopped G5 original compiler diagnostics	2026-10-07T17:45:19.9105984Z       "lake",
verify	Recover stopped G5 original compiler diagnostics	2026-10-07T17:45:19.9106061Z       "env",
verify	Recover stopped G5 original compiler diagnostics	2026-10-07T17:45:19.9106144Z       "lean",
verify	Recover stopped G5 original compiler diagnostics	2026-10-07T17:45:19.9106226Z       "--trust=0",
verify	Recover stopped G5 original compiler diagnostics	2026-10-07T17:45:19.9106308Z       "-j1",
verify	Recover stopped G5 original compiler diagnostics	2026-10-07T17:45:19.9106389Z       "-M4096",
verify	Recover stopped G5 original compiler diagnostics	2026-10-07T17:45:19.9106469Z       "-R",
verify	Recover stopped G5 original compiler diagnostics	2026-10-07T17:45:19.9106595Z       "/home/runner/work/_temp/cloud-g5-build",
verify	Recover stopped G5 original compiler diagnostics	2026-10-07T17:45:19.9106678Z       "-o",
verify	Recover stopped G5 original compiler diagnostics	2026-10-07T17:45:19.9107064Z       "/home/runner/work/_temp/cloud-g5-build/.lake/build/lib/lean/UnifiedLean/Source/SourceForestCommonPulse.olean",
verify	Recover stopped G5 original compiler diagnostics	2026-10-07T17:45:19.9107142Z       "-i",
verify	Recover stopped G5 original compiler diagnostics	2026-10-07T17:45:19.9107528Z       "/home/runner/work/_temp/cloud-g5-build/.lake/build/lib/lean/UnifiedLean/Source/SourceForestCommonPulse.ilean",
verify	Recover stopped G5 original compiler diagnostics	2026-10-07T17:45:19.9107957Z       "/home/runner/work/_temp/cloud-g5-build/UnifiedLean/Source/SourceForestCommonPulse.lean"
verify	Recover stopped G5 original compiler diagnostics	2026-10-07T17:45:19.9108040Z     ],
verify	Recover stopped G5 original compiler diagnostics	2026-10-07T17:45:19.9108149Z     "start_unix": 1791389744.5494223,
verify	Recover stopped G5 original compiler diagnostics	2026-10-07T17:45:19.9108253Z     "end_unix": 1791389746.3676414,
verify	Recover stopped G5 original compiler diagnostics	2026-10-07T17:45:19.9108338Z     "exit": 0,
verify	Recover stopped G5 original compiler diagnostics	2026-10-07T17:45:19.9108597Z     "log_sha256": "7b8aded7c2331926fabd2760aea65c0dbd892d86a3d86ec5f32ba30c700543ed"
verify	Recover stopped G5 original compiler diagnostics	2026-10-07T17:45:19.9108676Z   },
verify	Recover stopped G5 original compiler diagnostics	2026-10-07T17:45:19.9108748Z   {
verify	Recover stopped G5 original compiler diagnostics	2026-10-07T17:45:19.9108915Z     "name": "UnifiedLean.Source.SourceBoundaryKernels",
verify	Recover stopped G5 original compiler diagnostics	2026-10-07T17:45:19.9108998Z     "command": [
verify	Recover stopped G5 original compiler diagnostics	2026-10-07T17:45:19.9109080Z       "lake",
verify	Recover stopped G5 original compiler diagnostics	2026-10-07T17:45:19.9109157Z       "env",
verify	Recover stopped G5 original compiler diagnostics	2026-10-07T17:45:19.9109242Z       "lean",
verify	Recover stopped G5 original compiler diagnostics	2026-10-07T17:45:19.9109330Z       "--trust=0",
verify	Recover stopped G5 original compiler diagnostics	2026-10-07T17:45:19.9109410Z       "-j1",
verify	Recover stopped G5 original compiler diagnostics	2026-10-07T17:45:19.9109495Z       "-M4096",
verify	Recover stopped G5 original compiler diagnostics	2026-10-07T17:45:19.9109573Z       "-R",
verify	Recover stopped G5 original compiler diagnostics	2026-10-07T17:45:19.9109704Z       "/home/runner/work/_temp/cloud-g5-build",
verify	Recover stopped G5 original compiler diagnostics	2026-10-07T17:45:19.9109789Z       "-o",
verify	Recover stopped G5 original compiler diagnostics	2026-10-07T17:45:19.9110180Z       "/home/runner/work/_temp/cloud-g5-build/.lake/build/lib/lean/UnifiedLean/Source/SourceBoundaryKernels.olean",
verify	Recover stopped G5 original compiler diagnostics	2026-10-07T17:45:19.9110368Z       "-i",
verify	Recover stopped G5 original compiler diagnostics	2026-10-07T17:45:19.9110759Z       "/home/runner/work/_temp/cloud-g5-build/.lake/build/lib/lean/UnifiedLean/Source/SourceBoundaryKernels.ilean",
verify	Recover stopped G5 original compiler diagnostics	2026-10-07T17:45:19.9111056Z       "/home/runner/work/_temp/cloud-g5-build/UnifiedLean/Source/SourceBoundaryKernels.lean"
verify	Recover stopped G5 original compiler diagnostics	2026-10-07T17:45:19.9111129Z     ],
verify	Recover stopped G5 original compiler diagnostics	2026-10-07T17:45:19.9111242Z     "start_unix": 1791389746.3694992,
verify	Recover stopped G5 original compiler diagnostics	2026-10-07T17:45:19.9111340Z     "end_unix": 1791389749.8409207,
verify	Recover stopped G5 original compiler diagnostics	2026-10-07T17:45:19.9111427Z     "exit": 0,
verify	Recover stopped G5 original compiler diagnostics	2026-10-07T17:45:19.9111675Z     "log_sha256": "3278de1ee31a8540d3025e91ff66e0469a5e3205618c4ebadff366b282ff7d90"
verify	Recover stopped G5 original compiler diagnostics	2026-10-07T17:45:19.9111754Z   },
verify	Recover stopped G5 original compiler diagnostics	2026-10-07T17:45:19.9111832Z   {
verify	Recover stopped G5 original compiler diagnostics	2026-10-07T17:45:19.9112008Z     "name": "UnifiedLean.Source.SourceBoundaryProjection",
verify	Recover stopped G5 original compiler diagnostics	2026-10-07T17:45:19.9112103Z     "command": [
verify	Recover stopped G5 original compiler diagnostics	2026-10-07T17:45:19.9112182Z       "lake",
verify	Recover stopped G5 original compiler diagnostics	2026-10-07T17:45:19.9112267Z       "env",
verify	Recover stopped G5 original compiler diagnostics	2026-10-07T17:45:19.9112482Z       "lean",
verify	Recover stopped G5 original compiler diagnostics	2026-10-07T17:45:19.9112584Z       "--trust=0",
verify	Recover stopped G5 original compiler diagnostics	2026-10-07T17:45:19.9112663Z       "-j1",
verify	Recover stopped G5 original compiler diagnostics	2026-10-07T17:45:19.9112750Z       "-M4096",
verify	Recover stopped G5 original compiler diagnostics	2026-10-07T17:45:19.9112833Z       "-R",
verify	Recover stopped G5 original compiler diagnostics	2026-10-07T17:45:19.9112960Z       "/home/runner/work/_temp/cloud-g5-build",
verify	Recover stopped G5 original compiler diagnostics	2026-10-07T17:45:19.9113046Z       "-o",
verify	Recover stopped G5 original compiler diagnostics	2026-10-07T17:45:19.9113444Z       "/home/runner/work/_temp/cloud-g5-build/.lake/build/lib/lean/UnifiedLean/Source/SourceBoundaryProjection.olean",
verify	Recover stopped G5 original compiler diagnostics	2026-10-07T17:45:19.9113529Z       "-i",
verify	Recover stopped G5 original compiler diagnostics	2026-10-07T17:45:19.9113917Z       "/home/runner/work/_temp/cloud-g5-build/.lake/build/lib/lean/UnifiedLean/Source/SourceBoundaryProjection.ilean",
verify	Recover stopped G5 original compiler diagnostics	2026-10-07T17:45:19.9114215Z       "/home/runner/work/_temp/cloud-g5-build/UnifiedLean/Source/SourceBoundaryProjection.lean"
verify	Recover stopped G5 original compiler diagnostics	2026-10-07T17:45:19.9114301Z     ],
verify	Recover stopped G5 original compiler diagnostics	2026-10-07T17:45:19.9114401Z     "start_unix": 1791389749.8431149,
verify	Recover stopped G5 original compiler diagnostics	2026-10-07T17:45:19.9114508Z     "end_unix": 1791389752.9147856,
verify	Recover stopped G5 original compiler diagnostics	2026-10-07T17:45:19.9114591Z     "exit": 0,
verify	Recover stopped G5 original compiler diagnostics	2026-10-07T17:45:19.9114854Z     "log_sha256": "efe59f762bbcaea90fe3877fcf31476c8b5cc52fc3734484bc3baf1ffc7ef455"
verify	Recover stopped G5 original compiler diagnostics	2026-10-07T17:45:19.9114941Z   },
verify	Recover stopped G5 original compiler diagnostics	2026-10-07T17:45:19.9115021Z   {
verify	Recover stopped G5 original compiler diagnostics	2026-10-07T17:45:19.9115188Z     "name": "UnifiedLean.Source.SourceProgramTransport",
verify	Recover stopped G5 original compiler diagnostics	2026-10-07T17:45:19.9115278Z     "command": [
verify	Recover stopped G5 original compiler diagnostics	2026-10-07T17:45:19.9115363Z       "lake",
verify	Recover stopped G5 original compiler diagnostics	2026-10-07T17:45:19.9115440Z       "env",
verify	Recover stopped G5 original compiler diagnostics	2026-10-07T17:45:19.9115523Z       "lean",
verify	Recover stopped G5 original compiler diagnostics	2026-10-07T17:45:19.9115607Z       "--trust=0",
verify	Recover stopped G5 original compiler diagnostics	2026-10-07T17:45:19.9115691Z       "-j1",
verify	Recover stopped G5 original compiler diagnostics	2026-10-07T17:45:19.9115773Z       "-M4096",
verify	Recover stopped G5 original compiler diagnostics	2026-10-07T17:45:19.9115857Z       "-R",
verify	Recover stopped G5 original compiler diagnostics	2026-10-07T17:45:19.9115979Z       "/home/runner/work/_temp/cloud-g5-build",
verify	Recover stopped G5 original compiler diagnostics	2026-10-07T17:45:19.9116060Z       "-o",
verify	Recover stopped G5 original compiler diagnostics	2026-10-07T17:45:19.9116443Z       "/home/runner/work/_temp/cloud-g5-build/.lake/build/lib/lean/UnifiedLean/Source/SourceProgramTransport.olean",
verify	Recover stopped G5 original compiler diagnostics	2026-10-07T17:45:19.9116521Z       "-i",
verify	Recover stopped G5 original compiler diagnostics	2026-10-07T17:45:19.9117055Z       "/home/runner/work/_temp/cloud-g5-build/.lake/build/lib/lean/UnifiedLean/Source/SourceProgramTransport.ilean",
verify	Recover stopped G5 original compiler diagnostics	2026-10-07T17:45:19.9117353Z       "/home/runner/work/_temp/cloud-g5-build/UnifiedLean/Source/SourceProgramTransport.lean"
verify	Recover stopped G5 original compiler diagnostics	2026-10-07T17:45:19.9117439Z     ],
verify	Recover stopped G5 original compiler diagnostics	2026-10-07T17:45:19.9117540Z     "start_unix": 1791389752.9165466,
verify	Recover stopped G5 original compiler diagnostics	2026-10-07T17:45:19.9117642Z     "end_unix": 1791389756.1919475,
verify	Recover stopped G5 original compiler diagnostics	2026-10-07T17:45:19.9117729Z     "exit": 0,
verify	Recover stopped G5 original compiler diagnostics	2026-10-07T17:45:19.9117972Z     "log_sha256": "03536d167bf27989e2507161f3d4a5c62e95f53a2b2a26bdafc3b2acc9103af7"
verify	Recover stopped G5 original compiler diagnostics	2026-10-07T17:45:19.9118050Z   },
verify	Recover stopped G5 original compiler diagnostics	2026-10-07T17:45:19.9118124Z   {
verify	Recover stopped G5 original compiler diagnostics	2026-10-07T17:45:19.9118295Z     "name": "UnifiedLean.Source.SourceCalendarCompiler",
verify	Recover stopped G5 original compiler diagnostics	2026-10-07T17:45:19.9118378Z     "command": [
verify	Recover stopped G5 original compiler diagnostics	2026-10-07T17:45:19.9118461Z       "lake",
verify	Recover stopped G5 original compiler diagnostics	2026-10-07T17:45:19.9118544Z       "env",
verify	Recover stopped G5 original compiler diagnostics	2026-10-07T17:45:19.9118621Z       "lean",
verify	Recover stopped G5 original compiler diagnostics	2026-10-07T17:45:19.9118707Z       "--trust=0",
verify	Recover stopped G5 original compiler diagnostics	2026-10-07T17:45:19.9118785Z       "-j1",
verify	Recover stopped G5 original compiler diagnostics	2026-10-07T17:45:19.9118874Z       "-M4096",
verify	Recover stopped G5 original compiler diagnostics	2026-10-07T17:45:19.9118952Z       "-R",
verify	Recover stopped G5 original compiler diagnostics	2026-10-07T17:45:19.9119077Z       "/home/runner/work/_temp/cloud-g5-build",
verify	Recover stopped G5 original compiler diagnostics	2026-10-07T17:45:19.9119154Z       "-o",
verify	Recover stopped G5 original compiler diagnostics	2026-10-07T17:45:19.9119651Z       "/home/runner/work/_temp/cloud-g5-build/.lake/build/lib/lean/UnifiedLean/Source/SourceCalendarCompiler.olean",
verify	Recover stopped G5 original compiler diagnostics	2026-10-07T17:45:19.9119735Z       "-i",
verify	Recover stopped G5 original compiler diagnostics	2026-10-07T17:45:19.9120113Z       "/home/runner/work/_temp/cloud-g5-build/.lake/build/lib/lean/UnifiedLean/Source/SourceCalendarCompiler.ilean",
verify	Recover stopped G5 original compiler diagnostics	2026-10-07T17:45:19.9120409Z       "/home/runner/work/_temp/cloud-g5-build/UnifiedLean/Source/SourceCalendarCompiler.lean"
verify	Recover stopped G5 original compiler diagnostics	2026-10-07T17:45:19.9120487Z     ],
verify	Recover stopped G5 original compiler diagnostics	2026-10-07T17:45:19.9120592Z     "start_unix": 1791389756.1946177,
verify	Recover stopped G5 original compiler diagnostics	2026-10-07T17:45:19.9120692Z     "end_unix": 1791389759.616004,
verify	Recover stopped G5 original compiler diagnostics	2026-10-07T17:45:19.9120779Z     "exit": 0,
verify	Recover stopped G5 original compiler diagnostics	2026-10-07T17:45:19.9121019Z     "log_sha256": "512c3629c6ba152b45b81707529a257f141ec0b29ce982fb5361344786b4bb92"
verify	Recover stopped G5 original compiler diagnostics	2026-10-07T17:45:19.9121094Z   },
verify	Recover stopped G5 original compiler diagnostics	2026-10-07T17:45:19.9121176Z   {
verify	Recover stopped G5 original compiler diagnostics	2026-10-07T17:45:19.9121349Z     "name": "UnifiedLean.Source.SourceBoundaryLocations",
verify	Recover stopped G5 original compiler diagnostics	2026-10-07T17:45:19.9121438Z     "command": [
verify	Recover stopped G5 original compiler diagnostics	2026-10-07T17:45:19.9121516Z       "lake",
verify	Recover stopped G5 original compiler diagnostics	2026-10-07T17:45:19.9121603Z       "env",
verify	Recover stopped G5 original compiler diagnostics	2026-10-07T17:45:19.9121680Z       "lean",
verify	Recover stopped G5 original compiler diagnostics	2026-10-07T17:45:19.9121769Z       "--trust=0",
verify	Recover stopped G5 original compiler diagnostics	2026-10-07T17:45:19.9121855Z       "-j1",
verify	Recover stopped G5 original compiler diagnostics	2026-10-07T17:45:19.9121937Z       "-M4096",
verify	Recover stopped G5 original compiler diagnostics	2026-10-07T17:45:19.9122020Z       "-R",
verify	Recover stopped G5 original compiler diagnostics	2026-10-07T17:45:19.9122144Z       "/home/runner/work/_temp/cloud-g5-build",
verify	Recover stopped G5 original compiler diagnostics	2026-10-07T17:45:19.9122229Z       "-o",
verify	Recover stopped G5 original compiler diagnostics	2026-10-07T17:45:19.9122732Z       "/home/runner/work/_temp/cloud-g5-build/.lake/build/lib/lean/UnifiedLean/Source/SourceBoundaryLocations.olean",
verify	Recover stopped G5 original compiler diagnostics	2026-10-07T17:45:19.9122820Z       "-i",
verify	Recover stopped G5 original compiler diagnostics	2026-10-07T17:45:19.9123198Z       "/home/runner/work/_temp/cloud-g5-build/.lake/build/lib/lean/UnifiedLean/Source/SourceBoundaryLocations.ilean",
verify	Recover stopped G5 original compiler diagnostics	2026-10-07T17:45:19.9123498Z       "/home/runner/work/_temp/cloud-g5-build/UnifiedLean/Source/SourceBoundaryLocations.lean"
verify	Recover stopped G5 original compiler diagnostics	2026-10-07T17:45:19.9123582Z     ],
verify	Recover stopped G5 original compiler diagnostics	2026-10-07T17:45:19.9123685Z     "start_unix": 1791389759.6180995,
verify	Recover stopped G5 original compiler diagnostics	2026-10-07T17:45:19.9123787Z     "end_unix": 1791389762.9393375,
verify	Recover stopped G5 original compiler diagnostics	2026-10-07T17:45:19.9123874Z     "exit": 0,
verify	Recover stopped G5 original compiler diagnostics	2026-10-07T17:45:19.9124115Z     "log_sha256": "213803aab26a654285e4c457342bdcee7fd75177a47fd1863602158d0903e7a4"
verify	Recover stopped G5 original compiler diagnostics	2026-10-07T17:45:19.9124189Z   },
verify	Recover stopped G5 original compiler diagnostics	2026-10-07T17:45:19.9124267Z   {
verify	Recover stopped G5 original compiler diagnostics	2026-10-07T17:45:19.9124429Z     "name": "UnifiedLean.Source.SourceCalendarTiming",
verify	Recover stopped G5 original compiler diagnostics	2026-10-07T17:45:19.9124513Z     "command": [
verify	Recover stopped G5 original compiler diagnostics	2026-10-07T17:45:19.9124598Z       "lake",
verify	Recover stopped G5 original compiler diagnostics	2026-10-07T17:45:19.9124678Z       "env",
verify	Recover stopped G5 original compiler diagnostics	2026-10-07T17:45:19.9124763Z       "lean",
verify	Recover stopped G5 original compiler diagnostics	2026-10-07T17:45:19.9124854Z       "--trust=0",
verify	Recover stopped G5 original compiler diagnostics	2026-10-07T17:45:19.9124939Z       "-j1",
verify	Recover stopped G5 original compiler diagnostics	2026-10-07T17:45:19.9125021Z       "-M4096",
verify	Recover stopped G5 original compiler diagnostics	2026-10-07T17:45:19.9125106Z       "-R",
verify	Recover stopped G5 original compiler diagnostics	2026-10-07T17:45:19.9125240Z       "/home/runner/work/_temp/cloud-g5-build",
verify	Recover stopped G5 original compiler diagnostics	2026-10-07T17:45:19.9125320Z       "-o",
verify	Recover stopped G5 original compiler diagnostics	2026-10-07T17:45:19.9125704Z       "/home/runner/work/_temp/cloud-g5-build/.lake/build/lib/lean/UnifiedLean/Source/SourceCalendarTiming.olean",
verify	Recover stopped G5 original compiler diagnostics	2026-10-07T17:45:19.9125904Z       "-i",
verify	Recover stopped G5 original compiler diagnostics	2026-10-07T17:45:19.9126288Z       "/home/runner/work/_temp/cloud-g5-build/.lake/build/lib/lean/UnifiedLean/Source/SourceCalendarTiming.ilean",
verify	Recover stopped G5 original compiler diagnostics	2026-10-07T17:45:19.9126574Z       "/home/runner/work/_temp/cloud-g5-build/UnifiedLean/Source/SourceCalendarTiming.lean"
verify	Recover stopped G5 original compiler diagnostics	2026-10-07T17:45:19.9126661Z     ],
verify	Recover stopped G5 original compiler diagnostics	2026-10-07T17:45:19.9126769Z     "start_unix": 1791389762.9412856,
verify	Recover stopped G5 original compiler diagnostics	2026-10-07T17:45:19.9126869Z     "end_unix": 1791389765.9135501,
verify	Recover stopped G5 original compiler diagnostics	2026-10-07T17:45:19.9126960Z     "exit": 0,
verify	Recover stopped G5 original compiler diagnostics	2026-10-07T17:45:19.9127203Z     "log_sha256": "5697a349825a27a0b264e49c1657ffa131285253f91a7eb340eb6158cb5b111d"
verify	Recover stopped G5 original compiler diagnostics	2026-10-07T17:45:19.9127284Z   },
verify	Recover stopped G5 original compiler diagnostics	2026-10-07T17:45:19.9127358Z   {
verify	Recover stopped G5 original compiler diagnostics	2026-10-07T17:45:19.9127567Z     "name": "UnifiedLean.Source.SourceCalendarPhysicalSupport",
verify	Recover stopped G5 original compiler diagnostics	2026-10-07T17:45:19.9127652Z     "command": [
verify	Recover stopped G5 original compiler diagnostics	2026-10-07T17:45:19.9127737Z       "lake",
verify	Recover stopped G5 original compiler diagnostics	2026-10-07T17:45:19.9127820Z       "env",
verify	Recover stopped G5 original compiler diagnostics	2026-10-07T17:45:19.9127906Z       "lean",
verify	Recover stopped G5 original compiler diagnostics	2026-10-07T17:45:19.9127997Z       "--trust=0",
verify	Recover stopped G5 original compiler diagnostics	2026-10-07T17:45:19.9128077Z       "-j1",
verify	Recover stopped G5 original compiler diagnostics	2026-10-07T17:45:19.9128163Z       "-M4096",
verify	Recover stopped G5 original compiler diagnostics	2026-10-07T17:45:19.9128240Z       "-R",
verify	Recover stopped G5 original compiler diagnostics	2026-10-07T17:45:19.9128480Z       "/home/runner/work/_temp/cloud-g5-build",
verify	Recover stopped G5 original compiler diagnostics	2026-10-07T17:45:19.9128559Z       "-o",
verify	Recover stopped G5 original compiler diagnostics	2026-10-07T17:45:19.9129000Z       "/home/runner/work/_temp/cloud-g5-build/.lake/build/lib/lean/UnifiedLean/Source/SourceCalendarPhysicalSupport.olean",
verify	Recover stopped G5 original compiler diagnostics	2026-10-07T17:45:19.9129086Z       "-i",
verify	Recover stopped G5 original compiler diagnostics	2026-10-07T17:45:19.9129500Z       "/home/runner/work/_temp/cloud-g5-build/.lake/build/lib/lean/UnifiedLean/Source/SourceCalendarPhysicalSupport.ilean",
verify	Recover stopped G5 original compiler diagnostics	2026-10-07T17:45:19.9129840Z       "/home/runner/work/_temp/cloud-g5-build/UnifiedLean/Source/SourceCalendarPhysicalSupport.lean"
verify	Recover stopped G5 original compiler diagnostics	2026-10-07T17:45:19.9129915Z     ],
verify	Recover stopped G5 original compiler diagnostics	2026-10-07T17:45:19.9130020Z     "start_unix": 1791389765.9154959,
verify	Recover stopped G5 original compiler diagnostics	2026-10-07T17:45:19.9130118Z     "end_unix": 1791389769.83807,
verify	Recover stopped G5 original compiler diagnostics	2026-10-07T17:45:19.9130203Z     "exit": 0,
verify	Recover stopped G5 original compiler diagnostics	2026-10-07T17:45:19.9130455Z     "log_sha256": "224dc108583c730d8ecbd9687b0d67b43a38730f0f792f394773b47f3956bf0c"
verify	Recover stopped G5 original compiler diagnostics	2026-10-07T17:45:19.9130530Z   },
verify	Recover stopped G5 original compiler diagnostics	2026-10-07T17:45:19.9130608Z   {
verify	Recover stopped G5 original compiler diagnostics	2026-10-07T17:45:19.9130787Z     "name": "UnifiedLean.Source.SourceInitializedCalendar",
verify	Recover stopped G5 original compiler diagnostics	2026-10-07T17:45:19.9130879Z     "command": [
verify	Recover stopped G5 original compiler diagnostics	2026-10-07T17:45:19.9130958Z       "lake",
verify	Recover stopped G5 original compiler diagnostics	2026-10-07T17:45:19.9131041Z       "env",
verify	Recover stopped G5 original compiler diagnostics	2026-10-07T17:45:19.9131119Z       "lean",
verify	Recover stopped G5 original compiler diagnostics	2026-10-07T17:45:19.9131207Z       "--trust=0",
verify	Recover stopped G5 original compiler diagnostics	2026-10-07T17:45:19.9131293Z       "-j1",
verify	Recover stopped G5 original compiler diagnostics	2026-10-07T17:45:19.9131377Z       "-M4096",
verify	Recover stopped G5 original compiler diagnostics	2026-10-07T17:45:19.9131460Z       "-R",
verify	Recover stopped G5 original compiler diagnostics	2026-10-07T17:45:19.9131585Z       "/home/runner/work/_temp/cloud-g5-build",
verify	Recover stopped G5 original compiler diagnostics	2026-10-07T17:45:19.9131668Z       "-o",
verify	Recover stopped G5 original compiler diagnostics	2026-10-07T17:45:19.9132070Z       "/home/runner/work/_temp/cloud-g5-build/.lake/build/lib/lean/UnifiedLean/Source/SourceInitializedCalendar.olean",
verify	Recover stopped G5 original compiler diagnostics	2026-10-07T17:45:19.9132154Z       "-i",
verify	Recover stopped G5 original compiler diagnostics	2026-10-07T17:45:19.9132682Z       "/home/runner/work/_temp/cloud-g5-build/.lake/build/lib/lean/UnifiedLean/Source/SourceInitializedCalendar.ilean",
verify	Recover stopped G5 original compiler diagnostics	2026-10-07T17:45:19.9132995Z       "/home/runner/work/_temp/cloud-g5-build/UnifiedLean/Source/SourceInitializedCalendar.lean"
verify	Recover stopped G5 original compiler diagnostics	2026-10-07T17:45:19.9133075Z     ],
verify	Recover stopped G5 original compiler diagnostics	2026-10-07T17:45:19.9133179Z     "start_unix": 1791389769.8402085,
verify	Recover stopped G5 original compiler diagnostics	2026-10-07T17:45:19.9133285Z     "end_unix": 1791389773.0632966,
verify	Recover stopped G5 original compiler diagnostics	2026-10-07T17:45:19.9133366Z     "exit": 0,
verify	Recover stopped G5 original compiler diagnostics	2026-10-07T17:45:19.9133620Z     "log_sha256": "e9d75008b4716f668127ecf36f4cb6f602844f08f91d3d29edcb3c6faf5e9863"
verify	Recover stopped G5 original compiler diagnostics	2026-10-07T17:45:19.9133698Z   },
verify	Recover stopped G5 original compiler diagnostics	2026-10-07T17:45:19.9133770Z   {
verify	Recover stopped G5 original compiler diagnostics	2026-10-07T17:45:19.9133952Z     "name": "UnifiedLean.Source.SourceActualHoldingClocks",
verify	Recover stopped G5 original compiler diagnostics	2026-10-07T17:45:19.9134035Z     "command": [
verify	Recover stopped G5 original compiler diagnostics	2026-10-07T17:45:19.9134119Z       "lake",
verify	Recover stopped G5 original compiler diagnostics	2026-10-07T17:45:19.9134197Z       "env",
verify	Recover stopped G5 original compiler diagnostics	2026-10-07T17:45:19.9134281Z       "lean",
verify	Recover stopped G5 original compiler diagnostics	2026-10-07T17:45:19.9134364Z       "--trust=0",
verify	Recover stopped G5 original compiler diagnostics	2026-10-07T17:45:19.9134452Z       "-j1",
verify	Recover stopped G5 original compiler diagnostics	2026-10-07T17:45:19.9134538Z       "-M4096",
verify	Recover stopped G5 original compiler diagnostics	2026-10-07T17:45:19.9134616Z       "-R",
verify	Recover stopped G5 original compiler diagnostics	2026-10-07T17:45:19.9134743Z       "/home/runner/work/_temp/cloud-g5-build",
verify	Recover stopped G5 original compiler diagnostics	2026-10-07T17:45:19.9134943Z       "-o",
verify	Recover stopped G5 original compiler diagnostics	2026-10-07T17:45:19.9135341Z       "/home/runner/work/_temp/cloud-g5-build/.lake/build/lib/lean/UnifiedLean/Source/SourceActualHoldingClocks.olean",
verify	Recover stopped G5 original compiler diagnostics	2026-10-07T17:45:19.9135426Z       "-i",
verify	Recover stopped G5 original compiler diagnostics	2026-10-07T17:45:19.9135830Z       "/home/runner/work/_temp/cloud-g5-build/.lake/build/lib/lean/UnifiedLean/Source/SourceActualHoldingClocks.ilean",
verify	Recover stopped G5 original compiler diagnostics	2026-10-07T17:45:19.9136139Z       "/home/runner/work/_temp/cloud-g5-build/UnifiedLean/Source/SourceActualHoldingClocks.lean"
verify	Recover stopped G5 original compiler diagnostics	2026-10-07T17:45:19.9136219Z     ],
verify	Recover stopped G5 original compiler diagnostics	2026-10-07T17:45:19.9136327Z     "start_unix": 1791389773.066862,
verify	Recover stopped G5 original compiler diagnostics	2026-10-07T17:45:19.9136425Z     "end_unix": 1791389776.6380193,
verify	Recover stopped G5 original compiler diagnostics	2026-10-07T17:45:19.9136515Z     "exit": 0,
verify	Recover stopped G5 original compiler diagnostics	2026-10-07T17:45:19.9136772Z     "log_sha256": "95abd03dd7f3756d6d72811ccac82e5ade2b8dfd7a1a4dfd8eb0a3a0e1c8a99f"
verify	Recover stopped G5 original compiler diagnostics	2026-10-07T17:45:19.9136852Z   },
verify	Recover stopped G5 original compiler diagnostics	2026-10-07T17:45:19.9136925Z   {
verify	Recover stopped G5 original compiler diagnostics	2026-10-07T17:45:19.9137094Z     "name": "UnifiedLean.Source.SourceFirstMergerMark",
verify	Recover stopped G5 original compiler diagnostics	2026-10-07T17:45:19.9137193Z     "command": [
verify	Recover stopped G5 original compiler diagnostics	2026-10-07T17:45:19.9137275Z       "lake",
verify	Recover stopped G5 original compiler diagnostics	2026-10-07T17:45:19.9137360Z       "env",
verify	Recover stopped G5 original compiler diagnostics	2026-10-07T17:45:19.9137440Z       "lean",
verify	Recover stopped G5 original compiler diagnostics	2026-10-07T17:45:19.9137641Z       "--trust=0",
verify	Recover stopped G5 original compiler diagnostics	2026-10-07T17:45:19.9137721Z       "-j1",
verify	Recover stopped G5 original compiler diagnostics	2026-10-07T17:45:19.9137808Z       "-M4096",
verify	Recover stopped G5 original compiler diagnostics	2026-10-07T17:45:19.9137887Z       "-R",
verify	Recover stopped G5 original compiler diagnostics	2026-10-07T17:45:19.9138016Z       "/home/runner/work/_temp/cloud-g5-build",
verify	Recover stopped G5 original compiler diagnostics	2026-10-07T17:45:19.9138100Z       "-o",
verify	Recover stopped G5 original compiler diagnostics	2026-10-07T17:45:19.9138485Z       "/home/runner/work/_temp/cloud-g5-build/.lake/build/lib/lean/UnifiedLean/Source/SourceFirstMergerMark.olean",
verify	Recover stopped G5 original compiler diagnostics	2026-10-07T17:45:19.9138570Z       "-i",
verify	Recover stopped G5 original compiler diagnostics	2026-10-07T17:45:19.9138947Z       "/home/runner/work/_temp/cloud-g5-build/.lake/build/lib/lean/UnifiedLean/Source/SourceFirstMergerMark.ilean",
verify	Recover stopped G5 original compiler diagnostics	2026-10-07T17:45:19.9139243Z       "/home/runner/work/_temp/cloud-g5-build/UnifiedLean/Source/SourceFirstMergerMark.lean"
verify	Recover stopped G5 original compiler diagnostics	2026-10-07T17:45:19.9139320Z     ],
verify	Recover stopped G5 original compiler diagnostics	2026-10-07T17:45:19.9139432Z     "start_unix": 1791389776.6400464,
verify	Recover stopped G5 original compiler diagnostics	2026-10-07T17:45:19.9139540Z     "end_unix": 1791389780.1114905,
verify	Recover stopped G5 original compiler diagnostics	2026-10-07T17:45:19.9139623Z     "exit": 0,
verify	Recover stopped G5 original compiler diagnostics	2026-10-07T17:45:19.9139864Z     "log_sha256": "e8cd222b59cdb5ac63c535b667507077914271ec0f843fa388837c9a478e3982"
verify	Recover stopped G5 original compiler diagnostics	2026-10-07T17:45:19.9139943Z   },
verify	Recover stopped G5 original compiler diagnostics	2026-10-07T17:45:19.9140022Z   {
verify	Recover stopped G5 original compiler diagnostics	2026-10-07T17:45:19.9140212Z     "name": "UnifiedLean.Source.SourceFirstMarkDistribution",
verify	Recover stopped G5 original compiler diagnostics	2026-10-07T17:45:19.9140306Z     "command": [
verify	Recover stopped G5 original compiler diagnostics	2026-10-07T17:45:19.9140388Z       "lake",
verify	Recover stopped G5 original compiler diagnostics	2026-10-07T17:45:19.9140473Z       "env",
verify	Recover stopped G5 original compiler diagnostics	2026-10-07T17:45:19.9140556Z       "lean",
verify	Recover stopped G5 original compiler diagnostics	2026-10-07T17:45:19.9140641Z       "--trust=0",
verify	Recover stopped G5 original compiler diagnostics	2026-10-07T17:45:19.9140728Z       "-j1",
verify	Recover stopped G5 original compiler diagnostics	2026-10-07T17:45:19.9140810Z       "-M4096",
verify	Recover stopped G5 original compiler diagnostics	2026-10-07T17:45:19.9140894Z       "-R",
verify	Recover stopped G5 original compiler diagnostics	2026-10-07T17:45:19.9141019Z       "/home/runner/work/_temp/cloud-g5-build",
verify	Recover stopped G5 original compiler diagnostics	2026-10-07T17:45:19.9141102Z       "-o",
verify	Recover stopped G5 original compiler diagnostics	2026-10-07T17:45:19.9141513Z       "/home/runner/work/_temp/cloud-g5-build/.lake/build/lib/lean/UnifiedLean/Source/SourceFirstMarkDistribution.olean",
verify	Recover stopped G5 original compiler diagnostics	2026-10-07T17:45:19.9141604Z       "-i",
verify	Recover stopped G5 original compiler diagnostics	2026-10-07T17:45:19.9142005Z       "/home/runner/work/_temp/cloud-g5-build/.lake/build/lib/lean/UnifiedLean/Source/SourceFirstMarkDistribution.ilean",
verify	Recover stopped G5 original compiler diagnostics	2026-10-07T17:45:19.9142328Z       "/home/runner/work/_temp/cloud-g5-build/UnifiedLean/Source/SourceFirstMarkDistribution.lean"
verify	Recover stopped G5 original compiler diagnostics	2026-10-07T17:45:19.9142586Z     ],
verify	Recover stopped G5 original compiler diagnostics	2026-10-07T17:45:19.9142693Z     "start_unix": 1791389780.1141214,
verify	Recover stopped G5 original compiler diagnostics	2026-10-07T17:45:19.9142797Z     "end_unix": 1791389784.7917016,
verify	Recover stopped G5 original compiler diagnostics	2026-10-07T17:45:19.9142879Z     "exit": 0,
verify	Recover stopped G5 original compiler diagnostics	2026-10-07T17:45:19.9143147Z     "log_sha256": "a19b6f56c13aacc4f3971485b0e0aacdb7179fdef17fd99198b0cf4b2b55a2b4"
verify	Recover stopped G5 original compiler diagnostics	2026-10-07T17:45:19.9143226Z   },
verify	Recover stopped G5 original compiler diagnostics	2026-10-07T17:45:19.9143298Z   {
verify	Recover stopped G5 original compiler diagnostics	2026-10-07T17:45:19.9143466Z     "name": "UnifiedLean.Source.SourceExponentialRace",
verify	Recover stopped G5 original compiler diagnostics	2026-10-07T17:45:19.9143552Z     "command": [
verify	Recover stopped G5 original compiler diagnostics	2026-10-07T17:45:19.9143638Z       "lake",
verify	Recover stopped G5 original compiler diagnostics	2026-10-07T17:45:19.9143720Z       "env",
verify	Recover stopped G5 original compiler diagnostics	2026-10-07T17:45:19.9143808Z       "lean",
verify	Recover stopped G5 original compiler diagnostics	2026-10-07T17:45:19.9143893Z       "--trust=0",
verify	Recover stopped G5 original compiler diagnostics	2026-10-07T17:45:19.9144100Z       "-j1",
verify	Recover stopped G5 original compiler diagnostics	2026-10-07T17:45:19.9144186Z       "-M4096",
verify	Recover stopped G5 original compiler diagnostics	2026-10-07T17:45:19.9144265Z       "-R",
verify	Recover stopped G5 original compiler diagnostics	2026-10-07T17:45:19.9144395Z       "/home/runner/work/_temp/cloud-g5-build",
verify	Recover stopped G5 original compiler diagnostics	2026-10-07T17:45:19.9144492Z       "-o",
verify	Recover stopped G5 original compiler diagnostics	2026-10-07T17:45:19.9144883Z       "/home/runner/work/_temp/cloud-g5-build/.lake/build/lib/lean/UnifiedLean/Source/SourceExponentialRace.olean",
verify	Recover stopped G5 original compiler diagnostics	2026-10-07T17:45:19.9144963Z       "-i",
verify	Recover stopped G5 original compiler diagnostics	2026-10-07T17:45:19.9145358Z       "/home/runner/work/_temp/cloud-g5-build/.lake/build/lib/lean/UnifiedLean/Source/SourceExponentialRace.ilean",
verify	Recover stopped G5 original compiler diagnostics	2026-10-07T17:45:19.9145657Z       "/home/runner/work/_temp/cloud-g5-build/UnifiedLean/Source/SourceExponentialRace.lean"
verify	Recover stopped G5 original compiler diagnostics	2026-10-07T17:45:19.9145732Z     ],
verify	Recover stopped G5 original compiler diagnostics	2026-10-07T17:45:19.9145841Z     "start_unix": 1791389784.7938473,
verify	Recover stopped G5 original compiler diagnostics	2026-10-07T17:45:19.9145939Z     "end_unix": 1791389788.4662316,
verify	Recover stopped G5 original compiler diagnostics	2026-10-07T17:45:19.9146029Z     "exit": 0,
verify	Recover stopped G5 original compiler diagnostics	2026-10-07T17:45:19.9146275Z     "log_sha256": "0c6cb9e3f53fa8fca0de4f90c836467c683785778d8d437d5e1190cff6d258cf"
verify	Recover stopped G5 original compiler diagnostics	2026-10-07T17:45:19.9146359Z   },
verify	Recover stopped G5 original compiler diagnostics	2026-10-07T17:45:19.9146432Z   {
verify	Recover stopped G5 original compiler diagnostics	2026-10-07T17:45:19.9146637Z     "name": "UnifiedLean.Source.SourceExponentialRaceDensity",
verify	Recover stopped G5 original compiler diagnostics	2026-10-07T17:45:19.9146728Z     "command": [
verify	Recover stopped G5 original compiler diagnostics	2026-10-07T17:45:19.9146918Z       "lake",
verify	Recover stopped G5 original compiler diagnostics	2026-10-07T17:45:19.9147002Z       "env",
verify	Recover stopped G5 original compiler diagnostics	2026-10-07T17:45:19.9147082Z       "lean",
verify	Recover stopped G5 original compiler diagnostics	2026-10-07T17:45:19.9147171Z       "--trust=0",
verify	Recover stopped G5 original compiler diagnostics	2026-10-07T17:45:19.9147249Z       "-j1",
verify	Recover stopped G5 original compiler diagnostics	2026-10-07T17:45:19.9147337Z       "-M4096",
verify	Recover stopped G5 original compiler diagnostics	2026-10-07T17:45:19.9147415Z       "-R",
verify	Recover stopped G5 original compiler diagnostics	2026-10-07T17:45:19.9147548Z       "/home/runner/work/_temp/cloud-g5-build",
verify	Recover stopped G5 original compiler diagnostics	2026-10-07T17:45:19.9147633Z       "-o",
verify	Recover stopped G5 original compiler diagnostics	2026-10-07T17:45:19.9148627Z       "/home/runner/work/_temp/cloud-g5-build/.lake/build/lib/lean/UnifiedLean/Source/SourceExponentialRaceDensity.olean",
verify	Recover stopped G5 original compiler diagnostics	2026-10-07T17:45:19.9148716Z       "-i",
verify	Recover stopped G5 original compiler diagnostics	2026-10-07T17:45:19.9149131Z       "/home/runner/work/_temp/cloud-g5-build/.lake/build/lib/lean/UnifiedLean/Source/SourceExponentialRaceDensity.ilean",
verify	Recover stopped G5 original compiler diagnostics	2026-10-07T17:45:19.9149465Z       "/home/runner/work/_temp/cloud-g5-build/UnifiedLean/Source/SourceExponentialRaceDensity.lean"
verify	Recover stopped G5 original compiler diagnostics	2026-10-07T17:45:19.9149556Z     ],
verify	Recover stopped G5 original compiler diagnostics	2026-10-07T17:45:19.9149660Z     "start_unix": 1791389788.4683235,
verify	Recover stopped G5 original compiler diagnostics	2026-10-07T17:45:19.9149765Z     "end_unix": 1791389791.8897505,
verify	Recover stopped G5 original compiler diagnostics	2026-10-07T17:45:19.9149853Z     "exit": 0,
verify	Recover stopped G5 original compiler diagnostics	2026-10-07T17:45:19.9150117Z     "log_sha256": "aced579388a23afb85ac4107a8aaee284c1ab78bb7f336c6c3ff3d2006d9f5c5"
verify	Recover stopped G5 original compiler diagnostics	2026-10-07T17:45:19.9150193Z   },
verify	Recover stopped G5 original compiler diagnostics	2026-10-07T17:45:19.9150275Z   {
verify	Recover stopped G5 original compiler diagnostics	2026-10-07T17:45:19.9150466Z     "name": "UnifiedLean.Source.SourceExponentialResiduals",
verify	Recover stopped G5 original compiler diagnostics	2026-10-07T17:45:19.9150557Z     "command": [
verify	Recover stopped G5 original compiler diagnostics	2026-10-07T17:45:19.9150644Z       "lake",
verify	Recover stopped G5 original compiler diagnostics	2026-10-07T17:45:19.9150723Z       "env",
verify	Recover stopped G5 original compiler diagnostics	2026-10-07T17:45:19.9150808Z       "lean",
verify	Recover stopped G5 original compiler diagnostics	2026-10-07T17:45:19.9150894Z       "--trust=0",
verify	Recover stopped G5 original compiler diagnostics	2026-10-07T17:45:19.9150982Z       "-j1",
verify	Recover stopped G5 original compiler diagnostics	2026-10-07T17:45:19.9151066Z       "-M4096",
verify	Recover stopped G5 original compiler diagnostics	2026-10-07T17:45:19.9151151Z       "-R",
verify	Recover stopped G5 original compiler diagnostics	2026-10-07T17:45:19.9151279Z       "/home/runner/work/_temp/cloud-g5-build",
verify	Recover stopped G5 original compiler diagnostics	2026-10-07T17:45:19.9151363Z       "-o",
verify	Recover stopped G5 original compiler diagnostics	2026-10-07T17:45:19.9151782Z       "/home/runner/work/_temp/cloud-g5-build/.lake/build/lib/lean/UnifiedLean/Source/SourceExponentialResiduals.olean",
verify	Recover stopped G5 original compiler diagnostics	2026-10-07T17:45:19.9151861Z       "-i",
verify	Recover stopped G5 original compiler diagnostics	2026-10-07T17:45:19.9152273Z       "/home/runner/work/_temp/cloud-g5-build/.lake/build/lib/lean/UnifiedLean/Source/SourceExponentialResiduals.ilean",
verify	Recover stopped G5 original compiler diagnostics	2026-10-07T17:45:19.9152798Z       "/home/runner/work/_temp/cloud-g5-build/UnifiedLean/Source/SourceExponentialResiduals.lean"
verify	Recover stopped G5 original compiler diagnostics	2026-10-07T17:45:19.9152935Z     ],
verify	Recover stopped G5 original compiler diagnostics	2026-10-07T17:45:19.9153051Z     "start_unix": 1791389791.891874,
verify	Recover stopped G5 original compiler diagnostics	2026-10-07T17:45:19.9153155Z     "end_unix": 1791389795.263328,
verify	Recover stopped G5 original compiler diagnostics	2026-10-07T17:45:19.9153239Z     "exit": 0,
verify	Recover stopped G5 original compiler diagnostics	2026-10-07T17:45:19.9153484Z     "log_sha256": "540f62f4750a89d471b4da4ec7280caa92ee53720ced38229ebd731836c80e2d"
verify	Recover stopped G5 original compiler diagnostics	2026-10-07T17:45:19.9153565Z   },
verify	Recover stopped G5 original compiler diagnostics	2026-10-07T17:45:19.9153638Z   {
verify	Recover stopped G5 original compiler diagnostics	2026-10-07T17:45:19.9153816Z     "name": "UnifiedLean.Source.SourceWinningClockReset",
verify	Recover stopped G5 original compiler diagnostics	2026-10-07T17:45:19.9153900Z     "command": [
verify	Recover stopped G5 original compiler diagnostics	2026-10-07T17:45:19.9153986Z       "lake",
verify	Recover stopped G5 original compiler diagnostics	2026-10-07T17:45:19.9154228Z       "env",
verify	Recover stopped G5 original compiler diagnostics	2026-10-07T17:45:19.9154316Z       "lean",
verify	Recover stopped G5 original compiler diagnostics	2026-10-07T17:45:19.9154407Z       "--trust=0",
verify	Recover stopped G5 original compiler diagnostics	2026-10-07T17:45:19.9154486Z       "-j1",
verify	Recover stopped G5 original compiler diagnostics	2026-10-07T17:45:19.9154580Z       "-M4096",
verify	Recover stopped G5 original compiler diagnostics	2026-10-07T17:45:19.9154657Z       "-R",
verify	Recover stopped G5 original compiler diagnostics	2026-10-07T17:45:19.9154787Z       "/home/runner/work/_temp/cloud-g5-build",
verify	Recover stopped G5 original compiler diagnostics	2026-10-07T17:45:19.9154864Z       "-o",
verify	Recover stopped G5 original compiler diagnostics	2026-10-07T17:45:19.9155261Z       "/home/runner/work/_temp/cloud-g5-build/.lake/build/lib/lean/UnifiedLean/Source/SourceWinningClockReset.olean",
verify	Recover stopped G5 original compiler diagnostics	2026-10-07T17:45:19.9155346Z       "-i",
verify	Recover stopped G5 original compiler diagnostics	2026-10-07T17:45:19.9155728Z       "/home/runner/work/_temp/cloud-g5-build/.lake/build/lib/lean/UnifiedLean/Source/SourceWinningClockReset.ilean",
verify	Recover stopped G5 original compiler diagnostics	2026-10-07T17:45:19.9156026Z       "/home/runner/work/_temp/cloud-g5-build/UnifiedLean/Source/SourceWinningClockReset.lean"
verify	Recover stopped G5 original compiler diagnostics	2026-10-07T17:45:19.9156103Z     ],
verify	Recover stopped G5 original compiler diagnostics	2026-10-07T17:45:19.9156216Z     "start_unix": 1791389795.265263,
verify	Recover stopped G5 original compiler diagnostics	2026-10-07T17:45:19.9156314Z     "end_unix": 1791389798.98881,
verify	Recover stopped G5 original compiler diagnostics	2026-10-07T17:45:19.9156404Z     "exit": 0,
verify	Recover stopped G5 original compiler diagnostics	2026-10-07T17:45:19.9156654Z     "log_sha256": "c97a46ba7876c4027bbf62fe01494f552b504d5e08019448ba51ebba3d3254db"
verify	Recover stopped G5 original compiler diagnostics	2026-10-07T17:45:19.9156734Z   },
verify	Recover stopped G5 original compiler diagnostics	2026-10-07T17:45:19.9156814Z   {
verify	Recover stopped G5 original compiler diagnostics	2026-10-07T17:45:19.9157132Z     "name": "UnifiedLean.Source.SourceMergerClockCatalogue",
verify	Recover stopped G5 original compiler diagnostics	2026-10-07T17:45:19.9157225Z     "command": [
verify	Recover stopped G5 original compiler diagnostics	2026-10-07T17:45:19.9157303Z       "lake",
verify	Recover stopped G5 original compiler diagnostics	2026-10-07T17:45:19.9157388Z       "env",
verify	Recover stopped G5 original compiler diagnostics	2026-10-07T17:45:19.9157466Z       "lean",
verify	Recover stopped G5 original compiler diagnostics	2026-10-07T17:45:19.9157558Z       "--trust=0",
verify	Recover stopped G5 original compiler diagnostics	2026-10-07T17:45:19.9157644Z       "-j1",
verify	Recover stopped G5 original compiler diagnostics	2026-10-07T17:45:19.9157726Z       "-M4096",
verify	Recover stopped G5 original compiler diagnostics	2026-10-07T17:45:19.9157811Z       "-R",
verify	Recover stopped G5 original compiler diagnostics	2026-10-07T17:45:19.9157935Z       "/home/runner/work/_temp/cloud-g5-build",
verify	Recover stopped G5 original compiler diagnostics	2026-10-07T17:45:19.9158020Z       "-o",
verify	Recover stopped G5 original compiler diagnostics	2026-10-07T17:45:19.9158419Z       "/home/runner/work/_temp/cloud-g5-build/.lake/build/lib/lean/UnifiedLean/Source/SourceMergerClockCatalogue.olean",
verify	Recover stopped G5 original compiler diagnostics	2026-10-07T17:45:19.9158505Z       "-i",
verify	Recover stopped G5 original compiler diagnostics	2026-10-07T17:45:19.9158902Z       "/home/runner/work/_temp/cloud-g5-build/.lake/build/lib/lean/UnifiedLean/Source/SourceMergerClockCatalogue.ilean",
verify	Recover stopped G5 original compiler diagnostics	2026-10-07T17:45:19.9159224Z       "/home/runner/work/_temp/cloud-g5-build/UnifiedLean/Source/SourceMergerClockCatalogue.lean"
verify	Recover stopped G5 original compiler diagnostics	2026-10-07T17:45:19.9159310Z     ],
verify	Recover stopped G5 original compiler diagnostics	2026-10-07T17:45:19.9159415Z     "start_unix": 1791389798.9908786,
verify	Recover stopped G5 original compiler diagnostics	2026-10-07T17:45:19.9159519Z     "end_unix": 1791389803.3169117,
verify	Recover stopped G5 original compiler diagnostics	2026-10-07T17:45:19.9159600Z     "exit": 0,
verify	Recover stopped G5 original compiler diagnostics	2026-10-07T17:45:19.9159858Z     "log_sha256": "f80f6e9270d6ed6bc945d1fa1f2f41908573919cdc79a5b666f839592b02c82b"
verify	Recover stopped G5 original compiler diagnostics	2026-10-07T17:45:19.9159933Z   },
verify	Recover stopped G5 original compiler diagnostics	2026-10-07T17:45:19.9160012Z   {
verify	Recover stopped G5 original compiler diagnostics	2026-10-07T17:45:19.9160209Z     "name": "UnifiedLean.Source.SourceDestinationClockReset",
verify	Recover stopped G5 original compiler diagnostics	2026-10-07T17:45:19.9160294Z     "command": [
verify	Recover stopped G5 original compiler diagnostics	2026-10-07T17:45:19.9160378Z       "lake",
verify	Recover stopped G5 original compiler diagnostics	2026-10-07T17:45:19.9160458Z       "env",
verify	Recover stopped G5 original compiler diagnostics	2026-10-07T17:45:19.9160543Z       "lean",
verify	Recover stopped G5 original compiler diagnostics	2026-10-07T17:45:19.9160628Z       "--trust=0",
verify	Recover stopped G5 original compiler diagnostics	2026-10-07T17:45:19.9160710Z       "-j1",
verify	Recover stopped G5 original compiler diagnostics	2026-10-07T17:45:19.9160792Z       "-M4096",
verify	Recover stopped G5 original compiler diagnostics	2026-10-07T17:45:19.9160880Z       "-R",
verify	Recover stopped G5 original compiler diagnostics	2026-10-07T17:45:19.9161020Z       "/home/runner/work/_temp/cloud-g5-build",
verify	Recover stopped G5 original compiler diagnostics	2026-10-07T17:45:19.9161097Z       "-o",
verify	Recover stopped G5 original compiler diagnostics	2026-10-07T17:45:19.9161509Z       "/home/runner/work/_temp/cloud-g5-build/.lake/build/lib/lean/UnifiedLean/Source/SourceDestinationClockReset.olean",
verify	Recover stopped G5 original compiler diagnostics	2026-10-07T17:45:19.9161593Z       "-i",
verify	Recover stopped G5 original compiler diagnostics	2026-10-07T17:45:19.9162005Z       "/home/runner/work/_temp/cloud-g5-build/.lake/build/lib/lean/UnifiedLean/Source/SourceDestinationClockReset.ilean",
verify	Recover stopped G5 original compiler diagnostics	2026-10-07T17:45:19.9162316Z       "/home/runner/work/_temp/cloud-g5-build/UnifiedLean/Source/SourceDestinationClockReset.lean"
verify	Recover stopped G5 original compiler diagnostics	2026-10-07T17:45:19.9162537Z     ],
verify	Recover stopped G5 original compiler diagnostics	2026-10-07T17:45:19.9162652Z     "start_unix": 1791389803.3188689,
verify	Recover stopped G5 original compiler diagnostics	2026-10-07T17:45:19.9162750Z     "end_unix": 1791389806.5898714,
verify	Recover stopped G5 original compiler diagnostics	2026-10-07T17:45:19.9162839Z     "exit": 0,
verify	Recover stopped G5 original compiler diagnostics	2026-10-07T17:45:19.9163097Z     "log_sha256": "0faae2cd3d20bcb4bb9e49799073be7d89c8407fd275ffffd0b33cf3e0e2e9d9"
verify	Recover stopped G5 original compiler diagnostics	2026-10-07T17:45:19.9163179Z   },
verify	Recover stopped G5 original compiler diagnostics	2026-10-07T17:45:19.9163251Z   {
verify	Recover stopped G5 original compiler diagnostics	2026-10-07T17:45:19.9163415Z     "name": "UnifiedLean.Source.SourceEpochRenewal",
verify	Recover stopped G5 original compiler diagnostics	2026-10-07T17:45:19.9163623Z     "command": [
verify	Recover stopped G5 original compiler diagnostics	2026-10-07T17:45:19.9163711Z       "lake",
verify	Recover stopped G5 original compiler diagnostics	2026-10-07T17:45:19.9163797Z       "env",
verify	Recover stopped G5 original compiler diagnostics	2026-10-07T17:45:19.9163879Z       "lean",
verify	Recover stopped G5 original compiler diagnostics	2026-10-07T17:45:19.9163969Z       "--trust=0",
verify	Recover stopped G5 original compiler diagnostics	2026-10-07T17:45:19.9164051Z       "-j1",
verify	Recover stopped G5 original compiler diagnostics	2026-10-07T17:45:19.9164138Z       "-M4096",
verify	Recover stopped G5 original compiler diagnostics	2026-10-07T17:45:19.9164215Z       "-R",
verify	Recover stopped G5 original compiler diagnostics	2026-10-07T17:45:19.9164345Z       "/home/runner/work/_temp/cloud-g5-build",
verify	Recover stopped G5 original compiler diagnostics	2026-10-07T17:45:19.9164423Z       "-o",
verify	Recover stopped G5 original compiler diagnostics	2026-10-07T17:45:19.9164795Z       "/home/runner/work/_temp/cloud-g5-build/.lake/build/lib/lean/UnifiedLean/Source/SourceEpochRenewal.olean",
verify	Recover stopped G5 original compiler diagnostics	2026-10-07T17:45:19.9164878Z       "-i",
verify	Recover stopped G5 original compiler diagnostics	2026-10-07T17:45:19.9165250Z       "/home/runner/work/_temp/cloud-g5-build/.lake/build/lib/lean/UnifiedLean/Source/SourceEpochRenewal.ilean",
verify	Recover stopped G5 original compiler diagnostics	2026-10-07T17:45:19.9165532Z       "/home/runner/work/_temp/cloud-g5-build/UnifiedLean/Source/SourceEpochRenewal.lean"
verify	Recover stopped G5 original compiler diagnostics	2026-10-07T17:45:19.9165606Z     ],
verify	Recover stopped G5 original compiler diagnostics	2026-10-07T17:45:19.9165711Z     "start_unix": 1791389806.59209,
verify	Recover stopped G5 original compiler diagnostics	2026-10-07T17:45:19.9165819Z     "end_unix": 1791389810.464224,
verify	Recover stopped G5 original compiler diagnostics	2026-10-07T17:45:19.9165906Z     "exit": 0,
verify	Recover stopped G5 original compiler diagnostics	2026-10-07T17:45:19.9166151Z     "log_sha256": "785b63fb0e18b084b71765b90d56ae48122e7c832695749edb29027728c288f2"
verify	Recover stopped G5 original compiler diagnostics	2026-10-07T17:45:19.9166333Z   },
verify	Recover stopped G5 original compiler diagnostics	2026-10-07T17:45:19.9166412Z   {
verify	Recover stopped G5 original compiler diagnostics	2026-10-07T17:45:19.9166597Z     "name": "UnifiedLean.Source.SourceFiniteJumpExpansion",
verify	Recover stopped G5 original compiler diagnostics	2026-10-07T17:45:19.9166684Z     "command": [
verify	Recover stopped G5 original compiler diagnostics	2026-10-07T17:45:19.9166763Z       "lake",
verify	Recover stopped G5 original compiler diagnostics	2026-10-07T17:45:19.9166846Z       "env",
verify	Recover stopped G5 original compiler diagnostics	2026-10-07T17:45:19.9166925Z       "lean",
verify	Recover stopped G5 original compiler diagnostics	2026-10-07T17:45:19.9167020Z       "--trust=0",
verify	Recover stopped G5 original compiler diagnostics	2026-10-07T17:45:19.9167103Z       "-j1",
verify	Recover stopped G5 original compiler diagnostics	2026-10-07T17:45:19.9167184Z       "-M4096",
verify	Recover stopped G5 original compiler diagnostics	2026-10-07T17:45:19.9167267Z       "-R",
verify	Recover stopped G5 original compiler diagnostics	2026-10-07T17:45:19.9167392Z       "/home/runner/work/_temp/cloud-g5-build",
verify	Recover stopped G5 original compiler diagnostics	2026-10-07T17:45:19.9167474Z       "-o",
verify	Recover stopped G5 original compiler diagnostics	2026-10-07T17:45:19.9167876Z       "/home/runner/work/_temp/cloud-g5-build/.lake/build/lib/lean/UnifiedLean/Source/SourceFiniteJumpExpansion.olean",
verify	Recover stopped G5 original compiler diagnostics	2026-10-07T17:45:19.9167965Z       "-i",
verify	Recover stopped G5 original compiler diagnostics	2026-10-07T17:45:19.9168361Z       "/home/runner/work/_temp/cloud-g5-build/.lake/build/lib/lean/UnifiedLean/Source/SourceFiniteJumpExpansion.ilean",
verify	Recover stopped G5 original compiler diagnostics	2026-10-07T17:45:19.9168723Z       "/home/runner/work/_temp/cloud-g5-build/UnifiedLean/Source/SourceFiniteJumpExpansion.lean"
verify	Recover stopped G5 original compiler diagnostics	2026-10-07T17:45:19.9168803Z     ],
verify	Recover stopped G5 original compiler diagnostics	2026-10-07T17:45:19.9168905Z     "start_unix": 1791389810.4666784,
verify	Recover stopped G5 original compiler diagnostics	2026-10-07T17:45:19.9169009Z     "end_unix": 1791389813.7876315,
verify	Recover stopped G5 original compiler diagnostics	2026-10-07T17:45:19.9169091Z     "exit": 0,
verify	Recover stopped G5 original compiler diagnostics	2026-10-07T17:45:19.9169344Z     "log_sha256": "3dddba0b24d0151d3c4a31c1de7e2eb7b715c495db5f486399d069b1c2930ca5"
verify	Recover stopped G5 original compiler diagnostics	2026-10-07T17:45:19.9169418Z   },
verify	Recover stopped G5 original compiler diagnostics	2026-10-07T17:45:19.9169498Z   {
verify	Recover stopped G5 original compiler diagnostics	2026-10-07T17:45:19.9169683Z     "name": "UnifiedLean.Source.SourceRaceWinnerSelection",
verify	Recover stopped G5 original compiler diagnostics	2026-10-07T17:45:19.9169767Z     "command": [
verify	Recover stopped G5 original compiler diagnostics	2026-10-07T17:45:19.9169856Z       "lake",
verify	Recover stopped G5 original compiler diagnostics	2026-10-07T17:45:19.9169934Z       "env",
verify	Recover stopped G5 original compiler diagnostics	2026-10-07T17:45:19.9170019Z       "lean",
verify	Recover stopped G5 original compiler diagnostics	2026-10-07T17:45:19.9170104Z       "--trust=0",
verify	Recover stopped G5 original compiler diagnostics	2026-10-07T17:45:19.9170199Z       "-j1",
verify	Recover stopped G5 original compiler diagnostics	2026-10-07T17:45:19.9170280Z       "-M4096",
verify	Recover stopped G5 original compiler diagnostics	2026-10-07T17:45:19.9170362Z       "-R",
verify	Recover stopped G5 original compiler diagnostics	2026-10-07T17:45:19.9170496Z       "/home/runner/work/_temp/cloud-g5-build",
verify	Recover stopped G5 original compiler diagnostics	2026-10-07T17:45:19.9170579Z       "-o",
verify	Recover stopped G5 original compiler diagnostics	2026-10-07T17:45:19.9170980Z       "/home/runner/work/_temp/cloud-g5-build/.lake/build/lib/lean/UnifiedLean/Source/SourceRaceWinnerSelection.olean",
verify	Recover stopped G5 original compiler diagnostics	2026-10-07T17:45:19.9171062Z       "-i",
verify	Recover stopped G5 original compiler diagnostics	2026-10-07T17:45:19.9171458Z       "/home/runner/work/_temp/cloud-g5-build/.lake/build/lib/lean/UnifiedLean/Source/SourceRaceWinnerSelection.ilean",
verify	Recover stopped G5 original compiler diagnostics	2026-10-07T17:45:19.9171758Z       "/home/runner/work/_temp/cloud-g5-build/UnifiedLean/Source/SourceRaceWinnerSelection.lean"
verify	Recover stopped G5 original compiler diagnostics	2026-10-07T17:45:19.9171841Z     ],
verify	Recover stopped G5 original compiler diagnostics	2026-10-07T17:45:19.9171951Z     "start_unix": 1791389813.7897968,
verify	Recover stopped G5 original compiler diagnostics	2026-10-07T17:45:19.9172050Z     "end_unix": 1791389817.0109804,
verify	Recover stopped G5 original compiler diagnostics	2026-10-07T17:45:19.9172139Z     "exit": 0,
verify	Recover stopped G5 original compiler diagnostics	2026-10-07T17:45:19.9172515Z     "log_sha256": "aa625ca0e3198c2e18c709e18a67438776dbee49e234b742e253055eb61b306d"
verify	Recover stopped G5 original compiler diagnostics	2026-10-07T17:45:19.9172727Z   },
verify	Recover stopped G5 original compiler diagnostics	2026-10-07T17:45:19.9172801Z   {
verify	Recover stopped G5 original compiler diagnostics	2026-10-07T17:45:19.9172997Z     "name": "UnifiedLean.Source.SourceLiteralClockEndpoint",
verify	Recover stopped G5 original compiler diagnostics	2026-10-07T17:45:19.9173096Z     "command": [
verify	Recover stopped G5 original compiler diagnostics	2026-10-07T17:45:19.9173175Z       "lake",
verify	Recover stopped G5 original compiler diagnostics	2026-10-07T17:45:19.9173261Z       "env",
verify	Recover stopped G5 original compiler diagnostics	2026-10-07T17:45:19.9173339Z       "lean",
verify	Recover stopped G5 original compiler diagnostics	2026-10-07T17:45:19.9173432Z       "--trust=0",
verify	Recover stopped G5 original compiler diagnostics	2026-10-07T17:45:19.9173511Z       "-j1",
verify	Recover stopped G5 original compiler diagnostics	2026-10-07T17:45:19.9173600Z       "-M4096",
verify	Recover stopped G5 original compiler diagnostics	2026-10-07T17:45:19.9173679Z       "-R",
verify	Recover stopped G5 original compiler diagnostics	2026-10-07T17:45:19.9173812Z       "/home/runner/work/_temp/cloud-g5-build",
verify	Recover stopped G5 original compiler diagnostics	2026-10-07T17:45:19.9173899Z       "-o",
verify	Recover stopped G5 original compiler diagnostics	2026-10-07T17:45:19.9174309Z       "/home/runner/work/_temp/cloud-g5-build/.lake/build/lib/lean/UnifiedLean/Source/SourceLiteralClockEndpoint.olean",
verify	Recover stopped G5 original compiler diagnostics	2026-10-07T17:45:19.9174396Z       "-i",
verify	Recover stopped G5 original compiler diagnostics	2026-10-07T17:45:19.9174795Z       "/home/runner/work/_temp/cloud-g5-build/.lake/build/lib/lean/UnifiedLean/Source/SourceLiteralClockEndpoint.ilean",
verify	Recover stopped G5 original compiler diagnostics	2026-10-07T17:45:19.9175114Z       "/home/runner/work/_temp/cloud-g5-build/UnifiedLean/Source/SourceLiteralClockEndpoint.lean"
verify	Recover stopped G5 original compiler diagnostics	2026-10-07T17:45:19.9175199Z     ],
verify	Recover stopped G5 original compiler diagnostics	2026-10-07T17:45:19.9175308Z     "start_unix": 1791389817.0134642,
verify	Recover stopped G5 original compiler diagnostics	2026-10-07T17:45:19.9175524Z     "end_unix": 1791389820.586899,
verify	Recover stopped G5 original compiler diagnostics	2026-10-07T17:45:19.9175609Z     "exit": 0,
verify	Recover stopped G5 original compiler diagnostics	2026-10-07T17:45:19.9175855Z     "log_sha256": "984316978f8e079aaa8a7143a954389cdcbc4e3b0460a471476153738a88c7fe"
verify	Recover stopped G5 original compiler diagnostics	2026-10-07T17:45:19.9175930Z   },
verify	Recover stopped G5 original compiler diagnostics	2026-10-07T17:45:19.9176007Z   {
verify	Recover stopped G5 original compiler diagnostics	2026-10-07T17:45:19.9176129Z     "name": "G2LiteralMarkedClockTrace",
verify	Recover stopped G5 original compiler diagnostics	2026-10-07T17:45:19.9176219Z     "command": [
verify	Recover stopped G5 original compiler diagnostics	2026-10-07T17:45:19.9176298Z       "lake",
verify	Recover stopped G5 original compiler diagnostics	2026-10-07T17:45:19.9176382Z       "env",
verify	Recover stopped G5 original compiler diagnostics	2026-10-07T17:45:19.9176465Z       "lean",
verify	Recover stopped G5 original compiler diagnostics	2026-10-07T17:45:19.9176550Z       "--trust=0",
verify	Recover stopped G5 original compiler diagnostics	2026-10-07T17:45:19.9176635Z       "-j1",
verify	Recover stopped G5 original compiler diagnostics	2026-10-07T17:45:19.9176716Z       "-M4096",
verify	Recover stopped G5 original compiler diagnostics	2026-10-07T17:45:19.9176800Z       "-R",
verify	Recover stopped G5 original compiler diagnostics	2026-10-07T17:45:19.9176946Z       "/home/runner/work/_temp/cloud-g5-build/TimedG2",
verify	Recover stopped G5 original compiler diagnostics	2026-10-07T17:45:19.9177030Z       "-o",
verify	Recover stopped G5 original compiler diagnostics	2026-10-07T17:45:19.9177354Z       "/home/runner/work/_temp/cloud-g5-build/.lake/build/lib/lean/G2LiteralMarkedClockTrace.olean",
verify	Recover stopped G5 original compiler diagnostics	2026-10-07T17:45:19.9177437Z       "-i",
verify	Recover stopped G5 original compiler diagnostics	2026-10-07T17:45:19.9177756Z       "/home/runner/work/_temp/cloud-g5-build/.lake/build/lib/lean/G2LiteralMarkedClockTrace.ilean",
verify	Recover stopped G5 original compiler diagnostics	2026-10-07T17:45:19.9178016Z       "/home/runner/work/_temp/cloud-g5-build/TimedG2/G2LiteralMarkedClockTrace.lean"
verify	Recover stopped G5 original compiler diagnostics	2026-10-07T17:45:19.9178097Z     ],
verify	Recover stopped G5 original compiler diagnostics	2026-10-07T17:45:19.9178201Z     "start_unix": 1791389820.5890818,
verify	Recover stopped G5 original compiler diagnostics	2026-10-07T17:45:19.9178307Z     "end_unix": 1791389827.5683587,
verify	Recover stopped G5 original compiler diagnostics	2026-10-07T17:45:19.9178388Z     "exit": 0,
verify	Recover stopped G5 original compiler diagnostics	2026-10-07T17:45:19.9178641Z     "log_sha256": "749da35ce0cc1290ac6987e73e28259f012eb72572fd042341e9b3523550a125"
verify	Recover stopped G5 original compiler diagnostics	2026-10-07T17:45:19.9178721Z   },
verify	Recover stopped G5 original compiler diagnostics	2026-10-07T17:45:19.9178795Z   {
verify	Recover stopped G5 original compiler diagnostics	2026-10-07T17:45:19.9178915Z     "name": "G2ActualDecorationFold",
verify	Recover stopped G5 original compiler diagnostics	2026-10-07T17:45:19.9179000Z     "command": [
verify	Recover stopped G5 original compiler diagnostics	2026-10-07T17:45:19.9179087Z       "lake",
verify	Recover stopped G5 original compiler diagnostics	2026-10-07T17:45:19.9179165Z       "env",
verify	Recover stopped G5 original compiler diagnostics	2026-10-07T17:45:19.9179253Z       "lean",
verify	Recover stopped G5 original compiler diagnostics	2026-10-07T17:45:19.9179340Z       "--trust=0",
verify	Recover stopped G5 original compiler diagnostics	2026-10-07T17:45:19.9179424Z       "-j1",
verify	Recover stopped G5 original compiler diagnostics	2026-10-07T17:45:19.9179510Z       "-M4096",
verify	Recover stopped G5 original compiler diagnostics	2026-10-07T17:45:19.9179589Z       "-R",
verify	Recover stopped G5 original compiler diagnostics	2026-10-07T17:45:19.9179746Z       "/home/runner/work/_temp/cloud-g5-build/TimedG2",
verify	Recover stopped G5 original compiler diagnostics	2026-10-07T17:45:19.9179825Z       "-o",
verify	Recover stopped G5 original compiler diagnostics	2026-10-07T17:45:19.9180131Z       "/home/runner/work/_temp/cloud-g5-build/.lake/build/lib/lean/G2ActualDecorationFold.olean",
verify	Recover stopped G5 original compiler diagnostics	2026-10-07T17:45:19.9180210Z       "-i",
verify	Recover stopped G5 original compiler diagnostics	2026-10-07T17:45:19.9180510Z       "/home/runner/work/_temp/cloud-g5-build/.lake/build/lib/lean/G2ActualDecorationFold.ilean",
verify	Recover stopped G5 original compiler diagnostics	2026-10-07T17:45:19.9180757Z       "/home/runner/work/_temp/cloud-g5-build/TimedG2/G2ActualDecorationFold.lean"
verify	Recover stopped G5 original compiler diagnostics	2026-10-07T17:45:19.9180838Z     ],
verify	Recover stopped G5 original compiler diagnostics	2026-10-07T17:45:19.9180948Z     "start_unix": 1791389827.5712206,
verify	Recover stopped G5 original compiler diagnostics	2026-10-07T17:45:19.9181046Z     "end_unix": 1791389830.9425282,
verify	Recover stopped G5 original compiler diagnostics	2026-10-07T17:45:19.9181134Z     "exit": 0,
verify	Recover stopped G5 original compiler diagnostics	2026-10-07T17:45:19.9181375Z     "log_sha256": "2b1ebec7fc7a1718e4bb28a8ff2032f87342179f9fb5414b6373302ff26919e3"
verify	Recover stopped G5 original compiler diagnostics	2026-10-07T17:45:19.9181548Z   },
verify	Recover stopped G5 original compiler diagnostics	2026-10-07T17:45:19.9181622Z   {
verify	Recover stopped G5 original compiler diagnostics	2026-10-07T17:45:19.9181746Z     "name": "G2DecorationMeasurability",
verify	Recover stopped G5 original compiler diagnostics	2026-10-07T17:45:19.9181844Z     "command": [
verify	Recover stopped G5 original compiler diagnostics	2026-10-07T17:45:19.9181924Z       "lake",
verify	Recover stopped G5 original compiler diagnostics	2026-10-07T17:45:19.9182008Z       "env",
verify	Recover stopped G5 original compiler diagnostics	2026-10-07T17:45:19.9182085Z       "lean",
verify	Recover stopped G5 original compiler diagnostics	2026-10-07T17:45:19.9182173Z       "--trust=0",
verify	Recover stopped G5 original compiler diagnostics	2026-10-07T17:45:19.9182252Z       "-j1",
verify	Recover stopped G5 original compiler diagnostics	2026-10-07T17:45:19.9182508Z       "-M4096",
verify	Recover stopped G5 original compiler diagnostics	2026-10-07T17:45:19.9182593Z       "-R",
verify	Recover stopped G5 original compiler diagnostics	2026-10-07T17:45:19.9182744Z       "/home/runner/work/_temp/cloud-g5-build/TimedG2",
verify	Recover stopped G5 original compiler diagnostics	2026-10-07T17:45:19.9182828Z       "-o",
verify	Recover stopped G5 original compiler diagnostics	2026-10-07T17:45:19.9183143Z       "/home/runner/work/_temp/cloud-g5-build/.lake/build/lib/lean/G2DecorationMeasurability.olean",
verify	Recover stopped G5 original compiler diagnostics	2026-10-07T17:45:19.9183227Z       "-i",
verify	Recover stopped G5 original compiler diagnostics	2026-10-07T17:45:19.9183539Z       "/home/runner/work/_temp/cloud-g5-build/.lake/build/lib/lean/G2DecorationMeasurability.ilean",
verify	Recover stopped G5 original compiler diagnostics	2026-10-07T17:45:19.9183817Z       "/home/runner/work/_temp/cloud-g5-build/TimedG2/G2DecorationMeasurability.lean"
verify	Recover stopped G5 original compiler diagnostics	2026-10-07T17:45:19.9183933Z     ],
verify	Recover stopped G5 original compiler diagnostics	2026-10-07T17:45:19.9184044Z     "start_unix": 1791389830.9447591,
verify	Recover stopped G5 original compiler diagnostics	2026-10-07T17:45:19.9184142Z     "end_unix": 1791389834.2685108,
verify	Recover stopped G5 original compiler diagnostics	2026-10-07T17:45:19.9184353Z     "exit": 0,
verify	Recover stopped G5 original compiler diagnostics	2026-10-07T17:45:19.9184608Z     "log_sha256": "43bda4b654c83b1771a71b7183659694b1a998ebdc3855bee3b54edbb70656b0"
verify	Recover stopped G5 original compiler diagnostics	2026-10-07T17:45:19.9184683Z   },
verify	Recover stopped G5 original compiler diagnostics	2026-10-07T17:45:19.9184762Z   {
verify	Recover stopped G5 original compiler diagnostics	2026-10-07T17:45:19.9184869Z     "name": "G2MarkedTraceRenewal",
verify	Recover stopped G5 original compiler diagnostics	2026-10-07T17:45:19.9184960Z     "command": [
verify	Recover stopped G5 original compiler diagnostics	2026-10-07T17:45:19.9185039Z       "lake",
verify	Recover stopped G5 original compiler diagnostics	2026-10-07T17:45:19.9185126Z       "env",
verify	Recover stopped G5 original compiler diagnostics	2026-10-07T17:45:19.9185211Z       "lean",
verify	Recover stopped G5 original compiler diagnostics	2026-10-07T17:45:19.9185296Z       "--trust=0",
verify	Recover stopped G5 original compiler diagnostics	2026-10-07T17:45:19.9185383Z       "-j1",
verify	Recover stopped G5 original compiler diagnostics	2026-10-07T17:45:19.9185465Z       "-M4096",
verify	Recover stopped G5 original compiler diagnostics	2026-10-07T17:45:19.9185552Z       "-R",
verify	Recover stopped G5 original compiler diagnostics	2026-10-07T17:45:19.9185697Z       "/home/runner/work/_temp/cloud-g5-build/TimedG2",
verify	Recover stopped G5 original compiler diagnostics	2026-10-07T17:45:19.9185781Z       "-o",
verify	Recover stopped G5 original compiler diagnostics	2026-10-07T17:45:19.9186078Z       "/home/runner/work/_temp/cloud-g5-build/.lake/build/lib/lean/G2MarkedTraceRenewal.olean",
verify	Recover stopped G5 original compiler diagnostics	2026-10-07T17:45:19.9186169Z       "-i",
verify	Recover stopped G5 original compiler diagnostics	2026-10-07T17:45:19.9186467Z       "/home/runner/work/_temp/cloud-g5-build/.lake/build/lib/lean/G2MarkedTraceRenewal.ilean",
verify	Recover stopped G5 original compiler diagnostics	2026-10-07T17:45:19.9186711Z       "/home/runner/work/_temp/cloud-g5-build/TimedG2/G2MarkedTraceRenewal.lean"
verify	Recover stopped G5 original compiler diagnostics	2026-10-07T17:45:19.9186792Z     ],
verify	Recover stopped G5 original compiler diagnostics	2026-10-07T17:45:19.9186897Z     "start_unix": 1791389834.2719684,
verify	Recover stopped G5 original compiler diagnostics	2026-10-07T17:45:19.9187004Z     "end_unix": 1791389840.1485298,
verify	Recover stopped G5 original compiler diagnostics	2026-10-07T17:45:19.9187086Z     "exit": 0,
verify	Recover stopped G5 original compiler diagnostics	2026-10-07T17:45:19.9187331Z     "log_sha256": "9428a02081cf5420401fd94122132b52528ca965076ad80a6628c054fd573b4d"
verify	Recover stopped G5 original compiler diagnostics	2026-10-07T17:45:19.9187412Z   },
verify	Recover stopped G5 original compiler diagnostics	2026-10-07T17:45:19.9187484Z   {
verify	Recover stopped G5 original compiler diagnostics	2026-10-07T17:45:19.9187597Z     "name": "G2LiteralEpochLaw",
verify	Recover stopped G5 original compiler diagnostics	2026-10-07T17:45:19.9187685Z     "command": [
verify	Recover stopped G5 original compiler diagnostics	2026-10-07T17:45:19.9187770Z       "lake",
verify	Recover stopped G5 original compiler diagnostics	2026-10-07T17:45:19.9187849Z       "env",
verify	Recover stopped G5 original compiler diagnostics	2026-10-07T17:45:19.9187933Z       "lean",
verify	Recover stopped G5 original compiler diagnostics	2026-10-07T17:45:19.9188017Z       "--trust=0",
verify	Recover stopped G5 original compiler diagnostics	2026-10-07T17:45:19.9188103Z       "-j1",
verify	Recover stopped G5 original compiler diagnostics	2026-10-07T17:45:19.9188183Z       "-M4096",
verify	Recover stopped G5 original compiler diagnostics	2026-10-07T17:45:19.9188267Z       "-R",
verify	Recover stopped G5 original compiler diagnostics	2026-10-07T17:45:19.9188415Z       "/home/runner/work/_temp/cloud-g5-build/TimedG2",
verify	Recover stopped G5 original compiler diagnostics	2026-10-07T17:45:19.9188500Z       "-o",
verify	Recover stopped G5 original compiler diagnostics	2026-10-07T17:45:19.9188789Z       "/home/runner/work/_temp/cloud-g5-build/.lake/build/lib/lean/G2LiteralEpochLaw.olean",
verify	Recover stopped G5 original compiler diagnostics	2026-10-07T17:45:19.9188871Z       "-i",
verify	Recover stopped G5 original compiler diagnostics	2026-10-07T17:45:19.9189156Z       "/home/runner/work/_temp/cloud-g5-build/.lake/build/lib/lean/G2LiteralEpochLaw.ilean",
verify	Recover stopped G5 original compiler diagnostics	2026-10-07T17:45:19.9189389Z       "/home/runner/work/_temp/cloud-g5-build/TimedG2/G2LiteralEpochLaw.lean"
verify	Recover stopped G5 original compiler diagnostics	2026-10-07T17:45:19.9189471Z     ],
verify	Recover stopped G5 original compiler diagnostics	2026-10-07T17:45:19.9189580Z     "start_unix": 1791389840.1509633,
verify	Recover stopped G5 original compiler diagnostics	2026-10-07T17:45:19.9189678Z     "end_unix": 1791389844.8247266,
verify	Recover stopped G5 original compiler diagnostics	2026-10-07T17:45:19.9189762Z     "exit": 0,
verify	Recover stopped G5 original compiler diagnostics	2026-10-07T17:45:19.9190010Z     "log_sha256": "1b61bbd8d6e4f83e658ef9fe57c66058efa1285e37df5d3df1946f2d1ba35570"
verify	Recover stopped G5 original compiler diagnostics	2026-10-07T17:45:19.9190089Z   },
verify	Recover stopped G5 original compiler diagnostics	2026-10-07T17:45:19.9190280Z   {
verify	Recover stopped G5 original compiler diagnostics	2026-10-07T17:45:19.9190399Z     "name": "G2ActualCalendarTrace",
verify	Recover stopped G5 original compiler diagnostics	2026-10-07T17:45:19.9190487Z     "command": [
verify	Recover stopped G5 original compiler diagnostics	2026-10-07T17:45:19.9190572Z       "lake",
verify	Recover stopped G5 original compiler diagnostics	2026-10-07T17:45:19.9190664Z       "env",
verify	Recover stopped G5 original compiler diagnostics	2026-10-07T17:45:19.9190745Z       "lean",
verify	Recover stopped G5 original compiler diagnostics	2026-10-07T17:45:19.9190837Z       "--trust=0",
verify	Recover stopped G5 original compiler diagnostics	2026-10-07T17:45:19.9190918Z       "-j1",
verify	Recover stopped G5 original compiler diagnostics	2026-10-07T17:45:19.9191004Z       "-M4096",
verify	Recover stopped G5 original compiler diagnostics	2026-10-07T17:45:19.9191082Z       "-R",
verify	Recover stopped G5 original compiler diagnostics	2026-10-07T17:45:19.9191232Z       "/home/runner/work/_temp/cloud-g5-build/TimedG2",
verify	Recover stopped G5 original compiler diagnostics	2026-10-07T17:45:19.9191311Z       "-o",
verify	Recover stopped G5 original compiler diagnostics	2026-10-07T17:45:19.9191619Z       "/home/runner/work/_temp/cloud-g5-build/.lake/build/lib/lean/G2ActualCalendarTrace.olean",
verify	Recover stopped G5 original compiler diagnostics	2026-10-07T17:45:19.9191704Z       "-i",
verify	Recover stopped G5 original compiler diagnostics	2026-10-07T17:45:19.9191997Z       "/home/runner/work/_temp/cloud-g5-build/.lake/build/lib/lean/G2ActualCalendarTrace.ilean",
verify	Recover stopped G5 original compiler diagnostics	2026-10-07T17:45:19.9192248Z       "/home/runner/work/_temp/cloud-g5-build/TimedG2/G2ActualCalendarTrace.lean"
verify	Recover stopped G5 original compiler diagnostics	2026-10-07T17:45:19.9192325Z     ],
verify	Recover stopped G5 original compiler diagnostics	2026-10-07T17:45:19.9192567Z     "start_unix": 1791389844.827318,
verify	Recover stopped G5 original compiler diagnostics	2026-10-07T17:45:19.9192664Z     "end_unix": 1791389849.2509139,
verify	Recover stopped G5 original compiler diagnostics	2026-10-07T17:45:19.9192750Z     "exit": 0,
verify	Recover stopped G5 original compiler diagnostics	2026-10-07T17:45:19.9193001Z     "log_sha256": "21c1eb64bf94eeb8f441f3795a518663b9943480e1b8b1d6bbfe517b66e02e91"
verify	Recover stopped G5 original compiler diagnostics	2026-10-07T17:45:19.9193194Z   },
verify	Recover stopped G5 original compiler diagnostics	2026-10-07T17:45:19.9193275Z   {
verify	Recover stopped G5 original compiler diagnostics	2026-10-07T17:45:19.9193435Z     "name": "UnifiedLean.Source.SourceEmbeddedJumpLaw",
verify	Recover stopped G5 original compiler diagnostics	2026-10-07T17:45:19.9193524Z     "command": [
verify	Recover stopped G5 original compiler diagnostics	2026-10-07T17:45:19.9193601Z       "lake",
verify	Recover stopped G5 original compiler diagnostics	2026-10-07T17:45:19.9193687Z       "env",
verify	Recover stopped G5 original compiler diagnostics	2026-10-07T17:45:19.9193766Z       "lean",
verify	Recover stopped G5 original compiler diagnostics	2026-10-07T17:45:19.9193858Z       "--trust=0",
verify	Recover stopped G5 original compiler diagnostics	2026-10-07T17:45:19.9193944Z       "-j1",
verify	Recover stopped G5 original compiler diagnostics	2026-10-07T17:45:19.9194026Z       "-M4096",
verify	Recover stopped G5 original compiler diagnostics	2026-10-07T17:45:19.9194112Z       "-R",
verify	Recover stopped G5 original compiler diagnostics	2026-10-07T17:45:19.9194241Z       "/home/runner/work/_temp/cloud-g5-build",
verify	Recover stopped G5 original compiler diagnostics	2026-10-07T17:45:19.9194325Z       "-o",
verify	Recover stopped G5 original compiler diagnostics	2026-10-07T17:45:19.9194711Z       "/home/runner/work/_temp/cloud-g5-build/.lake/build/lib/lean/UnifiedLean/Source/SourceEmbeddedJumpLaw.olean",
verify	Recover stopped G5 original compiler diagnostics	2026-10-07T17:45:19.9194803Z       "-i",
verify	Recover stopped G5 original compiler diagnostics	2026-10-07T17:45:19.9195191Z       "/home/runner/work/_temp/cloud-g5-build/.lake/build/lib/lean/UnifiedLean/Source/SourceEmbeddedJumpLaw.ilean",
verify	Recover stopped G5 original compiler diagnostics	2026-10-07T17:45:19.9195489Z       "/home/runner/work/_temp/cloud-g5-build/UnifiedLean/Source/SourceEmbeddedJumpLaw.lean"
verify	Recover stopped G5 original compiler diagnostics	2026-10-07T17:45:19.9195570Z     ],
verify	Recover stopped G5 original compiler diagnostics	2026-10-07T17:45:19.9195676Z     "start_unix": 1791389849.2533317,
verify	Recover stopped G5 original compiler diagnostics	2026-10-07T17:45:19.9195784Z     "end_unix": 1791389852.9750197,
verify	Recover stopped G5 original compiler diagnostics	2026-10-07T17:45:19.9195868Z     "exit": 0,
verify	Recover stopped G5 original compiler diagnostics	2026-10-07T17:45:19.9196118Z     "log_sha256": "c114d42f5699e997006d06ff1f8bb7d6980706ea29b0327f1a6815a018632b7c"
verify	Recover stopped G5 original compiler diagnostics	2026-10-07T17:45:19.9196193Z   },
verify	Recover stopped G5 original compiler diagnostics	2026-10-07T17:45:19.9196274Z   {
verify	Recover stopped G5 original compiler diagnostics	2026-10-07T17:45:19.9196481Z     "name": "UnifiedLean.Source.NativeIndependentPairMixture",
verify	Recover stopped G5 original compiler diagnostics	2026-10-07T17:45:19.9196566Z     "command": [
verify	Recover stopped G5 original compiler diagnostics	2026-10-07T17:45:19.9196654Z       "lake",
verify	Recover stopped G5 original compiler diagnostics	2026-10-07T17:45:19.9196733Z       "env",
verify	Recover stopped G5 original compiler diagnostics	2026-10-07T17:45:19.9196817Z       "lean",
verify	Recover stopped G5 original compiler diagnostics	2026-10-07T17:45:19.9196903Z       "--trust=0",
verify	Recover stopped G5 original compiler diagnostics	2026-10-07T17:45:19.9196993Z       "-j1",
verify	Recover stopped G5 original compiler diagnostics	2026-10-07T17:45:19.9197074Z       "-M4096",
verify	Recover stopped G5 original compiler diagnostics	2026-10-07T17:45:19.9197157Z       "-R",
verify	Recover stopped G5 original compiler diagnostics	2026-10-07T17:45:19.9197289Z       "/home/runner/work/_temp/cloud-g5-build",
verify	Recover stopped G5 original compiler diagnostics	2026-10-07T17:45:19.9197372Z       "-o",
verify	Recover stopped G5 original compiler diagnostics	2026-10-07T17:45:19.9197796Z       "/home/runner/work/_temp/cloud-g5-build/.lake/build/lib/lean/UnifiedLean/Source/NativeIndependentPairMixture.olean",
verify	Recover stopped G5 original compiler diagnostics	2026-10-07T17:45:19.9197876Z       "-i",
verify	Recover stopped G5 original compiler diagnostics	2026-10-07T17:45:19.9198288Z       "/home/runner/work/_temp/cloud-g5-build/.lake/build/lib/lean/UnifiedLean/Source/NativeIndependentPairMixture.ilean",
verify	Recover stopped G5 original compiler diagnostics	2026-10-07T17:45:19.9198609Z       "/home/runner/work/_temp/cloud-g5-build/UnifiedLean/Source/NativeIndependentPairMixture.lean"
verify	Recover stopped G5 original compiler diagnostics	2026-10-07T17:45:19.9198688Z     ],
verify	Recover stopped G5 original compiler diagnostics	2026-10-07T17:45:19.9198795Z     "start_unix": 1791389852.9772835,
verify	Recover stopped G5 original compiler diagnostics	2026-10-07T17:45:19.9198894Z     "end_unix": 1791389856.398617,
verify	Recover stopped G5 original compiler diagnostics	2026-10-07T17:45:19.9198979Z     "exit": 0,
verify	Recover stopped G5 original compiler diagnostics	2026-10-07T17:45:19.9199218Z     "log_sha256": "36d70c955453256b283d68b6c3ed1cde1e242a886858affe485970b415dd19f0"
verify	Recover stopped G5 original compiler diagnostics	2026-10-07T17:45:19.9199422Z   },
verify	Recover stopped G5 original compiler diagnostics	2026-10-07T17:45:19.9199497Z   {
verify	Recover stopped G5 original compiler diagnostics	2026-10-07T17:45:19.9199693Z     "name": "UnifiedLean.Source.SourceNaturalInitialization",
verify	Recover stopped G5 original compiler diagnostics	2026-10-07T17:45:19.9199791Z     "command": [
verify	Recover stopped G5 original compiler diagnostics	2026-10-07T17:45:19.9199871Z       "lake",
verify	Recover stopped G5 original compiler diagnostics	2026-10-07T17:45:19.9199954Z       "env",
verify	Recover stopped G5 original compiler diagnostics	2026-10-07T17:45:19.9200033Z       "lean",
verify	Recover stopped G5 original compiler diagnostics	2026-10-07T17:45:19.9200121Z       "--trust=0",
verify	Recover stopped G5 original compiler diagnostics	2026-10-07T17:45:19.9200200Z       "-j1",
verify	Recover stopped G5 original compiler diagnostics	2026-10-07T17:45:19.9200286Z       "-M4096",
verify	Recover stopped G5 original compiler diagnostics	2026-10-07T17:45:19.9200366Z       "-R",
verify	Recover stopped G5 original compiler diagnostics	2026-10-07T17:45:19.9200496Z       "/home/runner/work/_temp/cloud-g5-build",
verify	Recover stopped G5 original compiler diagnostics	2026-10-07T17:45:19.9200581Z       "-o",
verify	Recover stopped G5 original compiler diagnostics	2026-10-07T17:45:19.9200991Z       "/home/runner/work/_temp/cloud-g5-build/.lake/build/lib/lean/UnifiedLean/Source/SourceNaturalInitialization.olean",
verify	Recover stopped G5 original compiler diagnostics	2026-10-07T17:45:19.9201075Z       "-i",
verify	Recover stopped G5 original compiler diagnostics	2026-10-07T17:45:19.9201471Z       "/home/runner/work/_temp/cloud-g5-build/.lake/build/lib/lean/UnifiedLean/Source/SourceNaturalInitialization.ilean",
verify	Recover stopped G5 original compiler diagnostics	2026-10-07T17:45:19.9201799Z       "/home/runner/work/_temp/cloud-g5-build/UnifiedLean/Source/SourceNaturalInitialization.lean"
verify	Recover stopped G5 original compiler diagnostics	2026-10-07T17:45:19.9201881Z     ],
verify	Recover stopped G5 original compiler diagnostics	2026-10-07T17:45:19.9201990Z     "start_unix": 1791389856.4010348,
verify	Recover stopped G5 original compiler diagnostics	2026-10-07T17:45:19.9202181Z     "end_unix": 1791389859.521754,
verify	Recover stopped G5 original compiler diagnostics	2026-10-07T17:45:19.9202267Z     "exit": 0,
verify	Recover stopped G5 original compiler diagnostics	2026-10-07T17:45:19.9202657Z     "log_sha256": "58d78dce2af6e04bd3ce7293acbf49e0072cfc825f4c641f8cc7eeeed0e76af7"
verify	Recover stopped G5 original compiler diagnostics	2026-10-07T17:45:19.9202735Z   },
verify	Recover stopped G5 original compiler diagnostics	2026-10-07T17:45:19.9202813Z   {
verify	Recover stopped G5 original compiler diagnostics	2026-10-07T17:45:19.9202990Z     "name": "UnifiedLean.Source.SourceAncestralCompletion",
verify	Recover stopped G5 original compiler diagnostics	2026-10-07T17:45:19.9203082Z     "command": [
verify	Recover stopped G5 original compiler diagnostics	2026-10-07T17:45:19.9203164Z       "lake",
verify	Recover stopped G5 original compiler diagnostics	2026-10-07T17:45:19.9203250Z       "env",
verify	Recover stopped G5 original compiler diagnostics	2026-10-07T17:45:19.9203337Z       "lean",
verify	Recover stopped G5 original compiler diagnostics	2026-10-07T17:45:19.9203422Z       "--trust=0",
verify	Recover stopped G5 original compiler diagnostics	2026-10-07T17:45:19.9203521Z       "-j1",
verify	Recover stopped G5 original compiler diagnostics	2026-10-07T17:45:19.9203618Z       "-M4096",
verify	Recover stopped G5 original compiler diagnostics	2026-10-07T17:45:19.9203702Z       "-R",
verify	Recover stopped G5 original compiler diagnostics	2026-10-07T17:45:19.9203829Z       "/home/runner/work/_temp/cloud-g5-build",
verify	Recover stopped G5 original compiler diagnostics	2026-10-07T17:45:19.9203920Z       "-o",
verify	Recover stopped G5 original compiler diagnostics	2026-10-07T17:45:19.9204321Z       "/home/runner/work/_temp/cloud-g5-build/.lake/build/lib/lean/UnifiedLean/Source/SourceAncestralCompletion.olean",
verify	Recover stopped G5 original compiler diagnostics	2026-10-07T17:45:19.9204413Z       "-i",
verify	Recover stopped G5 original compiler diagnostics	2026-10-07T17:45:19.9204810Z       "/home/runner/work/_temp/cloud-g5-build/.lake/build/lib/lean/UnifiedLean/Source/SourceAncestralCompletion.ilean",
verify	Recover stopped G5 original compiler diagnostics	2026-10-07T17:45:19.9205119Z       "/home/runner/work/_temp/cloud-g5-build/UnifiedLean/Source/SourceAncestralCompletion.lean"
verify	Recover stopped G5 original compiler diagnostics	2026-10-07T17:45:19.9205201Z     ],
verify	Recover stopped G5 original compiler diagnostics	2026-10-07T17:45:19.9205305Z     "start_unix": 1791389859.5268207,
verify	Recover stopped G5 original compiler diagnostics	2026-10-07T17:45:19.9205409Z     "end_unix": 1791389863.0485528,
verify	Recover stopped G5 original compiler diagnostics	2026-10-07T17:45:19.9205493Z     "exit": 0,
verify	Recover stopped G5 original compiler diagnostics	2026-10-07T17:45:19.9205745Z     "log_sha256": "e7d98cd3e6ba021e13437d90addd952ff8c75165db0c3f58e42f0311d8069ca5"
verify	Recover stopped G5 original compiler diagnostics	2026-10-07T17:45:19.9205825Z   }
verify	Recover stopped G5 original compiler diagnostics	2026-10-07T17:45:19.9205898Z ]
verify	Recover stopped G5 original compiler diagnostics	2026-10-07T17:45:19.9205909Z 
verify	Recover stopped G5 original compiler diagnostics	2026-10-07T17:45:19.9206028Z G5_ORIGINAL_SOURCE-CONTEXT.json {
verify	Recover stopped G5 original compiler diagnostics	2026-10-07T17:45:19.9206207Z   "source_commit": "a5a80af1dedc53ff060f8d521b50596851261cd4",
verify	Recover stopped G5 original compiler diagnostics	2026-10-07T17:45:19.9206339Z   "toolchain": "leanprover/lean4:v4.33.1",
verify	Recover stopped G5 original compiler diagnostics	2026-10-07T17:45:19.9206522Z   "mathlib_commit": "0df444a360eaa60ab8c11dca51a86af692955474",
verify	Recover stopped G5 original compiler diagnostics	2026-10-07T17:45:19.9206621Z   "contexts": [
verify	Recover stopped G5 original compiler diagnostics	2026-10-07T17:45:19.9207013Z     "2026-10-07-dot-g2-accepted-source-preservation-0006z/SOURCE-AND-DEPENDENCY-PINS.json",
verify	Recover stopped G5 original compiler diagnostics	2026-10-07T17:45:19.9207346Z     "2026-10-07-dot-g2-calendar-tail-source-successor-0058z/SOURCE-AND-DEPENDENCY-PINS.json",
verify	Recover stopped G5 original compiler diagnostics	2026-10-07T17:45:19.9207711Z     "2026-10-07-dot-g2-chronological-decoration-integration-0139z/SOURCE-AND-DEPENDENCY-PINS.json",
verify	Recover stopped G5 original compiler diagnostics	2026-10-07T17:45:19.9208035Z     "2026-10-07-dot-g2-age-reader-source-preservation-0253z/SOURCE-AND-DEPENDENCY-PINS.json",
verify	Recover stopped G5 original compiler diagnostics	2026-10-07T17:45:19.9208335Z     "2026-10-07-dot-g2-matrix-and-ancestral-support-0418z/SOURCE-AND-REVIEW-PINS.json",
verify	Recover stopped G5 original compiler diagnostics	2026-10-07T17:45:19.9208625Z     "2026-10-07-dot-g2-actual-calendar-pair-support-0456z/PUBLIC-DEPENDENCIES.json",
verify	Recover stopped G5 original compiler diagnostics	2026-10-07T17:45:19.9208906Z     "2026-10-07-dot-g2-strict-clock-compatibility-0645z/PUBLIC-DEPENDENCIES.json",
verify	Recover stopped G5 original compiler diagnostics	2026-10-07T17:45:19.9209345Z     "2026-10-07-dot-g2-actual-age-support-certificate-0723z/PUBLIC-SOURCE-CONTEXT.json",
verify	Recover stopped G5 original compiler diagnostics	2026-10-07T17:45:19.9209623Z     "2026-10-07-dot-g2-calendar-first-age-binding-0745z/PUBLIC-SOURCE-CONTEXT.json",
verify	Recover stopped G5 original compiler diagnostics	2026-10-07T17:45:19.9209892Z     "2026-10-07-dot-g2-complete-timed-support-0858z/PUBLIC-SOURCE-CONTEXT.json",
verify	Recover stopped G5 original compiler diagnostics	2026-10-07T17:45:19.9210210Z     "2026-10-07-dot-g2-timed-endpoint-ordinary-integration-0941z/PUBLIC-SOURCE-CONTEXT.json"
verify	Recover stopped G5 original compiler diagnostics	2026-10-07T17:45:19.9210292Z   ],
verify	Recover stopped G5 original compiler diagnostics	2026-10-07T17:45:19.9210415Z   "historical_replacements": [
verify	Recover stopped G5 original compiler diagnostics	2026-10-07T17:45:19.9210492Z     {
verify	Recover stopped G5 original compiler diagnostics	2026-10-07T17:45:19.9210609Z       "module": "G2WholeMatrixAges",
verify	Recover stopped G5 original compiler diagnostics	2026-10-07T17:45:19.9210691Z       "old": {
verify	Recover stopped G5 original compiler diagnostics	2026-10-07T17:45:19.9211094Z         "source": "research/2026-10-07-dot-g2-matrix-and-ancestral-support-0418z/sources/G2WholeMatrixAges.lean",
verify	Recover stopped G5 original compiler diagnostics	2026-10-07T17:45:19.9211359Z         "sha256": "08cbdcd35d8d98e9f3548cac3c23ad8f0e961c62ba95e0bfacbb84a8a9bc9aba",
verify	Recover stopped G5 original compiler diagnostics	2026-10-07T17:45:19.9211751Z         "authority": "research/2026-10-07-dot-g2-matrix-and-ancestral-support-0418z/SOURCE-AND-REVIEW-PINS.json"
verify	Recover stopped G5 original compiler diagnostics	2026-10-07T17:45:19.9211833Z       },
verify	Recover stopped G5 original compiler diagnostics	2026-10-07T17:45:19.9212294Z       "new_source": "research/2026-10-07-dot-g2-strict-clock-compatibility-0645z/G2WholeMatrixAges.lean",
verify	Recover stopped G5 original compiler diagnostics	2026-10-07T17:45:19.9212684Z       "new_sha256": "2c4a38c22a4fb6efa569796749eec7b00c3affd8ee1a57e33144a1bc893026b8"
verify	Recover stopped G5 original compiler diagnostics	2026-10-07T17:45:19.9212763Z     }
verify	Recover stopped G5 original compiler diagnostics	2026-10-07T17:45:19.9212842Z   ],
verify	Recover stopped G5 original compiler diagnostics	2026-10-07T17:45:19.9212922Z   "order": [
verify	Recover stopped G5 original compiler diagnostics	2026-10-07T17:45:19.9213020Z     "SourceNetwork",
verify	Recover stopped G5 original compiler diagnostics	2026-10-07T17:45:19.9213131Z     "G2LiveLineageRouting",
verify	Recover stopped G5 original compiler diagnostics	2026-10-07T17:45:19.9213232Z     "SourceLabelledForest",
verify	Recover stopped G5 original compiler diagnostics	2026-10-07T17:45:19.9213358Z     "SourceForestKingmanProjection",
verify	Recover stopped G5 original compiler diagnostics	2026-10-07T17:45:19.9213507Z     "SourceForestKingmanPopulationProjection",
verify	Recover stopped G5 original compiler diagnostics	2026-10-07T17:45:19.9213670Z     "UnifiedLean.Source.SourceForestSilentPruning",
verify	Recover stopped G5 original compiler diagnostics	2026-10-07T17:45:19.9213783Z     "G2FaithfulPairAgeDecoration",
verify	Recover stopped G5 original compiler diagnostics	2026-10-07T17:45:19.9213939Z     "UnifiedLean.Source.FiniteGenealogyEncoding",
verify	Recover stopped G5 original compiler diagnostics	2026-10-07T17:45:19.9214089Z     "UnifiedLean.Source.FiniteSourceSnapshot",
verify	Recover stopped G5 original compiler diagnostics	2026-10-07T17:45:19.9214183Z     "GraphLeaves",
verify	Recover stopped G5 original compiler diagnostics	2026-10-07T17:45:19.9214280Z     "GraphCuts",
verify	Recover stopped G5 original compiler diagnostics	2026-10-07T17:45:19.9214369Z     "G5BridgeBarrier",
verify	Recover stopped G5 original compiler diagnostics	2026-10-07T17:45:19.9214468Z     "G5CalendarRoutes",
verify	Recover stopped G5 original compiler diagnostics	2026-10-07T17:45:19.9214563Z     "G5ProtectiveBlock",
verify	Recover stopped G5 original compiler diagnostics	2026-10-07T17:45:19.9214677Z     "G5MinimalGraphInterface",
verify	Recover stopped G5 original compiler diagnostics	2026-10-07T17:45:19.9214789Z     "G6BridgeCannotEnterHybrid",
verify	Recover stopped G5 original compiler diagnostics	2026-10-07T17:45:19.9214903Z     "G5BridgeComponentEntries",
verify	Recover stopped G5 original compiler diagnostics	2026-10-07T17:45:19.9215007Z     "G5NonbridgeRouteBound",
verify	Recover stopped G5 original compiler diagnostics	2026-10-07T17:45:19.9215125Z     "G5ComponentCalendarCoverage",
verify	Recover stopped G5 original compiler diagnostics	2026-10-07T17:45:19.9215240Z     "G5ActualComponentSupport",
verify	Recover stopped G5 original compiler diagnostics	2026-10-07T17:45:19.9215349Z     "G5RootRouteCurrentSupport",
verify	Recover stopped G5 original compiler diagnostics	2026-10-07T17:45:19.9215466Z     "G5CurrentPortTwoPositions",
verify	Recover stopped G5 original compiler diagnostics	2026-10-07T17:45:19.9215583Z     "G5OriginalTipCurrentSupport",
verify	Recover stopped G5 original compiler diagnostics	2026-10-07T17:45:19.9215700Z     "G5ParentChoiceCalendar",
verify	Recover stopped G5 original compiler diagnostics	2026-10-07T17:45:19.9215803Z     "G5CoupledQuartetKernel",
verify	Recover stopped G5 original compiler diagnostics	2026-10-07T17:45:19.9215917Z     "G5FairSelectorMoments",
verify	Recover stopped G5 original compiler diagnostics	2026-10-07T17:45:19.9216021Z     "G5FairOriginalCoinLaw",
verify	Recover stopped G5 original compiler diagnostics	2026-10-07T17:45:19.9216118Z     "G5OriginalCoinPMF",
verify	Recover stopped G5 original compiler diagnostics	2026-10-07T17:45:19.9216245Z     "G5ParentPositionPushforward",
verify	Recover stopped G5 original compiler diagnostics	2026-10-07T17:45:19.9216360Z     "G5SafePastHybridDisjointness",
verify	Recover stopped G5 original compiler diagnostics	2026-10-07T17:45:19.9216487Z     "G5PairOnlySureBlockChronology",
verify	Recover stopped G5 original compiler diagnostics	2026-10-07T17:45:19.9216601Z     "G5SafePastMeetingPermanence",
verify	Recover stopped G5 original compiler diagnostics	2026-10-07T17:45:19.9216732Z     "G5ExponentialGermIdentification",
verify	Recover stopped G5 original compiler diagnostics	2026-10-07T17:45:19.9216834Z     "G5UnknownRateSupport",
verify	Recover stopped G5 original compiler diagnostics	2026-10-07T17:45:19.9216944Z     "G5OriginalRouteHazard",
verify	Recover stopped G5 original compiler diagnostics	2026-10-07T17:45:19.9217057Z     "G4TwoRootSourceStopping",
verify	Recover stopped G5 original compiler diagnostics	2026-10-07T17:45:19.9217159Z     "G1SharedRegisterStress",
verify	Recover stopped G5 original compiler diagnostics	2026-10-07T17:45:19.9217266Z     "G4FourRootPositivity",
verify	Recover stopped G5 original compiler diagnostics	2026-10-07T17:45:19.9217381Z     "G4IndependentRoutingBridge",
verify	Recover stopped G5 original compiler diagnostics	2026-10-07T17:45:19.9217490Z     "G4AllRootPairClocks",
verify	Recover stopped G5 original compiler diagnostics	2026-10-07T17:45:19.9217599Z     "G4PathResolvedMeasurement",
verify	Recover stopped G5 original compiler diagnostics	2026-10-07T17:45:19.9217746Z     "UnifiedLean.Source.NativeParentRouting",
verify	Recover stopped G5 original compiler diagnostics	2026-10-07T17:45:19.9218008Z     "UnifiedLean.Source.NativePairClockLaw",
verify	Recover stopped G5 original compiler diagnostics	2026-10-07T17:45:19.9218161Z     "UnifiedLean.Source.UniformizedSourceStep",
verify	Recover stopped G5 original compiler diagnostics	2026-10-07T17:45:19.9218275Z     "G2SourceGraftDecoration",
verify	Recover stopped G5 original compiler diagnostics	2026-10-07T17:45:19.9218468Z     "UnifiedLean.Source.SourceForestGeneratorIntertwining",
verify	Recover stopped G5 original compiler diagnostics	2026-10-07T17:45:19.9218655Z     "UnifiedLean.Source.SourceForestIntrinsicGenerator",
verify	Recover stopped G5 original compiler diagnostics	2026-10-07T17:45:19.9218822Z     "UnifiedLean.Source.SourceStepGeneratorBinding",
verify	Recover stopped G5 original compiler diagnostics	2026-10-07T17:45:19.9218996Z     "UnifiedLean.Source.MatrixProjectionExponential",
verify	Recover stopped G5 original compiler diagnostics	2026-10-07T17:45:19.9219149Z     "UnifiedLean.Source.SourceFiniteProjection",
verify	Recover stopped G5 original compiler diagnostics	2026-10-07T17:45:19.9219294Z     "UnifiedLean.Source.SourcePoissonKernel",
verify	Recover stopped G5 original compiler diagnostics	2026-10-07T17:45:19.9219465Z     "UnifiedLean.Source.SourceGeneratorExponential",
verify	Recover stopped G5 original compiler diagnostics	2026-10-07T17:45:19.9219618Z     "UnifiedLean.Source.SourcePoissonExponential",
verify	Recover stopped G5 original compiler diagnostics	2026-10-07T17:45:19.9219768Z     "UnifiedLean.Source.SourceEpochSemigroup",
verify	Recover stopped G5 original compiler diagnostics	2026-10-07T17:45:19.9219931Z     "UnifiedLean.Source.SourceCalendarCompatibility",
verify	Recover stopped G5 original compiler diagnostics	2026-10-07T17:45:19.9228001Z     "UnifiedLean.Source.SourceForestPulseTransport",
verify	Recover stopped G5 original compiler diagnostics	2026-10-07T17:45:19.9228236Z     "UnifiedLean.Source.SourceForestPulseMeasure",
verify	Recover stopped G5 original compiler diagnostics	2026-10-07T17:45:19.9228634Z     "UnifiedLean.Source.SourceForestCommonPulse",
verify	Recover stopped G5 original compiler diagnostics	2026-10-07T17:45:19.9228787Z     "UnifiedLean.Source.SourceBoundaryKernels",
verify	Recover stopped G5 original compiler diagnostics	2026-10-07T17:45:19.9228953Z     "UnifiedLean.Source.SourceBoundaryProjection",
verify	Recover stopped G5 original compiler diagnostics	2026-10-07T17:45:19.9229109Z     "UnifiedLean.Source.SourceProgramTransport",
verify	Recover stopped G5 original compiler diagnostics	2026-10-07T17:45:19.9229257Z     "UnifiedLean.Source.SourceCalendarCompiler",
verify	Recover stopped G5 original compiler diagnostics	2026-10-07T17:45:19.9229414Z     "UnifiedLean.Source.SourceBoundaryLocations",
verify	Recover stopped G5 original compiler diagnostics	2026-10-07T17:45:19.9229559Z     "UnifiedLean.Source.SourceCalendarTiming",
verify	Recover stopped G5 original compiler diagnostics	2026-10-07T17:45:19.9229755Z     "UnifiedLean.Source.SourceCalendarPhysicalSupport",
verify	Recover stopped G5 original compiler diagnostics	2026-10-07T17:45:19.9229920Z     "UnifiedLean.Source.SourceInitializedCalendar",
verify	Recover stopped G5 original compiler diagnostics	2026-10-07T17:45:19.9230080Z     "UnifiedLean.Source.SourceActualHoldingClocks",
verify	Recover stopped G5 original compiler diagnostics	2026-10-07T17:45:19.9230240Z     "UnifiedLean.Source.SourceFirstMergerMark",
verify	Recover stopped G5 original compiler diagnostics	2026-10-07T17:45:19.9230409Z     "UnifiedLean.Source.SourceFirstMarkDistribution",
verify	Recover stopped G5 original compiler diagnostics	2026-10-07T17:45:19.9230558Z     "UnifiedLean.Source.SourceExponentialRace",
verify	Recover stopped G5 original compiler diagnostics	2026-10-07T17:45:19.9230735Z     "UnifiedLean.Source.SourceExponentialRaceDensity",
verify	Recover stopped G5 original compiler diagnostics	2026-10-07T17:45:19.9230902Z     "UnifiedLean.Source.SourceExponentialResiduals",
verify	Recover stopped G5 original compiler diagnostics	2026-10-07T17:45:19.9231050Z     "UnifiedLean.Source.SourceWinningClockReset",
verify	Recover stopped G5 original compiler diagnostics	2026-10-07T17:45:19.9231214Z     "UnifiedLean.Source.SourceMergerClockCatalogue",
verify	Recover stopped G5 original compiler diagnostics	2026-10-07T17:45:19.9231387Z     "UnifiedLean.Source.SourceDestinationClockReset",
verify	Recover stopped G5 original compiler diagnostics	2026-10-07T17:45:19.9231523Z     "UnifiedLean.Source.SourceEpochRenewal",
verify	Recover stopped G5 original compiler diagnostics	2026-10-07T17:45:19.9231684Z     "UnifiedLean.Source.SourceFiniteJumpExpansion",
verify	Recover stopped G5 original compiler diagnostics	2026-10-07T17:45:19.9231839Z     "UnifiedLean.Source.SourceRaceWinnerSelection",
verify	Recover stopped G5 original compiler diagnostics	2026-10-07T17:45:19.9232005Z     "UnifiedLean.Source.SourceLiteralClockEndpoint",
verify	Recover stopped G5 original compiler diagnostics	2026-10-07T17:45:19.9232118Z     "G2LiteralMarkedClockTrace",
verify	Recover stopped G5 original compiler diagnostics	2026-10-07T17:45:19.9232239Z     "G2ActualDecorationFold",
verify	Recover stopped G5 original compiler diagnostics	2026-10-07T17:45:19.9232549Z     "G2DecorationMeasurability",
verify	Recover stopped G5 original compiler diagnostics	2026-10-07T17:45:19.9232665Z     "G2MarkedTraceRenewal",
verify	Recover stopped G5 original compiler diagnostics	2026-10-07T17:45:19.9232776Z     "G2LiteralEpochLaw",
verify	Recover stopped G5 original compiler diagnostics	2026-10-07T17:45:19.9232891Z     "G2ActualCalendarTrace",
verify	Recover stopped G5 original compiler diagnostics	2026-10-07T17:45:19.9233047Z     "UnifiedLean.Source.SourceEmbeddedJumpLaw",
verify	Recover stopped G5 original compiler diagnostics	2026-10-07T17:45:19.9233221Z     "UnifiedLean.Source.NativeIndependentPairMixture",
verify	Recover stopped G5 original compiler diagnostics	2026-10-07T17:45:19.9233389Z     "UnifiedLean.Source.SourceNaturalInitialization",
verify	Recover stopped G5 original compiler diagnostics	2026-10-07T17:45:19.9233549Z     "UnifiedLean.Source.SourceAncestralCompletion",
verify	Recover stopped G5 original compiler diagnostics	2026-10-07T17:45:19.9233651Z     "G2FiniteAncestralTrace",
verify	Recover stopped G5 original compiler diagnostics	2026-10-07T17:45:19.9233825Z     "UnifiedLean.Source.UnrankedGenealogyObservation",
verify	Recover stopped G5 original compiler diagnostics	2026-10-07T17:45:19.9233989Z     "UnifiedLean.Source.SourceCompletedUnrankedTree",
verify	Recover stopped G5 original compiler diagnostics	2026-10-07T17:45:19.9234140Z     "UnifiedLean.Source.SourceAncestralDrift",
verify	Recover stopped G5 original compiler diagnostics	2026-10-07T17:45:19.9234294Z     "UnifiedLean.Source.SourceAncestralAbsorption",
verify	Recover stopped G5 original compiler diagnostics	2026-10-07T17:45:19.9234460Z     "UnifiedLean.Source.SourceCompletionHarmonic",
verify	Recover stopped G5 original compiler diagnostics	2026-10-07T17:45:19.9234776Z     "UnifiedLean.Source.SourceEventualCompletionLimit",
verify	Recover stopped G5 original compiler diagnostics	2026-10-07T17:45:19.9234895Z     "G2AncestralTraceSourceLaw",
verify	Recover stopped G5 original compiler diagnostics	2026-10-07T17:45:19.9235023Z     "G2CompleteCalendarAttachment",
verify	Recover stopped G5 original compiler diagnostics	2026-10-07T17:45:19.9235135Z     "G2LiteralCutResidual",
verify	Recover stopped G5 original compiler diagnostics	2026-10-07T17:45:19.9235236Z     "G2MarkedTraceCuts",
verify	Recover stopped G5 original compiler diagnostics	2026-10-07T17:45:19.9235351Z     "G2MarkedTraceBudgetStability",
verify	Recover stopped G5 original compiler diagnostics	2026-10-07T17:45:19.9235464Z     "G2SameClockContinuation",
verify	Recover stopped G5 original compiler diagnostics	2026-10-07T17:45:19.9235577Z     "G2HistoryResidualAttachment",
verify	Recover stopped G5 original compiler diagnostics	2026-10-07T17:45:19.9235690Z     "G2CutFutureSourceBinding",
verify	Recover stopped G5 original compiler diagnostics	2026-10-07T17:45:19.9235802Z     "G2SameClockPastFutureLaw",
verify	Recover stopped G5 original compiler diagnostics	2026-10-07T17:45:19.9235901Z     "G2EpochHistoryReadout",
verify	Recover stopped G5 original compiler diagnostics	2026-10-07T17:45:19.9236016Z     "G2CompleteAncestralPath",
verify	Recover stopped G5 original compiler diagnostics	2026-10-07T17:45:19.9236134Z     "G2ChronologicalPathReadout",
verify	Recover stopped G5 original compiler diagnostics	2026-10-07T17:45:19.9236238Z     "G2CalendarDecoration",
verify	Recover stopped G5 original compiler diagnostics	2026-10-07T17:45:19.9236337Z     "G2CompleteDecoration",
verify	Recover stopped G5 original compiler diagnostics	2026-10-07T17:45:19.9236435Z     "G2PairBirthFold",
verify	Recover stopped G5 original compiler diagnostics	2026-10-07T17:45:19.9236542Z     "G2ClockBoundaryNull",
verify	Recover stopped G5 original compiler diagnostics	2026-10-07T17:45:19.9236643Z     "G2WholeMatrixAges",
verify	Recover stopped G5 original compiler diagnostics	2026-10-07T17:45:19.9236757Z     "G2ChronologicalDecoration",
verify	Recover stopped G5 original compiler diagnostics	2026-10-07T17:45:19.9236861Z     "G2StrictClockDecoration",
verify	Recover stopped G5 original compiler diagnostics	2026-10-07T17:45:19.9237083Z     "G2OriginalProgramSafety",
verify	Recover stopped G5 original compiler diagnostics	2026-10-07T17:45:19.9237193Z     "G2TimedBoundMeasurability",
verify	Recover stopped G5 original compiler diagnostics	2026-10-07T17:45:19.9237311Z     "G2CutResidualSourceMixture",
verify	Recover stopped G5 original compiler diagnostics	2026-10-07T17:45:19.9237476Z     "UnifiedLean.Source.SourceNaturalCompletedLimit",
verify	Recover stopped G5 original compiler diagnostics	2026-10-07T17:45:19.9237646Z     "UnifiedLean.Source.SourceCopyCarrierTransport",
verify	Recover stopped G5 original compiler diagnostics	2026-10-07T17:45:19.9237816Z     "UnifiedLean.Source.SourceSmallCarrierGenerator",
verify	Recover stopped G5 original compiler diagnostics	2026-10-07T17:45:19.9237969Z     "UnifiedLean.Source.SourceCrossCarrierEpoch",
verify	Recover stopped G5 original compiler diagnostics	2026-10-07T17:45:19.9238124Z     "UnifiedLean.Source.SourceSmallCarrierPulse",
verify	Recover stopped G5 original compiler diagnostics	2026-10-07T17:45:19.9238279Z     "UnifiedLean.Source.SourceCrossCarrierBoundary",
verify	Recover stopped G5 original compiler diagnostics	2026-10-07T17:45:19.9238440Z     "UnifiedLean.Source.SourceCrossCarrierProgram",
verify	Recover stopped G5 original compiler diagnostics	2026-10-07T17:45:19.9238541Z     "G2SourceFiniteHistory",
verify	Recover stopped G5 original compiler diagnostics	2026-10-07T17:45:19.9238657Z     "G2ActualEpochHistoryLaw",
verify	Recover stopped G5 original compiler diagnostics	2026-10-07T17:45:19.9238760Z     "G2EpochPathProjection",
verify	Recover stopped G5 original compiler diagnostics	2026-10-07T17:45:19.9238872Z     "G2ActualSegmentPathLaw",
verify	Recover stopped G5 original compiler diagnostics	2026-10-07T17:45:19.9238985Z     "G2FiniteFibreTransport",
verify	Recover stopped G5 original compiler diagnostics	2026-10-07T17:45:19.9239092Z     "G2CalendarHistoryBinding",
verify	Recover stopped G5 original compiler diagnostics	2026-10-07T17:45:19.9239208Z     "G2CalendarPathProjection",
verify	Recover stopped G5 original compiler diagnostics	2026-10-07T17:45:19.9239320Z     "G2CompletedCalendarPathLaw",
verify	Recover stopped G5 original compiler diagnostics	2026-10-07T17:45:19.9239429Z     "G2ChronologicalGluing",
verify	Recover stopped G5 original compiler diagnostics	2026-10-07T17:45:19.9239544Z     "G2ActualChronologicalPathLaw",
verify	Recover stopped G5 original compiler diagnostics	2026-10-07T17:45:19.9239652Z     "G2EventualPathReadout",
verify	Recover stopped G5 original compiler diagnostics	2026-10-07T17:45:19.9239764Z     "G2ActualPairCoalescence",
verify	Recover stopped G5 original compiler diagnostics	2026-10-07T17:45:19.9239866Z     "G2CalendarPairSupport",
verify	Recover stopped G5 original compiler diagnostics	2026-10-07T17:45:19.9239974Z     "G2RationalAgeReadout",
verify	Recover stopped G5 original compiler diagnostics	2026-10-07T17:45:19.9240077Z     "G2PairBirthThreshold",
verify	Recover stopped G5 original compiler diagnostics	2026-10-07T17:45:19.9240192Z     "G2AncestralPairSupport",
verify	Recover stopped G5 original compiler diagnostics	2026-10-07T17:45:19.9240301Z     "G2AncestralAgeCertificate",
verify	Recover stopped G5 original compiler diagnostics	2026-10-07T17:45:19.9240433Z     "G2ChronologicalTraceCompatibility",
verify	Recover stopped G5 original compiler diagnostics	2026-10-07T17:45:19.9240539Z     "G2CalendarFirstAge",
verify	Recover stopped G5 original compiler diagnostics	2026-10-07T17:45:19.9240704Z     "UnifiedLean.Source.SourceCrossCarrierNatural",
verify	Recover stopped G5 original compiler diagnostics	2026-10-07T17:45:19.9240885Z     "UnifiedLean.Source.SourceUnrankedCopyProjectivity",
verify	Recover stopped G5 original compiler diagnostics	2026-10-07T17:45:19.9241036Z     "UnifiedLean.Source.SourceUnrankedAllPanels",
verify	Recover stopped G5 original compiler diagnostics	2026-10-07T17:45:19.9241192Z     "UnifiedLean.Source.OriginalFixedIDControls",
verify	Recover stopped G5 original compiler diagnostics	2026-10-07T17:45:19.9241407Z     "UnifiedLean.Source.ControlledUnrankedSourceProjectivity",
verify	Recover stopped G5 original compiler diagnostics	2026-10-07T17:45:19.9241523Z     "G2ControlledTraceAssembly",
verify	Recover stopped G5 original compiler diagnostics	2026-10-07T17:45:19.9241634Z     "G2RegisteredPathProjection",
verify	Recover stopped G5 original compiler diagnostics	2026-10-07T17:45:19.9241743Z     "G2OriginalAbsoluteAges",
verify	Recover stopped G5 original compiler diagnostics	2026-10-07T17:45:19.9241852Z     "G2JointTimedObservation",
verify	Recover stopped G5 original compiler diagnostics	2026-10-07T17:45:19.9241957Z     "G2CompleteTimedSupport",
verify	Recover stopped G5 original compiler diagnostics	2026-10-07T17:45:19.9242069Z     "G2TimedDecorationPruning",
verify	Recover stopped G5 original compiler diagnostics	2026-10-07T17:45:19.9242175Z     "G2ChronologicalPruning",
verify	Recover stopped G5 original compiler diagnostics	2026-10-07T17:45:19.9242288Z     "G2SourcePairMatrixReadout",
verify	Recover stopped G5 original compiler diagnostics	2026-10-07T17:45:19.9242526Z     "G2CompleteTerminalReadout",
verify	Recover stopped G5 original compiler diagnostics	2026-10-07T17:45:19.9242763Z     "G2FaithfulTimedOutput",
verify	Recover stopped G5 original compiler diagnostics	2026-10-07T17:45:19.9242891Z     "G2LiteralTimedObservationPruning",
verify	Recover stopped G5 original compiler diagnostics	2026-10-07T17:45:19.9243004Z     "G2ActualTimedAllPanelLaw",
verify	Recover stopped G5 original compiler diagnostics	2026-10-07T17:45:19.9243139Z     "G5HiddenRegisterTimedProjectivity",
verify	Recover stopped G5 original compiler diagnostics	2026-10-07T17:45:19.9243263Z     "G5FrozenTriplePolynomialKernel",
verify	Recover stopped G5 original compiler diagnostics	2026-10-07T17:45:19.9243388Z     "G5FrozenTripleAnalyticSupport"
verify	Recover stopped G5 original compiler diagnostics	2026-10-07T17:45:19.9243462Z   ],
verify	Recover stopped G5 original compiler diagnostics	2026-10-07T17:45:19.9243555Z   "modules": {
verify	Recover stopped G5 original compiler diagnostics	2026-10-07T17:45:19.9243647Z     "SourceNetwork": {
verify	Recover stopped G5 original compiler diagnostics	2026-10-07T17:45:19.9244052Z       "source": "research/2026-10-04-dot-verified-lean-825-0203z/package/baseline/Imported/SourceNetwork.lean",
verify	Recover stopped G5 original compiler diagnostics	2026-10-07T17:45:19.9244323Z       "sha256": "0e0a2a3ed6bdbbd7242980a6428ebf8ec0ec85d077d2ccf9cd8dfef4e1bd2eb7",
verify	Recover stopped G5 original compiler diagnostics	2026-10-07T17:45:19.9244428Z       "authority": "baseline",
verify	Recover stopped G5 original compiler diagnostics	2026-10-07T17:45:19.9244521Z       "imports": [
verify	Recover stopped G5 original compiler diagnostics	2026-10-07T17:45:19.9244635Z         "Mathlib.Data.Fintype.Card",
verify	Recover stopped G5 original compiler diagnostics	2026-10-07T17:45:19.9244746Z         "Mathlib.Logic.Relation"
verify	Recover stopped G5 original compiler diagnostics	2026-10-07T17:45:19.9244830Z       ],
verify	Recover stopped G5 original compiler diagnostics	2026-10-07T17:45:19.9244976Z       "destination": "Imported/SourceNetwork.lean"
verify	Recover stopped G5 original compiler diagnostics	2026-10-07T17:45:19.9245052Z     },
verify	Recover stopped G5 original compiler diagnostics	2026-10-07T17:45:19.9245168Z     "G2LiveLineageRouting": {
verify	Recover stopped G5 original compiler diagnostics	2026-10-07T17:45:19.9245700Z       "source": "research/2026-10-04-dot-verified-lean-825-0203z/package/baseline/Imported/G2LiveLineageRouting.lean",
verify	Recover stopped G5 original compiler diagnostics	2026-10-07T17:45:19.9245951Z       "sha256": "bf33f6be93e61960aa637df34d1197316669d6f2ddde6d743ac405a010cb05af",
verify	Recover stopped G5 original compiler diagnostics	2026-10-07T17:45:19.9246060Z       "authority": "baseline",
verify	Recover stopped G5 original compiler diagnostics	2026-10-07T17:45:19.9246148Z       "imports": [
verify	Recover stopped G5 original compiler diagnostics	2026-10-07T17:45:19.9246247Z         "SourceNetwork",
verify	Recover stopped G5 original compiler diagnostics	2026-10-07T17:45:19.9246356Z         "Mathlib.Data.Rat.Lemmas",
verify	Recover stopped G5 original compiler diagnostics	2026-10-07T17:45:19.9246463Z         "Mathlib.Tactic.Ring"
verify	Recover stopped G5 original compiler diagnostics	2026-10-07T17:45:19.9246547Z       ],
verify	Recover stopped G5 original compiler diagnostics	2026-10-07T17:45:19.9246708Z       "destination": "TimedG2/G2LiveLineageRouting.lean"
verify	Recover stopped G5 original compiler diagnostics	2026-10-07T17:45:19.9246790Z     },
verify	Recover stopped G5 original compiler diagnostics	2026-10-07T17:45:19.9246895Z     "SourceLabelledForest": {
verify	Recover stopped G5 original compiler diagnostics	2026-10-07T17:45:19.9247303Z       "source": "research/2026-10-04-dot-verified-lean-825-0203z/package/baseline/Imported/SourceLabelledForest.lean",
verify	Recover stopped G5 original compiler diagnostics	2026-10-07T17:45:19.9247555Z       "sha256": "d6e5b2b57cf03091f8b5b5a2c80cf49de39bab938c50a467b46b30e08f12871d",
verify	Recover stopped G5 original compiler diagnostics	2026-10-07T17:45:19.9247665Z       "authority": "baseline",
verify	Recover stopped G5 original compiler diagnostics	2026-10-07T17:45:19.9247753Z       "imports": [
verify	Recover stopped G5 original compiler diagnostics	2026-10-07T17:45:19.9247857Z         "G2LiveLineageRouting",
verify	Recover stopped G5 original compiler diagnostics	2026-10-07T17:45:19.9247973Z         "Mathlib.Data.Finset.Card",
verify	Recover stopped G5 original compiler diagnostics	2026-10-07T17:45:19.9248106Z         "Mathlib.Data.Fintype.BigOperators",
verify	Recover stopped G5 original compiler diagnostics	2026-10-07T17:45:19.9248263Z         "Mathlib.Algebra.BigOperators.Ring.Finset",
verify	Recover stopped G5 original compiler diagnostics	2026-10-07T17:45:19.9248477Z         "Mathlib.Algebra.Order.BigOperators.GroupWithZero.Finset",
verify	Recover stopped G5 original compiler diagnostics	2026-10-07T17:45:19.9248661Z         "Mathlib.Algebra.Order.BigOperators.Group.Finset",
verify	Recover stopped G5 original compiler diagnostics	2026-10-07T17:45:19.9248847Z         "Mathlib.Algebra.BigOperators.GroupWithZero.Finset",
verify	Recover stopped G5 original compiler diagnostics	2026-10-07T17:45:19.9248961Z         "Lean.Elab.Tactic.Omega"
verify	Recover stopped G5 original compiler diagnostics	2026-10-07T17:45:19.9249043Z       ],
verify	Recover stopped G5 original compiler diagnostics	2026-10-07T17:45:19.9249209Z       "destination": "Imported/SourceLabelledForest.lean"
verify	Recover stopped G5 original compiler diagnostics	2026-10-07T17:45:19.9249294Z     },
verify	Recover stopped G5 original compiler diagnostics	2026-10-07T17:45:19.9249421Z     "SourceForestKingmanProjection": {
verify	Recover stopped G5 original compiler diagnostics	2026-10-07T17:45:19.9249882Z       "source": "research/2026-10-04-dot-verified-lean-825-0203z/package/baseline/Imported/SourceForestKingmanProjection.lean",
verify	Recover stopped G5 original compiler diagnostics	2026-10-07T17:45:19.9250135Z       "sha256": "781d4a7ee62e5e98fa15e056e201a2c753a2f945bd536cf9df6cb04d906511a0",
verify	Recover stopped G5 original compiler diagnostics	2026-10-07T17:45:19.9250241Z       "authority": "baseline",
verify	Recover stopped G5 original compiler diagnostics	2026-10-07T17:45:19.9250332Z       "imports": [
verify	Recover stopped G5 original compiler diagnostics	2026-10-07T17:45:19.9250436Z         "SourceLabelledForest",
verify	Recover stopped G5 original compiler diagnostics	2026-10-07T17:45:19.9250550Z         "Mathlib.Data.Real.Basic",
verify	Recover stopped G5 original compiler diagnostics	2026-10-07T17:45:19.9250667Z         "Mathlib.Data.Finset.Prod",
verify	Recover stopped G5 original compiler diagnostics	2026-10-07T17:45:19.9250848Z         "Mathlib.Algebra.BigOperators.Group.Finset.Basic",
verify	Recover stopped G5 original compiler diagnostics	2026-10-07T17:45:19.9250954Z         "Mathlib.Tactic.NormNum"
verify	Recover stopped G5 original compiler diagnostics	2026-10-07T17:45:19.9251037Z       ],
verify	Recover stopped G5 original compiler diagnostics	2026-10-07T17:45:19.9251243Z       "destination": "Imported/SourceForestKingmanProjection.lean"
verify	Recover stopped G5 original compiler diagnostics	2026-10-07T17:45:19.9251317Z     },
verify	Recover stopped G5 original compiler diagnostics	2026-10-07T17:45:19.9251558Z     "SourceForestKingmanPopulationProjection": {
verify	Recover stopped G5 original compiler diagnostics	2026-10-07T17:45:19.9252060Z       "source": "research/2026-10-04-dot-verified-lean-825-0203z/package/baseline/Imported/SourceForestKingmanPopulationProjection.lean",
verify	Recover stopped G5 original compiler diagnostics	2026-10-07T17:45:19.9252323Z       "sha256": "e8733ab8e66c60f98cfcfcd56e703b55a5ad8674dc5361f4ac6cb0c35f80f6e4",
verify	Recover stopped G5 original compiler diagnostics	2026-10-07T17:45:19.9252549Z       "authority": "baseline",
verify	Recover stopped G5 original compiler diagnostics	2026-10-07T17:45:19.9252642Z       "imports": [
verify	Recover stopped G5 original compiler diagnostics	2026-10-07T17:45:19.9252772Z         "SourceForestKingmanProjection"
verify	Recover stopped G5 original compiler diagnostics	2026-10-07T17:45:19.9252849Z       ],
verify	Recover stopped G5 original compiler diagnostics	2026-10-07T17:45:19.9253097Z       "destination": "Imported/SourceForestKingmanPopulationProjection.lean"
verify	Recover stopped G5 original compiler diagnostics	2026-10-07T17:45:19.9253173Z     },
verify	Recover stopped G5 original compiler diagnostics	2026-10-07T17:45:19.9253344Z     "UnifiedLean.Source.SourceForestSilentPruning": {
verify	Recover stopped G5 original compiler diagnostics	2026-10-07T17:45:19.9253815Z       "source": "research/2026-10-04-dot-verified-lean-825-0203z/package/baseline/UnifiedLean/Source/SourceForestSilentPruning.lean",
verify	Recover stopped G5 original compiler diagnostics	2026-10-07T17:45:19.9254082Z       "sha256": "86f61cc8ce06af574ee98b37db0ecd7c8cbc2df99e495ce1b9a66605ea8fb5c2",
verify	Recover stopped G5 original compiler diagnostics	2026-10-07T17:45:19.9254214Z       "authority": "baseline",
verify	Recover stopped G5 original compiler diagnostics	2026-10-07T17:45:19.9254300Z       "imports": [
verify	Recover stopped G5 original compiler diagnostics	2026-10-07T17:45:19.9254447Z         "SourceForestKingmanPopulationProjection"
verify	Recover stopped G5 original compiler diagnostics	2026-10-07T17:45:19.9254665Z       ],
verify	Recover stopped G5 original compiler diagnostics	2026-10-07T17:45:19.9254889Z       "destination": "UnifiedLean/Source/SourceForestSilentPruning.lean"
verify	Recover stopped G5 original compiler diagnostics	2026-10-07T17:45:19.9254966Z     },
verify	Recover stopped G5 original compiler diagnostics	2026-10-07T17:45:19.9255090Z     "G2FaithfulPairAgeDecoration": {
verify	Recover stopped G5 original compiler diagnostics	2026-10-07T17:45:19.9255521Z       "source": "research/2026-10-06-dot-g2-faithful-pair-age-foundation-2315z/source/G2FaithfulPairAgeDecoration.lean",
verify	Recover stopped G5 original compiler diagnostics	2026-10-07T17:45:19.9255770Z       "sha256": "c82708abcdae2e3e174f245dccca811881b5149f1acb69b12700850b307b5735",
verify	Recover stopped G5 original compiler diagnostics	2026-10-07T17:45:19.9256181Z       "authority": "research/2026-10-07-dot-g2-accepted-source-preservation-0006z/SOURCE-AND-DEPENDENCY-PINS.json",
verify	Recover stopped G5 original compiler diagnostics	2026-10-07T17:45:19.9256272Z       "imports": [
verify	Recover stopped G5 original compiler diagnostics	2026-10-07T17:45:19.9256441Z         "UnifiedLean.Source.SourceForestSilentPruning",
verify	Recover stopped G5 original compiler diagnostics	2026-10-07T17:45:19.9256667Z         "Mathlib.MeasureTheory.Constructions.BorelSpace.Metrizable"
verify	Recover stopped G5 original compiler diagnostics	2026-10-07T17:45:19.9256750Z       ],
verify	Recover stopped G5 original compiler diagnostics	2026-10-07T17:45:19.9256947Z       "destination": "TimedG2/G2FaithfulPairAgeDecoration.lean"
verify	Recover stopped G5 original compiler diagnostics	2026-10-07T17:45:19.9257033Z     },
verify	Recover stopped G5 original compiler diagnostics	2026-10-07T17:45:19.9257195Z     "UnifiedLean.Source.FiniteGenealogyEncoding": {
verify	Recover stopped G5 original compiler diagnostics	2026-10-07T17:45:19.9257656Z       "source": "research/2026-10-04-dot-verified-lean-825-0203z/package/baseline/UnifiedLean/Source/FiniteGenealogyEncoding.lean",
verify	Recover stopped G5 original compiler diagnostics	2026-10-07T17:45:19.9257910Z       "sha256": "3d862f8d9f9a43aed6324954ebea749001fd2b221dd90dd7d58cf4e4419fbcac",
verify	Recover stopped G5 original compiler diagnostics	2026-10-07T17:45:19.9258012Z       "authority": "baseline",
verify	Recover stopped G5 original compiler diagnostics	2026-10-07T17:45:19.9258101Z       "imports": [
verify	Recover stopped G5 original compiler diagnostics	2026-10-07T17:45:19.9258267Z         "UnifiedLean.Source.SourceForestSilentPruning",
verify	Recover stopped G5 original compiler diagnostics	2026-10-07T17:45:19.9258384Z         "Mathlib.Data.Fintype.Sum"
verify	Recover stopped G5 original compiler diagnostics	2026-10-07T17:45:19.9258463Z       ],
verify	Recover stopped G5 original compiler diagnostics	2026-10-07T17:45:19.9258673Z       "destination": "UnifiedLean/Source/FiniteGenealogyEncoding.lean"
verify	Recover stopped G5 original compiler diagnostics	2026-10-07T17:45:19.9258757Z     },
verify	Recover stopped G5 original compiler diagnostics	2026-10-07T17:45:19.9258907Z     "UnifiedLean.Source.FiniteSourceSnapshot": {
verify	Recover stopped G5 original compiler diagnostics	2026-10-07T17:45:19.9259352Z       "source": "research/2026-10-04-dot-verified-lean-825-0203z/package/baseline/UnifiedLean/Source/FiniteSourceSnapshot.lean",
verify	Recover stopped G5 original compiler diagnostics	2026-10-07T17:45:19.9259597Z       "sha256": "4628112bbbc69528748bbc93f8a3f8200bc802a6e72417fb90c39e7acd49f744",
verify	Recover stopped G5 original compiler diagnostics	2026-10-07T17:45:19.9259702Z       "authority": "baseline",
verify	Recover stopped G5 original compiler diagnostics	2026-10-07T17:45:19.9259794Z       "imports": [
verify	Recover stopped G5 original compiler diagnostics	2026-10-07T17:45:19.9259954Z         "UnifiedLean.Source.FiniteGenealogyEncoding",
verify	Recover stopped G5 original compiler diagnostics	2026-10-07T17:45:19.9260119Z         "UnifiedLean.Source.SourceForestSilentPruning"
verify	Recover stopped G5 original compiler diagnostics	2026-10-07T17:45:19.9260196Z       ],
verify	Recover stopped G5 original compiler diagnostics	2026-10-07T17:45:19.9260399Z       "destination": "UnifiedLean/Source/FiniteSourceSnapshot.lean"
verify	Recover stopped G5 original compiler diagnostics	2026-10-07T17:45:19.9260474Z     },
verify	Recover stopped G5 original compiler diagnostics	2026-10-07T17:45:19.9260570Z     "GraphLeaves": {
verify	Recover stopped G5 original compiler diagnostics	2026-10-07T17:45:19.9260937Z       "source": "research/2026-10-04-dot-verified-lean-825-0203z/package/baseline/Imported/GraphLeaves.lean",
verify	Recover stopped G5 original compiler diagnostics	2026-10-07T17:45:19.9261296Z       "sha256": "9d7e0f1756768fe32d4b38514c36bd961a306fb21dcf6b7fb27f5e6285a5f49b",
verify	Recover stopped G5 original compiler diagnostics	2026-10-07T17:45:19.9261401Z       "authority": "baseline",
verify	Recover stopped G5 original compiler diagnostics	2026-10-07T17:45:19.9261485Z       "imports": [
verify	Recover stopped G5 original compiler diagnostics	2026-10-07T17:45:19.9261589Z         "SourceNetwork",
verify	Recover stopped G5 original compiler diagnostics	2026-10-07T17:45:19.9261711Z         "Mathlib.Data.Fintype.EquivFin"
verify	Recover stopped G5 original compiler diagnostics	2026-10-07T17:45:19.9261794Z       ],
verify	Recover stopped G5 original compiler diagnostics	2026-10-07T17:45:19.9261931Z       "destination": "Imported/GraphLeaves.lean"
verify	Recover stopped G5 original compiler diagnostics	2026-10-07T17:45:19.9262007Z     },
verify	Recover stopped G5 original compiler diagnostics	2026-10-07T17:45:19.9262101Z     "GraphCuts": {
verify	Recover stopped G5 original compiler diagnostics	2026-10-07T17:45:19.9262578Z       "source": "research/2026-10-04-dot-verified-lean-825-0203z/package/baseline/Imported/GraphCuts.lean",
verify	Recover stopped G5 original compiler diagnostics	2026-10-07T17:45:19.9262830Z       "sha256": "a877489ce00643ef1bf96b14d484453797891c718445ce157aa7a54beefce2e5",
verify	Recover stopped G5 original compiler diagnostics	2026-10-07T17:45:19.9262934Z       "authority": "baseline",
verify	Recover stopped G5 original compiler diagnostics	2026-10-07T17:45:19.9263026Z       "imports": [
verify	Recover stopped G5 original compiler diagnostics	2026-10-07T17:45:19.9263118Z         "GraphLeaves"
verify	Recover stopped G5 original compiler diagnostics	2026-10-07T17:45:19.9263201Z       ],
verify	Recover stopped G5 original compiler diagnostics	2026-10-07T17:45:19.9263336Z       "destination": "Imported/GraphCuts.lean"
verify	Recover stopped G5 original compiler diagnostics	2026-10-07T17:45:19.9263420Z     },
verify	Recover stopped G5 original compiler diagnostics	2026-10-07T17:45:19.9263524Z     "G5BridgeBarrier": {
verify	Recover stopped G5 original compiler diagnostics	2026-10-07T17:45:19.9263907Z       "source": "research/2026-10-04-dot-verified-lean-825-0203z/package/baseline/Imported/G5BridgeBarrier.lean",
verify	Recover stopped G5 original compiler diagnostics	2026-10-07T17:45:19.9264280Z       "sha256": "0e2af6987c473e34c09a74ab41b3ede45ce049cbc04fde42b1d2108162467f77",
verify	Recover stopped G5 original compiler diagnostics	2026-10-07T17:45:19.9264382Z       "authority": "baseline",
verify	Recover stopped G5 original compiler diagnostics	2026-10-07T17:45:19.9264478Z       "imports": [
verify	Recover stopped G5 original compiler diagnostics	2026-10-07T17:45:19.9264576Z         "GraphCuts"
verify	Recover stopped G5 original compiler diagnostics	2026-10-07T17:45:19.9264654Z       ],
verify	Recover stopped G5 original compiler diagnostics	2026-10-07T17:45:19.9264814Z       "destination": "Imported/G5BridgeBarrier.lean"
verify	Recover stopped G5 original compiler diagnostics	2026-10-07T17:45:19.9264890Z     },
verify	Recover stopped G5 original compiler diagnostics	2026-10-07T17:45:19.9265002Z     "G5CalendarRoutes": {
verify	Recover stopped G5 original compiler diagnostics	2026-10-07T17:45:19.9265390Z       "source": "research/2026-10-04-dot-verified-lean-825-0203z/package/baseline/Imported/G5CalendarRoutes.lean",
verify	Recover stopped G5 original compiler diagnostics	2026-10-07T17:45:19.9265641Z       "sha256": "db0e9421d59009e4119ac42e7e86517ada50f5007a314fd430f4b0937f6c80fd",
verify	Recover stopped G5 original compiler diagnostics	2026-10-07T17:45:19.9265750Z       "authority": "baseline",
verify	Recover stopped G5 original compiler diagnostics	2026-10-07T17:45:19.9265842Z       "imports": [
verify	Recover stopped G5 original compiler diagnostics	2026-10-07T17:45:19.9265947Z         "G5BridgeBarrier",
verify	Recover stopped G5 original compiler diagnostics	2026-10-07T17:45:19.9266056Z         "Mathlib.Data.Real.Basic",
verify	Recover stopped G5 original compiler diagnostics	2026-10-07T17:45:19.9266176Z         "Mathlib.Tactic.Linarith"
verify	Recover stopped G5 original compiler diagnostics	2026-10-07T17:45:19.9266253Z       ],
verify	Recover stopped G5 original compiler diagnostics	2026-10-07T17:45:19.9266406Z       "destination": "Imported/G5CalendarRoutes.lean"
verify	Recover stopped G5 original compiler diagnostics	2026-10-07T17:45:19.9266481Z     },
verify	Recover stopped G5 original compiler diagnostics	2026-10-07T17:45:19.9266583Z     "G5ProtectiveBlock": {
verify	Recover stopped G5 original compiler diagnostics	2026-10-07T17:45:19.9266974Z       "source": "research/2026-10-04-dot-verified-lean-825-0203z/package/baseline/Imported/G5ProtectiveBlock.lean",
verify	Recover stopped G5 original compiler diagnostics	2026-10-07T17:45:19.9267207Z       "sha256": "45d1f8284504ee2b591c4d56654ce7375e3979b1a97495fc439c6f4477dcffe9",
verify	Recover stopped G5 original compiler diagnostics	2026-10-07T17:45:19.9267312Z       "authority": "baseline",
verify	Recover stopped G5 original compiler diagnostics	2026-10-07T17:45:19.9267399Z       "imports": [
verify	Recover stopped G5 original compiler diagnostics	2026-10-07T17:45:19.9267500Z         "G5CalendarRoutes"
verify	Recover stopped G5 original compiler diagnostics	2026-10-07T17:45:19.9267578Z       ],
verify	Recover stopped G5 original compiler diagnostics	2026-10-07T17:45:19.9267783Z       "destination": "Imported/G5ProtectiveBlock.lean"
verify	Recover stopped G5 original compiler diagnostics	2026-10-07T17:45:19.9267871Z     },
verify	Recover stopped G5 original compiler diagnostics	2026-10-07T17:45:19.9267983Z     "G5MinimalGraphInterface": {
verify	Recover stopped G5 original compiler diagnostics	2026-10-07T17:45:19.9268406Z       "source": "research/2026-10-04-dot-verified-lean-825-0203z/package/baseline/Imported/G5MinimalGraphInterface.lean",
verify	Recover stopped G5 original compiler diagnostics	2026-10-07T17:45:19.9268653Z       "sha256": "20e09481ee4518de56cf201c978d98b4cec0d94c0fbfebd40008d3a3fa799281",
verify	Recover stopped G5 original compiler diagnostics	2026-10-07T17:45:19.9268757Z       "authority": "baseline",
verify	Recover stopped G5 original compiler diagnostics	2026-10-07T17:45:19.9268843Z       "imports": [
verify	Recover stopped G5 original compiler diagnostics	2026-10-07T17:45:19.9268934Z         "GraphCuts"
verify	Recover stopped G5 original compiler diagnostics	2026-10-07T17:45:19.9269013Z       ],
verify	Recover stopped G5 original compiler diagnostics	2026-10-07T17:45:19.9269192Z       "destination": "Imported/G5MinimalGraphInterface.lean"
verify	Recover stopped G5 original compiler diagnostics	2026-10-07T17:45:19.9269273Z     },
verify	Recover stopped G5 original compiler diagnostics	2026-10-07T17:45:19.9269385Z     "G6BridgeCannotEnterHybrid": {
verify	Recover stopped G5 original compiler diagnostics	2026-10-07T17:45:19.9269817Z       "source": "research/2026-10-04-dot-verified-lean-825-0203z/package/baseline/Imported/G6BridgeCannotEnterHybrid.lean",
verify	Recover stopped G5 original compiler diagnostics	2026-10-07T17:45:19.9270061Z       "sha256": "60befd0f3660e56b46ca80f17a0c11f8ecd415833d0d52fad5ecafef7df6389e",
verify	Recover stopped G5 original compiler diagnostics	2026-10-07T17:45:19.9270284Z       "authority": "baseline",
verify	Recover stopped G5 original compiler diagnostics	2026-10-07T17:45:19.9270372Z       "imports": [
verify	Recover stopped G5 original compiler diagnostics	2026-10-07T17:45:19.9270486Z         "G5MinimalGraphInterface",
verify	Recover stopped G5 original compiler diagnostics	2026-10-07T17:45:19.9270594Z         "G2LiveLineageRouting"
verify	Recover stopped G5 original compiler diagnostics	2026-10-07T17:45:19.9270674Z       ],
verify	Recover stopped G5 original compiler diagnostics	2026-10-07T17:45:19.9270860Z       "destination": "Imported/G6BridgeCannotEnterHybrid.lean"
verify	Recover stopped G5 original compiler diagnostics	2026-10-07T17:45:19.9270937Z     },
verify	Recover stopped G5 original compiler diagnostics	2026-10-07T17:45:19.9271054Z     "G5BridgeComponentEntries": {
verify	Recover stopped G5 original compiler diagnostics	2026-10-07T17:45:19.9271477Z       "source": "research/2026-10-04-dot-verified-lean-825-0203z/package/baseline/Imported/G5BridgeComponentEntries.lean",
verify	Recover stopped G5 original compiler diagnostics	2026-10-07T17:45:19.9271722Z       "sha256": "286bcf82d6f79056a8d0d443aa6d4f19c7ca5a72669e62d8f2f4868ef0d6acc6",
verify	Recover stopped G5 original compiler diagnostics	2026-10-07T17:45:19.9271828Z       "authority": "baseline",
verify	Recover stopped G5 original compiler diagnostics	2026-10-07T17:45:19.9271915Z       "imports": [
verify	Recover stopped G5 original compiler diagnostics	2026-10-07T17:45:19.9272032Z         "G6BridgeCannotEnterHybrid",
verify	Recover stopped G5 original compiler diagnostics	2026-10-07T17:45:19.9272128Z         "G5CalendarRoutes"
verify	Recover stopped G5 original compiler diagnostics	2026-10-07T17:45:19.9272213Z       ],
verify	Recover stopped G5 original compiler diagnostics	2026-10-07T17:45:19.9272507Z       "destination": "Imported/G5BridgeComponentEntries.lean"
verify	Recover stopped G5 original compiler diagnostics	2026-10-07T17:45:19.9272600Z     },
verify	Recover stopped G5 original compiler diagnostics	2026-10-07T17:45:19.9272706Z     "G5NonbridgeRouteBound": {
verify	Recover stopped G5 original compiler diagnostics	2026-10-07T17:45:19.9273119Z       "source": "research/2026-10-04-dot-verified-lean-825-0203z/package/baseline/Imported/G5NonbridgeRouteBound.lean",
verify	Recover stopped G5 original compiler diagnostics	2026-10-07T17:45:19.9273482Z       "sha256": "7a0c7b0010fe42167fab26da7daf366f695c448b283a211751c5dd5416920525",
verify	Recover stopped G5 original compiler diagnostics	2026-10-07T17:45:19.9273582Z       "authority": "baseline",
verify	Recover stopped G5 original compiler diagnostics	2026-10-07T17:45:19.9273672Z       "imports": [
verify	Recover stopped G5 original compiler diagnostics	2026-10-07T17:45:19.9273769Z         "G5CalendarRoutes",
verify	Recover stopped G5 original compiler diagnostics	2026-10-07T17:45:19.9273887Z         "Mathlib.Data.Fintype.Card"
verify	Recover stopped G5 original compiler diagnostics	2026-10-07T17:45:19.9273965Z       ],
verify	Recover stopped G5 original compiler diagnostics	2026-10-07T17:45:19.9274132Z       "destination": "Imported/G5NonbridgeRouteBound.lean"
verify	Recover stopped G5 original compiler diagnostics	2026-10-07T17:45:19.9274214Z     },
verify	Recover stopped G5 original compiler diagnostics	2026-10-07T17:45:19.9274329Z     "G5ComponentCalendarCoverage": {
verify	Recover stopped G5 original compiler diagnostics	2026-10-07T17:45:19.9274773Z       "source": "research/2026-10-04-dot-verified-lean-825-0203z/package/baseline/Imported/G5ComponentCalendarCoverage.lean",
verify	Recover stopped G5 original compiler diagnostics	2026-10-07T17:45:19.9275024Z       "sha256": "3d73d592d4c129b1b06f2eccd48a94fd8afe1e50f030a5eb18e8c3ddb9f12c10",
verify	Recover stopped G5 original compiler diagnostics	2026-10-07T17:45:19.9275138Z       "authority": "baseline",
verify	Recover stopped G5 original compiler diagnostics	2026-10-07T17:45:19.9275223Z       "imports": [
verify	Recover stopped G5 original compiler diagnostics	2026-10-07T17:45:19.9275348Z         "G5BridgeComponentEntries",
verify	Recover stopped G5 original compiler diagnostics	2026-10-07T17:45:19.9275461Z         "G5NonbridgeRouteBound",
verify	Recover stopped G5 original compiler diagnostics	2026-10-07T17:45:19.9275553Z         "Mathlib.Tactic"
verify	Recover stopped G5 original compiler diagnostics	2026-10-07T17:45:19.9275637Z       ],
verify	Recover stopped G5 original compiler diagnostics	2026-10-07T17:45:19.9275822Z       "destination": "Imported/G5ComponentCalendarCoverage.lean"
verify	Recover stopped G5 original compiler diagnostics	2026-10-07T17:45:19.9275904Z     },
verify	Recover stopped G5 original compiler diagnostics	2026-10-07T17:45:19.9276017Z     "G5ActualComponentSupport": {
verify	Recover stopped G5 original compiler diagnostics	2026-10-07T17:45:19.9276443Z       "source": "research/2026-10-04-dot-verified-lean-825-0203z/package/baseline/Imported/G5ActualComponentSupport.lean",
verify	Recover stopped G5 original compiler diagnostics	2026-10-07T17:45:19.9276688Z       "sha256": "5da0a86f2d1caf9b3a78a0fd75765194fa5652ad1a55c09382502d8354faaec7",
verify	Recover stopped G5 original compiler diagnostics	2026-10-07T17:45:19.9276787Z       "authority": "baseline",
verify	Recover stopped G5 original compiler diagnostics	2026-10-07T17:45:19.9276876Z       "imports": [
verify	Recover stopped G5 original compiler diagnostics	2026-10-07T17:45:19.9277001Z         "G5ComponentCalendarCoverage"
verify	Recover stopped G5 original compiler diagnostics	2026-10-07T17:45:19.9277083Z       ],
verify	Recover stopped G5 original compiler diagnostics	2026-10-07T17:45:19.9277260Z       "destination": "Imported/G5ActualComponentSupport.lean"
verify	Recover stopped G5 original compiler diagnostics	2026-10-07T17:45:19.9277351Z     },
verify	Recover stopped G5 original compiler diagnostics	2026-10-07T17:45:19.9277461Z     "G5RootRouteCurrentSupport": {
verify	Recover stopped G5 original compiler diagnostics	2026-10-07T17:45:19.9277886Z       "source": "research/2026-10-04-dot-verified-lean-825-0203z/package/baseline/Imported/G5RootRouteCurrentSupport.lean",
verify	Recover stopped G5 original compiler diagnostics	2026-10-07T17:45:19.9278127Z       "sha256": "c72a58ae14539e524c37c97193d2343158eff784557fef12a7e4b7360157b554",
verify	Recover stopped G5 original compiler diagnostics	2026-10-07T17:45:19.9278226Z       "authority": "baseline",
verify	Recover stopped G5 original compiler diagnostics	2026-10-07T17:45:19.9278317Z       "imports": [
verify	Recover stopped G5 original compiler diagnostics	2026-10-07T17:45:19.9278429Z         "G5ActualComponentSupport"
verify	Recover stopped G5 original compiler diagnostics	2026-10-07T17:45:19.9278512Z       ],
verify	Recover stopped G5 original compiler diagnostics	2026-10-07T17:45:19.9278691Z       "destination": "Imported/G5RootRouteCurrentSupport.lean"
verify	Recover stopped G5 original compiler diagnostics	2026-10-07T17:45:19.9278773Z     },
verify	Recover stopped G5 original compiler diagnostics	2026-10-07T17:45:19.9278890Z     "G5CurrentPortTwoPositions": {
verify	Recover stopped G5 original compiler diagnostics	2026-10-07T17:45:19.9279303Z       "source": "research/2026-10-04-dot-verified-lean-825-0203z/package/baseline/Imported/G5CurrentPortTwoPositions.lean",
verify	Recover stopped G5 original compiler diagnostics	2026-10-07T17:45:19.9279667Z       "sha256": "c24d3d860a5369434f6d236c37003d3045e6452fd57dd21396dd877a5a452ce9",
verify	Recover stopped G5 original compiler diagnostics	2026-10-07T17:45:19.9279773Z       "authority": "baseline",
verify	Recover stopped G5 original compiler diagnostics	2026-10-07T17:45:19.9279863Z       "imports": [
verify	Recover stopped G5 original compiler diagnostics	2026-10-07T17:45:19.9279978Z         "G5RootRouteCurrentSupport"
verify	Recover stopped G5 original compiler diagnostics	2026-10-07T17:45:19.9280056Z       ],
verify	Recover stopped G5 original compiler diagnostics	2026-10-07T17:45:19.9280236Z       "destination": "Imported/G5CurrentPortTwoPositions.lean"
verify	Recover stopped G5 original compiler diagnostics	2026-10-07T17:45:19.9280312Z     },
verify	Recover stopped G5 original compiler diagnostics	2026-10-07T17:45:19.9280437Z     "G5OriginalTipCurrentSupport": {
verify	Recover stopped G5 original compiler diagnostics	2026-10-07T17:45:19.9280874Z       "source": "research/2026-10-04-dot-verified-lean-825-0203z/package/baseline/Imported/G5OriginalTipCurrentSupport.lean",
verify	Recover stopped G5 original compiler diagnostics	2026-10-07T17:45:19.9281131Z       "sha256": "4324f00cb8db4d3c6ab0bfaa5e7283fcde521568f40d95aaddb9e32f896cdba2",
verify	Recover stopped G5 original compiler diagnostics	2026-10-07T17:45:19.9281231Z       "authority": "baseline",
verify	Recover stopped G5 original compiler diagnostics	2026-10-07T17:45:19.9281323Z       "imports": [
verify	Recover stopped G5 original compiler diagnostics	2026-10-07T17:45:19.9281438Z         "G5CurrentPortTwoPositions"
verify	Recover stopped G5 original compiler diagnostics	2026-10-07T17:45:19.9281519Z       ],
verify	Recover stopped G5 original compiler diagnostics	2026-10-07T17:45:19.9281711Z       "destination": "Imported/G5OriginalTipCurrentSupport.lean"
verify	Recover stopped G5 original compiler diagnostics	2026-10-07T17:45:19.9281787Z     },
verify	Recover stopped G5 original compiler diagnostics	2026-10-07T17:45:19.9281982Z     "G5ParentChoiceCalendar": {
verify	Recover stopped G5 original compiler diagnostics	2026-10-07T17:45:19.9282542Z       "source": "research/2026-10-04-dot-verified-lean-825-0203z/package/baseline/Imported/G5ParentChoiceCalendar.lean",
verify	Recover stopped G5 original compiler diagnostics	2026-10-07T17:45:19.9282787Z       "sha256": "357d5e59016672583318546b03bebb04ccdd5fbf95247cab22c98465dbf715b9",
verify	Recover stopped G5 original compiler diagnostics	2026-10-07T17:45:19.9282888Z       "authority": "baseline",
verify	Recover stopped G5 original compiler diagnostics	2026-10-07T17:45:19.9282970Z       "imports": [
verify	Recover stopped G5 original compiler diagnostics	2026-10-07T17:45:19.9283093Z         "G5OriginalTipCurrentSupport"
verify	Recover stopped G5 original compiler diagnostics	2026-10-07T17:45:19.9283168Z       ],
verify	Recover stopped G5 original compiler diagnostics	2026-10-07T17:45:19.9283343Z       "destination": "Imported/G5ParentChoiceCalendar.lean"
verify	Recover stopped G5 original compiler diagnostics	2026-10-07T17:45:19.9283417Z     },
verify	Recover stopped G5 original compiler diagnostics	2026-10-07T17:45:19.9283530Z     "G5CoupledQuartetKernel": {
verify	Recover stopped G5 original compiler diagnostics	2026-10-07T17:45:19.9283934Z       "source": "research/2026-10-04-dot-verified-lean-825-0203z/package/baseline/Imported/G5CoupledQuartetKernel.lean",
verify	Recover stopped G5 original compiler diagnostics	2026-10-07T17:45:19.9284175Z       "sha256": "f9275364f5777a968c37ce39c24ea95179d23b4e54414463a62a4860c33361c1",
verify	Recover stopped G5 original compiler diagnostics	2026-10-07T17:45:19.9284280Z       "authority": "baseline",
verify	Recover stopped G5 original compiler diagnostics	2026-10-07T17:45:19.9284374Z       "imports": [
verify	Recover stopped G5 original compiler diagnostics	2026-10-07T17:45:19.9284470Z         "Mathlib.Tactic"
verify	Recover stopped G5 original compiler diagnostics	2026-10-07T17:45:19.9284545Z       ],
verify	Recover stopped G5 original compiler diagnostics	2026-10-07T17:45:19.9284713Z       "destination": "Imported/G5CoupledQuartetKernel.lean"
verify	Recover stopped G5 original compiler diagnostics	2026-10-07T17:45:19.9284792Z     },
verify	Recover stopped G5 original compiler diagnostics	2026-10-07T17:45:19.9284901Z     "G5FairSelectorMoments": {
verify	Recover stopped G5 original compiler diagnostics	2026-10-07T17:45:19.9285301Z       "source": "research/2026-10-04-dot-verified-lean-825-0203z/package/baseline/Imported/G5FairSelectorMoments.lean",
verify	Recover stopped G5 original compiler diagnostics	2026-10-07T17:45:19.9285543Z       "sha256": "97a29621340a7dd103409ee8ce84675560f4b8e03aa7db63314ca24b337be71f",
verify	Recover stopped G5 original compiler diagnostics	2026-10-07T17:45:19.9285650Z       "authority": "baseline",
verify	Recover stopped G5 original compiler diagnostics	2026-10-07T17:45:19.9285735Z       "imports": [
verify	Recover stopped G5 original compiler diagnostics	2026-10-07T17:45:19.9285846Z         "G5CoupledQuartetKernel",
verify	Recover stopped G5 original compiler diagnostics	2026-10-07T17:45:19.9286000Z         "Mathlib.Probability.Distributions.Uniform"
verify	Recover stopped G5 original compiler diagnostics	2026-10-07T17:45:19.9286083Z       ],
verify	Recover stopped G5 original compiler diagnostics	2026-10-07T17:45:19.9286247Z       "destination": "Imported/G5FairSelectorMoments.lean"
verify	Recover stopped G5 original compiler diagnostics	2026-10-07T17:45:19.9286322Z     },
verify	Recover stopped G5 original compiler diagnostics	2026-10-07T17:45:19.9286441Z     "G5FairOriginalCoinLaw": {
verify	Recover stopped G5 original compiler diagnostics	2026-10-07T17:45:19.9286833Z       "source": "research/2026-10-04-dot-verified-lean-825-0203z/package/baseline/Imported/G5FairOriginalCoinLaw.lean",
verify	Recover stopped G5 original compiler diagnostics	2026-10-07T17:45:19.9287078Z       "sha256": "6a8905aa53481bdc37914e5d01197af12a9ddde1ffc42fc4b896603a6b61aa8e",
verify	Recover stopped G5 original compiler diagnostics	2026-10-07T17:45:19.9287177Z       "authority": "baseline",
verify	Recover stopped G5 original compiler diagnostics	2026-10-07T17:45:19.9287269Z       "imports": [
verify	Recover stopped G5 original compiler diagnostics	2026-10-07T17:45:19.9287374Z         "SourceLabelledForest",
verify	Recover stopped G5 original compiler diagnostics	2026-10-07T17:45:19.9287481Z         "G5FairSelectorMoments",
verify	Recover stopped G5 original compiler diagnostics	2026-10-07T17:45:19.9287612Z         "Mathlib.Data.Rat.BigOperators",
verify	Recover stopped G5 original compiler diagnostics	2026-10-07T17:45:19.9287745Z         "Mathlib.Data.ENNReal.BigOperators",
verify	Recover stopped G5 original compiler diagnostics	2026-10-07T17:45:19.9287920Z         "Mathlib.Algebra.BigOperators.Group.Finset.Sigma"
verify	Recover stopped G5 original compiler diagnostics	2026-10-07T17:45:19.9287995Z       ],
verify	Recover stopped G5 original compiler diagnostics	2026-10-07T17:45:19.9288158Z       "destination": "Imported/G5FairOriginalCoinLaw.lean"
verify	Recover stopped G5 original compiler diagnostics	2026-10-07T17:45:19.9288360Z     },
verify	Recover stopped G5 original compiler diagnostics	2026-10-07T17:45:19.9288460Z     "G5OriginalCoinPMF": {
verify	Recover stopped G5 original compiler diagnostics	2026-10-07T17:45:19.9288853Z       "source": "research/2026-10-04-dot-verified-lean-825-0203z/package/baseline/Imported/G5OriginalCoinPMF.lean",
verify	Recover stopped G5 original compiler diagnostics	2026-10-07T17:45:19.9289100Z       "sha256": "ae0e933761b49e5ca244a1756b77ba3c0e545bf1aa33ca75d51fc8caf8a1b5c1",
verify	Recover stopped G5 original compiler diagnostics	2026-10-07T17:45:19.9289207Z       "authority": "baseline",
verify	Recover stopped G5 original compiler diagnostics	2026-10-07T17:45:19.9289290Z       "imports": [
verify	Recover stopped G5 original compiler diagnostics	2026-10-07T17:45:19.9289399Z         "G5FairOriginalCoinLaw"
verify	Recover stopped G5 original compiler diagnostics	2026-10-07T17:45:19.9289474Z       ],
verify	Recover stopped G5 original compiler diagnostics	2026-10-07T17:45:19.9289629Z       "destination": "Imported/G5OriginalCoinPMF.lean"
verify	Recover stopped G5 original compiler diagnostics	2026-10-07T17:45:19.9289709Z     },
verify	Recover stopped G5 original compiler diagnostics	2026-10-07T17:45:19.9289828Z     "G5ParentPositionPushforward": {
verify	Recover stopped G5 original compiler diagnostics	2026-10-07T17:45:19.9290264Z       "source": "research/2026-10-04-dot-verified-lean-825-0203z/package/baseline/Imported/G5ParentPositionPushforward.lean",
verify	Recover stopped G5 original compiler diagnostics	2026-10-07T17:45:19.9290505Z       "sha256": "4f81aef02bb0f225aea6b377757f9282d336da685eb3e728dad1cf133f83d8db",
verify	Recover stopped G5 original compiler diagnostics	2026-10-07T17:45:19.9290613Z       "authority": "baseline",
verify	Recover stopped G5 original compiler diagnostics	2026-10-07T17:45:19.9290699Z       "imports": [
verify	Recover stopped G5 original compiler diagnostics	2026-10-07T17:45:19.9290814Z         "G5ParentChoiceCalendar",
verify	Recover stopped G5 original compiler diagnostics	2026-10-07T17:45:19.9291022Z         "G5OriginalCoinPMF"
verify	Recover stopped G5 original compiler diagnostics	2026-10-07T17:45:19.9291100Z       ],
verify	Recover stopped G5 original compiler diagnostics	2026-10-07T17:45:19.9291292Z       "destination": "Imported/G5ParentPositionPushforward.lean"
verify	Recover stopped G5 original compiler diagnostics	2026-10-07T17:45:19.9291369Z     },
verify	Recover stopped G5 original compiler diagnostics	2026-10-07T17:45:19.9291492Z     "G5SafePastHybridDisjointness": {
verify	Recover stopped G5 original compiler diagnostics	2026-10-07T17:45:19.9291934Z       "source": "research/2026-10-04-dot-verified-lean-825-0203z/package/baseline/Imported/G5SafePastHybridDisjointness.lean",
verify	Recover stopped G5 original compiler diagnostics	2026-10-07T17:45:19.9292177Z       "sha256": "99c5803e9c056152a260eccff1b8351239c12ca9e5ef40b51a419419992efe97",
verify	Recover stopped G5 original compiler diagnostics	2026-10-07T17:45:19.9292283Z       "authority": "baseline",
verify	Recover stopped G5 original compiler diagnostics	2026-10-07T17:45:19.9292493Z       "imports": [
verify	Recover stopped G5 original compiler diagnostics	2026-10-07T17:45:19.9292604Z         "G5ProtectiveBlock",
verify	Recover stopped G5 original compiler diagnostics	2026-10-07T17:45:19.9292722Z         "G5ParentPositionPushforward"
verify	Recover stopped G5 original compiler diagnostics	2026-10-07T17:45:19.9292811Z       ],
verify	Recover stopped G5 original compiler diagnostics	2026-10-07T17:45:19.9293006Z       "destination": "Imported/G5SafePastHybridDisjointness.lean"
verify	Recover stopped G5 original compiler diagnostics	2026-10-07T17:45:19.9293086Z     },
verify	Recover stopped G5 original compiler diagnostics	2026-10-07T17:45:19.9293209Z     "G5PairOnlySureBlockChronology": {
verify	Recover stopped G5 original compiler diagnostics	2026-10-07T17:45:19.9293673Z       "source": "research/2026-10-04-dot-verified-lean-825-0203z/package/baseline/Imported/G5PairOnlySureBlockChronology.lean",
verify	Recover stopped G5 original compiler diagnostics	2026-10-07T17:45:19.9293924Z       "sha256": "1ac87b91536cbe08b2ec4afe4ca3ea28c21386b6c432c6bd81731a30ea39871b",
verify	Recover stopped G5 original compiler diagnostics	2026-10-07T17:45:19.9294026Z       "authority": "baseline",
verify	Recover stopped G5 original compiler diagnostics	2026-10-07T17:45:19.9294119Z       "imports": [
verify	Recover stopped G5 original compiler diagnostics	2026-10-07T17:45:19.9294238Z         "G5SafePastHybridDisjointness"
verify	Recover stopped G5 original compiler diagnostics	2026-10-07T17:45:19.9294319Z       ],
verify	Recover stopped G5 original compiler diagnostics	2026-10-07T17:45:19.9294514Z       "destination": "Imported/G5PairOnlySureBlockChronology.lean"
verify	Recover stopped G5 original compiler diagnostics	2026-10-07T17:45:19.9294594Z     },
verify	Recover stopped G5 original compiler diagnostics	2026-10-07T17:45:19.9294716Z     "G5SafePastMeetingPermanence": {
verify	Recover stopped G5 original compiler diagnostics	2026-10-07T17:45:19.9295147Z       "source": "research/2026-10-04-dot-verified-lean-825-0203z/package/baseline/Imported/G5SafePastMeetingPermanence.lean",
verify	Recover stopped G5 original compiler diagnostics	2026-10-07T17:45:19.9295397Z       "sha256": "30864de3e16b9d9b9a80c0139ac2173e10cf71f4b30e2b324dee9d54d0eefc9e",
verify	Recover stopped G5 original compiler diagnostics	2026-10-07T17:45:19.9295498Z       "authority": "baseline",
verify	Recover stopped G5 original compiler diagnostics	2026-10-07T17:45:19.9295592Z       "imports": [
verify	Recover stopped G5 original compiler diagnostics	2026-10-07T17:45:19.9295710Z         "G5PairOnlySureBlockChronology"
verify	Recover stopped G5 original compiler diagnostics	2026-10-07T17:45:19.9295790Z       ],
verify	Recover stopped G5 original compiler diagnostics	2026-10-07T17:45:19.9295986Z       "destination": "Imported/G5SafePastMeetingPermanence.lean"
verify	Recover stopped G5 original compiler diagnostics	2026-10-07T17:45:19.9296060Z     },
verify	Recover stopped G5 original compiler diagnostics	2026-10-07T17:45:19.9296194Z     "G5ExponentialGermIdentification": {
verify	Recover stopped G5 original compiler diagnostics	2026-10-07T17:45:19.9296664Z       "source": "research/2026-10-04-dot-verified-lean-825-0203z/package/baseline/Imported/G5ExponentialGermIdentification.lean",
verify	Recover stopped G5 original compiler diagnostics	2026-10-07T17:45:19.9296916Z       "sha256": "c87eb5933db663acbed6128f9898ed357c1c0ba9a8fbf287ebb04cbecffa13d0",
verify	Recover stopped G5 original compiler diagnostics	2026-10-07T17:45:19.9297012Z       "authority": "baseline",
verify	Recover stopped G5 original compiler diagnostics	2026-10-07T17:45:19.9297104Z       "imports": [
verify	Recover stopped G5 original compiler diagnostics	2026-10-07T17:45:19.9297242Z         "Mathlib.LinearAlgebra.Vandermonde",
verify	Recover stopped G5 original compiler diagnostics	2026-10-07T17:45:19.9297508Z         "Mathlib.Analysis.SpecialFunctions.Exp",
verify	Recover stopped G5 original compiler diagnostics	2026-10-07T17:45:19.9297625Z         "Mathlib.Tactic.Linarith",
verify	Recover stopped G5 original compiler diagnostics	2026-10-07T17:45:19.9297729Z         "Mathlib.Tactic.Ring"
verify	Recover stopped G5 original compiler diagnostics	2026-10-07T17:45:19.9297816Z       ],
verify	Recover stopped G5 original compiler diagnostics	2026-10-07T17:45:19.9298025Z       "destination": "Imported/G5ExponentialGermIdentification.lean"
verify	Recover stopped G5 original compiler diagnostics	2026-10-07T17:45:19.9298106Z     },
verify	Recover stopped G5 original compiler diagnostics	2026-10-07T17:45:19.9298212Z     "G5UnknownRateSupport": {
verify	Recover stopped G5 original compiler diagnostics	2026-10-07T17:45:19.9298618Z       "source": "research/2026-10-04-dot-verified-lean-825-0203z/package/baseline/Imported/G5UnknownRateSupport.lean",
verify	Recover stopped G5 original compiler diagnostics	2026-10-07T17:45:19.9298869Z       "sha256": "5138246c24f49bc7b4b2adf28fd776b1b89f16e5cf7bc5bfa1b27c97afa7fa93",
verify	Recover stopped G5 original compiler diagnostics	2026-10-07T17:45:19.9298968Z       "authority": "baseline",
verify	Recover stopped G5 original compiler diagnostics	2026-10-07T17:45:19.9299058Z       "imports": [
verify	Recover stopped G5 original compiler diagnostics	2026-10-07T17:45:19.9299187Z         "G5ExponentialGermIdentification",
verify	Recover stopped G5 original compiler diagnostics	2026-10-07T17:45:19.9299352Z         "Mathlib.Algebra.BigOperators.Finsupp.Basic"
verify	Recover stopped G5 original compiler diagnostics	2026-10-07T17:45:19.9299429Z       ],
verify	Recover stopped G5 original compiler diagnostics	2026-10-07T17:45:19.9299591Z       "destination": "Imported/G5UnknownRateSupport.lean"
verify	Recover stopped G5 original compiler diagnostics	2026-10-07T17:45:19.9299677Z     },
verify	Recover stopped G5 original compiler diagnostics	2026-10-07T17:45:19.9299785Z     "G5OriginalRouteHazard": {
verify	Recover stopped G5 original compiler diagnostics	2026-10-07T17:45:19.9300192Z       "source": "research/2026-10-04-dot-verified-lean-825-0203z/package/baseline/Imported/G5OriginalRouteHazard.lean",
verify	Recover stopped G5 original compiler diagnostics	2026-10-07T17:45:19.9300573Z       "sha256": "9cf84860342b132e474d034ae05034129b47aa116e8bcf0e965989e7e58e4e8a",
verify	Recover stopped G5 original compiler diagnostics	2026-10-07T17:45:19.9300680Z       "authority": "baseline",
verify	Recover stopped G5 original compiler diagnostics	2026-10-07T17:45:19.9300765Z       "imports": [
verify	Recover stopped G5 original compiler diagnostics	2026-10-07T17:45:19.9300893Z         "G5SafePastMeetingPermanence",
verify	Recover stopped G5 original compiler diagnostics	2026-10-07T17:45:19.9301005Z         "G5UnknownRateSupport",
verify	Recover stopped G5 original compiler diagnostics	2026-10-07T17:45:19.9301116Z         "Mathlib.Data.Finset.Max"
verify	Recover stopped G5 original compiler diagnostics	2026-10-07T17:45:19.9301198Z       ],
verify	Recover stopped G5 original compiler diagnostics	2026-10-07T17:45:19.9301362Z       "destination": "Imported/G5OriginalRouteHazard.lean"
verify	Recover stopped G5 original compiler diagnostics	2026-10-07T17:45:19.9301442Z     },
verify	Recover stopped G5 original compiler diagnostics	2026-10-07T17:45:19.9301551Z     "G4TwoRootSourceStopping": {
verify	Recover stopped G5 original compiler diagnostics	2026-10-07T17:45:19.9301974Z       "source": "research/2026-10-04-dot-verified-lean-825-0203z/package/baseline/Imported/G4TwoRootSourceStopping.lean",
verify	Recover stopped G5 original compiler diagnostics	2026-10-07T17:45:19.9302226Z       "sha256": "b5dd33d135fcb9267ae3297229e51434b5cfd434e08ef89ecacf34affd5e541d",
verify	Recover stopped G5 original compiler diagnostics	2026-10-07T17:45:19.9302329Z       "authority": "baseline",
verify	Recover stopped G5 original compiler diagnostics	2026-10-07T17:45:19.9302544Z       "imports": [
verify	Recover stopped G5 original compiler diagnostics	2026-10-07T17:45:19.9302650Z         "Mathlib.Data.Real.Basic",
verify	Recover stopped G5 original compiler diagnostics	2026-10-07T17:45:19.9302770Z         "Mathlib.Data.Fintype.Basic",
verify	Recover stopped G5 original compiler diagnostics	2026-10-07T17:45:19.9302943Z         "Mathlib.Algebra.BigOperators.Group.Finset.Basic",
verify	Recover stopped G5 original compiler diagnostics	2026-10-07T17:45:19.9303050Z         "Mathlib.Tactic.Ring",
verify	Recover stopped G5 original compiler diagnostics	2026-10-07T17:45:19.9303160Z         "Mathlib.Tactic.Linarith",
verify	Recover stopped G5 original compiler diagnostics	2026-10-07T17:45:19.9303274Z         "Mathlib.Tactic.Positivity"
verify	Recover stopped G5 original compiler diagnostics	2026-10-07T17:45:19.9303356Z       ],
verify	Recover stopped G5 original compiler diagnostics	2026-10-07T17:45:19.9303529Z       "destination": "Imported/G4TwoRootSourceStopping.lean"
verify	Recover stopped G5 original compiler diagnostics	2026-10-07T17:45:19.9303608Z     },
verify	Recover stopped G5 original compiler diagnostics	2026-10-07T17:45:19.9303716Z     "G1SharedRegisterStress": {
verify	Recover stopped G5 original compiler diagnostics	2026-10-07T17:45:19.9304124Z       "source": "research/2026-10-04-dot-verified-lean-825-0203z/package/baseline/Imported/G1SharedRegisterStress.lean",
verify	Recover stopped G5 original compiler diagnostics	2026-10-07T17:45:19.9304366Z       "sha256": "d65004b11e07bb553637161bd7b1395186ea20e2c39e7c50c800af4871f018db",
verify	Recover stopped G5 original compiler diagnostics	2026-10-07T17:45:19.9304470Z       "authority": "baseline",
verify	Recover stopped G5 original compiler diagnostics	2026-10-07T17:45:19.9304565Z       "imports": [
verify	Recover stopped G5 original compiler diagnostics	2026-10-07T17:45:19.9304736Z         "Mathlib.Probability.Distributions.Exponential",
verify	Recover stopped G5 original compiler diagnostics	2026-10-07T17:45:19.9304898Z         "Mathlib.Analysis.SpecialFunctions.Log.Basic",
verify	Recover stopped G5 original compiler diagnostics	2026-10-07T17:45:19.9305000Z         "Mathlib.Tactic.Ring",
verify	Recover stopped G5 original compiler diagnostics	2026-10-07T17:45:19.9305108Z         "Mathlib.Tactic.NormNum"
verify	Recover stopped G5 original compiler diagnostics	2026-10-07T17:45:19.9305203Z       ],
verify	Recover stopped G5 original compiler diagnostics	2026-10-07T17:45:19.9305379Z       "destination": "Imported/G1SharedRegisterStress.lean"
verify	Recover stopped G5 original compiler diagnostics	2026-10-07T17:45:19.9305468Z     },
verify	Recover stopped G5 original compiler diagnostics	2026-10-07T17:45:19.9305572Z     "G4FourRootPositivity": {
verify	Recover stopped G5 original compiler diagnostics	2026-10-07T17:45:19.9305975Z       "source": "research/2026-10-04-dot-verified-lean-825-0203z/package/baseline/Imported/G4FourRootPositivity.lean",
verify	Recover stopped G5 original compiler diagnostics	2026-10-07T17:45:19.9306206Z       "sha256": "24823aa835fb0649d8754777d975315e82ead74d3f065093e2d03c743f7356fa",
verify	Recover stopped G5 original compiler diagnostics	2026-10-07T17:45:19.9306427Z       "authority": "baseline",
verify	Recover stopped G5 original compiler diagnostics	2026-10-07T17:45:19.9306515Z       "imports": [
verify	Recover stopped G5 original compiler diagnostics	2026-10-07T17:45:19.9306626Z         "Mathlib.Data.Real.Basic",
verify	Recover stopped G5 original compiler diagnostics	2026-10-07T17:45:19.9306742Z         "Mathlib.Tactic.Ring",
verify	Recover stopped G5 original compiler diagnostics	2026-10-07T17:45:19.9306849Z         "Mathlib.Tactic.Linarith",
verify	Recover stopped G5 original compiler diagnostics	2026-10-07T17:45:19.9306973Z         "Mathlib.Tactic.Positivity"
verify	Recover stopped G5 original compiler diagnostics	2026-10-07T17:45:19.9307048Z       ],
verify	Recover stopped G5 original compiler diagnostics	2026-10-07T17:45:19.9307223Z       "destination": "Imported/G4FourRootPositivity.lean"
verify	Recover stopped G5 original compiler diagnostics	2026-10-07T17:45:19.9307298Z     },
verify	Recover stopped G5 original compiler diagnostics	2026-10-07T17:45:19.9307417Z     "G4IndependentRoutingBridge": {
verify	Recover stopped G5 original compiler diagnostics	2026-10-07T17:45:19.9307862Z       "source": "research/2026-10-04-dot-verified-lean-825-0203z/package/baseline/Imported/G4IndependentRoutingBridge.lean",
verify	Recover stopped G5 original compiler diagnostics	2026-10-07T17:45:19.9308110Z       "sha256": "e30d82ea7e57138d463c779205dfcf686b520cb649d9d5767ee3c13853f19f6b",
verify	Recover stopped G5 original compiler diagnostics	2026-10-07T17:45:19.9308213Z       "authority": "baseline",
verify	Recover stopped G5 original compiler diagnostics	2026-10-07T17:45:19.9308299Z       "imports": [
verify	Recover stopped G5 original compiler diagnostics	2026-10-07T17:45:19.9308409Z         "G2LiveLineageRouting",
verify	Recover stopped G5 original compiler diagnostics	2026-10-07T17:45:19.9308520Z         "G1SharedRegisterStress",
verify	Recover stopped G5 original compiler diagnostics	2026-10-07T17:45:19.9308647Z         "Mathlib.Data.Nat.Choose.Basic",
verify	Recover stopped G5 original compiler diagnostics	2026-10-07T17:45:19.9308748Z         "Lean.Elab.Tactic.Omega",
verify	Recover stopped G5 original compiler diagnostics	2026-10-07T17:45:19.9308965Z         "G4FourRootPositivity",
verify	Recover stopped G5 original compiler diagnostics	2026-10-07T17:45:19.9309086Z         "Mathlib.Data.Fin.Tuple.Basic",
verify	Recover stopped G5 original compiler diagnostics	2026-10-07T17:45:19.9309215Z         "Mathlib.Data.Fintype.BigOperators",
verify	Recover stopped G5 original compiler diagnostics	2026-10-07T17:45:19.9309347Z         "Mathlib.Algebra.BigOperators.Fin",
verify	Recover stopped G5 original compiler diagnostics	2026-10-07T17:45:19.9309559Z         "Mathlib.Algebra.Order.BigOperators.GroupWithZero.Finset",
verify	Recover stopped G5 original compiler diagnostics	2026-10-07T17:45:19.9309713Z         "Mathlib.Algebra.BigOperators.Ring.Finset",
verify	Recover stopped G5 original compiler diagnostics	2026-10-07T17:45:19.9309820Z         "Mathlib.Tactic.NormNum"
verify	Recover stopped G5 original compiler diagnostics	2026-10-07T17:45:19.9309901Z       ],
verify	Recover stopped G5 original compiler diagnostics	2026-10-07T17:45:19.9310096Z       "destination": "Imported/G4IndependentRoutingBridge.lean"
verify	Recover stopped G5 original compiler diagnostics	2026-10-07T17:45:19.9310197Z     },
verify	Recover stopped G5 original compiler diagnostics	2026-10-07T17:45:19.9310304Z     "G4AllRootPairClocks": {
verify	Recover stopped G5 original compiler diagnostics	2026-10-07T17:45:19.9310699Z       "source": "research/2026-10-04-dot-verified-lean-825-0203z/package/baseline/Imported/G4AllRootPairClocks.lean",
verify	Recover stopped G5 original compiler diagnostics	2026-10-07T17:45:19.9310946Z       "sha256": "149c8603c734e2ccb021963be42609698285033c1296b2bca18d0716f4258744",
verify	Recover stopped G5 original compiler diagnostics	2026-10-07T17:45:19.9311051Z       "authority": "baseline",
verify	Recover stopped G5 original compiler diagnostics	2026-10-07T17:45:19.9311140Z       "imports": [
verify	Recover stopped G5 original compiler diagnostics	2026-10-07T17:45:19.9311255Z         "G4IndependentRoutingBridge",
verify	Recover stopped G5 original compiler diagnostics	2026-10-07T17:45:19.9311402Z         "Mathlib.MeasureTheory.Constructions.Pi",
verify	Recover stopped G5 original compiler diagnostics	2026-10-07T17:45:19.9311529Z         "Mathlib.Data.Fintype.Powerset",
verify	Recover stopped G5 original compiler diagnostics	2026-10-07T17:45:19.9311653Z         "Mathlib.Data.ENNReal.BigOperators"
verify	Recover stopped G5 original compiler diagnostics	2026-10-07T17:45:19.9311734Z       ],
verify	Recover stopped G5 original compiler diagnostics	2026-10-07T17:45:19.9311892Z       "destination": "Imported/G4AllRootPairClocks.lean"
verify	Recover stopped G5 original compiler diagnostics	2026-10-07T17:45:19.9311970Z     },
verify	Recover stopped G5 original compiler diagnostics	2026-10-07T17:45:19.9312083Z     "G4PathResolvedMeasurement": {
verify	Recover stopped G5 original compiler diagnostics	2026-10-07T17:45:19.9312651Z       "source": "research/2026-10-04-dot-verified-lean-825-0203z/package/baseline/Imported/G4PathResolvedMeasurement.lean",
verify	Recover stopped G5 original compiler diagnostics	2026-10-07T17:45:19.9312908Z       "sha256": "af20fe6e206d9b407ad7b16310d75eb12191b0b7a137d189b466209ed02f0eb9",
verify	Recover stopped G5 original compiler diagnostics	2026-10-07T17:45:19.9313016Z       "authority": "baseline",
verify	Recover stopped G5 original compiler diagnostics	2026-10-07T17:45:19.9313107Z       "imports": [
verify	Recover stopped G5 original compiler diagnostics	2026-10-07T17:45:19.9313218Z         "G4TwoRootSourceStopping",
verify	Recover stopped G5 original compiler diagnostics	2026-10-07T17:45:19.9313332Z         "G4AllRootPairClocks",
verify	Recover stopped G5 original compiler diagnostics	2026-10-07T17:45:19.9313561Z         "Mathlib.Probability.ProbabilityMassFunction.Constructions",
verify	Recover stopped G5 original compiler diagnostics	2026-10-07T17:45:19.9313717Z         "Mathlib.Algebra.BigOperators.Ring.Finset",
verify	Recover stopped G5 original compiler diagnostics	2026-10-07T17:45:19.9313931Z         "Mathlib.Algebra.Order.BigOperators.GroupWithZero.Finset"
verify	Recover stopped G5 original compiler diagnostics	2026-10-07T17:45:19.9314008Z       ],
verify	Recover stopped G5 original compiler diagnostics	2026-10-07T17:45:19.9314197Z       "destination": "Imported/G4PathResolvedMeasurement.lean"
verify	Recover stopped G5 original compiler diagnostics	2026-10-07T17:45:19.9314275Z     },
verify	Recover stopped G5 original compiler diagnostics	2026-10-07T17:45:19.9314428Z     "UnifiedLean.Source.NativeParentRouting": {
verify	Recover stopped G5 original compiler diagnostics	2026-10-07T17:45:19.9314878Z       "source": "research/2026-10-04-dot-verified-lean-825-0203z/package/baseline/UnifiedLean/Source/NativeParentRouting.lean",
verify	Recover stopped G5 original compiler diagnostics	2026-10-07T17:45:19.9315123Z       "sha256": "300d7216193e945ca26161535c1bc2ba75a128fe5c075b6a3567bbda66bfe0b6",
verify	Recover stopped G5 original compiler diagnostics	2026-10-07T17:45:19.9315354Z       "authority": "baseline",
verify	Recover stopped G5 original compiler diagnostics	2026-10-07T17:45:19.9315438Z       "imports": [
verify	Recover stopped G5 original compiler diagnostics	2026-10-07T17:45:19.9315548Z         "G5OriginalRouteHazard",
verify	Recover stopped G5 original compiler diagnostics	2026-10-07T17:45:19.9315663Z         "G4PathResolvedMeasurement",
verify	Recover stopped G5 original compiler diagnostics	2026-10-07T17:45:19.9315815Z         "Mathlib.MeasureTheory.Constructions.Pi",
verify	Recover stopped G5 original compiler diagnostics	2026-10-07T17:45:19.9315921Z         "Mathlib.Data.Finset.Card"
verify	Recover stopped G5 original compiler diagnostics	2026-10-07T17:45:19.9316003Z       ],
verify	Recover stopped G5 original compiler diagnostics	2026-10-07T17:45:19.9316200Z       "destination": "UnifiedLean/Source/NativeParentRouting.lean"
verify	Recover stopped G5 original compiler diagnostics	2026-10-07T17:45:19.9316282Z     },
verify	Recover stopped G5 original compiler diagnostics	2026-10-07T17:45:19.9316434Z     "UnifiedLean.Source.NativePairClockLaw": {
verify	Recover stopped G5 original compiler diagnostics	2026-10-07T17:45:19.9316873Z       "source": "research/2026-10-04-dot-verified-lean-825-0203z/package/baseline/UnifiedLean/Source/NativePairClockLaw.lean",
verify	Recover stopped G5 original compiler diagnostics	2026-10-07T17:45:19.9317118Z       "sha256": "470738f7397f640a76374f791c485d757d1e2ac38769a11f05d0abc03c8aa9ae",
verify	Recover stopped G5 original compiler diagnostics	2026-10-07T17:45:19.9317216Z       "authority": "baseline",
verify	Recover stopped G5 original compiler diagnostics	2026-10-07T17:45:19.9317308Z       "imports": [
verify	Recover stopped G5 original compiler diagnostics	2026-10-07T17:45:19.9317456Z         "UnifiedLean.Source.NativeParentRouting",
verify	Recover stopped G5 original compiler diagnostics	2026-10-07T17:45:19.9317560Z         "G4AllRootPairClocks",
verify	Recover stopped G5 original compiler diagnostics	2026-10-07T17:45:19.9317685Z         "Mathlib.Data.ENNReal.BigOperators"
verify	Recover stopped G5 original compiler diagnostics	2026-10-07T17:45:19.9317870Z       ],
verify	Recover stopped G5 original compiler diagnostics	2026-10-07T17:45:19.9318060Z       "destination": "UnifiedLean/Source/NativePairClockLaw.lean"
verify	Recover stopped G5 original compiler diagnostics	2026-10-07T17:45:19.9318138Z     },
verify	Recover stopped G5 original compiler diagnostics	2026-10-07T17:45:19.9318293Z     "UnifiedLean.Source.UniformizedSourceStep": {
verify	Recover stopped G5 original compiler diagnostics	2026-10-07T17:45:19.9318747Z       "source": "research/2026-10-04-dot-verified-lean-825-0203z/package/baseline/UnifiedLean/Source/UniformizedSourceStep.lean",
verify	Recover stopped G5 original compiler diagnostics	2026-10-07T17:45:19.9318990Z       "sha256": "9d5a95047e3c04f9e12334cd4b5569e36e1dfa2cd4b1573f217eeb559ff9691c",
verify	Recover stopped G5 original compiler diagnostics	2026-10-07T17:45:19.9319095Z       "authority": "baseline",
verify	Recover stopped G5 original compiler diagnostics	2026-10-07T17:45:19.9319180Z       "imports": [
verify	Recover stopped G5 original compiler diagnostics	2026-10-07T17:45:19.9319332Z         "UnifiedLean.Source.FiniteSourceSnapshot",
verify	Recover stopped G5 original compiler diagnostics	2026-10-07T17:45:19.9319472Z         "UnifiedLean.Source.NativePairClockLaw",
verify	Recover stopped G5 original compiler diagnostics	2026-10-07T17:45:19.9319629Z         "SourceForestKingmanPopulationProjection",
verify	Recover stopped G5 original compiler diagnostics	2026-10-07T17:45:19.9319850Z         "Mathlib.Probability.ProbabilityMassFunction.Constructions",
verify	Recover stopped G5 original compiler diagnostics	2026-10-07T17:45:19.9319992Z         "Mathlib.Algebra.BigOperators.Field"
verify	Recover stopped G5 original compiler diagnostics	2026-10-07T17:45:19.9320073Z       ],
verify	Recover stopped G5 original compiler diagnostics	2026-10-07T17:45:19.9320278Z       "destination": "UnifiedLean/Source/UniformizedSourceStep.lean"
verify	Recover stopped G5 original compiler diagnostics	2026-10-07T17:45:19.9320359Z     },
verify	Recover stopped G5 original compiler diagnostics	2026-10-07T17:45:19.9320464Z     "G2SourceGraftDecoration": {
verify	Recover stopped G5 original compiler diagnostics	2026-10-07T17:45:19.9320872Z       "source": "research/2026-10-06-dot-g2-source-graft-source-preservation-2357z/G2SourceGraftDecoration.lean",
verify	Recover stopped G5 original compiler diagnostics	2026-10-07T17:45:19.9321115Z       "sha256": "c8da578dde3fdf049e4075a39292979bbb5936bd9c754d743072420a91c07ddd",
verify	Recover stopped G5 original compiler diagnostics	2026-10-07T17:45:19.9321539Z       "authority": "research/2026-10-07-dot-g2-calendar-tail-source-successor-0058z/SOURCE-AND-DEPENDENCY-PINS.json",
verify	Recover stopped G5 original compiler diagnostics	2026-10-07T17:45:19.9321630Z       "imports": [
verify	Recover stopped G5 original compiler diagnostics	2026-10-07T17:45:19.9321750Z         "G2FaithfulPairAgeDecoration",
verify	Recover stopped G5 original compiler diagnostics	2026-10-07T17:45:19.9321901Z         "UnifiedLean.Source.UniformizedSourceStep"
verify	Recover stopped G5 original compiler diagnostics	2026-10-07T17:45:19.9321980Z       ],
verify	Recover stopped G5 original compiler diagnostics	2026-10-07T17:45:19.9322151Z       "destination": "TimedG2/G2SourceGraftDecoration.lean"
verify	Recover stopped G5 original compiler diagnostics	2026-10-07T17:45:19.9322230Z     },
verify	Recover stopped G5 original compiler diagnostics	2026-10-07T17:45:19.9322563Z     "UnifiedLean.Source.SourceForestGeneratorIntertwining": {
verify	Recover stopped G5 original compiler diagnostics	2026-10-07T17:45:19.9323079Z       "source": "research/2026-10-04-dot-verified-lean-825-0203z/package/baseline/UnifiedLean/Source/SourceForestGeneratorIntertwining.lean",
verify	Recover stopped G5 original compiler diagnostics	2026-10-07T17:45:19.9323327Z       "sha256": "b186f0d381b0e62078d887f90ce46ecbe91def99ec66ec51c98053b9d60c0f28",
verify	Recover stopped G5 original compiler diagnostics	2026-10-07T17:45:19.9323431Z       "authority": "baseline",
verify	Recover stopped G5 original compiler diagnostics	2026-10-07T17:45:19.9323517Z       "imports": [
verify	Recover stopped G5 original compiler diagnostics	2026-10-07T17:45:19.9323685Z         "UnifiedLean.Source.SourceForestSilentPruning",
verify	Recover stopped G5 original compiler diagnostics	2026-10-07T17:45:19.9323857Z         "Mathlib.Algebra.BigOperators.Group.Finset.Basic"
verify	Recover stopped G5 original compiler diagnostics	2026-10-07T17:45:19.9323941Z       ],
verify	Recover stopped G5 original compiler diagnostics	2026-10-07T17:45:19.9324199Z       "destination": "UnifiedLean/Source/SourceForestGeneratorIntertwining.lean"
verify	Recover stopped G5 original compiler diagnostics	2026-10-07T17:45:19.9324410Z     },
verify	Recover stopped G5 original compiler diagnostics	2026-10-07T17:45:19.9324598Z     "UnifiedLean.Source.SourceForestIntrinsicGenerator": {
verify	Recover stopped G5 original compiler diagnostics	2026-10-07T17:45:19.9325091Z       "source": "research/2026-10-04-dot-verified-lean-825-0203z/package/baseline/UnifiedLean/Source/SourceForestIntrinsicGenerator.lean",
verify	Recover stopped G5 original compiler diagnostics	2026-10-07T17:45:19.9325354Z       "sha256": "b282351bf116ae756c7e9c6ee1e3cbace41a8d753b47cac7e53c4a918c82d16f",
verify	Recover stopped G5 original compiler diagnostics	2026-10-07T17:45:19.9325457Z       "authority": "baseline",
verify	Recover stopped G5 original compiler diagnostics	2026-10-07T17:45:19.9325547Z       "imports": [
verify	Recover stopped G5 original compiler diagnostics	2026-10-07T17:45:19.9325741Z         "UnifiedLean.Source.SourceForestGeneratorIntertwining"
verify	Recover stopped G5 original compiler diagnostics	2026-10-07T17:45:19.9325818Z       ],
verify	Recover stopped G5 original compiler diagnostics	2026-10-07T17:45:19.9326057Z       "destination": "UnifiedLean/Source/SourceForestIntrinsicGenerator.lean"
verify	Recover stopped G5 original compiler diagnostics	2026-10-07T17:45:19.9326132Z     },
verify	Recover stopped G5 original compiler diagnostics	2026-10-07T17:45:19.9326311Z     "UnifiedLean.Source.SourceStepGeneratorBinding": {
verify	Recover stopped G5 original compiler diagnostics	2026-10-07T17:45:19.9326788Z       "source": "research/2026-10-04-dot-verified-lean-825-0203z/package/baseline/UnifiedLean/Source/SourceStepGeneratorBinding.lean",
verify	Recover stopped G5 original compiler diagnostics	2026-10-07T17:45:19.9327042Z       "sha256": "8021b8bddcc5cd070185843ca5454dfb289572a2592854efbbdd9e41d48396d0",
verify	Recover stopped G5 original compiler diagnostics	2026-10-07T17:45:19.9327150Z       "authority": "baseline",
verify	Recover stopped G5 original compiler diagnostics	2026-10-07T17:45:19.9327345Z       "imports": [
verify	Recover stopped G5 original compiler diagnostics	2026-10-07T17:45:19.9327503Z         "UnifiedLean.Source.UniformizedSourceStep",
verify	Recover stopped G5 original compiler diagnostics	2026-10-07T17:45:19.9327688Z         "UnifiedLean.Source.SourceForestIntrinsicGenerator",
verify	Recover stopped G5 original compiler diagnostics	2026-10-07T17:45:19.9327901Z         "Mathlib.Probability.ProbabilityMassFunction.Integrals",
verify	Recover stopped G5 original compiler diagnostics	2026-10-07T17:45:19.9328057Z         "Mathlib.MeasureTheory.Integral.Bochner.Basic"
verify	Recover stopped G5 original compiler diagnostics	2026-10-07T17:45:19.9328139Z       ],
verify	Recover stopped G5 original compiler diagnostics	2026-10-07T17:45:19.9328363Z       "destination": "UnifiedLean/Source/SourceStepGeneratorBinding.lean"
verify	Recover stopped G5 original compiler diagnostics	2026-10-07T17:45:19.9328438Z     },
verify	Recover stopped G5 original compiler diagnostics	2026-10-07T17:45:19.9328613Z     "UnifiedLean.Source.MatrixProjectionExponential": {
verify	Recover stopped G5 original compiler diagnostics	2026-10-07T17:45:19.9329091Z       "source": "research/2026-10-04-dot-verified-lean-825-0203z/package/baseline/UnifiedLean/Source/MatrixProjectionExponential.lean",
verify	Recover stopped G5 original compiler diagnostics	2026-10-07T17:45:19.9329339Z       "sha256": "870438089e6cf05dd93761172ea1bf6b2aa96654708e97b9d348e0dfcb44dfa2",
verify	Recover stopped G5 original compiler diagnostics	2026-10-07T17:45:19.9329438Z       "authority": "baseline",
verify	Recover stopped G5 original compiler diagnostics	2026-10-07T17:45:19.9329530Z       "imports": [
verify	Recover stopped G5 original compiler diagnostics	2026-10-07T17:45:19.9329716Z         "Mathlib.Analysis.Normed.Algebra.MatrixExponential"
verify	Recover stopped G5 original compiler diagnostics	2026-10-07T17:45:19.9329797Z       ],
verify	Recover stopped G5 original compiler diagnostics	2026-10-07T17:45:19.9330026Z       "destination": "UnifiedLean/Source/MatrixProjectionExponential.lean"
verify	Recover stopped G5 original compiler diagnostics	2026-10-07T17:45:19.9330103Z     },
verify	Recover stopped G5 original compiler diagnostics	2026-10-07T17:45:19.9330265Z     "UnifiedLean.Source.SourceFiniteProjection": {
verify	Recover stopped G5 original compiler diagnostics	2026-10-07T17:45:19.9330713Z       "source": "research/2026-10-04-dot-verified-lean-825-0203z/package/baseline/UnifiedLean/Source/SourceFiniteProjection.lean",
verify	Recover stopped G5 original compiler diagnostics	2026-10-07T17:45:19.9330958Z       "sha256": "09398c920468ba6ead16b523cecd9f86e7648e7063602256ee4634385df1cab3",
verify	Recover stopped G5 original compiler diagnostics	2026-10-07T17:45:19.9331063Z       "authority": "baseline",
verify	Recover stopped G5 original compiler diagnostics	2026-10-07T17:45:19.9331150Z       "imports": [
verify	Recover stopped G5 original compiler diagnostics	2026-10-07T17:45:19.9331326Z         "UnifiedLean.Source.SourceStepGeneratorBinding",
verify	Recover stopped G5 original compiler diagnostics	2026-10-07T17:45:19.9331500Z         "UnifiedLean.Source.MatrixProjectionExponential",
verify	Recover stopped G5 original compiler diagnostics	2026-10-07T17:45:19.9331639Z         "Mathlib.Data.ENNReal.BigOperators"
verify	Recover stopped G5 original compiler diagnostics	2026-10-07T17:45:19.9331715Z       ],
verify	Recover stopped G5 original compiler diagnostics	2026-10-07T17:45:19.9331926Z       "destination": "UnifiedLean/Source/SourceFiniteProjection.lean"
verify	Recover stopped G5 original compiler diagnostics	2026-10-07T17:45:19.9332003Z     },
verify	Recover stopped G5 original compiler diagnostics	2026-10-07T17:45:19.9332158Z     "UnifiedLean.Source.SourcePoissonKernel": {
verify	Recover stopped G5 original compiler diagnostics	2026-10-07T17:45:19.9332741Z       "source": "research/2026-10-04-dot-verified-lean-825-0203z/package/baseline/UnifiedLean/Source/SourcePoissonKernel.lean",
verify	Recover stopped G5 original compiler diagnostics	2026-10-07T17:45:19.9332982Z       "sha256": "13ab4d1a209554878e189061cbede00154c7b72548465757624cc2e4af66e98c",
verify	Recover stopped G5 original compiler diagnostics	2026-10-07T17:45:19.9333088Z       "authority": "baseline",
verify	Recover stopped G5 original compiler diagnostics	2026-10-07T17:45:19.9333175Z       "imports": [
verify	Recover stopped G5 original compiler diagnostics	2026-10-07T17:45:19.9333341Z         "UnifiedLean.Source.SourceFiniteProjection",
verify	Recover stopped G5 original compiler diagnostics	2026-10-07T17:45:19.9333518Z         "Mathlib.Probability.Distributions.Poisson.Basic"
verify	Recover stopped G5 original compiler diagnostics	2026-10-07T17:45:19.9333600Z       ],
verify	Recover stopped G5 original compiler diagnostics	2026-10-07T17:45:19.9333807Z       "destination": "UnifiedLean/Source/SourcePoissonKernel.lean"
verify	Recover stopped G5 original compiler diagnostics	2026-10-07T17:45:19.9334031Z     },
verify	Recover stopped G5 original compiler diagnostics	2026-10-07T17:45:19.9334211Z     "UnifiedLean.Source.SourceGeneratorExponential": {
verify	Recover stopped G5 original compiler diagnostics	2026-10-07T17:45:19.9334689Z       "source": "research/2026-10-04-dot-verified-lean-825-0203z/package/baseline/UnifiedLean/Source/SourceGeneratorExponential.lean",
verify	Recover stopped G5 original compiler diagnostics	2026-10-07T17:45:19.9334941Z       "sha256": "f761ddf2f5efb9906ec8f841567d02fae946cce763260f238834a147090e461d",
verify	Recover stopped G5 original compiler diagnostics	2026-10-07T17:45:19.9335050Z       "authority": "baseline",
verify	Recover stopped G5 original compiler diagnostics	2026-10-07T17:45:19.9335137Z       "imports": [
verify	Recover stopped G5 original compiler diagnostics	2026-10-07T17:45:19.9335303Z         "UnifiedLean.Source.SourceFiniteProjection"
verify	Recover stopped G5 original compiler diagnostics	2026-10-07T17:45:19.9335381Z       ],
verify	Recover stopped G5 original compiler diagnostics	2026-10-07T17:45:19.9335609Z       "destination": "UnifiedLean/Source/SourceGeneratorExponential.lean"
verify	Recover stopped G5 original compiler diagnostics	2026-10-07T17:45:19.9335685Z     },
verify	Recover stopped G5 original compiler diagnostics	2026-10-07T17:45:19.9335856Z     "UnifiedLean.Source.SourcePoissonExponential": {
verify	Recover stopped G5 original compiler diagnostics	2026-10-07T17:45:19.9336324Z       "source": "research/2026-10-04-dot-verified-lean-825-0203z/package/baseline/UnifiedLean/Source/SourcePoissonExponential.lean",
verify	Recover stopped G5 original compiler diagnostics	2026-10-07T17:45:19.9336583Z       "sha256": "463eb0e4a9cd9307898eface172100183b8ac9d412c1389a2c5b9ad4981c2d9a",
verify	Recover stopped G5 original compiler diagnostics	2026-10-07T17:45:19.9336690Z       "authority": "baseline",
verify	Recover stopped G5 original compiler diagnostics	2026-10-07T17:45:19.9336886Z       "imports": [
verify	Recover stopped G5 original compiler diagnostics	2026-10-07T17:45:19.9337035Z         "UnifiedLean.Source.SourcePoissonKernel",
verify	Recover stopped G5 original compiler diagnostics	2026-10-07T17:45:19.9337203Z         "UnifiedLean.Source.SourceGeneratorExponential"
verify	Recover stopped G5 original compiler diagnostics	2026-10-07T17:45:19.9337286Z       ],
verify	Recover stopped G5 original compiler diagnostics	2026-10-07T17:45:19.9337501Z       "destination": "UnifiedLean/Source/SourcePoissonExponential.lean"
verify	Recover stopped G5 original compiler diagnostics	2026-10-07T17:45:19.9337584Z     },
verify	Recover stopped G5 original compiler diagnostics	2026-10-07T17:45:19.9337739Z     "UnifiedLean.Source.SourceEpochSemigroup": {
verify	Recover stopped G5 original compiler diagnostics	2026-10-07T17:45:19.9338190Z       "source": "research/2026-10-04-dot-verified-lean-825-0203z/package/baseline/UnifiedLean/Source/SourceEpochSemigroup.lean",
verify	Recover stopped G5 original compiler diagnostics	2026-10-07T17:45:19.9338440Z       "sha256": "845739bc6b110eadd611e0133906ec3f9b036d66f17902f46885c660213b179f",
verify	Recover stopped G5 original compiler diagnostics	2026-10-07T17:45:19.9338539Z       "authority": "baseline",
verify	Recover stopped G5 original compiler diagnostics	2026-10-07T17:45:19.9338636Z       "imports": [
verify	Recover stopped G5 original compiler diagnostics	2026-10-07T17:45:19.9338796Z         "UnifiedLean.Source.SourcePoissonExponential"
verify	Recover stopped G5 original compiler diagnostics	2026-10-07T17:45:19.9338879Z       ],
verify	Recover stopped G5 original compiler diagnostics	2026-10-07T17:45:19.9339087Z       "destination": "UnifiedLean/Source/SourceEpochSemigroup.lean"
verify	Recover stopped G5 original compiler diagnostics	2026-10-07T17:45:19.9339165Z     },
verify	Recover stopped G5 original compiler diagnostics	2026-10-07T17:45:19.9339341Z     "UnifiedLean.Source.SourceCalendarCompatibility": {
verify	Recover stopped G5 original compiler diagnostics	2026-10-07T17:45:19.9339828Z       "source": "research/2026-10-04-dot-verified-lean-825-0203z/package/baseline/UnifiedLean/Source/SourceCalendarCompatibility.lean",
verify	Recover stopped G5 original compiler diagnostics	2026-10-07T17:45:19.9340080Z       "sha256": "98abb2982bcd061f931ed4a55816f00d54d4ce2c73c29e036dbd29ede303b3dc",
verify	Recover stopped G5 original compiler diagnostics	2026-10-07T17:45:19.9340178Z       "authority": "baseline",
verify	Recover stopped G5 original compiler diagnostics	2026-10-07T17:45:19.9340270Z       "imports": [
verify	Recover stopped G5 original compiler diagnostics	2026-10-07T17:45:19.9340419Z         "UnifiedLean.Source.SourcePoissonKernel",
verify	Recover stopped G5 original compiler diagnostics	2026-10-07T17:45:19.9340517Z         "G5CalendarRoutes"
verify	Recover stopped G5 original compiler diagnostics	2026-10-07T17:45:19.9340602Z       ],
verify	Recover stopped G5 original compiler diagnostics	2026-10-07T17:45:19.9340833Z       "destination": "UnifiedLean/Source/SourceCalendarCompatibility.lean"
verify	Recover stopped G5 original compiler diagnostics	2026-10-07T17:45:19.9340917Z     },
verify	Recover stopped G5 original compiler diagnostics	2026-10-07T17:45:19.9341092Z     "UnifiedLean.Source.SourceForestPulseTransport": {
verify	Recover stopped G5 original compiler diagnostics	2026-10-07T17:45:19.9341575Z       "source": "research/2026-10-04-dot-verified-lean-825-0203z/package/baseline/UnifiedLean/Source/SourceForestPulseTransport.lean",
verify	Recover stopped G5 original compiler diagnostics	2026-10-07T17:45:19.9341833Z       "sha256": "8e1a3d62afab25247dd3a281d30f7dc20db1949ea1b589c2d77980b3b48874f1",
verify	Recover stopped G5 original compiler diagnostics	2026-10-07T17:45:19.9341936Z       "authority": "baseline",
verify	Recover stopped G5 original compiler diagnostics	2026-10-07T17:45:19.9342030Z       "imports": [
verify	Recover stopped G5 original compiler diagnostics	2026-10-07T17:45:19.9342211Z         "UnifiedLean.Source.SourceForestIntrinsicGenerator",
verify	Recover stopped G5 original compiler diagnostics	2026-10-07T17:45:19.9342320Z         "G2LiveLineageRouting"
verify	Recover stopped G5 original compiler diagnostics	2026-10-07T17:45:19.9342523Z       ],
verify	Recover stopped G5 original compiler diagnostics	2026-10-07T17:45:19.9342754Z       "destination": "UnifiedLean/Source/SourceForestPulseTransport.lean"
verify	Recover stopped G5 original compiler diagnostics	2026-10-07T17:45:19.9342838Z     },
verify	Recover stopped G5 original compiler diagnostics	2026-10-07T17:45:19.9343000Z     "UnifiedLean.Source.SourceForestPulseMeasure": {
verify	Recover stopped G5 original compiler diagnostics	2026-10-07T17:45:19.9343469Z       "source": "research/2026-10-04-dot-verified-lean-825-0203z/package/baseline/UnifiedLean/Source/SourceForestPulseMeasure.lean",
verify	Recover stopped G5 original compiler diagnostics	2026-10-07T17:45:19.9343883Z       "sha256": "04a3a1c1f027903e62b77f966639c80da77aaa776871a0d9bd0657eac35b9e4f",
verify	Recover stopped G5 original compiler diagnostics	2026-10-07T17:45:19.9343995Z       "authority": "baseline",
verify	Recover stopped G5 original compiler diagnostics	2026-10-07T17:45:19.9344081Z       "imports": [
verify	Recover stopped G5 original compiler diagnostics	2026-10-07T17:45:19.9344258Z         "UnifiedLean.Source.SourceForestPulseTransport",
verify	Recover stopped G5 original compiler diagnostics	2026-10-07T17:45:19.9344425Z         "Mathlib.Probability.Distributions.Bernoulli",
verify	Recover stopped G5 original compiler diagnostics	2026-10-07T17:45:19.9344573Z         "Mathlib.MeasureTheory.Constructions.Pi"
verify	Recover stopped G5 original compiler diagnostics	2026-10-07T17:45:19.9344656Z       ],
verify	Recover stopped G5 original compiler diagnostics	2026-10-07T17:45:19.9344875Z       "destination": "UnifiedLean/Source/SourceForestPulseMeasure.lean"
verify	Recover stopped G5 original compiler diagnostics	2026-10-07T17:45:19.9344955Z     },
verify	Recover stopped G5 original compiler diagnostics	2026-10-07T17:45:19.9345117Z     "UnifiedLean.Source.SourceForestCommonPulse": {
verify	Recover stopped G5 original compiler diagnostics	2026-10-07T17:45:19.9345593Z       "source": "research/2026-10-04-dot-verified-lean-825-0203z/package/baseline/UnifiedLean/Source/SourceForestCommonPulse.lean",
verify	Recover stopped G5 original compiler diagnostics	2026-10-07T17:45:19.9345849Z       "sha256": "cac1082f66a84b943dbc8ba9f2e8082ce12bbb42a4b1503e31722597b0faa138",
verify	Recover stopped G5 original compiler diagnostics	2026-10-07T17:45:19.9345954Z       "authority": "baseline",
verify	Recover stopped G5 original compiler diagnostics	2026-10-07T17:45:19.9346050Z       "imports": [
verify	Recover stopped G5 original compiler diagnostics	2026-10-07T17:45:19.9346215Z         "UnifiedLean.Source.SourceForestPulseTransport"
verify	Recover stopped G5 original compiler diagnostics	2026-10-07T17:45:19.9346412Z       ],
verify	Recover stopped G5 original compiler diagnostics	2026-10-07T17:45:19.9346628Z       "destination": "UnifiedLean/Source/SourceForestCommonPulse.lean"
verify	Recover stopped G5 original compiler diagnostics	2026-10-07T17:45:19.9346709Z     },
verify	Recover stopped G5 original compiler diagnostics	2026-10-07T17:45:19.9346863Z     "UnifiedLean.Source.SourceBoundaryKernels": {
verify	Recover stopped G5 original compiler diagnostics	2026-10-07T17:45:19.9347322Z       "source": "research/2026-10-04-dot-verified-lean-825-0203z/package/baseline/UnifiedLean/Source/SourceBoundaryKernels.lean",
verify	Recover stopped G5 original compiler diagnostics	2026-10-07T17:45:19.9347560Z       "sha256": "994b25e798e39889a56084b267c3e896580cd21e902764c3c6922d9bfdd6070d",
verify	Recover stopped G5 original compiler diagnostics	2026-10-07T17:45:19.9347661Z       "authority": "baseline",
verify	Recover stopped G5 original compiler diagnostics	2026-10-07T17:45:19.9347752Z       "imports": [
verify	Recover stopped G5 original compiler diagnostics	2026-10-07T17:45:19.9347906Z         "UnifiedLean.Source.SourceFiniteProjection",
verify	Recover stopped G5 original compiler diagnostics	2026-10-07T17:45:19.9348075Z         "UnifiedLean.Source.SourceForestPulseMeasure",
verify	Recover stopped G5 original compiler diagnostics	2026-10-07T17:45:19.9348235Z         "UnifiedLean.Source.SourceForestCommonPulse"
verify	Recover stopped G5 original compiler diagnostics	2026-10-07T17:45:19.9348318Z       ],
verify	Recover stopped G5 original compiler diagnostics	2026-10-07T17:45:19.9348527Z       "destination": "UnifiedLean/Source/SourceBoundaryKernels.lean"
verify	Recover stopped G5 original compiler diagnostics	2026-10-07T17:45:19.9348607Z     },
verify	Recover stopped G5 original compiler diagnostics	2026-10-07T17:45:19.9348775Z     "UnifiedLean.Source.SourceBoundaryProjection": {
verify	Recover stopped G5 original compiler diagnostics	2026-10-07T17:45:19.9349233Z       "source": "research/2026-10-04-dot-verified-lean-825-0203z/package/baseline/UnifiedLean/Source/SourceBoundaryProjection.lean",
verify	Recover stopped G5 original compiler diagnostics	2026-10-07T17:45:19.9349491Z       "sha256": "f1cb1e557b5f08cba2d37465bc4386bc6adc2f19fd12a132f7d6f835b1e24f0f",
verify	Recover stopped G5 original compiler diagnostics	2026-10-07T17:45:19.9349594Z       "authority": "baseline",
verify	Recover stopped G5 original compiler diagnostics	2026-10-07T17:45:19.9349686Z       "imports": [
verify	Recover stopped G5 original compiler diagnostics	2026-10-07T17:45:19.9349838Z         "UnifiedLean.Source.SourceBoundaryKernels"
verify	Recover stopped G5 original compiler diagnostics	2026-10-07T17:45:19.9349916Z       ],
verify	Recover stopped G5 original compiler diagnostics	2026-10-07T17:45:19.9350140Z       "destination": "UnifiedLean/Source/SourceBoundaryProjection.lean"
verify	Recover stopped G5 original compiler diagnostics	2026-10-07T17:45:19.9350217Z     },
verify	Recover stopped G5 original compiler diagnostics	2026-10-07T17:45:19.9350382Z     "UnifiedLean.Source.SourceProgramTransport": {
verify	Recover stopped G5 original compiler diagnostics	2026-10-07T17:45:19.9350843Z       "source": "research/2026-10-04-dot-verified-lean-825-0203z/package/baseline/UnifiedLean/Source/SourceProgramTransport.lean",
verify	Recover stopped G5 original compiler diagnostics	2026-10-07T17:45:19.9351111Z       "sha256": "d009fdfc510bfcaffaeea3bc241401eaf2996178ff4b82376eb22f1e49387831",
verify	Recover stopped G5 original compiler diagnostics	2026-10-07T17:45:19.9351217Z       "authority": "baseline",
verify	Recover stopped G5 original compiler diagnostics	2026-10-07T17:45:19.9351304Z       "imports": [
verify	Recover stopped G5 original compiler diagnostics	2026-10-07T17:45:19.9351471Z         "UnifiedLean.Source.SourceBoundaryProjection",
verify	Recover stopped G5 original compiler diagnostics	2026-10-07T17:45:19.9351611Z         "UnifiedLean.Source.SourcePoissonKernel"
verify	Recover stopped G5 original compiler diagnostics	2026-10-07T17:45:19.9351695Z       ],
verify	Recover stopped G5 original compiler diagnostics	2026-10-07T17:45:19.9351901Z       "destination": "UnifiedLean/Source/SourceProgramTransport.lean"
verify	Recover stopped G5 original compiler diagnostics	2026-10-07T17:45:19.9351983Z     },
verify	Recover stopped G5 original compiler diagnostics	2026-10-07T17:45:19.9352146Z     "UnifiedLean.Source.SourceCalendarCompiler": {
verify	Recover stopped G5 original compiler diagnostics	2026-10-07T17:45:19.9352731Z       "source": "research/2026-10-04-dot-verified-lean-825-0203z/package/baseline/UnifiedLean/Source/SourceCalendarCompiler.lean",
verify	Recover stopped G5 original compiler diagnostics	2026-10-07T17:45:19.9352981Z       "sha256": "9974446d99fa344593d294e315e349ab71fdbe7574e932bb8b1a16ee1b2369fd",
verify	Recover stopped G5 original compiler diagnostics	2026-10-07T17:45:19.9353230Z       "authority": "baseline",
verify	Recover stopped G5 original compiler diagnostics	2026-10-07T17:45:19.9353322Z       "imports": [
verify	Recover stopped G5 original compiler diagnostics	2026-10-07T17:45:19.9353501Z         "UnifiedLean.Source.SourceCalendarCompatibility",
verify	Recover stopped G5 original compiler diagnostics	2026-10-07T17:45:19.9353662Z         "UnifiedLean.Source.SourceProgramTransport",
verify	Recover stopped G5 original compiler diagnostics	2026-10-07T17:45:19.9353812Z         "UnifiedLean.Source.NativeParentRouting",
verify	Recover stopped G5 original compiler diagnostics	2026-10-07T17:45:19.9353922Z         "Mathlib.Data.Finset.Sort"
verify	Recover stopped G5 original compiler diagnostics	2026-10-07T17:45:19.9354006Z       ],
verify	Recover stopped G5 original compiler diagnostics	2026-10-07T17:45:19.9354213Z       "destination": "UnifiedLean/Source/SourceCalendarCompiler.lean"
verify	Recover stopped G5 original compiler diagnostics	2026-10-07T17:45:19.9354293Z     },
verify	Recover stopped G5 original compiler diagnostics	2026-10-07T17:45:19.9354450Z     "UnifiedLean.Source.SourceBoundaryLocations": {
verify	Recover stopped G5 original compiler diagnostics	2026-10-07T17:45:19.9354914Z       "source": "research/2026-10-04-dot-verified-lean-825-0203z/package/baseline/UnifiedLean/Source/SourceBoundaryLocations.lean",
verify	Recover stopped G5 original compiler diagnostics	2026-10-07T17:45:19.9355158Z       "sha256": "f7c050056e121c7e0e12eb071383cb1369e8fe9de887d7ad875a76904d48de5b",
verify	Recover stopped G5 original compiler diagnostics	2026-10-07T17:45:19.9355262Z       "authority": "baseline",
verify	Recover stopped G5 original compiler diagnostics	2026-10-07T17:45:19.9355353Z       "imports": [
verify	Recover stopped G5 original compiler diagnostics	2026-10-07T17:45:19.9355506Z         "UnifiedLean.Source.SourceCalendarCompiler"
verify	Recover stopped G5 original compiler diagnostics	2026-10-07T17:45:19.9355720Z       ],
verify	Recover stopped G5 original compiler diagnostics	2026-10-07T17:45:19.9355927Z       "destination": "UnifiedLean/Source/SourceBoundaryLocations.lean"
verify	Recover stopped G5 original compiler diagnostics	2026-10-07T17:45:19.9356011Z     },
verify	Recover stopped G5 original compiler diagnostics	2026-10-07T17:45:19.9356155Z     "UnifiedLean.Source.SourceCalendarTiming": {
verify	Recover stopped G5 original compiler diagnostics	2026-10-07T17:45:19.9356601Z       "source": "research/2026-10-04-dot-verified-lean-825-0203z/package/baseline/UnifiedLean/Source/SourceCalendarTiming.lean",
verify	Recover stopped G5 original compiler diagnostics	2026-10-07T17:45:19.9356850Z       "sha256": "5e534089f17dc7d9ab40338cb0ca75789e0951bb6b5893ba24d514b8cd07d4f8",
verify	Recover stopped G5 original compiler diagnostics	2026-10-07T17:45:19.9356952Z       "authority": "baseline",
verify	Recover stopped G5 original compiler diagnostics	2026-10-07T17:45:19.9357044Z       "imports": [
verify	Recover stopped G5 original compiler diagnostics	2026-10-07T17:45:19.9357195Z         "UnifiedLean.Source.SourceCalendarCompiler"
verify	Recover stopped G5 original compiler diagnostics	2026-10-07T17:45:19.9357279Z       ],
verify	Recover stopped G5 original compiler diagnostics	2026-10-07T17:45:19.9357478Z       "destination": "UnifiedLean/Source/SourceCalendarTiming.lean"
verify	Recover stopped G5 original compiler diagnostics	2026-10-07T17:45:19.9357562Z     },
verify	Recover stopped G5 original compiler diagnostics	2026-10-07T17:45:19.9357759Z     "UnifiedLean.Source.SourceCalendarPhysicalSupport": {
verify	Recover stopped G5 original compiler diagnostics	2026-10-07T17:45:19.9358246Z       "source": "research/2026-10-04-dot-verified-lean-825-0203z/package/baseline/UnifiedLean/Source/SourceCalendarPhysicalSupport.lean",
verify	Recover stopped G5 original compiler diagnostics	2026-10-07T17:45:19.9358498Z       "sha256": "e725dd61c850d3f5f92925c0de08122dd25f9d1660d9264d1ac47eb4d2bc88bf",
verify	Recover stopped G5 original compiler diagnostics	2026-10-07T17:45:19.9358596Z       "authority": "baseline",
verify	Recover stopped G5 original compiler diagnostics	2026-10-07T17:45:19.9358687Z       "imports": [
verify	Recover stopped G5 original compiler diagnostics	2026-10-07T17:45:19.9358845Z         "UnifiedLean.Source.SourceBoundaryLocations",
verify	Recover stopped G5 original compiler diagnostics	2026-10-07T17:45:19.9358993Z         "UnifiedLean.Source.SourceCalendarTiming"
verify	Recover stopped G5 original compiler diagnostics	2026-10-07T17:45:19.9359074Z       ],
verify	Recover stopped G5 original compiler diagnostics	2026-10-07T17:45:19.9359313Z       "destination": "UnifiedLean/Source/SourceCalendarPhysicalSupport.lean"
verify	Recover stopped G5 original compiler diagnostics	2026-10-07T17:45:19.9359395Z     },
verify	Recover stopped G5 original compiler diagnostics	2026-10-07T17:45:19.9359563Z     "UnifiedLean.Source.SourceInitializedCalendar": {
verify	Recover stopped G5 original compiler diagnostics	2026-10-07T17:45:19.9360040Z       "source": "research/2026-10-04-dot-verified-lean-825-0203z/package/baseline/UnifiedLean/Source/SourceInitializedCalendar.lean",
verify	Recover stopped G5 original compiler diagnostics	2026-10-07T17:45:19.9360295Z       "sha256": "47ea73231fbfa732495e4fc5f42f1374e2ef505bfe3d4073b6cc2bed3fcc5535",
verify	Recover stopped G5 original compiler diagnostics	2026-10-07T17:45:19.9360398Z       "authority": "baseline",
verify	Recover stopped G5 original compiler diagnostics	2026-10-07T17:45:19.9360494Z       "imports": [
verify	Recover stopped G5 original compiler diagnostics	2026-10-07T17:45:19.9360671Z         "UnifiedLean.Source.SourceCalendarPhysicalSupport"
verify	Recover stopped G5 original compiler diagnostics	2026-10-07T17:45:19.9360755Z       ],
verify	Recover stopped G5 original compiler diagnostics	2026-10-07T17:45:19.9360973Z       "destination": "UnifiedLean/Source/SourceInitializedCalendar.lean"
verify	Recover stopped G5 original compiler diagnostics	2026-10-07T17:45:19.9361056Z     },
verify	Recover stopped G5 original compiler diagnostics	2026-10-07T17:45:19.9361219Z     "UnifiedLean.Source.SourceActualHoldingClocks": {
verify	Recover stopped G5 original compiler diagnostics	2026-10-07T17:45:19.9361697Z       "source": "research/2026-10-04-dot-verified-lean-825-0203z/package/baseline/UnifiedLean/Source/SourceActualHoldingClocks.lean",
verify	Recover stopped G5 original compiler diagnostics	2026-10-07T17:45:19.9361939Z       "sha256": "498417275660b696c24f4c8cd83d84532a96f14b82f35bc3e49217c154e8c677",
verify	Recover stopped G5 original compiler diagnostics	2026-10-07T17:45:19.9362042Z       "authority": "baseline",
verify	Recover stopped G5 original compiler diagnostics	2026-10-07T17:45:19.9362136Z       "imports": [
verify	Recover stopped G5 original compiler diagnostics	2026-10-07T17:45:19.9362515Z         "UnifiedLean.Source.SourceEpochSemigroup",
verify	Recover stopped G5 original compiler diagnostics	2026-10-07T17:45:19.9362684Z         "UnifiedLean.Source.SourceInitializedCalendar"
verify	Recover stopped G5 original compiler diagnostics	2026-10-07T17:45:19.9362769Z       ],
verify	Recover stopped G5 original compiler diagnostics	2026-10-07T17:45:19.9362994Z       "destination": "UnifiedLean/Source/SourceActualHoldingClocks.lean"
verify	Recover stopped G5 original compiler diagnostics	2026-10-07T17:45:19.9363089Z     },
verify	Recover stopped G5 original compiler diagnostics	2026-10-07T17:45:19.9363255Z     "UnifiedLean.Source.SourceFirstMergerMark": {
verify	Recover stopped G5 original compiler diagnostics	2026-10-07T17:45:19.9363710Z       "source": "research/2026-10-04-dot-verified-lean-825-0203z/package/baseline/UnifiedLean/Source/SourceFirstMergerMark.lean",
verify	Recover stopped G5 original compiler diagnostics	2026-10-07T17:45:19.9363959Z       "sha256": "2bc08f45d7ea76476f6fe485cdce68293a3d44cbc3b2aa108b6b45ce5d1182d1",
verify	Recover stopped G5 original compiler diagnostics	2026-10-07T17:45:19.9364068Z       "authority": "baseline",
verify	Recover stopped G5 original compiler diagnostics	2026-10-07T17:45:19.9364155Z       "imports": [
verify	Recover stopped G5 original compiler diagnostics	2026-10-07T17:45:19.9364323Z         "UnifiedLean.Source.SourceActualHoldingClocks"
verify	Recover stopped G5 original compiler diagnostics	2026-10-07T17:45:19.9364405Z       ],
verify	Recover stopped G5 original compiler diagnostics	2026-10-07T17:45:19.9364608Z       "destination": "UnifiedLean/Source/SourceFirstMergerMark.lean"
verify	Recover stopped G5 original compiler diagnostics	2026-10-07T17:45:19.9364710Z     },
verify	Recover stopped G5 original compiler diagnostics	2026-10-07T17:45:19.9364889Z     "UnifiedLean.Source.SourceFirstMarkDistribution": {
verify	Recover stopped G5 original compiler diagnostics	2026-10-07T17:45:19.9365378Z       "source": "research/2026-10-04-dot-verified-lean-825-0203z/package/baseline/UnifiedLean/Source/SourceFirstMarkDistribution.lean",
verify	Recover stopped G5 original compiler diagnostics	2026-10-07T17:45:19.9365767Z       "sha256": "abd6230f1155ab6cf73bf3d4b55bbe04df408ca73caee81a8807b15b17e9ad29",
verify	Recover stopped G5 original compiler diagnostics	2026-10-07T17:45:19.9365876Z       "authority": "baseline",
verify	Recover stopped G5 original compiler diagnostics	2026-10-07T17:45:19.9365970Z       "imports": [
verify	Recover stopped G5 original compiler diagnostics	2026-10-07T17:45:19.9366120Z         "UnifiedLean.Source.SourceFirstMergerMark"
verify	Recover stopped G5 original compiler diagnostics	2026-10-07T17:45:19.9366205Z       ],
verify	Recover stopped G5 original compiler diagnostics	2026-10-07T17:45:19.9366436Z       "destination": "UnifiedLean/Source/SourceFirstMarkDistribution.lean"
verify	Recover stopped G5 original compiler diagnostics	2026-10-07T17:45:19.9366518Z     },
verify	Recover stopped G5 original compiler diagnostics	2026-10-07T17:45:19.9366675Z     "UnifiedLean.Source.SourceExponentialRace": {
verify	Recover stopped G5 original compiler diagnostics	2026-10-07T17:45:19.9367171Z       "source": "research/2026-10-04-dot-verified-lean-825-0203z/package/baseline/UnifiedLean/Source/SourceExponentialRace.lean",
verify	Recover stopped G5 original compiler diagnostics	2026-10-07T17:45:19.9367430Z       "sha256": "d979f1bf3bbbac3eb3c396991a513a3624f310bf03273890e13c6d5029931afe",
verify	Recover stopped G5 original compiler diagnostics	2026-10-07T17:45:19.9367545Z       "authority": "baseline",
verify	Recover stopped G5 original compiler diagnostics	2026-10-07T17:45:19.9367638Z       "imports": [
verify	Recover stopped G5 original compiler diagnostics	2026-10-07T17:45:19.9367818Z         "UnifiedLean.Source.SourceFirstMarkDistribution",
verify	Recover stopped G5 original compiler diagnostics	2026-10-07T17:45:19.9367966Z         "Mathlib.MeasureTheory.Integral.Prod",
verify	Recover stopped G5 original compiler diagnostics	2026-10-07T17:45:19.9368125Z         "Mathlib.MeasureTheory.Integral.Lebesgue.Map"
verify	Recover stopped G5 original compiler diagnostics	2026-10-07T17:45:19.9368207Z       ],
verify	Recover stopped G5 original compiler diagnostics	2026-10-07T17:45:19.9368417Z       "destination": "UnifiedLean/Source/SourceExponentialRace.lean"
verify	Recover stopped G5 original compiler diagnostics	2026-10-07T17:45:19.9368492Z     },
verify	Recover stopped G5 original compiler diagnostics	2026-10-07T17:45:19.9368679Z     "UnifiedLean.Source.SourceExponentialRaceDensity": {
verify	Recover stopped G5 original compiler diagnostics	2026-10-07T17:45:19.9369167Z       "source": "research/2026-10-04-dot-verified-lean-825-0203z/package/baseline/UnifiedLean/Source/SourceExponentialRaceDensity.lean",
verify	Recover stopped G5 original compiler diagnostics	2026-10-07T17:45:19.9369411Z       "sha256": "3fa36827b3553923fa1c1d48db4b2823c7b53e589696c3a1476f9aac8f760c29",
verify	Recover stopped G5 original compiler diagnostics	2026-10-07T17:45:19.9369514Z       "authority": "baseline",
verify	Recover stopped G5 original compiler diagnostics	2026-10-07T17:45:19.9369607Z       "imports": [
verify	Recover stopped G5 original compiler diagnostics	2026-10-07T17:45:19.9369761Z         "UnifiedLean.Source.SourceExponentialRace"
verify	Recover stopped G5 original compiler diagnostics	2026-10-07T17:45:19.9369837Z       ],
verify	Recover stopped G5 original compiler diagnostics	2026-10-07T17:45:19.9370082Z       "destination": "UnifiedLean/Source/SourceExponentialRaceDensity.lean"
verify	Recover stopped G5 original compiler diagnostics	2026-10-07T17:45:19.9370158Z     },
verify	Recover stopped G5 original compiler diagnostics	2026-10-07T17:45:19.9370333Z     "UnifiedLean.Source.SourceExponentialResiduals": {
verify	Recover stopped G5 original compiler diagnostics	2026-10-07T17:45:19.9370812Z       "source": "research/2026-10-04-dot-verified-lean-825-0203z/package/baseline/UnifiedLean/Source/SourceExponentialResiduals.lean",
verify	Recover stopped G5 original compiler diagnostics	2026-10-07T17:45:19.9371053Z       "sha256": "8861858b9309fd43e22424382c1f1513111514ef792354c7cf4b48a0ae4b19e7",
verify	Recover stopped G5 original compiler diagnostics	2026-10-07T17:45:19.9371162Z       "authority": "baseline",
verify	Recover stopped G5 original compiler diagnostics	2026-10-07T17:45:19.9371246Z       "imports": [
verify	Recover stopped G5 original compiler diagnostics	2026-10-07T17:45:19.9371425Z         "UnifiedLean.Source.SourceExponentialRaceDensity",
verify	Recover stopped G5 original compiler diagnostics	2026-10-07T17:45:19.9371621Z         "Mathlib.MeasureTheory.Constructions.BorelSpace.Order"
verify	Recover stopped G5 original compiler diagnostics	2026-10-07T17:45:19.9371703Z       ],
verify	Recover stopped G5 original compiler diagnostics	2026-10-07T17:45:19.9372092Z       "destination": "UnifiedLean/Source/SourceExponentialResiduals.lean"
verify	Recover stopped G5 original compiler diagnostics	2026-10-07T17:45:19.9372177Z     },
verify	Recover stopped G5 original compiler diagnostics	2026-10-07T17:45:19.9372481Z     "UnifiedLean.Source.SourceWinningClockReset": {
verify	Recover stopped G5 original compiler diagnostics	2026-10-07T17:45:19.9372964Z       "source": "research/2026-10-04-dot-verified-lean-825-0203z/package/baseline/UnifiedLean/Source/SourceWinningClockReset.lean",
verify	Recover stopped G5 original compiler diagnostics	2026-10-07T17:45:19.9373210Z       "sha256": "7a831640fec35d92f99e65e6f98e2874602fb5b040ff6b112c16b77a271f2038",
verify	Recover stopped G5 original compiler diagnostics	2026-10-07T17:45:19.9373313Z       "authority": "baseline",
verify	Recover stopped G5 original compiler diagnostics	2026-10-07T17:45:19.9373403Z       "imports": [
verify	Recover stopped G5 original compiler diagnostics	2026-10-07T17:45:19.9373573Z         "UnifiedLean.Source.SourceExponentialResiduals"
verify	Recover stopped G5 original compiler diagnostics	2026-10-07T17:45:19.9373655Z       ],
verify	Recover stopped G5 original compiler diagnostics	2026-10-07T17:45:19.9373872Z       "destination": "UnifiedLean/Source/SourceWinningClockReset.lean"
verify	Recover stopped G5 original compiler diagnostics	2026-10-07T17:45:19.9373949Z     },
verify	Recover stopped G5 original compiler diagnostics	2026-10-07T17:45:19.9374122Z     "UnifiedLean.Source.SourceMergerClockCatalogue": {
verify	Recover stopped G5 original compiler diagnostics	2026-10-07T17:45:19.9374600Z       "source": "research/2026-10-04-dot-verified-lean-825-0203z/package/baseline/UnifiedLean/Source/SourceMergerClockCatalogue.lean",
verify	Recover stopped G5 original compiler diagnostics	2026-10-07T17:45:19.9374853Z       "sha256": "147da19d2d89135e00c140b3a7a88cd3d53271954e5752a23e5e0ff30376a147",
verify	Recover stopped G5 original compiler diagnostics	2026-10-07T17:45:19.9375071Z       "authority": "baseline",
verify	Recover stopped G5 original compiler diagnostics	2026-10-07T17:45:19.9375167Z       "imports": [
verify	Recover stopped G5 original compiler diagnostics	2026-10-07T17:45:19.9375338Z         "UnifiedLean.Source.SourceWinningClockReset"
verify	Recover stopped G5 original compiler diagnostics	2026-10-07T17:45:19.9375415Z       ],
verify	Recover stopped G5 original compiler diagnostics	2026-10-07T17:45:19.9375643Z       "destination": "UnifiedLean/Source/SourceMergerClockCatalogue.lean"
verify	Recover stopped G5 original compiler diagnostics	2026-10-07T17:45:19.9375720Z     },
verify	Recover stopped G5 original compiler diagnostics	2026-10-07T17:45:19.9375900Z     "UnifiedLean.Source.SourceDestinationClockReset": {
verify	Recover stopped G5 original compiler diagnostics	2026-10-07T17:45:19.9376380Z       "source": "research/2026-10-04-dot-verified-lean-825-0203z/package/baseline/UnifiedLean/Source/SourceDestinationClockReset.lean",
verify	Recover stopped G5 original compiler diagnostics	2026-10-07T17:45:19.9376634Z       "sha256": "ec910abde269d665081f7c064b6567f45fca58ba26e183ab29e21037fb84344a",
verify	Recover stopped G5 original compiler diagnostics	2026-10-07T17:45:19.9376745Z       "authority": "baseline",
verify	Recover stopped G5 original compiler diagnostics	2026-10-07T17:45:19.9376832Z       "imports": [
verify	Recover stopped G5 original compiler diagnostics	2026-10-07T17:45:19.9377010Z         "UnifiedLean.Source.SourceMergerClockCatalogue",
verify	Recover stopped G5 original compiler diagnostics	2026-10-07T17:45:19.9377159Z         "Mathlib.Probability.Independence.Basic"
verify	Recover stopped G5 original compiler diagnostics	2026-10-07T17:45:19.9377246Z       ],
verify	Recover stopped G5 original compiler diagnostics	2026-10-07T17:45:19.9377474Z       "destination": "UnifiedLean/Source/SourceDestinationClockReset.lean"
verify	Recover stopped G5 original compiler diagnostics	2026-10-07T17:45:19.9377557Z     },
verify	Recover stopped G5 original compiler diagnostics	2026-10-07T17:45:19.9377703Z     "UnifiedLean.Source.SourceEpochRenewal": {
verify	Recover stopped G5 original compiler diagnostics	2026-10-07T17:45:19.9378151Z       "source": "research/2026-10-04-dot-verified-lean-825-0203z/package/baseline/UnifiedLean/Source/SourceEpochRenewal.lean",
verify	Recover stopped G5 original compiler diagnostics	2026-10-07T17:45:19.9378401Z       "sha256": "5035fb830ed695b7aac5525c28f24d528be3c1b9a2c2c6f831f23b3cc6692bef",
verify	Recover stopped G5 original compiler diagnostics	2026-10-07T17:45:19.9378504Z       "authority": "baseline",
verify	Recover stopped G5 original compiler diagnostics	2026-10-07T17:45:19.9378597Z       "imports": [
verify	Recover stopped G5 original compiler diagnostics	2026-10-07T17:45:19.9378772Z         "UnifiedLean.Source.SourceDestinationClockReset",
verify	Recover stopped G5 original compiler diagnostics	2026-10-07T17:45:19.9378926Z         "UnifiedLean.Source.SourceEpochSemigroup",
verify	Recover stopped G5 original compiler diagnostics	2026-10-07T17:45:19.9379096Z         "Mathlib.Analysis.SpecialFunctions.Exponential",
verify	Recover stopped G5 original compiler diagnostics	2026-10-07T17:45:19.9379276Z         "Mathlib.Analysis.Normed.Module.FiniteDimension",
verify	Recover stopped G5 original compiler diagnostics	2026-10-07T17:45:19.9379520Z         "Mathlib.MeasureTheory.Integral.IntervalIntegral.FundThmCalculus"
verify	Recover stopped G5 original compiler diagnostics	2026-10-07T17:45:19.9379603Z       ],
verify	Recover stopped G5 original compiler diagnostics	2026-10-07T17:45:19.9379803Z       "destination": "UnifiedLean/Source/SourceEpochRenewal.lean"
verify	Recover stopped G5 original compiler diagnostics	2026-10-07T17:45:19.9379880Z     },
verify	Recover stopped G5 original compiler diagnostics	2026-10-07T17:45:19.9380053Z     "UnifiedLean.Source.SourceFiniteJumpExpansion": {
verify	Recover stopped G5 original compiler diagnostics	2026-10-07T17:45:19.9380523Z       "source": "research/2026-10-04-dot-verified-lean-825-0203z/package/baseline/UnifiedLean/Source/SourceFiniteJumpExpansion.lean",
verify	Recover stopped G5 original compiler diagnostics	2026-10-07T17:45:19.9380783Z       "sha256": "6a14b2de7bcdf28ae3293a23adde3234da7adb5dd503cfd007b711f1a52d786b",
verify	Recover stopped G5 original compiler diagnostics	2026-10-07T17:45:19.9380893Z       "authority": "baseline",
verify	Recover stopped G5 original compiler diagnostics	2026-10-07T17:45:19.9380979Z       "imports": [
verify	Recover stopped G5 original compiler diagnostics	2026-10-07T17:45:19.9381128Z         "UnifiedLean.Source.SourceEpochRenewal"
verify	Recover stopped G5 original compiler diagnostics	2026-10-07T17:45:19.9381206Z       ],
verify	Recover stopped G5 original compiler diagnostics	2026-10-07T17:45:19.9381435Z       "destination": "UnifiedLean/Source/SourceFiniteJumpExpansion.lean"
verify	Recover stopped G5 original compiler diagnostics	2026-10-07T17:45:19.9381626Z     },
verify	Recover stopped G5 original compiler diagnostics	2026-10-07T17:45:19.9381801Z     "UnifiedLean.Source.SourceRaceWinnerSelection": {
verify	Recover stopped G5 original compiler diagnostics	2026-10-07T17:45:19.9382280Z       "source": "research/2026-10-04-dot-verified-lean-825-0203z/package/baseline/UnifiedLean/Source/SourceRaceWinnerSelection.lean",
verify	Recover stopped G5 original compiler diagnostics	2026-10-07T17:45:19.9382658Z       "sha256": "ad882b44f7fd97f5ac7e5b7e125cce7e7f6640c065ff616f08c85b26dd9d4caf",
verify	Recover stopped G5 original compiler diagnostics	2026-10-07T17:45:19.9382772Z       "authority": "baseline",
verify	Recover stopped G5 original compiler diagnostics	2026-10-07T17:45:19.9382863Z       "imports": [
verify	Recover stopped G5 original compiler diagnostics	2026-10-07T17:45:19.9383035Z         "UnifiedLean.Source.SourceFiniteJumpExpansion"
verify	Recover stopped G5 original compiler diagnostics	2026-10-07T17:45:19.9383113Z       ],
verify	Recover stopped G5 original compiler diagnostics	2026-10-07T17:45:19.9383333Z       "destination": "UnifiedLean/Source/SourceRaceWinnerSelection.lean"
verify	Recover stopped G5 original compiler diagnostics	2026-10-07T17:45:19.9383415Z     },
verify	Recover stopped G5 original compiler diagnostics	2026-10-07T17:45:19.9383586Z     "UnifiedLean.Source.SourceLiteralClockEndpoint": {
verify	Recover stopped G5 original compiler diagnostics	2026-10-07T17:45:19.9384078Z       "source": "research/2026-10-04-dot-verified-lean-825-0203z/package/baseline/UnifiedLean/Source/SourceLiteralClockEndpoint.lean",
verify	Recover stopped G5 original compiler diagnostics	2026-10-07T17:45:19.9384330Z       "sha256": "2f2f39f1ea044932788b412d32e3454bf8ff1ff1d65f48431e975352fbc9e7ba",
verify	Recover stopped G5 original compiler diagnostics	2026-10-07T17:45:19.9384439Z       "authority": "baseline",
verify	Recover stopped G5 original compiler diagnostics	2026-10-07T17:45:19.9384646Z       "imports": [
verify	Recover stopped G5 original compiler diagnostics	2026-10-07T17:45:19.9384812Z         "UnifiedLean.Source.SourceRaceWinnerSelection"
verify	Recover stopped G5 original compiler diagnostics	2026-10-07T17:45:19.9384893Z       ],
verify	Recover stopped G5 original compiler diagnostics	2026-10-07T17:45:19.9385119Z       "destination": "UnifiedLean/Source/SourceLiteralClockEndpoint.lean"
verify	Recover stopped G5 original compiler diagnostics	2026-10-07T17:45:19.9385201Z     },
verify	Recover stopped G5 original compiler diagnostics	2026-10-07T17:45:19.9385317Z     "G2LiteralMarkedClockTrace": {
verify	Recover stopped G5 original compiler diagnostics	2026-10-07T17:45:19.9385698Z       "source": "research/2026-10-06-dot-g2-marked-clock-extension-0903z/G2LiteralMarkedClockTrace.lean",
verify	Recover stopped G5 original compiler diagnostics	2026-10-07T17:45:19.9385948Z       "sha256": "c7360a7aad72b8f8a2fb4864ff4e9b6e7d576e01e68c8a7c1a594ef2d9e57b9a",
verify	Recover stopped G5 original compiler diagnostics	2026-10-07T17:45:19.9386364Z       "authority": "research/2026-10-07-dot-g2-accepted-source-preservation-0006z/SOURCE-AND-DEPENDENCY-PINS.json",
verify	Recover stopped G5 original compiler diagnostics	2026-10-07T17:45:19.9386455Z       "imports": [
verify	Recover stopped G5 original compiler diagnostics	2026-10-07T17:45:19.9386627Z         "UnifiedLean.Source.SourceLiteralClockEndpoint"
verify	Recover stopped G5 original compiler diagnostics	2026-10-07T17:45:19.9386711Z       ],
verify	Recover stopped G5 original compiler diagnostics	2026-10-07T17:45:19.9386889Z       "destination": "TimedG2/G2LiteralMarkedClockTrace.lean"
verify	Recover stopped G5 original compiler diagnostics	2026-10-07T17:45:19.9386973Z     },
verify	Recover stopped G5 original compiler diagnostics	2026-10-07T17:45:19.9387081Z     "G2ActualDecorationFold": {
verify	Recover stopped G5 original compiler diagnostics	2026-10-07T17:45:19.9387505Z       "source": "research/2026-10-07-dot-g2-calendar-tail-source-successor-0058z/sources/G2ActualDecorationFold.lean",
verify	Recover stopped G5 original compiler diagnostics	2026-10-07T17:45:19.9387758Z       "sha256": "8ca5f51130da2c7b513e70cd0b0d93a22fe9c4e706a63b590cab5407258f55be",
verify	Recover stopped G5 original compiler diagnostics	2026-10-07T17:45:19.9388174Z       "authority": "research/2026-10-07-dot-g2-calendar-tail-source-successor-0058z/SOURCE-AND-DEPENDENCY-PINS.json",
verify	Recover stopped G5 original compiler diagnostics	2026-10-07T17:45:19.9388266Z       "imports": [
verify	Recover stopped G5 original compiler diagnostics	2026-10-07T17:45:19.9388377Z         "G2SourceGraftDecoration",
verify	Recover stopped G5 original compiler diagnostics	2026-10-07T17:45:19.9388497Z         "G2LiteralMarkedClockTrace"
verify	Recover stopped G5 original compiler diagnostics	2026-10-07T17:45:19.9388573Z       ],
verify	Recover stopped G5 original compiler diagnostics	2026-10-07T17:45:19.9388740Z       "destination": "TimedG2/G2ActualDecorationFold.lean"
verify	Recover stopped G5 original compiler diagnostics	2026-10-07T17:45:19.9388826Z     },
verify	Recover stopped G5 original compiler diagnostics	2026-10-07T17:45:19.9388938Z     "G2DecorationMeasurability": {
verify	Recover stopped G5 original compiler diagnostics	2026-10-07T17:45:19.9389413Z       "source": "research/2026-10-07-dot-g2-chronological-decoration-integration-0139z/sources/G2DecorationMeasurability.lean",
verify	Recover stopped G5 original compiler diagnostics	2026-10-07T17:45:19.9389651Z       "sha256": "a016097f843583052f5c2b8a4c19899cb97d78052779c4771e22aa9603104338",
verify	Recover stopped G5 original compiler diagnostics	2026-10-07T17:45:19.9390108Z       "authority": "research/2026-10-07-dot-g2-chronological-decoration-integration-0139z/SOURCE-AND-DEPENDENCY-PINS.json",
verify	Recover stopped G5 original compiler diagnostics	2026-10-07T17:45:19.9390196Z       "imports": [
verify	Recover stopped G5 original compiler diagnostics	2026-10-07T17:45:19.9390310Z         "G2ActualDecorationFold"
verify	Recover stopped G5 original compiler diagnostics	2026-10-07T17:45:19.9390392Z       ],
verify	Recover stopped G5 original compiler diagnostics	2026-10-07T17:45:19.9390569Z       "destination": "TimedG2/G2DecorationMeasurability.lean"
verify	Recover stopped G5 original compiler diagnostics	2026-10-07T17:45:19.9390652Z     },
verify	Recover stopped G5 original compiler diagnostics	2026-10-07T17:45:19.9390758Z     "G2MarkedTraceRenewal": {
verify	Recover stopped G5 original compiler diagnostics	2026-10-07T17:45:19.9391166Z       "source": "research/2026-10-07-dot-g2-accepted-source-preservation-0006z/sources/G2MarkedTraceRenewal.lean",
verify	Recover stopped G5 original compiler diagnostics	2026-10-07T17:45:19.9391533Z       "sha256": "edbabf47f1429b8747c5d49a7d00d2762ad47ece635dfe00f1c59280a0b29603",
verify	Recover stopped G5 original compiler diagnostics	2026-10-07T17:45:19.9391947Z       "authority": "research/2026-10-07-dot-g2-accepted-source-preservation-0006z/SOURCE-AND-DEPENDENCY-PINS.json",
verify	Recover stopped G5 original compiler diagnostics	2026-10-07T17:45:19.9392045Z       "imports": [
verify	Recover stopped G5 original compiler diagnostics	2026-10-07T17:45:19.9392159Z         "G2LiteralMarkedClockTrace"
verify	Recover stopped G5 original compiler diagnostics	2026-10-07T17:45:19.9392243Z       ],
verify	Recover stopped G5 original compiler diagnostics	2026-10-07T17:45:19.9392528Z       "destination": "TimedG2/G2MarkedTraceRenewal.lean"
verify	Recover stopped G5 original compiler diagnostics	2026-10-07T17:45:19.9392615Z     },
verify	Recover stopped G5 original compiler diagnostics	2026-10-07T17:45:19.9392718Z     "G2LiteralEpochLaw": {
verify	Recover stopped G5 original compiler diagnostics	2026-10-07T17:45:19.9393111Z       "source": "research/2026-10-07-dot-g2-accepted-source-preservation-0006z/sources/G2LiteralEpochLaw.lean",
verify	Recover stopped G5 original compiler diagnostics	2026-10-07T17:45:19.9393365Z       "sha256": "9020ef5baaf8955097e69efac86b552cf80540211125d8f215bf1ca0bcecba7a",
verify	Recover stopped G5 original compiler diagnostics	2026-10-07T17:45:19.9393766Z       "authority": "research/2026-10-07-dot-g2-accepted-source-preservation-0006z/SOURCE-AND-DEPENDENCY-PINS.json",
verify	Recover stopped G5 original compiler diagnostics	2026-10-07T17:45:19.9393862Z       "imports": [
verify	Recover stopped G5 original compiler diagnostics	2026-10-07T17:45:19.9393971Z         "G2MarkedTraceRenewal"
verify	Recover stopped G5 original compiler diagnostics	2026-10-07T17:45:19.9394055Z       ],
verify	Recover stopped G5 original compiler diagnostics	2026-10-07T17:45:19.9394208Z       "destination": "TimedG2/G2LiteralEpochLaw.lean"
verify	Recover stopped G5 original compiler diagnostics	2026-10-07T17:45:19.9394408Z     },
verify	Recover stopped G5 original compiler diagnostics	2026-10-07T17:45:19.9394522Z     "G2ActualCalendarTrace": {
verify	Recover stopped G5 original compiler diagnostics	2026-10-07T17:45:19.9394917Z       "source": "research/2026-10-07-dot-g2-accepted-source-preservation-0006z/sources/G2ActualCalendarTrace.lean",
verify	Recover stopped G5 original compiler diagnostics	2026-10-07T17:45:19.9395172Z       "sha256": "cf709bcf2b686619c6f378dbe1a7690b6a19012a82a541ed34f3b0ff4af07ddd",
verify	Recover stopped G5 original compiler diagnostics	2026-10-07T17:45:19.9395565Z       "authority": "research/2026-10-07-dot-g2-accepted-source-preservation-0006z/SOURCE-AND-DEPENDENCY-PINS.json",
verify	Recover stopped G5 original compiler diagnostics	2026-10-07T17:45:19.9395670Z       "imports": [
verify	Recover stopped G5 original compiler diagnostics	2026-10-07T17:45:19.9395773Z         "G2LiteralEpochLaw",
verify	Recover stopped G5 original compiler diagnostics	2026-10-07T17:45:19.9395936Z         "UnifiedLean.Source.SourceProgramTransport"
verify	Recover stopped G5 original compiler diagnostics	2026-10-07T17:45:19.9396025Z       ],
verify	Recover stopped G5 original compiler diagnostics	2026-10-07T17:45:19.9396189Z       "destination": "TimedG2/G2ActualCalendarTrace.lean"
verify	Recover stopped G5 original compiler diagnostics	2026-10-07T17:45:19.9396272Z     },
verify	Recover stopped G5 original compiler diagnostics	2026-10-07T17:45:19.9396431Z     "UnifiedLean.Source.SourceEmbeddedJumpLaw": {
verify	Recover stopped G5 original compiler diagnostics	2026-10-07T17:45:19.9396899Z       "source": "research/2026-10-04-dot-verified-lean-825-0203z/package/baseline/UnifiedLean/Source/SourceEmbeddedJumpLaw.lean",
verify	Recover stopped G5 original compiler diagnostics	2026-10-07T17:45:19.9397143Z       "sha256": "560f2174634b137eca95c83616b2b50a4e7671f51cfd62c275a7f7c206890d37",
verify	Recover stopped G5 original compiler diagnostics	2026-10-07T17:45:19.9397251Z       "authority": "baseline",
verify	Recover stopped G5 original compiler diagnostics	2026-10-07T17:45:19.9397344Z       "imports": [
verify	Recover stopped G5 original compiler diagnostics	2026-10-07T17:45:19.9397513Z         "UnifiedLean.Source.SourceRaceWinnerSelection"
verify	Recover stopped G5 original compiler diagnostics	2026-10-07T17:45:19.9397597Z       ],
verify	Recover stopped G5 original compiler diagnostics	2026-10-07T17:45:19.9397804Z       "destination": "UnifiedLean/Source/SourceEmbeddedJumpLaw.lean"
verify	Recover stopped G5 original compiler diagnostics	2026-10-07T17:45:19.9397887Z     },
verify	Recover stopped G5 original compiler diagnostics	2026-10-07T17:45:19.9398068Z     "UnifiedLean.Source.NativeIndependentPairMixture": {
verify	Recover stopped G5 original compiler diagnostics	2026-10-07T17:45:19.9398571Z       "source": "research/2026-10-04-dot-verified-lean-825-0203z/package/baseline/UnifiedLean/Source/NativeIndependentPairMixture.lean",
verify	Recover stopped G5 original compiler diagnostics	2026-10-07T17:45:19.9398813Z       "sha256": "4e1107890e0e36967898c06251a1a7ed3305721860534b902a87b04d434e4c31",
verify	Recover stopped G5 original compiler diagnostics	2026-10-07T17:45:19.9398918Z       "authority": "baseline",
verify	Recover stopped G5 original compiler diagnostics	2026-10-07T17:45:19.9399014Z       "imports": [
verify	Recover stopped G5 original compiler diagnostics	2026-10-07T17:45:19.9399160Z         "UnifiedLean.Source.NativePairClockLaw",
verify	Recover stopped G5 original compiler diagnostics	2026-10-07T17:45:19.9399393Z         "Mathlib.Probability.ProbabilityMassFunction.Constructions",
verify	Recover stopped G5 original compiler diagnostics	2026-10-07T17:45:19.9399579Z         "Mathlib.MeasureTheory.Integral.Lebesgue.Countable"
verify	Recover stopped G5 original compiler diagnostics	2026-10-07T17:45:19.9399662Z       ],
verify	Recover stopped G5 original compiler diagnostics	2026-10-07T17:45:19.9399896Z       "destination": "UnifiedLean/Source/NativeIndependentPairMixture.lean"
verify	Recover stopped G5 original compiler diagnostics	2026-10-07T17:45:19.9399980Z     },
verify	Recover stopped G5 original compiler diagnostics	2026-10-07T17:45:19.9400166Z     "UnifiedLean.Source.SourceNaturalInitialization": {
verify	Recover stopped G5 original compiler diagnostics	2026-10-07T17:45:19.9400653Z       "source": "research/2026-10-04-dot-verified-lean-825-0203z/package/baseline/UnifiedLean/Source/SourceNaturalInitialization.lean",
verify	Recover stopped G5 original compiler diagnostics	2026-10-07T17:45:19.9400904Z       "sha256": "18050e86ebeb2d11ced94d0e3a2199f0c58b7ae4d7029288c28b0c893ec159e1",
verify	Recover stopped G5 original compiler diagnostics	2026-10-07T17:45:19.9401009Z       "authority": "baseline",
verify	Recover stopped G5 original compiler diagnostics	2026-10-07T17:45:19.9401217Z       "imports": [
verify	Recover stopped G5 original compiler diagnostics	2026-10-07T17:45:19.9401394Z         "UnifiedLean.Source.SourceInitializedCalendar",
verify	Recover stopped G5 original compiler diagnostics	2026-10-07T17:45:19.9401571Z         "UnifiedLean.Source.NativeIndependentPairMixture"
verify	Recover stopped G5 original compiler diagnostics	2026-10-07T17:45:19.9401662Z       ],
verify	Recover stopped G5 original compiler diagnostics	2026-10-07T17:45:19.9401894Z       "destination": "UnifiedLean/Source/SourceNaturalInitialization.lean"
verify	Recover stopped G5 original compiler diagnostics	2026-10-07T17:45:19.9401976Z     },
verify	Recover stopped G5 original compiler diagnostics	2026-10-07T17:45:19.9402149Z     "UnifiedLean.Source.SourceAncestralCompletion": {
verify	Recover stopped G5 original compiler diagnostics	2026-10-07T17:45:19.9402751Z       "source": "research/2026-10-04-dot-verified-lean-825-0203z/package/baseline/UnifiedLean/Source/SourceAncestralCompletion.lean",
verify	Recover stopped G5 original compiler diagnostics	2026-10-07T17:45:19.9403011Z       "sha256": "da44afa6b8039afb1f90128af2f1b62234f3dfd0197ef9399c52873bf865caa5",
verify	Recover stopped G5 original compiler diagnostics	2026-10-07T17:45:19.9403111Z       "authority": "baseline",
verify	Recover stopped G5 original compiler diagnostics	2026-10-07T17:45:19.9403206Z       "imports": [
verify	Recover stopped G5 original compiler diagnostics	2026-10-07T17:45:19.9403358Z         "UnifiedLean.Source.SourceEmbeddedJumpLaw",
verify	Recover stopped G5 original compiler diagnostics	2026-10-07T17:45:19.9403534Z         "UnifiedLean.Source.SourceNaturalInitialization"
verify	Recover stopped G5 original compiler diagnostics	2026-10-07T17:45:19.9403619Z       ],
verify	Recover stopped G5 original compiler diagnostics	2026-10-07T17:45:19.9403843Z       "destination": "UnifiedLean/Source/SourceAncestralCompletion.lean"
verify	Recover stopped G5 original compiler diagnostics	2026-10-07T17:45:19.9403923Z     },
verify	Recover stopped G5 original compiler diagnostics	2026-10-07T17:45:19.9404150Z     "G2FiniteAncestralTrace": {
verify	Recover stopped G5 original compiler diagnostics	2026-10-07T17:45:19.9404568Z       "source": "research/2026-10-07-dot-g2-accepted-source-preservation-0006z/sources/G2FiniteAncestralTrace.lean",
verify	Recover stopped G5 original compiler diagnostics	2026-10-07T17:45:19.9404811Z       "sha256": "00733330a10c2c2f8718e0a7e9c954ae4ac6c10631eee57231e22e3620bafb5a",
verify	Recover stopped G5 original compiler diagnostics	2026-10-07T17:45:19.9405225Z       "authority": "research/2026-10-07-dot-g2-accepted-source-preservation-0006z/SOURCE-AND-DEPENDENCY-PINS.json",
verify	Recover stopped G5 original compiler diagnostics	2026-10-07T17:45:19.9405317Z       "imports": [
verify	Recover stopped G5 original compiler diagnostics	2026-10-07T17:45:19.9405441Z         "G2LiteralMarkedClockTrace",
verify	Recover stopped G5 original compiler diagnostics	2026-10-07T17:45:19.9405607Z         "UnifiedLean.Source.SourceAncestralCompletion"
verify	Recover stopped G5 original compiler diagnostics	2026-10-07T17:45:19.9405692Z       ],
verify	Recover stopped G5 original compiler diagnostics	2026-10-07T17:45:19.9405861Z       "destination": "TimedG2/G2FiniteAncestralTrace.lean"
verify	Recover stopped G5 original compiler diagnostics	2026-10-07T17:45:19.9405938Z     },
verify	Recover stopped G5 original compiler diagnostics	2026-10-07T17:45:19.9406128Z     "UnifiedLean.Source.UnrankedGenealogyObservation": {
verify	Recover stopped G5 original compiler diagnostics	2026-10-07T17:45:19.9406619Z       "source": "research/2026-10-04-dot-verified-lean-825-0203z/package/baseline/UnifiedLean/Source/UnrankedGenealogyObservation.lean",
verify	Recover stopped G5 original compiler diagnostics	2026-10-07T17:45:19.9406877Z       "sha256": "1ee536501f1fc77c70eb9098af054ecf2a2c8cbdd9aef4375bd5cdda10ca73c8",
verify	Recover stopped G5 original compiler diagnostics	2026-10-07T17:45:19.9406979Z       "authority": "baseline",
verify	Recover stopped G5 original compiler diagnostics	2026-10-07T17:45:19.9407075Z       "imports": [
verify	Recover stopped G5 original compiler diagnostics	2026-10-07T17:45:19.9407256Z         "UnifiedLean.Source.SourceNaturalInitialization",
verify	Recover stopped G5 original compiler diagnostics	2026-10-07T17:45:19.9407369Z         "Mathlib.Data.Finset.Union"
verify	Recover stopped G5 original compiler diagnostics	2026-10-07T17:45:19.9407455Z       ],
verify	Recover stopped G5 original compiler diagnostics	2026-10-07T17:45:19.9407688Z       "destination": "UnifiedLean/Source/UnrankedGenealogyObservation.lean"
verify	Recover stopped G5 original compiler diagnostics	2026-10-07T17:45:19.9407774Z     },
verify	Recover stopped G5 original compiler diagnostics	2026-10-07T17:45:19.9407949Z     "UnifiedLean.Source.SourceCompletedUnrankedTree": {
verify	Recover stopped G5 original compiler diagnostics	2026-10-07T17:45:19.9408441Z       "source": "research/2026-10-04-dot-verified-lean-825-0203z/package/baseline/UnifiedLean/Source/SourceCompletedUnrankedTree.lean",
verify	Recover stopped G5 original compiler diagnostics	2026-10-07T17:45:19.9408696Z       "sha256": "a3f28f51080370eeb6d625685f89927ca983c00ab6ac6739533c20754e60f06b",
verify	Recover stopped G5 original compiler diagnostics	2026-10-07T17:45:19.9408799Z       "authority": "baseline",
verify	Recover stopped G5 original compiler diagnostics	2026-10-07T17:45:19.9408896Z       "imports": [
verify	Recover stopped G5 original compiler diagnostics	2026-10-07T17:45:19.9409061Z         "UnifiedLean.Source.SourceAncestralCompletion",
verify	Recover stopped G5 original compiler diagnostics	2026-10-07T17:45:19.9409243Z         "UnifiedLean.Source.UnrankedGenealogyObservation"
verify	Recover stopped G5 original compiler diagnostics	2026-10-07T17:45:19.9409322Z       ],
verify	Recover stopped G5 original compiler diagnostics	2026-10-07T17:45:19.9409559Z       "destination": "UnifiedLean/Source/SourceCompletedUnrankedTree.lean"
verify	Recover stopped G5 original compiler diagnostics	2026-10-07T17:45:19.9409643Z     },
verify	Recover stopped G5 original compiler diagnostics	2026-10-07T17:45:19.9409790Z     "UnifiedLean.Source.SourceAncestralDrift": {
verify	Recover stopped G5 original compiler diagnostics	2026-10-07T17:45:19.9410244Z       "source": "research/2026-10-04-dot-verified-lean-825-0203z/package/baseline/UnifiedLean/Source/SourceAncestralDrift.lean",
verify	Recover stopped G5 original compiler diagnostics	2026-10-07T17:45:19.9410486Z       "sha256": "258fa001910c1e483b782be4d7a01d239ebc5f53dda8f00348239643fdb88725",
verify	Recover stopped G5 original compiler diagnostics	2026-10-07T17:45:19.9410594Z       "authority": "baseline",
verify	Recover stopped G5 original compiler diagnostics	2026-10-07T17:45:19.9410800Z       "imports": [
verify	Recover stopped G5 original compiler diagnostics	2026-10-07T17:45:19.9410980Z         "UnifiedLean.Source.SourceCompletedUnrankedTree",
verify	Recover stopped G5 original compiler diagnostics	2026-10-07T17:45:19.9411134Z         "UnifiedLean.Source.SourceEpochRenewal"
verify	Recover stopped G5 original compiler diagnostics	2026-10-07T17:45:19.9411215Z       ],
verify	Recover stopped G5 original compiler diagnostics	2026-10-07T17:45:19.9411425Z       "destination": "UnifiedLean/Source/SourceAncestralDrift.lean"
verify	Recover stopped G5 original compiler diagnostics	2026-10-07T17:45:19.9411504Z     },
verify	Recover stopped G5 original compiler diagnostics	2026-10-07T17:45:19.9411687Z     "UnifiedLean.Source.SourceAncestralAbsorption": {
verify	Recover stopped G5 original compiler diagnostics	2026-10-07T17:45:19.9412167Z       "source": "research/2026-10-04-dot-verified-lean-825-0203z/package/baseline/UnifiedLean/Source/SourceAncestralAbsorption.lean",
verify	Recover stopped G5 original compiler diagnostics	2026-10-07T17:45:19.9412560Z       "sha256": "07b0d22fe372b38a1dd0e1256e0f328901ff74feb9a172a6748a19b903e06061",
verify	Recover stopped G5 original compiler diagnostics	2026-10-07T17:45:19.9412674Z       "authority": "baseline",
verify	Recover stopped G5 original compiler diagnostics	2026-10-07T17:45:19.9412764Z       "imports": [
verify	Recover stopped G5 original compiler diagnostics	2026-10-07T17:45:19.9412934Z         "UnifiedLean.Source.SourceAncestralDrift",
verify	Recover stopped G5 original compiler diagnostics	2026-10-07T17:45:19.9413095Z         "Mathlib.Analysis.SpecificLimits.Basic"
verify	Recover stopped G5 original compiler diagnostics	2026-10-07T17:45:19.9413178Z       ],
verify	Recover stopped G5 original compiler diagnostics	2026-10-07T17:45:19.9413407Z       "destination": "UnifiedLean/Source/SourceAncestralAbsorption.lean"
verify	Recover stopped G5 original compiler diagnostics	2026-10-07T17:45:19.9413490Z     },
verify	Recover stopped G5 original compiler diagnostics	2026-10-07T17:45:19.9413663Z     "UnifiedLean.Source.SourceCompletionHarmonic": {
verify	Recover stopped G5 original compiler diagnostics	2026-10-07T17:45:19.9414243Z       "source": "research/2026-10-04-dot-verified-lean-825-0203z/package/baseline/UnifiedLean/Source/SourceCompletionHarmonic.lean",
verify	Recover stopped G5 original compiler diagnostics	2026-10-07T17:45:19.9414491Z       "sha256": "5a15f085181e1f6f514d629db289db4a11d6b91032267ecf73a795b0a4f1bfd0",
verify	Recover stopped G5 original compiler diagnostics	2026-10-07T17:45:19.9414595Z       "authority": "baseline",
verify	Recover stopped G5 original compiler diagnostics	2026-10-07T17:45:19.9414688Z       "imports": [
verify	Recover stopped G5 original compiler diagnostics	2026-10-07T17:45:19.9414853Z         "UnifiedLean.Source.SourceAncestralAbsorption"
verify	Recover stopped G5 original compiler diagnostics	2026-10-07T17:45:19.9414938Z       ],
verify	Recover stopped G5 original compiler diagnostics	2026-10-07T17:45:19.9415162Z       "destination": "UnifiedLean/Source/SourceCompletionHarmonic.lean"
verify	Recover stopped G5 original compiler diagnostics	2026-10-07T17:45:19.9415239Z     },
verify	Recover stopped G5 original compiler diagnostics	2026-10-07T17:45:19.9415427Z     "UnifiedLean.Source.SourceEventualCompletionLimit": {
verify	Recover stopped G5 original compiler diagnostics	2026-10-07T17:45:19.9415920Z       "source": "research/2026-10-04-dot-verified-lean-825-0203z/package/baseline/UnifiedLean/Source/SourceEventualCompletionLimit.lean",
verify	Recover stopped G5 original compiler diagnostics	2026-10-07T17:45:19.9416179Z       "sha256": "0c886c979caa8725b7babd734c3bfabd5842c4aa065bd8886ce4a8abc24a33cd",
verify	Recover stopped G5 original compiler diagnostics	2026-10-07T17:45:19.9416283Z       "authority": "baseline",
verify	Recover stopped G5 original compiler diagnostics	2026-10-07T17:45:19.9416375Z       "imports": [
verify	Recover stopped G5 original compiler diagnostics	2026-10-07T17:45:19.9416539Z         "UnifiedLean.Source.SourceCompletionHarmonic"
verify	Recover stopped G5 original compiler diagnostics	2026-10-07T17:45:19.9416620Z       ],
verify	Recover stopped G5 original compiler diagnostics	2026-10-07T17:45:19.9416867Z       "destination": "UnifiedLean/Source/SourceEventualCompletionLimit.lean"
verify	Recover stopped G5 original compiler diagnostics	2026-10-07T17:45:19.9416945Z     },
verify	Recover stopped G5 original compiler diagnostics	2026-10-07T17:45:19.9417064Z     "G2AncestralTraceSourceLaw": {
verify	Recover stopped G5 original compiler diagnostics	2026-10-07T17:45:19.9417494Z       "source": "research/2026-10-07-dot-g2-accepted-source-preservation-0006z/sources/G2AncestralTraceSourceLaw.lean",
verify	Recover stopped G5 original compiler diagnostics	2026-10-07T17:45:19.9417743Z       "sha256": "641cf1285ad10ec18dab7a42d207147afb964485924912b9d53aee428927436a",
verify	Recover stopped G5 original compiler diagnostics	2026-10-07T17:45:19.9418160Z       "authority": "research/2026-10-07-dot-g2-accepted-source-preservation-0006z/SOURCE-AND-DEPENDENCY-PINS.json",
verify	Recover stopped G5 original compiler diagnostics	2026-10-07T17:45:19.9418253Z       "imports": [
verify	Recover stopped G5 original compiler diagnostics	2026-10-07T17:45:19.9418371Z         "G2FiniteAncestralTrace",
verify	Recover stopped G5 original compiler diagnostics	2026-10-07T17:45:19.9418475Z         "G2LiteralEpochLaw",
verify	Recover stopped G5 original compiler diagnostics	2026-10-07T17:45:19.9418668Z         "UnifiedLean.Source.SourceEventualCompletionLimit",
verify	Recover stopped G5 original compiler diagnostics	2026-10-07T17:45:19.9418891Z         "Mathlib.MeasureTheory.Constructions.BorelSpace.Metrizable",
verify	Recover stopped G5 original compiler diagnostics	2026-10-07T17:45:19.9419126Z         "Mathlib.MeasureTheory.Integral.Lebesgue.DominatedConvergence"
verify	Recover stopped G5 original compiler diagnostics	2026-10-07T17:45:19.9419211Z       ],
verify	Recover stopped G5 original compiler diagnostics	2026-10-07T17:45:19.9419385Z       "destination": "TimedG2/G2AncestralTraceSourceLaw.lean"
verify	Recover stopped G5 original compiler diagnostics	2026-10-07T17:45:19.9419468Z     },
verify	Recover stopped G5 original compiler diagnostics	2026-10-07T17:45:19.9419593Z     "G2CompleteCalendarAttachment": {
verify	Recover stopped G5 original compiler diagnostics	2026-10-07T17:45:19.9420044Z       "source": "research/2026-10-07-dot-g2-accepted-source-preservation-0006z/sources/G2CompleteCalendarAttachment.lean",
verify	Recover stopped G5 original compiler diagnostics	2026-10-07T17:45:19.9420300Z       "sha256": "aa34dd0dfc6f4d5b33b764f801eade71b3380e024f5bbfcf8549b508e0d5d40f",
verify	Recover stopped G5 original compiler diagnostics	2026-10-07T17:45:19.9420714Z       "authority": "research/2026-10-07-dot-g2-accepted-source-preservation-0006z/SOURCE-AND-DEPENDENCY-PINS.json",
verify	Recover stopped G5 original compiler diagnostics	2026-10-07T17:45:19.9420920Z       "imports": [
verify	Recover stopped G5 original compiler diagnostics	2026-10-07T17:45:19.9421028Z         "G2ActualCalendarTrace",
verify	Recover stopped G5 original compiler diagnostics	2026-10-07T17:45:19.9421154Z         "G2AncestralTraceSourceLaw",
verify	Recover stopped G5 original compiler diagnostics	2026-10-07T17:45:19.9421321Z         "UnifiedLean.Source.SourceInitializedCalendar",
verify	Recover stopped G5 original compiler diagnostics	2026-10-07T17:45:19.9421498Z         "UnifiedLean.Source.UnrankedGenealogyObservation"
verify	Recover stopped G5 original compiler diagnostics	2026-10-07T17:45:19.9421576Z       ],
verify	Recover stopped G5 original compiler diagnostics	2026-10-07T17:45:19.9421776Z       "destination": "TimedG2/G2CompleteCalendarAttachment.lean"
verify	Recover stopped G5 original compiler diagnostics	2026-10-07T17:45:19.9421859Z     },
verify	Recover stopped G5 original compiler diagnostics	2026-10-07T17:45:19.9421965Z     "G2LiteralCutResidual": {
verify	Recover stopped G5 original compiler diagnostics	2026-10-07T17:45:19.9422489Z       "source": "research/2026-10-07-dot-g2-accepted-source-preservation-0006z/sources/G2LiteralCutResidual.lean",
verify	Recover stopped G5 original compiler diagnostics	2026-10-07T17:45:19.9422747Z       "sha256": "e09e93c3ef68ea8b25ff72008a37306bfb8d0c2a8ef2b7082eb5c841fb8f1011",
verify	Recover stopped G5 original compiler diagnostics	2026-10-07T17:45:19.9423149Z       "authority": "research/2026-10-07-dot-g2-accepted-source-preservation-0006z/SOURCE-AND-DEPENDENCY-PINS.json",
verify	Recover stopped G5 original compiler diagnostics	2026-10-07T17:45:19.9423241Z       "imports": [
verify	Recover stopped G5 original compiler diagnostics	2026-10-07T17:45:19.9423352Z         "G2LiteralEpochLaw"
verify	Recover stopped G5 original compiler diagnostics	2026-10-07T17:45:19.9423438Z       ],
verify	Recover stopped G5 original compiler diagnostics	2026-10-07T17:45:19.9423713Z       "destination": "TimedG2/G2LiteralCutResidual.lean"
verify	Recover stopped G5 original compiler diagnostics	2026-10-07T17:45:19.9423799Z     },
verify	Recover stopped G5 original compiler diagnostics	2026-10-07T17:45:19.9423902Z     "G2MarkedTraceCuts": {
verify	Recover stopped G5 original compiler diagnostics	2026-10-07T17:45:19.9424293Z       "source": "research/2026-10-07-dot-g2-accepted-source-preservation-0006z/sources/G2MarkedTraceCuts.lean",
verify	Recover stopped G5 original compiler diagnostics	2026-10-07T17:45:19.9424541Z       "sha256": "aaa3688bee5774a700912c49d7ca134d17d4e6fee95c8542a3a0b65003f6a699",
verify	Recover stopped G5 original compiler diagnostics	2026-10-07T17:45:19.9424949Z       "authority": "research/2026-10-07-dot-g2-accepted-source-preservation-0006z/SOURCE-AND-DEPENDENCY-PINS.json",
verify	Recover stopped G5 original compiler diagnostics	2026-10-07T17:45:19.9425046Z       "imports": [
verify	Recover stopped G5 original compiler diagnostics	2026-10-07T17:45:19.9425164Z         "G2LiteralMarkedClockTrace"
verify	Recover stopped G5 original compiler diagnostics	2026-10-07T17:45:19.9425250Z       ],
verify	Recover stopped G5 original compiler diagnostics	2026-10-07T17:45:19.9425399Z       "destination": "TimedG2/G2MarkedTraceCuts.lean"
verify	Recover stopped G5 original compiler diagnostics	2026-10-07T17:45:19.9425493Z     },
verify	Recover stopped G5 original compiler diagnostics	2026-10-07T17:45:19.9425617Z     "G2MarkedTraceBudgetStability": {
verify	Recover stopped G5 original compiler diagnostics	2026-10-07T17:45:19.9426066Z       "source": "research/2026-10-07-dot-g2-accepted-source-preservation-0006z/sources/G2MarkedTraceBudgetStability.lean",
verify	Recover stopped G5 original compiler diagnostics	2026-10-07T17:45:19.9426319Z       "sha256": "6c8f1abb65ac251e0e5ad610d63a51d39b238c9d0ae7b33d5d709e3e8a2c4fea",
verify	Recover stopped G5 original compiler diagnostics	2026-10-07T17:45:19.9426726Z       "authority": "research/2026-10-07-dot-g2-accepted-source-preservation-0006z/SOURCE-AND-DEPENDENCY-PINS.json",
verify	Recover stopped G5 original compiler diagnostics	2026-10-07T17:45:19.9426821Z       "imports": [
verify	Recover stopped G5 original compiler diagnostics	2026-10-07T17:45:19.9426935Z         "G2LiteralMarkedClockTrace",
verify	Recover stopped G5 original compiler diagnostics	2026-10-07T17:45:19.9427042Z         "G2MarkedTraceCuts"
verify	Recover stopped G5 original compiler diagnostics	2026-10-07T17:45:19.9427120Z       ],
verify	Recover stopped G5 original compiler diagnostics	2026-10-07T17:45:19.9427313Z       "destination": "TimedG2/G2MarkedTraceBudgetStability.lean"
verify	Recover stopped G5 original compiler diagnostics	2026-10-07T17:45:19.9427392Z     },
verify	Recover stopped G5 original compiler diagnostics	2026-10-07T17:45:19.9427508Z     "G2SameClockContinuation": {
verify	Recover stopped G5 original compiler diagnostics	2026-10-07T17:45:19.9427928Z       "source": "research/2026-10-07-dot-g2-accepted-source-preservation-0006z/sources/G2SameClockContinuation.lean",
verify	Recover stopped G5 original compiler diagnostics	2026-10-07T17:45:19.9428178Z       "sha256": "9dfef60676c1333670f00a7a3fb180487ea622ee3d67ced1492baebe32b777e6",
verify	Recover stopped G5 original compiler diagnostics	2026-10-07T17:45:19.9428587Z       "authority": "research/2026-10-07-dot-g2-accepted-source-preservation-0006z/SOURCE-AND-DEPENDENCY-PINS.json",
verify	Recover stopped G5 original compiler diagnostics	2026-10-07T17:45:19.9428682Z       "imports": [
verify	Recover stopped G5 original compiler diagnostics	2026-10-07T17:45:19.9428792Z         "G2LiteralCutResidual",
verify	Recover stopped G5 original compiler diagnostics	2026-10-07T17:45:19.9428917Z         "G2MarkedTraceBudgetStability"
verify	Recover stopped G5 original compiler diagnostics	2026-10-07T17:45:19.9429002Z       ],
verify	Recover stopped G5 original compiler diagnostics	2026-10-07T17:45:19.9429179Z       "destination": "TimedG2/G2SameClockContinuation.lean"
verify	Recover stopped G5 original compiler diagnostics	2026-10-07T17:45:19.9429256Z     },
verify	Recover stopped G5 original compiler diagnostics	2026-10-07T17:45:19.9429379Z     "G2HistoryResidualAttachment": {
verify	Recover stopped G5 original compiler diagnostics	2026-10-07T17:45:19.9429815Z       "source": "research/2026-10-07-dot-g2-accepted-source-preservation-0006z/sources/G2HistoryResidualAttachment.lean",
verify	Recover stopped G5 original compiler diagnostics	2026-10-07T17:45:19.9430074Z       "sha256": "3c84f22ebdcc417af5bae995cb3706c0b2098f07947ab5e5918fb07307f7e298",
verify	Recover stopped G5 original compiler diagnostics	2026-10-07T17:45:19.9430473Z       "authority": "research/2026-10-07-dot-g2-accepted-source-preservation-0006z/SOURCE-AND-DEPENDENCY-PINS.json",
verify	Recover stopped G5 original compiler diagnostics	2026-10-07T17:45:19.9430680Z       "imports": [
verify	Recover stopped G5 original compiler diagnostics	2026-10-07T17:45:19.9430794Z         "G2LiteralCutResidual"
verify	Recover stopped G5 original compiler diagnostics	2026-10-07T17:45:19.9430875Z       ],
verify	Recover stopped G5 original compiler diagnostics	2026-10-07T17:45:19.9431068Z       "destination": "TimedG2/G2HistoryResidualAttachment.lean"
verify	Recover stopped G5 original compiler diagnostics	2026-10-07T17:45:19.9431148Z     },
verify	Recover stopped G5 original compiler diagnostics	2026-10-07T17:45:19.9431269Z     "G2CutFutureSourceBinding": {
verify	Recover stopped G5 original compiler diagnostics	2026-10-07T17:45:19.9431689Z       "source": "research/2026-10-07-dot-g2-accepted-source-preservation-0006z/sources/G2CutFutureSourceBinding.lean",
verify	Recover stopped G5 original compiler diagnostics	2026-10-07T17:45:19.9431946Z       "sha256": "b95300a4096e50d524bad664e51a4c04bc20384d070dfbbecf0e3b7e8ab42190",
verify	Recover stopped G5 original compiler diagnostics	2026-10-07T17:45:19.9432625Z       "authority": "research/2026-10-07-dot-g2-accepted-source-preservation-0006z/SOURCE-AND-DEPENDENCY-PINS.json",
verify	Recover stopped G5 original compiler diagnostics	2026-10-07T17:45:19.9432774Z       "imports": [
verify	Recover stopped G5 original compiler diagnostics	2026-10-07T17:45:19.9432938Z         "G2HistoryResidualAttachment"
verify	Recover stopped G5 original compiler diagnostics	2026-10-07T17:45:19.9433025Z       ],
verify	Recover stopped G5 original compiler diagnostics	2026-10-07T17:45:19.9433209Z       "destination": "TimedG2/G2CutFutureSourceBinding.lean"
verify	Recover stopped G5 original compiler diagnostics	2026-10-07T17:45:19.9433292Z     },
verify	Recover stopped G5 original compiler diagnostics	2026-10-07T17:45:19.9433413Z     "G2SameClockPastFutureLaw": {
verify	Recover stopped G5 original compiler diagnostics	2026-10-07T17:45:19.9433836Z       "source": "research/2026-10-07-dot-g2-accepted-source-preservation-0006z/sources/G2SameClockPastFutureLaw.lean",
verify	Recover stopped G5 original compiler diagnostics	2026-10-07T17:45:19.9434230Z       "sha256": "bf28fae9d12fd6c381cbae64e5bff0b944fe9fe9dceb051b9b470f19b5432930",
verify	Recover stopped G5 original compiler diagnostics	2026-10-07T17:45:19.9434638Z       "authority": "research/2026-10-07-dot-g2-accepted-source-preservation-0006z/SOURCE-AND-DEPENDENCY-PINS.json",
verify	Recover stopped G5 original compiler diagnostics	2026-10-07T17:45:19.9434729Z       "imports": [
verify	Recover stopped G5 original compiler diagnostics	2026-10-07T17:45:19.9434851Z         "G2CutFutureSourceBinding",
verify	Recover stopped G5 original compiler diagnostics	2026-10-07T17:45:19.9434963Z         "G2SameClockContinuation"
verify	Recover stopped G5 original compiler diagnostics	2026-10-07T17:45:19.9435049Z       ],
verify	Recover stopped G5 original compiler diagnostics	2026-10-07T17:45:19.9435232Z       "destination": "TimedG2/G2SameClockPastFutureLaw.lean"
verify	Recover stopped G5 original compiler diagnostics	2026-10-07T17:45:19.9435309Z     },
verify	Recover stopped G5 original compiler diagnostics	2026-10-07T17:45:19.9435431Z     "G2EpochHistoryReadout": {
verify	Recover stopped G5 original compiler diagnostics	2026-10-07T17:45:19.9435827Z       "source": "research/2026-10-07-dot-g2-accepted-source-preservation-0006z/sources/G2EpochHistoryReadout.lean",
verify	Recover stopped G5 original compiler diagnostics	2026-10-07T17:45:19.9436086Z       "sha256": "f3d6598cff77c87219efb74e9a361b3ac7c92c35862d2d259932e6f4f5b904d7",
verify	Recover stopped G5 original compiler diagnostics	2026-10-07T17:45:19.9436486Z       "authority": "research/2026-10-07-dot-g2-accepted-source-preservation-0006z/SOURCE-AND-DEPENDENCY-PINS.json",
verify	Recover stopped G5 original compiler diagnostics	2026-10-07T17:45:19.9436588Z       "imports": [
verify	Recover stopped G5 original compiler diagnostics	2026-10-07T17:45:19.9436705Z         "G2SameClockContinuation",
verify	Recover stopped G5 original compiler diagnostics	2026-10-07T17:45:19.9436857Z         "G2SameClockPastFutureLaw"
verify	Recover stopped G5 original compiler diagnostics	2026-10-07T17:45:19.9436940Z       ],
verify	Recover stopped G5 original compiler diagnostics	2026-10-07T17:45:19.9437102Z       "destination": "TimedG2/G2EpochHistoryReadout.lean"
verify	Recover stopped G5 original compiler diagnostics	2026-10-07T17:45:19.9437182Z     },
verify	Recover stopped G5 original compiler diagnostics	2026-10-07T17:45:19.9437296Z     "G2CompleteAncestralPath": {
verify	Recover stopped G5 original compiler diagnostics	2026-10-07T17:45:19.9437714Z       "source": "research/2026-10-07-dot-g2-accepted-source-preservation-0006z/sources/G2CompleteAncestralPath.lean",
verify	Recover stopped G5 original compiler diagnostics	2026-10-07T17:45:19.9437969Z       "sha256": "42ef05e829cb750a88c4ae5abe57db6c927fb5b7467921998ba1e02c2dc013f0",
verify	Recover stopped G5 original compiler diagnostics	2026-10-07T17:45:19.9438373Z       "authority": "research/2026-10-07-dot-g2-accepted-source-preservation-0006z/SOURCE-AND-DEPENDENCY-PINS.json",
verify	Recover stopped G5 original compiler diagnostics	2026-10-07T17:45:19.9438470Z       "imports": [
verify	Recover stopped G5 original compiler diagnostics	2026-10-07T17:45:19.9438581Z         "G2EpochHistoryReadout",
verify	Recover stopped G5 original compiler diagnostics	2026-10-07T17:45:19.9438700Z         "G2FiniteAncestralTrace"
verify	Recover stopped G5 original compiler diagnostics	2026-10-07T17:45:19.9438778Z       ],
verify	Recover stopped G5 original compiler diagnostics	2026-10-07T17:45:19.9438959Z       "destination": "TimedG2/G2CompleteAncestralPath.lean"
verify	Recover stopped G5 original compiler diagnostics	2026-10-07T17:45:19.9439042Z     },
verify	Recover stopped G5 original compiler diagnostics	2026-10-07T17:45:19.9439158Z     "G2ChronologicalPathReadout": {
verify	Recover stopped G5 original compiler diagnostics	2026-10-07T17:45:19.9439588Z       "source": "research/2026-10-07-dot-g2-accepted-source-preservation-0006z/sources/G2ChronologicalPathReadout.lean",
verify	Recover stopped G5 original compiler diagnostics	2026-10-07T17:45:19.9439832Z       "sha256": "99ad51df4fb50155d714d0ff69972d194fa1c70132bee75f580fbb789be00473",
verify	Recover stopped G5 original compiler diagnostics	2026-10-07T17:45:19.9440235Z       "authority": "research/2026-10-07-dot-g2-accepted-source-preservation-0006z/SOURCE-AND-DEPENDENCY-PINS.json",
verify	Recover stopped G5 original compiler diagnostics	2026-10-07T17:45:19.9440324Z       "imports": [
verify	Recover stopped G5 original compiler diagnostics	2026-10-07T17:45:19.9440455Z         "G2CompleteCalendarAttachment",
verify	Recover stopped G5 original compiler diagnostics	2026-10-07T17:45:19.9440730Z         "G2CompleteAncestralPath"
verify	Recover stopped G5 original compiler diagnostics	2026-10-07T17:45:19.9440809Z       ],
verify	Recover stopped G5 original compiler diagnostics	2026-10-07T17:45:19.9440998Z       "destination": "TimedG2/G2ChronologicalPathReadout.lean"
verify	Recover stopped G5 original compiler diagnostics	2026-10-07T17:45:19.9441080Z     },
verify	Recover stopped G5 original compiler diagnostics	2026-10-07T17:45:19.9441192Z     "G2CalendarDecoration": {
verify	Recover stopped G5 original compiler diagnostics	2026-10-07T17:45:19.9441632Z       "source": "research/2026-10-07-dot-g2-chronological-decoration-integration-0139z/sources/G2CalendarDecoration.lean",
verify	Recover stopped G5 original compiler diagnostics	2026-10-07T17:45:19.9441887Z       "sha256": "9b2458b78813186151e5d5eb2cf7bd9a3a134e39e0de8de6e59cac6d2a6936b6",
verify	Recover stopped G5 original compiler diagnostics	2026-10-07T17:45:19.9442343Z       "authority": "research/2026-10-07-dot-g2-chronological-decoration-integration-0139z/SOURCE-AND-DEPENDENCY-PINS.json",
verify	Recover stopped G5 original compiler diagnostics	2026-10-07T17:45:19.9442591Z       "imports": [
verify	Recover stopped G5 original compiler diagnostics	2026-10-07T17:45:19.9442715Z         "G2DecorationMeasurability",
verify	Recover stopped G5 original compiler diagnostics	2026-10-07T17:45:19.9442833Z         "G2ChronologicalPathReadout"
verify	Recover stopped G5 original compiler diagnostics	2026-10-07T17:45:19.9442919Z       ],
verify	Recover stopped G5 original compiler diagnostics	2026-10-07T17:45:19.9443078Z       "destination": "TimedG2/G2CalendarDecoration.lean"
verify	Recover stopped G5 original compiler diagnostics	2026-10-07T17:45:19.9443168Z     },
verify	Recover stopped G5 original compiler diagnostics	2026-10-07T17:45:19.9443276Z     "G2CompleteDecoration": {
verify	Recover stopped G5 original compiler diagnostics	2026-10-07T17:45:19.9443740Z       "source": "research/2026-10-06-dot-timed-g2-partial-preservation-and-priority-0714z/sources/G2CompleteDecoration.lean",
verify	Recover stopped G5 original compiler diagnostics	2026-10-07T17:45:19.9444109Z       "sha256": "ffc80b41844871b945b78a4d7b5887121ca2b3691ad985d6b8ff29c14d8fe963",
verify	Recover stopped G5 original compiler diagnostics	2026-10-07T17:45:19.9444527Z       "authority": "research/2026-10-07-dot-g2-age-reader-source-preservation-0253z/SOURCE-AND-DEPENDENCY-PINS.json",
verify	Recover stopped G5 original compiler diagnostics	2026-10-07T17:45:19.9444625Z       "imports": [
verify	Recover stopped G5 original compiler diagnostics	2026-10-07T17:45:19.9444730Z         "G2CalendarDecoration"
verify	Recover stopped G5 original compiler diagnostics	2026-10-07T17:45:19.9444816Z       ],
verify	Recover stopped G5 original compiler diagnostics	2026-10-07T17:45:19.9444981Z       "destination": "TimedG2/G2CompleteDecoration.lean"
verify	Recover stopped G5 original compiler diagnostics	2026-10-07T17:45:19.9445057Z     },
verify	Recover stopped G5 original compiler diagnostics	2026-10-07T17:45:19.9445162Z     "G2PairBirthFold": {
verify	Recover stopped G5 original compiler diagnostics	2026-10-07T17:45:19.9445560Z       "source": "research/2026-10-07-dot-g2-age-reader-source-preservation-0253z/sources/G2PairBirthFold.lean",
verify	Recover stopped G5 original compiler diagnostics	2026-10-07T17:45:19.9445806Z       "sha256": "cb0697ca4832343c933b31593553c658e839648968441900a01cc556635512f3",
verify	Recover stopped G5 original compiler diagnostics	2026-10-07T17:45:19.9446222Z       "authority": "research/2026-10-07-dot-g2-age-reader-source-preservation-0253z/SOURCE-AND-DEPENDENCY-PINS.json",
verify	Recover stopped G5 original compiler diagnostics	2026-10-07T17:45:19.9446324Z       "imports": [
verify	Recover stopped G5 original compiler diagnostics	2026-10-07T17:45:19.9446442Z         "G2ActualDecorationFold",
verify	Recover stopped G5 original compiler diagnostics	2026-10-07T17:45:19.9446552Z         "G2SameClockContinuation"
verify	Recover stopped G5 original compiler diagnostics	2026-10-07T17:45:19.9446639Z       ],
verify	Recover stopped G5 original compiler diagnostics	2026-10-07T17:45:19.9446786Z       "destination": "TimedG2/G2PairBirthFold.lean"
verify	Recover stopped G5 original compiler diagnostics	2026-10-07T17:45:19.9446869Z     },
verify	Recover stopped G5 original compiler diagnostics	2026-10-07T17:45:19.9446976Z     "G2ClockBoundaryNull": {
verify	Recover stopped G5 original compiler diagnostics	2026-10-07T17:45:19.9447373Z       "source": "research/2026-10-07-dot-g2-accepted-source-preservation-0006z/sources/G2ClockBoundaryNull.lean",
verify	Recover stopped G5 original compiler diagnostics	2026-10-07T17:45:19.9447615Z       "sha256": "f0ed787fd7f9135024b4f5300120699b358cbea0b6adb9b6124a386448ee1982",
verify	Recover stopped G5 original compiler diagnostics	2026-10-07T17:45:19.9448024Z       "authority": "research/2026-10-07-dot-g2-accepted-source-preservation-0006z/SOURCE-AND-DEPENDENCY-PINS.json",
verify	Recover stopped G5 original compiler diagnostics	2026-10-07T17:45:19.9448120Z       "imports": [
verify	Recover stopped G5 original compiler diagnostics	2026-10-07T17:45:19.9448235Z         "G2LiteralMarkedClockTrace"
verify	Recover stopped G5 original compiler diagnostics	2026-10-07T17:45:19.9448321Z       ],
verify	Recover stopped G5 original compiler diagnostics	2026-10-07T17:45:19.9448480Z       "destination": "TimedG2/G2ClockBoundaryNull.lean"
verify	Recover stopped G5 original compiler diagnostics	2026-10-07T17:45:19.9448567Z     },
verify	Recover stopped G5 original compiler diagnostics	2026-10-07T17:45:19.9448672Z     "G2WholeMatrixAges": {
verify	Recover stopped G5 original compiler diagnostics	2026-10-07T17:45:19.9449014Z       "source": "research/2026-10-07-dot-g2-strict-clock-compatibility-0645z/G2WholeMatrixAges.lean",
verify	Recover stopped G5 original compiler diagnostics	2026-10-07T17:45:19.9449270Z       "sha256": "2c4a38c22a4fb6efa569796749eec7b00c3affd8ee1a57e33144a1bc893026b8",
verify	Recover stopped G5 original compiler diagnostics	2026-10-07T17:45:19.9449633Z       "authority": "research/2026-10-07-dot-g2-strict-clock-compatibility-0645z/PUBLIC-DEPENDENCIES.json",
verify	Recover stopped G5 original compiler diagnostics	2026-10-07T17:45:19.9449727Z       "imports": [
verify	Recover stopped G5 original compiler diagnostics	2026-10-07T17:45:19.9449836Z         "G2CompleteDecoration",
verify	Recover stopped G5 original compiler diagnostics	2026-10-07T17:45:19.9449941Z         "G2PairBirthFold",
verify	Recover stopped G5 original compiler diagnostics	2026-10-07T17:45:19.9450045Z         "G2ClockBoundaryNull"
verify	Recover stopped G5 original compiler diagnostics	2026-10-07T17:45:19.9450127Z       ],
verify	Recover stopped G5 original compiler diagnostics	2026-10-07T17:45:19.9450283Z       "destination": "TimedG2/G2WholeMatrixAges.lean"
verify	Recover stopped G5 original compiler diagnostics	2026-10-07T17:45:19.9450508Z     },
verify	Recover stopped G5 original compiler diagnostics	2026-10-07T17:45:19.9450628Z     "G2ChronologicalDecoration": {
verify	Recover stopped G5 original compiler diagnostics	2026-10-07T17:45:19.9451116Z       "source": "research/2026-10-06-dot-timed-g2-partial-preservation-and-priority-0714z/sources/G2ChronologicalDecoration.lean",
verify	Recover stopped G5 original compiler diagnostics	2026-10-07T17:45:19.9451371Z       "sha256": "5fca3f67c6f7021084b20214c032afb90777fe61134df0105a2a0600c89ae113",
verify	Recover stopped G5 original compiler diagnostics	2026-10-07T17:45:19.9451757Z       "authority": "research/2026-10-07-dot-g2-matrix-and-ancestral-support-0418z/SOURCE-AND-REVIEW-PINS.json",
verify	Recover stopped G5 original compiler diagnostics	2026-10-07T17:45:19.9451851Z       "imports": [
verify	Recover stopped G5 original compiler diagnostics	2026-10-07T17:45:19.9451958Z         "G2WholeMatrixAges"
verify	Recover stopped G5 original compiler diagnostics	2026-10-07T17:45:19.9452036Z       ],
verify	Recover stopped G5 original compiler diagnostics	2026-10-07T17:45:19.9452223Z       "destination": "TimedG2/G2ChronologicalDecoration.lean"
verify	Recover stopped G5 original compiler diagnostics	2026-10-07T17:45:19.9452305Z     },
verify	Recover stopped G5 original compiler diagnostics	2026-10-07T17:45:19.9452547Z     "G2StrictClockDecoration": {
verify	Recover stopped G5 original compiler diagnostics	2026-10-07T17:45:19.9453024Z       "source": "research/2026-10-06-dot-timed-g2-partial-preservation-and-priority-0714z/sources/G2StrictClockDecoration.lean",
verify	Recover stopped G5 original compiler diagnostics	2026-10-07T17:45:19.9453272Z       "sha256": "cac04040f92e143008996ee4761a7e51e1dc0b27b1735f0768eeef97200f2fa8",
verify	Recover stopped G5 original compiler diagnostics	2026-10-07T17:45:19.9453641Z       "authority": "research/2026-10-07-dot-g2-strict-clock-compatibility-0645z/PUBLIC-DEPENDENCIES.json",
verify	Recover stopped G5 original compiler diagnostics	2026-10-07T17:45:19.9453846Z       "imports": [
verify	Recover stopped G5 original compiler diagnostics	2026-10-07T17:45:19.9453965Z         "G2ChronologicalDecoration"
verify	Recover stopped G5 original compiler diagnostics	2026-10-07T17:45:19.9454044Z       ],
verify	Recover stopped G5 original compiler diagnostics	2026-10-07T17:45:19.9454220Z       "destination": "TimedG2/G2StrictClockDecoration.lean"
verify	Recover stopped G5 original compiler diagnostics	2026-10-07T17:45:19.9454298Z     },
verify	Recover stopped G5 original compiler diagnostics	2026-10-07T17:45:19.9454415Z     "G2OriginalProgramSafety": {
verify	Recover stopped G5 original compiler diagnostics	2026-10-07T17:45:19.9454890Z       "source": "research/2026-10-06-dot-timed-g2-partial-preservation-and-priority-0714z/sources/G2OriginalProgramSafety.lean",
verify	Recover stopped G5 original compiler diagnostics	2026-10-07T17:45:19.9455135Z       "sha256": "90299b14c00de553311c139ea68e8154b127fbf75f91e4728efad131b1f8d471",
verify	Recover stopped G5 original compiler diagnostics	2026-10-07T17:45:19.9455518Z       "authority": "research/2026-10-07-dot-g2-calendar-first-age-binding-0745z/PUBLIC-SOURCE-CONTEXT.json",
verify	Recover stopped G5 original compiler diagnostics	2026-10-07T17:45:19.9455608Z       "imports": [
verify	Recover stopped G5 original compiler diagnostics	2026-10-07T17:45:19.9455731Z         "G2StrictClockDecoration"
verify	Recover stopped G5 original compiler diagnostics	2026-10-07T17:45:19.9455810Z       ],
verify	Recover stopped G5 original compiler diagnostics	2026-10-07T17:45:19.9455987Z       "destination": "TimedG2/G2OriginalProgramSafety.lean"
verify	Recover stopped G5 original compiler diagnostics	2026-10-07T17:45:19.9456075Z     },
verify	Recover stopped G5 original compiler diagnostics	2026-10-07T17:45:19.9456190Z     "G2TimedBoundMeasurability": {
verify	Recover stopped G5 original compiler diagnostics	2026-10-07T17:45:19.9456679Z       "source": "research/2026-10-06-dot-timed-g2-partial-preservation-and-priority-0714z/sources/G2TimedBoundMeasurability.lean",
verify	Recover stopped G5 original compiler diagnostics	2026-10-07T17:45:19.9456929Z       "sha256": "b269de25ed1af29edec928382d0452e62d2cd84c5f70c36cde808ea61ec8543f",
verify	Recover stopped G5 original compiler diagnostics	2026-10-07T17:45:19.9457304Z       "authority": "research/2026-10-07-dot-g2-calendar-first-age-binding-0745z/PUBLIC-SOURCE-CONTEXT.json",
verify	Recover stopped G5 original compiler diagnostics	2026-10-07T17:45:19.9457397Z       "imports": [
verify	Recover stopped G5 original compiler diagnostics	2026-10-07T17:45:19.9457517Z         "G2OriginalProgramSafety"
verify	Recover stopped G5 original compiler diagnostics	2026-10-07T17:45:19.9457602Z       ],
verify	Recover stopped G5 original compiler diagnostics	2026-10-07T17:45:19.9457779Z       "destination": "TimedG2/G2TimedBoundMeasurability.lean"
verify	Recover stopped G5 original compiler diagnostics	2026-10-07T17:45:19.9457864Z     },
verify	Recover stopped G5 original compiler diagnostics	2026-10-07T17:45:19.9457983Z     "G2CutResidualSourceMixture": {
verify	Recover stopped G5 original compiler diagnostics	2026-10-07T17:45:19.9458420Z       "source": "research/2026-10-07-dot-g2-accepted-source-preservation-0006z/sources/G2CutResidualSourceMixture.lean",
verify	Recover stopped G5 original compiler diagnostics	2026-10-07T17:45:19.9458666Z       "sha256": "6b13e51479edf4409fa09167f1c83065ed7a4952650c28da5d78192105b6cc0a",
verify	Recover stopped G5 original compiler diagnostics	2026-10-07T17:45:19.9459098Z       "authority": "research/2026-10-07-dot-g2-accepted-source-preservation-0006z/SOURCE-AND-DEPENDENCY-PINS.json",
verify	Recover stopped G5 original compiler diagnostics	2026-10-07T17:45:19.9459194Z       "imports": [
verify	Recover stopped G5 original compiler diagnostics	2026-10-07T17:45:19.9463432Z         "G2HistoryResidualAttachment"
verify	Recover stopped G5 original compiler diagnostics	2026-10-07T17:45:19.9463578Z       ],
verify	Recover stopped G5 original compiler diagnostics	2026-10-07T17:45:19.9463790Z       "destination": "TimedG2/G2CutResidualSourceMixture.lean"
verify	Recover stopped G5 original compiler diagnostics	2026-10-07T17:45:19.9463877Z     },
verify	Recover stopped G5 original compiler diagnostics	2026-10-07T17:45:19.9464070Z     "UnifiedLean.Source.SourceNaturalCompletedLimit": {
verify	Recover stopped G5 original compiler diagnostics	2026-10-07T17:45:19.9464583Z       "source": "research/2026-10-04-dot-verified-lean-825-0203z/package/baseline/UnifiedLean/Source/SourceNaturalCompletedLimit.lean",
verify	Recover stopped G5 original compiler diagnostics	2026-10-07T17:45:19.9464833Z       "sha256": "182b8694bea7594102468caa1009046668198f67fe67f8d67bf89bf1ce4604e5",
verify	Recover stopped G5 original compiler diagnostics	2026-10-07T17:45:19.9465139Z       "authority": "baseline",
verify	Recover stopped G5 original compiler diagnostics	2026-10-07T17:45:19.9465243Z       "imports": [
verify	Recover stopped G5 original compiler diagnostics	2026-10-07T17:45:19.9465432Z         "UnifiedLean.Source.SourceEventualCompletionLimit"
verify	Recover stopped G5 original compiler diagnostics	2026-10-07T17:45:19.9465530Z       ],
verify	Recover stopped G5 original compiler diagnostics	2026-10-07T17:45:19.9465776Z       "destination": "UnifiedLean/Source/SourceNaturalCompletedLimit.lean"
verify	Recover stopped G5 original compiler diagnostics	2026-10-07T17:45:19.9465861Z     },
verify	Recover stopped G5 original compiler diagnostics	2026-10-07T17:45:19.9466046Z     "UnifiedLean.Source.SourceCopyCarrierTransport": {
verify	Recover stopped G5 original compiler diagnostics	2026-10-07T17:45:19.9466600Z       "source": "research/2026-10-04-dot-verified-lean-825-0203z/package/baseline/UnifiedLean/Source/SourceCopyCarrierTransport.lean",
verify	Recover stopped G5 original compiler diagnostics	2026-10-07T17:45:19.9466866Z       "sha256": "09d3d2dcb27d49cb1f85a8e78a5dfc385778a0c885b5a9e42f445246cc3bf966",
verify	Recover stopped G5 original compiler diagnostics	2026-10-07T17:45:19.9466972Z       "authority": "baseline",
verify	Recover stopped G5 original compiler diagnostics	2026-10-07T17:45:19.9467068Z       "imports": [
verify	Recover stopped G5 original compiler diagnostics	2026-10-07T17:45:19.9467245Z         "UnifiedLean.Source.SourceNaturalCompletedLimit"
verify	Recover stopped G5 original compiler diagnostics	2026-10-07T17:45:19.9467333Z       ],
verify	Recover stopped G5 original compiler diagnostics	2026-10-07T17:45:19.9467561Z       "destination": "UnifiedLean/Source/SourceCopyCarrierTransport.lean"
verify	Recover stopped G5 original compiler diagnostics	2026-10-07T17:45:19.9467648Z     },
verify	Recover stopped G5 original compiler diagnostics	2026-10-07T17:45:19.9467833Z     "UnifiedLean.Source.SourceSmallCarrierGenerator": {
verify	Recover stopped G5 original compiler diagnostics	2026-10-07T17:45:19.9468435Z       "source": "research/2026-10-04-dot-verified-lean-825-0203z/package/baseline/UnifiedLean/Source/SourceSmallCarrierGenerator.lean",
verify	Recover stopped G5 original compiler diagnostics	2026-10-07T17:45:19.9468686Z       "sha256": "b85c1308c6206d377aca54b2073088e39250b57abac7df8c628f100189546106",
verify	Recover stopped G5 original compiler diagnostics	2026-10-07T17:45:19.9468790Z       "authority": "baseline",
verify	Recover stopped G5 original compiler diagnostics	2026-10-07T17:45:19.9468885Z       "imports": [
verify	Recover stopped G5 original compiler diagnostics	2026-10-07T17:45:19.9469053Z         "UnifiedLean.Source.SourceCopyCarrierTransport"
verify	Recover stopped G5 original compiler diagnostics	2026-10-07T17:45:19.9469140Z       ],
verify	Recover stopped G5 original compiler diagnostics	2026-10-07T17:45:19.9469373Z       "destination": "UnifiedLean/Source/SourceSmallCarrierGenerator.lean"
verify	Recover stopped G5 original compiler diagnostics	2026-10-07T17:45:19.9469452Z     },
verify	Recover stopped G5 original compiler diagnostics	2026-10-07T17:45:19.9469622Z     "UnifiedLean.Source.SourceCrossCarrierEpoch": {
verify	Recover stopped G5 original compiler diagnostics	2026-10-07T17:45:19.9470085Z       "source": "research/2026-10-04-dot-verified-lean-825-0203z/package/baseline/UnifiedLean/Source/SourceCrossCarrierEpoch.lean",
verify	Recover stopped G5 original compiler diagnostics	2026-10-07T17:45:19.9470343Z       "sha256": "d62727cc73f62775f43c83cb882602fcb55e2757123b0ba126d6feffe497d725",
verify	Recover stopped G5 original compiler diagnostics	2026-10-07T17:45:19.9470449Z       "authority": "baseline",
verify	Recover stopped G5 original compiler diagnostics	2026-10-07T17:45:19.9470543Z       "imports": [
verify	Recover stopped G5 original compiler diagnostics	2026-10-07T17:45:19.9470719Z         "UnifiedLean.Source.SourceSmallCarrierGenerator"
verify	Recover stopped G5 original compiler diagnostics	2026-10-07T17:45:19.9470801Z       ],
verify	Recover stopped G5 original compiler diagnostics	2026-10-07T17:45:19.9471028Z       "destination": "UnifiedLean/Source/SourceCrossCarrierEpoch.lean"
verify	Recover stopped G5 original compiler diagnostics	2026-10-07T17:45:19.9471105Z     },
verify	Recover stopped G5 original compiler diagnostics	2026-10-07T17:45:19.9471274Z     "UnifiedLean.Source.SourceSmallCarrierPulse": {
verify	Recover stopped G5 original compiler diagnostics	2026-10-07T17:45:19.9471733Z       "source": "research/2026-10-04-dot-verified-lean-825-0203z/package/baseline/UnifiedLean/Source/SourceSmallCarrierPulse.lean",
verify	Recover stopped G5 original compiler diagnostics	2026-10-07T17:45:19.9471989Z       "sha256": "e33e4751b9b8d665aaf18074f4d3430f0f13d7b5e67a90ec96ec229a14fb7f20",
verify	Recover stopped G5 original compiler diagnostics	2026-10-07T17:45:19.9472095Z       "authority": "baseline",
verify	Recover stopped G5 original compiler diagnostics	2026-10-07T17:45:19.9472184Z       "imports": [
verify	Recover stopped G5 original compiler diagnostics	2026-10-07T17:45:19.9472524Z         "UnifiedLean.Source.SourceCrossCarrierEpoch"
verify	Recover stopped G5 original compiler diagnostics	2026-10-07T17:45:19.9472611Z       ],
verify	Recover stopped G5 original compiler diagnostics	2026-10-07T17:45:19.9472833Z       "destination": "UnifiedLean/Source/SourceSmallCarrierPulse.lean"
verify	Recover stopped G5 original compiler diagnostics	2026-10-07T17:45:19.9472917Z     },
verify	Recover stopped G5 original compiler diagnostics	2026-10-07T17:45:19.9473097Z     "UnifiedLean.Source.SourceCrossCarrierBoundary": {
verify	Recover stopped G5 original compiler diagnostics	2026-10-07T17:45:19.9473571Z       "source": "research/2026-10-04-dot-verified-lean-825-0203z/package/baseline/UnifiedLean/Source/SourceCrossCarrierBoundary.lean",
verify	Recover stopped G5 original compiler diagnostics	2026-10-07T17:45:19.9473825Z       "sha256": "c3d453eb58dcf0a21f06acc4513428cb9d6ff31093a73e9a284b992531514308",
verify	Recover stopped G5 original compiler diagnostics	2026-10-07T17:45:19.9473934Z       "authority": "baseline",
verify	Recover stopped G5 original compiler diagnostics	2026-10-07T17:45:19.9474024Z       "imports": [
verify	Recover stopped G5 original compiler diagnostics	2026-10-07T17:45:19.9474186Z         "UnifiedLean.Source.SourceSmallCarrierPulse"
verify	Recover stopped G5 original compiler diagnostics	2026-10-07T17:45:19.9474264Z       ],
verify	Recover stopped G5 original compiler diagnostics	2026-10-07T17:45:19.9474493Z       "destination": "UnifiedLean/Source/SourceCrossCarrierBoundary.lean"
verify	Recover stopped G5 original compiler diagnostics	2026-10-07T17:45:19.9474575Z     },
verify	Recover stopped G5 original compiler diagnostics	2026-10-07T17:45:19.9474745Z     "UnifiedLean.Source.SourceCrossCarrierProgram": {
verify	Recover stopped G5 original compiler diagnostics	2026-10-07T17:45:19.9475352Z       "source": "research/2026-10-04-dot-verified-lean-825-0203z/package/baseline/UnifiedLean/Source/SourceCrossCarrierProgram.lean",
verify	Recover stopped G5 original compiler diagnostics	2026-10-07T17:45:19.9475612Z       "sha256": "bc26f80643ff737bd3a4dcda630631584b0166b2905b3cb48fd876c08fe5489a",
verify	Recover stopped G5 original compiler diagnostics	2026-10-07T17:45:19.9475721Z       "authority": "baseline",
verify	Recover stopped G5 original compiler diagnostics	2026-10-07T17:45:19.9475811Z       "imports": [
verify	Recover stopped G5 original compiler diagnostics	2026-10-07T17:45:19.9475986Z         "UnifiedLean.Source.SourceCrossCarrierBoundary"
verify	Recover stopped G5 original compiler diagnostics	2026-10-07T17:45:19.9476071Z       ],
verify	Recover stopped G5 original compiler diagnostics	2026-10-07T17:45:19.9476287Z       "destination": "UnifiedLean/Source/SourceCrossCarrierProgram.lean"
verify	Recover stopped G5 original compiler diagnostics	2026-10-07T17:45:19.9476369Z     },
verify	Recover stopped G5 original compiler diagnostics	2026-10-07T17:45:19.9476476Z     "G2SourceFiniteHistory": {
verify	Recover stopped G5 original compiler diagnostics	2026-10-07T17:45:19.9476874Z       "source": "research/2026-10-06-dot-g2-source-finite-history-checkpoint-2141z/G2SourceFiniteHistory.lean",
verify	Recover stopped G5 original compiler diagnostics	2026-10-07T17:45:19.9477116Z       "sha256": "1992444990057008ee1449cda6c3a01a9b7c25b9070c749c0bc9c2504db45ee5",
verify	Recover stopped G5 original compiler diagnostics	2026-10-07T17:45:19.9477539Z       "authority": "research/2026-10-07-dot-g2-accepted-source-preservation-0006z/SOURCE-AND-DEPENDENCY-PINS.json",
verify	Recover stopped G5 original compiler diagnostics	2026-10-07T17:45:19.9477641Z       "imports": [
verify	Recover stopped G5 original compiler diagnostics	2026-10-07T17:45:19.9477806Z         "UnifiedLean.Source.SourceCrossCarrierProgram"
verify	Recover stopped G5 original compiler diagnostics	2026-10-07T17:45:19.9477999Z       ],
verify	Recover stopped G5 original compiler diagnostics	2026-10-07T17:45:19.9478165Z       "destination": "TimedG2/G2SourceFiniteHistory.lean"
verify	Recover stopped G5 original compiler diagnostics	2026-10-07T17:45:19.9478250Z     },
verify	Recover stopped G5 original compiler diagnostics	2026-10-07T17:45:19.9478366Z     "G2ActualEpochHistoryLaw": {
verify	Recover stopped G5 original compiler diagnostics	2026-10-07T17:45:19.9478791Z       "source": "research/2026-10-07-dot-g2-accepted-source-preservation-0006z/sources/G2ActualEpochHistoryLaw.lean",
verify	Recover stopped G5 original compiler diagnostics	2026-10-07T17:45:19.9479034Z       "sha256": "e106b912721336831c3392d3cf5414cf20b43765b73c5c6cc31b83dec7d69be2",
verify	Recover stopped G5 original compiler diagnostics	2026-10-07T17:45:19.9479446Z       "authority": "research/2026-10-07-dot-g2-accepted-source-preservation-0006z/SOURCE-AND-DEPENDENCY-PINS.json",
verify	Recover stopped G5 original compiler diagnostics	2026-10-07T17:45:19.9479542Z       "imports": [
verify	Recover stopped G5 original compiler diagnostics	2026-10-07T17:45:19.9479666Z         "G2CutResidualSourceMixture",
verify	Recover stopped G5 original compiler diagnostics	2026-10-07T17:45:19.9479789Z         "G2CompleteAncestralPath",
verify	Recover stopped G5 original compiler diagnostics	2026-10-07T17:45:19.9479902Z         "G2SourceFiniteHistory"
verify	Recover stopped G5 original compiler diagnostics	2026-10-07T17:45:19.9479989Z       ],
verify	Recover stopped G5 original compiler diagnostics	2026-10-07T17:45:19.9480163Z       "destination": "TimedG2/G2ActualEpochHistoryLaw.lean"
verify	Recover stopped G5 original compiler diagnostics	2026-10-07T17:45:19.9480250Z     },
verify	Recover stopped G5 original compiler diagnostics	2026-10-07T17:45:19.9480369Z     "G2EpochPathProjection": {
verify	Recover stopped G5 original compiler diagnostics	2026-10-07T17:45:19.9480772Z       "source": "research/2026-10-07-dot-g2-accepted-source-preservation-0006z/sources/G2EpochPathProjection.lean",
verify	Recover stopped G5 original compiler diagnostics	2026-10-07T17:45:19.9481033Z       "sha256": "04abbc6e6efdde07f651a706092014b14c542b7386037d3715cecbf61b1d21e8",
verify	Recover stopped G5 original compiler diagnostics	2026-10-07T17:45:19.9481434Z       "authority": "research/2026-10-07-dot-g2-accepted-source-preservation-0006z/SOURCE-AND-DEPENDENCY-PINS.json",
verify	Recover stopped G5 original compiler diagnostics	2026-10-07T17:45:19.9481533Z       "imports": [
verify	Recover stopped G5 original compiler diagnostics	2026-10-07T17:45:19.9481644Z         "G2ActualEpochHistoryLaw",
verify	Recover stopped G5 original compiler diagnostics	2026-10-07T17:45:19.9481759Z         "G2SourceFiniteHistory",
verify	Recover stopped G5 original compiler diagnostics	2026-10-07T17:45:19.9481875Z         "G2CompleteAncestralPath",
verify	Recover stopped G5 original compiler diagnostics	2026-10-07T17:45:19.9482054Z         "Mathlib.MeasureTheory.Constructions.Projective",
verify	Recover stopped G5 original compiler diagnostics	2026-10-07T17:45:19.9482171Z         "Mathlib.Data.Finset.Max"
verify	Recover stopped G5 original compiler diagnostics	2026-10-07T17:45:19.9482251Z       ],
verify	Recover stopped G5 original compiler diagnostics	2026-10-07T17:45:19.9482550Z       "destination": "TimedG2/G2EpochPathProjection.lean"
verify	Recover stopped G5 original compiler diagnostics	2026-10-07T17:45:19.9482635Z     },
verify	Recover stopped G5 original compiler diagnostics	2026-10-07T17:45:19.9482751Z     "G2ActualSegmentPathLaw": {
verify	Recover stopped G5 original compiler diagnostics	2026-10-07T17:45:19.9483161Z       "source": "research/2026-10-07-dot-g2-accepted-source-preservation-0006z/sources/G2ActualSegmentPathLaw.lean",
verify	Recover stopped G5 original compiler diagnostics	2026-10-07T17:45:19.9483412Z       "sha256": "9581cf8c75982bbfd3a47f300a97a865c1fe140efd946ffce464fe25344e60ca",
verify	Recover stopped G5 original compiler diagnostics	2026-10-07T17:45:19.9483819Z       "authority": "research/2026-10-07-dot-g2-accepted-source-preservation-0006z/SOURCE-AND-DEPENDENCY-PINS.json",
verify	Recover stopped G5 original compiler diagnostics	2026-10-07T17:45:19.9483912Z       "imports": [
verify	Recover stopped G5 original compiler diagnostics	2026-10-07T17:45:19.9484037Z         "G2ChronologicalPathReadout",
verify	Recover stopped G5 original compiler diagnostics	2026-10-07T17:45:19.9484145Z         "G2EpochPathProjection"
verify	Recover stopped G5 original compiler diagnostics	2026-10-07T17:45:19.9484232Z       ],
verify	Recover stopped G5 original compiler diagnostics	2026-10-07T17:45:19.9484402Z       "destination": "TimedG2/G2ActualSegmentPathLaw.lean"
verify	Recover stopped G5 original compiler diagnostics	2026-10-07T17:45:19.9484479Z     },
verify	Recover stopped G5 original compiler diagnostics	2026-10-07T17:45:19.9484715Z     "G2FiniteFibreTransport": {
verify	Recover stopped G5 original compiler diagnostics	2026-10-07T17:45:19.9485125Z       "source": "research/2026-10-07-dot-g2-accepted-source-preservation-0006z/sources/G2FiniteFibreTransport.lean",
verify	Recover stopped G5 original compiler diagnostics	2026-10-07T17:45:19.9485390Z       "sha256": "fc8b772af83a6140bff8dbc6253b50820e5c6bbf7ce0262d2211919f039b16ea",
verify	Recover stopped G5 original compiler diagnostics	2026-10-07T17:45:19.9485793Z       "authority": "research/2026-10-07-dot-g2-accepted-source-preservation-0006z/SOURCE-AND-DEPENDENCY-PINS.json",
verify	Recover stopped G5 original compiler diagnostics	2026-10-07T17:45:19.9485886Z       "imports": [
verify	Recover stopped G5 original compiler diagnostics	2026-10-07T17:45:19.9486035Z         "Mathlib.MeasureTheory.Measure.Prod",
verify	Recover stopped G5 original compiler diagnostics	2026-10-07T17:45:19.9486181Z         "Mathlib.MeasureTheory.Measure.Restrict"
verify	Recover stopped G5 original compiler diagnostics	2026-10-07T17:45:19.9486265Z       ],
verify	Recover stopped G5 original compiler diagnostics	2026-10-07T17:45:19.9486422Z       "destination": "TimedG2/G2FiniteFibreTransport.lean"
verify	Recover stopped G5 original compiler diagnostics	2026-10-07T17:45:19.9486507Z     },
verify	Recover stopped G5 original compiler diagnostics	2026-10-07T17:45:19.9486622Z     "G2CalendarHistoryBinding": {
verify	Recover stopped G5 original compiler diagnostics	2026-10-07T17:45:19.9487043Z       "source": "research/2026-10-07-dot-g2-accepted-source-preservation-0006z/sources/G2CalendarHistoryBinding.lean",
verify	Recover stopped G5 original compiler diagnostics	2026-10-07T17:45:19.9487295Z       "sha256": "8827842d77dc5749d6db4114ef24d34cf85779a545628879a6ba6eaf3681b796",
verify	Recover stopped G5 original compiler diagnostics	2026-10-07T17:45:19.9487698Z       "authority": "research/2026-10-07-dot-g2-accepted-source-preservation-0006z/SOURCE-AND-DEPENDENCY-PINS.json",
verify	Recover stopped G5 original compiler diagnostics	2026-10-07T17:45:19.9487908Z       "imports": [
verify	Recover stopped G5 original compiler diagnostics	2026-10-07T17:45:19.9488018Z         "G2ActualCalendarTrace",
verify	Recover stopped G5 original compiler diagnostics	2026-10-07T17:45:19.9488132Z         "G2SourceFiniteHistory"
verify	Recover stopped G5 original compiler diagnostics	2026-10-07T17:45:19.9488212Z       ],
verify	Recover stopped G5 original compiler diagnostics	2026-10-07T17:45:19.9488401Z       "destination": "TimedG2/G2CalendarHistoryBinding.lean"
verify	Recover stopped G5 original compiler diagnostics	2026-10-07T17:45:19.9488483Z     },
verify	Recover stopped G5 original compiler diagnostics	2026-10-07T17:45:19.9488601Z     "G2CalendarPathProjection": {
verify	Recover stopped G5 original compiler diagnostics	2026-10-07T17:45:19.9489047Z       "source": "research/2026-10-07-dot-g2-calendar-tail-source-successor-0058z/sources/G2CalendarPathProjection.lean",
verify	Recover stopped G5 original compiler diagnostics	2026-10-07T17:45:19.9489295Z       "sha256": "af8a56136b53dafdb99b77de1f3e5ecdd5a5a6e7a70b39657650f9a364bd52c6",
verify	Recover stopped G5 original compiler diagnostics	2026-10-07T17:45:19.9489725Z       "authority": "research/2026-10-07-dot-g2-calendar-tail-source-successor-0058z/SOURCE-AND-DEPENDENCY-PINS.json",
verify	Recover stopped G5 original compiler diagnostics	2026-10-07T17:45:19.9489819Z       "imports": [
verify	Recover stopped G5 original compiler diagnostics	2026-10-07T17:45:19.9489940Z         "G2ActualSegmentPathLaw",
verify	Recover stopped G5 original compiler diagnostics	2026-10-07T17:45:19.9490060Z         "G2FiniteFibreTransport",
verify	Recover stopped G5 original compiler diagnostics	2026-10-07T17:45:19.9490174Z         "G2CalendarHistoryBinding"
verify	Recover stopped G5 original compiler diagnostics	2026-10-07T17:45:19.9490259Z       ],
verify	Recover stopped G5 original compiler diagnostics	2026-10-07T17:45:19.9490435Z       "destination": "TimedG2/G2CalendarPathProjection.lean"
verify	Recover stopped G5 original compiler diagnostics	2026-10-07T17:45:19.9490517Z     },
verify	Recover stopped G5 original compiler diagnostics	2026-10-07T17:45:19.9490640Z     "G2CompletedCalendarPathLaw": {
verify	Recover stopped G5 original compiler diagnostics	2026-10-07T17:45:19.9491086Z       "source": "research/2026-10-07-dot-g2-calendar-tail-source-successor-0058z/sources/G2CompletedCalendarPathLaw.lean",
verify	Recover stopped G5 original compiler diagnostics	2026-10-07T17:45:19.9491332Z       "sha256": "684487a6e3816a13a3b03b40550873fbfa7e3c920b1854e41f9951b17aba2a30",
verify	Recover stopped G5 original compiler diagnostics	2026-10-07T17:45:19.9491741Z       "authority": "research/2026-10-07-dot-g2-calendar-tail-source-successor-0058z/SOURCE-AND-DEPENDENCY-PINS.json",
verify	Recover stopped G5 original compiler diagnostics	2026-10-07T17:45:19.9491839Z       "imports": [
verify	Recover stopped G5 original compiler diagnostics	2026-10-07T17:45:19.9491955Z         "G2CalendarPathProjection"
verify	Recover stopped G5 original compiler diagnostics	2026-10-07T17:45:19.9492041Z       ],
verify	Recover stopped G5 original compiler diagnostics	2026-10-07T17:45:19.9492225Z       "destination": "TimedG2/G2CompletedCalendarPathLaw.lean"
verify	Recover stopped G5 original compiler diagnostics	2026-10-07T17:45:19.9492312Z     },
verify	Recover stopped G5 original compiler diagnostics	2026-10-07T17:45:19.9492546Z     "G2ChronologicalGluing": {
verify	Recover stopped G5 original compiler diagnostics	2026-10-07T17:45:19.9492964Z       "source": "research/2026-10-07-dot-g2-calendar-tail-source-successor-0058z/sources/G2ChronologicalGluing.lean",
verify	Recover stopped G5 original compiler diagnostics	2026-10-07T17:45:19.9493216Z       "sha256": "ca1b9f05a5f87556eb9a9dca93d160409a735d934d17d7c04e3ad0324520bfff",
verify	Recover stopped G5 original compiler diagnostics	2026-10-07T17:45:19.9493626Z       "authority": "research/2026-10-07-dot-g2-calendar-tail-source-successor-0058z/SOURCE-AND-DEPENDENCY-PINS.json",
verify	Recover stopped G5 original compiler diagnostics	2026-10-07T17:45:19.9493721Z       "imports": [
verify	Recover stopped G5 original compiler diagnostics	2026-10-07T17:45:19.9493832Z         "G2CalendarPathProjection"
verify	Recover stopped G5 original compiler diagnostics	2026-10-07T17:45:19.9493920Z       ],
verify	Recover stopped G5 original compiler diagnostics	2026-10-07T17:45:19.9494083Z       "destination": "TimedG2/G2ChronologicalGluing.lean"
verify	Recover stopped G5 original compiler diagnostics	2026-10-07T17:45:19.9494169Z     },
verify	Recover stopped G5 original compiler diagnostics	2026-10-07T17:45:19.9494302Z     "G2ActualChronologicalPathLaw": {
verify	Recover stopped G5 original compiler diagnostics	2026-10-07T17:45:19.9494910Z       "source": "research/2026-10-07-dot-g2-chronological-decoration-integration-0139z/sources/G2ActualChronologicalPathLaw.lean",
verify	Recover stopped G5 original compiler diagnostics	2026-10-07T17:45:19.9495168Z       "sha256": "a4a018b7eb33f2cb0bd12e70b0c16d0664c8de26a4d87c0eab046d2bf47d6a18",
verify	Recover stopped G5 original compiler diagnostics	2026-10-07T17:45:19.9495624Z       "authority": "research/2026-10-07-dot-g2-chronological-decoration-integration-0139z/SOURCE-AND-DEPENDENCY-PINS.json",
verify	Recover stopped G5 original compiler diagnostics	2026-10-07T17:45:19.9495718Z       "imports": [
verify	Recover stopped G5 original compiler diagnostics	2026-10-07T17:45:19.9495842Z         "G2CompletedCalendarPathLaw",
verify	Recover stopped G5 original compiler diagnostics	2026-10-07T17:45:19.9495951Z         "G2ChronologicalGluing"
verify	Recover stopped G5 original compiler diagnostics	2026-10-07T17:45:19.9496036Z       ],
verify	Recover stopped G5 original compiler diagnostics	2026-10-07T17:45:19.9496234Z       "destination": "TimedG2/G2ActualChronologicalPathLaw.lean"
verify	Recover stopped G5 original compiler diagnostics	2026-10-07T17:45:19.9496317Z     },
verify	Recover stopped G5 original compiler diagnostics	2026-10-07T17:45:19.9496425Z     "G2EventualPathReadout": {
verify	Recover stopped G5 original compiler diagnostics	2026-10-07T17:45:19.9496844Z       "source": "research/2026-10-07-dot-g2-age-reader-source-preservation-0253z/sources/G2EventualPathReadout.lean",
verify	Recover stopped G5 original compiler diagnostics	2026-10-07T17:45:19.9497089Z       "sha256": "14e0ef3bb6ff1c45875092e6a474063178fe78977f24c0dfdb055887693690eb",
verify	Recover stopped G5 original compiler diagnostics	2026-10-07T17:45:19.9497513Z       "authority": "research/2026-10-07-dot-g2-age-reader-source-preservation-0253z/SOURCE-AND-DEPENDENCY-PINS.json",
verify	Recover stopped G5 original compiler diagnostics	2026-10-07T17:45:19.9497722Z       "imports": [
verify	Recover stopped G5 original compiler diagnostics	2026-10-07T17:45:19.9497826Z         "G2CompleteDecoration",
verify	Recover stopped G5 original compiler diagnostics	2026-10-07T17:45:19.9497953Z         "G2ActualChronologicalPathLaw"
verify	Recover stopped G5 original compiler diagnostics	2026-10-07T17:45:19.9498034Z       ],
verify	Recover stopped G5 original compiler diagnostics	2026-10-07T17:45:19.9498202Z       "destination": "TimedG2/G2EventualPathReadout.lean"
verify	Recover stopped G5 original compiler diagnostics	2026-10-07T17:45:19.9498279Z     },
verify	Recover stopped G5 original compiler diagnostics	2026-10-07T17:45:19.9498398Z     "G2ActualPairCoalescence": {
verify	Recover stopped G5 original compiler diagnostics	2026-10-07T17:45:19.9498882Z       "source": "research/2026-10-06-dot-timed-g2-partial-preservation-and-priority-0714z/sources/G2ActualPairCoalescence.lean",
verify	Recover stopped G5 original compiler diagnostics	2026-10-07T17:45:19.9499135Z       "sha256": "991ce81e7de2a9012bdb9aa311cb3fbc8cfcbda39843af725c0fdd09617d261d",
verify	Recover stopped G5 original compiler diagnostics	2026-10-07T17:45:19.9499557Z       "authority": "research/2026-10-07-dot-g2-age-reader-source-preservation-0253z/SOURCE-AND-DEPENDENCY-PINS.json",
verify	Recover stopped G5 original compiler diagnostics	2026-10-07T17:45:19.9499649Z       "imports": [
verify	Recover stopped G5 original compiler diagnostics	2026-10-07T17:45:19.9499761Z         "G2EventualPathReadout"
verify	Recover stopped G5 original compiler diagnostics	2026-10-07T17:45:19.9499840Z       ],
verify	Recover stopped G5 original compiler diagnostics	2026-10-07T17:45:19.9500018Z       "destination": "TimedG2/G2ActualPairCoalescence.lean"
verify	Recover stopped G5 original compiler diagnostics	2026-10-07T17:45:19.9500105Z     },
verify	Recover stopped G5 original compiler diagnostics	2026-10-07T17:45:19.9500213Z     "G2CalendarPairSupport": {
verify	Recover stopped G5 original compiler diagnostics	2026-10-07T17:45:19.9500592Z       "source": "research/2026-10-07-dot-g2-actual-calendar-pair-support-0456z/G2CalendarPairSupport.lean",
verify	Recover stopped G5 original compiler diagnostics	2026-10-07T17:45:19.9500840Z       "sha256": "2cc04aae4479af39fa315e50d959963db84959ae11b21f40cf7608dcfd516b1c",
verify	Recover stopped G5 original compiler diagnostics	2026-10-07T17:45:19.9501237Z       "authority": "research/2026-10-07-dot-g2-actual-age-support-certificate-0723z/PUBLIC-SOURCE-CONTEXT.json",
verify	Recover stopped G5 original compiler diagnostics	2026-10-07T17:45:19.9501331Z       "imports": [
verify	Recover stopped G5 original compiler diagnostics	2026-10-07T17:45:19.9501436Z         "G2WholeMatrixAges",
verify	Recover stopped G5 original compiler diagnostics	2026-10-07T17:45:19.9501552Z         "G2ActualPairCoalescence"
verify	Recover stopped G5 original compiler diagnostics	2026-10-07T17:45:19.9501631Z       ],
verify	Recover stopped G5 original compiler diagnostics	2026-10-07T17:45:19.9501795Z       "destination": "TimedG2/G2CalendarPairSupport.lean"
verify	Recover stopped G5 original compiler diagnostics	2026-10-07T17:45:19.9501877Z     },
verify	Recover stopped G5 original compiler diagnostics	2026-10-07T17:45:19.9501990Z     "G2RationalAgeReadout": {
verify	Recover stopped G5 original compiler diagnostics	2026-10-07T17:45:19.9502517Z       "source": "research/2026-10-07-dot-g2-age-reader-source-preservation-0253z/sources/G2RationalAgeReadout.lean",
verify	Recover stopped G5 original compiler diagnostics	2026-10-07T17:45:19.9502777Z       "sha256": "64c47ce766266fabb405fa51a223f16ed45b80d13c2f6dd31604fd8387a5e274",
verify	Recover stopped G5 original compiler diagnostics	2026-10-07T17:45:19.9503189Z       "authority": "research/2026-10-07-dot-g2-age-reader-source-preservation-0253z/SOURCE-AND-DEPENDENCY-PINS.json",
verify	Recover stopped G5 original compiler diagnostics	2026-10-07T17:45:19.9503279Z       "imports": [
verify	Recover stopped G5 original compiler diagnostics	2026-10-07T17:45:19.9503485Z         "Mathlib.MeasureTheory.Constructions.BorelSpace.Real",
verify	Recover stopped G5 original compiler diagnostics	2026-10-07T17:45:19.9503641Z         "Mathlib.MeasureTheory.MeasurableSpace.Pi"
verify	Recover stopped G5 original compiler diagnostics	2026-10-07T17:45:19.9503728Z       ],
verify	Recover stopped G5 original compiler diagnostics	2026-10-07T17:45:19.9503890Z       "destination": "TimedG2/G2RationalAgeReadout.lean"
verify	Recover stopped G5 original compiler diagnostics	2026-10-07T17:45:19.9503973Z     },
verify	Recover stopped G5 original compiler diagnostics	2026-10-07T17:45:19.9504083Z     "G2PairBirthThreshold": {
verify	Recover stopped G5 original compiler diagnostics	2026-10-07T17:45:19.9504484Z       "source": "research/2026-10-07-dot-g2-age-reader-source-preservation-0253z/sources/G2PairBirthThreshold.lean",
verify	Recover stopped G5 original compiler diagnostics	2026-10-07T17:45:19.9504856Z       "sha256": "303f43bb7b14c324d27c9cff82c7173cf08b9e97d98517d58e4dab2713bc7ca0",
verify	Recover stopped G5 original compiler diagnostics	2026-10-07T17:45:19.9505262Z       "authority": "research/2026-10-07-dot-g2-age-reader-source-preservation-0253z/SOURCE-AND-DEPENDENCY-PINS.json",
verify	Recover stopped G5 original compiler diagnostics	2026-10-07T17:45:19.9505364Z       "imports": [
verify	Recover stopped G5 original compiler diagnostics	2026-10-07T17:45:19.9505465Z         "G2PairBirthFold",
verify	Recover stopped G5 original compiler diagnostics	2026-10-07T17:45:19.9505585Z         "G2EpochHistoryReadout",
verify	Recover stopped G5 original compiler diagnostics	2026-10-07T17:45:19.9505697Z         "G2RationalAgeReadout",
verify	Recover stopped G5 original compiler diagnostics	2026-10-07T17:45:19.9505803Z         "Mathlib.Data.List.OfFn"
verify	Recover stopped G5 original compiler diagnostics	2026-10-07T17:45:19.9505889Z       ],
verify	Recover stopped G5 original compiler diagnostics	2026-10-07T17:45:19.9506051Z       "destination": "TimedG2/G2PairBirthThreshold.lean"
verify	Recover stopped G5 original compiler diagnostics	2026-10-07T17:45:19.9506135Z     },
verify	Recover stopped G5 original compiler diagnostics	2026-10-07T17:45:19.9506245Z     "G2AncestralPairSupport": {
verify	Recover stopped G5 original compiler diagnostics	2026-10-07T17:45:19.9506660Z       "source": "research/2026-10-07-dot-g2-matrix-and-ancestral-support-0418z/sources/G2AncestralPairSupport.lean",
verify	Recover stopped G5 original compiler diagnostics	2026-10-07T17:45:19.9506913Z       "sha256": "964b830ccc15e18b02cc3c3d7c5e4d1f98d9c4d532cd59fb2a486289dabd0ef8",
verify	Recover stopped G5 original compiler diagnostics	2026-10-07T17:45:19.9507295Z       "authority": "research/2026-10-07-dot-g2-matrix-and-ancestral-support-0418z/SOURCE-AND-REVIEW-PINS.json",
verify	Recover stopped G5 original compiler diagnostics	2026-10-07T17:45:19.9507498Z       "imports": [
verify	Recover stopped G5 original compiler diagnostics	2026-10-07T17:45:19.9507625Z         "G2CompleteCalendarAttachment",
verify	Recover stopped G5 original compiler diagnostics	2026-10-07T17:45:19.9507732Z         "G2PairBirthFold"
verify	Recover stopped G5 original compiler diagnostics	2026-10-07T17:45:19.9507810Z       ],
verify	Recover stopped G5 original compiler diagnostics	2026-10-07T17:45:19.9507986Z       "destination": "TimedG2/G2AncestralPairSupport.lean"
verify	Recover stopped G5 original compiler diagnostics	2026-10-07T17:45:19.9508070Z     },
verify	Recover stopped G5 original compiler diagnostics	2026-10-07T17:45:19.9508186Z     "G2AncestralAgeCertificate": {
verify	Recover stopped G5 original compiler diagnostics	2026-10-07T17:45:19.9508596Z       "source": "research/2026-10-07-dot-g2-actual-age-support-certificate-0723z/G2AncestralAgeCertificate.lean",
verify	Recover stopped G5 original compiler diagnostics	2026-10-07T17:45:19.9508841Z       "sha256": "af6fcaa8a27194d676b676a4c1fc4135dd783353d8aa8e9dc42f3d2a545ecade",
verify	Recover stopped G5 original compiler diagnostics	2026-10-07T17:45:19.9509241Z       "authority": "research/2026-10-07-dot-g2-actual-age-support-certificate-0723z/PUBLIC-SOURCE-CONTEXT.json",
verify	Recover stopped G5 original compiler diagnostics	2026-10-07T17:45:19.9509330Z       "imports": [
verify	Recover stopped G5 original compiler diagnostics	2026-10-07T17:45:19.9509465Z         "G2CalendarPairSupport",
verify	Recover stopped G5 original compiler diagnostics	2026-10-07T17:45:19.9509592Z         "G2PairBirthThreshold",
verify	Recover stopped G5 original compiler diagnostics	2026-10-07T17:45:19.9509705Z         "G2AncestralPairSupport"
verify	Recover stopped G5 original compiler diagnostics	2026-10-07T17:45:19.9509795Z       ],
verify	Recover stopped G5 original compiler diagnostics	2026-10-07T17:45:19.9509977Z       "destination": "TimedG2/G2AncestralAgeCertificate.lean"
verify	Recover stopped G5 original compiler diagnostics	2026-10-07T17:45:19.9510063Z     },
verify	Recover stopped G5 original compiler diagnostics	2026-10-07T17:45:19.9510206Z     "G2ChronologicalTraceCompatibility": {
verify	Recover stopped G5 original compiler diagnostics	2026-10-07T17:45:19.9510692Z       "source": "research/2026-10-07-dot-g2-age-reader-source-preservation-0253z/sources/G2ChronologicalTraceCompatibility.lean",
verify	Recover stopped G5 original compiler diagnostics	2026-10-07T17:45:19.9510952Z       "sha256": "47ac354705e6df0bbbb081852abcd48e584514a473a91a129fa6d8a9dcd3a93b",
verify	Recover stopped G5 original compiler diagnostics	2026-10-07T17:45:19.9511364Z       "authority": "research/2026-10-07-dot-g2-age-reader-source-preservation-0253z/SOURCE-AND-DEPENDENCY-PINS.json",
verify	Recover stopped G5 original compiler diagnostics	2026-10-07T17:45:19.9511459Z       "imports": [
verify	Recover stopped G5 original compiler diagnostics	2026-10-07T17:45:19.9511577Z         "G2ChronologicalPathReadout"
verify	Recover stopped G5 original compiler diagnostics	2026-10-07T17:45:19.9511660Z       ],
verify	Recover stopped G5 original compiler diagnostics	2026-10-07T17:45:19.9511882Z       "destination": "TimedG2/G2ChronologicalTraceCompatibility.lean"
verify	Recover stopped G5 original compiler diagnostics	2026-10-07T17:45:19.9511965Z     },
verify	Recover stopped G5 original compiler diagnostics	2026-10-07T17:45:19.9512070Z     "G2CalendarFirstAge": {
verify	Recover stopped G5 original compiler diagnostics	2026-10-07T17:45:19.9512552Z       "source": "research/2026-10-07-dot-g2-calendar-first-age-binding-0745z/G2CalendarFirstAge.lean",
verify	Recover stopped G5 original compiler diagnostics	2026-10-07T17:45:19.9512806Z       "sha256": "8d81c7505e95e60d10663da000754a4757b57f2eba6fde23df94c05bd4b06e6f",
verify	Recover stopped G5 original compiler diagnostics	2026-10-07T17:45:19.9513180Z       "authority": "research/2026-10-07-dot-g2-calendar-first-age-binding-0745z/PUBLIC-SOURCE-CONTEXT.json",
verify	Recover stopped G5 original compiler diagnostics	2026-10-07T17:45:19.9513275Z       "imports": [
verify	Recover stopped G5 original compiler diagnostics	2026-10-07T17:45:19.9513390Z         "G2AncestralAgeCertificate",
verify	Recover stopped G5 original compiler diagnostics	2026-10-07T17:45:19.9513530Z         "G2ChronologicalTraceCompatibility"
verify	Recover stopped G5 original compiler diagnostics	2026-10-07T17:45:19.9513609Z       ],
verify	Recover stopped G5 original compiler diagnostics	2026-10-07T17:45:19.9513772Z       "destination": "TimedG2/G2CalendarFirstAge.lean"
verify	Recover stopped G5 original compiler diagnostics	2026-10-07T17:45:19.9513855Z     },
verify	Recover stopped G5 original compiler diagnostics	2026-10-07T17:45:19.9514027Z     "UnifiedLean.Source.SourceCrossCarrierNatural": {
verify	Recover stopped G5 original compiler diagnostics	2026-10-07T17:45:19.9514513Z       "source": "research/2026-10-04-dot-verified-lean-825-0203z/package/baseline/UnifiedLean/Source/SourceCrossCarrierNatural.lean",
verify	Recover stopped G5 original compiler diagnostics	2026-10-07T17:45:19.9514888Z       "sha256": "1d4c912aade4355a65b017b7fc02cee977cf0567728cd488c97c9a6de76c439c",
verify	Recover stopped G5 original compiler diagnostics	2026-10-07T17:45:19.9515005Z       "authority": "baseline",
verify	Recover stopped G5 original compiler diagnostics	2026-10-07T17:45:19.9515096Z       "imports": [
verify	Recover stopped G5 original compiler diagnostics	2026-10-07T17:45:19.9515263Z         "UnifiedLean.Source.SourceCrossCarrierProgram"
verify	Recover stopped G5 original compiler diagnostics	2026-10-07T17:45:19.9515345Z       ],
verify	Recover stopped G5 original compiler diagnostics	2026-10-07T17:45:19.9515562Z       "destination": "UnifiedLean/Source/SourceCrossCarrierNatural.lean"
verify	Recover stopped G5 original compiler diagnostics	2026-10-07T17:45:19.9515646Z     },
verify	Recover stopped G5 original compiler diagnostics	2026-10-07T17:45:19.9515836Z     "UnifiedLean.Source.SourceUnrankedCopyProjectivity": {
verify	Recover stopped G5 original compiler diagnostics	2026-10-07T17:45:19.9516348Z       "source": "research/2026-10-04-dot-verified-lean-825-0203z/package/baseline/UnifiedLean/Source/SourceUnrankedCopyProjectivity.lean",
verify	Recover stopped G5 original compiler diagnostics	2026-10-07T17:45:19.9516594Z       "sha256": "ef2c49cbbbd519616e29f5e213e4e0e267626423b6c951d794647d2095eab55d",
verify	Recover stopped G5 original compiler diagnostics	2026-10-07T17:45:19.9516703Z       "authority": "baseline",
verify	Recover stopped G5 original compiler diagnostics	2026-10-07T17:45:19.9516800Z       "imports": [
verify	Recover stopped G5 original compiler diagnostics	2026-10-07T17:45:19.9516966Z         "UnifiedLean.Source.SourceCrossCarrierNatural"
verify	Recover stopped G5 original compiler diagnostics	2026-10-07T17:45:19.9517050Z       ],
verify	Recover stopped G5 original compiler diagnostics	2026-10-07T17:45:19.9517401Z       "destination": "UnifiedLean/Source/SourceUnrankedCopyProjectivity.lean"
verify	Recover stopped G5 original compiler diagnostics	2026-10-07T17:45:19.9517484Z     },
verify	Recover stopped G5 original compiler diagnostics	2026-10-07T17:45:19.9517650Z     "UnifiedLean.Source.SourceUnrankedAllPanels": {
verify	Recover stopped G5 original compiler diagnostics	2026-10-07T17:45:19.9518120Z       "source": "research/2026-10-04-dot-verified-lean-825-0203z/package/baseline/UnifiedLean/Source/SourceUnrankedAllPanels.lean",
verify	Recover stopped G5 original compiler diagnostics	2026-10-07T17:45:19.9518372Z       "sha256": "4936fb211505d9c5961256ba4f1a4c63db0065c7c94ccadf3fcd67a320f270c3",
verify	Recover stopped G5 original compiler diagnostics	2026-10-07T17:45:19.9518478Z       "authority": "baseline",
verify	Recover stopped G5 original compiler diagnostics	2026-10-07T17:45:19.9518575Z       "imports": [
verify	Recover stopped G5 original compiler diagnostics	2026-10-07T17:45:19.9518763Z         "UnifiedLean.Source.SourceUnrankedCopyProjectivity"
verify	Recover stopped G5 original compiler diagnostics	2026-10-07T17:45:19.9518850Z       ],
verify	Recover stopped G5 original compiler diagnostics	2026-10-07T17:45:19.9519065Z       "destination": "UnifiedLean/Source/SourceUnrankedAllPanels.lean"
verify	Recover stopped G5 original compiler diagnostics	2026-10-07T17:45:19.9519153Z     },
verify	Recover stopped G5 original compiler diagnostics	2026-10-07T17:45:19.9519321Z     "UnifiedLean.Source.OriginalFixedIDControls": {
verify	Recover stopped G5 original compiler diagnostics	2026-10-07T17:45:19.9519781Z       "source": "research/2026-10-04-dot-verified-lean-825-0203z/package/baseline/UnifiedLean/Source/OriginalFixedIDControls.lean",
verify	Recover stopped G5 original compiler diagnostics	2026-10-07T17:45:19.9520039Z       "sha256": "5b32ee2edff84d6ef7c75549b55e7368380fcff9dbb3b0cd4397584746bb224d",
verify	Recover stopped G5 original compiler diagnostics	2026-10-07T17:45:19.9520144Z       "authority": "baseline",
verify	Recover stopped G5 original compiler diagnostics	2026-10-07T17:45:19.9520238Z       "imports": [
verify	Recover stopped G5 original compiler diagnostics	2026-10-07T17:45:19.9520397Z         "UnifiedLean.Source.SourceUnrankedAllPanels"
verify	Recover stopped G5 original compiler diagnostics	2026-10-07T17:45:19.9520482Z       ],
verify	Recover stopped G5 original compiler diagnostics	2026-10-07T17:45:19.9520698Z       "destination": "UnifiedLean/Source/OriginalFixedIDControls.lean"
verify	Recover stopped G5 original compiler diagnostics	2026-10-07T17:45:19.9520776Z     },
verify	Recover stopped G5 original compiler diagnostics	2026-10-07T17:45:19.9521007Z     "UnifiedLean.Source.ControlledUnrankedSourceProjectivity": {
verify	Recover stopped G5 original compiler diagnostics	2026-10-07T17:45:19.9521538Z       "source": "research/2026-10-04-dot-verified-lean-825-0203z/package/baseline/UnifiedLean/Source/ControlledUnrankedSourceProjectivity.lean",
verify	Recover stopped G5 original compiler diagnostics	2026-10-07T17:45:19.9521794Z       "sha256": "6ba2f40bd84c286a6281335b26e9e96efd20e10e6ab6cca5919ddbb7b8f2a5e5",
verify	Recover stopped G5 original compiler diagnostics	2026-10-07T17:45:19.9521900Z       "authority": "baseline",
verify	Recover stopped G5 original compiler diagnostics	2026-10-07T17:45:19.9521994Z       "imports": [
verify	Recover stopped G5 original compiler diagnostics	2026-10-07T17:45:19.9522160Z         "UnifiedLean.Source.OriginalFixedIDControls"
verify	Recover stopped G5 original compiler diagnostics	2026-10-07T17:45:19.9522238Z       ],
verify	Recover stopped G5 original compiler diagnostics	2026-10-07T17:45:19.9522630Z       "destination": "UnifiedLean/Source/ControlledUnrankedSourceProjectivity.lean"
verify	Recover stopped G5 original compiler diagnostics	2026-10-07T17:45:19.9522711Z     },
verify	Recover stopped G5 original compiler diagnostics	2026-10-07T17:45:19.9522833Z     "G2ControlledTraceAssembly": {
verify	Recover stopped G5 original compiler diagnostics	2026-10-07T17:45:19.9523304Z       "source": "research/2026-10-07-dot-g2-chronological-decoration-integration-0139z/sources/G2ControlledTraceAssembly.lean",
verify	Recover stopped G5 original compiler diagnostics	2026-10-07T17:45:19.9523557Z       "sha256": "f02391f465c303efda7b11c035ed43a3f0724e8ad48a76d027cdfbe19a57519d",
verify	Recover stopped G5 original compiler diagnostics	2026-10-07T17:45:19.9524016Z       "authority": "research/2026-10-07-dot-g2-chronological-decoration-integration-0139z/SOURCE-AND-DEPENDENCY-PINS.json",
verify	Recover stopped G5 original compiler diagnostics	2026-10-07T17:45:19.9524107Z       "imports": [
verify	Recover stopped G5 original compiler diagnostics	2026-10-07T17:45:19.9524365Z         "G2CompleteCalendarAttachment",
verify	Recover stopped G5 original compiler diagnostics	2026-10-07T17:45:19.9524580Z         "UnifiedLean.Source.ControlledUnrankedSourceProjectivity"
verify	Recover stopped G5 original compiler diagnostics	2026-10-07T17:45:19.9524668Z       ],
verify	Recover stopped G5 original compiler diagnostics	2026-10-07T17:45:19.9524854Z       "destination": "TimedG2/G2ControlledTraceAssembly.lean"
verify	Recover stopped G5 original compiler diagnostics	2026-10-07T17:45:19.9524943Z     },
verify	Recover stopped G5 original compiler diagnostics	2026-10-07T17:45:19.9525073Z     "G2RegisteredPathProjection": {
verify	Recover stopped G5 original compiler diagnostics	2026-10-07T17:45:19.9525525Z       "source": "research/2026-10-07-dot-g2-age-reader-source-preservation-0253z/sources/G2RegisteredPathProjection.lean",
verify	Recover stopped G5 original compiler diagnostics	2026-10-07T17:45:19.9525782Z       "sha256": "5ea9209452a8f97971e27c431e9dba9a1edfc68f0b517909c67b0b7609add092",
verify	Recover stopped G5 original compiler diagnostics	2026-10-07T17:45:19.9526204Z       "authority": "research/2026-10-07-dot-g2-age-reader-source-preservation-0253z/SOURCE-AND-DEPENDENCY-PINS.json",
verify	Recover stopped G5 original compiler diagnostics	2026-10-07T17:45:19.9526302Z       "imports": [
verify	Recover stopped G5 original compiler diagnostics	2026-10-07T17:45:19.9526419Z         "G2ControlledTraceAssembly",
verify	Recover stopped G5 original compiler diagnostics	2026-10-07T17:45:19.9526549Z         "G2ActualChronologicalPathLaw"
verify	Recover stopped G5 original compiler diagnostics	2026-10-07T17:45:19.9526637Z       ],
verify	Recover stopped G5 original compiler diagnostics	2026-10-07T17:45:19.9526826Z       "destination": "TimedG2/G2RegisteredPathProjection.lean"
verify	Recover stopped G5 original compiler diagnostics	2026-10-07T17:45:19.9526912Z     },
verify	Recover stopped G5 original compiler diagnostics	2026-10-07T17:45:19.9527027Z     "G2OriginalAbsoluteAges": {
verify	Recover stopped G5 original compiler diagnostics	2026-10-07T17:45:19.9527515Z       "source": "research/2026-10-07-dot-g2-complete-timed-support-0858z/G2OriginalAbsoluteAges.lean",
verify	Recover stopped G5 original compiler diagnostics	2026-10-07T17:45:19.9527768Z       "sha256": "59576fad762d0b49d55d476fedf48d4d900a6de69d6ef5bf4d009d00b936eb35",
verify	Recover stopped G5 original compiler diagnostics	2026-10-07T17:45:19.9528130Z       "authority": "research/2026-10-07-dot-g2-complete-timed-support-0858z/PUBLIC-SOURCE-CONTEXT.json",
verify	Recover stopped G5 original compiler diagnostics	2026-10-07T17:45:19.9528227Z       "imports": [
verify	Recover stopped G5 original compiler diagnostics	2026-10-07T17:45:19.9528334Z         "G2CalendarFirstAge",
verify	Recover stopped G5 original compiler diagnostics	2026-10-07T17:45:19.9528459Z         "G2RegisteredPathProjection"
verify	Recover stopped G5 original compiler diagnostics	2026-10-07T17:45:19.9528537Z       ],
verify	Recover stopped G5 original compiler diagnostics	2026-10-07T17:45:19.9528707Z       "destination": "TimedG2/G2OriginalAbsoluteAges.lean"
verify	Recover stopped G5 original compiler diagnostics	2026-10-07T17:45:19.9528784Z     },
verify	Recover stopped G5 original compiler diagnostics	2026-10-07T17:45:19.9528903Z     "G2JointTimedObservation": {
verify	Recover stopped G5 original compiler diagnostics	2026-10-07T17:45:19.9529389Z       "source": "research/2026-10-06-dot-timed-g2-partial-preservation-and-priority-0714z/sources/G2JointTimedObservation.lean",
verify	Recover stopped G5 original compiler diagnostics	2026-10-07T17:45:19.9529644Z       "sha256": "c79e7949d340af9c5a5878ba6420f163133dd7f399a2f75cbdb698e13878ca04",
verify	Recover stopped G5 original compiler diagnostics	2026-10-07T17:45:19.9530009Z       "authority": "research/2026-10-07-dot-g2-complete-timed-support-0858z/PUBLIC-SOURCE-CONTEXT.json",
verify	Recover stopped G5 original compiler diagnostics	2026-10-07T17:45:19.9530097Z       "imports": [
verify	Recover stopped G5 original compiler diagnostics	2026-10-07T17:45:19.9530213Z         "G2OriginalAbsoluteAges"
verify	Recover stopped G5 original compiler diagnostics	2026-10-07T17:45:19.9530292Z       ],
verify	Recover stopped G5 original compiler diagnostics	2026-10-07T17:45:19.9530465Z       "destination": "TimedG2/G2JointTimedObservation.lean"
verify	Recover stopped G5 original compiler diagnostics	2026-10-07T17:45:19.9530548Z     },
verify	Recover stopped G5 original compiler diagnostics	2026-10-07T17:45:19.9530659Z     "G2CompleteTimedSupport": {
verify	Recover stopped G5 original compiler diagnostics	2026-10-07T17:45:19.9531006Z       "source": "research/2026-10-07-dot-g2-complete-timed-support-0858z/G2CompleteTimedSupport.lean",
verify	Recover stopped G5 original compiler diagnostics	2026-10-07T17:45:19.9531259Z       "sha256": "169d7ce5aca559aec2016f8fe50a26629b2a24d94b135885d148f78e4cecb808",
verify	Recover stopped G5 original compiler diagnostics	2026-10-07T17:45:19.9531613Z       "authority": "research/2026-10-07-dot-g2-complete-timed-support-0858z/PUBLIC-SOURCE-CONTEXT.json",
verify	Recover stopped G5 original compiler diagnostics	2026-10-07T17:45:19.9531705Z       "imports": [
verify	Recover stopped G5 original compiler diagnostics	2026-10-07T17:45:19.9531827Z         "G2TimedBoundMeasurability",
verify	Recover stopped G5 original compiler diagnostics	2026-10-07T17:45:19.9531941Z         "G2JointTimedObservation"
verify	Recover stopped G5 original compiler diagnostics	2026-10-07T17:45:19.9532024Z       ],
verify	Recover stopped G5 original compiler diagnostics	2026-10-07T17:45:19.9532196Z       "destination": "TimedG2/G2CompleteTimedSupport.lean"
verify	Recover stopped G5 original compiler diagnostics	2026-10-07T17:45:19.9532274Z     },
verify	Recover stopped G5 original compiler diagnostics	2026-10-07T17:45:19.9532566Z     "G2TimedDecorationPruning": {
verify	Recover stopped G5 original compiler diagnostics	2026-10-07T17:45:19.9533054Z       "source": "research/2026-10-06-dot-timed-g2-partial-preservation-and-priority-0714z/sources/G2TimedDecorationPruning.lean",
verify	Recover stopped G5 original compiler diagnostics	2026-10-07T17:45:19.9533306Z       "sha256": "1cdef90418524400b3fed31ff6426afca569e1677331553972c8a8e66401e56d",
verify	Recover stopped G5 original compiler diagnostics	2026-10-07T17:45:19.9533733Z       "authority": "research/2026-10-07-dot-g2-timed-endpoint-ordinary-integration-0941z/PUBLIC-SOURCE-CONTEXT.json",
verify	Recover stopped G5 original compiler diagnostics	2026-10-07T17:45:19.9533822Z       "imports": [
verify	Recover stopped G5 original compiler diagnostics	2026-10-07T17:45:19.9533948Z         "G2FaithfulPairAgeDecoration"
verify	Recover stopped G5 original compiler diagnostics	2026-10-07T17:45:19.9534030Z       ],
verify	Recover stopped G5 original compiler diagnostics	2026-10-07T17:45:19.9534213Z       "destination": "TimedG2/G2TimedDecorationPruning.lean"
verify	Recover stopped G5 original compiler diagnostics	2026-10-07T17:45:19.9534415Z     },
verify	Recover stopped G5 original compiler diagnostics	2026-10-07T17:45:19.9534530Z     "G2ChronologicalPruning": {
verify	Recover stopped G5 original compiler diagnostics	2026-10-07T17:45:19.9534942Z       "source": "research/2026-10-07-dot-g2-timed-endpoint-ordinary-integration-0941z/G2ChronologicalPruning.lean",
verify	Recover stopped G5 original compiler diagnostics	2026-10-07T17:45:19.9535187Z       "sha256": "7fb5a717568ac5c709663585ea55e994a8b98ac6e424848356024a68149c98d8",
verify	Recover stopped G5 original compiler diagnostics	2026-10-07T17:45:19.9535616Z       "authority": "research/2026-10-07-dot-g2-timed-endpoint-ordinary-integration-0941z/PUBLIC-SOURCE-CONTEXT.json",
verify	Recover stopped G5 original compiler diagnostics	2026-10-07T17:45:19.9535706Z       "imports": [
verify	Recover stopped G5 original compiler diagnostics	2026-10-07T17:45:19.9535827Z         "G2CompleteTimedSupport",
verify	Recover stopped G5 original compiler diagnostics	2026-10-07T17:45:19.9535940Z         "G2TimedDecorationPruning"
verify	Recover stopped G5 original compiler diagnostics	2026-10-07T17:45:19.9536027Z       ],
verify	Recover stopped G5 original compiler diagnostics	2026-10-07T17:45:19.9536197Z       "destination": "TimedG2/G2ChronologicalPruning.lean"
verify	Recover stopped G5 original compiler diagnostics	2026-10-07T17:45:19.9536274Z     },
verify	Recover stopped G5 original compiler diagnostics	2026-10-07T17:45:19.9536393Z     "G2SourcePairMatrixReadout": {
verify	Recover stopped G5 original compiler diagnostics	2026-10-07T17:45:19.9536808Z       "source": "research/2026-10-07-dot-g2-timed-endpoint-ordinary-integration-0941z/G2SourcePairMatrixReadout.lean",
verify	Recover stopped G5 original compiler diagnostics	2026-10-07T17:45:19.9537063Z       "sha256": "d2323c4797ac682927ab2e4008b803d701fc5ce8963a4ae0a89f9649fa7cddce",
verify	Recover stopped G5 original compiler diagnostics	2026-10-07T17:45:19.9537607Z       "authority": "research/2026-10-07-dot-g2-timed-endpoint-ordinary-integration-0941z/PUBLIC-SOURCE-CONTEXT.json",
verify	Recover stopped G5 original compiler diagnostics	2026-10-07T17:45:19.9537704Z       "imports": [
verify	Recover stopped G5 original compiler diagnostics	2026-10-07T17:45:19.9537822Z         "G2ChronologicalPruning"
verify	Recover stopped G5 original compiler diagnostics	2026-10-07T17:45:19.9537900Z       ],
verify	Recover stopped G5 original compiler diagnostics	2026-10-07T17:45:19.9538085Z       "destination": "TimedG2/G2SourcePairMatrixReadout.lean"
verify	Recover stopped G5 original compiler diagnostics	2026-10-07T17:45:19.9538162Z     },
verify	Recover stopped G5 original compiler diagnostics	2026-10-07T17:45:19.9538281Z     "G2CompleteTerminalReadout": {
verify	Recover stopped G5 original compiler diagnostics	2026-10-07T17:45:19.9538696Z       "source": "research/2026-10-07-dot-g2-timed-endpoint-ordinary-integration-0941z/G2CompleteTerminalReadout.lean",
verify	Recover stopped G5 original compiler diagnostics	2026-10-07T17:45:19.9538937Z       "sha256": "f7235d98732b30f3041e15d076ceb07771bd5c33879b8755550e724e0f0dfab8",
verify	Recover stopped G5 original compiler diagnostics	2026-10-07T17:45:19.9539355Z       "authority": "research/2026-10-07-dot-g2-timed-endpoint-ordinary-integration-0941z/PUBLIC-SOURCE-CONTEXT.json",
verify	Recover stopped G5 original compiler diagnostics	2026-10-07T17:45:19.9539448Z       "imports": [
verify	Recover stopped G5 original compiler diagnostics	2026-10-07T17:45:19.9539570Z         "G2SourcePairMatrixReadout"
verify	Recover stopped G5 original compiler diagnostics	2026-10-07T17:45:19.9539655Z       ],
verify	Recover stopped G5 original compiler diagnostics	2026-10-07T17:45:19.9539838Z       "destination": "TimedG2/G2CompleteTerminalReadout.lean"
verify	Recover stopped G5 original compiler diagnostics	2026-10-07T17:45:19.9539915Z     },
verify	Recover stopped G5 original compiler diagnostics	2026-10-07T17:45:19.9540032Z     "G2FaithfulTimedOutput": {
verify	Recover stopped G5 original compiler diagnostics	2026-10-07T17:45:19.9540436Z       "source": "research/2026-10-07-dot-g2-timed-endpoint-ordinary-integration-0941z/G2FaithfulTimedOutput.lean",
verify	Recover stopped G5 original compiler diagnostics	2026-10-07T17:45:19.9540685Z       "sha256": "476e2ef1e3bc0d3d14871fdde32852a310f27a4b9b36673f3e864b5d87f282ac",
verify	Recover stopped G5 original compiler diagnostics	2026-10-07T17:45:19.9541100Z       "authority": "research/2026-10-07-dot-g2-timed-endpoint-ordinary-integration-0941z/PUBLIC-SOURCE-CONTEXT.json",
verify	Recover stopped G5 original compiler diagnostics	2026-10-07T17:45:19.9541189Z       "imports": [
verify	Recover stopped G5 original compiler diagnostics	2026-10-07T17:45:19.9541308Z         "G2CompleteTerminalReadout"
verify	Recover stopped G5 original compiler diagnostics	2026-10-07T17:45:19.9541385Z       ],
verify	Recover stopped G5 original compiler diagnostics	2026-10-07T17:45:19.9541553Z       "destination": "TimedG2/G2FaithfulTimedOutput.lean"
verify	Recover stopped G5 original compiler diagnostics	2026-10-07T17:45:19.9541639Z     },
verify	Recover stopped G5 original compiler diagnostics	2026-10-07T17:45:19.9541774Z     "G2LiteralTimedObservationPruning": {
verify	Recover stopped G5 original compiler diagnostics	2026-10-07T17:45:19.9542244Z       "source": "research/2026-10-07-dot-g2-timed-endpoint-ordinary-integration-0941z/G2LiteralTimedObservationPruning.lean",
verify	Recover stopped G5 original compiler diagnostics	2026-10-07T17:45:19.9542639Z       "sha256": "223224ab6002d510076d99da42a11f8ca1724d8266b0fc7a5cdd2d25628c31b7",
verify	Recover stopped G5 original compiler diagnostics	2026-10-07T17:45:19.9543060Z       "authority": "research/2026-10-07-dot-g2-timed-endpoint-ordinary-integration-0941z/PUBLIC-SOURCE-CONTEXT.json",
verify	Recover stopped G5 original compiler diagnostics	2026-10-07T17:45:19.9543151Z       "imports": [
verify	Recover stopped G5 original compiler diagnostics	2026-10-07T17:45:19.9543265Z         "G2FaithfulTimedOutput"
verify	Recover stopped G5 original compiler diagnostics	2026-10-07T17:45:19.9543349Z       ],
verify	Recover stopped G5 original compiler diagnostics	2026-10-07T17:45:19.9543562Z       "destination": "TimedG2/G2LiteralTimedObservationPruning.lean"
verify	Recover stopped G5 original compiler diagnostics	2026-10-07T17:45:19.9543643Z     },
verify	Recover stopped G5 original compiler diagnostics	2026-10-07T17:45:19.9543759Z     "G2ActualTimedAllPanelLaw": {
verify	Recover stopped G5 original compiler diagnostics	2026-10-07T17:45:19.9544175Z       "source": "research/2026-10-07-dot-g2-timed-endpoint-ordinary-integration-0941z/G2ActualTimedAllPanelLaw.lean",
verify	Recover stopped G5 original compiler diagnostics	2026-10-07T17:45:19.9544550Z       "sha256": "05ca8311eb01110a0d01d1f12ef6fe744fef51b21f1c3592e90bad3b08f6c376",
verify	Recover stopped G5 original compiler diagnostics	2026-10-07T17:45:19.9544964Z       "authority": "research/2026-10-07-dot-g2-timed-endpoint-ordinary-integration-0941z/PUBLIC-SOURCE-CONTEXT.json",
verify	Recover stopped G5 original compiler diagnostics	2026-10-07T17:45:19.9545062Z       "imports": [
verify	Recover stopped G5 original compiler diagnostics	2026-10-07T17:45:19.9545196Z         "G2LiteralTimedObservationPruning"
verify	Recover stopped G5 original compiler diagnostics	2026-10-07T17:45:19.9545280Z       ],
verify	Recover stopped G5 original compiler diagnostics	2026-10-07T17:45:19.9545459Z       "destination": "TimedG2/G2ActualTimedAllPanelLaw.lean"
verify	Recover stopped G5 original compiler diagnostics	2026-10-07T17:45:19.9545542Z     },
verify	Recover stopped G5 original compiler diagnostics	2026-10-07T17:45:19.9545670Z     "G5HiddenRegisterTimedProjectivity": {
verify	Recover stopped G5 original compiler diagnostics	2026-10-07T17:45:19.9546027Z       "source": "research/2026-10-07-astra-g5-m3-7e3b/sources/G5HiddenRegisterTimedProjectivity.lean",
verify	Recover stopped G5 original compiler diagnostics	2026-10-07T17:45:19.9546284Z       "sha256": "a7e8ae569fc51d2d0365394e4776ab83c254a488ea507d2b582367f625c4acc2",
verify	Recover stopped G5 original compiler diagnostics	2026-10-07T17:45:19.9546396Z       "authority": "G5 assignment",
verify	Recover stopped G5 original compiler diagnostics	2026-10-07T17:45:19.9546492Z       "imports": [
verify	Recover stopped G5 original compiler diagnostics	2026-10-07T17:45:19.9546607Z         "G2ActualTimedAllPanelLaw"
verify	Recover stopped G5 original compiler diagnostics	2026-10-07T17:45:19.9546695Z       ],
verify	Recover stopped G5 original compiler diagnostics	2026-10-07T17:45:19.9546914Z       "destination": "CloudG5/G5HiddenRegisterTimedProjectivity.lean"
verify	Recover stopped G5 original compiler diagnostics	2026-10-07T17:45:19.9547103Z     },
verify	Recover stopped G5 original compiler diagnostics	2026-10-07T17:45:19.9547231Z     "G5FrozenTriplePolynomialKernel": {
verify	Recover stopped G5 original compiler diagnostics	2026-10-07T17:45:19.9547550Z       "source": "research/2026-10-07-codex-g5-lean/sources/G5FrozenTriplePolynomialKernel.lean",
verify	Recover stopped G5 original compiler diagnostics	2026-10-07T17:45:19.9547810Z       "sha256": "ba0c611a563318de5d2310b6620cae0899c77b9ead6cf690efd82af926c746a4",
verify	Recover stopped G5 original compiler diagnostics	2026-10-07T17:45:19.9547920Z       "authority": "G5 assignment",
verify	Recover stopped G5 original compiler diagnostics	2026-10-07T17:45:19.9548013Z       "imports": [
verify	Recover stopped G5 original compiler diagnostics	2026-10-07T17:45:19.9548160Z         "Mathlib.Analysis.SpecialFunctions.Exp",
verify	Recover stopped G5 original compiler diagnostics	2026-10-07T17:45:19.9548274Z         "Mathlib.Tactic.FinCases",
verify	Recover stopped G5 original compiler diagnostics	2026-10-07T17:45:19.9548384Z         "Mathlib.Tactic.NormNum",
verify	Recover stopped G5 original compiler diagnostics	2026-10-07T17:45:19.9548499Z         "Mathlib.Tactic.FunProp",
verify	Recover stopped G5 original compiler diagnostics	2026-10-07T17:45:19.9548623Z         "Mathlib.Tactic.Positivity",
verify	Recover stopped G5 original compiler diagnostics	2026-10-07T17:45:19.9548727Z         "Mathlib.Tactic.Ring"
verify	Recover stopped G5 original compiler diagnostics	2026-10-07T17:45:19.9548814Z       ],
verify	Recover stopped G5 original compiler diagnostics	2026-10-07T17:45:19.9549014Z       "destination": "CloudG5/G5FrozenTriplePolynomialKernel.lean"
verify	Recover stopped G5 original compiler diagnostics	2026-10-07T17:45:19.9549098Z     },
verify	Recover stopped G5 original compiler diagnostics	2026-10-07T17:45:19.9549222Z     "G5FrozenTripleAnalyticSupport": {
verify	Recover stopped G5 original compiler diagnostics	2026-10-07T17:45:19.9549594Z       "source": "research/2026-10-07-cloud-g5-sol-ultra-1557z/sources/G5FrozenTripleAnalyticSupport.lean",
verify	Recover stopped G5 original compiler diagnostics	2026-10-07T17:45:19.9549839Z       "sha256": "87679f3b02566a44efd25b3d275af458716c015b346e02bd9d513093e5787f4c",
verify	Recover stopped G5 original compiler diagnostics	2026-10-07T17:45:19.9549945Z       "authority": "G5 assignment",
verify	Recover stopped G5 original compiler diagnostics	2026-10-07T17:45:19.9550039Z       "imports": [
verify	Recover stopped G5 original compiler diagnostics	2026-10-07T17:45:19.9550166Z         "G5FrozenTriplePolynomialKernel",
verify	Recover stopped G5 original compiler diagnostics	2026-10-07T17:45:19.9550285Z         "G5UnknownRateSupport"
verify	Recover stopped G5 original compiler diagnostics	2026-10-07T17:45:19.9550364Z       ],
verify	Recover stopped G5 original compiler diagnostics	2026-10-07T17:45:19.9550565Z       "destination": "CloudG5/G5FrozenTripleAnalyticSupport.lean"
verify	Recover stopped G5 original compiler diagnostics	2026-10-07T17:45:19.9550645Z     }
verify	Recover stopped G5 original compiler diagnostics	2026-10-07T17:45:19.9550720Z   },
verify	Recover stopped G5 original compiler diagnostics	2026-10-07T17:45:19.9550822Z   "external_roots": [
verify	Recover stopped G5 original compiler diagnostics	2026-10-07T17:45:19.9550933Z     "Lean.Elab.Tactic.Omega",
verify	Recover stopped G5 original compiler diagnostics	2026-10-07T17:45:19.9551073Z     "Mathlib.Algebra.BigOperators.Field",
verify	Recover stopped G5 original compiler diagnostics	2026-10-07T17:45:19.9551200Z     "Mathlib.Algebra.BigOperators.Fin",
verify	Recover stopped G5 original compiler diagnostics	2026-10-07T17:45:19.9551361Z     "Mathlib.Algebra.BigOperators.Finsupp.Basic",
verify	Recover stopped G5 original compiler diagnostics	2026-10-07T17:45:19.9551541Z     "Mathlib.Algebra.BigOperators.Group.Finset.Basic",
verify	Recover stopped G5 original compiler diagnostics	2026-10-07T17:45:19.9551713Z     "Mathlib.Algebra.BigOperators.Group.Finset.Sigma",
verify	Recover stopped G5 original compiler diagnostics	2026-10-07T17:45:19.9551898Z     "Mathlib.Algebra.BigOperators.GroupWithZero.Finset",
verify	Recover stopped G5 original compiler diagnostics	2026-10-07T17:45:19.9552044Z     "Mathlib.Algebra.BigOperators.Ring.Finset",
verify	Recover stopped G5 original compiler diagnostics	2026-10-07T17:45:19.9552218Z     "Mathlib.Algebra.Order.BigOperators.Group.Finset",
verify	Recover stopped G5 original compiler diagnostics	2026-10-07T17:45:19.9552546Z     "Mathlib.Algebra.Order.BigOperators.GroupWithZero.Finset",
verify	Recover stopped G5 original compiler diagnostics	2026-10-07T17:45:19.9552732Z     "Mathlib.Analysis.Normed.Algebra.MatrixExponential",
verify	Recover stopped G5 original compiler diagnostics	2026-10-07T17:45:19.9552902Z     "Mathlib.Analysis.Normed.Module.FiniteDimension",
verify	Recover stopped G5 original compiler diagnostics	2026-10-07T17:45:19.9553048Z     "Mathlib.Analysis.SpecialFunctions.Exp",
verify	Recover stopped G5 original compiler diagnostics	2026-10-07T17:45:19.9553219Z     "Mathlib.Analysis.SpecialFunctions.Exponential",
verify	Recover stopped G5 original compiler diagnostics	2026-10-07T17:45:19.9553495Z     "Mathlib.Analysis.SpecialFunctions.Log.Basic",
verify	Recover stopped G5 original compiler diagnostics	2026-10-07T17:45:19.9553642Z     "Mathlib.Analysis.SpecificLimits.Basic",
verify	Recover stopped G5 original compiler diagnostics	2026-10-07T17:45:19.9553775Z     "Mathlib.Data.ENNReal.BigOperators",
verify	Recover stopped G5 original compiler diagnostics	2026-10-07T17:45:19.9553898Z     "Mathlib.Data.Fin.Tuple.Basic",
verify	Recover stopped G5 original compiler diagnostics	2026-10-07T17:45:19.9554009Z     "Mathlib.Data.Finset.Card",
verify	Recover stopped G5 original compiler diagnostics	2026-10-07T17:45:19.9554125Z     "Mathlib.Data.Finset.Max",
verify	Recover stopped G5 original compiler diagnostics	2026-10-07T17:45:19.9554239Z     "Mathlib.Data.Finset.Prod",
verify	Recover stopped G5 original compiler diagnostics	2026-10-07T17:45:19.9554347Z     "Mathlib.Data.Finset.Sort",
verify	Recover stopped G5 original compiler diagnostics	2026-10-07T17:45:19.9554465Z     "Mathlib.Data.Finset.Union",
verify	Recover stopped G5 original compiler diagnostics	2026-10-07T17:45:19.9554577Z     "Mathlib.Data.Fintype.Basic",
verify	Recover stopped G5 original compiler diagnostics	2026-10-07T17:45:19.9554711Z     "Mathlib.Data.Fintype.BigOperators",
verify	Recover stopped G5 original compiler diagnostics	2026-10-07T17:45:19.9554823Z     "Mathlib.Data.Fintype.Card",
verify	Recover stopped G5 original compiler diagnostics	2026-10-07T17:45:19.9554946Z     "Mathlib.Data.Fintype.EquivFin",
verify	Recover stopped G5 original compiler diagnostics	2026-10-07T17:45:19.9555064Z     "Mathlib.Data.Fintype.Powerset",
verify	Recover stopped G5 original compiler diagnostics	2026-10-07T17:45:19.9555176Z     "Mathlib.Data.Fintype.Sum",
verify	Recover stopped G5 original compiler diagnostics	2026-10-07T17:45:19.9555290Z     "Mathlib.Data.List.OfFn",
verify	Recover stopped G5 original compiler diagnostics	2026-10-07T17:45:19.9555404Z     "Mathlib.Data.Nat.Choose.Basic",
verify	Recover stopped G5 original compiler diagnostics	2026-10-07T17:45:19.9555525Z     "Mathlib.Data.Rat.BigOperators",
verify	Recover stopped G5 original compiler diagnostics	2026-10-07T17:45:19.9555750Z     "Mathlib.Data.Rat.Lemmas",
verify	Recover stopped G5 original compiler diagnostics	2026-10-07T17:45:19.9555864Z     "Mathlib.Data.Real.Basic",
verify	Recover stopped G5 original compiler diagnostics	2026-10-07T17:45:19.9555990Z     "Mathlib.LinearAlgebra.Vandermonde",
verify	Recover stopped G5 original compiler diagnostics	2026-10-07T17:45:19.9556099Z     "Mathlib.Logic.Relation",
verify	Recover stopped G5 original compiler diagnostics	2026-10-07T17:45:19.9556320Z     "Mathlib.MeasureTheory.Constructions.BorelSpace.Metrizable",
verify	Recover stopped G5 original compiler diagnostics	2026-10-07T17:45:19.9556527Z     "Mathlib.MeasureTheory.Constructions.BorelSpace.Order",
verify	Recover stopped G5 original compiler diagnostics	2026-10-07T17:45:19.9556719Z     "Mathlib.MeasureTheory.Constructions.BorelSpace.Real",
verify	Recover stopped G5 original compiler diagnostics	2026-10-07T17:45:19.9556863Z     "Mathlib.MeasureTheory.Constructions.Pi",
verify	Recover stopped G5 original compiler diagnostics	2026-10-07T17:45:19.9557038Z     "Mathlib.MeasureTheory.Constructions.Projective",
verify	Recover stopped G5 original compiler diagnostics	2026-10-07T17:45:19.9557200Z     "Mathlib.MeasureTheory.Integral.Bochner.Basic",
verify	Recover stopped G5 original compiler diagnostics	2026-10-07T17:45:19.9557449Z     "Mathlib.MeasureTheory.Integral.IntervalIntegral.FundThmCalculus",
verify	Recover stopped G5 original compiler diagnostics	2026-10-07T17:45:19.9557632Z     "Mathlib.MeasureTheory.Integral.Lebesgue.Countable",
verify	Recover stopped G5 original compiler diagnostics	2026-10-07T17:45:19.9557865Z     "Mathlib.MeasureTheory.Integral.Lebesgue.DominatedConvergence",
verify	Recover stopped G5 original compiler diagnostics	2026-10-07T17:45:19.9558031Z     "Mathlib.MeasureTheory.Integral.Lebesgue.Map",
verify	Recover stopped G5 original compiler diagnostics	2026-10-07T17:45:19.9558165Z     "Mathlib.MeasureTheory.Integral.Prod",
verify	Recover stopped G5 original compiler diagnostics	2026-10-07T17:45:19.9558318Z     "Mathlib.MeasureTheory.MeasurableSpace.Pi",
verify	Recover stopped G5 original compiler diagnostics	2026-10-07T17:45:19.9558450Z     "Mathlib.MeasureTheory.Measure.Prod",
verify	Recover stopped G5 original compiler diagnostics	2026-10-07T17:45:19.9558596Z     "Mathlib.MeasureTheory.Measure.Restrict",
verify	Recover stopped G5 original compiler diagnostics	2026-10-07T17:45:19.9558752Z     "Mathlib.Probability.Distributions.Bernoulli",
verify	Recover stopped G5 original compiler diagnostics	2026-10-07T17:45:19.9558923Z     "Mathlib.Probability.Distributions.Exponential",
verify	Recover stopped G5 original compiler diagnostics	2026-10-07T17:45:19.9559099Z     "Mathlib.Probability.Distributions.Poisson.Basic",
verify	Recover stopped G5 original compiler diagnostics	2026-10-07T17:45:19.9559250Z     "Mathlib.Probability.Distributions.Uniform",
verify	Recover stopped G5 original compiler diagnostics	2026-10-07T17:45:19.9559397Z     "Mathlib.Probability.Independence.Basic",
verify	Recover stopped G5 original compiler diagnostics	2026-10-07T17:45:19.9559616Z     "Mathlib.Probability.ProbabilityMassFunction.Constructions",
verify	Recover stopped G5 original compiler diagnostics	2026-10-07T17:45:19.9559827Z     "Mathlib.Probability.ProbabilityMassFunction.Integrals",
verify	Recover stopped G5 original compiler diagnostics	2026-10-07T17:45:19.9559921Z     "Mathlib.Tactic",
verify	Recover stopped G5 original compiler diagnostics	2026-10-07T17:45:19.9560038Z     "Mathlib.Tactic.FinCases",
verify	Recover stopped G5 original compiler diagnostics	2026-10-07T17:45:19.9560151Z     "Mathlib.Tactic.FunProp",
verify	Recover stopped G5 original compiler diagnostics	2026-10-07T17:45:19.9560258Z     "Mathlib.Tactic.Linarith",
verify	Recover stopped G5 original compiler diagnostics	2026-10-07T17:45:19.9560367Z     "Mathlib.Tactic.NormNum",
verify	Recover stopped G5 original compiler diagnostics	2026-10-07T17:45:19.9560485Z     "Mathlib.Tactic.Positivity",
verify	Recover stopped G5 original compiler diagnostics	2026-10-07T17:45:19.9560589Z     "Mathlib.Tactic.Ring"
verify	Recover stopped G5 original compiler diagnostics	2026-10-07T17:45:19.9560666Z   ],
verify	Recover stopped G5 original compiler diagnostics	2026-10-07T17:45:19.9561017Z   "scope": "Authenticated source selection only; compilation and complete audits are separate."
verify	Recover stopped G5 original compiler diagnostics	2026-10-07T17:45:19.9561100Z }
verify	Recover stopped G5 original compiler diagnostics	2026-10-07T17:45:19.9561111Z 
verify	Recover stopped G5 original compiler diagnostics	2026-10-07T17:45:19.9564280Z G5_ORIGINAL_RETRIEVAL {"source_run": 37650073193, "source_commit": "a5a80af1dedc53ff060f8d521b50596851261cd4", "artifact_id": 11496078569, "reported_artifact_zip_sha256": "439aac618c7896cd34a9b5365e8a9553a5389e451e527368c24e341ac7d20f12", "expected_failed_stdout_sha256": "34de6290607f742b7e7e67716ddf0a40bace5fcd605fcedac473905952442717", "start": "2026-10-07T17:45:16.083675+00:00", "command": ["gh", "run", "download", "37650073193", "--repo", "Sodelin/Research-Commons", "--name", "cloud-g5-37650073193", "--dir", "/home/runner/work/_temp/g6-cloud-build/g6-evidence/stopped-g5-original/artifact"], "retrieval_exit": 0, "diagnostic_found": true, "observed_failed_stdout_sha256": "34de6290607f742b7e7e67716ddf0a40bace5fcd605fcedac473905952442717", "original_hash_matches": true, "end": "2026-10-07T17:45:19.833330+00:00"}
verify	Verify G6 frozen sources serially	﻿2026-10-07T17:45:19.9597237Z ##[group]Run bash "$RUNNER_TEMP/research-commons/research/2026-10-07-cloud-g6-sol-ultra-1601z/verification/verify.sh"
verify	Verify G6 frozen sources serially	2026-10-07T17:45:19.9597659Z [36;1mbash "$RUNNER_TEMP/research-commons/research/2026-10-07-cloud-g6-sol-ultra-1601z/verification/verify.sh"[0m
verify	Verify G6 frozen sources serially	2026-10-07T17:45:19.9660383Z shell: /usr/bin/bash -e {0}
verify	Verify G6 frozen sources serially	2026-10-07T17:45:19.9660489Z ##[endgroup]
verify	Verify G6 frozen sources serially	2026-10-07T17:45:20.0444281Z G6_TIMED_G2_PROVIDERS {"G2LiveLineageRouting": {"source": "research/2026-10-04-dot-verified-lean-825-0203z/package/baseline/Imported/G2LiveLineageRouting.lean", "sha256": "bf33f6be93e61960aa637df34d1197316669d6f2ddde6d743ac405a010cb05af"}, "G2FaithfulPairAgeDecoration": {"source": "research/2026-10-06-dot-g2-faithful-pair-age-foundation-2315z/source/G2FaithfulPairAgeDecoration.lean", "sha256": "c82708abcdae2e3e174f245dccca811881b5149f1acb69b12700850b307b5735"}, "G2SourceGraftDecoration": {"source": "research/2026-10-06-dot-g2-source-graft-source-preservation-2357z/G2SourceGraftDecoration.lean", "sha256": "c8da578dde3fdf049e4075a39292979bbb5936bd9c754d743072420a91c07ddd"}, "G2LiteralMarkedClockTrace": {"source": "research/2026-10-06-dot-g2-marked-clock-extension-0903z/G2LiteralMarkedClockTrace.lean", "sha256": "c7360a7aad72b8f8a2fb4864ff4e9b6e7d576e01e68c8a7c1a594ef2d9e57b9a"}, "G2ActualDecorationFold": {"source": "research/2026-10-07-dot-g2-calendar-tail-source-successor-0058z/sources/G2ActualDecorationFold.lean", "sha256": "8ca5f51130da2c7b513e70cd0b0d93a22fe9c4e706a63b590cab5407258f55be"}, "G2DecorationMeasurability": {"source": "research/2026-10-07-dot-g2-chronological-decoration-integration-0139z/sources/G2DecorationMeasurability.lean", "sha256": "a016097f843583052f5c2b8a4c19899cb97d78052779c4771e22aa9603104338"}, "G2MarkedTraceRenewal": {"source": "research/2026-10-07-dot-g2-accepted-source-preservation-0006z/sources/G2MarkedTraceRenewal.lean", "sha256": "edbabf47f1429b8747c5d49a7d00d2762ad47ece635dfe00f1c59280a0b29603"}, "G2LiteralEpochLaw": {"source": "research/2026-10-07-dot-g2-accepted-source-preservation-0006z/sources/G2LiteralEpochLaw.lean", "sha256": "9020ef5baaf8955097e69efac86b552cf80540211125d8f215bf1ca0bcecba7a"}, "G2ActualCalendarTrace": {"source": "research/2026-10-07-dot-g2-accepted-source-preservation-0006z/sources/G2ActualCalendarTrace.lean", "sha256": "cf709bcf2b686619c6f378dbe1a7690b6a19012a82a541ed34f3b0ff4af07ddd"}, "G2FiniteAncestralTrace": {"source": "research/2026-10-07-dot-g2-accepted-source-preservation-0006z/sources/G2FiniteAncestralTrace.lean", "sha256": "00733330a10c2c2f8718e0a7e9c954ae4ac6c10631eee57231e22e3620bafb5a"}, "G2AncestralTraceSourceLaw": {"source": "research/2026-10-07-dot-g2-accepted-source-preservation-0006z/sources/G2AncestralTraceSourceLaw.lean", "sha256": "641cf1285ad10ec18dab7a42d207147afb964485924912b9d53aee428927436a"}, "G2CompleteCalendarAttachment": {"source": "research/2026-10-07-dot-g2-accepted-source-preservation-0006z/sources/G2CompleteCalendarAttachment.lean", "sha256": "aa34dd0dfc6f4d5b33b764f801eade71b3380e024f5bbfcf8549b508e0d5d40f"}, "G2LiteralCutResidual": {"source": "research/2026-10-07-dot-g2-accepted-source-preservation-0006z/sources/G2LiteralCutResidual.lean", "sha256": "e09e93c3ef68ea8b25ff72008a37306bfb8d0c2a8ef2b7082eb5c841fb8f1011"}, "G2MarkedTraceCuts": {"source": "research/2026-10-07-dot-g2-accepted-source-preservation-0006z/sources/G2MarkedTraceCuts.lean", "sha256": "aaa3688bee5774a700912c49d7ca134d17d4e6fee95c8542a3a0b65003f6a699"}, "G2MarkedTraceBudgetStability": {"source": "research/2026-10-07-dot-g2-accepted-source-preservation-0006z/sources/G2MarkedTraceBudgetStability.lean", "sha256": "6c8f1abb65ac251e0e5ad610d63a51d39b238c9d0ae7b33d5d709e3e8a2c4fea"}, "G2SameClockContinuation": {"source": "research/2026-10-07-dot-g2-accepted-source-preservation-0006z/sources/G2SameClockContinuation.lean", "sha256": "9dfef60676c1333670f00a7a3fb180487ea622ee3d67ced1492baebe32b777e6"}, "G2HistoryResidualAttachment": {"source": "research/2026-10-07-dot-g2-accepted-source-preservation-0006z/sources/G2HistoryResidualAttachment.lean", "sha256": "3c84f22ebdcc417af5bae995cb3706c0b2098f07947ab5e5918fb07307f7e298"}, "G2CutFutureSourceBinding": {"source": "research/2026-10-07-dot-g2-accepted-source-preservation-0006z/sources/G2CutFutureSourceBinding.lean", "sha256": "b95300a4096e50d524bad664e51a4c04bc20384d070dfbbecf0e3b7e8ab42190"}, "G2SameClockPastFutureLaw": {"source": "research/2026-10-07-dot-g2-accepted-source-preservation-0006z/sources/G2SameClockPastFutureLaw.lean", "sha256": "bf28fae9d12fd6c381cbae64e5bff0b944fe9fe9dceb051b9b470f19b5432930"}, "G2EpochHistoryReadout": {"source": "research/2026-10-07-dot-g2-accepted-source-preservation-0006z/sources/G2EpochHistoryReadout.lean", "sha256": "f3d6598cff77c87219efb74e9a361b3ac7c92c35862d2d259932e6f4f5b904d7"}, "G2CompleteAncestralPath": {"source": "research/2026-10-07-dot-g2-accepted-source-preservation-0006z/sources/G2CompleteAncestralPath.lean", "sha256": "42ef05e829cb750a88c4ae5abe57db6c927fb5b7467921998ba1e02c2dc013f0"}, "G2ChronologicalPathReadout": {"source": "research/2026-10-07-dot-g2-accepted-source-preservation-0006z/sources/G2ChronologicalPathReadout.lean", "sha256": "99ad51df4fb50155d714d0ff69972d194fa1c70132bee75f580fbb789be00473"}, "G2CalendarDecoration": {"source": "research/2026-10-07-dot-g2-chronological-decoration-integration-0139z/sources/G2CalendarDecoration.lean", "sha256": "9b2458b78813186151e5d5eb2cf7bd9a3a134e39e0de8de6e59cac6d2a6936b6"}, "G2CompleteDecoration": {"source": "research/2026-10-06-dot-timed-g2-partial-preservation-and-priority-0714z/sources/G2CompleteDecoration.lean", "sha256": "ffc80b41844871b945b78a4d7b5887121ca2b3691ad985d6b8ff29c14d8fe963"}, "G2PairBirthFold": {"source": "research/2026-10-07-dot-g2-age-reader-source-preservation-0253z/sources/G2PairBirthFold.lean", "sha256": "cb0697ca4832343c933b31593553c658e839648968441900a01cc556635512f3"}, "G2ClockBoundaryNull": {"source": "research/2026-10-07-dot-g2-accepted-source-preservation-0006z/sources/G2ClockBoundaryNull.lean", "sha256": "f0ed787fd7f9135024b4f5300120699b358cbea0b6adb9b6124a386448ee1982"}, "G2WholeMatrixAges": {"source": "research/2026-10-07-dot-g2-strict-clock-compatibility-0645z/G2WholeMatrixAges.lean", "sha256": "2c4a38c22a4fb6efa569796749eec7b00c3affd8ee1a57e33144a1bc893026b8"}, "G2ChronologicalDecoration": {"source": "research/2026-10-06-dot-timed-g2-partial-preservation-and-priority-0714z/sources/G2ChronologicalDecoration.lean", "sha256": "5fca3f67c6f7021084b20214c032afb90777fe61134df0105a2a0600c89ae113"}, "G2StrictClockDecoration": {"source": "research/2026-10-06-dot-timed-g2-partial-preservation-and-priority-0714z/sources/G2StrictClockDecoration.lean", "sha256": "cac04040f92e143008996ee4761a7e51e1dc0b27b1735f0768eeef97200f2fa8"}, "G2OriginalProgramSafety": {"source": "research/2026-10-06-dot-timed-g2-partial-preservation-and-priority-0714z/sources/G2OriginalProgramSafety.lean", "sha256": "90299b14c00de553311c139ea68e8154b127fbf75f91e4728efad131b1f8d471"}, "G2TimedBoundMeasurability": {"source": "research/2026-10-06-dot-timed-g2-partial-preservation-and-priority-0714z/sources/G2TimedBoundMeasurability.lean", "sha256": "b269de25ed1af29edec928382d0452e62d2cd84c5f70c36cde808ea61ec8543f"}, "G2CutResidualSourceMixture": {"source": "research/2026-10-07-dot-g2-accepted-source-preservation-0006z/sources/G2CutResidualSourceMixture.lean", "sha256": "6b13e51479edf4409fa09167f1c83065ed7a4952650c28da5d78192105b6cc0a"}, "G2SourceFiniteHistory": {"source": "research/2026-10-06-dot-g2-source-finite-history-checkpoint-2141z/G2SourceFiniteHistory.lean", "sha256": "1992444990057008ee1449cda6c3a01a9b7c25b9070c749c0bc9c2504db45ee5"}, "G2ActualEpochHistoryLaw": {"source": "research/2026-10-07-dot-g2-accepted-source-preservation-0006z/sources/G2ActualEpochHistoryLaw.lean", "sha256": "e106b912721336831c3392d3cf5414cf20b43765b73c5c6cc31b83dec7d69be2"}, "G2EpochPathProjection": {"source": "research/2026-10-07-dot-g2-accepted-source-preservation-0006z/sources/G2EpochPathProjection.lean", "sha256": "04abbc6e6efdde07f651a706092014b14c542b7386037d3715cecbf61b1d21e8"}, "G2ActualSegmentPathLaw": {"source": "research/2026-10-07-dot-g2-accepted-source-preservation-0006z/sources/G2ActualSegmentPathLaw.lean", "sha256": "9581cf8c75982bbfd3a47f300a97a865c1fe140efd946ffce464fe25344e60ca"}, "G2FiniteFibreTransport": {"source": "research/2026-10-07-dot-g2-accepted-source-preservation-0006z/sources/G2FiniteFibreTransport.lean", "sha256": "fc8b772af83a6140bff8dbc6253b50820e5c6bbf7ce0262d2211919f039b16ea"}, "G2CalendarHistoryBinding": {"source": "research/2026-10-07-dot-g2-accepted-source-preservation-0006z/sources/G2CalendarHistoryBinding.lean", "sha256": "8827842d77dc5749d6db4114ef24d34cf85779a545628879a6ba6eaf3681b796"}, "G2CalendarPathProjection": {"source": "research/2026-10-07-dot-g2-calendar-tail-source-successor-0058z/sources/G2CalendarPathProjection.lean", "sha256": "af8a56136b53dafdb99b77de1f3e5ecdd5a5a6e7a70b39657650f9a364bd52c6"}, "G2CompletedCalendarPathLaw": {"source": "research/2026-10-07-dot-g2-calendar-tail-source-successor-0058z/sources/G2CompletedCalendarPathLaw.lean", "sha256": "684487a6e3816a13a3b03b40550873fbfa7e3c920b1854e41f9951b17aba2a30"}, "G2ChronologicalGluing": {"source": "research/2026-10-07-dot-g2-calendar-tail-source-successor-0058z/sources/G2ChronologicalGluing.lean", "sha256": "ca1b9f05a5f87556eb9a9dca93d160409a735d934d17d7c04e3ad0324520bfff"}, "G2ActualChronologicalPathLaw": {"source": "research/2026-10-07-dot-g2-chronological-decoration-integration-0139z/sources/G2ActualChronologicalPathLaw.lean", "sha256": "a4a018b7eb33f2cb0bd12e70b0c16d0664c8de26a4d87c0eab046d2bf47d6a18"}, "G2EventualPathReadout": {"source": "research/2026-10-07-dot-g2-age-reader-source-preservation-0253z/sources/G2EventualPathReadout.lean", "sha256": "14e0ef3bb6ff1c45875092e6a474063178fe78977f24c0dfdb055887693690eb"}, "G2ActualPairCoalescence": {"source": "research/2026-10-06-dot-timed-g2-partial-preservation-and-priority-0714z/sources/G2ActualPairCoalescence.lean", "sha256": "991ce81e7de2a9012bdb9aa311cb3fbc8cfcbda39843af725c0fdd09617d261d"}, "G2CalendarPairSupport": {"source": "research/2026-10-07-dot-g2-actual-calendar-pair-support-0456z/G2CalendarPairSupport.lean", "sha256": "2cc04aae4479af39fa315e50d959963db84959ae11b21f40cf7608dcfd516b1c"}, "G2RationalAgeReadout": {"source": "research/2026-10-07-dot-g2-age-reader-source-preservation-0253z/sources/G2RationalAgeReadout.lean", "sha256": "64c47ce766266fabb405fa51a223f16ed45b80d13c2f6dd31604fd8387a5e274"}, "G2PairBirthThreshold": {"source": "research/2026-10-07-dot-g2-age-reader-source-preservation-0253z/sources/G2PairBirthThreshold.lean", "sha256": "303f43bb7b14c324d27c9cff82c7173cf08b9e97d98517d58e4dab2713bc7ca0"}, "G2AncestralPairSupport": {"source": "research/2026-10-07-dot-g2-matrix-and-ancestral-support-0418z/sources/G2AncestralPairSupport.lean", "sha256": "964b830ccc15e18b02cc3c3d7c5e4d1f98d9c4d532cd59fb2a486289dabd0ef8"}, "G2AncestralAgeCertificate": {"source": "research/2026-10-07-dot-g2-actual-age-support-certificate-0723z/G2AncestralAgeCertificate.lean", "sha256": "af6fcaa8a27194d676b676a4c1fc4135dd783353d8aa8e9dc42f3d2a545ecade"}, "G2ChronologicalTraceCompatibility": {"source": "research/2026-10-07-dot-g2-age-reader-source-preservation-0253z/sources/G2ChronologicalTraceCompatibility.lean", "sha256": "47ac354705e6df0bbbb081852abcd48e584514a473a91a129fa6d8a9dcd3a93b"}, "G2CalendarFirstAge": {"source": "research/2026-10-07-dot-g2-calendar-first-age-binding-0745z/G2CalendarFirstAge.lean", "sha256": "8d81c7505e95e60d10663da000754a4757b57f2eba6fde23df94c05bd4b06e6f"}, "G2ControlledTraceAssembly": {"source": "research/2026-10-07-dot-g2-chronological-decoration-integration-0139z/sources/G2ControlledTraceAssembly.lean", "sha256": "f02391f465c303efda7b11c035ed43a3f0724e8ad48a76d027cdfbe19a57519d"}, "G2RegisteredPathProjection": {"source": "research/2026-10-07-dot-g2-age-reader-source-preservation-0253z/sources/G2RegisteredPathProjection.lean", "sha256": "5ea9209452a8f97971e27c431e9dba9a1edfc68f0b517909c67b0b7609add092"}, "G2OriginalAbsoluteAges": {"source": "research/2026-10-07-dot-g2-complete-timed-support-0858z/G2OriginalAbsoluteAges.lean", "sha256": "59576fad762d0b49d55d476fedf48d4d900a6de69d6ef5bf4d009d00b936eb35"}, "G2JointTimedObservation": {"source": "research/2026-10-06-dot-timed-g2-partial-preservation-and-priority-0714z/sources/G2JointTimedObservation.lean", "sha256": "c79e7949d340af9c5a5878ba6420f163133dd7f399a2f75cbdb698e13878ca04"}, "G2CompleteTimedSupport": {"source": "research/2026-10-07-dot-g2-complete-timed-support-0858z/G2CompleteTimedSupport.lean", "sha256": "169d7ce5aca559aec2016f8fe50a26629b2a24d94b135885d148f78e4cecb808"}, "G2TimedDecorationPruning": {"source": "research/2026-10-06-dot-timed-g2-partial-preservation-and-priority-0714z/sources/G2TimedDecorationPruning.lean", "sha256": "1cdef90418524400b3fed31ff6426afca569e1677331553972c8a8e66401e56d"}, "G2ChronologicalPruning": {"source": "research/2026-10-07-dot-g2-timed-endpoint-ordinary-integration-0941z/G2ChronologicalPruning.lean", "sha256": "7fb5a717568ac5c709663585ea55e994a8b98ac6e424848356024a68149c98d8"}, "G2SourcePairMatrixReadout": {"source": "research/2026-10-07-dot-g2-timed-endpoint-ordinary-integration-0941z/G2SourcePairMatrixReadout.lean", "sha256": "d2323c4797ac682927ab2e4008b803d701fc5ce8963a4ae0a89f9649fa7cddce"}, "G2CompleteTerminalReadout": {"source": "research/2026-10-07-dot-g2-timed-endpoint-ordinary-integration-0941z/G2CompleteTerminalReadout.lean", "sha256": "f7235d98732b30f3041e15d076ceb07771bd5c33879b8755550e724e0f0dfab8"}, "G2FaithfulTimedOutput": {"source": "research/2026-10-07-dot-g2-timed-endpoint-ordinary-integration-0941z/G2FaithfulTimedOutput.lean", "sha256": "476e2ef1e3bc0d3d14871fdde32852a310f27a4b9b36673f3e864b5d87f282ac"}, "G2LiteralTimedObservationPruning": {"source": "research/2026-10-07-dot-g2-timed-endpoint-ordinary-integration-0941z/G2LiteralTimedObservationPruning.lean", "sha256": "223224ab6002d510076d99da42a11f8ca1724d8266b0fc7a5cdd2d25628c31b7"}, "G2ActualTimedAllPanelLaw": {"source": "research/2026-10-07-dot-g2-timed-endpoint-ordinary-integration-0941z/G2ActualTimedAllPanelLaw.lean", "sha256": "05ca8311eb01110a0d01d1f12ef6fe744fef51b21f1c3592e90bad3b08f6c376"}}
verify	Verify G6 frozen sources serially	2026-10-07T17:45:30.9521761Z info: toolchain not updated; already up-to-date
verify	Verify G6 frozen sources serially	2026-10-07T17:45:31.7053890Z info: plausible: cloning https://github.com/leanprover-community/plausible
verify	Verify G6 frozen sources serially	2026-10-07T17:45:31.9176035Z info: plausible: checking out revision 'b7eb3304aeae834b12dda98993a37f6a41f6f0bb'
verify	Verify G6 frozen sources serially	2026-10-07T17:45:31.9314510Z info: LeanSearchClient: cloning https://github.com/leanprover-community/LeanSearchClient
verify	Verify G6 frozen sources serially	2026-10-07T17:45:32.1658349Z info: LeanSearchClient: checking out revision '5f4d51b81cbd3f6b32b156bfad9056621a040404'
verify	Verify G6 frozen sources serially	2026-10-07T17:45:32.1783510Z info: importGraph: cloning https://github.com/leanprover-community/import-graph
verify	Verify G6 frozen sources serially	2026-10-07T17:45:32.9247182Z info: importGraph: checking out revision '16f02aa7642864af59f1ff0e384a015994db9118'
verify	Verify G6 frozen sources serially	2026-10-07T17:45:32.9433204Z info: proofwidgets: cloning https://github.com/leanprover-community/ProofWidgets4
verify	Verify G6 frozen sources serially	2026-10-07T17:45:33.8464640Z info: proofwidgets: checking out revision '4be2e3d5087eeb272cf5a8853b8f9dd025ef5957'
verify	Verify G6 frozen sources serially	2026-10-07T17:45:34.6077407Z info: aesop: cloning https://github.com/leanprover-community/aesop
verify	Verify G6 frozen sources serially	2026-10-07T17:45:35.1208771Z info: aesop: checking out revision '3448c0bcc5ce01b2d1546e483ec3620e32df3d0e'
verify	Verify G6 frozen sources serially	2026-10-07T17:45:35.1402935Z info: Qq: cloning https://github.com/leanprover-community/quote4
verify	Verify G6 frozen sources serially	2026-10-07T17:45:35.3520719Z info: Qq: checking out revision '92c15be17b7caf78c2ad767ec40f89052d908d81'
verify	Verify G6 frozen sources serially	2026-10-07T17:45:35.3659030Z info: batteries: cloning https://github.com/leanprover-community/batteries
verify	Verify G6 frozen sources serially	2026-10-07T17:45:37.6723704Z info: batteries: checking out revision '4488d40d070b9700d4d5a6aa342f0d40c31b2a2d'
verify	Verify G6 frozen sources serially	2026-10-07T17:45:37.7098009Z info: Cli: cloning https://github.com/leanprover/lean4-cli
verify	Verify G6 frozen sources serially	2026-10-07T17:45:37.9112176Z info: Cli: checking out revision '6130a47896ce867c6a4a55373441e59e565bad0f'
verify	Verify G6 frozen sources serially	2026-10-07T17:45:37.9248652Z info: mathlib: running post-update hooks
verify	Verify G6 frozen sources serially	2026-10-07T17:45:37.9884551Z {"version": "1.2.0",
verify	Verify G6 frozen sources serially	2026-10-07T17:45:37.9885088Z  "packagesDir": ".lake/packages",
verify	Verify G6 frozen sources serially	2026-10-07T17:45:37.9885570Z  "packages":
verify	Verify G6 frozen sources serially	2026-10-07T17:45:37.9885926Z  [{"type": "path",
verify	Verify G6 frozen sources serially	2026-10-07T17:45:37.9886289Z    "scope": "",
verify	Verify G6 frozen sources serially	2026-10-07T17:45:37.9887050Z    "name": "mathlib",
verify	Verify G6 frozen sources serially	2026-10-07T17:45:37.9887467Z    "manifestFile": "lake-manifest.json",
verify	Verify G6 frozen sources serially	2026-10-07T17:45:37.9887963Z    "inherited": false,
verify	Verify G6 frozen sources serially	2026-10-07T17:45:37.9888358Z    "dir": "deps/mathlib",
verify	Verify G6 frozen sources serially	2026-10-07T17:45:37.9888676Z    "configFile": "lakefile.lean"},
verify	Verify G6 frozen sources serially	2026-10-07T17:45:37.9889100Z   {"url": "https://github.com/leanprover-community/plausible",
verify	Verify G6 frozen sources serially	2026-10-07T17:45:37.9889538Z    "type": "git",
verify	Verify G6 frozen sources serially	2026-10-07T17:45:37.9889910Z    "subDir": null,
verify	Verify G6 frozen sources serially	2026-10-07T17:45:37.9890174Z    "scope": "leanprover-community",
verify	Verify G6 frozen sources serially	2026-10-07T17:45:37.9890528Z    "rev": "b7eb3304aeae834b12dda98993a37f6a41f6f0bb",
verify	Verify G6 frozen sources serially	2026-10-07T17:45:37.9890888Z    "name": "plausible",
verify	Verify G6 frozen sources serially	2026-10-07T17:45:37.9891173Z    "manifestFile": "lake-manifest.json",
verify	Verify G6 frozen sources serially	2026-10-07T17:45:37.9891495Z    "inputRev": "main",
verify	Verify G6 frozen sources serially	2026-10-07T17:45:37.9891743Z    "inherited": true,
verify	Verify G6 frozen sources serially	2026-10-07T17:45:37.9892002Z    "configFile": "lakefile.toml"},
verify	Verify G6 frozen sources serially	2026-10-07T17:45:37.9892670Z   {"url": "https://github.com/leanprover-community/LeanSearchClient",
verify	Verify G6 frozen sources serially	2026-10-07T17:45:37.9893121Z    "type": "git",
verify	Verify G6 frozen sources serially	2026-10-07T17:45:37.9893370Z    "subDir": null,
verify	Verify G6 frozen sources serially	2026-10-07T17:45:37.9893628Z    "scope": "leanprover-community",
verify	Verify G6 frozen sources serially	2026-10-07T17:45:37.9893979Z    "rev": "5f4d51b81cbd3f6b32b156bfad9056621a040404",
verify	Verify G6 frozen sources serially	2026-10-07T17:45:37.9894341Z    "name": "LeanSearchClient",
verify	Verify G6 frozen sources serially	2026-10-07T17:45:37.9894655Z    "manifestFile": "lake-manifest.json",
verify	Verify G6 frozen sources serially	2026-10-07T17:45:37.9894978Z    "inputRev": "main",
verify	Verify G6 frozen sources serially	2026-10-07T17:45:37.9895218Z    "inherited": true,
verify	Verify G6 frozen sources serially	2026-10-07T17:45:37.9895455Z    "configFile": "lakefile.toml"},
verify	Verify G6 frozen sources serially	2026-10-07T17:45:37.9895814Z   {"url": "https://github.com/leanprover-community/import-graph",
verify	Verify G6 frozen sources serially	2026-10-07T17:45:37.9896179Z    "type": "git",
verify	Verify G6 frozen sources serially	2026-10-07T17:45:37.9896393Z    "subDir": null,
verify	Verify G6 frozen sources serially	2026-10-07T17:45:37.9896637Z    "scope": "leanprover-community",
verify	Verify G6 frozen sources serially	2026-10-07T17:45:37.9896928Z    "rev": "16f02aa7642864af59f1ff0e384a015994db9118",
verify	Verify G6 frozen sources serially	2026-10-07T17:45:37.9897225Z    "name": "importGraph",
verify	Verify G6 frozen sources serially	2026-10-07T17:45:37.9897470Z    "manifestFile": "lake-manifest.json",
verify	Verify G6 frozen sources serially	2026-10-07T17:45:37.9897735Z    "inputRev": "main",
verify	Verify G6 frozen sources serially	2026-10-07T17:45:37.9897952Z    "inherited": true,
verify	Verify G6 frozen sources serially	2026-10-07T17:45:37.9898175Z    "configFile": "lakefile.toml"},
verify	Verify G6 frozen sources serially	2026-10-07T17:45:37.9898516Z   {"url": "https://github.com/leanprover-community/ProofWidgets4",
verify	Verify G6 frozen sources serially	2026-10-07T17:45:37.9898859Z    "type": "git",
verify	Verify G6 frozen sources serially	2026-10-07T17:45:37.9899063Z    "subDir": null,
verify	Verify G6 frozen sources serially	2026-10-07T17:45:37.9899282Z    "scope": "leanprover-community",
verify	Verify G6 frozen sources serially	2026-10-07T17:45:37.9899571Z    "rev": "4be2e3d5087eeb272cf5a8853b8f9dd025ef5957",
verify	Verify G6 frozen sources serially	2026-10-07T17:45:37.9899883Z    "name": "proofwidgets",
verify	Verify G6 frozen sources serially	2026-10-07T17:45:37.9900138Z    "manifestFile": "lake-manifest.json",
verify	Verify G6 frozen sources serially	2026-10-07T17:45:37.9900407Z    "inputRev": "main",
verify	Verify G6 frozen sources serially	2026-10-07T17:45:37.9900614Z    "inherited": true,
verify	Verify G6 frozen sources serially	2026-10-07T17:45:37.9900833Z    "configFile": "lakefile.lean"},
verify	Verify G6 frozen sources serially	2026-10-07T17:45:37.9901144Z   {"url": "https://github.com/leanprover-community/aesop",
verify	Verify G6 frozen sources serially	2026-10-07T17:45:37.9901455Z    "type": "git",
verify	Verify G6 frozen sources serially	2026-10-07T17:45:37.9901646Z    "subDir": null,
verify	Verify G6 frozen sources serially	2026-10-07T17:45:37.9901863Z    "scope": "leanprover-community",
verify	Verify G6 frozen sources serially	2026-10-07T17:45:37.9902153Z    "rev": "3448c0bcc5ce01b2d1546e483ec3620e32df3d0e",
verify	Verify G6 frozen sources serially	2026-10-07T17:45:37.9902663Z    "name": "aesop",
verify	Verify G6 frozen sources serially	2026-10-07T17:45:37.9902996Z    "manifestFile": "lake-manifest.json",
verify	Verify G6 frozen sources serially	2026-10-07T17:45:37.9903267Z    "inputRev": "master",
verify	Verify G6 frozen sources serially	2026-10-07T17:45:37.9903489Z    "inherited": true,
verify	Verify G6 frozen sources serially	2026-10-07T17:45:37.9903702Z    "configFile": "lakefile.toml"},
verify	Verify G6 frozen sources serially	2026-10-07T17:45:37.9904010Z   {"url": "https://github.com/leanprover-community/quote4",
verify	Verify G6 frozen sources serially	2026-10-07T17:45:37.9904526Z    "type": "git",
verify	Verify G6 frozen sources serially	2026-10-07T17:45:37.9904727Z    "subDir": null,
verify	Verify G6 frozen sources serially	2026-10-07T17:45:37.9904938Z    "scope": "leanprover-community",
verify	Verify G6 frozen sources serially	2026-10-07T17:45:37.9905230Z    "rev": "92c15be17b7caf78c2ad767ec40f89052d908d81",
verify	Verify G6 frozen sources serially	2026-10-07T17:45:37.9905512Z    "name": "Qq",
verify	Verify G6 frozen sources serially	2026-10-07T17:45:37.9905728Z    "manifestFile": "lake-manifest.json",
verify	Verify G6 frozen sources serially	2026-10-07T17:45:37.9905990Z    "inputRev": "master",
verify	Verify G6 frozen sources serially	2026-10-07T17:45:37.9906208Z    "inherited": true,
verify	Verify G6 frozen sources serially	2026-10-07T17:45:37.9906422Z    "configFile": "lakefile.toml"},
verify	Verify G6 frozen sources serially	2026-10-07T17:45:37.9906733Z   {"url": "https://github.com/leanprover-community/batteries",
verify	Verify G6 frozen sources serially	2026-10-07T17:45:37.9907175Z    "type": "git",
verify	Verify G6 frozen sources serially	2026-10-07T17:45:37.9907368Z    "subDir": null,
verify	Verify G6 frozen sources serially	2026-10-07T17:45:37.9907576Z    "scope": "leanprover-community",
verify	Verify G6 frozen sources serially	2026-10-07T17:45:37.9907855Z    "rev": "4488d40d070b9700d4d5a6aa342f0d40c31b2a2d",
verify	Verify G6 frozen sources serially	2026-10-07T17:45:37.9908176Z    "name": "batteries",
verify	Verify G6 frozen sources serially	2026-10-07T17:45:37.9908406Z    "manifestFile": "lake-manifest.json",
verify	Verify G6 frozen sources serially	2026-10-07T17:45:37.9908674Z    "inputRev": "main",
verify	Verify G6 frozen sources serially	2026-10-07T17:45:37.9908883Z    "inherited": true,
verify	Verify G6 frozen sources serially	2026-10-07T17:45:37.9909097Z    "configFile": "lakefile.toml"},
verify	Verify G6 frozen sources serially	2026-10-07T17:45:37.9909418Z   {"url": "https://github.com/leanprover/lean4-cli",
verify	Verify G6 frozen sources serially	2026-10-07T17:45:37.9909707Z    "type": "git",
verify	Verify G6 frozen sources serially	2026-10-07T17:45:37.9909901Z    "subDir": null,
verify	Verify G6 frozen sources serially	2026-10-07T17:45:37.9910106Z    "scope": "leanprover",
verify	Verify G6 frozen sources serially	2026-10-07T17:45:37.9910354Z    "rev": "6130a47896ce867c6a4a55373441e59e565bad0f",
verify	Verify G6 frozen sources serially	2026-10-07T17:45:37.9910630Z    "name": "Cli",
verify	Verify G6 frozen sources serially	2026-10-07T17:45:37.9910850Z    "manifestFile": "lake-manifest.json",
verify	Verify G6 frozen sources serially	2026-10-07T17:45:37.9911116Z    "inputRev": "v4.33.0",
verify	Verify G6 frozen sources serially	2026-10-07T17:45:37.9911342Z    "inherited": true,
verify	Verify G6 frozen sources serially	2026-10-07T17:45:37.9911560Z    "configFile": "lakefile.toml"}],
verify	Verify G6 frozen sources serially	2026-10-07T17:45:37.9911810Z  "name": "unifiedLean",
verify	Verify G6 frozen sources serially	2026-10-07T17:45:37.9912040Z  "lakeDir": ".lake",
verify	Verify G6 frozen sources serially	2026-10-07T17:45:37.9912251Z  "fixedToolchain": false}
verify	Verify G6 frozen sources serially	2026-10-07T17:45:38.1278936Z Traceback (most recent call last):
verify	Verify G6 frozen sources serially	2026-10-07T17:45:38.1280338Z   File "/home/runner/work/_temp/research-commons/research/2026-10-07-cloud-g6-sol-ultra-1601z/verification/run.py", line 39, in <module>
verify	Verify G6 frozen sources serially	2026-10-07T17:45:38.1281783Z     visit(target)
verify	Verify G6 frozen sources serially	2026-10-07T17:45:38.1283088Z   File "/home/runner/work/_temp/research-commons/research/2026-10-07-cloud-g6-sol-ultra-1601z/verification/run.py", line 35, in visit
verify	Verify G6 frozen sources serially	2026-10-07T17:45:38.1283922Z     visit(dependency)
verify	Verify G6 frozen sources serially	2026-10-07T17:45:38.1284643Z   File "/home/runner/work/_temp/research-commons/research/2026-10-07-cloud-g6-sol-ultra-1601z/verification/run.py", line 35, in visit
verify	Verify G6 frozen sources serially	2026-10-07T17:45:38.1285421Z     visit(dependency)
verify	Verify G6 frozen sources serially	2026-10-07T17:45:38.1286127Z   File "/home/runner/work/_temp/research-commons/research/2026-10-07-cloud-g6-sol-ultra-1601z/verification/run.py", line 35, in visit
verify	Verify G6 frozen sources serially	2026-10-07T17:45:38.1286945Z     visit(dependency)
verify	Verify G6 frozen sources serially	2026-10-07T17:45:38.1287290Z   [Previous line repeated 8 more times]
verify	Verify G6 frozen sources serially	2026-10-07T17:45:38.1288013Z   File "/home/runner/work/_temp/research-commons/research/2026-10-07-cloud-g6-sol-ultra-1601z/verification/run.py", line 26, in visit
verify	Verify G6 frozen sources serially	2026-10-07T17:45:38.1288814Z     raise RuntimeError('Missing custom source: ' + name)
verify	Verify G6 frozen sources serially	2026-10-07T17:45:38.1289213Z RuntimeError: Missing custom source: is
verify	Verify G6 frozen sources serially	2026-10-07T17:45:38.1467756Z ##[error]Process completed with exit code 1.
verify	Preserve actual success and failure evidence	﻿2026-10-07T17:45:38.1591896Z ##[group]Run actions/upload-artifact@ea165f8d65b6e75b540449e92b4886f43607fa02
verify	Preserve actual success and failure evidence	2026-10-07T17:45:38.1592349Z with:
verify	Preserve actual success and failure evidence	2026-10-07T17:45:38.1592776Z   name: g6-cloud-evidence-37661460465
verify	Preserve actual success and failure evidence	2026-10-07T17:45:38.1593524Z   path: /home/runner/work/_temp/g6-cloud-build/g6-evidence/
verify	Preserve actual success and failure evidence	/home/runner/work/_temp/g567-lean-4.33.1/lean-version.txt
verify	Preserve actual success and failure evidence	/home/runner/work/_temp/g567-lean-4.33.1/runtime-smoke.log
verify	Preserve actual success and failure evidence	
verify	Preserve actual success and failure evidence	2026-10-07T17:45:38.1594245Z   if-no-files-found: warn
verify	Preserve actual success and failure evidence	2026-10-07T17:45:38.1594474Z   retention-days: 30
verify	Preserve actual success and failure evidence	2026-10-07T17:45:38.1594685Z   compression-level: 6
verify	Preserve actual success and failure evidence	2026-10-07T17:45:38.1594893Z   overwrite: false
verify	Preserve actual success and failure evidence	2026-10-07T17:45:38.1595103Z   include-hidden-files: false
verify	Preserve actual success and failure evidence	2026-10-07T17:45:38.1595340Z ##[endgroup]
verify	Preserve actual success and failure evidence	2026-10-07T17:45:38.3316681Z (node:2392) [DEP0040] DeprecationWarning: The `punycode` module is deprecated. Please use a userland alternative instead.
verify	Preserve actual success and failure evidence	2026-10-07T17:45:38.3317789Z (Use `node --trace-deprecation ...` to show where the warning was created)
verify	Preserve actual success and failure evidence	2026-10-07T17:45:38.3665988Z Multiple search paths detected. Calculating the least common ancestor of all paths
verify	Preserve actual success and failure evidence	2026-10-07T17:45:38.3668832Z The least common ancestor is /home/runner/work/_temp. This will be the root directory of the artifact
verify	Preserve actual success and failure evidence	2026-10-07T17:45:38.3669902Z With the provided path, there will be 103 files uploaded
verify	Preserve actual success and failure evidence	2026-10-07T17:45:38.3675844Z Artifact name is valid!
verify	Preserve actual success and failure evidence	2026-10-07T17:45:38.3676717Z Root directory input is valid!
verify	Preserve actual success and failure evidence	2026-10-07T17:45:39.0427303Z Beginning upload of artifact content to blob storage
verify	Preserve actual success and failure evidence	2026-10-07T17:45:39.1549125Z (node:2392) [DEP0169] DeprecationWarning: `url.parse()` behavior is not standardized and prone to errors that have security implications. Use the WHATWG URL API instead. CVEs are not issued for `url.parse()` vulnerabilities.
verify	Preserve actual success and failure evidence	2026-10-07T17:45:39.2155587Z Uploaded bytes 101746
verify	Preserve actual success and failure evidence	2026-10-07T17:45:39.2363627Z Finished uploading artifact content to blob storage!
verify	Preserve actual success and failure evidence	2026-10-07T17:45:39.2364442Z SHA256 digest of uploaded artifact zip is 11ebcb4cd463b1cb30466b3d7b32864575f1f5059e871e38a4c5efb7d58ba478
verify	Preserve actual success and failure evidence	2026-10-07T17:45:39.2364996Z Finalizing artifact upload
verify	Preserve actual success and failure evidence	2026-10-07T17:45:39.4387219Z Artifact g6-cloud-evidence-37661460465.zip successfully finalized. Artifact ID 11501196058
verify	Preserve actual success and failure evidence	2026-10-07T17:45:39.4388744Z Artifact g6-cloud-evidence-37661460465 has been successfully uploaded! Final size is 101746 bytes. Artifact ID is 11501196058
verify	Preserve actual success and failure evidence	2026-10-07T17:45:39.4395934Z Artifact download URL: https://github.com/Sodelin/Research-Commons/actions/runs/37661460465/artifacts/11501196058
verify	Complete job	﻿2026-10-07T17:45:39.4576029Z Cleaning up orphan processes
verify	Complete job	2026-10-07T17:45:39.4891042Z ##[warning]Node.js 20 is deprecated. The following actions target Node.js 20 but are being forced to run on Node.js 24: actions/upload-artifact@ea165f8d65b6e75b540449e92b4886f43607fa02. For more information see: https://github.blog/changelog/2025-09-19-deprecation-of-node-20-on-github-actions-runners/
