verify	Set up job	﻿2026-10-07T16:29:52.6012939Z Current runner version: '2.337.0'
verify	Set up job	2026-10-07T16:29:52.6036503Z ##[group]Runner Image Provisioner
verify	Set up job	2026-10-07T16:29:52.6037613Z Hosted Compute Agent
verify	Set up job	2026-10-07T16:29:52.6038233Z Version: 20260901.588
verify	Set up job	2026-10-07T16:29:52.6038925Z Commit: f88ec8081b781fac6c440065ac7ff9e710ce3d0b
verify	Set up job	2026-10-07T16:29:52.6039667Z Build Date: 2026-09-01T19:56:44Z
verify	Set up job	2026-10-07T16:29:52.6040542Z Worker ID: {977c4641-6693-4b1e-a681-ff1f5eda51cf}
verify	Set up job	2026-10-07T16:29:52.6041357Z Azure Region: westus3
verify	Set up job	2026-10-07T16:29:52.6041931Z ##[endgroup]
verify	Set up job	2026-10-07T16:29:52.6043576Z ##[group]Operating System
verify	Set up job	2026-10-07T16:29:52.6044260Z Ubuntu
verify	Set up job	2026-10-07T16:29:52.6044818Z 24.04.5
verify	Set up job	2026-10-07T16:29:52.6045422Z LTS
verify	Set up job	2026-10-07T16:29:52.6045967Z ##[endgroup]
verify	Set up job	2026-10-07T16:29:52.6046544Z ##[group]Runner Image
verify	Set up job	2026-10-07T16:29:52.6047147Z Image: ubuntu-24.04
verify	Set up job	2026-10-07T16:29:52.6047746Z Version: 20260927.320.1
verify	Set up job	2026-10-07T16:29:52.6048854Z Included Software: https://github.com/actions/runner-images/blob/ubuntu24/20260927.320/images/ubuntu/Ubuntu2404-Readme.md
verify	Set up job	2026-10-07T16:29:52.6051150Z Image Release: https://github.com/actions/runner-images/releases/tag/ubuntu24%2F20260927.320
verify	Set up job	2026-10-07T16:29:52.6052191Z ##[endgroup]
verify	Set up job	2026-10-07T16:29:52.6053403Z ##[group]GITHUB_TOKEN Permissions
verify	Set up job	2026-10-07T16:29:52.6055459Z Contents: read
verify	Set up job	2026-10-07T16:29:52.6056077Z Metadata: read
verify	Set up job	2026-10-07T16:29:52.6056716Z ##[endgroup]
verify	Set up job	2026-10-07T16:29:52.6058741Z Secret source: Actions
verify	Set up job	2026-10-07T16:29:52.6059865Z Cache mode: write
verify	Set up job	2026-10-07T16:29:52.6060834Z Prepare workflow directory
verify	Set up job	2026-10-07T16:29:52.6450676Z Prepare all required actions
verify	Set up job	2026-10-07T16:29:52.6496978Z Getting action download info
verify	Set up job	2026-10-07T16:29:52.9593407Z Download action repository 'actions/upload-artifact@ea165f8d65b6e75b540449e92b4886f43607fa02' (SHA:ea165f8d65b6e75b540449e92b4886f43607fa02)
verify	Set up job	2026-10-07T16:29:53.1964652Z Complete job name: verify
verify	Fetch frozen public input	﻿2026-10-07T16:29:53.2768340Z ##[group]Run set -euo pipefail
verify	Fetch frozen public input	2026-10-07T16:29:53.2769030Z [36;1mset -euo pipefail[0m
verify	Fetch frozen public input	2026-10-07T16:29:53.2769684Z [36;1mgit init --quiet "$RUNNER_TEMP/research-commons"[0m
verify	Fetch frozen public input	2026-10-07T16:29:53.2770970Z [36;1mgit -C "$RUNNER_TEMP/research-commons" remote add origin "https://github.com/$GITHUB_REPOSITORY.git"[0m
verify	Fetch frozen public input	2026-10-07T16:29:53.2772211Z [36;1mgit -C "$RUNNER_TEMP/research-commons" fetch --no-tags --depth=1 origin "$GITHUB_SHA"[0m
verify	Fetch frozen public input	2026-10-07T16:29:53.2773244Z [36;1mgit -C "$RUNNER_TEMP/research-commons" checkout --detach FETCH_HEAD[0m
verify	Fetch frozen public input	2026-10-07T16:29:53.2774214Z [36;1mtest "$(git -C "$RUNNER_TEMP/research-commons" rev-parse HEAD)" = "$GITHUB_SHA"[0m
verify	Fetch frozen public input	2026-10-07T16:29:53.3007981Z shell: /usr/bin/bash -e {0}
verify	Fetch frozen public input	2026-10-07T16:29:53.3008809Z ##[endgroup]
verify	Fetch frozen public input	2026-10-07T16:29:57.6006113Z From https://github.com/Sodelin/Research-Commons
verify	Fetch frozen public input	2026-10-07T16:29:57.6007695Z  * branch            3a45c8287a0b8e2b78281dd172861cfcc2cec532 -> FETCH_HEAD
verify	Fetch frozen public input	2026-10-07T16:29:58.9749502Z HEAD is now at 3a45c82 G6: preserve actual source-prefix PASS and correct final program elaboration
verify	Verify existing pinned runtime	﻿2026-10-07T16:29:58.9923811Z ##[group]Run bash "$RUNNER_TEMP/research-commons/handoffs/2026-10-07-astra-g5-g6-g7-lean/codex-lean/verify-runtime.sh"
verify	Verify existing pinned runtime	2026-10-07T16:29:58.9924811Z [36;1mbash "$RUNNER_TEMP/research-commons/handoffs/2026-10-07-astra-g5-g6-g7-lean/codex-lean/verify-runtime.sh"[0m
verify	Verify existing pinned runtime	2026-10-07T16:29:58.9988143Z shell: /usr/bin/bash -e {0}
verify	Verify existing pinned runtime	2026-10-07T16:29:58.9988473Z ##[endgroup]
verify	Verify existing pinned runtime	2026-10-07T16:29:59.0179062Z   % Total    % Received % Xferd  Average Speed   Time    Time     Time  Current
verify	Verify existing pinned runtime	2026-10-07T16:29:59.0179869Z                                  Dload  Upload   Total   Spent    Left  Speed
verify	Verify existing pinned runtime	2026-10-07T16:29:59.0180581Z 
verify	Verify existing pinned runtime	2026-10-07T16:29:59.1807721Z   0     0    0     0    0     0      0      0 --:--:-- --:--:-- --:--:--     0
verify	Verify existing pinned runtime	2026-10-07T16:29:59.1808915Z   0     0    0     0    0     0      0      0 --:--:-- --:--:-- --:--:--     0
verify	Verify existing pinned runtime	2026-10-07T16:29:59.7702374Z 
verify	Verify existing pinned runtime	2026-10-07T16:30:00.5253022Z  40  543M   40  220M    0     0   292M      0  0:00:01 --:--:--  0:00:01  292M
verify	Verify existing pinned runtime	2026-10-07T16:30:00.5254340Z 100  543M  100  543M    0     0   360M      0  0:00:01  0:00:01 --:--:--  429M
verify	Verify existing pinned runtime	2026-10-07T16:30:00.9443074Z lean.tar.zst: OK
verify	Verify existing pinned runtime	2026-10-07T16:30:06.2122753Z Lean (version 4.33.1, x86_64-unknown-linux-gnu, commit 819816b2e0a3bf405af45ae5c7af2491d8f5bee6, Release)
verify	Verify existing pinned runtime	2026-10-07T16:30:06.2170171Z Lean (version 4.33.1, x86_64-unknown-linux-gnu, commit 819816b2e0a3bf405af45ae5c7af2491d8f5bee6, Release)
verify	Verify existing pinned runtime	2026-10-07T16:30:06.2184424Z Lean (version 4.33.1, x86_64-unknown-linux-gnu, commit 819816b2e0a3bf405af45ae5c7af2491d8f5bee6, Release)
verify	Verify existing pinned runtime	2026-10-07T16:30:06.2200616Z e8baaa71855a616dc351028f3ad2200051b0671f423a1696a100e809302d5550  /home/runner/work/_temp/g567-lean-4.33.1/lean-4.33.1-linux/bin/lean
verify	Verify existing pinned runtime	2026-10-07T16:30:06.2216037Z 5114a5b2e77fa40336ddd9491ebc5f04e767a5c299b7ebdd637104b1f96d2758  /home/runner/work/_temp/research-commons/handoffs/2026-10-07-astra-g5-g6-g7-lean/codex-lean/RuntimeSmoke.lean
verify	Verify existing pinned runtime	2026-10-07T16:30:06.4126309Z 'ResearchCommonsRuntime.runtimeSmoke' does not depend on any axioms
verify	Verify existing pinned runtime	2026-10-07T16:30:06.4318170Z RUNTIME_SMOKE_PASSED source_commit=3a45c8287a0b8e2b78281dd172861cfcc2cec532
verify	Verify G6 frozen sources serially	﻿2026-10-07T16:30:06.4783577Z ##[group]Run bash "$RUNNER_TEMP/research-commons/research/2026-10-07-cloud-g6-sol-ultra-1601z/verification/verify.sh"
verify	Verify G6 frozen sources serially	2026-10-07T16:30:06.4785188Z [36;1mbash "$RUNNER_TEMP/research-commons/research/2026-10-07-cloud-g6-sol-ultra-1601z/verification/verify.sh"[0m
verify	Verify G6 frozen sources serially	2026-10-07T16:30:06.4852691Z shell: /usr/bin/bash -e {0}
verify	Verify G6 frozen sources serially	2026-10-07T16:30:06.4853036Z ##[endgroup]
verify	Verify G6 frozen sources serially	2026-10-07T16:35:48.8149166Z info: toolchain not updated; already up-to-date
verify	Verify G6 frozen sources serially	2026-10-07T16:35:49.4931760Z info: plausible: cloning https://github.com/leanprover-community/plausible
verify	Verify G6 frozen sources serially	2026-10-07T16:35:50.1098427Z info: plausible: checking out revision 'b7eb3304aeae834b12dda98993a37f6a41f6f0bb'
verify	Verify G6 frozen sources serially	2026-10-07T16:35:50.1228760Z info: LeanSearchClient: cloning https://github.com/leanprover-community/LeanSearchClient
verify	Verify G6 frozen sources serially	2026-10-07T16:35:50.6668743Z info: LeanSearchClient: checking out revision '5f4d51b81cbd3f6b32b156bfad9056621a040404'
verify	Verify G6 frozen sources serially	2026-10-07T16:35:50.6780653Z info: importGraph: cloning https://github.com/leanprover-community/import-graph
verify	Verify G6 frozen sources serially	2026-10-07T16:35:51.7934067Z info: importGraph: checking out revision '16f02aa7642864af59f1ff0e384a015994db9118'
verify	Verify G6 frozen sources serially	2026-10-07T16:35:51.8099752Z info: proofwidgets: cloning https://github.com/leanprover-community/ProofWidgets4
verify	Verify G6 frozen sources serially	2026-10-07T16:35:53.0082380Z info: proofwidgets: checking out revision '4be2e3d5087eeb272cf5a8853b8f9dd025ef5957'
verify	Verify G6 frozen sources serially	2026-10-07T16:35:53.6260838Z info: aesop: cloning https://github.com/leanprover-community/aesop
verify	Verify G6 frozen sources serially	2026-10-07T16:35:55.2743313Z info: aesop: checking out revision '3448c0bcc5ce01b2d1546e483ec3620e32df3d0e'
verify	Verify G6 frozen sources serially	2026-10-07T16:35:55.2922742Z info: Qq: cloning https://github.com/leanprover-community/quote4
verify	Verify G6 frozen sources serially	2026-10-07T16:35:56.0149758Z info: Qq: checking out revision '92c15be17b7caf78c2ad767ec40f89052d908d81'
verify	Verify G6 frozen sources serially	2026-10-07T16:35:56.0269311Z info: batteries: cloning https://github.com/leanprover-community/batteries
verify	Verify G6 frozen sources serially	2026-10-07T16:35:59.2592021Z info: batteries: checking out revision '4488d40d070b9700d4d5a6aa342f0d40c31b2a2d'
verify	Verify G6 frozen sources serially	2026-10-07T16:35:59.3077968Z info: Cli: cloning https://github.com/leanprover/lean4-cli
verify	Verify G6 frozen sources serially	2026-10-07T16:35:59.8582192Z info: Cli: checking out revision '6130a47896ce867c6a4a55373441e59e565bad0f'
verify	Verify G6 frozen sources serially	2026-10-07T16:35:59.8702041Z info: mathlib: running post-update hooks
verify	Verify G6 frozen sources serially	2026-10-07T16:35:59.9253626Z {"version": "1.2.0",
verify	Verify G6 frozen sources serially	2026-10-07T16:35:59.9254597Z  "packagesDir": ".lake/packages",
verify	Verify G6 frozen sources serially	2026-10-07T16:35:59.9255381Z  "packages":
verify	Verify G6 frozen sources serially	2026-10-07T16:35:59.9256024Z  [{"type": "path",
verify	Verify G6 frozen sources serially	2026-10-07T16:35:59.9256399Z    "scope": "",
verify	Verify G6 frozen sources serially	2026-10-07T16:35:59.9256757Z    "name": "mathlib",
verify	Verify G6 frozen sources serially	2026-10-07T16:35:59.9257157Z    "manifestFile": "lake-manifest.json",
verify	Verify G6 frozen sources serially	2026-10-07T16:35:59.9257617Z    "inherited": false,
verify	Verify G6 frozen sources serially	2026-10-07T16:35:59.9257919Z    "dir": "deps/mathlib",
verify	Verify G6 frozen sources serially	2026-10-07T16:35:59.9258288Z    "configFile": "lakefile.lean"},
verify	Verify G6 frozen sources serially	2026-10-07T16:35:59.9258884Z   {"url": "https://github.com/leanprover-community/plausible",
verify	Verify G6 frozen sources serially	2026-10-07T16:35:59.9259462Z    "type": "git",
verify	Verify G6 frozen sources serially	2026-10-07T16:35:59.9259714Z    "subDir": null,
verify	Verify G6 frozen sources serially	2026-10-07T16:35:59.9259941Z    "scope": "leanprover-community",
verify	Verify G6 frozen sources serially	2026-10-07T16:35:59.9260793Z    "rev": "b7eb3304aeae834b12dda98993a37f6a41f6f0bb",
verify	Verify G6 frozen sources serially	2026-10-07T16:35:59.9261553Z    "name": "plausible",
verify	Verify G6 frozen sources serially	2026-10-07T16:35:59.9261801Z    "manifestFile": "lake-manifest.json",
verify	Verify G6 frozen sources serially	2026-10-07T16:35:59.9262101Z    "inputRev": "main",
verify	Verify G6 frozen sources serially	2026-10-07T16:35:59.9262320Z    "inherited": true,
verify	Verify G6 frozen sources serially	2026-10-07T16:35:59.9262573Z    "configFile": "lakefile.toml"},
verify	Verify G6 frozen sources serially	2026-10-07T16:35:59.9262953Z   {"url": "https://github.com/leanprover-community/LeanSearchClient",
verify	Verify G6 frozen sources serially	2026-10-07T16:35:59.9263385Z    "type": "git",
verify	Verify G6 frozen sources serially	2026-10-07T16:35:59.9263630Z    "subDir": null,
verify	Verify G6 frozen sources serially	2026-10-07T16:35:59.9263909Z    "scope": "leanprover-community",
verify	Verify G6 frozen sources serially	2026-10-07T16:35:59.9264314Z    "rev": "5f4d51b81cbd3f6b32b156bfad9056621a040404",
verify	Verify G6 frozen sources serially	2026-10-07T16:35:59.9264625Z    "name": "LeanSearchClient",
verify	Verify G6 frozen sources serially	2026-10-07T16:35:59.9264886Z    "manifestFile": "lake-manifest.json",
verify	Verify G6 frozen sources serially	2026-10-07T16:35:59.9265151Z    "inputRev": "main",
verify	Verify G6 frozen sources serially	2026-10-07T16:35:59.9265364Z    "inherited": true,
verify	Verify G6 frozen sources serially	2026-10-07T16:35:59.9265590Z    "configFile": "lakefile.toml"},
verify	Verify G6 frozen sources serially	2026-10-07T16:35:59.9265929Z   {"url": "https://github.com/leanprover-community/import-graph",
verify	Verify G6 frozen sources serially	2026-10-07T16:35:59.9266511Z    "type": "git",
verify	Verify G6 frozen sources serially	2026-10-07T16:35:59.9266707Z    "subDir": null,
verify	Verify G6 frozen sources serially	2026-10-07T16:35:59.9266936Z    "scope": "leanprover-community",
verify	Verify G6 frozen sources serially	2026-10-07T16:35:59.9267265Z    "rev": "16f02aa7642864af59f1ff0e384a015994db9118",
verify	Verify G6 frozen sources serially	2026-10-07T16:35:59.9267562Z    "name": "importGraph",
verify	Verify G6 frozen sources serially	2026-10-07T16:35:59.9267805Z    "manifestFile": "lake-manifest.json",
verify	Verify G6 frozen sources serially	2026-10-07T16:35:59.9268071Z    "inputRev": "main",
verify	Verify G6 frozen sources serially	2026-10-07T16:35:59.9268285Z    "inherited": true,
verify	Verify G6 frozen sources serially	2026-10-07T16:35:59.9268501Z    "configFile": "lakefile.toml"},
verify	Verify G6 frozen sources serially	2026-10-07T16:35:59.9268832Z   {"url": "https://github.com/leanprover-community/ProofWidgets4",
verify	Verify G6 frozen sources serially	2026-10-07T16:35:59.9269191Z    "type": "git",
verify	Verify G6 frozen sources serially	2026-10-07T16:35:59.9269388Z    "subDir": null,
verify	Verify G6 frozen sources serially	2026-10-07T16:35:59.9269602Z    "scope": "leanprover-community",
verify	Verify G6 frozen sources serially	2026-10-07T16:35:59.9269894Z    "rev": "4be2e3d5087eeb272cf5a8853b8f9dd025ef5957",
verify	Verify G6 frozen sources serially	2026-10-07T16:35:59.9270498Z    "name": "proofwidgets",
verify	Verify G6 frozen sources serially	2026-10-07T16:35:59.9270866Z    "manifestFile": "lake-manifest.json",
verify	Verify G6 frozen sources serially	2026-10-07T16:35:59.9271149Z    "inputRev": "main",
verify	Verify G6 frozen sources serially	2026-10-07T16:35:59.9271366Z    "inherited": true,
verify	Verify G6 frozen sources serially	2026-10-07T16:35:59.9271592Z    "configFile": "lakefile.lean"},
verify	Verify G6 frozen sources serially	2026-10-07T16:35:59.9271907Z   {"url": "https://github.com/leanprover-community/aesop",
verify	Verify G6 frozen sources serially	2026-10-07T16:35:59.9272227Z    "type": "git",
verify	Verify G6 frozen sources serially	2026-10-07T16:35:59.9272424Z    "subDir": null,
verify	Verify G6 frozen sources serially	2026-10-07T16:35:59.9272636Z    "scope": "leanprover-community",
verify	Verify G6 frozen sources serially	2026-10-07T16:35:59.9272920Z    "rev": "3448c0bcc5ce01b2d1546e483ec3620e32df3d0e",
verify	Verify G6 frozen sources serially	2026-10-07T16:35:59.9273203Z    "name": "aesop",
verify	Verify G6 frozen sources serially	2026-10-07T16:35:59.9273423Z    "manifestFile": "lake-manifest.json",
verify	Verify G6 frozen sources serially	2026-10-07T16:35:59.9273692Z    "inputRev": "master",
verify	Verify G6 frozen sources serially	2026-10-07T16:35:59.9273910Z    "inherited": true,
verify	Verify G6 frozen sources serially	2026-10-07T16:35:59.9274127Z    "configFile": "lakefile.toml"},
verify	Verify G6 frozen sources serially	2026-10-07T16:35:59.9274442Z   {"url": "https://github.com/leanprover-community/quote4",
verify	Verify G6 frozen sources serially	2026-10-07T16:35:59.9274757Z    "type": "git",
verify	Verify G6 frozen sources serially	2026-10-07T16:35:59.9274952Z    "subDir": null,
verify	Verify G6 frozen sources serially	2026-10-07T16:35:59.9275170Z    "scope": "leanprover-community",
verify	Verify G6 frozen sources serially	2026-10-07T16:35:59.9275478Z    "rev": "92c15be17b7caf78c2ad767ec40f89052d908d81",
verify	Verify G6 frozen sources serially	2026-10-07T16:35:59.9275765Z    "name": "Qq",
verify	Verify G6 frozen sources serially	2026-10-07T16:35:59.9275984Z    "manifestFile": "lake-manifest.json",
verify	Verify G6 frozen sources serially	2026-10-07T16:35:59.9276254Z    "inputRev": "master",
verify	Verify G6 frozen sources serially	2026-10-07T16:35:59.9276474Z    "inherited": true,
verify	Verify G6 frozen sources serially	2026-10-07T16:35:59.9276698Z    "configFile": "lakefile.toml"},
verify	Verify G6 frozen sources serially	2026-10-07T16:35:59.9277019Z   {"url": "https://github.com/leanprover-community/batteries",
verify	Verify G6 frozen sources serially	2026-10-07T16:35:59.9277348Z    "type": "git",
verify	Verify G6 frozen sources serially	2026-10-07T16:35:59.9277540Z    "subDir": null,
verify	Verify G6 frozen sources serially	2026-10-07T16:35:59.9277754Z    "scope": "leanprover-community",
verify	Verify G6 frozen sources serially	2026-10-07T16:35:59.9278037Z    "rev": "4488d40d070b9700d4d5a6aa342f0d40c31b2a2d",
verify	Verify G6 frozen sources serially	2026-10-07T16:35:59.9278324Z    "name": "batteries",
verify	Verify G6 frozen sources serially	2026-10-07T16:35:59.9278929Z    "manifestFile": "lake-manifest.json",
verify	Verify G6 frozen sources serially	2026-10-07T16:35:59.9279198Z    "inputRev": "main",
verify	Verify G6 frozen sources serially	2026-10-07T16:35:59.9279407Z    "inherited": true,
verify	Verify G6 frozen sources serially	2026-10-07T16:35:59.9279623Z    "configFile": "lakefile.toml"},
verify	Verify G6 frozen sources serially	2026-10-07T16:35:59.9280129Z   {"url": "https://github.com/leanprover/lean4-cli",
verify	Verify G6 frozen sources serially	2026-10-07T16:35:59.9280831Z    "type": "git",
verify	Verify G6 frozen sources serially	2026-10-07T16:35:59.9281040Z    "subDir": null,
verify	Verify G6 frozen sources serially	2026-10-07T16:35:59.9281250Z    "scope": "leanprover",
verify	Verify G6 frozen sources serially	2026-10-07T16:35:59.9281505Z    "rev": "6130a47896ce867c6a4a55373441e59e565bad0f",
verify	Verify G6 frozen sources serially	2026-10-07T16:35:59.9281785Z    "name": "Cli",
verify	Verify G6 frozen sources serially	2026-10-07T16:35:59.9282003Z    "manifestFile": "lake-manifest.json",
verify	Verify G6 frozen sources serially	2026-10-07T16:35:59.9282277Z    "inputRev": "v4.33.0",
verify	Verify G6 frozen sources serially	2026-10-07T16:35:59.9282498Z    "inherited": true,
verify	Verify G6 frozen sources serially	2026-10-07T16:35:59.9282716Z    "configFile": "lakefile.toml"}],
verify	Verify G6 frozen sources serially	2026-10-07T16:35:59.9282968Z  "name": "unifiedLean",
verify	Verify G6 frozen sources serially	2026-10-07T16:35:59.9283178Z  "lakeDir": ".lake",
verify	Verify G6 frozen sources serially	2026-10-07T16:35:59.9283390Z  "fixedToolchain": false}
verify	Verify G6 frozen sources serially	2026-10-07T16:36:00.0211512Z G6_INPUTS {"source_commit": "3a45c8287a0b8e2b78281dd172861cfcc2cec532", "targets": ["UnifiedLean.G6.FiniteProbability", "UnifiedLean.G6.Conditioning", "UnifiedLean.G6.SourcePrefix", "UnifiedLean.G6.ProgramPrefix"], "modules": {"UnifiedLean.G6.FiniteProbability": {"path": "UnifiedLean/G6/FiniteProbability.lean", "sha256": "9a2bd3035539406b5ee5fafa08c7dca3d5bddbcbbbe1156d328ada81a37ba1c3", "imports": ["Mathlib.Probability.ProbabilityMassFunction.Constructions", "Mathlib.Tactic.Linarith", "Mathlib.Tactic.Ring"]}, "UnifiedLean.G6.Conditioning": {"path": "UnifiedLean/G6/Conditioning.lean", "sha256": "b12f8aaf83ff17b14f9d616dcbb906ae130a00d15685851c9b84eaf15ae95d91", "imports": ["UnifiedLean.G6.FiniteProbability"]}, "UnifiedLean.G6.SourcePrefix": {"path": "UnifiedLean/G6/SourcePrefix.lean", "sha256": "3541c469c821f9f61c3aeebe0baa99456bbfc6db95e4f47fc0cd7913da208314", "imports": ["UnifiedLean.G6.Conditioning", "UnifiedLean.Source.SourcePoissonExponential"]}, "UnifiedLean.Source.SourcePoissonExponential": {"path": "UnifiedLean/Source/SourcePoissonExponential.lean", "sha256": "463eb0e4a9cd9307898eface172100183b8ac9d412c1389a2c5b9ad4981c2d9a", "imports": ["UnifiedLean.Source.SourcePoissonKernel", "UnifiedLean.Source.SourceGeneratorExponential"]}, "UnifiedLean.Source.SourcePoissonKernel": {"path": "UnifiedLean/Source/SourcePoissonKernel.lean", "sha256": "13ab4d1a209554878e189061cbede00154c7b72548465757624cc2e4af66e98c", "imports": ["UnifiedLean.Source.SourceFiniteProjection", "Mathlib.Probability.Distributions.Poisson.Basic"]}, "UnifiedLean.Source.SourceFiniteProjection": {"path": "UnifiedLean/Source/SourceFiniteProjection.lean", "sha256": "09398c920468ba6ead16b523cecd9f86e7648e7063602256ee4634385df1cab3", "imports": ["UnifiedLean.Source.SourceStepGeneratorBinding", "UnifiedLean.Source.MatrixProjectionExponential", "Mathlib.Data.ENNReal.BigOperators"]}, "UnifiedLean.Source.SourceStepGeneratorBinding": {"path": "UnifiedLean/Source/SourceStepGeneratorBinding.lean", "sha256": "8021b8bddcc5cd070185843ca5454dfb289572a2592854efbbdd9e41d48396d0", "imports": ["UnifiedLean.Source.UniformizedSourceStep", "UnifiedLean.Source.SourceForestIntrinsicGenerator", "Mathlib.Probability.ProbabilityMassFunction.Integrals", "Mathlib.MeasureTheory.Integral.Bochner.Basic"]}, "UnifiedLean.Source.UniformizedSourceStep": {"path": "UnifiedLean/Source/UniformizedSourceStep.lean", "sha256": "9d5a95047e3c04f9e12334cd4b5569e36e1dfa2cd4b1573f217eeb559ff9691c", "imports": ["UnifiedLean.Source.FiniteSourceSnapshot", "UnifiedLean.Source.NativePairClockLaw", "SourceForestKingmanPopulationProjection", "Mathlib.Probability.ProbabilityMassFunction.Constructions", "Mathlib.Algebra.BigOperators.Field"]}, "UnifiedLean.Source.FiniteSourceSnapshot": {"path": "UnifiedLean/Source/FiniteSourceSnapshot.lean", "sha256": "4628112bbbc69528748bbc93f8a3f8200bc802a6e72417fb90c39e7acd49f744", "imports": ["UnifiedLean.Source.FiniteGenealogyEncoding", "UnifiedLean.Source.SourceForestSilentPruning"]}, "UnifiedLean.Source.FiniteGenealogyEncoding": {"path": "UnifiedLean/Source/FiniteGenealogyEncoding.lean", "sha256": "3d862f8d9f9a43aed6324954ebea749001fd2b221dd90dd7d58cf4e4419fbcac", "imports": ["UnifiedLean.Source.SourceForestSilentPruning", "Mathlib.Data.Fintype.Sum"]}, "UnifiedLean.Source.SourceForestSilentPruning": {"path": "UnifiedLean/Source/SourceForestSilentPruning.lean", "sha256": "86f61cc8ce06af574ee98b37db0ecd7c8cbc2df99e495ce1b9a66605ea8fb5c2", "imports": ["SourceForestKingmanPopulationProjection"]}, "SourceForestKingmanPopulationProjection": {"path": "Imported/SourceForestKingmanPopulationProjection.lean", "sha256": "e8733ab8e66c60f98cfcfcd56e703b55a5ad8674dc5361f4ac6cb0c35f80f6e4", "imports": ["SourceForestKingmanProjection"]}, "SourceForestKingmanProjection": {"path": "Imported/SourceForestKingmanProjection.lean", "sha256": "781d4a7ee62e5e98fa15e056e201a2c753a2f945bd536cf9df6cb04d906511a0", "imports": ["SourceLabelledForest", "Mathlib.Data.Real.Basic", "Mathlib.Data.Finset.Prod", "Mathlib.Algebra.BigOperators.Group.Finset.Basic", "Mathlib.Tactic.NormNum"]}, "SourceLabelledForest": {"path": "Imported/SourceLabelledForest.lean", "sha256": "d6e5b2b57cf03091f8b5b5a2c80cf49de39bab938c50a467b46b30e08f12871d", "imports": ["G2LiveLineageRouting", "Mathlib.Data.Finset.Card", "Mathlib.Data.Fintype.BigOperators", "Mathlib.Algebra.BigOperators.Ring.Finset", "Mathlib.Algebra.Order.BigOperators.GroupWithZero.Finset", "Mathlib.Algebra.Order.BigOperators.Group.Finset", "Mathlib.Algebra.BigOperators.GroupWithZero.Finset", "Lean.Elab.Tactic.Omega"]}, "G2LiveLineageRouting": {"path": "Imported/G2LiveLineageRouting.lean", "sha256": "bf33f6be93e61960aa637df34d1197316669d6f2ddde6d743ac405a010cb05af", "imports": ["SourceNetwork", "Mathlib.Data.Rat.Lemmas", "Mathlib.Tactic.Ring"]}, "SourceNetwork": {"path": "Imported/SourceNetwork.lean", "sha256": "0e0a2a3ed6bdbbd7242980a6428ebf8ec0ec85d077d2ccf9cd8dfef4e1bd2eb7", "imports": ["Mathlib.Data.Fintype.Card", "Mathlib.Logic.Relation"]}, "UnifiedLean.Source.NativePairClockLaw": {"path": "UnifiedLean/Source/NativePairClockLaw.lean", "sha256": "470738f7397f640a76374f791c485d757d1e2ac38769a11f05d0abc03c8aa9ae", "imports": ["UnifiedLean.Source.NativeParentRouting", "G4AllRootPairClocks", "Mathlib.Data.ENNReal.BigOperators"]}, "UnifiedLean.Source.NativeParentRouting": {"path": "UnifiedLean/Source/NativeParentRouting.lean", "sha256": "300d7216193e945ca26161535c1bc2ba75a128fe5c075b6a3567bbda66bfe0b6", "imports": ["G5OriginalRouteHazard", "G4PathResolvedMeasurement", "Mathlib.MeasureTheory.Constructions.Pi", "Mathlib.Data.Finset.Card"]}, "G5OriginalRouteHazard": {"path": "Imported/G5OriginalRouteHazard.lean", "sha256": "9cf84860342b132e474d034ae05034129b47aa116e8bcf0e965989e7e58e4e8a", "imports": ["G5SafePastMeetingPermanence", "G5UnknownRateSupport", "Mathlib.Data.Finset.Max"]}, "G5SafePastMeetingPermanence": {"path": "Imported/G5SafePastMeetingPermanence.lean", "sha256": "30864de3e16b9d9b9a80c0139ac2173e10cf71f4b30e2b324dee9d54d0eefc9e", "imports": ["G5PairOnlySureBlockChronology"]}, "G5PairOnlySureBlockChronology": {"path": "Imported/G5PairOnlySureBlockChronology.lean", "sha256": "1ac87b91536cbe08b2ec4afe4ca3ea28c21386b6c432c6bd81731a30ea39871b", "imports": ["G5SafePastHybridDisjointness"]}, "G5SafePastHybridDisjointness": {"path": "Imported/G5SafePastHybridDisjointness.lean", "sha256": "99c5803e9c056152a260eccff1b8351239c12ca9e5ef40b51a419419992efe97", "imports": ["G5ProtectiveBlock", "G5ParentPositionPushforward"]}, "G5ProtectiveBlock": {"path": "Imported/G5ProtectiveBlock.lean", "sha256": "45d1f8284504ee2b591c4d56654ce7375e3979b1a97495fc439c6f4477dcffe9", "imports": ["G5CalendarRoutes"]}, "G5CalendarRoutes": {"path": "Imported/G5CalendarRoutes.lean", "sha256": "db0e9421d59009e4119ac42e7e86517ada50f5007a314fd430f4b0937f6c80fd", "imports": ["G5BridgeBarrier", "Mathlib.Data.Real.Basic", "Mathlib.Tactic.Linarith"]}, "G5BridgeBarrier": {"path": "Imported/G5BridgeBarrier.lean", "sha256": "0e2af6987c473e34c09a74ab41b3ede45ce049cbc04fde42b1d2108162467f77", "imports": ["GraphCuts"]}, "GraphCuts": {"path": "Imported/GraphCuts.lean", "sha256": "a877489ce00643ef1bf96b14d484453797891c718445ce157aa7a54beefce2e5", "imports": ["GraphLeaves"]}, "GraphLeaves": {"path": "Imported/GraphLeaves.lean", "sha256": "9d7e0f1756768fe32d4b38514c36bd961a306fb21dcf6b7fb27f5e6285a5f49b", "imports": ["SourceNetwork", "Mathlib.Data.Fintype.EquivFin"]}, "G5ParentPositionPushforward": {"path": "Imported/G5ParentPositionPushforward.lean", "sha256": "4f81aef02bb0f225aea6b377757f9282d336da685eb3e728dad1cf133f83d8db", "imports": ["G5ParentChoiceCalendar", "G5OriginalCoinPMF"]}, "G5ParentChoiceCalendar": {"path": "Imported/G5ParentChoiceCalendar.lean", "sha256": "357d5e59016672583318546b03bebb04ccdd5fbf95247cab22c98465dbf715b9", "imports": ["G5OriginalTipCurrentSupport"]}, "G5OriginalTipCurrentSupport": {"path": "Imported/G5OriginalTipCurrentSupport.lean", "sha256": "4324f00cb8db4d3c6ab0bfaa5e7283fcde521568f40d95aaddb9e32f896cdba2", "imports": ["G5CurrentPortTwoPositions"]}, "G5CurrentPortTwoPositions": {"path": "Imported/G5CurrentPortTwoPositions.lean", "sha256": "c24d3d860a5369434f6d236c37003d3045e6452fd57dd21396dd877a5a452ce9", "imports": ["G5RootRouteCurrentSupport"]}, "G5RootRouteCurrentSupport": {"path": "Imported/G5RootRouteCurrentSupport.lean", "sha256": "c72a58ae14539e524c37c97193d2343158eff784557fef12a7e4b7360157b554", "imports": ["G5ActualComponentSupport"]}, "G5ActualComponentSupport": {"path": "Imported/G5ActualComponentSupport.lean", "sha256": "5da0a86f2d1caf9b3a78a0fd75765194fa5652ad1a55c09382502d8354faaec7", "imports": ["G5ComponentCalendarCoverage"]}, "G5ComponentCalendarCoverage": {"path": "Imported/G5ComponentCalendarCoverage.lean", "sha256": "3d73d592d4c129b1b06f2eccd48a94fd8afe1e50f030a5eb18e8c3ddb9f12c10", "imports": ["G5BridgeComponentEntries", "G5NonbridgeRouteBound", "Mathlib.Tactic"]}, "G5BridgeComponentEntries": {"path": "Imported/G5BridgeComponentEntries.lean", "sha256": "286bcf82d6f79056a8d0d443aa6d4f19c7ca5a72669e62d8f2f4868ef0d6acc6", "imports": ["G6BridgeCannotEnterHybrid", "G5CalendarRoutes"]}, "G6BridgeCannotEnterHybrid": {"path": "Imported/G6BridgeCannotEnterHybrid.lean", "sha256": "60befd0f3660e56b46ca80f17a0c11f8ecd415833d0d52fad5ecafef7df6389e", "imports": ["G5MinimalGraphInterface", "G2LiveLineageRouting"]}, "G5MinimalGraphInterface": {"path": "Imported/G5MinimalGraphInterface.lean", "sha256": "20e09481ee4518de56cf201c978d98b4cec0d94c0fbfebd40008d3a3fa799281", "imports": ["GraphCuts"]}, "G5NonbridgeRouteBound": {"path": "Imported/G5NonbridgeRouteBound.lean", "sha256": "7a0c7b0010fe42167fab26da7daf366f695c448b283a211751c5dd5416920525", "imports": ["G5CalendarRoutes", "Mathlib.Data.Fintype.Card"]}, "G5OriginalCoinPMF": {"path": "Imported/G5OriginalCoinPMF.lean", "sha256": "ae0e933761b49e5ca244a1756b77ba3c0e545bf1aa33ca75d51fc8caf8a1b5c1", "imports": ["G5FairOriginalCoinLaw"]}, "G5FairOriginalCoinLaw": {"path": "Imported/G5FairOriginalCoinLaw.lean", "sha256": "6a8905aa53481bdc37914e5d01197af12a9ddde1ffc42fc4b896603a6b61aa8e", "imports": ["SourceLabelledForest", "G5FairSelectorMoments", "Mathlib.Data.Rat.BigOperators", "Mathlib.Data.ENNReal.BigOperators", "Mathlib.Algebra.BigOperators.Group.Finset.Sigma"]}, "G5FairSelectorMoments": {"path": "Imported/G5FairSelectorMoments.lean", "sha256": "97a29621340a7dd103409ee8ce84675560f4b8e03aa7db63314ca24b337be71f", "imports": ["G5CoupledQuartetKernel", "Mathlib.Probability.Distributions.Uniform"]}, "G5CoupledQuartetKernel": {"path": "Imported/G5CoupledQuartetKernel.lean", "sha256": "f9275364f5777a968c37ce39c24ea95179d23b4e54414463a62a4860c33361c1", "imports": ["Mathlib.Tactic"]}, "G5UnknownRateSupport": {"path": "Imported/G5UnknownRateSupport.lean", "sha256": "5138246c24f49bc7b4b2adf28fd776b1b89f16e5cf7bc5bfa1b27c97afa7fa93", "imports": ["G5ExponentialGermIdentification", "Mathlib.Algebra.BigOperators.Finsupp.Basic"]}, "G5ExponentialGermIdentification": {"path": "Imported/G5ExponentialGermIdentification.lean", "sha256": "c87eb5933db663acbed6128f9898ed357c1c0ba9a8fbf287ebb04cbecffa13d0", "imports": ["Mathlib.LinearAlgebra.Vandermonde", "Mathlib.Analysis.SpecialFunctions.Exp", "Mathlib.Tactic.Linarith", "Mathlib.Tactic.Ring"]}, "G4PathResolvedMeasurement": {"path": "Imported/G4PathResolvedMeasurement.lean", "sha256": "af20fe6e206d9b407ad7b16310d75eb12191b0b7a137d189b466209ed02f0eb9", "imports": ["G4TwoRootSourceStopping", "G4AllRootPairClocks", "Mathlib.Probability.ProbabilityMassFunction.Constructions", "Mathlib.Algebra.BigOperators.Ring.Finset", "Mathlib.Algebra.Order.BigOperators.GroupWithZero.Finset"]}, "G4TwoRootSourceStopping": {"path": "Imported/G4TwoRootSourceStopping.lean", "sha256": "b5dd33d135fcb9267ae3297229e51434b5cfd434e08ef89ecacf34affd5e541d", "imports": ["Mathlib.Data.Real.Basic", "Mathlib.Data.Fintype.Basic", "Mathlib.Algebra.BigOperators.Group.Finset.Basic", "Mathlib.Tactic.Ring", "Mathlib.Tactic.Linarith", "Mathlib.Tactic.Positivity"]}, "G4AllRootPairClocks": {"path": "Imported/G4AllRootPairClocks.lean", "sha256": "149c8603c734e2ccb021963be42609698285033c1296b2bca18d0716f4258744", "imports": ["G4IndependentRoutingBridge", "Mathlib.MeasureTheory.Constructions.Pi", "Mathlib.Data.Fintype.Powerset", "Mathlib.Data.ENNReal.BigOperators"]}, "G4IndependentRoutingBridge": {"path": "Imported/G4IndependentRoutingBridge.lean", "sha256": "e30d82ea7e57138d463c779205dfcf686b520cb649d9d5767ee3c13853f19f6b", "imports": ["G2LiveLineageRouting", "G1SharedRegisterStress", "Mathlib.Data.Nat.Choose.Basic", "Lean.Elab.Tactic.Omega", "G4FourRootPositivity", "Mathlib.Data.Fin.Tuple.Basic", "Mathlib.Data.Fintype.BigOperators", "Mathlib.Algebra.BigOperators.Fin", "Mathlib.Algebra.Order.BigOperators.GroupWithZero.Finset", "Mathlib.Algebra.BigOperators.Ring.Finset", "Mathlib.Tactic.NormNum"]}, "G1SharedRegisterStress": {"path": "Imported/G1SharedRegisterStress.lean", "sha256": "d65004b11e07bb553637161bd7b1395186ea20e2c39e7c50c800af4871f018db", "imports": ["Mathlib.Probability.Distributions.Exponential", "Mathlib.Analysis.SpecialFunctions.Log.Basic", "Mathlib.Tactic.Ring", "Mathlib.Tactic.NormNum"]}, "G4FourRootPositivity": {"path": "Imported/G4FourRootPositivity.lean", "sha256": "24823aa835fb0649d8754777d975315e82ead74d3f065093e2d03c743f7356fa", "imports": ["Mathlib.Data.Real.Basic", "Mathlib.Tactic.Ring", "Mathlib.Tactic.Linarith", "Mathlib.Tactic.Positivity"]}, "UnifiedLean.Source.SourceForestIntrinsicGenerator": {"path": "UnifiedLean/Source/SourceForestIntrinsicGenerator.lean", "sha256": "b282351bf116ae756c7e9c6ee1e3cbace41a8d753b47cac7e53c4a918c82d16f", "imports": ["UnifiedLean.Source.SourceForestGeneratorIntertwining"]}, "UnifiedLean.Source.SourceForestGeneratorIntertwining": {"path": "UnifiedLean/Source/SourceForestGeneratorIntertwining.lean", "sha256": "b186f0d381b0e62078d887f90ce46ecbe91def99ec66ec51c98053b9d60c0f28", "imports": ["UnifiedLean.Source.SourceForestSilentPruning", "Mathlib.Algebra.BigOperators.Group.Finset.Basic"]}, "UnifiedLean.Source.MatrixProjectionExponential": {"path": "UnifiedLean/Source/MatrixProjectionExponential.lean", "sha256": "870438089e6cf05dd93761172ea1bf6b2aa96654708e97b9d348e0dfcb44dfa2", "imports": ["Mathlib.Analysis.Normed.Algebra.MatrixExponential"]}, "UnifiedLean.Source.SourceGeneratorExponential": {"path": "UnifiedLean/Source/SourceGeneratorExponential.lean", "sha256": "f761ddf2f5efb9906ec8f841567d02fae946cce763260f238834a147090e461d", "imports": ["UnifiedLean.Source.SourceFiniteProjection"]}, "UnifiedLean.G6.ProgramPrefix": {"path": "UnifiedLean/G6/ProgramPrefix.lean", "sha256": "67f3ae5579a6744dc19a70bba8e599b2b4d6b44c3e20c9d0845c51b35f372ddb", "imports": ["UnifiedLean.G6.SourcePrefix", "UnifiedLean.Source.SourceProgramTransport"]}, "UnifiedLean.Source.SourceProgramTransport": {"path": "UnifiedLean/Source/SourceProgramTransport.lean", "sha256": "d009fdfc510bfcaffaeea3bc241401eaf2996178ff4b82376eb22f1e49387831", "imports": ["UnifiedLean.Source.SourceBoundaryProjection", "UnifiedLean.Source.SourcePoissonKernel"]}, "UnifiedLean.Source.SourceBoundaryProjection": {"path": "UnifiedLean/Source/SourceBoundaryProjection.lean", "sha256": "f1cb1e557b5f08cba2d37465bc4386bc6adc2f19fd12a132f7d6f835b1e24f0f", "imports": ["UnifiedLean.Source.SourceBoundaryKernels"]}, "UnifiedLean.Source.SourceBoundaryKernels": {"path": "UnifiedLean/Source/SourceBoundaryKernels.lean", "sha256": "994b25e798e39889a56084b267c3e896580cd21e902764c3c6922d9bfdd6070d", "imports": ["UnifiedLean.Source.SourceFiniteProjection", "UnifiedLean.Source.SourceForestPulseMeasure", "UnifiedLean.Source.SourceForestCommonPulse"]}, "UnifiedLean.Source.SourceForestPulseMeasure": {"path": "UnifiedLean/Source/SourceForestPulseMeasure.lean", "sha256": "04a3a1c1f027903e62b77f966639c80da77aaa776871a0d9bd0657eac35b9e4f", "imports": ["UnifiedLean.Source.SourceForestPulseTransport", "Mathlib.Probability.Distributions.Bernoulli", "Mathlib.MeasureTheory.Constructions.Pi"]}, "UnifiedLean.Source.SourceForestPulseTransport": {"path": "UnifiedLean/Source/SourceForestPulseTransport.lean", "sha256": "8e1a3d62afab25247dd3a281d30f7dc20db1949ea1b589c2d77980b3b48874f1", "imports": ["UnifiedLean.Source.SourceForestIntrinsicGenerator", "G2LiveLineageRouting"]}, "UnifiedLean.Source.SourceForestCommonPulse": {"path": "UnifiedLean/Source/SourceForestCommonPulse.lean", "sha256": "cac1082f66a84b943dbc8ba9f2e8082ce12bbb42a4b1503e31722597b0faa138", "imports": ["UnifiedLean.Source.SourceForestPulseTransport"]}}, "topological_order": ["UnifiedLean.G6.FiniteProbability", "UnifiedLean.G6.Conditioning", "SourceNetwork", "G2LiveLineageRouting", "SourceLabelledForest", "SourceForestKingmanProjection", "SourceForestKingmanPopulationProjection", "UnifiedLean.Source.SourceForestSilentPruning", "UnifiedLean.Source.FiniteGenealogyEncoding", "UnifiedLean.Source.FiniteSourceSnapshot", "GraphLeaves", "GraphCuts", "G5BridgeBarrier", "G5CalendarRoutes", "G5ProtectiveBlock", "G5MinimalGraphInterface", "G6BridgeCannotEnterHybrid", "G5BridgeComponentEntries", "G5NonbridgeRouteBound", "G5ComponentCalendarCoverage", "G5ActualComponentSupport", "G5RootRouteCurrentSupport", "G5CurrentPortTwoPositions", "G5OriginalTipCurrentSupport", "G5ParentChoiceCalendar", "G5CoupledQuartetKernel", "G5FairSelectorMoments", "G5FairOriginalCoinLaw", "G5OriginalCoinPMF", "G5ParentPositionPushforward", "G5SafePastHybridDisjointness", "G5PairOnlySureBlockChronology", "G5SafePastMeetingPermanence", "G5ExponentialGermIdentification", "G5UnknownRateSupport", "G5OriginalRouteHazard", "G4TwoRootSourceStopping", "G1SharedRegisterStress", "G4FourRootPositivity", "G4IndependentRoutingBridge", "G4AllRootPairClocks", "G4PathResolvedMeasurement", "UnifiedLean.Source.NativeParentRouting", "UnifiedLean.Source.NativePairClockLaw", "UnifiedLean.Source.UniformizedSourceStep", "UnifiedLean.Source.SourceForestGeneratorIntertwining", "UnifiedLean.Source.SourceForestIntrinsicGenerator", "UnifiedLean.Source.SourceStepGeneratorBinding", "UnifiedLean.Source.MatrixProjectionExponential", "UnifiedLean.Source.SourceFiniteProjection", "UnifiedLean.Source.SourcePoissonKernel", "UnifiedLean.Source.SourceGeneratorExponential", "UnifiedLean.Source.SourcePoissonExponential", "UnifiedLean.G6.SourcePrefix", "UnifiedLean.Source.SourceForestPulseTransport", "UnifiedLean.Source.SourceForestPulseMeasure", "UnifiedLean.Source.SourceForestCommonPulse", "UnifiedLean.Source.SourceBoundaryKernels", "UnifiedLean.Source.SourceBoundaryProjection", "UnifiedLean.Source.SourceProgramTransport", "UnifiedLean.G6.ProgramPrefix"], "mathlib_roots": ["Mathlib.Algebra.BigOperators.Field", "Mathlib.Algebra.BigOperators.Fin", "Mathlib.Algebra.BigOperators.Finsupp.Basic", "Mathlib.Algebra.BigOperators.Group.Finset.Basic", "Mathlib.Algebra.BigOperators.Group.Finset.Sigma", "Mathlib.Algebra.BigOperators.GroupWithZero.Finset", "Mathlib.Algebra.BigOperators.Ring.Finset", "Mathlib.Algebra.Order.BigOperators.Group.Finset", "Mathlib.Algebra.Order.BigOperators.GroupWithZero.Finset", "Mathlib.Analysis.Normed.Algebra.MatrixExponential", "Mathlib.Analysis.SpecialFunctions.Exp", "Mathlib.Analysis.SpecialFunctions.Log.Basic", "Mathlib.Data.ENNReal.BigOperators", "Mathlib.Data.Fin.Tuple.Basic", "Mathlib.Data.Finset.Card", "Mathlib.Data.Finset.Max", "Mathlib.Data.Finset.Prod", "Mathlib.Data.Fintype.Basic", "Mathlib.Data.Fintype.BigOperators", "Mathlib.Data.Fintype.Card", "Mathlib.Data.Fintype.EquivFin", "Mathlib.Data.Fintype.Powerset", "Mathlib.Data.Fintype.Sum", "Mathlib.Data.Nat.Choose.Basic", "Mathlib.Data.Rat.BigOperators", "Mathlib.Data.Rat.Lemmas", "Mathlib.Data.Real.Basic", "Mathlib.LinearAlgebra.Vandermonde", "Mathlib.Logic.Relation", "Mathlib.MeasureTheory.Constructions.Pi", "Mathlib.MeasureTheory.Integral.Bochner.Basic", "Mathlib.Probability.Distributions.Bernoulli", "Mathlib.Probability.Distributions.Exponential", "Mathlib.Probability.Distributions.Poisson.Basic", "Mathlib.Probability.Distributions.Uniform", "Mathlib.Probability.ProbabilityMassFunction.Constructions", "Mathlib.Probability.ProbabilityMassFunction.Integrals", "Mathlib.Tactic", "Mathlib.Tactic.Linarith", "Mathlib.Tactic.NormNum", "Mathlib.Tactic.Positivity", "Mathlib.Tactic.Ring"], "dependencies": {"lean_version": "Lean (version 4.33.1, x86_64-unknown-linux-gnu, commit 819816b2e0a3bf405af45ae5c7af2491d8f5bee6, Release)", "lean_executable_sha256": "e8baaa71855a616dc351028f3ad2200051b0671f423a1696a100e809302d5550", "mathlib_commit": "0df444a360eaa60ab8c11dca51a86af692955474", "lake_manifest_sha256": "3e6db0717fa282f57960b18408add3f7d7997226dd1889d362c66c16cb0f54f2", "lake_registration_sha256": "da34bf3320beb9482cdb7148daaf54e5a098ccef8dfeab40b764e97f11fd4a0c", "verification_script_sha256": "de3d56ec1e5121c9253c3f14226c426dfe169b3da50d82cfdf8993ebf77f21ea"}}
verify	Verify G6 frozen sources serially	2026-10-07T16:36:00.0295287Z G6_COMMAND {"argv": ["lake", "exe", "cache", "get", "Mathlib.Algebra.BigOperators.Field", "Mathlib.Algebra.BigOperators.Fin", "Mathlib.Algebra.BigOperators.Finsupp.Basic", "Mathlib.Algebra.BigOperators.Group.Finset.Basic", "Mathlib.Algebra.BigOperators.Group.Finset.Sigma", "Mathlib.Algebra.BigOperators.GroupWithZero.Finset", "Mathlib.Algebra.BigOperators.Ring.Finset", "Mathlib.Algebra.Order.BigOperators.Group.Finset", "Mathlib.Algebra.Order.BigOperators.GroupWithZero.Finset", "Mathlib.Analysis.Normed.Algebra.MatrixExponential", "Mathlib.Analysis.SpecialFunctions.Exp", "Mathlib.Analysis.SpecialFunctions.Log.Basic", "Mathlib.Data.ENNReal.BigOperators", "Mathlib.Data.Fin.Tuple.Basic", "Mathlib.Data.Finset.Card", "Mathlib.Data.Finset.Max", "Mathlib.Data.Finset.Prod", "Mathlib.Data.Fintype.Basic", "Mathlib.Data.Fintype.BigOperators", "Mathlib.Data.Fintype.Card", "Mathlib.Data.Fintype.EquivFin", "Mathlib.Data.Fintype.Powerset", "Mathlib.Data.Fintype.Sum", "Mathlib.Data.Nat.Choose.Basic", "Mathlib.Data.Rat.BigOperators", "Mathlib.Data.Rat.Lemmas", "Mathlib.Data.Real.Basic", "Mathlib.LinearAlgebra.Vandermonde", "Mathlib.Logic.Relation", "Mathlib.MeasureTheory.Constructions.Pi", "Mathlib.MeasureTheory.Integral.Bochner.Basic", "Mathlib.Probability.Distributions.Bernoulli", "Mathlib.Probability.Distributions.Exponential", "Mathlib.Probability.Distributions.Poisson.Basic", "Mathlib.Probability.Distributions.Uniform", "Mathlib.Probability.ProbabilityMassFunction.Constructions", "Mathlib.Probability.ProbabilityMassFunction.Integrals", "Mathlib.Tactic", "Mathlib.Tactic.Linarith", "Mathlib.Tactic.NormNum", "Mathlib.Tactic.Positivity", "Mathlib.Tactic.Ring"], "cwd": "/home/runner/work/_temp/g6-cloud-build", "start": "2026-10-07T16:36:00.013341+00:00"}
verify	Verify G6 frozen sources serially	2026-10-07T16:36:34.0009442Z ✔ [1/5] Built Cache.Cli (281ms)
verify	Verify G6 frozen sources serially	2026-10-07T16:36:34.0033776Z ✔ [3/10] Built Cache.Lean (335ms)
verify	Verify G6 frozen sources serially	2026-10-07T16:36:34.0034585Z ✔ [5/11] Built Batteries.Tactic.OpenPrivate (786ms)
verify	Verify G6 frozen sources serially	2026-10-07T16:36:34.0035303Z ✔ [6/11] Built Cache.Infra (330ms)
verify	Verify G6 frozen sources serially	2026-10-07T16:36:34.0035825Z ✔ [7/12] Built Cache.IO (1.3s)
verify	Verify G6 frozen sources serially	2026-10-07T16:36:34.0036328Z ✔ [9/26] Built Cache.Hashing (715ms)
verify	Verify G6 frozen sources serially	2026-10-07T16:36:34.0036881Z ✔ [10/26] Built Cache.Requests (1.8s)
verify	Verify G6 frozen sources serially	2026-10-07T16:36:34.0037442Z ✔ [11/26] Built Cache.Cli:c.o (134ms)
verify	Verify G6 frozen sources serially	2026-10-07T16:36:34.0038052Z ✔ [12/26] Built Cache.Lean:c.o (149ms)
verify	Verify G6 frozen sources serially	2026-10-07T16:36:34.0038765Z ✔ [13/26] Built Batteries.Tactic.OpenPrivate:c.o (1.2s)
verify	Verify G6 frozen sources serially	2026-10-07T16:36:34.0039460Z ✔ [14/26] Built Cache.IO:c.o (1.5s)
verify	Verify G6 frozen sources serially	2026-10-07T16:36:34.0040114Z ✔ [15/26] Built Cache.Hashing:c.o (425ms)
verify	Verify G6 frozen sources serially	2026-10-07T16:36:34.0040989Z ✔ [16/26] Built Cache.Infra:c.o (207ms)
verify	Verify G6 frozen sources serially	2026-10-07T16:36:34.0041593Z ✔ [17/26] Built Cache.Requests:c.o (2.8s)
verify	Verify G6 frozen sources serially	2026-10-07T16:36:34.0042159Z ✔ [18/26] Built Cache.Marker (528ms)
verify	Verify G6 frozen sources serially	2026-10-07T16:36:34.0042718Z ✔ [19/26] Built Cache.Marker:c.o (123ms)
verify	Verify G6 frozen sources serially	2026-10-07T16:36:34.0043265Z ✔ [20/26] Built Cache.Query (638ms)
verify	Verify G6 frozen sources serially	2026-10-07T16:36:34.0043813Z ✔ [21/26] Built Cache.Query:c.o (309ms)
verify	Verify G6 frozen sources serially	2026-10-07T16:36:34.0044814Z ✔ [22/26] Built Cache.Warning (599ms)
verify	Verify G6 frozen sources serially	2026-10-07T16:36:34.0045387Z ✔ [23/26] Built Cache.Warning:c.o (266ms)
verify	Verify G6 frozen sources serially	2026-10-07T16:36:34.0045957Z ✔ [24/26] Built Cache.Main (1.1s)
verify	Verify G6 frozen sources serially	2026-10-07T16:36:34.0046541Z ✔ [25/26] Built Cache.Main:c.o (981ms)
verify	Verify G6 frozen sources serially	2026-10-07T16:36:34.0047118Z ✔ [26/26] Built cache:exe (712ms)
verify	Verify G6 frozen sources serially	2026-10-07T16:36:34.0047552Z Current branch: HEAD
verify	Verify G6 frozen sources serially	2026-10-07T16:36:34.0048059Z Using cache from origin: (some leanprover-community/mathlib4)
verify	Verify G6 frozen sources serially	2026-10-07T16:36:34.0049296Z Attempting to download 3582 file(s) from leanprover-community/mathlib4 cache at https://lakecache.blob.core.windows.net/mathlib4-master
verify	Verify G6 frozen sources serially	2026-10-07T16:36:34.0050524Z 
verify	Verify G6 frozen sources serially	2026-10-07T16:36:34.0050880Z Downloaded: 1 file(s) [attempted 1/3582 = 0%, 22 KB/s], Decompressed: 0
verify	Verify G6 frozen sources serially	2026-10-07T16:36:34.0157153Z Downloaded: 64 file(s) [attempted 64/3582 = 1%, 49 KB/s], Decompressed: 23
verify	Verify G6 frozen sources serially	2026-10-07T16:36:34.0158031Z Downloaded: 140 file(s) [attempted 140/3582 = 3%, 847 KB/s], Decompressed: 52
verify	Verify G6 frozen sources serially	2026-10-07T16:36:34.0158834Z Downloaded: 232 file(s) [attempted 232/3582 = 6%, 1161 KB/s], Decompressed: 52
verify	Verify G6 frozen sources serially	2026-10-07T16:36:34.0160025Z Downloaded: 320 file(s) [attempted 320/3582 = 8%, 307 KB/s], Decompressed: 107
verify	Verify G6 frozen sources serially	2026-10-07T16:36:34.0161182Z Downloaded: 409 file(s) [attempted 409/3582 = 11%, 1991 KB/s], Decompressed: 107
verify	Verify G6 frozen sources serially	2026-10-07T16:36:34.0162016Z Downloaded: 507 file(s) [attempted 507/3582 = 14%, 1524 KB/s], Decompressed: 107
verify	Verify G6 frozen sources serially	2026-10-07T16:36:34.0162831Z Downloaded: 577 file(s) [attempted 577/3582 = 16%, 530 KB/s], Decompressed: 107
verify	Verify G6 frozen sources serially	2026-10-07T16:36:34.0163639Z Downloaded: 672 file(s) [attempted 672/3582 = 18%, 2934 KB/s], Decompressed: 107
verify	Verify G6 frozen sources serially	2026-10-07T16:36:34.0164451Z Downloaded: 770 file(s) [attempted 770/3582 = 21%, 2543 KB/s], Decompressed: 276
verify	Verify G6 frozen sources serially	2026-10-07T16:36:34.0165263Z Downloaded: 873 file(s) [attempted 873/3582 = 24%, 629 KB/s], Decompressed: 276
verify	Verify G6 frozen sources serially	2026-10-07T16:36:34.0166068Z Downloaded: 975 file(s) [attempted 975/3582 = 27%, 148 KB/s], Decompressed: 276
verify	Verify G6 frozen sources serially	2026-10-07T16:36:34.0166884Z Downloaded: 1073 file(s) [attempted 1073/3582 = 29%, 976 KB/s], Decompressed: 276
verify	Verify G6 frozen sources serially	2026-10-07T16:36:34.0167738Z Downloaded: 1178 file(s) [attempted 1178/3582 = 32%, 375 KB/s], Decompressed: 276
verify	Verify G6 frozen sources serially	2026-10-07T16:36:34.0168574Z Downloaded: 1273 file(s) [attempted 1273/3582 = 35%, 209 KB/s], Decompressed: 276
verify	Verify G6 frozen sources serially	2026-10-07T16:36:34.0169398Z Downloaded: 1378 file(s) [attempted 1378/3582 = 38%, 159 KB/s], Decompressed: 276
verify	Verify G6 frozen sources serially	2026-10-07T16:36:34.0170489Z Downloaded: 1478 file(s) [attempted 1478/3582 = 41%, 666 KB/s], Decompressed: 276
verify	Verify G6 frozen sources serially	2026-10-07T16:36:34.0171337Z Downloaded: 1576 file(s) [attempted 1576/3582 = 43%, 2639 KB/s], Decompressed: 276
verify	Verify G6 frozen sources serially	2026-10-07T16:36:34.0172165Z Downloaded: 1665 file(s) [attempted 1665/3582 = 46%, 854 KB/s], Decompressed: 276
verify	Verify G6 frozen sources serially	2026-10-07T16:36:34.0172984Z Downloaded: 1758 file(s) [attempted 1758/3582 = 49%, 513 KB/s], Decompressed: 276
verify	Verify G6 frozen sources serially	2026-10-07T16:36:34.0173819Z Downloaded: 1846 file(s) [attempted 1846/3582 = 51%, 3748 KB/s], Decompressed: 276
verify	Verify G6 frozen sources serially	2026-10-07T16:36:34.0174659Z Downloaded: 1932 file(s) [attempted 1932/3582 = 53%, 2216 KB/s], Decompressed: 276
verify	Verify G6 frozen sources serially	2026-10-07T16:36:34.0175508Z Downloaded: 2030 file(s) [attempted 2030/3582 = 56%, 1993 KB/s], Decompressed: 276
verify	Verify G6 frozen sources serially	2026-10-07T16:36:34.0176332Z Downloaded: 2128 file(s) [attempted 2128/3582 = 59%, 408 KB/s], Decompressed: 276
verify	Verify G6 frozen sources serially	2026-10-07T16:36:34.0177147Z Downloaded: 2230 file(s) [attempted 2230/3582 = 62%, 734 KB/s], Decompressed: 276
verify	Verify G6 frozen sources serially	2026-10-07T16:36:34.0177970Z Downloaded: 2337 file(s) [attempted 2337/3582 = 65%, 893 KB/s], Decompressed: 276
verify	Verify G6 frozen sources serially	2026-10-07T16:36:34.0178814Z Downloaded: 2442 file(s) [attempted 2442/3582 = 68%, 763 KB/s], Decompressed: 766
verify	Verify G6 frozen sources serially	2026-10-07T16:36:34.0179640Z Downloaded: 2549 file(s) [attempted 2549/3582 = 71%, 726 KB/s], Decompressed: 766
verify	Verify G6 frozen sources serially	2026-10-07T16:36:34.0180638Z Downloaded: 2622 file(s) [attempted 2622/3582 = 73%, 234 KB/s], Decompressed: 766
verify	Verify G6 frozen sources serially	2026-10-07T16:36:34.0181463Z Downloaded: 2708 file(s) [attempted 2708/3582 = 75%, 1713 KB/s], Decompressed: 766
verify	Verify G6 frozen sources serially	2026-10-07T16:36:34.0182290Z Downloaded: 2805 file(s) [attempted 2805/3582 = 78%, 3682 KB/s], Decompressed: 766
verify	Verify G6 frozen sources serially	2026-10-07T16:36:34.0183125Z Downloaded: 2905 file(s) [attempted 2905/3582 = 81%, 1324 KB/s], Decompressed: 766
verify	Verify G6 frozen sources serially	2026-10-07T16:36:34.0184153Z Downloaded: 3003 file(s) [attempted 3003/3582 = 83%, 249 KB/s], Decompressed: 766
verify	Verify G6 frozen sources serially	2026-10-07T16:36:34.0184985Z Downloaded: 3071 file(s) [attempted 3071/3582 = 85%, 726 KB/s], Decompressed: 766
verify	Verify G6 frozen sources serially	2026-10-07T16:36:34.0185813Z Downloaded: 3173 file(s) [attempted 3173/3582 = 88%, 1753 KB/s], Decompressed: 766
verify	Verify G6 frozen sources serially	2026-10-07T16:36:34.0186635Z Downloaded: 3275 file(s) [attempted 3275/3582 = 91%, 290 KB/s], Decompressed: 766
verify	Verify G6 frozen sources serially	2026-10-07T16:36:34.0187451Z Downloaded: 3334 file(s) [attempted 3334/3582 = 93%, 907 KB/s], Decompressed: 766
verify	Verify G6 frozen sources serially	2026-10-07T16:36:34.0188279Z Downloaded: 3429 file(s) [attempted 3429/3582 = 95%, 983 KB/s], Decompressed: 766
verify	Verify G6 frozen sources serially	2026-10-07T16:36:34.0189117Z Downloaded: 3532 file(s) [attempted 3532/3582 = 98%, 1504 KB/s], Decompressed: 766
verify	Verify G6 frozen sources serially	2026-10-07T16:36:34.0189981Z Downloaded: 3581 file(s) [attempted 3581/3582 = 99%, 417 KB/s], Decompressed: 766
verify	Verify G6 frozen sources serially	2026-10-07T16:36:34.0190991Z Downloaded: 3582 file(s) [attempted 3582/3582 = 100%, 417 KB/s], Decompressed: 766
verify	Verify G6 frozen sources serially	2026-10-07T16:36:34.0191804Z Decompressed 3582 file(s)
verify	Verify G6 frozen sources serially	2026-10-07T16:36:34.0192184Z Already decompressed 3582 file(s)
verify	Verify G6 frozen sources serially	2026-10-07T16:36:34.0204527Z G6_RECEIPT {"argv": ["lake", "exe", "cache", "get", "Mathlib.Algebra.BigOperators.Field", "Mathlib.Algebra.BigOperators.Fin", "Mathlib.Algebra.BigOperators.Finsupp.Basic", "Mathlib.Algebra.BigOperators.Group.Finset.Basic", "Mathlib.Algebra.BigOperators.Group.Finset.Sigma", "Mathlib.Algebra.BigOperators.GroupWithZero.Finset", "Mathlib.Algebra.BigOperators.Ring.Finset", "Mathlib.Algebra.Order.BigOperators.Group.Finset", "Mathlib.Algebra.Order.BigOperators.GroupWithZero.Finset", "Mathlib.Analysis.Normed.Algebra.MatrixExponential", "Mathlib.Analysis.SpecialFunctions.Exp", "Mathlib.Analysis.SpecialFunctions.Log.Basic", "Mathlib.Data.ENNReal.BigOperators", "Mathlib.Data.Fin.Tuple.Basic", "Mathlib.Data.Finset.Card", "Mathlib.Data.Finset.Max", "Mathlib.Data.Finset.Prod", "Mathlib.Data.Fintype.Basic", "Mathlib.Data.Fintype.BigOperators", "Mathlib.Data.Fintype.Card", "Mathlib.Data.Fintype.EquivFin", "Mathlib.Data.Fintype.Powerset", "Mathlib.Data.Fintype.Sum", "Mathlib.Data.Nat.Choose.Basic", "Mathlib.Data.Rat.BigOperators", "Mathlib.Data.Rat.Lemmas", "Mathlib.Data.Real.Basic", "Mathlib.LinearAlgebra.Vandermonde", "Mathlib.Logic.Relation", "Mathlib.MeasureTheory.Constructions.Pi", "Mathlib.MeasureTheory.Integral.Bochner.Basic", "Mathlib.Probability.Distributions.Bernoulli", "Mathlib.Probability.Distributions.Exponential", "Mathlib.Probability.Distributions.Poisson.Basic", "Mathlib.Probability.Distributions.Uniform", "Mathlib.Probability.ProbabilityMassFunction.Constructions", "Mathlib.Probability.ProbabilityMassFunction.Integrals", "Mathlib.Tactic", "Mathlib.Tactic.Linarith", "Mathlib.Tactic.NormNum", "Mathlib.Tactic.Positivity", "Mathlib.Tactic.Ring"], "start": "2026-10-07T16:36:00.013341+00:00", "end": "2026-10-07T16:36:34.000617+00:00", "exit": 0, "output_sha256": "4a525408acbb643bd5f8aa9487de6ee26fac25683a6048fefda98e512a3d2300"}
verify	Verify G6 frozen sources serially	2026-10-07T16:36:34.0219081Z G6_COMMAND {"argv": ["lake", "env", "lean", "--trust=0", "-j1", "-M4096", "-o", "/home/runner/work/_temp/g6-cloud-build/.lake/build/lib/lean/UnifiedLean/G6/FiniteProbability.olean", "/home/runner/work/_temp/g6-cloud-build/UnifiedLean/G6/FiniteProbability.lean"], "cwd": "/home/runner/work/_temp/g6-cloud-build", "start": "2026-10-07T16:36:34.001440+00:00"}
verify	Verify G6 frozen sources serially	2026-10-07T16:36:36.9577251Z /home/runner/work/_temp/g6-cloud-build/UnifiedLean/G6/FiniteProbability.lean:80:9: warning: Variable name `a` is not explicitly referenced.
verify	Verify G6 frozen sources serially	2026-10-07T16:36:36.9578312Z 
verify	Verify G6 frozen sources serially	2026-10-07T16:36:36.9579238Z Hint: The binding can be removed (if unused) or named `_` (if used implicitly). Alternatively, prefix the name with `_` to silence this warning:
verify	Verify G6 frozen sources serially	2026-10-07T16:36:36.9580509Z   [apply] _a
verify	Verify G6 frozen sources serially	2026-10-07T16:36:36.9580735Z 
verify	Verify G6 frozen sources serially	2026-10-07T16:36:36.9581125Z Note: This linter can be disabled with `set_option linter.unusedVariables false`
verify	Verify G6 frozen sources serially	2026-10-07T16:36:36.9582289Z 'UnifiedLean.G6.FiniteProbability.common_subprobability_tv' depends on axioms: [propext, Classical.choice, Quot.sound]
verify	Verify G6 frozen sources serially	2026-10-07T16:36:36.9585808Z 'UnifiedLean.G6.FiniteProbability.common_subprobability_mass' depends on axioms: [propext, Classical.choice, Quot.sound]
verify	Verify G6 frozen sources serially	2026-10-07T16:36:36.9587170Z 'UnifiedLean.G6.FiniteProbability.common_subprobability_event' depends on axioms: [propext,
verify	Verify G6 frozen sources serially	2026-10-07T16:36:36.9588015Z  Classical.choice,
verify	Verify G6 frozen sources serially	2026-10-07T16:36:36.9588373Z  Quot.sound]
verify	Verify G6 frozen sources serially	2026-10-07T16:36:36.9589179Z 'UnifiedLean.G6.FiniteProbability.scaled_domination_tv' depends on axioms: [propext, Classical.choice, Quot.sound]
verify	Verify G6 frozen sources serially	2026-10-07T16:36:36.9590817Z 'UnifiedLean.G6.FiniteProbability.pmf_sum_real' depends on axioms: [propext, Classical.choice, Quot.sound]
verify	Verify G6 frozen sources serially	2026-10-07T16:36:36.9592235Z 'UnifiedLean.G6.FiniteProbability.pmf_scaled_domination_tv' depends on axioms: [propext, Classical.choice, Quot.sound]
verify	Verify G6 frozen sources serially	2026-10-07T16:36:36.9593544Z 'UnifiedLean.G6.FiniteProbability.pmf_scaled_domination_event' depends on axioms: [propext,
verify	Verify G6 frozen sources serially	2026-10-07T16:36:36.9594320Z  Classical.choice,
verify	Verify G6 frozen sources serially	2026-10-07T16:36:36.9594932Z  Quot.sound]
verify	Verify G6 frozen sources serially	2026-10-07T16:36:36.9597480Z G6_RECEIPT {"argv": ["lake", "env", "lean", "--trust=0", "-j1", "-M4096", "-o", "/home/runner/work/_temp/g6-cloud-build/.lake/build/lib/lean/UnifiedLean/G6/FiniteProbability.olean", "/home/runner/work/_temp/g6-cloud-build/UnifiedLean/G6/FiniteProbability.lean"], "start": "2026-10-07T16:36:34.001440+00:00", "end": "2026-10-07T16:36:36.957540+00:00", "exit": 0, "output_sha256": "757498f226536e63546c9f57cb4e4328a4f178c0827c63b62563b24ae94b4f17"}
verify	Verify G6 frozen sources serially	2026-10-07T16:36:36.9603282Z G6_COMMAND {"argv": ["lake", "env", "lean", "--trust=0", "-j1", "-M4096", "-o", "/home/runner/work/_temp/g6-cloud-build/.lake/build/lib/lean/UnifiedLean/G6/Conditioning.olean", "/home/runner/work/_temp/g6-cloud-build/UnifiedLean/G6/Conditioning.lean"], "cwd": "/home/runner/work/_temp/g6-cloud-build", "start": "2026-10-07T16:36:36.957925+00:00"}
verify	Verify G6 frozen sources serially	2026-10-07T16:36:39.6926507Z 'UnifiedLean.G6.Conditioning.filter_scaled' depends on axioms: [propext, Classical.choice, Quot.sound]
verify	Verify G6 frozen sources serially	2026-10-07T16:36:39.6927995Z 'UnifiedLean.G6.Conditioning.filtered_bind_domination' depends on axioms: [propext, Classical.choice, Quot.sound]
verify	Verify G6 frozen sources serially	2026-10-07T16:36:39.6929426Z 'UnifiedLean.G6.Conditioning.filtered_bind_domination_real' depends on axioms: [propext, Classical.choice, Quot.sound]
verify	Verify G6 frozen sources serially	2026-10-07T16:36:39.6931056Z 'UnifiedLean.G6.Conditioning.conditioned_mixture_tv' depends on axioms: [propext, Classical.choice, Quot.sound]
verify	Verify G6 frozen sources serially	2026-10-07T16:36:39.6932250Z 'UnifiedLean.G6.Conditioning.conditioned_joint_observation_tv' depends on axioms: [propext,
verify	Verify G6 frozen sources serially	2026-10-07T16:36:39.6933001Z  Classical.choice,
verify	Verify G6 frozen sources serially	2026-10-07T16:36:39.6933323Z  Quot.sound]
verify	Verify G6 frozen sources serially	2026-10-07T16:36:39.6933965Z 'UnifiedLean.G6.Conditioning.conditioned_joint_observation_event' depends on axioms: [propext,
verify	Verify G6 frozen sources serially	2026-10-07T16:36:39.6934731Z  Classical.choice,
verify	Verify G6 frozen sources serially	2026-10-07T16:36:39.6935053Z  Quot.sound]
verify	Verify G6 frozen sources serially	2026-10-07T16:36:39.6937418Z G6_RECEIPT {"argv": ["lake", "env", "lean", "--trust=0", "-j1", "-M4096", "-o", "/home/runner/work/_temp/g6-cloud-build/.lake/build/lib/lean/UnifiedLean/G6/Conditioning.olean", "/home/runner/work/_temp/g6-cloud-build/UnifiedLean/G6/Conditioning.lean"], "start": "2026-10-07T16:36:36.957925+00:00", "end": "2026-10-07T16:36:39.692493+00:00", "exit": 0, "output_sha256": "100642588c988b86704d97294f48529a0a4ade99555c5c91f157156786932480"}
verify	Verify G6 frozen sources serially	2026-10-07T16:36:39.6941548Z G6_COMMAND {"argv": ["lake", "env", "lean", "--trust=0", "-j1", "-M4096", "-o", "/home/runner/work/_temp/g6-cloud-build/.lake/build/lib/lean/SourceNetwork.olean", "/home/runner/work/_temp/g6-cloud-build/Imported/SourceNetwork.lean"], "cwd": "/home/runner/work/_temp/g6-cloud-build", "start": "2026-10-07T16:36:39.692800+00:00"}
verify	Verify G6 frozen sources serially	2026-10-07T16:36:41.5477228Z 'Nanuq.Source.EdgeGraph.not_bridge_of_parallel' does not depend on any axioms
verify	Verify G6 frozen sources serially	2026-10-07T16:36:41.5478314Z 'Nanuq.Source.EdgeGraph.bridge_not_sameBlob' does not depend on any axioms
verify	Verify G6 frozen sources serially	2026-10-07T16:36:41.5479215Z 'Nanuq.Source.EdgeGraph.bridge_blob_ne' depends on axioms: [propext]
verify	Verify G6 frozen sources serially	2026-10-07T16:36:41.5480524Z 'Nanuq.Source.EdgeGraph.dreach_antisymm' depends on axioms: [propext, Classical.choice, Quot.sound]
verify	Verify G6 frozen sources serially	2026-10-07T16:36:41.5481986Z 'Nanuq.Source.RootedBinary.underlying_connected' depends on axioms: [propext, Classical.choice, Quot.sound]
verify	Verify G6 frozen sources serially	2026-10-07T16:36:41.5484028Z G6_RECEIPT {"argv": ["lake", "env", "lean", "--trust=0", "-j1", "-M4096", "-o", "/home/runner/work/_temp/g6-cloud-build/.lake/build/lib/lean/SourceNetwork.olean", "/home/runner/work/_temp/g6-cloud-build/Imported/SourceNetwork.lean"], "start": "2026-10-07T16:36:39.692800+00:00", "end": "2026-10-07T16:36:41.547542+00:00", "exit": 0, "output_sha256": "5465ecf96db0b49e53a81535e70658b235bd5d9816b211e5a2dd735b687cc24f"}
verify	Verify G6 frozen sources serially	2026-10-07T16:36:41.5486593Z G6_COMMAND {"argv": ["lake", "env", "lean", "--trust=0", "-j1", "-M4096", "-o", "/home/runner/work/_temp/g6-cloud-build/.lake/build/lib/lean/G2LiveLineageRouting.olean", "/home/runner/work/_temp/g6-cloud-build/Imported/G2LiveLineageRouting.lean"], "cwd": "/home/runner/work/_temp/g6-cloud-build", "start": "2026-10-07T16:36:41.547901+00:00"}
verify	Verify G6 frozen sources serially	2026-10-07T16:36:43.4236867Z 'GProgram.G2.coalesced_copies_cannot_split' depends on axioms: [propext, Classical.choice, Quot.sound]
verify	Verify G6 frozen sources serially	2026-10-07T16:36:43.4238226Z 'GProgram.G2.routed_parent_eq_iff_live_coin_eq' depends on axioms: [propext, Classical.choice, Quot.sound]
verify	Verify G6 frozen sources serially	2026-10-07T16:36:43.4239358Z 'GProgram.G2.opposite_copy_bits_are_not_a_live_pulse' does not depend on any axioms
verify	Verify G6 frozen sources serially	2026-10-07T16:36:43.4240636Z 'GProgram.G2.wrong_pulse_split_mass' depends on axioms: [propext, Classical.choice, Quot.sound]
verify	Verify G6 frozen sources serially	2026-10-07T16:36:43.4241765Z 'GProgram.G2.fair_copy_pulse_splits_merged_ancestor' depends on axioms: [propext, Classical.choice, Quot.sound]
verify	Verify G6 frozen sources serially	2026-10-07T16:36:43.4244393Z G6_RECEIPT {"argv": ["lake", "env", "lean", "--trust=0", "-j1", "-M4096", "-o", "/home/runner/work/_temp/g6-cloud-build/.lake/build/lib/lean/G2LiveLineageRouting.olean", "/home/runner/work/_temp/g6-cloud-build/Imported/G2LiveLineageRouting.lean"], "start": "2026-10-07T16:36:41.547901+00:00", "end": "2026-10-07T16:36:43.423520+00:00", "exit": 0, "output_sha256": "a80577f1d7135c5660613a0e39dcabd2f3198a9c7399d7632b4ef613e6fc9ebd"}
verify	Verify G6 frozen sources serially	2026-10-07T16:36:43.4248459Z G6_COMMAND {"argv": ["lake", "env", "lean", "--trust=0", "-j1", "-M4096", "-o", "/home/runner/work/_temp/g6-cloud-build/.lake/build/lib/lean/SourceLabelledForest.olean", "/home/runner/work/_temp/g6-cloud-build/Imported/SourceLabelledForest.lean"], "cwd": "/home/runner/work/_temp/g6-cloud-build", "start": "2026-10-07T16:36:43.423900+00:00"}
verify	Verify G6 frozen sources serially	2026-10-07T16:36:47.6971269Z /home/runner/work/_temp/g6-cloud-build/Imported/SourceLabelledForest.lean:108:0: warning: automatically included section variable(s) unused in theorem `GProgram.SourceForest.merged_copies_same_population`:
verify	Verify G6 frozen sources serially	2026-10-07T16:36:47.6973003Z   [Fintype Copy]
verify	Verify G6 frozen sources serially	2026-10-07T16:36:47.6973340Z   [Fintype V]
verify	Verify G6 frozen sources serially	2026-10-07T16:36:47.6973655Z   [Fintype E]
verify	Verify G6 frozen sources serially	2026-10-07T16:36:47.6973969Z   [DecidableEq V]
verify	Verify G6 frozen sources serially	2026-10-07T16:36:47.6974746Z consider restructuring your `variable` declarations so that the variables are not in scope or explicitly omit them:
verify	Verify G6 frozen sources serially	2026-10-07T16:36:47.6975447Z   omit [Fintype Copy] [Fintype V] [Fintype E] [DecidableEq V] in theorem ...
verify	Verify G6 frozen sources serially	2026-10-07T16:36:47.6975742Z 
verify	Verify G6 frozen sources serially	2026-10-07T16:36:47.6975976Z Note: This linter can be disabled with `set_option linter.unusedSectionVars false`
verify	Verify G6 frozen sources serially	2026-10-07T16:36:47.6976982Z /home/runner/work/_temp/g6-cloud-build/Imported/SourceLabelledForest.lean:112:0: warning: automatically included section variable(s) unused in theorem `GProgram.SourceForest.distinct_live_genealogies_disjoint`:
verify	Verify G6 frozen sources serially	2026-10-07T16:36:47.6977862Z   [Fintype Copy]
verify	Verify G6 frozen sources serially	2026-10-07T16:36:47.6978065Z   [Fintype V]
verify	Verify G6 frozen sources serially	2026-10-07T16:36:47.6978256Z   [Fintype E]
verify	Verify G6 frozen sources serially	2026-10-07T16:36:47.6978442Z   [DecidableEq V]
verify	Verify G6 frozen sources serially	2026-10-07T16:36:47.6978878Z consider restructuring your `variable` declarations so that the variables are not in scope or explicitly omit them:
verify	Verify G6 frozen sources serially	2026-10-07T16:36:47.6979453Z   omit [Fintype Copy] [Fintype V] [Fintype E] [DecidableEq V] in theorem ...
verify	Verify G6 frozen sources serially	2026-10-07T16:36:47.6979719Z 
verify	Verify G6 frozen sources serially	2026-10-07T16:36:47.6979926Z Note: This linter can be disabled with `set_option linter.unusedSectionVars false`
verify	Verify G6 frozen sources serially	2026-10-07T16:36:47.6981441Z /home/runner/work/_temp/g6-cloud-build/Imported/SourceLabelledForest.lean:175:0: warning: automatically included section variable(s) unused in theorem `GProgram.SourceForest.merge_coalesces_exact_fibers`:
verify	Verify G6 frozen sources serially	2026-10-07T16:36:47.6982202Z   [Fintype Copy]
verify	Verify G6 frozen sources serially	2026-10-07T16:36:47.6982380Z   [Fintype V]
verify	Verify G6 frozen sources serially	2026-10-07T16:36:47.6982546Z   [Fintype E]
verify	Verify G6 frozen sources serially	2026-10-07T16:36:47.6982713Z   [DecidableEq V]
verify	Verify G6 frozen sources serially	2026-10-07T16:36:47.6983129Z consider restructuring your `variable` declarations so that the variables are not in scope or explicitly omit them:
verify	Verify G6 frozen sources serially	2026-10-07T16:36:47.6983697Z   omit [Fintype Copy] [Fintype V] [Fintype E] [DecidableEq V] in theorem ...
verify	Verify G6 frozen sources serially	2026-10-07T16:36:47.6983960Z 
verify	Verify G6 frozen sources serially	2026-10-07T16:36:47.6984162Z Note: This linter can be disabled with `set_option linter.unusedSectionVars false`
verify	Verify G6 frozen sources serially	2026-10-07T16:36:47.6985035Z /home/runner/work/_temp/g6-cloud-build/Imported/SourceLabelledForest.lean:179:0: warning: automatically included section variable(s) unused in theorem `GProgram.SourceForest.merge_never_splits`:
verify	Verify G6 frozen sources serially	2026-10-07T16:36:47.6985935Z   [Fintype Copy]
verify	Verify G6 frozen sources serially	2026-10-07T16:36:47.6986119Z   [Fintype V]
verify	Verify G6 frozen sources serially	2026-10-07T16:36:47.6986283Z   [Fintype E]
verify	Verify G6 frozen sources serially	2026-10-07T16:36:47.6986453Z   [DecidableEq V]
verify	Verify G6 frozen sources serially	2026-10-07T16:36:47.6986865Z consider restructuring your `variable` declarations so that the variables are not in scope or explicitly omit them:
verify	Verify G6 frozen sources serially	2026-10-07T16:36:47.6987429Z   omit [Fintype Copy] [Fintype V] [Fintype E] [DecidableEq V] in theorem ...
verify	Verify G6 frozen sources serially	2026-10-07T16:36:47.6987688Z 
verify	Verify G6 frozen sources serially	2026-10-07T16:36:47.6987889Z Note: This linter can be disabled with `set_option linter.unusedSectionVars false`
verify	Verify G6 frozen sources serially	2026-10-07T16:36:47.6988764Z /home/runner/work/_temp/g6-cloud-build/Imported/SourceLabelledForest.lean:184:0: warning: automatically included section variable(s) unused in theorem `GProgram.SourceForest.merge_population_preserved`:
verify	Verify G6 frozen sources serially	2026-10-07T16:36:47.6989514Z   [Fintype Copy]
verify	Verify G6 frozen sources serially	2026-10-07T16:36:47.6989687Z   [Fintype V]
verify	Verify G6 frozen sources serially	2026-10-07T16:36:47.6989853Z   [Fintype E]
verify	Verify G6 frozen sources serially	2026-10-07T16:36:47.6990017Z   [DecidableEq V]
verify	Verify G6 frozen sources serially	2026-10-07T16:36:47.6990674Z consider restructuring your `variable` declarations so that the variables are not in scope or explicitly omit them:
verify	Verify G6 frozen sources serially	2026-10-07T16:36:47.6991241Z   omit [Fintype Copy] [Fintype V] [Fintype E] [DecidableEq V] in theorem ...
verify	Verify G6 frozen sources serially	2026-10-07T16:36:47.6991496Z 
verify	Verify G6 frozen sources serially	2026-10-07T16:36:47.6991693Z Note: This linter can be disabled with `set_option linter.unusedSectionVars false`
verify	Verify G6 frozen sources serially	2026-10-07T16:36:47.6992531Z /home/runner/work/_temp/g6-cloud-build/Imported/SourceLabelledForest.lean:192:0: warning: automatically included section variable(s) unused in theorem `GProgram.SourceForest.merge_live_card`:
verify	Verify G6 frozen sources serially	2026-10-07T16:36:47.6993245Z   [Fintype Copy]
verify	Verify G6 frozen sources serially	2026-10-07T16:36:47.6993415Z   [Fintype V]
verify	Verify G6 frozen sources serially	2026-10-07T16:36:47.6993576Z   [Fintype E]
verify	Verify G6 frozen sources serially	2026-10-07T16:36:47.6993741Z   [DecidableEq V]
verify	Verify G6 frozen sources serially	2026-10-07T16:36:47.6994145Z consider restructuring your `variable` declarations so that the variables are not in scope or explicitly omit them:
verify	Verify G6 frozen sources serially	2026-10-07T16:36:47.6994700Z   omit [Fintype Copy] [Fintype V] [Fintype E] [DecidableEq V] in theorem ...
verify	Verify G6 frozen sources serially	2026-10-07T16:36:47.6994966Z 
verify	Verify G6 frozen sources serially	2026-10-07T16:36:47.6995164Z Note: This linter can be disabled with `set_option linter.unusedSectionVars false`
verify	Verify G6 frozen sources serially	2026-10-07T16:36:47.6996013Z /home/runner/work/_temp/g6-cloud-build/Imported/SourceLabelledForest.lean:196:0: warning: automatically included section variable(s) unused in theorem `GProgram.SourceForest.original_copy_cap`:
verify	Verify G6 frozen sources serially	2026-10-07T16:36:47.6996728Z   [Fintype V]
verify	Verify G6 frozen sources serially	2026-10-07T16:36:47.6996892Z   [Fintype E]
verify	Verify G6 frozen sources serially	2026-10-07T16:36:47.6997059Z   [DecidableEq V]
verify	Verify G6 frozen sources serially	2026-10-07T16:36:47.6997458Z consider restructuring your `variable` declarations so that the variables are not in scope or explicitly omit them:
verify	Verify G6 frozen sources serially	2026-10-07T16:36:47.6997985Z   omit [Fintype V] [Fintype E] [DecidableEq V] in theorem ...
verify	Verify G6 frozen sources serially	2026-10-07T16:36:47.6998300Z 
verify	Verify G6 frozen sources serially	2026-10-07T16:36:47.6998565Z Note: This linter can be disabled with `set_option linter.unusedSectionVars false`
verify	Verify G6 frozen sources serially	2026-10-07T16:36:47.6999492Z /home/runner/work/_temp/g6-cloud-build/Imported/SourceLabelledForest.lean:204:0: warning: automatically included section variable(s) unused in theorem `GProgram.SourceForest.transport_valid`:
verify	Verify G6 frozen sources serially	2026-10-07T16:36:47.7000945Z   [Fintype Copy]
verify	Verify G6 frozen sources serially	2026-10-07T16:36:47.7001138Z   [Fintype V]
verify	Verify G6 frozen sources serially	2026-10-07T16:36:47.7001311Z   [Fintype E]
verify	Verify G6 frozen sources serially	2026-10-07T16:36:47.7001478Z   [DecidableEq V]
verify	Verify G6 frozen sources serially	2026-10-07T16:36:47.7002042Z consider restructuring your `variable` declarations so that the variables are not in scope or explicitly omit them:
verify	Verify G6 frozen sources serially	2026-10-07T16:36:47.7003125Z   omit [Fintype Copy] [Fintype V] [Fintype E] [DecidableEq V] in theorem ...
verify	Verify G6 frozen sources serially	2026-10-07T16:36:47.7003413Z 
verify	Verify G6 frozen sources serially	2026-10-07T16:36:47.7003625Z Note: This linter can be disabled with `set_option linter.unusedSectionVars false`
verify	Verify G6 frozen sources serially	2026-10-07T16:36:47.7004691Z /home/runner/work/_temp/g6-cloud-build/Imported/SourceLabelledForest.lean:227:0: warning: automatically included section variable(s) unused in theorem `GProgram.SourceForest.enterRoot_retains_original_root`:
verify	Verify G6 frozen sources serially	2026-10-07T16:36:47.7005612Z   [Fintype Copy]
verify	Verify G6 frozen sources serially	2026-10-07T16:36:47.7006029Z consider restructuring your `variable` declarations so that the variables are not in scope or explicitly omit them:
verify	Verify G6 frozen sources serially	2026-10-07T16:36:47.7006982Z   omit [Fintype Copy] in theorem ...
verify	Verify G6 frozen sources serially	2026-10-07T16:36:47.7007149Z 
verify	Verify G6 frozen sources serially	2026-10-07T16:36:47.7007346Z Note: This linter can be disabled with `set_option linter.unusedSectionVars false`
verify	Verify G6 frozen sources serially	2026-10-07T16:36:47.7008332Z /home/runner/work/_temp/g6-cloud-build/Imported/SourceLabelledForest.lean:258:0: warning: automatically included section variable(s) unused in theorem `GProgram.SourceForest.pulse_valid`:
verify	Verify G6 frozen sources serially	2026-10-07T16:36:47.7009188Z   [Fintype Copy]
verify	Verify G6 frozen sources serially	2026-10-07T16:36:47.7009603Z consider restructuring your `variable` declarations so that the variables are not in scope or explicitly omit them:
verify	Verify G6 frozen sources serially	2026-10-07T16:36:47.7010307Z   omit [Fintype Copy] in theorem ...
verify	Verify G6 frozen sources serially	2026-10-07T16:36:47.7010540Z 
verify	Verify G6 frozen sources serially	2026-10-07T16:36:47.7010766Z Note: This linter can be disabled with `set_option linter.unusedSectionVars false`
verify	Verify G6 frozen sources serially	2026-10-07T16:36:47.7011884Z /home/runner/work/_temp/g6-cloud-build/Imported/SourceLabelledForest.lean:263:0: warning: automatically included section variable(s) unused in theorem `GProgram.SourceForest.pulse_ancestor_unchanged`:
verify	Verify G6 frozen sources serially	2026-10-07T16:36:47.7012782Z   [Fintype Copy]
verify	Verify G6 frozen sources serially	2026-10-07T16:36:47.7013199Z consider restructuring your `variable` declarations so that the variables are not in scope or explicitly omit them:
verify	Verify G6 frozen sources serially	2026-10-07T16:36:47.7013803Z   omit [Fintype Copy] in theorem ...
verify	Verify G6 frozen sources serially	2026-10-07T16:36:47.7013965Z 
verify	Verify G6 frozen sources serially	2026-10-07T16:36:47.7014166Z Note: This linter can be disabled with `set_option linter.unusedSectionVars false`
verify	Verify G6 frozen sources serially	2026-10-07T16:36:47.7015175Z /home/runner/work/_temp/g6-cloud-build/Imported/SourceLabelledForest.lean:267:0: warning: automatically included section variable(s) unused in theorem `GProgram.SourceForest.pulse_genealogy_unchanged`:
verify	Verify G6 frozen sources serially	2026-10-07T16:36:47.7016076Z   [Fintype Copy]
verify	Verify G6 frozen sources serially	2026-10-07T16:36:47.7016496Z consider restructuring your `variable` declarations so that the variables are not in scope or explicitly omit them:
verify	Verify G6 frozen sources serially	2026-10-07T16:36:47.7016992Z   omit [Fintype Copy] in theorem ...
verify	Verify G6 frozen sources serially	2026-10-07T16:36:47.7017280Z 
verify	Verify G6 frozen sources serially	2026-10-07T16:36:47.7017497Z Note: This linter can be disabled with `set_option linter.unusedSectionVars false`
verify	Verify G6 frozen sources serially	2026-10-07T16:36:47.7018492Z /home/runner/work/_temp/g6-cloud-build/Imported/SourceLabelledForest.lean:271:0: warning: automatically included section variable(s) unused in theorem `GProgram.SourceForest.pulse_register_retained`:
verify	Verify G6 frozen sources serially	2026-10-07T16:36:47.7019244Z   [Fintype Copy]
verify	Verify G6 frozen sources serially	2026-10-07T16:36:47.7019787Z consider restructuring your `variable` declarations so that the variables are not in scope or explicitly omit them:
verify	Verify G6 frozen sources serially	2026-10-07T16:36:47.7020370Z   omit [Fintype Copy] in theorem ...
verify	Verify G6 frozen sources serially	2026-10-07T16:36:47.7020621Z 
verify	Verify G6 frozen sources serially	2026-10-07T16:36:47.7020899Z Note: This linter can be disabled with `set_option linter.unusedSectionVars false`
verify	Verify G6 frozen sources serially	2026-10-07T16:36:47.7021886Z /home/runner/work/_temp/g6-cloud-build/Imported/SourceLabelledForest.lean:275:0: warning: automatically included section variable(s) unused in theorem `GProgram.SourceForest.pulse_routes_current_ancestor`:
verify	Verify G6 frozen sources serially	2026-10-07T16:36:47.7022693Z   [Fintype Copy]
verify	Verify G6 frozen sources serially	2026-10-07T16:36:47.7023410Z consider restructuring your `variable` declarations so that the variables are not in scope or explicitly omit them:
verify	Verify G6 frozen sources serially	2026-10-07T16:36:47.7023886Z   omit [Fintype Copy] in theorem ...
verify	Verify G6 frozen sources serially	2026-10-07T16:36:47.7024094Z 
verify	Verify G6 frozen sources serially	2026-10-07T16:36:47.7024379Z Note: This linter can be disabled with `set_option linter.unusedSectionVars false`
verify	Verify G6 frozen sources serially	2026-10-07T16:36:47.7024991Z /home/runner/work/_temp/g6-cloud-build/Imported/SourceLabelledForest.lean:299:8: warning: This simp argument is unused:
verify	Verify G6 frozen sources serially	2026-10-07T16:36:47.7025627Z   Fintype.sum_bool
verify	Verify G6 frozen sources serially	2026-10-07T16:36:47.7025742Z 
verify	Verify G6 frozen sources serially	2026-10-07T16:36:47.7025844Z Hint: Omit it from the simp argument list.
verify	Verify G6 frozen sources serially	2026-10-07T16:36:47.7026125Z   [apply] simp [bitWeight]
verify	Verify G6 frozen sources serially	2026-10-07T16:36:47.7026270Z 
verify	Verify G6 frozen sources serially	2026-10-07T16:36:47.7026617Z Note: This linter can be disabled with `set_option linter.unusedSimpArgs false`
verify	Verify G6 frozen sources serially	2026-10-07T16:36:47.7027602Z /home/runner/work/_temp/g6-cloud-build/Imported/SourceLabelledForest.lean:323:0: warning: automatically included section variable(s) unused in theorem `GProgram.SourceForest.initial_source_valid`:
verify	Verify G6 frozen sources serially	2026-10-07T16:36:47.7028721Z   [DecidableEq E]
verify	Verify G6 frozen sources serially	2026-10-07T16:36:47.7029370Z consider restructuring your `variable` declarations so that the variables are not in scope or explicitly omit them:
verify	Verify G6 frozen sources serially	2026-10-07T16:36:47.7029910Z   omit [DecidableEq E] in theorem ...
verify	Verify G6 frozen sources serially	2026-10-07T16:36:47.7030469Z 
verify	Verify G6 frozen sources serially	2026-10-07T16:36:47.7030713Z Note: This linter can be disabled with `set_option linter.unusedSectionVars false`
verify	Verify G6 frozen sources serially	2026-10-07T16:36:47.7031914Z /home/runner/work/_temp/g6-cloud-build/Imported/SourceLabelledForest.lean:327:0: warning: automatically included section variable(s) unused in theorem `GProgram.SourceForest.merge_source_valid`:
verify	Verify G6 frozen sources serially	2026-10-07T16:36:47.7032900Z   [DecidableEq E]
verify	Verify G6 frozen sources serially	2026-10-07T16:36:47.7033373Z consider restructuring your `variable` declarations so that the variables are not in scope or explicitly omit them:
verify	Verify G6 frozen sources serially	2026-10-07T16:36:47.7034073Z   omit [DecidableEq E] in theorem ...
verify	Verify G6 frozen sources serially	2026-10-07T16:36:47.7034262Z 
verify	Verify G6 frozen sources serially	2026-10-07T16:36:47.7034481Z Note: This linter can be disabled with `set_option linter.unusedSectionVars false`
verify	Verify G6 frozen sources serially	2026-10-07T16:36:47.7035654Z /home/runner/work/_temp/g6-cloud-build/Imported/SourceLabelledForest.lean:368:0: warning: automatically included section variable(s) unused in theorem `GProgram.SourceForest.original_parent_targets_hybrid`:
verify	Verify G6 frozen sources serially	2026-10-07T16:36:47.7036666Z   [DecidableEq E]
verify	Verify G6 frozen sources serially	2026-10-07T16:36:47.7037116Z consider restructuring your `variable` declarations so that the variables are not in scope or explicitly omit them:
verify	Verify G6 frozen sources serially	2026-10-07T16:36:47.7037792Z   omit [DecidableEq E] in theorem ...
verify	Verify G6 frozen sources serially	2026-10-07T16:36:47.7037972Z 
verify	Verify G6 frozen sources serially	2026-10-07T16:36:47.7038185Z Note: This linter can be disabled with `set_option linter.unusedSectionVars false`
verify	Verify G6 frozen sources serially	2026-10-07T16:36:47.7039264Z /home/runner/work/_temp/g6-cloud-build/Imported/SourceLabelledForest.lean:407:0: warning: automatically included section variable(s) unused in theorem `GProgram.SourceForest.step_register_retained`:
verify	Verify G6 frozen sources serially	2026-10-07T16:36:47.7040285Z   [Fintype Copy]
verify	Verify G6 frozen sources serially	2026-10-07T16:36:47.7041001Z consider restructuring your `variable` declarations so that the variables are not in scope or explicitly omit them:
verify	Verify G6 frozen sources serially	2026-10-07T16:36:47.7041549Z   omit [Fintype Copy] in theorem ...
verify	Verify G6 frozen sources serially	2026-10-07T16:36:47.7041719Z 
verify	Verify G6 frozen sources serially	2026-10-07T16:36:47.7042029Z Note: This linter can be disabled with `set_option linter.unusedSectionVars false`
verify	Verify G6 frozen sources serially	2026-10-07T16:36:47.7043072Z /home/runner/work/_temp/g6-cloud-build/Imported/SourceLabelledForest.lean:411:0: warning: automatically included section variable(s) unused in theorem `GProgram.SourceForest.step_history_extends`:
verify	Verify G6 frozen sources serially	2026-10-07T16:36:47.7043976Z   [Fintype Copy]
verify	Verify G6 frozen sources serially	2026-10-07T16:36:47.7044567Z consider restructuring your `variable` declarations so that the variables are not in scope or explicitly omit them:
verify	Verify G6 frozen sources serially	2026-10-07T16:36:47.7045090Z   omit [Fintype Copy] in theorem ...
verify	Verify G6 frozen sources serially	2026-10-07T16:36:47.7045265Z 
verify	Verify G6 frozen sources serially	2026-10-07T16:36:47.7045606Z Note: This linter can be disabled with `set_option linter.unusedSectionVars false`
verify	Verify G6 frozen sources serially	2026-10-07T16:36:47.7046704Z /home/runner/work/_temp/g6-cloud-build/Imported/SourceLabelledForest.lean:472:0: warning: automatically included section variable(s) unused in theorem `GProgram.SourceForest.Genealogy.joinPruned_leaves`:
verify	Verify G6 frozen sources serially	2026-10-07T16:36:47.7047865Z   [Fintype Copy]
verify	Verify G6 frozen sources serially	2026-10-07T16:36:47.7048382Z consider restructuring your `variable` declarations so that the variables are not in scope or explicitly omit them:
verify	Verify G6 frozen sources serially	2026-10-07T16:36:47.7048947Z   omit [Fintype Copy] in theorem ...
verify	Verify G6 frozen sources serially	2026-10-07T16:36:47.7049247Z 
verify	Verify G6 frozen sources serially	2026-10-07T16:36:47.7049462Z Note: This linter can be disabled with `set_option linter.unusedSectionVars false`
verify	Verify G6 frozen sources serially	2026-10-07T16:36:47.7050658Z /home/runner/work/_temp/g6-cloud-build/Imported/SourceLabelledForest.lean:496:0: warning: automatically included section variable(s) unused in theorem `GProgram.SourceForest.mem_visibleAncestors`:
verify	Verify G6 frozen sources serially	2026-10-07T16:36:47.7051668Z   [Fintype Copy]
verify	Verify G6 frozen sources serially	2026-10-07T16:36:47.7051865Z   [Fintype V]
verify	Verify G6 frozen sources serially	2026-10-07T16:36:47.7052047Z   [Fintype E]
verify	Verify G6 frozen sources serially	2026-10-07T16:36:47.7052231Z   [DecidableEq V]
verify	Verify G6 frozen sources serially	2026-10-07T16:36:47.7052487Z   [DecidableEq E]
verify	Verify G6 frozen sources serially	2026-10-07T16:36:47.7053013Z consider restructuring your `variable` declarations so that the variables are not in scope or explicitly omit them:
verify	Verify G6 frozen sources serially	2026-10-07T16:36:47.7054008Z   omit [Fintype Copy] [Fintype V] [Fintype E] [DecidableEq V] [DecidableEq E] in theorem ...
verify	Verify G6 frozen sources serially	2026-10-07T16:36:47.7054346Z 
verify	Verify G6 frozen sources serially	2026-10-07T16:36:47.7054564Z Note: This linter can be disabled with `set_option linter.unusedSectionVars false`
verify	Verify G6 frozen sources serially	2026-10-07T16:36:47.7055646Z /home/runner/work/_temp/g6-cloud-build/Imported/SourceLabelledForest.lean:501:0: warning: automatically included section variable(s) unused in theorem `GProgram.SourceForest.selectedBlock_eq_fiber`:
verify	Verify G6 frozen sources serially	2026-10-07T16:36:47.7056591Z   [Fintype Copy]
verify	Verify G6 frozen sources serially	2026-10-07T16:36:47.7056781Z   [Fintype V]
verify	Verify G6 frozen sources serially	2026-10-07T16:36:47.7056959Z   [Fintype E]
verify	Verify G6 frozen sources serially	2026-10-07T16:36:47.7057205Z   [DecidableEq V]
verify	Verify G6 frozen sources serially	2026-10-07T16:36:47.7057470Z   [DecidableEq E]
verify	Verify G6 frozen sources serially	2026-10-07T16:36:47.7057919Z consider restructuring your `variable` declarations so that the variables are not in scope or explicitly omit them:
verify	Verify G6 frozen sources serially	2026-10-07T16:36:47.7058721Z   omit [Fintype Copy] [Fintype V] [Fintype E] [DecidableEq V] [DecidableEq E] in theorem ...
verify	Verify G6 frozen sources serially	2026-10-07T16:36:47.7059075Z 
verify	Verify G6 frozen sources serially	2026-10-07T16:36:47.7059298Z Note: This linter can be disabled with `set_option linter.unusedSectionVars false`
verify	Verify G6 frozen sources serially	2026-10-07T16:36:47.7060501Z /home/runner/work/_temp/g6-cloud-build/Imported/SourceLabelledForest.lean:527:0: warning: automatically included section variable(s) unused in theorem `GProgram.SourceForest.selectedBlock_merge_survivor`:
verify	Verify G6 frozen sources serially	2026-10-07T16:36:47.7061565Z   [Fintype Copy]
verify	Verify G6 frozen sources serially	2026-10-07T16:36:47.7061758Z   [Fintype V]
verify	Verify G6 frozen sources serially	2026-10-07T16:36:47.7061941Z   [Fintype E]
verify	Verify G6 frozen sources serially	2026-10-07T16:36:47.7062254Z   [DecidableEq V]
verify	Verify G6 frozen sources serially	2026-10-07T16:36:47.7062482Z   [DecidableEq E]
verify	Verify G6 frozen sources serially	2026-10-07T16:36:47.7062927Z consider restructuring your `variable` declarations so that the variables are not in scope or explicitly omit them:
verify	Verify G6 frozen sources serially	2026-10-07T16:36:47.7063590Z   omit [Fintype Copy] [Fintype V] [Fintype E] [DecidableEq V] [DecidableEq E] in theorem ...
verify	Verify G6 frozen sources serially	2026-10-07T16:36:47.7063927Z 
verify	Verify G6 frozen sources serially	2026-10-07T16:36:47.7064150Z Note: This linter can be disabled with `set_option linter.unusedSectionVars false`
verify	Verify G6 frozen sources serially	2026-10-07T16:36:47.7065116Z /home/runner/work/_temp/g6-cloud-build/Imported/SourceLabelledForest.lean:532:0: warning: automatically included section variable(s) unused in theorem `GProgram.SourceForest.selectedBlock_merge_other`:
verify	Verify G6 frozen sources serially	2026-10-07T16:36:47.7065987Z   [Fintype Copy]
verify	Verify G6 frozen sources serially	2026-10-07T16:36:47.7066252Z   [Fintype V]
verify	Verify G6 frozen sources serially	2026-10-07T16:36:47.7066436Z   [Fintype E]
verify	Verify G6 frozen sources serially	2026-10-07T16:36:47.7066622Z   [DecidableEq V]
verify	Verify G6 frozen sources serially	2026-10-07T16:36:47.7066812Z   [DecidableEq E]
verify	Verify G6 frozen sources serially	2026-10-07T16:36:47.7067251Z consider restructuring your `variable` declarations so that the variables are not in scope or explicitly omit them:
verify	Verify G6 frozen sources serially	2026-10-07T16:36:47.7067906Z   omit [Fintype Copy] [Fintype V] [Fintype E] [DecidableEq V] [DecidableEq E] in theorem ...
verify	Verify G6 frozen sources serially	2026-10-07T16:36:47.7068240Z 
verify	Verify G6 frozen sources serially	2026-10-07T16:36:47.7068452Z Note: This linter can be disabled with `set_option linter.unusedSectionVars false`
verify	Verify G6 frozen sources serially	2026-10-07T16:36:47.7069385Z /home/runner/work/_temp/g6-cloud-build/Imported/SourceLabelledForest.lean:537:0: warning: automatically included section variable(s) unused in theorem `GProgram.SourceForest.prune_merge_survivor`:
verify	Verify G6 frozen sources serially	2026-10-07T16:36:47.7070568Z   [Fintype Copy]
verify	Verify G6 frozen sources serially	2026-10-07T16:36:47.7070758Z   [Fintype V]
verify	Verify G6 frozen sources serially	2026-10-07T16:36:47.7070941Z   [Fintype E]
verify	Verify G6 frozen sources serially	2026-10-07T16:36:47.7071122Z   [DecidableEq V]
verify	Verify G6 frozen sources serially	2026-10-07T16:36:47.7071309Z   [DecidableEq E]
verify	Verify G6 frozen sources serially	2026-10-07T16:36:47.7071742Z consider restructuring your `variable` declarations so that the variables are not in scope or explicitly omit them:
verify	Verify G6 frozen sources serially	2026-10-07T16:36:47.7072390Z   omit [Fintype Copy] [Fintype V] [Fintype E] [DecidableEq V] [DecidableEq E] in theorem ...
verify	Verify G6 frozen sources serially	2026-10-07T16:36:47.7072721Z 
verify	Verify G6 frozen sources serially	2026-10-07T16:36:47.7072931Z Note: This linter can be disabled with `set_option linter.unusedSectionVars false`
verify	Verify G6 frozen sources serially	2026-10-07T16:36:47.7074057Z /home/runner/work/_temp/g6-cloud-build/Imported/SourceLabelledForest.lean:542:0: warning: automatically included section variable(s) unused in theorem `GProgram.SourceForest.pulse_selected_genealogy_unchanged`:
verify	Verify G6 frozen sources serially	2026-10-07T16:36:47.7074901Z   [Fintype Copy]
verify	Verify G6 frozen sources serially	2026-10-07T16:36:47.7075507Z consider restructuring your `variable` declarations so that the variables are not in scope or explicitly omit them:
verify	Verify G6 frozen sources serially	2026-10-07T16:36:47.7076032Z   omit [Fintype Copy] in theorem ...
verify	Verify G6 frozen sources serially	2026-10-07T16:36:47.7076204Z 
verify	Verify G6 frozen sources serially	2026-10-07T16:36:47.7076417Z Note: This linter can be disabled with `set_option linter.unusedSectionVars false`
verify	Verify G6 frozen sources serially	2026-10-07T16:36:47.7077398Z /home/runner/work/_temp/g6-cloud-build/Imported/SourceLabelledForest.lean:551:0: warning: automatically included section variable(s) unused in theorem `GProgram.SourceForest.Genealogy.joinPruned_wellLabelled`:
verify	Verify G6 frozen sources serially	2026-10-07T16:36:47.7078239Z   [Fintype Copy]
verify	Verify G6 frozen sources serially	2026-10-07T16:36:47.7078673Z consider restructuring your `variable` declarations so that the variables are not in scope or explicitly omit them:
verify	Verify G6 frozen sources serially	2026-10-07T16:36:47.7079182Z   omit [Fintype Copy] in theorem ...
verify	Verify G6 frozen sources serially	2026-10-07T16:36:47.7079353Z 
verify	Verify G6 frozen sources serially	2026-10-07T16:36:47.7079568Z Note: This linter can be disabled with `set_option linter.unusedSectionVars false`
verify	Verify G6 frozen sources serially	2026-10-07T16:36:47.7080702Z /home/runner/work/_temp/g6-cloud-build/Imported/SourceLabelledForest.lean:572:0: warning: automatically included section variable(s) unused in theorem `GProgram.SourceForest.unique_live_genealogy`:
verify	Verify G6 frozen sources serially	2026-10-07T16:36:47.7081502Z   [Fintype Copy]
verify	Verify G6 frozen sources serially	2026-10-07T16:36:47.7081691Z   [Fintype V]
verify	Verify G6 frozen sources serially	2026-10-07T16:36:47.7081870Z   [Fintype E]
verify	Verify G6 frozen sources serially	2026-10-07T16:36:47.7082051Z   [DecidableEq V]
verify	Verify G6 frozen sources serially	2026-10-07T16:36:47.7082238Z   [DecidableEq E]
verify	Verify G6 frozen sources serially	2026-10-07T16:36:47.7082672Z consider restructuring your `variable` declarations so that the variables are not in scope or explicitly omit them:
verify	Verify G6 frozen sources serially	2026-10-07T16:36:47.7083327Z   omit [Fintype Copy] [Fintype V] [Fintype E] [DecidableEq V] [DecidableEq E] in theorem ...
verify	Verify G6 frozen sources serially	2026-10-07T16:36:47.7083663Z 
verify	Verify G6 frozen sources serially	2026-10-07T16:36:47.7083877Z Note: This linter can be disabled with `set_option linter.unusedSectionVars false`
verify	Verify G6 frozen sources serially	2026-10-07T16:36:47.7084829Z /home/runner/work/_temp/g6-cloud-build/Imported/SourceLabelledForest.lean:580:0: warning: automatically included section variable(s) unused in theorem `GProgram.SourceForest.source_live_root_is_original`:
verify	Verify G6 frozen sources serially	2026-10-07T16:36:47.7085650Z   [Fintype Copy]
verify	Verify G6 frozen sources serially	2026-10-07T16:36:47.7085838Z   [DecidableEq E]
verify	Verify G6 frozen sources serially	2026-10-07T16:36:47.7086273Z consider restructuring your `variable` declarations so that the variables are not in scope or explicitly omit them:
verify	Verify G6 frozen sources serially	2026-10-07T16:36:47.7086964Z   omit [Fintype Copy] [DecidableEq E] in theorem ...
verify	Verify G6 frozen sources serially	2026-10-07T16:36:47.7087182Z 
verify	Verify G6 frozen sources serially	2026-10-07T16:36:47.7087390Z Note: This linter can be disabled with `set_option linter.unusedSectionVars false`
verify	Verify G6 frozen sources serially	2026-10-07T16:36:47.7088062Z /home/runner/work/_temp/g6-cloud-build/Imported/SourceLabelledForest.lean:645:10: warning: This simp argument is unused:
verify	Verify G6 frozen sources serially	2026-10-07T16:36:47.7088599Z   Fintype.sum_bool
verify	Verify G6 frozen sources serially	2026-10-07T16:36:47.7088720Z 
verify	Verify G6 frozen sources serially	2026-10-07T16:36:47.7088828Z Hint: Omit it from the simp argument list.
verify	Verify G6 frozen sources serially	2026-10-07T16:36:47.7089134Z   [apply] simp [cylinderFactor, bitWeight, ha, hw]
verify	Verify G6 frozen sources serially	2026-10-07T16:36:47.7089346Z 
verify	Verify G6 frozen sources serially	2026-10-07T16:36:47.7089550Z Note: This linter can be disabled with `set_option linter.unusedSimpArgs false`
verify	Verify G6 frozen sources serially	2026-10-07T16:36:47.7090592Z 'GProgram.SourceForest.pulse_selected_coin_marginal' depends on axioms: [propext, Classical.choice, Quot.sound]
verify	Verify G6 frozen sources serially	2026-10-07T16:36:47.7091400Z 'GProgram.SourceForest.coinCylinderMass_eq_retained_product' depends on axioms: [propext, Classical.choice, Quot.sound]
verify	Verify G6 frozen sources serially	2026-10-07T16:36:47.7092217Z 'GProgram.SourceForest.Genealogy.prune_wellLabelled' depends on axioms: [propext, Classical.choice, Quot.sound]
verify	Verify G6 frozen sources serially	2026-10-07T16:36:47.7092958Z 'GProgram.SourceForest.unique_live_genealogy' depends on axioms: [propext, Classical.choice, Quot.sound]
verify	Verify G6 frozen sources serially	2026-10-07T16:36:47.7093673Z 'GProgram.SourceForest.source_live_root_is_original' depends on axioms: [propext, Classical.choice, Quot.sound]
verify	Verify G6 frozen sources serially	2026-10-07T16:36:47.7094433Z 'GProgram.SourceForest.source_trace_original_copy_budget' depends on axioms: [propext, Classical.choice, Quot.sound]
verify	Verify G6 frozen sources serially	2026-10-07T16:36:47.7095190Z 'GProgram.SourceForest.source_trace_history_prefix' depends on axioms: [propext, Classical.choice, Quot.sound]
verify	Verify G6 frozen sources serially	2026-10-07T16:36:47.7095919Z 'GProgram.SourceForest.Genealogy.prune_leaves' depends on axioms: [propext, Classical.choice, Quot.sound]
verify	Verify G6 frozen sources serially	2026-10-07T16:36:47.7096815Z 'GProgram.SourceForest.selectedBlock_injective_on_visible' depends on axioms: [propext, Classical.choice, Quot.sound]
verify	Verify G6 frozen sources serially	2026-10-07T16:36:47.7097597Z 'GProgram.SourceForest.selectedBlock_merge_survivor' depends on axioms: [propext, Classical.choice, Quot.sound]
verify	Verify G6 frozen sources serially	2026-10-07T16:36:47.7098316Z 'GProgram.SourceForest.prune_merge_survivor' depends on axioms: [propext, Classical.choice, Quot.sound]
verify	Verify G6 frozen sources serially	2026-10-07T16:36:47.7099000Z 'GProgram.SourceForest.source_trace_valid' depends on axioms: [propext, Classical.choice, Quot.sound]
verify	Verify G6 frozen sources serially	2026-10-07T16:36:47.7099684Z 'GProgram.SourceForest.source_trace_register' depends on axioms: [propext, Classical.choice, Quot.sound]
verify	Verify G6 frozen sources serially	2026-10-07T16:36:47.7100599Z 'GProgram.SourceForest.step_history_extends' depends on axioms: [propext, Classical.choice, Quot.sound]
verify	Verify G6 frozen sources serially	2026-10-07T16:36:47.7101300Z 'GProgram.SourceForest.pulseExpectation_one' depends on axioms: [propext, Classical.choice, Quot.sound]
verify	Verify G6 frozen sources serially	2026-10-07T16:36:47.7102051Z 'GProgram.SourceForest.pulseExpectation_nonnegative' depends on axioms: [propext, Classical.choice, Quot.sound]
verify	Verify G6 frozen sources serially	2026-10-07T16:36:47.7102761Z 'GProgram.SourceForest.initial_valid' depends on axioms: [propext, Classical.choice, Quot.sound]
verify	Verify G6 frozen sources serially	2026-10-07T16:36:47.7103394Z 'GProgram.SourceForest.merge_valid' depends on axioms: [propext, Classical.choice, Quot.sound]
verify	Verify G6 frozen sources serially	2026-10-07T16:36:47.7104105Z 'GProgram.SourceForest.merge_population_preserved' depends on axioms: [propext, Classical.choice, Quot.sound]
verify	Verify G6 frozen sources serially	2026-10-07T16:36:47.7104807Z 'GProgram.SourceForest.merge_never_splits' depends on axioms: [propext, Classical.choice, Quot.sound]
verify	Verify G6 frozen sources serially	2026-10-07T16:36:47.7105469Z 'GProgram.SourceForest.merge_live_card' depends on axioms: [propext, Classical.choice, Quot.sound]
verify	Verify G6 frozen sources serially	2026-10-07T16:36:47.7106181Z 'GProgram.SourceForest.enterRoot_retains_original_root' depends on axioms: [propext, Classical.choice, Quot.sound]
verify	Verify G6 frozen sources serially	2026-10-07T16:36:47.7106880Z 'GProgram.SourceForest.pulse_valid' depends on axioms: [propext, Classical.choice, Quot.sound]
verify	Verify G6 frozen sources serially	2026-10-07T16:36:47.7107578Z 'GProgram.SourceForest.pulse_routes_current_ancestor' depends on axioms: [propext, Classical.choice, Quot.sound]
verify	Verify G6 frozen sources serially	2026-10-07T16:36:47.7108318Z 'GProgram.SourceForest.pulse_cannot_split_copies' depends on axioms: [propext, Classical.choice, Quot.sound]
verify	Verify G6 frozen sources serially	2026-10-07T16:36:47.7109064Z 'GProgram.SourceForest.independentWeight_normalized' depends on axioms: [propext, Classical.choice, Quot.sound]
verify	Verify G6 frozen sources serially	2026-10-07T16:36:47.7109836Z 'GProgram.SourceForest.independentWeight_nonnegative' depends on axioms: [propext, Classical.choice, Quot.sound]
verify	Verify G6 frozen sources serially	2026-10-07T16:36:47.7111795Z G6_RECEIPT {"argv": ["lake", "env", "lean", "--trust=0", "-j1", "-M4096", "-o", "/home/runner/work/_temp/g6-cloud-build/.lake/build/lib/lean/SourceLabelledForest.olean", "/home/runner/work/_temp/g6-cloud-build/Imported/SourceLabelledForest.lean"], "start": "2026-10-07T16:36:43.423900+00:00", "end": "2026-10-07T16:36:47.695319+00:00", "exit": 0, "output_sha256": "79ac7b957f8500fff5f2e97d6b4f5c421747bab05c34771d0de9451c972e26df"}
verify	Verify G6 frozen sources serially	2026-10-07T16:36:47.7114751Z G6_COMMAND {"argv": ["lake", "env", "lean", "--trust=0", "-j1", "-M4096", "-o", "/home/runner/work/_temp/g6-cloud-build/.lake/build/lib/lean/SourceForestKingmanProjection.olean", "/home/runner/work/_temp/g6-cloud-build/Imported/SourceForestKingmanProjection.lean"], "cwd": "/home/runner/work/_temp/g6-cloud-build", "start": "2026-10-07T16:36:47.695827+00:00"}
verify	Verify G6 frozen sources serially	2026-10-07T16:36:49.5818526Z /home/runner/work/_temp/g6-cloud-build/Imported/SourceForestKingmanProjection.lean:31:0: warning: automatically included section variable(s) unused in theorem `GProgram.SourceForestKingmanProjection.image_offDiag_eq`:
verify	Verify G6 frozen sources serially	2026-10-07T16:36:49.5819774Z   [DecidableEq α]
verify	Verify G6 frozen sources serially	2026-10-07T16:36:49.5820686Z consider restructuring your `variable` declarations so that the variables are not in scope or explicitly omit them:
verify	Verify G6 frozen sources serially	2026-10-07T16:36:49.5821591Z   omit [DecidableEq α] in theorem ...
verify	Verify G6 frozen sources serially	2026-10-07T16:36:49.5821782Z 
verify	Verify G6 frozen sources serially	2026-10-07T16:36:49.5822014Z Note: This linter can be disabled with `set_option linter.unusedSectionVars false`
verify	Verify G6 frozen sources serially	2026-10-07T16:36:49.5823399Z /home/runner/work/_temp/g6-cloud-build/Imported/SourceForestKingmanProjection.lean:57:0: warning: automatically included section variable(s) unused in theorem `GProgram.SourceForestKingmanProjection.pairMap_injective_on_offDiag`:
verify	Verify G6 frozen sources serially	2026-10-07T16:36:49.5824423Z   [DecidableEq α]
verify	Verify G6 frozen sources serially	2026-10-07T16:36:49.5824652Z   [DecidableEq β]
verify	Verify G6 frozen sources serially	2026-10-07T16:36:49.5825101Z consider restructuring your `variable` declarations so that the variables are not in scope or explicitly omit them:
verify	Verify G6 frozen sources serially	2026-10-07T16:36:49.5825712Z   omit [DecidableEq α] [DecidableEq β] in theorem ...
verify	Verify G6 frozen sources serially	2026-10-07T16:36:49.5825931Z 
verify	Verify G6 frozen sources serially	2026-10-07T16:36:49.5826157Z Note: This linter can be disabled with `set_option linter.unusedSectionVars false`
verify	Verify G6 frozen sources serially	2026-10-07T16:36:49.5826808Z 'GProgram.SourceForestKingmanProjection.source_visible_pair_unique_preimage' depends on axioms: [propext,
verify	Verify G6 frozen sources serially	2026-10-07T16:36:49.5827331Z  Classical.choice,
verify	Verify G6 frozen sources serially	2026-10-07T16:36:49.5827528Z  Quot.sound]
verify	Verify G6 frozen sources serially	2026-10-07T16:36:49.5828424Z 'GProgram.SourceForestKingmanProjection.actual_source_visible_generator_identity' depends on axioms: [propext,
verify	Verify G6 frozen sources serially	2026-10-07T16:36:49.5829289Z  Classical.choice,
verify	Verify G6 frozen sources serially	2026-10-07T16:36:49.5829620Z  Quot.sound]
verify	Verify G6 frozen sources serially	2026-10-07T16:36:49.5832480Z G6_RECEIPT {"argv": ["lake", "env", "lean", "--trust=0", "-j1", "-M4096", "-o", "/home/runner/work/_temp/g6-cloud-build/.lake/build/lib/lean/SourceForestKingmanProjection.olean", "/home/runner/work/_temp/g6-cloud-build/Imported/SourceForestKingmanProjection.lean"], "start": "2026-10-07T16:36:47.695827+00:00", "end": "2026-10-07T16:36:49.581608+00:00", "exit": 0, "output_sha256": "855843569cbe38777bb54221148423275400b580a00dfd6ed32803a8c1d11904"}
verify	Verify G6 frozen sources serially	2026-10-07T16:36:49.5837227Z G6_COMMAND {"argv": ["lake", "env", "lean", "--trust=0", "-j1", "-M4096", "-o", "/home/runner/work/_temp/g6-cloud-build/.lake/build/lib/lean/SourceForestKingmanPopulationProjection.olean", "/home/runner/work/_temp/g6-cloud-build/Imported/SourceForestKingmanPopulationProjection.lean"], "cwd": "/home/runner/work/_temp/g6-cloud-build", "start": "2026-10-07T16:36:49.581936+00:00"}
verify	Verify G6 frozen sources serially	2026-10-07T16:36:51.3755340Z /home/runner/work/_temp/g6-cloud-build/Imported/SourceForestKingmanPopulationProjection.lean:27:0: warning: automatically included section variable(s) unused in theorem `GProgram.SourceForestKingmanPopulationProjection.populationRoots_subset_live`:
verify	Verify G6 frozen sources serially	2026-10-07T16:36:51.3756762Z   [Fintype V]
verify	Verify G6 frozen sources serially	2026-10-07T16:36:51.3756970Z   [Fintype E]
verify	Verify G6 frozen sources serially	2026-10-07T16:36:51.3757158Z   [Fintype Copy]
verify	Verify G6 frozen sources serially	2026-10-07T16:36:51.3757617Z consider restructuring your `variable` declarations so that the variables are not in scope or explicitly omit them:
verify	Verify G6 frozen sources serially	2026-10-07T16:36:51.3758201Z   omit [Fintype V] [Fintype E] [Fintype Copy] in theorem ...
verify	Verify G6 frozen sources serially	2026-10-07T16:36:51.3758443Z 
verify	Verify G6 frozen sources serially	2026-10-07T16:36:51.3758671Z Note: This linter can be disabled with `set_option linter.unusedSectionVars false`
verify	Verify G6 frozen sources serially	2026-10-07T16:36:51.3759875Z /home/runner/work/_temp/g6-cloud-build/Imported/SourceForestKingmanPopulationProjection.lean:32:0: warning: automatically included section variable(s) unused in theorem `GProgram.SourceForestKingmanPopulationProjection.population_pair_is_source_legal`:
verify	Verify G6 frozen sources serially	2026-10-07T16:36:51.3761472Z   [Fintype V]
verify	Verify G6 frozen sources serially	2026-10-07T16:36:51.3761662Z   [Fintype E]
verify	Verify G6 frozen sources serially	2026-10-07T16:36:51.3761844Z   [Fintype Copy]
verify	Verify G6 frozen sources serially	2026-10-07T16:36:51.3762289Z consider restructuring your `variable` declarations so that the variables are not in scope or explicitly omit them:
verify	Verify G6 frozen sources serially	2026-10-07T16:36:51.3762868Z   omit [Fintype V] [Fintype E] [Fintype Copy] in theorem ...
verify	Verify G6 frozen sources serially	2026-10-07T16:36:51.3763107Z 
verify	Verify G6 frozen sources serially	2026-10-07T16:36:51.3763324Z Note: This linter can be disabled with `set_option linter.unusedSectionVars false`
verify	Verify G6 frozen sources serially	2026-10-07T16:36:51.3764054Z 'GProgram.SourceForestKingmanPopulationProjection.edge_projected_pair_has_unique_legal_preimage' depends on axioms: [propext,
verify	Verify G6 frozen sources serially	2026-10-07T16:36:51.3764639Z  Classical.choice,
verify	Verify G6 frozen sources serially	2026-10-07T16:36:51.3764842Z  Quot.sound]
verify	Verify G6 frozen sources serially	2026-10-07T16:36:51.3765372Z 'GProgram.SourceForestKingmanPopulationProjection.root_projected_pair_has_unique_legal_preimage' depends on axioms: [propext,
verify	Verify G6 frozen sources serially	2026-10-07T16:36:51.3766145Z  Classical.choice,
verify	Verify G6 frozen sources serially	2026-10-07T16:36:51.3766341Z  Quot.sound]
verify	Verify G6 frozen sources serially	2026-10-07T16:36:51.3766867Z 'GProgram.SourceForestKingmanPopulationProjection.actual_population_visible_generator_identity' depends on axioms: [propext,
verify	Verify G6 frozen sources serially	2026-10-07T16:36:51.3767451Z  Classical.choice,
verify	Verify G6 frozen sources serially	2026-10-07T16:36:51.3767640Z  Quot.sound]
verify	Verify G6 frozen sources serially	2026-10-07T16:36:51.3769212Z G6_RECEIPT {"argv": ["lake", "env", "lean", "--trust=0", "-j1", "-M4096", "-o", "/home/runner/work/_temp/g6-cloud-build/.lake/build/lib/lean/SourceForestKingmanPopulationProjection.olean", "/home/runner/work/_temp/g6-cloud-build/Imported/SourceForestKingmanPopulationProjection.lean"], "start": "2026-10-07T16:36:49.581936+00:00", "end": "2026-10-07T16:36:51.373261+00:00", "exit": 0, "output_sha256": "6a4ccf778e6523c1961b260dba053422caa41e2889a0a3f7fcb7c8dea5ab0805"}
verify	Verify G6 frozen sources serially	2026-10-07T16:36:51.3772163Z G6_COMMAND {"argv": ["lake", "env", "lean", "--trust=0", "-j1", "-M4096", "-o", "/home/runner/work/_temp/g6-cloud-build/.lake/build/lib/lean/UnifiedLean/Source/SourceForestSilentPruning.olean", "/home/runner/work/_temp/g6-cloud-build/UnifiedLean/Source/SourceForestSilentPruning.lean"], "cwd": "/home/runner/work/_temp/g6-cloud-build", "start": "2026-10-07T16:36:51.373591+00:00"}
verify	Verify G6 frozen sources serially	2026-10-07T16:36:53.3117554Z /home/runner/work/_temp/g6-cloud-build/UnifiedLean/Source/SourceForestSilentPruning.lean:21:0: warning: automatically included section variable(s) unused in theorem `UnifiedLean.Source.SourceForestSilentPruning.genealogy_leaves_nonempty`:
verify	Verify G6 frozen sources serially	2026-10-07T16:36:53.3118678Z   [Fintype Copy]
verify	Verify G6 frozen sources serially	2026-10-07T16:36:53.3119150Z consider restructuring your `variable` declarations so that the variables are not in scope or explicitly omit them:
verify	Verify G6 frozen sources serially	2026-10-07T16:36:53.3119685Z   omit [Fintype Copy] in theorem ...
verify	Verify G6 frozen sources serially	2026-10-07T16:36:53.3119858Z 
verify	Verify G6 frozen sources serially	2026-10-07T16:36:53.3120085Z Note: This linter can be disabled with `set_option linter.unusedSectionVars false`
verify	Verify G6 frozen sources serially	2026-10-07T16:36:53.3122258Z /home/runner/work/_temp/g6-cloud-build/UnifiedLean/Source/SourceForestSilentPruning.lean:60:0: warning: automatically included section variable(s) unused in theorem `UnifiedLean.Source.SourceForestSilentPruning.selected_label_not_in_invisible_operand`:
verify	Verify G6 frozen sources serially	2026-10-07T16:36:53.3123484Z   [DecidableEq V]
verify	Verify G6 frozen sources serially	2026-10-07T16:36:53.3123757Z   [DecidableEq E]
verify	Verify G6 frozen sources serially	2026-10-07T16:36:53.3124009Z   [Fintype V]
verify	Verify G6 frozen sources serially	2026-10-07T16:36:53.3124320Z   [Fintype E]
verify	Verify G6 frozen sources serially	2026-10-07T16:36:53.3125105Z consider restructuring your `variable` declarations so that the variables are not in scope or explicitly omit them:
verify	Verify G6 frozen sources serially	2026-10-07T16:36:53.3126309Z   omit [DecidableEq V] [DecidableEq E] [Fintype V] [Fintype E] in theorem ...
verify	Verify G6 frozen sources serially	2026-10-07T16:36:53.3126806Z 
verify	Verify G6 frozen sources serially	2026-10-07T16:36:53.3127194Z Note: This linter can be disabled with `set_option linter.unusedSectionVars false`
verify	Verify G6 frozen sources serially	2026-10-07T16:36:53.3129256Z /home/runner/work/_temp/g6-cloud-build/UnifiedLean/Source/SourceForestSilentPruning.lean:73:0: warning: automatically included section variable(s) unused in theorem `UnifiedLean.Source.SourceForestSilentPruning.invisible_operand_iff_pruned_none`:
verify	Verify G6 frozen sources serially	2026-10-07T16:36:53.3131697Z   [DecidableEq V]
verify	Verify G6 frozen sources serially	2026-10-07T16:36:53.3132055Z   [DecidableEq E]
verify	Verify G6 frozen sources serially	2026-10-07T16:36:53.3132382Z   [Fintype V]
verify	Verify G6 frozen sources serially	2026-10-07T16:36:53.3132704Z   [Fintype E]
verify	Verify G6 frozen sources serially	2026-10-07T16:36:53.3133478Z consider restructuring your `variable` declarations so that the variables are not in scope or explicitly omit them:
verify	Verify G6 frozen sources serially	2026-10-07T16:36:53.3134580Z   omit [DecidableEq V] [DecidableEq E] [Fintype V] [Fintype E] in theorem ...
verify	Verify G6 frozen sources serially	2026-10-07T16:36:53.3135081Z 
verify	Verify G6 frozen sources serially	2026-10-07T16:36:53.3135458Z Note: This linter can be disabled with `set_option linter.unusedSectionVars false`
verify	Verify G6 frozen sources serially	2026-10-07T16:36:53.3136770Z /home/runner/work/_temp/g6-cloud-build/UnifiedLean/Source/SourceForestSilentPruning.lean:95:25: warning: This simp argument is unused:
verify	Verify G6 frozen sources serially	2026-10-07T16:36:53.3137832Z   if_neg hxb
verify	Verify G6 frozen sources serially	2026-10-07T16:36:53.3138032Z 
verify	Verify G6 frozen sources serially	2026-10-07T16:36:53.3138209Z Hint: Omit it from the simp argument list.
verify	Verify G6 frozen sources serially	2026-10-07T16:36:53.3138778Z   [apply] simp only [merge, hxa, if_true, Genealogy.prune]
verify	Verify G6 frozen sources serially	2026-10-07T16:36:53.3139183Z 
verify	Verify G6 frozen sources serially	2026-10-07T16:36:53.3139560Z Note: This linter can be disabled with `set_option linter.unusedSimpArgs false`
verify	Verify G6 frozen sources serially	2026-10-07T16:36:53.3141262Z /home/runner/work/_temp/g6-cloud-build/UnifiedLean/Source/SourceForestSilentPruning.lean:95:40: warning: This simp argument is unused:
verify	Verify G6 frozen sources serially	2026-10-07T16:36:53.3142270Z   if_true
verify	Verify G6 frozen sources serially	2026-10-07T16:36:53.3142430Z 
verify	Verify G6 frozen sources serially	2026-10-07T16:36:53.3142599Z Hint: Omit it from the simp argument list.
verify	Verify G6 frozen sources serially	2026-10-07T16:36:53.3143140Z   [apply] simp only [merge, if_neg hxb, hxa, Genealogy.prune]
verify	Verify G6 frozen sources serially	2026-10-07T16:36:53.3143535Z 
verify	Verify G6 frozen sources serially	2026-10-07T16:36:53.3143865Z Note: This linter can be disabled with `set_option linter.unusedSimpArgs false`
verify	Verify G6 frozen sources serially	2026-10-07T16:36:53.3145062Z /home/runner/work/_temp/g6-cloud-build/UnifiedLean/Source/SourceForestSilentPruning.lean:95:48: warning: This simp argument is unused:
verify	Verify G6 frozen sources serially	2026-10-07T16:36:53.3146070Z   Genealogy.prune
verify	Verify G6 frozen sources serially	2026-10-07T16:36:53.3146264Z 
verify	Verify G6 frozen sources serially	2026-10-07T16:36:53.3146431Z Hint: Omit it from the simp argument list.
verify	Verify G6 frozen sources serially	2026-10-07T16:36:53.3146932Z   [apply] simp only [merge, if_neg hxb, hxa, if_true]
verify	Verify G6 frozen sources serially	2026-10-07T16:36:53.3147292Z 
verify	Verify G6 frozen sources serially	2026-10-07T16:36:53.3147627Z Note: This linter can be disabled with `set_option linter.unusedSimpArgs false`
verify	Verify G6 frozen sources serially	2026-10-07T16:36:53.3149563Z /home/runner/work/_temp/g6-cloud-build/UnifiedLean/Source/SourceForestSilentPruning.lean:103:0: warning: automatically included section variable(s) unused in theorem `UnifiedLean.Source.SourceForestSilentPruning.selectedLocation_merge_unchanged`:
verify	Verify G6 frozen sources serially	2026-10-07T16:36:53.3151506Z   [DecidableEq E]
verify	Verify G6 frozen sources serially	2026-10-07T16:36:53.3152260Z consider restructuring your `variable` declarations so that the variables are not in scope or explicitly omit them:
verify	Verify G6 frozen sources serially	2026-10-07T16:36:53.3153156Z   omit [DecidableEq E] in theorem ...
verify	Verify G6 frozen sources serially	2026-10-07T16:36:53.3153433Z 
verify	Verify G6 frozen sources serially	2026-10-07T16:36:53.3153791Z Note: This linter can be disabled with `set_option linter.unusedSectionVars false`
verify	Verify G6 frozen sources serially	2026-10-07T16:36:53.3154843Z 'UnifiedLean.Source.SourceForestSilentPruning.prune_none_iff_no_selected_leaves' depends on axioms: [propext,
verify	Verify G6 frozen sources serially	2026-10-07T16:36:53.3155730Z  Classical.choice,
verify	Verify G6 frozen sources serially	2026-10-07T16:36:53.3156047Z  Quot.sound]
verify	Verify G6 frozen sources serially	2026-10-07T16:36:53.3156865Z 'UnifiedLean.Source.SourceForestSilentPruning.selected_label_not_in_invisible_operand' depends on axioms: [propext,
verify	Verify G6 frozen sources serially	2026-10-07T16:36:53.3157811Z  Classical.choice,
verify	Verify G6 frozen sources serially	2026-10-07T16:36:53.3158122Z  Quot.sound]
verify	Verify G6 frozen sources serially	2026-10-07T16:36:53.3158902Z 'UnifiedLean.Source.SourceForestSilentPruning.invisible_operand_iff_pruned_none' depends on axioms: [propext,
verify	Verify G6 frozen sources serially	2026-10-07T16:36:53.3159856Z  Classical.choice,
verify	Verify G6 frozen sources serially	2026-10-07T16:36:53.3160356Z  Quot.sound]
verify	Verify G6 frozen sources serially	2026-10-07T16:36:53.3161173Z 'UnifiedLean.Source.SourceForestSilentPruning.selectedGenealogy_merge_silent' depends on axioms: [propext,
verify	Verify G6 frozen sources serially	2026-10-07T16:36:53.3162214Z  Classical.choice,
verify	Verify G6 frozen sources serially	2026-10-07T16:36:53.3162570Z  Quot.sound]
verify	Verify G6 frozen sources serially	2026-10-07T16:36:53.3163404Z 'UnifiedLean.Source.SourceForestSilentPruning.selectedLocation_merge_unchanged' depends on axioms: [propext,
verify	Verify G6 frozen sources serially	2026-10-07T16:36:53.3164366Z  Classical.choice,
verify	Verify G6 frozen sources serially	2026-10-07T16:36:53.3164698Z  Quot.sound]
verify	Verify G6 frozen sources serially	2026-10-07T16:36:53.3165470Z 'UnifiedLean.Source.SourceForestSilentPruning.selectedView_merge_silent' depends on axioms: [propext,
verify	Verify G6 frozen sources serially	2026-10-07T16:36:53.3166605Z  Classical.choice,
verify	Verify G6 frozen sources serially	2026-10-07T16:36:53.3166951Z  Quot.sound]
verify	Verify G6 frozen sources serially	2026-10-07T16:36:53.3167824Z 'UnifiedLean.Source.SourceForestSilentPruning.silent_merger_readout_increment_zero' depends on axioms: [propext,
verify	Verify G6 frozen sources serially	2026-10-07T16:36:53.3168793Z  Classical.choice,
verify	Verify G6 frozen sources serially	2026-10-07T16:36:53.3169127Z  Quot.sound]
verify	Verify G6 frozen sources serially	2026-10-07T16:36:53.3172056Z G6_RECEIPT {"argv": ["lake", "env", "lean", "--trust=0", "-j1", "-M4096", "-o", "/home/runner/work/_temp/g6-cloud-build/.lake/build/lib/lean/UnifiedLean/Source/SourceForestSilentPruning.olean", "/home/runner/work/_temp/g6-cloud-build/UnifiedLean/Source/SourceForestSilentPruning.lean"], "start": "2026-10-07T16:36:51.373591+00:00", "end": "2026-10-07T16:36:53.311543+00:00", "exit": 0, "output_sha256": "adfc8b82f9b633ac6e3a452cc1a196be3b5851497f2bb3303b17c4772cb602ba"}
verify	Verify G6 frozen sources serially	2026-10-07T16:36:53.3176803Z G6_COMMAND {"argv": ["lake", "env", "lean", "--trust=0", "-j1", "-M4096", "-o", "/home/runner/work/_temp/g6-cloud-build/.lake/build/lib/lean/UnifiedLean/Source/FiniteGenealogyEncoding.olean", "/home/runner/work/_temp/g6-cloud-build/UnifiedLean/Source/FiniteGenealogyEncoding.lean"], "cwd": "/home/runner/work/_temp/g6-cloud-build", "start": "2026-10-07T16:36:53.311954+00:00"}
verify	Verify G6 frozen sources serially	2026-10-07T16:36:55.4379449Z /home/runner/work/_temp/g6-cloud-build/UnifiedLean/Source/FiniteGenealogyEncoding.lean:38:4: warning: Variable name `n` is not explicitly referenced.
verify	Verify G6 frozen sources serially	2026-10-07T16:36:55.4380124Z 
verify	Verify G6 frozen sources serially	2026-10-07T16:36:55.4380781Z Hint: The binding can be removed (if unused) or named `_` (if used implicitly). Alternatively, prefix the name with `_` to silence this warning:
verify	Verify G6 frozen sources serially	2026-10-07T16:36:55.4381377Z   [apply] _n
verify	Verify G6 frozen sources serially	2026-10-07T16:36:55.4381491Z 
verify	Verify G6 frozen sources serially	2026-10-07T16:36:55.4381708Z Note: This linter can be disabled with `set_option linter.unusedVariables false`
verify	Verify G6 frozen sources serially	2026-10-07T16:36:55.4382768Z /home/runner/work/_temp/g6-cloud-build/UnifiedLean/Source/FiniteGenealogyEncoding.lean:49:0: warning: automatically included section variable(s) unused in theorem `UnifiedLean.Source.FiniteGenealogyEncoding.decode_encode`:
verify	Verify G6 frozen sources serially	2026-10-07T16:36:55.4383719Z   [DecidableEq Copy]
verify	Verify G6 frozen sources serially	2026-10-07T16:36:55.4383928Z   [Fintype Copy]
verify	Verify G6 frozen sources serially	2026-10-07T16:36:55.4384707Z consider restructuring your `variable` declarations so that the variables are not in scope or explicitly omit them:
verify	Verify G6 frozen sources serially	2026-10-07T16:36:55.4385594Z   omit [DecidableEq Copy] [Fintype Copy] in theorem ...
verify	Verify G6 frozen sources serially	2026-10-07T16:36:55.4385911Z 
verify	Verify G6 frozen sources serially	2026-10-07T16:36:55.4386272Z Note: This linter can be disabled with `set_option linter.unusedSectionVars false`
verify	Verify G6 frozen sources serially	2026-10-07T16:36:55.4388329Z /home/runner/work/_temp/g6-cloud-build/UnifiedLean/Source/FiniteGenealogyEncoding.lean:76:0: warning: automatically included section variable(s) unused in theorem `UnifiedLean.Source.FiniteGenealogyEncoding.wellLabelled_height_lt_leaves`:
verify	Verify G6 frozen sources serially	2026-10-07T16:36:55.4390131Z   [Fintype Copy]
verify	Verify G6 frozen sources serially	2026-10-07T16:36:55.4391148Z consider restructuring your `variable` declarations so that the variables are not in scope or explicitly omit them:
verify	Verify G6 frozen sources serially	2026-10-07T16:36:55.4392055Z   omit [Fintype Copy] in theorem ...
verify	Verify G6 frozen sources serially	2026-10-07T16:36:55.4392368Z 
verify	Verify G6 frozen sources serially	2026-10-07T16:36:55.4392731Z Note: This linter can be disabled with `set_option linter.unusedSectionVars false`
verify	Verify G6 frozen sources serially	2026-10-07T16:36:55.4393891Z 'UnifiedLean.Source.FiniteGenealogyEncoding.decode_encode' depends on axioms: [propext, Classical.choice, Quot.sound]
verify	Verify G6 frozen sources serially	2026-10-07T16:36:55.4395278Z 'UnifiedLean.Source.FiniteGenealogyEncoding.wellLabelled_height_lt_leaves' depends on axioms: [propext,
verify	Verify G6 frozen sources serially	2026-10-07T16:36:55.4396154Z  Classical.choice,
verify	Verify G6 frozen sources serially	2026-10-07T16:36:55.4396472Z  Quot.sound]
verify	Verify G6 frozen sources serially	2026-10-07T16:36:55.4397246Z 'UnifiedLean.Source.FiniteGenealogyEncoding.wellLabelled_height_below_copy_cap' depends on axioms: [propext,
verify	Verify G6 frozen sources serially	2026-10-07T16:36:55.4398150Z  Classical.choice,
verify	Verify G6 frozen sources serially	2026-10-07T16:36:55.4398466Z  Quot.sound]
verify	Verify G6 frozen sources serially	2026-10-07T16:36:55.4399188Z 'UnifiedLean.Source.FiniteGenealogyEncoding.liveGenealogyCode_decodes' depends on axioms: [propext,
verify	Verify G6 frozen sources serially	2026-10-07T16:36:55.4400041Z  Classical.choice,
verify	Verify G6 frozen sources serially	2026-10-07T16:36:55.4400743Z  Quot.sound]
verify	Verify G6 frozen sources serially	2026-10-07T16:36:55.4403358Z G6_RECEIPT {"argv": ["lake", "env", "lean", "--trust=0", "-j1", "-M4096", "-o", "/home/runner/work/_temp/g6-cloud-build/.lake/build/lib/lean/UnifiedLean/Source/FiniteGenealogyEncoding.olean", "/home/runner/work/_temp/g6-cloud-build/UnifiedLean/Source/FiniteGenealogyEncoding.lean"], "start": "2026-10-07T16:36:53.311954+00:00", "end": "2026-10-07T16:36:55.437791+00:00", "exit": 0, "output_sha256": "7381e57ae68117499d0e8f1416d2cdcc4df8bf51d261f2c1b5c8c57745663af4"}
verify	Verify G6 frozen sources serially	2026-10-07T16:36:55.4408222Z G6_COMMAND {"argv": ["lake", "env", "lean", "--trust=0", "-j1", "-M4096", "-o", "/home/runner/work/_temp/g6-cloud-build/.lake/build/lib/lean/UnifiedLean/Source/FiniteSourceSnapshot.olean", "/home/runner/work/_temp/g6-cloud-build/UnifiedLean/Source/FiniteSourceSnapshot.lean"], "cwd": "/home/runner/work/_temp/g6-cloud-build", "start": "2026-10-07T16:36:55.438195+00:00"}
verify	Verify G6 frozen sources serially	2026-10-07T16:36:57.4639042Z /home/runner/work/_temp/g6-cloud-build/UnifiedLean/Source/FiniteSourceSnapshot.lean:52:11: warning: Variable name `s` is not explicitly referenced.
verify	Verify G6 frozen sources serially	2026-10-07T16:36:57.4640160Z 
verify	Verify G6 frozen sources serially	2026-10-07T16:36:57.4641349Z Hint: The binding can be removed (if unused) or named `_` (if used implicitly). Alternatively, prefix the name with `_` to silence this warning:
verify	Verify G6 frozen sources serially	2026-10-07T16:36:57.4642354Z   [apply] _s
verify	Verify G6 frozen sources serially	2026-10-07T16:36:57.4642543Z 
verify	Verify G6 frozen sources serially	2026-10-07T16:36:57.4642896Z Note: This linter can be disabled with `set_option linter.unusedVariables false`
verify	Verify G6 frozen sources serially	2026-10-07T16:36:57.4644221Z /home/runner/work/_temp/g6-cloud-build/UnifiedLean/Source/FiniteSourceSnapshot.lean:53:12: warning: Variable name `s` is not explicitly referenced.
verify	Verify G6 frozen sources serially	2026-10-07T16:36:57.4645187Z 
verify	Verify G6 frozen sources serially	2026-10-07T16:36:57.4645879Z Hint: The binding can be removed (if unused) or named `_` (if used implicitly). Alternatively, prefix the name with `_` to silence this warning:
verify	Verify G6 frozen sources serially	2026-10-07T16:36:57.4646852Z   [apply] _s
verify	Verify G6 frozen sources serially	2026-10-07T16:36:57.4647040Z 
verify	Verify G6 frozen sources serially	2026-10-07T16:36:57.4647391Z Note: This linter can be disabled with `set_option linter.unusedVariables false`
verify	Verify G6 frozen sources serially	2026-10-07T16:36:57.4648881Z /home/runner/work/_temp/g6-cloud-build/UnifiedLean/Source/FiniteSourceSnapshot.lean:79:0: warning: automatically included section variable(s) unused in theorem `UnifiedLean.Source.FiniteSourceSnapshot.decode_encode_live_genealogy`:
verify	Verify G6 frozen sources serially	2026-10-07T16:36:57.4649907Z   [DecidableEq V]
verify	Verify G6 frozen sources serially	2026-10-07T16:36:57.4650117Z   [DecidableEq E]
verify	Verify G6 frozen sources serially	2026-10-07T16:36:57.4650789Z   [Fintype V]
verify	Verify G6 frozen sources serially	2026-10-07T16:36:57.4651108Z   [Fintype E]
verify	Verify G6 frozen sources serially	2026-10-07T16:36:57.4651409Z   [Fintype Copy]
verify	Verify G6 frozen sources serially	2026-10-07T16:36:57.4651926Z consider restructuring your `variable` declarations so that the variables are not in scope or explicitly omit them:
verify	Verify G6 frozen sources serially	2026-10-07T16:36:57.4652606Z   omit [DecidableEq V] [DecidableEq E] [Fintype V] [Fintype E] [Fintype Copy] in theorem ...
verify	Verify G6 frozen sources serially	2026-10-07T16:36:57.4652949Z 
verify	Verify G6 frozen sources serially	2026-10-07T16:36:57.4653174Z Note: This linter can be disabled with `set_option linter.unusedSectionVars false`
verify	Verify G6 frozen sources serially	2026-10-07T16:36:57.4654255Z /home/runner/work/_temp/g6-cloud-build/UnifiedLean/Source/FiniteSourceSnapshot.lean:84:0: warning: automatically included section variable(s) unused in theorem `UnifiedLean.Source.FiniteSourceSnapshot.decode_encode_live_population`:
verify	Verify G6 frozen sources serially	2026-10-07T16:36:57.4655247Z   [DecidableEq V]
verify	Verify G6 frozen sources serially	2026-10-07T16:36:57.4655439Z   [DecidableEq E]
verify	Verify G6 frozen sources serially	2026-10-07T16:36:57.4655625Z   [Fintype V]
verify	Verify G6 frozen sources serially	2026-10-07T16:36:57.4655804Z   [Fintype E]
verify	Verify G6 frozen sources serially	2026-10-07T16:36:57.4655981Z   [Fintype Copy]
verify	Verify G6 frozen sources serially	2026-10-07T16:36:57.4656421Z consider restructuring your `variable` declarations so that the variables are not in scope or explicitly omit them:
verify	Verify G6 frozen sources serially	2026-10-07T16:36:57.4657080Z   omit [DecidableEq V] [DecidableEq E] [Fintype V] [Fintype E] [Fintype Copy] in theorem ...
verify	Verify G6 frozen sources serially	2026-10-07T16:36:57.4657419Z 
verify	Verify G6 frozen sources serially	2026-10-07T16:36:57.4657630Z Note: This linter can be disabled with `set_option linter.unusedSectionVars false`
verify	Verify G6 frozen sources serially	2026-10-07T16:36:57.4658323Z 'UnifiedLean.Source.FiniteSourceSnapshot.decode_encode_valid' depends on axioms: [propext, Classical.choice, Quot.sound]
verify	Verify G6 frozen sources serially	2026-10-07T16:36:57.4659092Z 'UnifiedLean.Source.FiniteSourceSnapshot.decode_encode_sourceValid' depends on axioms: [propext,
verify	Verify G6 frozen sources serially	2026-10-07T16:36:57.4659567Z  Classical.choice,
verify	Verify G6 frozen sources serially	2026-10-07T16:36:57.4659960Z  Quot.sound]
verify	Verify G6 frozen sources serially	2026-10-07T16:36:57.4660745Z 'UnifiedLean.Source.FiniteSourceSnapshot.decode_encode_selectedView' depends on axioms: [propext,
verify	Verify G6 frozen sources serially	2026-10-07T16:36:57.4661248Z  Classical.choice,
verify	Verify G6 frozen sources serially	2026-10-07T16:36:57.4661447Z  Quot.sound]
verify	Verify G6 frozen sources serially	2026-10-07T16:36:57.4661876Z 'UnifiedLean.Source.FiniteSourceSnapshot.admittedSnapshotFintype' depends on axioms: [propext,
verify	Verify G6 frozen sources serially	2026-10-07T16:36:57.4662365Z  Classical.choice,
verify	Verify G6 frozen sources serially	2026-10-07T16:36:57.4662559Z  Quot.sound]
verify	Verify G6 frozen sources serially	2026-10-07T16:36:57.4664060Z G6_RECEIPT {"argv": ["lake", "env", "lean", "--trust=0", "-j1", "-M4096", "-o", "/home/runner/work/_temp/g6-cloud-build/.lake/build/lib/lean/UnifiedLean/Source/FiniteSourceSnapshot.olean", "/home/runner/work/_temp/g6-cloud-build/UnifiedLean/Source/FiniteSourceSnapshot.lean"], "start": "2026-10-07T16:36:55.438195+00:00", "end": "2026-10-07T16:36:57.463720+00:00", "exit": 0, "output_sha256": "7c69d6cb19a196df8084b1f9d00754f60ea82a9e10e00ddfd147f36fd9732095"}
verify	Verify G6 frozen sources serially	2026-10-07T16:36:57.4666437Z G6_COMMAND {"argv": ["lake", "env", "lean", "--trust=0", "-j1", "-M4096", "-o", "/home/runner/work/_temp/g6-cloud-build/.lake/build/lib/lean/GraphLeaves.olean", "/home/runner/work/_temp/g6-cloud-build/Imported/GraphLeaves.lean"], "cwd": "/home/runner/work/_temp/g6-cloud-build", "start": "2026-10-07T16:36:57.464148+00:00"}
verify	Verify G6 frozen sources serially	2026-10-07T16:36:59.0595875Z /home/runner/work/_temp/g6-cloud-build/Imported/GraphLeaves.lean:52:2: warning: Try this: 
verify	Verify G6 frozen sources serially	2026-10-07T16:36:59.0597130Z   haveI̵
verify	Verify G6 frozen sources serially	2026-10-07T16:36:59.0597280Z 
verify	Verify G6 frozen sources serially	2026-10-07T16:36:59.0597473Z The goal is a proposition, so `have` is preferred over `haveI`.
verify	Verify G6 frozen sources serially	2026-10-07T16:36:59.0598036Z The difference between `have` and `haveI` is that `haveI` inlines the value.
verify	Verify G6 frozen sources serially	2026-10-07T16:36:59.0598821Z But this is not relevant for proofs because of proof irrelevance.
verify	Verify G6 frozen sources serially	2026-10-07T16:36:59.0599215Z 
verify	Verify G6 frozen sources serially	2026-10-07T16:36:59.0599441Z Note: This linter can be disabled with `set_option linter.style.haveILetI false`
verify	Verify G6 frozen sources serially	2026-10-07T16:36:59.0600014Z /home/runner/work/_temp/g6-cloud-build/Imported/GraphLeaves.lean:53:2: warning: Try this: 
verify	Verify G6 frozen sources serially	2026-10-07T16:36:59.0601018Z   haveI̵
verify	Verify G6 frozen sources serially	2026-10-07T16:36:59.0601196Z 
verify	Verify G6 frozen sources serially	2026-10-07T16:36:59.0601452Z The goal is a proposition, so `have` is preferred over `haveI`.
verify	Verify G6 frozen sources serially	2026-10-07T16:36:59.0602194Z The difference between `have` and `haveI` is that `haveI` inlines the value.
verify	Verify G6 frozen sources serially	2026-10-07T16:36:59.0602959Z But this is not relevant for proofs because of proof irrelevance.
verify	Verify G6 frozen sources serially	2026-10-07T16:36:59.0603392Z 
verify	Verify G6 frozen sources serially	2026-10-07T16:36:59.0603742Z Note: This linter can be disabled with `set_option linter.style.haveILetI false`
verify	Verify G6 frozen sources serially	2026-10-07T16:36:59.0604814Z 'Nanuq.Source.RootedBinary.every_vertex_reaches_leaf' depends on axioms: [propext, Classical.choice, Quot.sound]
verify	Verify G6 frozen sources serially	2026-10-07T16:36:59.0606190Z 'Nanuq.Source.RootedBinary.forward_closed_contains_leaf' depends on axioms: [propext, Classical.choice, Quot.sound]
verify	Verify G6 frozen sources serially	2026-10-07T16:36:59.0607565Z 'Nanuq.Source.RootedBinary.exists_leaf_avoiding_of_ne_root' depends on axioms: [propext, Classical.choice, Quot.sound]
verify	Verify G6 frozen sources serially	2026-10-07T16:36:59.0610633Z G6_RECEIPT {"argv": ["lake", "env", "lean", "--trust=0", "-j1", "-M4096", "-o", "/home/runner/work/_temp/g6-cloud-build/.lake/build/lib/lean/GraphLeaves.olean", "/home/runner/work/_temp/g6-cloud-build/Imported/GraphLeaves.lean"], "start": "2026-10-07T16:36:57.464148+00:00", "end": "2026-10-07T16:36:59.059420+00:00", "exit": 0, "output_sha256": "5adc7ce31ed7f42e8e6c4f26cfd28d0d1f17ad137dc910ceb4bda2f50012c986"}
verify	Verify G6 frozen sources serially	2026-10-07T16:36:59.0614514Z G6_COMMAND {"argv": ["lake", "env", "lean", "--trust=0", "-j1", "-M4096", "-o", "/home/runner/work/_temp/g6-cloud-build/.lake/build/lib/lean/GraphCuts.olean", "/home/runner/work/_temp/g6-cloud-build/Imported/GraphCuts.lean"], "cwd": "/home/runner/work/_temp/g6-cloud-build", "start": "2026-10-07T16:36:59.059744+00:00"}
verify	Verify G6 frozen sources serially	2026-10-07T16:37:00.6792429Z 'Nanuq.Source.EdgeGraph.edge_side_cover' depends on axioms: [propext, Classical.choice, Quot.sound]
verify	Verify G6 frozen sources serially	2026-10-07T16:37:00.6793156Z 'Nanuq.Source.EdgeGraph.bridge_sides_disjoint' does not depend on any axioms
verify	Verify G6 frozen sources serially	2026-10-07T16:37:00.6793960Z 'Nanuq.Source.RootedBinary.bridge_both_sides_contain_taxa' depends on axioms: [propext, Classical.choice, Quot.sound]
verify	Verify G6 frozen sources serially	2026-10-07T16:37:00.6796958Z G6_RECEIPT {"argv": ["lake", "env", "lean", "--trust=0", "-j1", "-M4096", "-o", "/home/runner/work/_temp/g6-cloud-build/.lake/build/lib/lean/GraphCuts.olean", "/home/runner/work/_temp/g6-cloud-build/Imported/GraphCuts.lean"], "start": "2026-10-07T16:36:59.059744+00:00", "end": "2026-10-07T16:37:00.679101+00:00", "exit": 0, "output_sha256": "8308918b1d25a64ccaaa7ba648f875a6542b15a64c4c3240c366708243424b3c"}
verify	Verify G6 frozen sources serially	2026-10-07T16:37:00.6799739Z G6_COMMAND {"argv": ["lake", "env", "lean", "--trust=0", "-j1", "-M4096", "-o", "/home/runner/work/_temp/g6-cloud-build/.lake/build/lib/lean/G5BridgeBarrier.olean", "/home/runner/work/_temp/g6-cloud-build/Imported/G5BridgeBarrier.lean"], "cwd": "/home/runner/work/_temp/g6-cloud-build", "start": "2026-10-07T16:37:00.679459+00:00"}
verify	Verify G6 frozen sources serially	2026-10-07T16:37:02.2452822Z 'GProgram.G5.bridge_target_component_iff_descendant' depends on axioms: [propext, Classical.choice, Quot.sound]
verify	Verify G6 frozen sources serially	2026-10-07T16:37:02.2454220Z 'GProgram.G5.unique_child_edge' depends on axioms: [propext, Classical.choice, Quot.sound]
verify	Verify G6 frozen sources serially	2026-10-07T16:37:02.2455755Z 'GProgram.G5.descendant_via_unique_child' depends on axioms: [propext, Classical.choice, Quot.sound]
verify	Verify G6 frozen sources serially	2026-10-07T16:37:02.2456939Z 'GProgram.G5.hybrid_descendant_component' depends on axioms: [propext, Classical.choice, Quot.sound]
verify	Verify G6 frozen sources serially	2026-10-07T16:37:02.2459797Z G6_RECEIPT {"argv": ["lake", "env", "lean", "--trust=0", "-j1", "-M4096", "-o", "/home/runner/work/_temp/g6-cloud-build/.lake/build/lib/lean/G5BridgeBarrier.olean", "/home/runner/work/_temp/g6-cloud-build/Imported/G5BridgeBarrier.lean"], "start": "2026-10-07T16:37:00.679459+00:00", "end": "2026-10-07T16:37:02.245052+00:00", "exit": 0, "output_sha256": "b671ebf40ba6db3a1f68e8fef3ae7a928e9285f8917b828b081fca2110d6a00e"}
verify	Verify G6 frozen sources serially	2026-10-07T16:37:02.2464081Z G6_COMMAND {"argv": ["lake", "env", "lean", "--trust=0", "-j1", "-M4096", "-o", "/home/runner/work/_temp/g6-cloud-build/.lake/build/lib/lean/G5CalendarRoutes.olean", "/home/runner/work/_temp/g6-cloud-build/Imported/G5CalendarRoutes.lean"], "cwd": "/home/runner/work/_temp/g6-cloud-build", "start": "2026-10-07T16:37:02.245404+00:00"}
verify	Verify G6 frozen sources serially	2026-10-07T16:37:04.2671660Z 'GProgram.G5.bridge_mem_every_descendant_route' depends on axioms: [propext, Classical.choice, Quot.sound]
verify	Verify G6 frozen sources serially	2026-10-07T16:37:04.2673231Z 'GProgram.G5.original_tip_route_exists' depends on axioms: [propext, Classical.choice, Quot.sound]
verify	Verify G6 frozen sources serially	2026-10-07T16:37:04.2674582Z 'GProgram.G5.EdgePath.active_unique' depends on axioms: [propext, Classical.choice, Quot.sound]
verify	Verify G6 frozen sources serially	2026-10-07T16:37:04.2675953Z 'GProgram.G5.protective_edge_active_on_every_route' depends on axioms: [propext, Classical.choice, Quot.sound]
verify	Verify G6 frozen sources serially	2026-10-07T16:37:04.2677433Z 'GProgram.G5.protective_edge_absent_on_outside_route' depends on axioms: [propext, Classical.choice, Quot.sound]
verify	Verify G6 frozen sources serially	2026-10-07T16:37:04.2678848Z 'GProgram.G5.protective_interval_nonempty' depends on axioms: [propext, Classical.choice, Quot.sound]
verify	Verify G6 frozen sources serially	2026-10-07T16:37:04.2680429Z 'GProgram.G5.younger_side_open_interval_has_no_first' depends on axioms: [propext, Classical.choice, Quot.sound]
verify	Verify G6 frozen sources serially	2026-10-07T16:37:04.2683656Z G6_RECEIPT {"argv": ["lake", "env", "lean", "--trust=0", "-j1", "-M4096", "-o", "/home/runner/work/_temp/g6-cloud-build/.lake/build/lib/lean/G5CalendarRoutes.olean", "/home/runner/work/_temp/g6-cloud-build/Imported/G5CalendarRoutes.lean"], "start": "2026-10-07T16:37:02.245404+00:00", "end": "2026-10-07T16:37:04.265858+00:00", "exit": 0, "output_sha256": "deece5914567adae242b3d6d4f09f986b4b048e1fa3ca93a3b2762a5b13d79d9"}
verify	Verify G6 frozen sources serially	2026-10-07T16:37:04.2687928Z G6_COMMAND {"argv": ["lake", "env", "lean", "--trust=0", "-j1", "-M4096", "-o", "/home/runner/work/_temp/g6-cloud-build/.lake/build/lib/lean/G5ProtectiveBlock.olean", "/home/runner/work/_temp/g6-cloud-build/Imported/G5ProtectiveBlock.lean"], "cwd": "/home/runner/work/_temp/g6-cloud-build", "start": "2026-10-07T16:37:04.266193+00:00"}
verify	Verify G6 frozen sources serially	2026-10-07T16:37:06.0171284Z 'GProgram.G5.routeFamily_exists' depends on axioms: [propext, Classical.choice, Quot.sound]
verify	Verify G6 frozen sources serially	2026-10-07T16:37:06.0172809Z 'GProgram.G5.protective_population_block_eq' depends on axioms: [propext, Classical.choice, Quot.sound]
verify	Verify G6 frozen sources serially	2026-10-07T16:37:06.0175482Z G6_RECEIPT {"argv": ["lake", "env", "lean", "--trust=0", "-j1", "-M4096", "-o", "/home/runner/work/_temp/g6-cloud-build/.lake/build/lib/lean/G5ProtectiveBlock.olean", "/home/runner/work/_temp/g6-cloud-build/Imported/G5ProtectiveBlock.lean"], "start": "2026-10-07T16:37:04.266193+00:00", "end": "2026-10-07T16:37:06.016945+00:00", "exit": 0, "output_sha256": "1f89009dfa989b98d34ca85cff94dcefdf01ce9f9621688bb55e0c5ff508c4ed"}
verify	Verify G6 frozen sources serially	2026-10-07T16:37:06.0178674Z G6_COMMAND {"argv": ["lake", "env", "lean", "--trust=0", "-j1", "-M4096", "-o", "/home/runner/work/_temp/g6-cloud-build/.lake/build/lib/lean/G5MinimalGraphInterface.olean", "/home/runner/work/_temp/g6-cloud-build/Imported/G5MinimalGraphInterface.lean"], "cwd": "/home/runner/work/_temp/g6-cloud-build", "start": "2026-10-07T16:37:06.017312+00:00"}
verify	Verify G6 frozen sources serially	2026-10-07T16:37:07.5138067Z 'GProgram.G5.Minimal.root_source_side_of_rooted_acyclic' does not depend on any axioms
verify	Verify G6 frozen sources serially	2026-10-07T16:37:07.5139174Z 'GProgram.G5.Minimal.bridge_component_iff_descendant' depends on axioms: [propext, Classical.choice, Quot.sound]
verify	Verify G6 frozen sources serially	2026-10-07T16:37:07.5141799Z G6_RECEIPT {"argv": ["lake", "env", "lean", "--trust=0", "-j1", "-M4096", "-o", "/home/runner/work/_temp/g6-cloud-build/.lake/build/lib/lean/G5MinimalGraphInterface.olean", "/home/runner/work/_temp/g6-cloud-build/Imported/G5MinimalGraphInterface.lean"], "start": "2026-10-07T16:37:06.017312+00:00", "end": "2026-10-07T16:37:07.513661+00:00", "exit": 0, "output_sha256": "02b60e6ba4f33864b0915dc0f64099f4cd3f4ae63ed5e96ed6fa107ae92aa2fa"}
verify	Verify G6 frozen sources serially	2026-10-07T16:37:07.5144348Z G6_COMMAND {"argv": ["lake", "env", "lean", "--trust=0", "-j1", "-M4096", "-o", "/home/runner/work/_temp/g6-cloud-build/.lake/build/lib/lean/G6BridgeCannotEnterHybrid.olean", "/home/runner/work/_temp/g6-cloud-build/Imported/G6BridgeCannotEnterHybrid.lean"], "cwd": "/home/runner/work/_temp/g6-cloud-build", "start": "2026-10-07T16:37:07.513985+00:00"}
verify	Verify G6 frozen sources serially	2026-10-07T16:37:09.1846241Z 'GProgram.G6.BridgeEntry.bridge_targets_injective' depends on axioms: [propext, Classical.choice, Quot.sound]
verify	Verify G6 frozen sources serially	2026-10-07T16:37:09.1847133Z 'GProgram.G6.BridgeEntry.bridge_incoming_unique' depends on axioms: [propext, Classical.choice, Quot.sound]
verify	Verify G6 frozen sources serially	2026-10-07T16:37:09.1847906Z 'GProgram.G6.BridgeEntry.bridge_target_indegree_one' depends on axioms: [propext, Classical.choice, Quot.sound]
verify	Verify G6 frozen sources serially	2026-10-07T16:37:09.1848939Z 'GProgram.G6.BridgeEntry.two_incoming_occurrences_not_bridge' depends on axioms: [propext, Classical.choice, Quot.sound]
verify	Verify G6 frozen sources serially	2026-10-07T16:37:09.1849759Z 'GProgram.G6.BridgeEntry.original_bridge_target_not_hybrid' depends on axioms: [propext, Classical.choice, Quot.sound]
verify	Verify G6 frozen sources serially	2026-10-07T16:37:09.1850846Z 'GProgram.G6.BridgeEntry.original_hybrid_parents_nonbridge' depends on axioms: [propext, Classical.choice, Quot.sound]
verify	Verify G6 frozen sources serially	2026-10-07T16:37:09.1852629Z G6_RECEIPT {"argv": ["lake", "env", "lean", "--trust=0", "-j1", "-M4096", "-o", "/home/runner/work/_temp/g6-cloud-build/.lake/build/lib/lean/G6BridgeCannotEnterHybrid.olean", "/home/runner/work/_temp/g6-cloud-build/Imported/G6BridgeCannotEnterHybrid.lean"], "start": "2026-10-07T16:37:07.513985+00:00", "end": "2026-10-07T16:37:09.184474+00:00", "exit": 0, "output_sha256": "5ca22a54c496ca1b5b5b5d32dc422fe524e5a9f32a6a15512e8bf0d96bdcd054"}
verify	Verify G6 frozen sources serially	2026-10-07T16:37:09.1855130Z G6_COMMAND {"argv": ["lake", "env", "lean", "--trust=0", "-j1", "-M4096", "-o", "/home/runner/work/_temp/g6-cloud-build/.lake/build/lib/lean/G5BridgeComponentEntries.olean", "/home/runner/work/_temp/g6-cloud-build/Imported/G5BridgeComponentEntries.lean"], "cwd": "/home/runner/work/_temp/g6-cloud-build", "start": "2026-10-07T16:37:09.184808+00:00"}
verify	Verify G6 frozen sources serially	2026-10-07T16:37:10.8419503Z 'GProgram.G5.ComponentEntries.bridge_targets_sameBlob_iff_eq' depends on axioms: [propext, Classical.choice, Quot.sound]
verify	Verify G6 frozen sources serially	2026-10-07T16:37:10.8421173Z 'GProgram.G5.ComponentEntries.bridge_target_not_root_component' does not depend on any axioms
verify	Verify G6 frozen sources serially	2026-10-07T16:37:10.8431598Z 'GProgram.G5.ComponentEntries.nonroot_component_has_incoming_bridge' depends on axioms: [propext,
verify	Verify G6 frozen sources serially	2026-10-07T16:37:10.8432807Z  Classical.choice,
verify	Verify G6 frozen sources serially	2026-10-07T16:37:10.8433162Z  Quot.sound]
verify	Verify G6 frozen sources serially	2026-10-07T16:37:10.8434136Z 'GProgram.G5.ComponentEntries.nonroot_component_unique_entry' depends on axioms: [propext, Classical.choice, Quot.sound]
verify	Verify G6 frozen sources serially	2026-10-07T16:37:10.8437447Z G6_RECEIPT {"argv": ["lake", "env", "lean", "--trust=0", "-j1", "-M4096", "-o", "/home/runner/work/_temp/g6-cloud-build/.lake/build/lib/lean/G5BridgeComponentEntries.olean", "/home/runner/work/_temp/g6-cloud-build/Imported/G5BridgeComponentEntries.lean"], "start": "2026-10-07T16:37:09.184808+00:00", "end": "2026-10-07T16:37:10.839997+00:00", "exit": 0, "output_sha256": "6d923e42c6ddfa40997788a894f162bea001ccaa7af7033d8d1c1edfd6cef2b0"}
verify	Verify G6 frozen sources serially	2026-10-07T16:37:10.8442031Z G6_COMMAND {"argv": ["lake", "env", "lean", "--trust=0", "-j1", "-M4096", "-o", "/home/runner/work/_temp/g6-cloud-build/.lake/build/lib/lean/G5NonbridgeRouteBound.olean", "/home/runner/work/_temp/g6-cloud-build/Imported/G5NonbridgeRouteBound.lean"], "cwd": "/home/runner/work/_temp/g6-cloud-build", "start": "2026-10-07T16:37:10.840309+00:00"}
verify	Verify G6 frozen sources serially	2026-10-07T16:37:12.7854047Z 'GProgram.G5.NonbridgeRoutes.UpPath.unique_from_kept_source' does not depend on any axioms
verify	Verify G6 frozen sources serially	2026-10-07T16:37:12.7855680Z 'GProgram.G5.NonbridgeRoutes.UpPath.unique_of_same_first' does not depend on any axioms
verify	Verify G6 frozen sources serially	2026-10-07T16:37:12.7857119Z 'GProgram.G5.NonbridgeRoutes.cut_child_nonbridge_incoming_unique' depends on axioms: [propext,
verify	Verify G6 frozen sources serially	2026-10-07T16:37:12.7858228Z  Classical.choice,
verify	Verify G6 frozen sources serially	2026-10-07T16:37:12.7858828Z  Quot.sound]
verify	Verify G6 frozen sources serially	2026-10-07T16:37:12.7859798Z 'GProgram.G5.NonbridgeRoutes.original_nonbridge_route_unique_of_first' depends on axioms: [propext,
verify	Verify G6 frozen sources serially	2026-10-07T16:37:12.7861208Z  Classical.choice,
verify	Verify G6 frozen sources serially	2026-10-07T16:37:12.7861760Z  Quot.sound]
verify	Verify G6 frozen sources serially	2026-10-07T16:37:12.7862683Z 'GProgram.G5.NonbridgeRoutes.finite_nonbridge_route_family_card_le_indegree' depends on axioms: [propext,
verify	Verify G6 frozen sources serially	2026-10-07T16:37:12.7863824Z  Classical.choice,
verify	Verify G6 frozen sources serially	2026-10-07T16:37:12.7864408Z  Quot.sound]
verify	Verify G6 frozen sources serially	2026-10-07T16:37:12.7865410Z 'GProgram.G5.NonbridgeRoutes.hybrid_nonbridge_route_family_card_le_two' depends on axioms: [propext,
verify	Verify G6 frozen sources serially	2026-10-07T16:37:12.7866498Z  Classical.choice,
verify	Verify G6 frozen sources serially	2026-10-07T16:37:12.7867065Z  Quot.sound]
verify	Verify G6 frozen sources serially	2026-10-07T16:37:12.7868028Z 'GProgram.G5.NonbridgeRoutes.ordinary_nonbridge_route_family_card_le_one' depends on axioms: [propext,
verify	Verify G6 frozen sources serially	2026-10-07T16:37:12.7869133Z  Classical.choice,
verify	Verify G6 frozen sources serially	2026-10-07T16:37:12.7869909Z  Quot.sound]
verify	Verify G6 frozen sources serially	2026-10-07T16:37:12.7872951Z G6_RECEIPT {"argv": ["lake", "env", "lean", "--trust=0", "-j1", "-M4096", "-o", "/home/runner/work/_temp/g6-cloud-build/.lake/build/lib/lean/G5NonbridgeRouteBound.olean", "/home/runner/work/_temp/g6-cloud-build/Imported/G5NonbridgeRouteBound.lean"], "start": "2026-10-07T16:37:10.840309+00:00", "end": "2026-10-07T16:37:12.784478+00:00", "exit": 0, "output_sha256": "8e3c42ef93082abdd73408f9a985f34e0e80ce7c27b744e3f86f0914fad9a124"}
verify	Verify G6 frozen sources serially	2026-10-07T16:37:12.7877599Z G6_COMMAND {"argv": ["lake", "env", "lean", "--trust=0", "-j1", "-M4096", "-o", "/home/runner/work/_temp/g6-cloud-build/.lake/build/lib/lean/G5ComponentCalendarCoverage.olean", "/home/runner/work/_temp/g6-cloud-build/Imported/G5ComponentCalendarCoverage.lean"], "cwd": "/home/runner/work/_temp/g6-cloud-build", "start": "2026-10-07T16:37:12.784769+00:00"}
verify	Verify G6 frozen sources serially	2026-10-07T16:37:15.3962400Z 'GProgram.G5.ComponentCalendar.EdgePath.all_nonbridge_of_sameBlob' depends on axioms: [propext,
verify	Verify G6 frozen sources serially	2026-10-07T16:37:15.3963232Z  Classical.choice,
verify	Verify G6 frozen sources serially	2026-10-07T16:37:15.3963545Z  Quot.sound]
verify	Verify G6 frozen sources serially	2026-10-07T16:37:15.3964240Z 'GProgram.G5.ComponentCalendar.root_route_component_decomposition' depends on axioms: [propext,
verify	Verify G6 frozen sources serially	2026-10-07T16:37:15.3965132Z  Classical.choice,
verify	Verify G6 frozen sources serially	2026-10-07T16:37:15.3965473Z  Quot.sound]
verify	Verify G6 frozen sources serially	2026-10-07T16:37:15.3966326Z 'GProgram.G5.ComponentCalendar.EdgePath.unique_active_exists' depends on axioms: [propext, Classical.choice, Quot.sound]
verify	Verify G6 frozen sources serially	2026-10-07T16:37:15.3969295Z G6_RECEIPT {"argv": ["lake", "env", "lean", "--trust=0", "-j1", "-M4096", "-o", "/home/runner/work/_temp/g6-cloud-build/.lake/build/lib/lean/G5ComponentCalendarCoverage.olean", "/home/runner/work/_temp/g6-cloud-build/Imported/G5ComponentCalendarCoverage.lean"], "start": "2026-10-07T16:37:12.784769+00:00", "end": "2026-10-07T16:37:15.396085+00:00", "exit": 0, "output_sha256": "714308a14bb6b87b48aeb0d21ce60a61e7c97b2d635874091f3d69038ab6c94e"}
verify	Verify G6 frozen sources serially	2026-10-07T16:37:15.3972348Z G6_COMMAND {"argv": ["lake", "env", "lean", "--trust=0", "-j1", "-M4096", "-o", "/home/runner/work/_temp/g6-cloud-build/.lake/build/lib/lean/G5ActualComponentSupport.olean", "/home/runner/work/_temp/g6-cloud-build/Imported/G5ActualComponentSupport.lean"], "cwd": "/home/runner/work/_temp/g6-cloud-build", "start": "2026-10-07T16:37:15.396471+00:00"}
verify	Verify G6 frozen sources serially	2026-10-07T16:37:18.0618334Z 'GProgram.G5.NonbridgeRoutes.UpPath.append' does not depend on any axioms
verify	Verify G6 frozen sources serially	2026-10-07T16:37:18.0619116Z 'GProgram.G5.NonbridgeRoutes.EdgePath.to_upPath_reverse' depends on axioms: [propext]
verify	Verify G6 frozen sources serially	2026-10-07T16:37:18.0621615Z /home/runner/work/_temp/g6-cloud-build/Imported/G5ActualComponentSupport.lean:57:0: warning: automatically included section variable(s) unused in theorem `GProgram.G5.ComponentSupport.mem_activeComponentEdges_iff`:
verify	Verify G6 frozen sources serially	2026-10-07T16:37:18.0623547Z   [Fintype V]
verify	Verify G6 frozen sources serially	2026-10-07T16:37:18.0623880Z   [DecidableEq V]
verify	Verify G6 frozen sources serially	2026-10-07T16:37:18.0624685Z consider restructuring your `variable` declarations so that the variables are not in scope or explicitly omit them:
verify	Verify G6 frozen sources serially	2026-10-07T16:37:18.0625668Z   omit [Fintype V] [DecidableEq V] in theorem ...
verify	Verify G6 frozen sources serially	2026-10-07T16:37:18.0626044Z 
verify	Verify G6 frozen sources serially	2026-10-07T16:37:18.0626424Z Note: This linter can be disabled with `set_option linter.unusedSectionVars false`
verify	Verify G6 frozen sources serially	2026-10-07T16:37:18.0627573Z 'GProgram.G5.ComponentSupport.finite_active_nonbridge_edges_card_le_indegree' depends on axioms: [propext,
verify	Verify G6 frozen sources serially	2026-10-07T16:37:18.0628482Z  Classical.choice,
verify	Verify G6 frozen sources serially	2026-10-07T16:37:18.0628837Z  Quot.sound]
verify	Verify G6 frozen sources serially	2026-10-07T16:37:18.0629600Z 'GProgram.G5.ComponentSupport.activeComponentEdges_card_le_indegree' depends on axioms: [propext,
verify	Verify G6 frozen sources serially	2026-10-07T16:37:18.0630774Z  Classical.choice,
verify	Verify G6 frozen sources serially	2026-10-07T16:37:18.0631237Z  Quot.sound]
verify	Verify G6 frozen sources serially	2026-10-07T16:37:18.0665084Z G6_RECEIPT {"argv": ["lake", "env", "lean", "--trust=0", "-j1", "-M4096", "-o", "/home/runner/work/_temp/g6-cloud-build/.lake/build/lib/lean/G5ActualComponentSupport.olean", "/home/runner/work/_temp/g6-cloud-build/Imported/G5ActualComponentSupport.lean"], "start": "2026-10-07T16:37:15.396471+00:00", "end": "2026-10-07T16:37:18.056978+00:00", "exit": 0, "output_sha256": "efb330a0d75437ca65577489d3f70ce0a047d2046c91d312f71b536339b082d5"}
verify	Verify G6 frozen sources serially	2026-10-07T16:37:18.0669485Z G6_COMMAND {"argv": ["lake", "env", "lean", "--trust=0", "-j1", "-M4096", "-o", "/home/runner/work/_temp/g6-cloud-build/.lake/build/lib/lean/G5RootRouteCurrentSupport.olean", "/home/runner/work/_temp/g6-cloud-build/Imported/G5RootRouteCurrentSupport.lean"], "cwd": "/home/runner/work/_temp/g6-cloud-build", "start": "2026-10-07T16:37:18.057339+00:00"}
verify	Verify G6 frozen sources serially	2026-10-07T16:37:20.7303192Z /home/runner/work/_temp/g6-cloud-build/Imported/G5RootRouteCurrentSupport.lean:28:0: warning: automatically included section variable(s) unused in theorem `GProgram.G5.ComponentSupport.mem_activeRootRouteEdges_iff`:
verify	Verify G6 frozen sources serially	2026-10-07T16:37:20.7305001Z   [Fintype V]
verify	Verify G6 frozen sources serially	2026-10-07T16:37:20.7305355Z   [DecidableEq V]
verify	Verify G6 frozen sources serially	2026-10-07T16:37:20.7306183Z consider restructuring your `variable` declarations so that the variables are not in scope or explicitly omit them:
verify	Verify G6 frozen sources serially	2026-10-07T16:37:20.7307166Z   omit [Fintype V] [DecidableEq V] in theorem ...
verify	Verify G6 frozen sources serially	2026-10-07T16:37:20.7307537Z 
verify	Verify G6 frozen sources serially	2026-10-07T16:37:20.7307932Z Note: This linter can be disabled with `set_option linter.unusedSectionVars false`
verify	Verify G6 frozen sources serially	2026-10-07T16:37:20.7309184Z 'GProgram.G5.ComponentSupport.incoming_bridge_mem_root_route' depends on axioms: [propext, Classical.choice, Quot.sound]
verify	Verify G6 frozen sources serially	2026-10-07T16:37:20.7310746Z 'GProgram.G5.ComponentSupport.active_root_edge_has_nonbridge_suffix' depends on axioms: [propext,
verify	Verify G6 frozen sources serially	2026-10-07T16:37:20.7311596Z  Classical.choice,
verify	Verify G6 frozen sources serially	2026-10-07T16:37:20.7311942Z  Quot.sound]
verify	Verify G6 frozen sources serially	2026-10-07T16:37:20.7312646Z 'GProgram.G5.ComponentSupport.activeRootRouteEdges_eq_component' depends on axioms: [propext,
verify	Verify G6 frozen sources serially	2026-10-07T16:37:20.7313783Z  Classical.choice,
verify	Verify G6 frozen sources serially	2026-10-07T16:37:20.7314110Z  Quot.sound]
verify	Verify G6 frozen sources serially	2026-10-07T16:37:20.7314840Z 'GProgram.G5.ComponentSupport.activeRootRouteEdges_eq_root_component' depends on axioms: [propext,
verify	Verify G6 frozen sources serially	2026-10-07T16:37:20.7315708Z  Classical.choice,
verify	Verify G6 frozen sources serially	2026-10-07T16:37:20.7316049Z  Quot.sound]
verify	Verify G6 frozen sources serially	2026-10-07T16:37:20.7316823Z 'GProgram.G5.ComponentSupport.activeRootRouteEdges_card_le_indegree_of_entry' depends on axioms: [propext,
verify	Verify G6 frozen sources serially	2026-10-07T16:37:20.7317741Z  Classical.choice,
verify	Verify G6 frozen sources serially	2026-10-07T16:37:20.7318086Z  Quot.sound]
verify	Verify G6 frozen sources serially	2026-10-07T16:37:20.7320811Z G6_RECEIPT {"argv": ["lake", "env", "lean", "--trust=0", "-j1", "-M4096", "-o", "/home/runner/work/_temp/g6-cloud-build/.lake/build/lib/lean/G5RootRouteCurrentSupport.olean", "/home/runner/work/_temp/g6-cloud-build/Imported/G5RootRouteCurrentSupport.lean"], "start": "2026-10-07T16:37:18.057339+00:00", "end": "2026-10-07T16:37:20.728283+00:00", "exit": 0, "output_sha256": "88507ababbf0ff2fbb8cf10b16ad8c6a7f6dcc879fe1f5bc434e297a0f5a95e5"}
verify	Verify G6 frozen sources serially	2026-10-07T16:37:20.7325242Z G6_COMMAND {"argv": ["lake", "env", "lean", "--trust=0", "-j1", "-M4096", "-o", "/home/runner/work/_temp/g6-cloud-build/.lake/build/lib/lean/G5CurrentPortTwoPositions.olean", "/home/runner/work/_temp/g6-cloud-build/Imported/G5CurrentPortTwoPositions.lean"], "cwd": "/home/runner/work/_temp/g6-cloud-build", "start": "2026-10-07T16:37:20.728620+00:00"}
verify	Verify G6 frozen sources serially	2026-10-07T16:37:23.3811233Z 'GProgram.G5.ComponentSupport.binary_indegree_le_two' depends on axioms: [propext, Classical.choice, Quot.sound]
verify	Verify G6 frozen sources serially	2026-10-07T16:37:23.3812085Z 'GProgram.G5.ComponentSupport.current_port_support_card_le_indegree' depends on axioms: [propext,
verify	Verify G6 frozen sources serially	2026-10-07T16:37:23.3812578Z  Classical.choice,
verify	Verify G6 frozen sources serially	2026-10-07T16:37:23.3812786Z  Quot.sound]
verify	Verify G6 frozen sources serially	2026-10-07T16:37:23.3813189Z 'GProgram.G5.ComponentSupport.current_port_support_card_le_two' depends on axioms: [propext,
verify	Verify G6 frozen sources serially	2026-10-07T16:37:23.3813651Z  Classical.choice,
verify	Verify G6 frozen sources serially	2026-10-07T16:37:23.3813858Z  Quot.sound]
verify	Verify G6 frozen sources serially	2026-10-07T16:37:23.3814271Z 'GProgram.G5.ComponentSupport.current_ordinary_port_support_card_le_one' depends on axioms: [propext,
verify	Verify G6 frozen sources serially	2026-10-07T16:37:23.3814802Z  Classical.choice,
verify	Verify G6 frozen sources serially	2026-10-07T16:37:23.3815047Z  Quot.sound]
verify	Verify G6 frozen sources serially	2026-10-07T16:37:23.3815863Z 'GProgram.G5.ComponentSupport.current_port_support_nonempty' depends on axioms: [propext, Classical.choice, Quot.sound]
verify	Verify G6 frozen sources serially	2026-10-07T16:37:23.3817031Z 'GProgram.G5.ComponentSupport.current_ordinary_port_support_card_eq_one' depends on axioms: [propext,
verify	Verify G6 frozen sources serially	2026-10-07T16:37:23.3817885Z  Classical.choice,
verify	Verify G6 frozen sources serially	2026-10-07T16:37:23.3818218Z  Quot.sound]
verify	Verify G6 frozen sources serially	2026-10-07T16:37:23.3821370Z G6_RECEIPT {"argv": ["lake", "env", "lean", "--trust=0", "-j1", "-M4096", "-o", "/home/runner/work/_temp/g6-cloud-build/.lake/build/lib/lean/G5CurrentPortTwoPositions.olean", "/home/runner/work/_temp/g6-cloud-build/Imported/G5CurrentPortTwoPositions.lean"], "start": "2026-10-07T16:37:20.728620+00:00", "end": "2026-10-07T16:37:23.380955+00:00", "exit": 0, "output_sha256": "92a225f805943c35b10f34e345329759f40db5919b01f962d13c1c02fc0c2c61"}
verify	Verify G6 frozen sources serially	2026-10-07T16:37:23.3826040Z G6_COMMAND {"argv": ["lake", "env", "lean", "--trust=0", "-j1", "-M4096", "-o", "/home/runner/work/_temp/g6-cloud-build/.lake/build/lib/lean/G5OriginalTipCurrentSupport.olean", "/home/runner/work/_temp/g6-cloud-build/Imported/G5OriginalTipCurrentSupport.lean"], "cwd": "/home/runner/work/_temp/g6-cloud-build", "start": "2026-10-07T16:37:23.381312+00:00"}
verify	Verify G6 frozen sources serially	2026-10-07T16:37:26.0304642Z 'GProgram.G5.ComponentSupport.active_tip_edge_has_root_port_prefix' depends on axioms: [propext,
verify	Verify G6 frozen sources serially	2026-10-07T16:37:26.0305317Z  Classical.choice,
verify	Verify G6 frozen sources serially	2026-10-07T16:37:26.0305528Z  Quot.sound]
verify	Verify G6 frozen sources serially	2026-10-07T16:37:26.0306011Z 'GProgram.G5.ComponentSupport.original_tip_support_eq_port' depends on axioms: [propext, Classical.choice, Quot.sound]
verify	Verify G6 frozen sources serially	2026-10-07T16:37:26.0306823Z 'GProgram.G5.ComponentSupport.original_tip_current_support_nonempty_card_le_two' depends on axioms: [propext,
verify	Verify G6 frozen sources serially	2026-10-07T16:37:26.0307346Z  Classical.choice,
verify	Verify G6 frozen sources serially	2026-10-07T16:37:26.0307640Z  Quot.sound]
verify	Verify G6 frozen sources serially	2026-10-07T16:37:26.0308345Z 'GProgram.G5.ComponentSupport.original_tip_bridge_support_eq_singleton' depends on axioms: [propext,
verify	Verify G6 frozen sources serially	2026-10-07T16:37:26.0309237Z  Classical.choice,
verify	Verify G6 frozen sources serially	2026-10-07T16:37:26.0309442Z  Quot.sound]
verify	Verify G6 frozen sources serially	2026-10-07T16:37:26.0311265Z G6_RECEIPT {"argv": ["lake", "env", "lean", "--trust=0", "-j1", "-M4096", "-o", "/home/runner/work/_temp/g6-cloud-build/.lake/build/lib/lean/G5OriginalTipCurrentSupport.olean", "/home/runner/work/_temp/g6-cloud-build/Imported/G5OriginalTipCurrentSupport.lean"], "start": "2026-10-07T16:37:23.381312+00:00", "end": "2026-10-07T16:37:26.030308+00:00", "exit": 0, "output_sha256": "bf016b1de34fa1fcd3a79f6c846f1ce7a8c17ce7099b04edfb94b96b563c7d5f"}
verify	Verify G6 frozen sources serially	2026-10-07T16:37:26.0314332Z G6_COMMAND {"argv": ["lake", "env", "lean", "--trust=0", "-j1", "-M4096", "-o", "/home/runner/work/_temp/g6-cloud-build/.lake/build/lib/lean/G5ParentChoiceCalendar.olean", "/home/runner/work/_temp/g6-cloud-build/Imported/G5ParentChoiceCalendar.lean"], "cwd": "/home/runner/work/_temp/g6-cloud-build", "start": "2026-10-07T16:37:26.030697+00:00"}
verify	Verify G6 frozen sources serially	2026-10-07T16:37:28.8154395Z 'GProgram.G5.ParentCalendar.component_entry_reaches_sameBlob' depends on axioms: [propext, Classical.choice, Quot.sound]
verify	Verify G6 frozen sources serially	2026-10-07T16:37:28.8155622Z 'GProgram.G5.ParentCalendar.parent_route_prefix_exists' depends on axioms: [propext, Classical.choice, Quot.sound]
verify	Verify G6 frozen sources serially	2026-10-07T16:37:28.8156395Z 'GProgram.G5.ParentCalendar.parent_route_unique' depends on axioms: [propext, Classical.choice, Quot.sound]
verify	Verify G6 frozen sources serially	2026-10-07T16:37:28.8157143Z 'GProgram.G5.ParentCalendar.parentPosition_spec' depends on axioms: [propext, Classical.choice, Quot.sound]
verify	Verify G6 frozen sources serially	2026-10-07T16:37:28.8158315Z 'GProgram.G5.ParentCalendar.active_edge_eq_parentPosition' depends on axioms: [propext, Classical.choice, Quot.sound]
verify	Verify G6 frozen sources serially	2026-10-07T16:37:28.8160729Z G6_RECEIPT {"argv": ["lake", "env", "lean", "--trust=0", "-j1", "-M4096", "-o", "/home/runner/work/_temp/g6-cloud-build/.lake/build/lib/lean/G5ParentChoiceCalendar.olean", "/home/runner/work/_temp/g6-cloud-build/Imported/G5ParentChoiceCalendar.lean"], "start": "2026-10-07T16:37:26.030697+00:00", "end": "2026-10-07T16:37:28.815293+00:00", "exit": 0, "output_sha256": "8eb07c527af1306f84578a8a51aa5ba933b16ab465a187c3619b880a145cce8d"}
verify	Verify G6 frozen sources serially	2026-10-07T16:37:28.8163696Z G6_COMMAND {"argv": ["lake", "env", "lean", "--trust=0", "-j1", "-M4096", "-o", "/home/runner/work/_temp/g6-cloud-build/.lake/build/lib/lean/G5CoupledQuartetKernel.olean", "/home/runner/work/_temp/g6-cloud-build/Imported/G5CoupledQuartetKernel.lean"], "cwd": "/home/runner/work/_temp/g6-cloud-build", "start": "2026-10-07T16:37:28.815621+00:00"}
verify	Verify G6 frozen sources serially	2026-10-07T16:37:32.2108235Z /home/runner/work/_temp/g6-cloud-build/Imported/G5CoupledQuartetKernel.lean:97:25: warning: Used `tac1 <;> tac2` where `(tac1; tac2)` would suffice
verify	Verify G6 frozen sources serially	2026-10-07T16:37:32.2109301Z 
verify	Verify G6 frozen sources serially	2026-10-07T16:37:32.2109740Z Note: This linter can be disabled with `set_option linter.unnecessarySeqFocus false`
verify	Verify G6 frozen sources serially	2026-10-07T16:37:32.2111270Z 'GProgram.G5.QuartetKernel.selectorWitness_iff_blockWitness' depends on axioms: [propext, Classical.choice, Quot.sound]
verify	Verify G6 frozen sources serially	2026-10-07T16:37:32.2112699Z 'GProgram.G5.QuartetKernel.pairCount_four_iff' depends on axioms: [propext, Classical.choice, Quot.sound]
verify	Verify G6 frozen sources serially	2026-10-07T16:37:32.2114051Z 'GProgram.G5.QuartetKernel.pairCount_one_split' depends on axioms: [propext, Classical.choice, Quot.sound]
verify	Verify G6 frozen sources serially	2026-10-07T16:37:32.2117103Z G6_RECEIPT {"argv": ["lake", "env", "lean", "--trust=0", "-j1", "-M4096", "-o", "/home/runner/work/_temp/g6-cloud-build/.lake/build/lib/lean/G5CoupledQuartetKernel.olean", "/home/runner/work/_temp/g6-cloud-build/Imported/G5CoupledQuartetKernel.lean"], "start": "2026-10-07T16:37:28.815621+00:00", "end": "2026-10-07T16:37:32.210625+00:00", "exit": 0, "output_sha256": "345f1f363c83e2a84fdf11b5431ffa001012a8f8e49dc4e8197ecd89a725a5b0"}
verify	Verify G6 frozen sources serially	2026-10-07T16:37:32.2120819Z G6_COMMAND {"argv": ["lake", "env", "lean", "--trust=0", "-j1", "-M4096", "-o", "/home/runner/work/_temp/g6-cloud-build/.lake/build/lib/lean/G5FairSelectorMoments.olean", "/home/runner/work/_temp/g6-cloud-build/Imported/G5FairSelectorMoments.lean"], "cwd": "/home/runner/work/_temp/g6-cloud-build", "start": "2026-10-07T16:37:32.211104+00:00"}
verify	Verify G6 frozen sources serially	2026-10-07T16:37:35.0239110Z 'GProgram.G5.QuartetKernel.meetingChoices_card' depends on axioms: [propext, Classical.choice, Quot.sound]
verify	Verify G6 frozen sources serially	2026-10-07T16:37:35.0240802Z 'GProgram.G5.QuartetKernel.fairMeetingMass_eq_count' depends on axioms: [propext, Classical.choice, Quot.sound]
verify	Verify G6 frozen sources serially	2026-10-07T16:37:35.0243463Z G6_RECEIPT {"argv": ["lake", "env", "lean", "--trust=0", "-j1", "-M4096", "-o", "/home/runner/work/_temp/g6-cloud-build/.lake/build/lib/lean/G5FairSelectorMoments.olean", "/home/runner/work/_temp/g6-cloud-build/Imported/G5FairSelectorMoments.lean"], "start": "2026-10-07T16:37:32.211104+00:00", "end": "2026-10-07T16:37:35.023729+00:00", "exit": 0, "output_sha256": "c5d36016bc89bb883f01c4f4f152e4f9a4105dd7af316f5e2aea6ba848149852"}
verify	Verify G6 frozen sources serially	2026-10-07T16:37:35.0261025Z G6_COMMAND {"argv": ["lake", "env", "lean", "--trust=0", "-j1", "-M4096", "-o", "/home/runner/work/_temp/g6-cloud-build/.lake/build/lib/lean/G5FairOriginalCoinLaw.olean", "/home/runner/work/_temp/g6-cloud-build/Imported/G5FairOriginalCoinLaw.lean"], "cwd": "/home/runner/work/_temp/g6-cloud-build", "start": "2026-10-07T16:37:35.024115+00:00"}
verify	Verify G6 frozen sources serially	2026-10-07T16:37:38.0172439Z /home/runner/work/_temp/g6-cloud-build/Imported/G5FairOriginalCoinLaw.lean:43:18: warning: This simp argument is unused:
verify	Verify G6 frozen sources serially	2026-10-07T16:37:38.0173589Z   hne
verify	Verify G6 frozen sources serially	2026-10-07T16:37:38.0173772Z 
verify	Verify G6 frozen sources serially	2026-10-07T16:37:38.0174077Z Hint: Omit it from the simp argument list.
verify	Verify G6 frozen sources serially	2026-10-07T16:37:38.0174597Z   [apply] simp [wanted, hne.symm]
verify	Verify G6 frozen sources serially	2026-10-07T16:37:38.0175001Z 
verify	Verify G6 frozen sources serially	2026-10-07T16:37:38.0175466Z Note: This linter can be disabled with `set_option linter.unusedSimpArgs false`
verify	Verify G6 frozen sources serially	2026-10-07T16:37:38.0176698Z /home/runner/work/_temp/g6-cloud-build/Imported/G5FairOriginalCoinLaw.lean:69:54: warning: This simp argument is unused:
verify	Verify G6 frozen sources serially	2026-10-07T16:37:38.0177675Z   hu
verify	Verify G6 frozen sources serially	2026-10-07T16:37:38.0177848Z 
verify	Verify G6 frozen sources serially	2026-10-07T16:37:38.0201105Z Hint: Omit it from the simp argument list.
verify	Verify G6 frozen sources serially	2026-10-07T16:37:38.0201664Z   [apply] simp [hv]
verify	Verify G6 frozen sources serially	2026-10-07T16:37:38.0201910Z 
verify	Verify G6 frozen sources serially	2026-10-07T16:37:38.0204199Z Note: This linter can be disabled with `set_option linter.unusedSimpArgs false`
verify	Verify G6 frozen sources serially	2026-10-07T16:37:38.0205539Z /home/runner/work/_temp/g6-cloud-build/Imported/G5FairOriginalCoinLaw.lean:69:57: warning: This simp argument is unused:
verify	Verify G6 frozen sources serially	2026-10-07T16:37:38.0206539Z   hv
verify	Verify G6 frozen sources serially	2026-10-07T16:37:38.0206719Z 
verify	Verify G6 frozen sources serially	2026-10-07T16:37:38.0206900Z Hint: Omit it from the simp argument list.
verify	Verify G6 frozen sources serially	2026-10-07T16:37:38.0207430Z   [apply] simp [hu]
verify	Verify G6 frozen sources serially	2026-10-07T16:37:38.0207653Z 
verify	Verify G6 frozen sources serially	2026-10-07T16:37:38.0208019Z Note: This linter can be disabled with `set_option linter.unusedSimpArgs false`
verify	Verify G6 frozen sources serially	2026-10-07T16:37:38.0209202Z 'GProgram.G5.OriginalCoinLaw.jointBitMass_eq_quarter' depends on axioms: [propext, Classical.choice, Quot.sound]
verify	Verify G6 frozen sources serially	2026-10-07T16:37:38.0210838Z 'GProgram.G5.OriginalCoinLaw.fair_two_site_expectation' depends on axioms: [propext, Classical.choice, Quot.sound]
verify	Verify G6 frozen sources serially	2026-10-07T16:37:38.0212292Z 'GProgram.G5.OriginalCoinLaw.fair_source_meeting_weight' depends on axioms: [propext, Classical.choice, Quot.sound]
verify	Verify G6 frozen sources serially	2026-10-07T16:37:38.0215408Z G6_RECEIPT {"argv": ["lake", "env", "lean", "--trust=0", "-j1", "-M4096", "-o", "/home/runner/work/_temp/g6-cloud-build/.lake/build/lib/lean/G5FairOriginalCoinLaw.olean", "/home/runner/work/_temp/g6-cloud-build/Imported/G5FairOriginalCoinLaw.lean"], "start": "2026-10-07T16:37:35.024115+00:00", "end": "2026-10-07T16:37:38.017076+00:00", "exit": 0, "output_sha256": "271cf1f090f72b0841bc9aaffd0b76290a2b93492127891f04d2e5fdc4777e63"}
verify	Verify G6 frozen sources serially	2026-10-07T16:37:38.0219627Z G6_COMMAND {"argv": ["lake", "env", "lean", "--trust=0", "-j1", "-M4096", "-o", "/home/runner/work/_temp/g6-cloud-build/.lake/build/lib/lean/G5OriginalCoinPMF.olean", "/home/runner/work/_temp/g6-cloud-build/Imported/G5OriginalCoinPMF.lean"], "cwd": "/home/runner/work/_temp/g6-cloud-build", "start": "2026-10-07T16:37:38.017470+00:00"}
verify	Verify G6 frozen sources serially	2026-10-07T16:37:40.9587536Z /home/runner/work/_temp/g6-cloud-build/Imported/G5OriginalCoinPMF.lean:19:0: warning: automatically included section variable(s) unused in theorem `GProgram.G5.OriginalCoinLaw.independentWeight_real_nonnegative`:
verify	Verify G6 frozen sources serially	2026-10-07T16:37:40.9589383Z   [DecidableEq Site]
verify	Verify G6 frozen sources serially	2026-10-07T16:37:40.9591021Z consider restructuring your `variable` declarations so that the variables are not in scope or explicitly omit them:
verify	Verify G6 frozen sources serially	2026-10-07T16:37:40.9592006Z   omit [DecidableEq Site] in theorem ...
verify	Verify G6 frozen sources serially	2026-10-07T16:37:40.9592443Z 
verify	Verify G6 frozen sources serially	2026-10-07T16:37:40.9592979Z Note: This linter can be disabled with `set_option linter.unusedSectionVars false`
verify	Verify G6 frozen sources serially	2026-10-07T16:37:40.9593947Z 'GProgram.G5.OriginalCoinLaw.independentWeight_ennreal_normalized' depends on axioms: [propext,
verify	Verify G6 frozen sources serially	2026-10-07T16:37:40.9594909Z  Classical.choice,
verify	Verify G6 frozen sources serially	2026-10-07T16:37:40.9595375Z  Quot.sound]
verify	Verify G6 frozen sources serially	2026-10-07T16:37:40.9596180Z 'GProgram.G5.OriginalCoinLaw.independentPMF_event' depends on axioms: [propext, Classical.choice, Quot.sound]
verify	Verify G6 frozen sources serially	2026-10-07T16:37:40.9597275Z 'GProgram.G5.OriginalCoinLaw.fair_source_meeting_probability' depends on axioms: [propext, Classical.choice, Quot.sound]
verify	Verify G6 frozen sources serially	2026-10-07T16:37:40.9599259Z G6_RECEIPT {"argv": ["lake", "env", "lean", "--trust=0", "-j1", "-M4096", "-o", "/home/runner/work/_temp/g6-cloud-build/.lake/build/lib/lean/G5OriginalCoinPMF.olean", "/home/runner/work/_temp/g6-cloud-build/Imported/G5OriginalCoinPMF.lean"], "start": "2026-10-07T16:37:38.017470+00:00", "end": "2026-10-07T16:37:40.958516+00:00", "exit": 0, "output_sha256": "5ac4293a4581c7494a371e851faa0feb458d3dc5d65d9533ca23c25fa0b60934"}
verify	Verify G6 frozen sources serially	2026-10-07T16:37:40.9602381Z G6_COMMAND {"argv": ["lake", "env", "lean", "--trust=0", "-j1", "-M4096", "-o", "/home/runner/work/_temp/g6-cloud-build/.lake/build/lib/lean/G5ParentPositionPushforward.olean", "/home/runner/work/_temp/g6-cloud-build/Imported/G5ParentPositionPushforward.lean"], "cwd": "/home/runner/work/_temp/g6-cloud-build", "start": "2026-10-07T16:37:40.958898+00:00"}
verify	Verify G6 frozen sources serially	2026-10-07T16:37:43.9398481Z /home/runner/work/_temp/g6-cloud-build/Imported/G5ParentPositionPushforward.lean:52:0: warning: automatically included section variable(s) unused in theorem `GProgram.G5.ParentCalendar.EdgePath.empty_or_last`:
verify	Verify G6 frozen sources serially	2026-10-07T16:37:43.9399445Z   [Fintype V]
verify	Verify G6 frozen sources serially	2026-10-07T16:37:43.9399641Z   [Fintype E]
verify	Verify G6 frozen sources serially	2026-10-07T16:37:43.9399827Z   [DecidableEq V]
verify	Verify G6 frozen sources serially	2026-10-07T16:37:43.9400665Z consider restructuring your `variable` declarations so that the variables are not in scope or explicitly omit them:
verify	Verify G6 frozen sources serially	2026-10-07T16:37:43.9401649Z   omit [Fintype V] [Fintype E] [DecidableEq V] in theorem ...
verify	Verify G6 frozen sources serially	2026-10-07T16:37:43.9402068Z 
verify	Verify G6 frozen sources serially	2026-10-07T16:37:43.9402440Z Note: This linter can be disabled with `set_option linter.unusedSectionVars false`
verify	Verify G6 frozen sources serially	2026-10-07T16:37:43.9403627Z 'GProgram.G5.ParentCalendar.incoming_edge_is_original_parent' depends on axioms: [propext, Classical.choice, Quot.sound]
verify	Verify G6 frozen sources serially	2026-10-07T16:37:43.9404951Z 'GProgram.G5.ParentCalendar.EdgePath.empty_or_last' depends on axioms: [propext, Classical.choice, Quot.sound]
verify	Verify G6 frozen sources serially	2026-10-07T16:37:43.9405706Z 'GProgram.G5.ParentCalendar.activeComponentEdges_eq_parentPosition_image' depends on axioms: [propext,
verify	Verify G6 frozen sources serially	2026-10-07T16:37:43.9406461Z  Classical.choice,
verify	Verify G6 frozen sources serially	2026-10-07T16:37:43.9406718Z  Quot.sound]
verify	Verify G6 frozen sources serially	2026-10-07T16:37:43.9407149Z 'GProgram.G5.ParentCalendar.activeRootRouteEdges_eq_parentPosition_image' depends on axioms: [propext,
verify	Verify G6 frozen sources serially	2026-10-07T16:37:43.9407663Z  Classical.choice,
verify	Verify G6 frozen sources serially	2026-10-07T16:37:43.9407859Z  Quot.sound]
verify	Verify G6 frozen sources serially	2026-10-07T16:37:43.9408287Z 'GProgram.G5.ParentCalendar.actual_parent_position_fair_meeting_probability' depends on axioms: [propext,
verify	Verify G6 frozen sources serially	2026-10-07T16:37:43.9408786Z  Classical.choice,
verify	Verify G6 frozen sources serially	2026-10-07T16:37:43.9408977Z  Quot.sound]
verify	Verify G6 frozen sources serially	2026-10-07T16:37:43.9410696Z G6_RECEIPT {"argv": ["lake", "env", "lean", "--trust=0", "-j1", "-M4096", "-o", "/home/runner/work/_temp/g6-cloud-build/.lake/build/lib/lean/G5ParentPositionPushforward.olean", "/home/runner/work/_temp/g6-cloud-build/Imported/G5ParentPositionPushforward.lean"], "start": "2026-10-07T16:37:40.958898+00:00", "end": "2026-10-07T16:37:43.939660+00:00", "exit": 0, "output_sha256": "7a6173506e0448fa249a1b93a0bf727995ab29b5a43b369adf4169fe6a4879a4"}
verify	Verify G6 frozen sources serially	2026-10-07T16:37:43.9413201Z G6_COMMAND {"argv": ["lake", "env", "lean", "--trust=0", "-j1", "-M4096", "-o", "/home/runner/work/_temp/g6-cloud-build/.lake/build/lib/lean/G5SafePastHybridDisjointness.olean", "/home/runner/work/_temp/g6-cloud-build/Imported/G5SafePastHybridDisjointness.lean"], "cwd": "/home/runner/work/_temp/g6-cloud-build", "start": "2026-10-07T16:37:43.940006+00:00"}
verify	Verify G6 frozen sources serially	2026-10-07T16:37:46.8124458Z /home/runner/work/_temp/g6-cloud-build/Imported/G5SafePastHybridDisjointness.lean:60:5: warning: Variable name `hcard` is not explicitly referenced.
verify	Verify G6 frozen sources serially	2026-10-07T16:37:46.8125137Z 
verify	Verify G6 frozen sources serially	2026-10-07T16:37:46.8125569Z Hint: The binding can be removed (if unused) or named `_` (if used implicitly). Alternatively, prefix the name with `_` to silence this warning:
verify	Verify G6 frozen sources serially	2026-10-07T16:37:46.8126159Z   [apply] _hcard
verify	Verify G6 frozen sources serially	2026-10-07T16:37:46.8126289Z 
verify	Verify G6 frozen sources serially	2026-10-07T16:37:46.8126518Z Note: This linter can be disabled with `set_option linter.unusedVariables false`
verify	Verify G6 frozen sources serially	2026-10-07T16:37:46.8127169Z 'GProgram.G5.SafePast.protective_sure_exact_block' depends on axioms: [propext, Classical.choice, Quot.sound]
verify	Verify G6 frozen sources serially	2026-10-07T16:37:46.8127884Z 'GProgram.G5.SafePast.shared_hybrid_produces_earlier_sure_block' depends on axioms: [propext,
verify	Verify G6 frozen sources serially	2026-10-07T16:37:46.8128467Z  Classical.choice,
verify	Verify G6 frozen sources serially	2026-10-07T16:37:46.8129130Z  Quot.sound]
verify	Verify G6 frozen sources serially	2026-10-07T16:37:46.8129810Z 'GProgram.G5.SafePast.safeAt_of_no_earlier_sure_block' depends on axioms: [propext, Classical.choice, Quot.sound]
verify	Verify G6 frozen sources serially	2026-10-07T16:37:46.8131246Z 'GProgram.G5.SafePast.originalHybridPast_disjoint' depends on axioms: [propext, Classical.choice, Quot.sound]
verify	Verify G6 frozen sources serially	2026-10-07T16:37:46.8132670Z 'GProgram.G5.SafePast.originalHybridPast_disjoint_of_no_earlier_sure_block' depends on axioms: [propext,
verify	Verify G6 frozen sources serially	2026-10-07T16:37:46.8133543Z  Classical.choice,
verify	Verify G6 frozen sources serially	2026-10-07T16:37:46.8133891Z  Quot.sound]
verify	Verify G6 frozen sources serially	2026-10-07T16:37:46.8136482Z G6_RECEIPT {"argv": ["lake", "env", "lean", "--trust=0", "-j1", "-M4096", "-o", "/home/runner/work/_temp/g6-cloud-build/.lake/build/lib/lean/G5SafePastHybridDisjointness.olean", "/home/runner/work/_temp/g6-cloud-build/Imported/G5SafePastHybridDisjointness.lean"], "start": "2026-10-07T16:37:43.940006+00:00", "end": "2026-10-07T16:37:46.812283+00:00", "exit": 0, "output_sha256": "a1982d3aabed4c8a8098f185576b6089f298d3317834d44717e020dd16f46ee4"}
verify	Verify G6 frozen sources serially	2026-10-07T16:37:46.8141244Z G6_COMMAND {"argv": ["lake", "env", "lean", "--trust=0", "-j1", "-M4096", "-o", "/home/runner/work/_temp/g6-cloud-build/.lake/build/lib/lean/G5PairOnlySureBlockChronology.olean", "/home/runner/work/_temp/g6-cloud-build/Imported/G5PairOnlySureBlockChronology.lean"], "cwd": "/home/runner/work/_temp/g6-cloud-build", "start": "2026-10-07T16:37:46.812635+00:00"}
verify	Verify G6 frozen sources serially	2026-10-07T16:37:49.6576888Z 'GProgram.G5.SafePast.sureExactBlock_iff_distinct_pair_predicates' depends on axioms: [propext,
verify	Verify G6 frozen sources serially	2026-10-07T16:37:49.6577832Z  Classical.choice,
verify	Verify G6 frozen sources serially	2026-10-07T16:37:49.6578195Z  Quot.sound]
verify	Verify G6 frozen sources serially	2026-10-07T16:37:49.6578907Z 'GProgram.G5.SafePast.noSureNontrivialBlock_iff_pair_predicates' depends on axioms: [propext,
verify	Verify G6 frozen sources serially	2026-10-07T16:37:49.6579751Z  Classical.choice,
verify	Verify G6 frozen sources serially	2026-10-07T16:37:49.6580094Z  Quot.sound]
verify	Verify G6 frozen sources serially	2026-10-07T16:37:49.6581157Z 'GProgram.G5.SafePast.safeAt_of_no_earlier_pair_sure_block' depends on axioms: [propext, Classical.choice, Quot.sound]
verify	Verify G6 frozen sources serially	2026-10-07T16:37:49.6583810Z G6_RECEIPT {"argv": ["lake", "env", "lean", "--trust=0", "-j1", "-M4096", "-o", "/home/runner/work/_temp/g6-cloud-build/.lake/build/lib/lean/G5PairOnlySureBlockChronology.olean", "/home/runner/work/_temp/g6-cloud-build/Imported/G5PairOnlySureBlockChronology.lean"], "start": "2026-10-07T16:37:46.812635+00:00", "end": "2026-10-07T16:37:49.657513+00:00", "exit": 0, "output_sha256": "2102cb58c4b7a1a01d1b6cb27a2ff7b9ddfc470a9ec0faae7c75174677969e1b"}
verify	Verify G6 frozen sources serially	2026-10-07T16:37:49.6586637Z G6_COMMAND {"argv": ["lake", "env", "lean", "--trust=0", "-j1", "-M4096", "-o", "/home/runner/work/_temp/g6-cloud-build/.lake/build/lib/lean/G5SafePastMeetingPermanence.olean", "/home/runner/work/_temp/g6-cloud-build/Imported/G5SafePastMeetingPermanence.lean"], "cwd": "/home/runner/work/_temp/g6-cloud-build", "start": "2026-10-07T16:37:49.657873+00:00"}
verify	Verify G6 frozen sources serially	2026-10-07T16:37:52.5084991Z 'GProgram.G5.NonbridgeRoutes.UpPath.to_edgePath_reverse' depends on axioms: [propext]
verify	Verify G6 frozen sources serially	2026-10-07T16:37:52.5086324Z 'GProgram.G5.SafePast.shared_ancestor_not_hybrid' depends on axioms: [propext, Classical.choice, Quot.sound]
verify	Verify G6 frozen sources serially	2026-10-07T16:37:52.5087968Z 'GProgram.G5.SafePast.UpPath.active_edges_equal_of_no_processed_hybrid' depends on axioms: [propext,
verify	Verify G6 frozen sources serially	2026-10-07T16:37:52.5088805Z  Classical.choice,
verify	Verify G6 frozen sources serially	2026-10-07T16:37:52.5089142Z  Quot.sound]
verify	Verify G6 frozen sources serially	2026-10-07T16:37:52.5089899Z 'GProgram.G5.SafePast.coOccupy_persists_to_safe_age' depends on axioms: [propext, Classical.choice, Quot.sound]
verify	Verify G6 frozen sources serially	2026-10-07T16:37:52.5091302Z 'GProgram.G5.SafePast.separated_at_safe_age_never_previously_met' depends on axioms: [propext,
verify	Verify G6 frozen sources serially	2026-10-07T16:37:52.5092076Z  Classical.choice,
verify	Verify G6 frozen sources serially	2026-10-07T16:37:52.5092397Z  Quot.sound]
verify	Verify G6 frozen sources serially	2026-10-07T16:37:52.5095153Z G6_RECEIPT {"argv": ["lake", "env", "lean", "--trust=0", "-j1", "-M4096", "-o", "/home/runner/work/_temp/g6-cloud-build/.lake/build/lib/lean/G5SafePastMeetingPermanence.olean", "/home/runner/work/_temp/g6-cloud-build/Imported/G5SafePastMeetingPermanence.lean"], "start": "2026-10-07T16:37:49.657873+00:00", "end": "2026-10-07T16:37:52.508331+00:00", "exit": 0, "output_sha256": "c868ca1184d8588ef18b1478e00dc3285c7cc006207d1cdcf5d6a8a0a2d4b198"}
verify	Verify G6 frozen sources serially	2026-10-07T16:37:52.5099930Z G6_COMMAND {"argv": ["lake", "env", "lean", "--trust=0", "-j1", "-M4096", "-o", "/home/runner/work/_temp/g6-cloud-build/.lake/build/lib/lean/G5ExponentialGermIdentification.olean", "/home/runner/work/_temp/g6-cloud-build/Imported/G5ExponentialGermIdentification.lean"], "cwd": "/home/runner/work/_temp/g6-cloud-build", "start": "2026-10-07T16:37:52.508669+00:00"}
verify	Verify G6 frozen sources serially	2026-10-07T16:37:54.7911929Z 'GProgram.G5.ExponentialGerm.coefficient_zero_of_grid' depends on axioms: [propext, Classical.choice, Quot.sound]
verify	Verify G6 frozen sources serially	2026-10-07T16:37:54.7913787Z 'GProgram.G5.ExponentialGerm.coefficients_eq_of_right_germ' depends on axioms: [propext, Classical.choice, Quot.sound]
verify	Verify G6 frozen sources serially	2026-10-07T16:37:54.7915328Z 'GProgram.G5.ExponentialGerm.constant_coefficient_eq_of_right_germ' depends on axioms: [propext,
verify	Verify G6 frozen sources serially	2026-10-07T16:37:54.7916335Z  Classical.choice,
verify	Verify G6 frozen sources serially	2026-10-07T16:37:54.7916921Z  Quot.sound]
verify	Verify G6 frozen sources serially	2026-10-07T16:37:54.7919657Z G6_RECEIPT {"argv": ["lake", "env", "lean", "--trust=0", "-j1", "-M4096", "-o", "/home/runner/work/_temp/g6-cloud-build/.lake/build/lib/lean/G5ExponentialGermIdentification.olean", "/home/runner/work/_temp/g6-cloud-build/Imported/G5ExponentialGermIdentification.lean"], "start": "2026-10-07T16:37:52.508669+00:00", "end": "2026-10-07T16:37:54.790398+00:00", "exit": 0, "output_sha256": "43b8db7dd2022f81be166db6224a360defaf0709d2d333320680b065d5e0e567"}
verify	Verify G6 frozen sources serially	2026-10-07T16:37:54.7924554Z G6_COMMAND {"argv": ["lake", "env", "lean", "--trust=0", "-j1", "-M4096", "-o", "/home/runner/work/_temp/g6-cloud-build/.lake/build/lib/lean/G5UnknownRateSupport.olean", "/home/runner/work/_temp/g6-cloud-build/Imported/G5UnknownRateSupport.lean"], "cwd": "/home/runner/work/_temp/g6-cloud-build", "start": "2026-10-07T16:37:54.790763+00:00"}
verify	Verify G6 frozen sources serially	2026-10-07T16:37:57.3456290Z 'GProgram.G5.ExponentialGerm.finite_coefficients_zero_of_right_germ' depends on axioms: [propext,
verify	Verify G6 frozen sources serially	2026-10-07T16:37:57.3457340Z  Classical.choice,
verify	Verify G6 frozen sources serially	2026-10-07T16:37:57.3457694Z  Quot.sound]
verify	Verify G6 frozen sources serially	2026-10-07T16:37:57.3458477Z 'GProgram.G5.ExponentialGerm.finite_coefficients_eq_of_right_germ' depends on axioms: [propext,
verify	Verify G6 frozen sources serially	2026-10-07T16:37:57.3459386Z  Classical.choice,
verify	Verify G6 frozen sources serially	2026-10-07T16:37:57.3459726Z  Quot.sound]
verify	Verify G6 frozen sources serially	2026-10-07T16:37:57.3460693Z 'GProgram.G5.ExponentialGerm.finite_constant_mass_eq_of_right_germ' depends on axioms: [propext,
verify	Verify G6 frozen sources serially	2026-10-07T16:37:57.3461577Z  Classical.choice,
verify	Verify G6 frozen sources serially	2026-10-07T16:37:57.3461974Z  Quot.sound]
verify	Verify G6 frozen sources serially	2026-10-07T16:37:57.3464381Z G6_RECEIPT {"argv": ["lake", "env", "lean", "--trust=0", "-j1", "-M4096", "-o", "/home/runner/work/_temp/g6-cloud-build/.lake/build/lib/lean/G5UnknownRateSupport.olean", "/home/runner/work/_temp/g6-cloud-build/Imported/G5UnknownRateSupport.lean"], "start": "2026-10-07T16:37:54.790763+00:00", "end": "2026-10-07T16:37:57.345445+00:00", "exit": 0, "output_sha256": "36b339cbb814f07566d18ce6dd3e52801f2bffd23f1262b079fa7bef2cc6169f"}
verify	Verify G6 frozen sources serially	2026-10-07T16:37:57.3468602Z G6_COMMAND {"argv": ["lake", "env", "lean", "--trust=0", "-j1", "-M4096", "-o", "/home/runner/work/_temp/g6-cloud-build/.lake/build/lib/lean/G5OriginalRouteHazard.olean", "/home/runner/work/_temp/g6-cloud-build/Imported/G5OriginalRouteHazard.lean"], "cwd": "/home/runner/work/_temp/g6-cloud-build", "start": "2026-10-07T16:37:57.345814+00:00"}
verify	Verify G6 frozen sources serially	2026-10-07T16:38:00.6470976Z /home/runner/work/_temp/g6-cloud-build/Imported/G5OriginalRouteHazard.lean:174:48: warning: Used `tac1 <;> tac2` where `(tac1; tac2)` would suffice
verify	Verify G6 frozen sources serially	2026-10-07T16:38:00.6472081Z 
verify	Verify G6 frozen sources serially	2026-10-07T16:38:00.6472492Z Note: This linter can be disabled with `set_option linter.unnecessarySeqFocus false`
verify	Verify G6 frozen sources serially	2026-10-07T16:38:00.6473741Z 'GProgram.G5.RouteHazard.currentPairRate_zero_iff_separated' depends on axioms: [propext, Classical.choice, Quot.sound]
verify	Verify G6 frozen sources serially	2026-10-07T16:38:00.6474935Z 'GProgram.G5.RouteHazard.separated_safe_accumulatedHazard_zero' depends on axioms: [propext,
verify	Verify G6 frozen sources serially	2026-10-07T16:38:00.6475422Z  Classical.choice,
verify	Verify G6 frozen sources serially	2026-10-07T16:38:00.6475627Z  Quot.sound]
verify	Verify G6 frozen sources serially	2026-10-07T16:38:00.6476100Z 'GProgram.G5.RouteHazard.separated_safe_routeSurvival_one' depends on axioms: [propext, Classical.choice, Quot.sound]
verify	Verify G6 frozen sources serially	2026-10-07T16:38:00.6477165Z 'GProgram.G5.RouteHazard.positive_endpoint_gap_exists' depends on axioms: [propext, Classical.choice, Quot.sound]
verify	Verify G6 frozen sources serially	2026-10-07T16:38:00.6477927Z 'GProgram.G5.RouteHazard.exposure_add_on_endpoint_gap' depends on axioms: [propext, Classical.choice, Quot.sound]
verify	Verify G6 frozen sources serially	2026-10-07T16:38:00.6479027Z 'GProgram.G5.RouteHazard.accumulatedHazard_add_on_endpoint_gap' depends on axioms: [propext,
verify	Verify G6 frozen sources serially	2026-10-07T16:38:00.6479512Z  Classical.choice,
verify	Verify G6 frozen sources serially	2026-10-07T16:38:00.6479717Z  Quot.sound]
verify	Verify G6 frozen sources serially	2026-10-07T16:38:00.6480196Z 'GProgram.G5.RouteHazard.routeSurvival_add_on_endpoint_gap' depends on axioms: [propext, Classical.choice, Quot.sound]
verify	Verify G6 frozen sources serially	2026-10-07T16:38:00.6482938Z G6_RECEIPT {"argv": ["lake", "env", "lean", "--trust=0", "-j1", "-M4096", "-o", "/home/runner/work/_temp/g6-cloud-build/.lake/build/lib/lean/G5OriginalRouteHazard.olean", "/home/runner/work/_temp/g6-cloud-build/Imported/G5OriginalRouteHazard.lean"], "start": "2026-10-07T16:37:57.345814+00:00", "end": "2026-10-07T16:38:00.646869+00:00", "exit": 0, "output_sha256": "2e311bf90e01fad29579f832d25a1f11f5dad8b2c178253a86823dc2f7e59d1c"}
verify	Verify G6 frozen sources serially	2026-10-07T16:38:00.6485376Z G6_COMMAND {"argv": ["lake", "env", "lean", "--trust=0", "-j1", "-M4096", "-o", "/home/runner/work/_temp/g6-cloud-build/.lake/build/lib/lean/G4TwoRootSourceStopping.olean", "/home/runner/work/_temp/g6-cloud-build/Imported/G4TwoRootSourceStopping.lean"], "cwd": "/home/runner/work/_temp/g6-cloud-build", "start": "2026-10-07T16:38:00.647247+00:00"}
verify	Verify G6 frozen sources serially	2026-10-07T16:38:03.7067109Z /home/runner/work/_temp/g6-cloud-build/Imported/G4TwoRootSourceStopping.lean:54:2: warning: Used `tac1 <;> tac2` where `(tac1; tac2)` would suffice
verify	Verify G6 frozen sources serially	2026-10-07T16:38:03.7067845Z 
verify	Verify G6 frozen sources serially	2026-10-07T16:38:03.7068091Z Note: This linter can be disabled with `set_option linter.unnecessarySeqFocus false`
verify	Verify G6 frozen sources serially	2026-10-07T16:38:03.7068896Z /home/runner/work/_temp/g6-cloud-build/Imported/G4TwoRootSourceStopping.lean:59:2: warning: Used `tac1 <;> tac2` where `(tac1; tac2)` would suffice
verify	Verify G6 frozen sources serially	2026-10-07T16:38:03.7069840Z 
verify	Verify G6 frozen sources serially	2026-10-07T16:38:03.7070445Z Note: This linter can be disabled with `set_option linter.unnecessarySeqFocus false`
verify	Verify G6 frozen sources serially	2026-10-07T16:38:03.7071565Z 'G4TwoRootSourceStopping.bareSurvival_eq' depends on axioms: [propext, Classical.choice, Quot.sound]
verify	Verify G6 frozen sources serially	2026-10-07T16:38:03.7072932Z 'G4TwoRootSourceStopping.rootedACladeResponse_injective' depends on axioms: [propext, Classical.choice, Quot.sound]
verify	Verify G6 frozen sources serially	2026-10-07T16:38:03.7073882Z 'G4TwoRootSourceStopping.observable_finite_length_certificate' depends on axioms: [propext,
verify	Verify G6 frozen sources serially	2026-10-07T16:38:03.7074365Z  Classical.choice,
verify	Verify G6 frozen sources serially	2026-10-07T16:38:03.7074572Z  Quot.sound]
verify	Verify G6 frozen sources serially	2026-10-07T16:38:03.7076035Z G6_RECEIPT {"argv": ["lake", "env", "lean", "--trust=0", "-j1", "-M4096", "-o", "/home/runner/work/_temp/g6-cloud-build/.lake/build/lib/lean/G4TwoRootSourceStopping.olean", "/home/runner/work/_temp/g6-cloud-build/Imported/G4TwoRootSourceStopping.lean"], "start": "2026-10-07T16:38:00.647247+00:00", "end": "2026-10-07T16:38:03.706517+00:00", "exit": 0, "output_sha256": "dd78f608c3203ed2845672960fd4a8f009670f190c0de67b07c9c200b2a61910"}
verify	Verify G6 frozen sources serially	2026-10-07T16:38:03.7078904Z G6_COMMAND {"argv": ["lake", "env", "lean", "--trust=0", "-j1", "-M4096", "-o", "/home/runner/work/_temp/g6-cloud-build/.lake/build/lib/lean/G1SharedRegisterStress.olean", "/home/runner/work/_temp/g6-cloud-build/Imported/G1SharedRegisterStress.lean"], "cwd": "/home/runner/work/_temp/g6-cloud-build", "start": "2026-10-07T16:38:03.706856+00:00"}
verify	Verify G6 frozen sources serially	2026-10-07T16:38:06.6661139Z 'GProgram.G1.pairSurvival_eq_exp' depends on axioms: [propext, Classical.choice, Quot.sound]
verify	Verify G6 frozen sources serially	2026-10-07T16:38:06.6662138Z 'GProgram.G1.pairSurvival_log_two' depends on axioms: [propext, Classical.choice, Quot.sound]
verify	Verify G6 frozen sources serially	2026-10-07T16:38:06.6662853Z 'GProgram.G1.pairSurvival_log_four' depends on axioms: [propext, Classical.choice, Quot.sound]
verify	Verify G6 frozen sources serially	2026-10-07T16:38:06.6663583Z 'GProgram.G1.shared_register_exact_counterexample' depends on axioms: [propext, Classical.choice, Quot.sound]
verify	Verify G6 frozen sources serially	2026-10-07T16:38:06.6664338Z 'GProgram.G1.retained_register_joint_normalized' depends on axioms: [propext, Classical.choice, Quot.sound]
verify	Verify G6 frozen sources serially	2026-10-07T16:38:06.6665355Z 'GProgram.G1.retained_register_joint_nonnegative' depends on axioms: [propext, Classical.choice, Quot.sound]
verify	Verify G6 frozen sources serially	2026-10-07T16:38:06.6666103Z 'GProgram.G1.resampling_changes_exposed_context' depends on axioms: [propext, Classical.choice, Quot.sound]
verify	Verify G6 frozen sources serially	2026-10-07T16:38:06.6666891Z 'GProgram.G1.exposed_event_preserved_iff_equal_conditionals' depends on axioms: [propext, Classical.choice, Quot.sound]
verify	Verify G6 frozen sources serially	2026-10-07T16:38:06.6668701Z G6_RECEIPT {"argv": ["lake", "env", "lean", "--trust=0", "-j1", "-M4096", "-o", "/home/runner/work/_temp/g6-cloud-build/.lake/build/lib/lean/G1SharedRegisterStress.olean", "/home/runner/work/_temp/g6-cloud-build/Imported/G1SharedRegisterStress.lean"], "start": "2026-10-07T16:38:03.706856+00:00", "end": "2026-10-07T16:38:06.665911+00:00", "exit": 0, "output_sha256": "84a9c4ce9c952b0e458f2a61369c7b18a8e5a6298321cc94e9a865f61d98037b"}
verify	Verify G6 frozen sources serially	2026-10-07T16:38:06.6688167Z G6_COMMAND {"argv": ["lake", "env", "lean", "--trust=0", "-j1", "-M4096", "-o", "/home/runner/work/_temp/g6-cloud-build/.lake/build/lib/lean/G4FourRootPositivity.olean", "/home/runner/work/_temp/g6-cloud-build/Imported/G4FourRootPositivity.lean"], "cwd": "/home/runner/work/_temp/g6-cloud-build", "start": "2026-10-07T16:38:06.666245+00:00"}
verify	Verify G6 frozen sources serially	2026-10-07T16:38:10.0481804Z 'GProgram.G4.FourRoot.exact_defect_factorization' depends on axioms: [propext, Classical.choice, Quot.sound]
verify	Verify G6 frozen sources serially	2026-10-07T16:38:10.0483599Z 'GProgram.G4.FourRoot.zero_delta_forces_negative_defect3' depends on axioms: [propext, Classical.choice, Quot.sound]
verify	Verify G6 frozen sources serially	2026-10-07T16:38:10.0485120Z 'GProgram.G4.FourRoot.no_common_moment_signature' depends on axioms: [propext, Classical.choice, Quot.sound]
verify	Verify G6 frozen sources serially	2026-10-07T16:38:10.0486588Z 'GProgram.G4.FourRoot.rational_cap3_scalar_witness' depends on axioms: [propext, Classical.choice, Quot.sound]
verify	Verify G6 frozen sources serially	2026-10-07T16:38:10.0489717Z G6_RECEIPT {"argv": ["lake", "env", "lean", "--trust=0", "-j1", "-M4096", "-o", "/home/runner/work/_temp/g6-cloud-build/.lake/build/lib/lean/G4FourRootPositivity.olean", "/home/runner/work/_temp/g6-cloud-build/Imported/G4FourRootPositivity.lean"], "start": "2026-10-07T16:38:06.666245+00:00", "end": "2026-10-07T16:38:10.046653+00:00", "exit": 0, "output_sha256": "f5e1ecf7db1d697e09d60633e18d6b70c7cc7aa6ac9af0dc3eee533d76e5c582"}
verify	Verify G6 frozen sources serially	2026-10-07T16:38:10.0493313Z G6_COMMAND {"argv": ["lake", "env", "lean", "--trust=0", "-j1", "-M4096", "-o", "/home/runner/work/_temp/g6-cloud-build/.lake/build/lib/lean/G4IndependentRoutingBridge.olean", "/home/runner/work/_temp/g6-cloud-build/Imported/G4IndependentRoutingBridge.lean"], "cwd": "/home/runner/work/_temp/g6-cloud-build", "start": "2026-10-07T16:38:10.046950+00:00"}
verify	Verify G6 frozen sources serially	2026-10-07T16:38:14.3391282Z /home/runner/work/_temp/g6-cloud-build/Imported/G4IndependentRoutingBridge.lean:83:49: warning: This simp argument is unused:
verify	Verify G6 frozen sources serially	2026-10-07T16:38:14.3392390Z   Fintype.sum_bool
verify	Verify G6 frozen sources serially	2026-10-07T16:38:14.3392604Z 
verify	Verify G6 frozen sources serially	2026-10-07T16:38:14.3392777Z Hint: Omit it from the simp argument list.
verify	Verify G6 frozen sources serially	2026-10-07T16:38:14.3393692Z   [apply] simp [routingWeight_cons, ← Finset.mul_sum, ih, bitWeight]
verify	Verify G6 frozen sources serially	2026-10-07T16:38:14.3394479Z 
verify	Verify G6 frozen sources serially	2026-10-07T16:38:14.3394847Z Note: This linter can be disabled with `set_option linter.unusedSimpArgs false`
verify	Verify G6 frozen sources serially	2026-10-07T16:38:14.3396057Z /home/runner/work/_temp/g6-cloud-build/Imported/G4IndependentRoutingBridge.lean:157:4: warning: try 'simp' instead of 'simpa'
verify	Verify G6 frozen sources serially	2026-10-07T16:38:14.3396929Z 
verify	Verify G6 frozen sources serially	2026-10-07T16:38:14.3397305Z Note: This linter can be disabled with `set_option linter.unnecessarySimpa false`
verify	Verify G6 frozen sources serially	2026-10-07T16:38:14.3398527Z /home/runner/work/_temp/g6-cloud-build/Imported/G4IndependentRoutingBridge.lean:163:71: warning: This simp argument is unused:
verify	Verify G6 frozen sources serially	2026-10-07T16:38:14.3399502Z   hc
verify	Verify G6 frozen sources serially	2026-10-07T16:38:14.3399671Z 
verify	Verify G6 frozen sources serially	2026-10-07T16:38:14.3399839Z Hint: Omit it from the simp argument list.
verify	Verify G6 frozen sources serially	2026-10-07T16:38:14.3417779Z   [apply] simp [GProgram.G2.OriginalHybridParents.parent, H.different, H.different.symm]
verify	Verify G6 frozen sources serially	2026-10-07T16:38:14.3418412Z 
verify	Verify G6 frozen sources serially	2026-10-07T16:38:14.3418767Z Note: This linter can be disabled with `set_option linter.unusedSimpArgs false`
verify	Verify G6 frozen sources serially	2026-10-07T16:38:14.3420429Z /home/runner/work/_temp/g6-cloud-build/Imported/G4IndependentRoutingBridge.lean:164:4: warning: This simp argument is unused:
verify	Verify G6 frozen sources serially	2026-10-07T16:38:14.3421447Z   H.different
verify	Verify G6 frozen sources serially	2026-10-07T16:38:14.3421644Z 
verify	Verify G6 frozen sources serially	2026-10-07T16:38:14.3421840Z Hint: Omit it from the simp argument list.
verify	Verify G6 frozen sources serially	2026-10-07T16:38:14.3422562Z   [apply] simp [GProgram.G2.OriginalHybridParents.parent, hc, H.different.symm]
verify	Verify G6 frozen sources serially	2026-10-07T16:38:14.3423113Z 
verify	Verify G6 frozen sources serially	2026-10-07T16:38:14.3423993Z Note: This linter can be disabled with `set_option linter.unusedSimpArgs false`
verify	Verify G6 frozen sources serially	2026-10-07T16:38:14.3425195Z /home/runner/work/_temp/g6-cloud-build/Imported/G4IndependentRoutingBridge.lean:172:4: warning: try 'simp' instead of 'simpa'
verify	Verify G6 frozen sources serially	2026-10-07T16:38:14.3426038Z 
verify	Verify G6 frozen sources serially	2026-10-07T16:38:14.3426400Z Note: This linter can be disabled with `set_option linter.unnecessarySimpa false`
verify	Verify G6 frozen sources serially	2026-10-07T16:38:14.3427399Z /home/runner/work/_temp/g6-cloud-build/Imported/G4IndependentRoutingBridge.lean:178:71: warning: This simp argument is unused:
verify	Verify G6 frozen sources serially	2026-10-07T16:38:14.3427989Z   hc
verify	Verify G6 frozen sources serially	2026-10-07T16:38:14.3428095Z 
verify	Verify G6 frozen sources serially	2026-10-07T16:38:14.3428200Z Hint: Omit it from the simp argument list.
verify	Verify G6 frozen sources serially	2026-10-07T16:38:14.3428652Z   [apply] simp [GProgram.G2.OriginalHybridParents.parent, H.different, H.different.symm]
verify	Verify G6 frozen sources serially	2026-10-07T16:38:14.3429011Z 
verify	Verify G6 frozen sources serially	2026-10-07T16:38:14.3429221Z Note: This linter can be disabled with `set_option linter.unusedSimpArgs false`
verify	Verify G6 frozen sources serially	2026-10-07T16:38:14.3429905Z /home/runner/work/_temp/g6-cloud-build/Imported/G4IndependentRoutingBridge.lean:179:16: warning: This simp argument is unused:
verify	Verify G6 frozen sources serially	2026-10-07T16:38:14.3430721Z   H.different.symm
verify	Verify G6 frozen sources serially	2026-10-07T16:38:14.3430848Z 
verify	Verify G6 frozen sources serially	2026-10-07T16:38:14.3430959Z Hint: Omit it from the simp argument list.
verify	Verify G6 frozen sources serially	2026-10-07T16:38:14.3431347Z   [apply] simp [GProgram.G2.OriginalHybridParents.parent, hc, H.different]
verify	Verify G6 frozen sources serially	2026-10-07T16:38:14.3431658Z 
verify	Verify G6 frozen sources serially	2026-10-07T16:38:14.3431860Z Note: This linter can be disabled with `set_option linter.unusedSimpArgs false`
verify	Verify G6 frozen sources serially	2026-10-07T16:38:14.3432475Z 'GProgram.G4.IndependentRouting.exponential_model_original_coordinates' depends on axioms: [propext,
verify	Verify G6 frozen sources serially	2026-10-07T16:38:14.3432986Z  Classical.choice,
verify	Verify G6 frozen sources serially	2026-10-07T16:38:14.3433184Z  Quot.sound]
verify	Verify G6 frozen sources serially	2026-10-07T16:38:14.3433662Z 'GProgram.G4.IndependentRouting.original_source_coordinates' depends on axioms: [propext, Classical.choice, Quot.sound]
verify	Verify G6 frozen sources serially	2026-10-07T16:38:14.3434403Z 'GProgram.G4.IndependentRouting.exponential_four_root_arm_law' depends on axioms: [propext,
verify	Verify G6 frozen sources serially	2026-10-07T16:38:14.3434853Z  Classical.choice,
verify	Verify G6 frozen sources serially	2026-10-07T16:38:14.3435047Z  Quot.sound]
verify	Verify G6 frozen sources serially	2026-10-07T16:38:14.3435486Z 'GProgram.G4.IndependentRouting.actual_parent0_count' depends on axioms: [propext, Classical.choice, Quot.sound]
verify	Verify G6 frozen sources serially	2026-10-07T16:38:14.3436228Z 'GProgram.G4.IndependentRouting.generic_two' depends on axioms: [propext, Classical.choice, Quot.sound]
verify	Verify G6 frozen sources serially	2026-10-07T16:38:14.3437194Z 'GProgram.G4.IndependentRouting.generic_three' depends on axioms: [propext, Classical.choice, Quot.sound]
verify	Verify G6 frozen sources serially	2026-10-07T16:38:14.3438087Z 'GProgram.G4.IndependentRouting.generic_four' depends on axioms: [propext, Classical.choice, Quot.sound]
verify	Verify G6 frozen sources serially	2026-10-07T16:38:14.3439464Z 'GProgram.G4.IndependentRouting.routingWeight_normalized' depends on axioms: [propext, Classical.choice, Quot.sound]
verify	Verify G6 frozen sources serially	2026-10-07T16:38:14.3441684Z G6_RECEIPT {"argv": ["lake", "env", "lean", "--trust=0", "-j1", "-M4096", "-o", "/home/runner/work/_temp/g6-cloud-build/.lake/build/lib/lean/G4IndependentRoutingBridge.olean", "/home/runner/work/_temp/g6-cloud-build/Imported/G4IndependentRoutingBridge.lean"], "start": "2026-10-07T16:38:10.046950+00:00", "end": "2026-10-07T16:38:14.338922+00:00", "exit": 0, "output_sha256": "cbd76f1aff4dbea1797be18fb43b4ceb4bf5b1ba93f7c123d3b8173c15c87318"}
verify	Verify G6 frozen sources serially	2026-10-07T16:38:14.3444588Z G6_COMMAND {"argv": ["lake", "env", "lean", "--trust=0", "-j1", "-M4096", "-o", "/home/runner/work/_temp/g6-cloud-build/.lake/build/lib/lean/G4AllRootPairClocks.olean", "/home/runner/work/_temp/g6-cloud-build/Imported/G4AllRootPairClocks.lean"], "cwd": "/home/runner/work/_temp/g6-cloud-build", "start": "2026-10-07T16:38:14.339352+00:00"}
verify	Verify G6 frozen sources serially	2026-10-07T16:38:17.1401444Z /home/runner/work/_temp/g6-cloud-build/Imported/G4AllRootPairClocks.lean:67:2: warning: Try this: 
verify	Verify G6 frozen sources serially	2026-10-07T16:38:17.1402538Z   letI̵
verify	Verify G6 frozen sources serially	2026-10-07T16:38:17.1402649Z 
verify	Verify G6 frozen sources serially	2026-10-07T16:38:17.1402824Z The goal is a proposition, so `let` is preferred over `letI`.
verify	Verify G6 frozen sources serially	2026-10-07T16:38:17.1403289Z The difference between `let` and `letI` is that `letI` inlines the value.
verify	Verify G6 frozen sources serially	2026-10-07T16:38:17.1403753Z But this is not relevant for proofs because of proof irrelevance.
verify	Verify G6 frozen sources serially	2026-10-07T16:38:17.1404023Z 
verify	Verify G6 frozen sources serially	2026-10-07T16:38:17.1404239Z Note: This linter can be disabled with `set_option linter.style.haveILetI false`
verify	Verify G6 frozen sources serially	2026-10-07T16:38:17.1404847Z /home/runner/work/_temp/g6-cloud-build/Imported/G4AllRootPairClocks.lean:70:2: warning: Try this: 
verify	Verify G6 frozen sources serially	2026-10-07T16:38:17.1405337Z   letI̵
verify	Verify G6 frozen sources serially	2026-10-07T16:38:17.1405437Z 
verify	Verify G6 frozen sources serially	2026-10-07T16:38:17.1405599Z The goal is a proposition, so `let` is preferred over `letI`.
verify	Verify G6 frozen sources serially	2026-10-07T16:38:17.1406133Z The difference between `let` and `letI` is that `letI` inlines the value.
verify	Verify G6 frozen sources serially	2026-10-07T16:38:17.1406879Z But this is not relevant for proofs because of proof irrelevance.
verify	Verify G6 frozen sources serially	2026-10-07T16:38:17.1407339Z 
verify	Verify G6 frozen sources serially	2026-10-07T16:38:17.1407625Z Note: This linter can be disabled with `set_option linter.style.haveILetI false`
verify	Verify G6 frozen sources serially	2026-10-07T16:38:17.1408620Z 'GProgram.G4.PairClocks.private_arms_no_first_merge' depends on axioms: [propext, Classical.choice, Quot.sound]
verify	Verify G6 frozen sources serially	2026-10-07T16:38:17.1409977Z 'GProgram.G4.PairClocks.livePair_card' depends on axioms: [propext, Classical.choice, Quot.sound]
verify	Verify G6 frozen sources serially	2026-10-07T16:38:17.1412481Z 'GProgram.G4.PairClocks.all_root_no_first_merge' depends on axioms: [propext, Classical.choice, Quot.sound]
verify	Verify G6 frozen sources serially	2026-10-07T16:38:17.1413864Z 'GProgram.G4.PairClocks.product_clock_eq_holding_model' depends on axioms: [propext, Classical.choice, Quot.sound]
verify	Verify G6 frozen sources serially	2026-10-07T16:38:17.1416898Z G6_RECEIPT {"argv": ["lake", "env", "lean", "--trust=0", "-j1", "-M4096", "-o", "/home/runner/work/_temp/g6-cloud-build/.lake/build/lib/lean/G4AllRootPairClocks.olean", "/home/runner/work/_temp/g6-cloud-build/Imported/G4AllRootPairClocks.lean"], "start": "2026-10-07T16:38:14.339352+00:00", "end": "2026-10-07T16:38:17.139971+00:00", "exit": 0, "output_sha256": "7ab290630c57eec022c564a4e035d33e5101c865684b517a03dc71d5dcb0767d"}
verify	Verify G6 frozen sources serially	2026-10-07T16:38:17.1421891Z G6_COMMAND {"argv": ["lake", "env", "lean", "--trust=0", "-j1", "-M4096", "-o", "/home/runner/work/_temp/g6-cloud-build/.lake/build/lib/lean/G4PathResolvedMeasurement.olean", "/home/runner/work/_temp/g6-cloud-build/Imported/G4PathResolvedMeasurement.lean"], "cwd": "/home/runner/work/_temp/g6-cloud-build", "start": "2026-10-07T16:38:17.140406+00:00"}
verify	Verify G6 frozen sources serially	2026-10-07T16:38:40.4392488Z /home/runner/work/_temp/g6-cloud-build/Imported/G4PathResolvedMeasurement.lean:54:0: warning: automatically included section variable(s) unused in theorem `GProgram.G4.PathResolved.itineraryMass_pos`:
verify	Verify G6 frozen sources serially	2026-10-07T16:38:40.4394342Z   [DecidableEq Site]
verify	Verify G6 frozen sources serially	2026-10-07T16:38:40.4395406Z consider restructuring your `variable` declarations so that the variables are not in scope or explicitly omit them:
verify	Verify G6 frozen sources serially	2026-10-07T16:38:40.4396543Z   omit [DecidableEq Site] in theorem ...
verify	Verify G6 frozen sources serially	2026-10-07T16:38:40.4397340Z 
verify	Verify G6 frozen sources serially	2026-10-07T16:38:40.4397742Z Note: This linter can be disabled with `set_option linter.unusedSectionVars false`
verify	Verify G6 frozen sources serially	2026-10-07T16:38:40.4399667Z /home/runner/work/_temp/g6-cloud-build/Imported/G4PathResolvedMeasurement.lean:71:0: warning: automatically included section variable(s) unused in theorem `GProgram.G4.PathResolved.original_source_joint_itinerary_likelihood`:
verify	Verify G6 frozen sources serially	2026-10-07T16:38:40.4401633Z   [DecidableEq Site]
verify	Verify G6 frozen sources serially	2026-10-07T16:38:40.4402440Z consider restructuring your `variable` declarations so that the variables are not in scope or explicitly omit them:
verify	Verify G6 frozen sources serially	2026-10-07T16:38:40.4403347Z   omit [DecidableEq Site] in theorem ...
verify	Verify G6 frozen sources serially	2026-10-07T16:38:40.4403664Z 
verify	Verify G6 frozen sources serially	2026-10-07T16:38:40.4404033Z Note: This linter can be disabled with `set_option linter.unusedSectionVars false`
verify	Verify G6 frozen sources serially	2026-10-07T16:38:40.4405685Z /home/runner/work/_temp/g6-cloud-build/Imported/G4PathResolvedMeasurement.lean:107:0: warning: automatically included section variable(s) unused in theorem `GProgram.G4.PathResolved.totalNoMerger_pos`:
verify	Verify G6 frozen sources serially	2026-10-07T16:38:40.4407354Z   [DecidableEq Site]
verify	Verify G6 frozen sources serially	2026-10-07T16:38:40.4408121Z consider restructuring your `variable` declarations so that the variables are not in scope or explicitly omit them:
verify	Verify G6 frozen sources serially	2026-10-07T16:38:40.4409015Z   omit [DecidableEq Site] in theorem ...
verify	Verify G6 frozen sources serially	2026-10-07T16:38:40.4409350Z 
verify	Verify G6 frozen sources serially	2026-10-07T16:38:40.4409746Z Note: This linter can be disabled with `set_option linter.unusedSectionVars false`
verify	Verify G6 frozen sources serially	2026-10-07T16:38:40.4411870Z /home/runner/work/_temp/g6-cloud-build/Imported/G4PathResolvedMeasurement.lean:111:0: warning: automatically included section variable(s) unused in theorem `GProgram.G4.PathResolved.totalNoMerger_lt_one`:
verify	Verify G6 frozen sources serially	2026-10-07T16:38:40.4413388Z   [DecidableEq Site]
verify	Verify G6 frozen sources serially	2026-10-07T16:38:40.4414201Z consider restructuring your `variable` declarations so that the variables are not in scope or explicitly omit them:
verify	Verify G6 frozen sources serially	2026-10-07T16:38:40.4415120Z   omit [DecidableEq Site] in theorem ...
verify	Verify G6 frozen sources serially	2026-10-07T16:38:40.4415439Z 
verify	Verify G6 frozen sources serially	2026-10-07T16:38:40.4415823Z Note: This linter can be disabled with `set_option linter.unusedSectionVars false`
verify	Verify G6 frozen sources serially	2026-10-07T16:38:40.4417682Z /home/runner/work/_temp/g6-cloud-build/Imported/G4PathResolvedMeasurement.lean:199:0: warning: automatically included section variable(s) unused in theorem `GProgram.G4.PathResolved.complete_original_parent_readout_injective`:
verify	Verify G6 frozen sources serially	2026-10-07T16:38:40.4419303Z   [Fintype Site]
verify	Verify G6 frozen sources serially	2026-10-07T16:38:40.4419663Z   [DecidableEq Site]
verify	Verify G6 frozen sources serially	2026-10-07T16:38:40.4420015Z   [DecidableEq E]
verify	Verify G6 frozen sources serially	2026-10-07T16:38:40.4421251Z consider restructuring your `variable` declarations so that the variables are not in scope or explicitly omit them:
verify	Verify G6 frozen sources serially	2026-10-07T16:38:40.4422359Z   omit [Fintype Site] [DecidableEq Site] [DecidableEq E] in theorem ...
verify	Verify G6 frozen sources serially	2026-10-07T16:38:40.4422831Z 
verify	Verify G6 frozen sources serially	2026-10-07T16:38:40.4423218Z Note: This linter can be disabled with `set_option linter.unusedSectionVars false`
verify	Verify G6 frozen sources serially	2026-10-07T16:38:40.4424937Z /home/runner/work/_temp/g6-cloud-build/Imported/G4PathResolvedMeasurement.lean:296:0: warning: automatically included section variable(s) unused in theorem `GProgram.G4.PathResolved.cycle_term_factor`:
verify	Verify G6 frozen sources serially	2026-10-07T16:38:40.4426459Z   [DecidableEq Site]
verify	Verify G6 frozen sources serially	2026-10-07T16:38:40.4427296Z consider restructuring your `variable` declarations so that the variables are not in scope or explicitly omit them:
verify	Verify G6 frozen sources serially	2026-10-07T16:38:40.4428275Z   omit [DecidableEq Site] in theorem ...
verify	Verify G6 frozen sources serially	2026-10-07T16:38:40.4428601Z 
verify	Verify G6 frozen sources serially	2026-10-07T16:38:40.4428975Z Note: This linter can be disabled with `set_option linter.unusedSectionVars false`
verify	Verify G6 frozen sources serially	2026-10-07T16:38:40.4430951Z /home/runner/work/_temp/g6-cloud-build/Imported/G4PathResolvedMeasurement.lean:387:0: warning: automatically included section variable(s) unused in theorem `GProgram.G4.PathResolved.ordinaryScalar_pos`:
verify	Verify G6 frozen sources serially	2026-10-07T16:38:40.4432510Z   [DecidableEq Site]
verify	Verify G6 frozen sources serially	2026-10-07T16:38:40.4433341Z consider restructuring your `variable` declarations so that the variables are not in scope or explicitly omit them:
verify	Verify G6 frozen sources serially	2026-10-07T16:38:40.4434275Z   omit [DecidableEq Site] in theorem ...
verify	Verify G6 frozen sources serially	2026-10-07T16:38:40.4434605Z 
verify	Verify G6 frozen sources serially	2026-10-07T16:38:40.4434984Z Note: This linter can be disabled with `set_option linter.unusedSectionVars false`
verify	Verify G6 frozen sources serially	2026-10-07T16:38:40.4437314Z /home/runner/work/_temp/g6-cloud-build/Imported/G4PathResolvedMeasurement.lean:391:0: warning: automatically included section variable(s) unused in theorem `GProgram.G4.PathResolved.totalNoMerger_factorization`:
verify	Verify G6 frozen sources serially	2026-10-07T16:38:40.4438949Z   [DecidableEq Site]
verify	Verify G6 frozen sources serially	2026-10-07T16:38:40.4439784Z consider restructuring your `variable` declarations so that the variables are not in scope or explicitly omit them:
verify	Verify G6 frozen sources serially	2026-10-07T16:38:40.4441103Z   omit [DecidableEq Site] in theorem ...
verify	Verify G6 frozen sources serially	2026-10-07T16:38:40.4441450Z 
verify	Verify G6 frozen sources serially	2026-10-07T16:38:40.4442064Z Note: This linter can be disabled with `set_option linter.unusedSectionVars false`
verify	Verify G6 frozen sources serially	2026-10-07T16:38:40.4443153Z /home/runner/work/_temp/g6-cloud-build/Imported/G4PathResolvedMeasurement.lean:486:4: warning: Try this: 
verify	Verify G6 frozen sources serially	2026-10-07T16:38:40.4444410Z   letI̵
verify	Verify G6 frozen sources serially	2026-10-07T16:38:40.4444627Z 
verify	Verify G6 frozen sources serially	2026-10-07T16:38:40.4444904Z The goal is a proposition, so `let` is preferred over `letI`.
verify	Verify G6 frozen sources serially	2026-10-07T16:38:40.4446185Z The difference between `let` and `letI` is that `letI` inlines the value.
verify	Verify G6 frozen sources serially	2026-10-07T16:38:40.4447018Z But this is not relevant for proofs because of proof irrelevance.
verify	Verify G6 frozen sources serially	2026-10-07T16:38:40.4447483Z 
verify	Verify G6 frozen sources serially	2026-10-07T16:38:40.4447880Z Note: This linter can be disabled with `set_option linter.style.haveILetI false`
verify	Verify G6 frozen sources serially	2026-10-07T16:38:40.4449007Z /home/runner/work/_temp/g6-cloud-build/Imported/G4PathResolvedMeasurement.lean:492:4: warning: Try this: 
verify	Verify G6 frozen sources serially	2026-10-07T16:38:40.4449987Z   letI̵
verify	Verify G6 frozen sources serially	2026-10-07T16:38:40.4450173Z 
verify	Verify G6 frozen sources serially	2026-10-07T16:38:40.4450748Z The goal is a proposition, so `let` is preferred over `letI`.
verify	Verify G6 frozen sources serially	2026-10-07T16:38:40.4451518Z The difference between `let` and `letI` is that `letI` inlines the value.
verify	Verify G6 frozen sources serially	2026-10-07T16:38:40.4452324Z But this is not relevant for proofs because of proof irrelevance.
verify	Verify G6 frozen sources serially	2026-10-07T16:38:40.4452781Z 
verify	Verify G6 frozen sources serially	2026-10-07T16:38:40.4453141Z Note: This linter can be disabled with `set_option linter.style.haveILetI false`
verify	Verify G6 frozen sources serially	2026-10-07T16:38:40.4454188Z 'GProgram.G4.PathResolved.original_all_input_arm_clock_likelihood' depends on axioms: [propext,
verify	Verify G6 frozen sources serially	2026-10-07T16:38:40.4455024Z  Classical.choice,
verify	Verify G6 frozen sources serially	2026-10-07T16:38:40.4455363Z  Quot.sound]
verify	Verify G6 frozen sources serially	2026-10-07T16:38:40.4456001Z 'GProgram.G4.PathResolved.original_two_live_root_clock_branch' depends on axioms: [propext,
verify	Verify G6 frozen sources serially	2026-10-07T16:38:40.4456780Z  Classical.choice,
verify	Verify G6 frozen sources serially	2026-10-07T16:38:40.4457116Z  Quot.sound]
verify	Verify G6 frozen sources serially	2026-10-07T16:38:40.4457893Z 'GProgram.G4.PathResolved.joint_record_cons_recursion' depends on axioms: [propext, Classical.choice, Quot.sound]
verify	Verify G6 frozen sources serially	2026-10-07T16:38:40.4459258Z 'GProgram.G4.PathResolved.failure_cons_recursion' depends on axioms: [propext, Classical.choice, Quot.sound]
verify	Verify G6 frozen sources serially	2026-10-07T16:38:40.4460918Z 'GProgram.G4.PathResolved.path_resolved_ordinary_detection' depends on axioms: [propext, Classical.choice, Quot.sound]
verify	Verify G6 frozen sources serially	2026-10-07T16:38:40.4462210Z 'GProgram.G4.PathResolved.normalized_PMF_data_C4_reconstruction' depends on axioms: [propext,
verify	Verify G6 frozen sources serially	2026-10-07T16:38:40.4463037Z  Classical.choice,
verify	Verify G6 frozen sources serially	2026-10-07T16:38:40.4463380Z  Quot.sound]
verify	Verify G6 frozen sources serially	2026-10-07T16:38:40.4464201Z 'GProgram.G4.PathResolved.sourceC4_strict_of_genuine_bigon' depends on axioms: [propext, Classical.choice, Quot.sound]
verify	Verify G6 frozen sources serially	2026-10-07T16:38:40.4465602Z 'GProgram.G4.PathResolved.ordinary_no_bigon_scalar' depends on axioms: [propext, Classical.choice, Quot.sound]
verify	Verify G6 frozen sources serially	2026-10-07T16:38:40.4466992Z 'GProgram.G4.PathResolved.sourceC4_word_factorization' depends on axioms: [propext, Classical.choice, Quot.sound]
verify	Verify G6 frozen sources serially	2026-10-07T16:38:40.4468351Z 'GProgram.G4.PathResolved.positive_bigon_C4_strict' depends on axioms: [propext, Classical.choice, Quot.sound]
verify	Verify G6 frozen sources serially	2026-10-07T16:38:40.4469773Z 'GProgram.G4.PathResolved.sourcePairPMF_joint_record' depends on axioms: [propext, Classical.choice, Quot.sound]
verify	Verify G6 frozen sources serially	2026-10-07T16:38:40.4471582Z 'GProgram.G4.PathResolved.all_input_edge_clock_survival' depends on axioms: [propext, Classical.choice, Quot.sound]
verify	Verify G6 frozen sources serially	2026-10-07T16:38:40.4473017Z 'GProgram.G4.PathResolved.observed_mass_cons_recursion' depends on axioms: [propext, Classical.choice, Quot.sound]
verify	Verify G6 frozen sources serially	2026-10-07T16:38:40.4474339Z 'GProgram.G4.PathResolved.complete_original_parent_readout_injective' depends on axioms: [propext,
verify	Verify G6 frozen sources serially	2026-10-07T16:38:40.4475445Z  Classical.choice,
verify	Verify G6 frozen sources serially	2026-10-07T16:38:40.4475794Z  Quot.sound]
verify	Verify G6 frozen sources serially	2026-10-07T16:38:40.4476512Z 'GProgram.G4.PathResolved.original_source_joint_itinerary_likelihood' depends on axioms: [propext,
verify	Verify G6 frozen sources serially	2026-10-07T16:38:40.4477376Z  Classical.choice,
verify	Verify G6 frozen sources serially	2026-10-07T16:38:40.4477737Z  Quot.sound]
verify	Verify G6 frozen sources serially	2026-10-07T16:38:40.4478551Z 'GProgram.G4.PathResolved.complete_joint_no_merger_mass' depends on axioms: [propext, Classical.choice, Quot.sound]
verify	Verify G6 frozen sources serially	2026-10-07T16:38:40.4480009Z 'GProgram.G4.PathResolved.reconstructed_kernel_eq_original' depends on axioms: [propext, Classical.choice, Quot.sound]
verify	Verify G6 frozen sources serially	2026-10-07T16:38:40.4481726Z 'GProgram.G4.PathResolved.path_resolved_C4_reconstruction' depends on axioms: [propext, Classical.choice, Quot.sound]
verify	Verify G6 frozen sources serially	2026-10-07T16:38:40.4484952Z G6_RECEIPT {"argv": ["lake", "env", "lean", "--trust=0", "-j1", "-M4096", "-o", "/home/runner/work/_temp/g6-cloud-build/.lake/build/lib/lean/G4PathResolvedMeasurement.olean", "/home/runner/work/_temp/g6-cloud-build/Imported/G4PathResolvedMeasurement.lean"], "start": "2026-10-07T16:38:17.140406+00:00", "end": "2026-10-07T16:38:40.435910+00:00", "exit": 0, "output_sha256": "2ac48a7c4227c18065f922d1ca6d474e8bb595fba3ff63240a53f8d7e568407d"}
verify	Verify G6 frozen sources serially	2026-10-07T16:38:40.4489816Z G6_COMMAND {"argv": ["lake", "env", "lean", "--trust=0", "-j1", "-M4096", "-o", "/home/runner/work/_temp/g6-cloud-build/.lake/build/lib/lean/UnifiedLean/Source/NativeParentRouting.olean", "/home/runner/work/_temp/g6-cloud-build/UnifiedLean/Source/NativeParentRouting.lean"], "cwd": "/home/runner/work/_temp/g6-cloud-build", "start": "2026-10-07T16:38:40.436386+00:00"}
verify	Verify G6 frozen sources serially	2026-10-07T16:38:43.7462680Z /home/runner/work/_temp/g6-cloud-build/UnifiedLean/Source/NativeParentRouting.lean:30:0: warning: automatically included section variable(s) unused in theorem `UnifiedLean.Source.NativeParentRouting.original_incoming_exists`:
verify	Verify G6 frozen sources serially	2026-10-07T16:38:43.7463807Z   [DecidableEq E]
verify	Verify G6 frozen sources serially	2026-10-07T16:38:43.7464299Z consider restructuring your `variable` declarations so that the variables are not in scope or explicitly omit them:
verify	Verify G6 frozen sources serially	2026-10-07T16:38:43.7464911Z   omit [DecidableEq E] in theorem ...
verify	Verify G6 frozen sources serially	2026-10-07T16:38:43.7465111Z 
verify	Verify G6 frozen sources serially	2026-10-07T16:38:43.7465342Z Note: This linter can be disabled with `set_option linter.unusedSectionVars false`
verify	Verify G6 frozen sources serially	2026-10-07T16:38:43.7466611Z /home/runner/work/_temp/g6-cloud-build/UnifiedLean/Source/NativeParentRouting.lean:65:0: warning: automatically included section variable(s) unused in theorem `UnifiedLean.Source.NativeParentRouting.registry_parent_target`:
verify	Verify G6 frozen sources serially	2026-10-07T16:38:43.7468138Z   [DecidableEq E]
verify	Verify G6 frozen sources serially	2026-10-07T16:38:43.7468825Z consider restructuring your `variable` declarations so that the variables are not in scope or explicitly omit them:
verify	Verify G6 frozen sources serially	2026-10-07T16:38:43.7469762Z   omit [DecidableEq E] in theorem ...
verify	Verify G6 frozen sources serially	2026-10-07T16:38:43.7470073Z 
verify	Verify G6 frozen sources serially	2026-10-07T16:38:43.7494018Z Note: This linter can be disabled with `set_option linter.unusedSectionVars false`
verify	Verify G6 frozen sources serially	2026-10-07T16:38:43.7495441Z /home/runner/work/_temp/g6-cloud-build/UnifiedLean/Source/NativeParentRouting.lean:102:4: warning: Try `simp at hm` instead of `simpa using hm`
verify	Verify G6 frozen sources serially	2026-10-07T16:38:43.7496458Z 
verify	Verify G6 frozen sources serially	2026-10-07T16:38:43.7496852Z Note: This linter can be disabled with `set_option linter.unnecessarySimpa false`
verify	Verify G6 frozen sources serially	2026-10-07T16:38:43.7498737Z /home/runner/work/_temp/g6-cloud-build/UnifiedLean/Source/NativeParentRouting.lean:87:0: warning: automatically included section variable(s) unused in theorem `UnifiedLean.Source.NativeParentRouting.olderRank_edge_decreases`:
verify	Verify G6 frozen sources serially	2026-10-07T16:38:43.7500599Z   [DecidableEq E]
verify	Verify G6 frozen sources serially	2026-10-07T16:38:43.7501405Z consider restructuring your `variable` declarations so that the variables are not in scope or explicitly omit them:
verify	Verify G6 frozen sources serially	2026-10-07T16:38:43.7502355Z   omit [DecidableEq E] in theorem ...
verify	Verify G6 frozen sources serially	2026-10-07T16:38:43.7502708Z 
verify	Verify G6 frozen sources serially	2026-10-07T16:38:43.7503093Z Note: This linter can be disabled with `set_option linter.unusedSectionVars false`
verify	Verify G6 frozen sources serially	2026-10-07T16:38:43.7504970Z /home/runner/work/_temp/g6-cloud-build/UnifiedLean/Source/NativeParentRouting.lean:109:0: warning: automatically included section variable(s) unused in theorem `UnifiedLean.Source.NativeParentRouting.selector_edge_respects`:
verify	Verify G6 frozen sources serially	2026-10-07T16:38:43.7506896Z   [DecidableEq E]
verify	Verify G6 frozen sources serially	2026-10-07T16:38:43.7507693Z consider restructuring your `variable` declarations so that the variables are not in scope or explicitly omit them:
verify	Verify G6 frozen sources serially	2026-10-07T16:38:43.7508597Z   omit [DecidableEq E] in theorem ...
verify	Verify G6 frozen sources serially	2026-10-07T16:38:43.7508892Z 
verify	Verify G6 frozen sources serially	2026-10-07T16:38:43.7509254Z Note: This linter can be disabled with `set_option linter.unusedSectionVars false`
verify	Verify G6 frozen sources serially	2026-10-07T16:38:43.7510507Z 'UnifiedLean.Source.NativeParentRouting.original_incoming_exists' depends on axioms: [propext,
verify	Verify G6 frozen sources serially	2026-10-07T16:38:43.7511331Z  Classical.choice,
verify	Verify G6 frozen sources serially	2026-10-07T16:38:43.7511759Z  Quot.sound]
verify	Verify G6 frozen sources serially	2026-10-07T16:38:43.7512487Z 'UnifiedLean.Source.NativeParentRouting.original_parent_ordering_exists' depends on axioms: [propext,
verify	Verify G6 frozen sources serially	2026-10-07T16:38:43.7513319Z  Classical.choice,
verify	Verify G6 frozen sources serially	2026-10-07T16:38:43.7513631Z  Quot.sound]
verify	Verify G6 frozen sources serially	2026-10-07T16:38:43.7514287Z 'UnifiedLean.Source.NativeParentRouting.registry_parent_target' depends on axioms: [propext,
verify	Verify G6 frozen sources serially	2026-10-07T16:38:43.7515334Z  Classical.choice,
verify	Verify G6 frozen sources serially	2026-10-07T16:38:43.7515648Z  Quot.sound]
verify	Verify G6 frozen sources serially	2026-10-07T16:38:43.7516324Z 'UnifiedLean.Source.NativeParentRouting.olderRank_edge_decreases' depends on axioms: [propext,
verify	Verify G6 frozen sources serially	2026-10-07T16:38:43.7517176Z  Classical.choice,
verify	Verify G6 frozen sources serially	2026-10-07T16:38:43.7517561Z  Quot.sound]
verify	Verify G6 frozen sources serially	2026-10-07T16:38:43.7518366Z 'UnifiedLean.Source.NativeParentRouting.compiled_original_parent_consistency' depends on axioms: [propext,
verify	Verify G6 frozen sources serially	2026-10-07T16:38:43.7519376Z  Classical.choice,
verify	Verify G6 frozen sources serially	2026-10-07T16:38:43.7519724Z  Quot.sound]
verify	Verify G6 frozen sources serially	2026-10-07T16:38:43.7520688Z 'UnifiedLean.Source.NativeParentRouting.selected_original_path_exists' depends on axioms: [propext,
verify	Verify G6 frozen sources serially	2026-10-07T16:38:43.7521603Z  Classical.choice,
verify	Verify G6 frozen sources serially	2026-10-07T16:38:43.7521949Z  Quot.sound]
verify	Verify G6 frozen sources serially	2026-10-07T16:38:43.7522657Z 'UnifiedLean.Source.NativeParentRouting.compiledRoute_source_spec' depends on axioms: [propext,
verify	Verify G6 frozen sources serially	2026-10-07T16:38:43.7523499Z  Classical.choice,
verify	Verify G6 frozen sources serially	2026-10-07T16:38:43.7523853Z  Quot.sound]
verify	Verify G6 frozen sources serially	2026-10-07T16:38:43.7526472Z G6_RECEIPT {"argv": ["lake", "env", "lean", "--trust=0", "-j1", "-M4096", "-o", "/home/runner/work/_temp/g6-cloud-build/.lake/build/lib/lean/UnifiedLean/Source/NativeParentRouting.olean", "/home/runner/work/_temp/g6-cloud-build/UnifiedLean/Source/NativeParentRouting.lean"], "start": "2026-10-07T16:38:40.436386+00:00", "end": "2026-10-07T16:38:43.746066+00:00", "exit": 0, "output_sha256": "a5049abb6c9d63bac6c059a4061d30c30a1bd669d4061436004ea708a344374b"}
verify	Verify G6 frozen sources serially	2026-10-07T16:38:43.7531468Z G6_COMMAND {"argv": ["lake", "env", "lean", "--trust=0", "-j1", "-M4096", "-o", "/home/runner/work/_temp/g6-cloud-build/.lake/build/lib/lean/UnifiedLean/Source/NativePairClockLaw.olean", "/home/runner/work/_temp/g6-cloud-build/UnifiedLean/Source/NativePairClockLaw.lean"], "cwd": "/home/runner/work/_temp/g6-cloud-build", "start": "2026-10-07T16:38:43.746448+00:00"}
verify	Verify G6 frozen sources serially	2026-10-07T16:38:46.9967557Z /home/runner/work/_temp/g6-cloud-build/UnifiedLean/Source/NativePairClockLaw.lean:36:0: warning: automatically included section variable(s) unused in theorem `UnifiedLean.Source.NativePairClockLaw.pairRate_pos`:
verify	Verify G6 frozen sources serially	2026-10-07T16:38:46.9969249Z   [Fintype E]
verify	Verify G6 frozen sources serially	2026-10-07T16:38:46.9969606Z   [DecidableEq E]
verify	Verify G6 frozen sources serially	2026-10-07T16:38:46.9970689Z consider restructuring your `variable` declarations so that the variables are not in scope or explicitly omit them:
verify	Verify G6 frozen sources serially	2026-10-07T16:38:46.9971657Z   omit [Fintype E] [DecidableEq E] in theorem ...
verify	Verify G6 frozen sources serially	2026-10-07T16:38:46.9971894Z 
verify	Verify G6 frozen sources serially	2026-10-07T16:38:46.9972130Z Note: This linter can be disabled with `set_option linter.unusedSectionVars false`
verify	Verify G6 frozen sources serially	2026-10-07T16:38:46.9972812Z /home/runner/work/_temp/g6-cloud-build/UnifiedLean/Source/NativePairClockLaw.lean:77:2: warning: Try this: 
verify	Verify G6 frozen sources serially	2026-10-07T16:38:46.9973544Z   letI̵
verify	Verify G6 frozen sources serially	2026-10-07T16:38:46.9973711Z 
verify	Verify G6 frozen sources serially	2026-10-07T16:38:46.9973990Z The goal is a proposition, so `let` is preferred over `letI`.
verify	Verify G6 frozen sources serially	2026-10-07T16:38:46.9974646Z The difference between `let` and `letI` is that `letI` inlines the value.
verify	Verify G6 frozen sources serially	2026-10-07T16:38:46.9975123Z But this is not relevant for proofs because of proof irrelevance.
verify	Verify G6 frozen sources serially	2026-10-07T16:38:46.9975657Z 
verify	Verify G6 frozen sources serially	2026-10-07T16:38:46.9975871Z Note: This linter can be disabled with `set_option linter.style.haveILetI false`
verify	Verify G6 frozen sources serially	2026-10-07T16:38:46.9976503Z /home/runner/work/_temp/g6-cloud-build/UnifiedLean/Source/NativePairClockLaw.lean:89:2: warning: Try this: 
verify	Verify G6 frozen sources serially	2026-10-07T16:38:46.9977053Z   letI̵
verify	Verify G6 frozen sources serially	2026-10-07T16:38:46.9977154Z 
verify	Verify G6 frozen sources serially	2026-10-07T16:38:46.9977316Z The goal is a proposition, so `let` is preferred over `letI`.
verify	Verify G6 frozen sources serially	2026-10-07T16:38:46.9977743Z The difference between `let` and `letI` is that `letI` inlines the value.
verify	Verify G6 frozen sources serially	2026-10-07T16:38:46.9978205Z But this is not relevant for proofs because of proof irrelevance.
verify	Verify G6 frozen sources serially	2026-10-07T16:38:46.9978470Z 
verify	Verify G6 frozen sources serially	2026-10-07T16:38:46.9978688Z Note: This linter can be disabled with `set_option linter.style.haveILetI false`
verify	Verify G6 frozen sources serially	2026-10-07T16:38:46.9979347Z 'UnifiedLean.Source.NativePairClockLaw.pairRate_pos' depends on axioms: [propext, Classical.choice, Quot.sound]
verify	Verify G6 frozen sources serially	2026-10-07T16:38:46.9980166Z 'UnifiedLean.Source.NativePairClockLaw.noFirstMerger_iff' depends on axioms: [propext, Classical.choice, Quot.sound]
verify	Verify G6 frozen sources serially	2026-10-07T16:38:46.9981433Z 'UnifiedLean.Source.NativePairClockLaw.positive_exp_clock_tail' depends on axioms: [propext,
verify	Verify G6 frozen sources serially	2026-10-07T16:38:46.9981921Z  Classical.choice,
verify	Verify G6 frozen sources serially	2026-10-07T16:38:46.9982123Z  Quot.sound]
verify	Verify G6 frozen sources serially	2026-10-07T16:38:46.9982566Z 'UnifiedLean.Source.NativePairClockLaw.original_clock_no_merger_probability' depends on axioms: [propext,
verify	Verify G6 frozen sources serially	2026-10-07T16:38:46.9983086Z  Classical.choice,
verify	Verify G6 frozen sources serially	2026-10-07T16:38:46.9983301Z  Quot.sound]
verify	Verify G6 frozen sources serially	2026-10-07T16:38:46.9983701Z 'UnifiedLean.Source.NativePairClockLaw.native_hazard_decomposition' depends on axioms: [propext,
verify	Verify G6 frozen sources serially	2026-10-07T16:38:46.9984170Z  Classical.choice,
verify	Verify G6 frozen sources serially	2026-10-07T16:38:46.9984357Z  Quot.sound]
verify	Verify G6 frozen sources serially	2026-10-07T16:38:46.9984800Z 'UnifiedLean.Source.NativePairClockLaw.original_clock_survival_eq_routeSurvival' depends on axioms: [propext,
verify	Verify G6 frozen sources serially	2026-10-07T16:38:46.9985316Z  Classical.choice,
verify	Verify G6 frozen sources serially	2026-10-07T16:38:46.9985500Z  Quot.sound]
verify	Verify G6 frozen sources serially	2026-10-07T16:38:46.9985899Z 'UnifiedLean.Source.NativePairClockLaw.below_root_original_clock_law' depends on axioms: [propext,
verify	Verify G6 frozen sources serially	2026-10-07T16:38:46.9986380Z  Classical.choice,
verify	Verify G6 frozen sources serially	2026-10-07T16:38:46.9986572Z  Quot.sound]
verify	Verify G6 frozen sources serially	2026-10-07T16:38:46.9986993Z 'UnifiedLean.Source.NativePairClockLaw.compiled_original_pair_probability' depends on axioms: [propext,
verify	Verify G6 frozen sources serially	2026-10-07T16:38:46.9987489Z  Classical.choice,
verify	Verify G6 frozen sources serially	2026-10-07T16:38:46.9987676Z  Quot.sound]
verify	Verify G6 frozen sources serially	2026-10-07T16:38:46.9989158Z G6_RECEIPT {"argv": ["lake", "env", "lean", "--trust=0", "-j1", "-M4096", "-o", "/home/runner/work/_temp/g6-cloud-build/.lake/build/lib/lean/UnifiedLean/Source/NativePairClockLaw.olean", "/home/runner/work/_temp/g6-cloud-build/UnifiedLean/Source/NativePairClockLaw.lean"], "start": "2026-10-07T16:38:43.746448+00:00", "end": "2026-10-07T16:38:46.996532+00:00", "exit": 0, "output_sha256": "25def2788a1b75618f86cfa04e06b2140ecdadfcfe737a8ce3748f9a4be1906b"}
verify	Verify G6 frozen sources serially	2026-10-07T16:38:46.9992524Z G6_COMMAND {"argv": ["lake", "env", "lean", "--trust=0", "-j1", "-M4096", "-o", "/home/runner/work/_temp/g6-cloud-build/.lake/build/lib/lean/UnifiedLean/Source/UniformizedSourceStep.olean", "/home/runner/work/_temp/g6-cloud-build/UnifiedLean/Source/UniformizedSourceStep.lean"], "cwd": "/home/runner/work/_temp/g6-cloud-build", "start": "2026-10-07T16:38:46.996911+00:00"}
verify	Verify G6 frozen sources serially	2026-10-07T16:38:50.6345172Z /home/runner/work/_temp/g6-cloud-build/UnifiedLean/Source/UniformizedSourceStep.lean:37:0: warning: automatically included section variable(s) unused in theorem `UnifiedLean.Source.UniformizedSourceStep.originalPlace_not_node`:
verify	Verify G6 frozen sources serially	2026-10-07T16:38:50.6346534Z   [DecidableEq E]
verify	Verify G6 frozen sources serially	2026-10-07T16:38:50.6347486Z consider restructuring your `variable` declarations so that the variables are not in scope or explicitly omit them:
verify	Verify G6 frozen sources serially	2026-10-07T16:38:50.6348492Z   omit [DecidableEq E] in theorem ...
verify	Verify G6 frozen sources serially	2026-10-07T16:38:50.6348820Z 
verify	Verify G6 frozen sources serially	2026-10-07T16:38:50.6349220Z Note: This linter can be disabled with `set_option linter.unusedSectionVars false`
verify	Verify G6 frozen sources serially	2026-10-07T16:38:50.6351418Z /home/runner/work/_temp/g6-cloud-build/UnifiedLean/Source/UniformizedSourceStep.lean:60:0: warning: automatically included section variable(s) unused in theorem `UnifiedLean.Source.UniformizedSourceStep.globalRateBound_positive`:
verify	Verify G6 frozen sources serially	2026-10-07T16:38:50.6353486Z   [DecidableEq Copy]
verify	Verify G6 frozen sources serially	2026-10-07T16:38:50.6354299Z consider restructuring your `variable` declarations so that the variables are not in scope or explicitly omit them:
verify	Verify G6 frozen sources serially	2026-10-07T16:38:50.6355255Z   omit [DecidableEq Copy] in theorem ...
verify	Verify G6 frozen sources serially	2026-10-07T16:38:50.6355580Z 
verify	Verify G6 frozen sources serially	2026-10-07T16:38:50.6355967Z Note: This linter can be disabled with `set_option linter.unusedSectionVars false`
verify	Verify G6 frozen sources serially	2026-10-07T16:38:50.6357874Z /home/runner/work/_temp/g6-cloud-build/UnifiedLean/Source/UniformizedSourceStep.lean:67:0: warning: automatically included section variable(s) unused in theorem `UnifiedLean.Source.UniformizedSourceStep.totalRate_nonnegative`:
verify	Verify G6 frozen sources serially	2026-10-07T16:38:50.6359543Z   [Fintype Copy]
verify	Verify G6 frozen sources serially	2026-10-07T16:38:50.6360600Z consider restructuring your `variable` declarations so that the variables are not in scope or explicitly omit them:
verify	Verify G6 frozen sources serially	2026-10-07T16:38:50.6361545Z   omit [Fintype Copy] in theorem ...
verify	Verify G6 frozen sources serially	2026-10-07T16:38:50.6362107Z 
verify	Verify G6 frozen sources serially	2026-10-07T16:38:50.6362503Z Note: This linter can be disabled with `set_option linter.unusedSectionVars false`
verify	Verify G6 frozen sources serially	2026-10-07T16:38:50.6363641Z 'UnifiedLean.Source.UniformizedSourceStep.totalRate_le_globalRateBound' depends on axioms: [propext,
verify	Verify G6 frozen sources serially	2026-10-07T16:38:50.6364549Z  Classical.choice,
verify	Verify G6 frozen sources serially	2026-10-07T16:38:50.6364899Z  Quot.sound]
verify	Verify G6 frozen sources serially	2026-10-07T16:38:50.6365686Z 'UnifiedLean.Source.UniformizedSourceStep.choiceMass_nonnegative' depends on axioms: [propext,
verify	Verify G6 frozen sources serially	2026-10-07T16:38:50.6366509Z  Classical.choice,
verify	Verify G6 frozen sources serially	2026-10-07T16:38:50.6366858Z  Quot.sound]
verify	Verify G6 frozen sources serially	2026-10-07T16:38:50.6367566Z 'UnifiedLean.Source.UniformizedSourceStep.choiceMass_normalized' depends on axioms: [propext,
verify	Verify G6 frozen sources serially	2026-10-07T16:38:50.6368432Z  Classical.choice,
verify	Verify G6 frozen sources serially	2026-10-07T16:38:50.6368754Z  Quot.sound]
verify	Verify G6 frozen sources serially	2026-10-07T16:38:50.6369562Z 'UnifiedLean.Source.UniformizedSourceStep.sourceStep' depends on axioms: [propext, Classical.choice, Quot.sound]
verify	Verify G6 frozen sources serially	2026-10-07T16:38:50.6372934Z G6_RECEIPT {"argv": ["lake", "env", "lean", "--trust=0", "-j1", "-M4096", "-o", "/home/runner/work/_temp/g6-cloud-build/.lake/build/lib/lean/UnifiedLean/Source/UniformizedSourceStep.olean", "/home/runner/work/_temp/g6-cloud-build/UnifiedLean/Source/UniformizedSourceStep.lean"], "start": "2026-10-07T16:38:46.996911+00:00", "end": "2026-10-07T16:38:50.631899+00:00", "exit": 0, "output_sha256": "346f88f652e74ad882b359cf0a08f314efd22f89897313d6c88335edf2b1f59a"}
verify	Verify G6 frozen sources serially	2026-10-07T16:38:50.6377659Z G6_COMMAND {"argv": ["lake", "env", "lean", "--trust=0", "-j1", "-M4096", "-o", "/home/runner/work/_temp/g6-cloud-build/.lake/build/lib/lean/UnifiedLean/Source/SourceForestGeneratorIntertwining.olean", "/home/runner/work/_temp/g6-cloud-build/UnifiedLean/Source/SourceForestGeneratorIntertwining.lean"], "cwd": "/home/runner/work/_temp/g6-cloud-build", "start": "2026-10-07T16:38:50.632335+00:00"}
verify	Verify G6 frozen sources serially	2026-10-07T16:38:52.7290776Z /home/runner/work/_temp/g6-cloud-build/UnifiedLean/Source/SourceForestGeneratorIntertwining.lean:79:22: warning: This simp argument is unused:
verify	Verify G6 frozen sources serially	2026-10-07T16:38:52.7292092Z   hb
verify	Verify G6 frozen sources serially	2026-10-07T16:38:52.7292258Z 
verify	Verify G6 frozen sources serially	2026-10-07T16:38:52.7292448Z Hint: Omit it from the simp argument list.
verify	Verify G6 frozen sources serially	2026-10-07T16:38:52.7292954Z   [apply] simp [merge, ha, Genealogy.prune]
verify	Verify G6 frozen sources serially	2026-10-07T16:38:52.7293289Z 
verify	Verify G6 frozen sources serially	2026-10-07T16:38:52.7293645Z Note: This linter can be disabled with `set_option linter.unusedSimpArgs false`
verify	Verify G6 frozen sources serially	2026-10-07T16:38:52.7294936Z /home/runner/work/_temp/g6-cloud-build/UnifiedLean/Source/SourceForestGeneratorIntertwining.lean:110:0: warning: automatically included section variable(s) unused in theorem `UnifiedLean.Source.SourceForestGeneratorIntertwining.visible_offDiag_subset`:
verify	Verify G6 frozen sources serially	2026-10-07T16:38:52.7296023Z   [DecidableEq V]
verify	Verify G6 frozen sources serially	2026-10-07T16:38:52.7296226Z   [DecidableEq E]
verify	Verify G6 frozen sources serially	2026-10-07T16:38:52.7296414Z   [Fintype V]
verify	Verify G6 frozen sources serially	2026-10-07T16:38:52.7296595Z   [Fintype E]
verify	Verify G6 frozen sources serially	2026-10-07T16:38:52.7296777Z   [Fintype Copy]
verify	Verify G6 frozen sources serially	2026-10-07T16:38:52.7297229Z consider restructuring your `variable` declarations so that the variables are not in scope or explicitly omit them:
verify	Verify G6 frozen sources serially	2026-10-07T16:38:52.7298172Z   omit [DecidableEq V] [DecidableEq E] [Fintype V] [Fintype E] [Fintype Copy] in theorem ...
verify	Verify G6 frozen sources serially	2026-10-07T16:38:52.7298533Z 
verify	Verify G6 frozen sources serially	2026-10-07T16:38:52.7298762Z Note: This linter can be disabled with `set_option linter.unusedSectionVars false`
verify	Verify G6 frozen sources serially	2026-10-07T16:38:52.7299435Z 'UnifiedLean.Source.SourceForestGeneratorIntertwining.viewBlockTree_source' depends on axioms: [propext,
verify	Verify G6 frozen sources serially	2026-10-07T16:38:52.7299970Z  Classical.choice,
verify	Verify G6 frozen sources serially	2026-10-07T16:38:52.7300174Z  Quot.sound]
verify	Verify G6 frozen sources serially	2026-10-07T16:38:52.7300907Z 'UnifiedLean.Source.SourceForestGeneratorIntertwining.selectedView_merge_visible' depends on axioms: [propext,
verify	Verify G6 frozen sources serially	2026-10-07T16:38:52.7301466Z  Classical.choice,
verify	Verify G6 frozen sources serially	2026-10-07T16:38:52.7301660Z  Quot.sound]
verify	Verify G6 frozen sources serially	2026-10-07T16:38:52.7302183Z 'UnifiedLean.Source.SourceForestGeneratorIntertwining.actual_population_generator_intertwining' depends on axioms: [propext,
verify	Verify G6 frozen sources serially	2026-10-07T16:38:52.7302781Z  Classical.choice,
verify	Verify G6 frozen sources serially	2026-10-07T16:38:52.7302974Z  Quot.sound]
verify	Verify G6 frozen sources serially	2026-10-07T16:38:52.7304587Z G6_RECEIPT {"argv": ["lake", "env", "lean", "--trust=0", "-j1", "-M4096", "-o", "/home/runner/work/_temp/g6-cloud-build/.lake/build/lib/lean/UnifiedLean/Source/SourceForestGeneratorIntertwining.olean", "/home/runner/work/_temp/g6-cloud-build/UnifiedLean/Source/SourceForestGeneratorIntertwining.lean"], "start": "2026-10-07T16:38:50.632335+00:00", "end": "2026-10-07T16:38:52.727258+00:00", "exit": 0, "output_sha256": "26dd8be7168fb90f4335deb631222563633f66bcf1422d8f52c022253752102c"}
verify	Verify G6 frozen sources serially	2026-10-07T16:38:52.7307546Z G6_COMMAND {"argv": ["lake", "env", "lean", "--trust=0", "-j1", "-M4096", "-o", "/home/runner/work/_temp/g6-cloud-build/.lake/build/lib/lean/UnifiedLean/Source/SourceForestIntrinsicGenerator.olean", "/home/runner/work/_temp/g6-cloud-build/UnifiedLean/Source/SourceForestIntrinsicGenerator.lean"], "cwd": "/home/runner/work/_temp/g6-cloud-build", "start": "2026-10-07T16:38:52.727655+00:00"}
verify	Verify G6 frozen sources serially	2026-10-07T16:38:54.6946534Z /home/runner/work/_temp/g6-cloud-build/UnifiedLean/Source/SourceForestIntrinsicGenerator.lean:30:0: warning: automatically included section variable(s) unused in theorem `UnifiedLean.Source.SourceForestIntrinsicGenerator.selected_view_block_leaves`:
verify	Verify G6 frozen sources serially	2026-10-07T16:38:54.6947968Z   [DecidableEq V]
verify	Verify G6 frozen sources serially	2026-10-07T16:38:54.6948309Z   [DecidableEq E]
verify	Verify G6 frozen sources serially	2026-10-07T16:38:54.6948584Z   [Fintype V]
verify	Verify G6 frozen sources serially	2026-10-07T16:38:54.6948772Z   [Fintype E]
verify	Verify G6 frozen sources serially	2026-10-07T16:38:54.6949226Z consider restructuring your `variable` declarations so that the variables are not in scope or explicitly omit them:
verify	Verify G6 frozen sources serially	2026-10-07T16:38:54.6949878Z   omit [DecidableEq V] [DecidableEq E] [Fintype V] [Fintype E] in theorem ...
verify	Verify G6 frozen sources serially	2026-10-07T16:38:54.6950578Z 
verify	Verify G6 frozen sources serially	2026-10-07T16:38:54.6950832Z Note: This linter can be disabled with `set_option linter.unusedSectionVars false`
verify	Verify G6 frozen sources serially	2026-10-07T16:38:54.6951558Z 'UnifiedLean.Source.SourceForestIntrinsicGenerator.selected_active_blocks_eq_intrinsic' depends on axioms: [propext,
verify	Verify G6 frozen sources serially	2026-10-07T16:38:54.6952147Z  Classical.choice,
verify	Verify G6 frozen sources serially	2026-10-07T16:38:54.6952348Z  Quot.sound]
verify	Verify G6 frozen sources serially	2026-10-07T16:38:54.6952920Z 'UnifiedLean.Source.SourceForestIntrinsicGenerator.original_population_generator_factors_through_view' depends on axioms: [propext,
verify	Verify G6 frozen sources serially	2026-10-07T16:38:54.6953587Z  Classical.choice,
verify	Verify G6 frozen sources serially	2026-10-07T16:38:54.6953794Z  Quot.sound]
verify	Verify G6 frozen sources serially	2026-10-07T16:38:54.6954298Z 'UnifiedLean.Source.SourceForestIntrinsicGenerator.native_source_generator_intertwining' depends on axioms: [propext,
verify	Verify G6 frozen sources serially	2026-10-07T16:38:54.6954884Z  Classical.choice,
verify	Verify G6 frozen sources serially	2026-10-07T16:38:54.6955083Z  Quot.sound]
verify	Verify G6 frozen sources serially	2026-10-07T16:38:54.6955622Z 'UnifiedLean.Source.SourceForestIntrinsicGenerator.original_source_valid_generator_intertwining' depends on axioms: [propext,
verify	Verify G6 frozen sources serially	2026-10-07T16:38:54.6956253Z  Classical.choice,
verify	Verify G6 frozen sources serially	2026-10-07T16:38:54.6956454Z  Quot.sound]
verify	Verify G6 frozen sources serially	2026-10-07T16:38:54.6958072Z G6_RECEIPT {"argv": ["lake", "env", "lean", "--trust=0", "-j1", "-M4096", "-o", "/home/runner/work/_temp/g6-cloud-build/.lake/build/lib/lean/UnifiedLean/Source/SourceForestIntrinsicGenerator.olean", "/home/runner/work/_temp/g6-cloud-build/UnifiedLean/Source/SourceForestIntrinsicGenerator.lean"], "start": "2026-10-07T16:38:52.727655+00:00", "end": "2026-10-07T16:38:54.694433+00:00", "exit": 0, "output_sha256": "59059ab1195b7248ad6a584a11e8cc5a5340406aa1a81ab080157d89facb1ab6"}
verify	Verify G6 frozen sources serially	2026-10-07T16:38:54.6968636Z G6_COMMAND {"argv": ["lake", "env", "lean", "--trust=0", "-j1", "-M4096", "-o", "/home/runner/work/_temp/g6-cloud-build/.lake/build/lib/lean/UnifiedLean/Source/SourceStepGeneratorBinding.olean", "/home/runner/work/_temp/g6-cloud-build/UnifiedLean/Source/SourceStepGeneratorBinding.lean"], "cwd": "/home/runner/work/_temp/g6-cloud-build", "start": "2026-10-07T16:38:54.696659+00:00"}
verify	Verify G6 frozen sources serially	2026-10-07T16:38:58.1852596Z 'UnifiedLean.Source.SourceStepGeneratorBinding.sourceStep_expectation' depends on axioms: [propext,
verify	Verify G6 frozen sources serially	2026-10-07T16:38:58.1853853Z  Classical.choice,
verify	Verify G6 frozen sources serially	2026-10-07T16:38:58.1854319Z  Quot.sound]
verify	Verify G6 frozen sources serially	2026-10-07T16:38:58.1855248Z 'UnifiedLean.Source.SourceStepGeneratorBinding.merged_destination_selectedView' depends on axioms: [propext,
verify	Verify G6 frozen sources serially	2026-10-07T16:38:58.1856410Z  Classical.choice,
verify	Verify G6 frozen sources serially	2026-10-07T16:38:58.1856886Z  Quot.sound]
verify	Verify G6 frozen sources serially	2026-10-07T16:38:58.1857863Z 'UnifiedLean.Source.SourceStepGeneratorBinding.actual_choice_increment_eq_native_generator' depends on axioms: [propext,
verify	Verify G6 frozen sources serially	2026-10-07T16:38:58.1859358Z  Classical.choice,
verify	Verify G6 frozen sources serially	2026-10-07T16:38:58.1859778Z  Quot.sound]
verify	Verify G6 frozen sources serially	2026-10-07T16:38:58.1860918Z 'UnifiedLean.Source.SourceStepGeneratorBinding.sourceStep_expectation_eq_generator' depends on axioms: [propext,
verify	Verify G6 frozen sources serially	2026-10-07T16:38:58.1862032Z  Classical.choice,
verify	Verify G6 frozen sources serially	2026-10-07T16:38:58.1862470Z  Quot.sound]
verify	Verify G6 frozen sources serially	2026-10-07T16:38:58.1863460Z 'UnifiedLean.Source.SourceStepGeneratorBinding.sourceStep_selected_expectation_intrinsic' depends on axioms: [propext,
verify	Verify G6 frozen sources serially	2026-10-07T16:38:58.1864594Z  Classical.choice,
verify	Verify G6 frozen sources serially	2026-10-07T16:38:58.1865012Z  Quot.sound]
verify	Verify G6 frozen sources serially	2026-10-07T16:38:58.1867829Z G6_RECEIPT {"argv": ["lake", "env", "lean", "--trust=0", "-j1", "-M4096", "-o", "/home/runner/work/_temp/g6-cloud-build/.lake/build/lib/lean/UnifiedLean/Source/SourceStepGeneratorBinding.olean", "/home/runner/work/_temp/g6-cloud-build/UnifiedLean/Source/SourceStepGeneratorBinding.lean"], "start": "2026-10-07T16:38:54.696659+00:00", "end": "2026-10-07T16:38:58.184214+00:00", "exit": 0, "output_sha256": "639930aaac97f91ae5d88fc12a5034a0d45dafc36a7a797bacb1039d2e34fdc5"}
verify	Verify G6 frozen sources serially	2026-10-07T16:38:58.1872929Z G6_COMMAND {"argv": ["lake", "env", "lean", "--trust=0", "-j1", "-M4096", "-o", "/home/runner/work/_temp/g6-cloud-build/.lake/build/lib/lean/UnifiedLean/Source/MatrixProjectionExponential.olean", "/home/runner/work/_temp/g6-cloud-build/UnifiedLean/Source/MatrixProjectionExponential.lean"], "cwd": "/home/runner/work/_temp/g6-cloud-build", "start": "2026-10-07T16:38:58.184536+00:00"}
verify	Verify G6 frozen sources serially	2026-10-07T16:39:01.4869084Z 'UnifiedLean.Source.MatrixProjectionExponential.exp_fromBlocks_diagonal' depends on axioms: [propext,
verify	Verify G6 frozen sources serially	2026-10-07T16:39:01.4869730Z  Classical.choice,
verify	Verify G6 frozen sources serially	2026-10-07T16:39:01.4869946Z  Quot.sound]
verify	Verify G6 frozen sources serially	2026-10-07T16:39:01.4870799Z 'UnifiedLean.Source.MatrixProjectionExponential.rectangular_exp_intertwining' depends on axioms: [propext,
verify	Verify G6 frozen sources serially	2026-10-07T16:39:01.4871391Z  Classical.choice,
verify	Verify G6 frozen sources serially	2026-10-07T16:39:01.4871601Z  Quot.sound]
verify	Verify G6 frozen sources serially	2026-10-07T16:39:01.4872193Z 'UnifiedLean.Source.MatrixProjectionExponential.rectangular_scaled_exp_intertwining' depends on axioms: [propext,
verify	Verify G6 frozen sources serially	2026-10-07T16:39:01.4872921Z  Classical.choice,
verify	Verify G6 frozen sources serially	2026-10-07T16:39:01.4873129Z  Quot.sound]
verify	Verify G6 frozen sources serially	2026-10-07T16:39:01.4873632Z 'UnifiedLean.Source.MatrixProjectionExponential.rectangular_product_intertwining' depends on axioms: [propext,
verify	Verify G6 frozen sources serially	2026-10-07T16:39:01.4874489Z  Classical.choice,
verify	Verify G6 frozen sources serially	2026-10-07T16:39:01.4874814Z  Quot.sound]
verify	Verify G6 frozen sources serially	2026-10-07T16:39:01.4877366Z G6_RECEIPT {"argv": ["lake", "env", "lean", "--trust=0", "-j1", "-M4096", "-o", "/home/runner/work/_temp/g6-cloud-build/.lake/build/lib/lean/UnifiedLean/Source/MatrixProjectionExponential.olean", "/home/runner/work/_temp/g6-cloud-build/UnifiedLean/Source/MatrixProjectionExponential.lean"], "start": "2026-10-07T16:38:58.184536+00:00", "end": "2026-10-07T16:39:01.486779+00:00", "exit": 0, "output_sha256": "47deb8e9780af82ab7be6bebe5133a149bdb1e0b7ec006c299cb898952db9b85"}
verify	Verify G6 frozen sources serially	2026-10-07T16:39:01.4882613Z G6_COMMAND {"argv": ["lake", "env", "lean", "--trust=0", "-j1", "-M4096", "-o", "/home/runner/work/_temp/g6-cloud-build/.lake/build/lib/lean/UnifiedLean/Source/SourceFiniteProjection.olean", "/home/runner/work/_temp/g6-cloud-build/UnifiedLean/Source/SourceFiniteProjection.lean"], "cwd": "/home/runner/work/_temp/g6-cloud-build", "start": "2026-10-07T16:39:01.487180+00:00"}
verify	Verify G6 frozen sources serially	2026-10-07T16:39:05.0434987Z /home/runner/work/_temp/g6-cloud-build/UnifiedLean/Source/SourceFiniteProjection.lean:47:0: warning: automatically included section variable(s) unused in theorem `UnifiedLean.Source.SourceFiniteProjection.representative_view`:
verify	Verify G6 frozen sources serially	2026-10-07T16:39:05.0437024Z   [DecidableEq E]
verify	Verify G6 frozen sources serially	2026-10-07T16:39:05.0437463Z   [Fintype Copy]
verify	Verify G6 frozen sources serially	2026-10-07T16:39:05.0438296Z consider restructuring your `variable` declarations so that the variables are not in scope or explicitly omit them:
verify	Verify G6 frozen sources serially	2026-10-07T16:39:05.0439296Z   omit [DecidableEq E] [Fintype Copy] in theorem ...
verify	Verify G6 frozen sources serially	2026-10-07T16:39:05.0439665Z 
verify	Verify G6 frozen sources serially	2026-10-07T16:39:05.0439991Z Note: This linter can be disabled with `set_option linter.unusedSectionVars false`
verify	Verify G6 frozen sources serially	2026-10-07T16:39:05.0441692Z 'UnifiedLean.Source.SourceFiniteProjection.map_probability_real' depends on axioms: [propext,
verify	Verify G6 frozen sources serially	2026-10-07T16:39:05.0442207Z  Classical.choice,
verify	Verify G6 frozen sources serially	2026-10-07T16:39:05.0442415Z  Quot.sound]
verify	Verify G6 frozen sources serially	2026-10-07T16:39:05.0442879Z 'UnifiedLean.Source.SourceFiniteProjection.projectedStep_eq_of_same_view' depends on axioms: [propext,
verify	Verify G6 frozen sources serially	2026-10-07T16:39:05.0443414Z  Classical.choice,
verify	Verify G6 frozen sources serially	2026-10-07T16:39:05.0443627Z  Quot.sound]
verify	Verify G6 frozen sources serially	2026-10-07T16:39:05.0444048Z 'UnifiedLean.Source.SourceFiniteProjection.source_step_projection_law' depends on axioms: [propext,
verify	Verify G6 frozen sources serially	2026-10-07T16:39:05.0444538Z  Classical.choice,
verify	Verify G6 frozen sources serially	2026-10-07T16:39:05.0444726Z  Quot.sound]
verify	Verify G6 frozen sources serially	2026-10-07T16:39:05.0445191Z 'UnifiedLean.Source.SourceFiniteProjection.actual_source_transition_intertwining' depends on axioms: [propext,
verify	Verify G6 frozen sources serially	2026-10-07T16:39:05.0445735Z  Classical.choice,
verify	Verify G6 frozen sources serially	2026-10-07T16:39:05.0445931Z  Quot.sound]
verify	Verify G6 frozen sources serially	2026-10-07T16:39:05.0447597Z G6_RECEIPT {"argv": ["lake", "env", "lean", "--trust=0", "-j1", "-M4096", "-o", "/home/runner/work/_temp/g6-cloud-build/.lake/build/lib/lean/UnifiedLean/Source/SourceFiniteProjection.olean", "/home/runner/work/_temp/g6-cloud-build/UnifiedLean/Source/SourceFiniteProjection.lean"], "start": "2026-10-07T16:39:01.487180+00:00", "end": "2026-10-07T16:39:05.043216+00:00", "exit": 0, "output_sha256": "56bca2e016343d2c9128a1d170043753354e5b1efa49f41c8fb83c0eaa8555c8"}
verify	Verify G6 frozen sources serially	2026-10-07T16:39:05.0450714Z G6_COMMAND {"argv": ["lake", "env", "lean", "--trust=0", "-j1", "-M4096", "-o", "/home/runner/work/_temp/g6-cloud-build/.lake/build/lib/lean/UnifiedLean/Source/SourcePoissonKernel.olean", "/home/runner/work/_temp/g6-cloud-build/UnifiedLean/Source/SourcePoissonKernel.lean"], "cwd": "/home/runner/work/_temp/g6-cloud-build", "start": "2026-10-07T16:39:05.043635+00:00"}
verify	Verify G6 frozen sources serially	2026-10-07T16:39:08.3083041Z 'UnifiedLean.Source.SourcePoissonKernel.source_iteration_projection' depends on axioms: [propext,
verify	Verify G6 frozen sources serially	2026-10-07T16:39:08.3084016Z  Classical.choice,
verify	Verify G6 frozen sources serially	2026-10-07T16:39:08.3084451Z  Quot.sound]
verify	Verify G6 frozen sources serially	2026-10-07T16:39:08.3085287Z 'UnifiedLean.Source.SourcePoissonKernel.constructed_source_time_kernel_projection' depends on axioms: [propext,
verify	Verify G6 frozen sources serially	2026-10-07T16:39:08.3086313Z  Classical.choice,
verify	Verify G6 frozen sources serially	2026-10-07T16:39:08.3086684Z  Quot.sound]
verify	Verify G6 frozen sources serially	2026-10-07T16:39:08.3088468Z G6_RECEIPT {"argv": ["lake", "env", "lean", "--trust=0", "-j1", "-M4096", "-o", "/home/runner/work/_temp/g6-cloud-build/.lake/build/lib/lean/UnifiedLean/Source/SourcePoissonKernel.olean", "/home/runner/work/_temp/g6-cloud-build/UnifiedLean/Source/SourcePoissonKernel.lean"], "start": "2026-10-07T16:39:05.043635+00:00", "end": "2026-10-07T16:39:08.308142+00:00", "exit": 0, "output_sha256": "4ab2374dc12a6ec9dcb552f393f68c1a5e973ddffc308fa48d08a6979ca01515"}
verify	Verify G6 frozen sources serially	2026-10-07T16:39:08.3091897Z G6_COMMAND {"argv": ["lake", "env", "lean", "--trust=0", "-j1", "-M4096", "-o", "/home/runner/work/_temp/g6-cloud-build/.lake/build/lib/lean/UnifiedLean/Source/SourceGeneratorExponential.olean", "/home/runner/work/_temp/g6-cloud-build/UnifiedLean/Source/SourceGeneratorExponential.lean"], "cwd": "/home/runner/work/_temp/g6-cloud-build", "start": "2026-10-07T16:39:08.308513+00:00"}
verify	Verify G6 frozen sources serially	2026-10-07T16:39:11.5973582Z 'UnifiedLean.Source.SourceGeneratorExponential.actual_source_generator_matrix_intertwining' depends on axioms: [propext,
verify	Verify G6 frozen sources serially	2026-10-07T16:39:11.5974289Z  Classical.choice,
verify	Verify G6 frozen sources serially	2026-10-07T16:39:11.5974504Z  Quot.sound]
verify	Verify G6 frozen sources serially	2026-10-07T16:39:11.5975024Z 'UnifiedLean.Source.SourceGeneratorExponential.actual_source_exponential_projection' depends on axioms: [propext,
verify	Verify G6 frozen sources serially	2026-10-07T16:39:11.5975603Z  Classical.choice,
verify	Verify G6 frozen sources serially	2026-10-07T16:39:11.5975908Z  Quot.sound]
verify	Verify G6 frozen sources serially	2026-10-07T16:39:11.5977835Z G6_RECEIPT {"argv": ["lake", "env", "lean", "--trust=0", "-j1", "-M4096", "-o", "/home/runner/work/_temp/g6-cloud-build/.lake/build/lib/lean/UnifiedLean/Source/SourceGeneratorExponential.olean", "/home/runner/work/_temp/g6-cloud-build/UnifiedLean/Source/SourceGeneratorExponential.lean"], "start": "2026-10-07T16:39:08.308513+00:00", "end": "2026-10-07T16:39:11.597206+00:00", "exit": 0, "output_sha256": "9f7be220015bcaa23cac6e4dab4b6545500cd24429b9a0b0e111027bbf31af74"}
verify	Verify G6 frozen sources serially	2026-10-07T16:39:11.5983285Z G6_COMMAND {"argv": ["lake", "env", "lean", "--trust=0", "-j1", "-M4096", "-o", "/home/runner/work/_temp/g6-cloud-build/.lake/build/lib/lean/UnifiedLean/Source/SourcePoissonExponential.olean", "/home/runner/work/_temp/g6-cloud-build/UnifiedLean/Source/SourcePoissonExponential.lean"], "cwd": "/home/runner/work/_temp/g6-cloud-build", "start": "2026-10-07T16:39:11.597546+00:00"}
verify	Verify G6 frozen sources serially	2026-10-07T16:39:15.3074902Z 'UnifiedLean.Source.SourcePoissonExponential.bind_probability_real' depends on axioms: [propext,
verify	Verify G6 frozen sources serially	2026-10-07T16:39:15.3075887Z  Classical.choice,
verify	Verify G6 frozen sources serially	2026-10-07T16:39:15.3076238Z  Quot.sound]
verify	Verify G6 frozen sources serially	2026-10-07T16:39:15.3077013Z 'UnifiedLean.Source.SourcePoissonExponential.source_iteration_probability' depends on axioms: [propext,
verify	Verify G6 frozen sources serially	2026-10-07T16:39:15.3077944Z  Classical.choice,
verify	Verify G6 frozen sources serially	2026-10-07T16:39:15.3078280Z  Quot.sound]
verify	Verify G6 frozen sources serially	2026-10-07T16:39:15.3079001Z 'UnifiedLean.Source.SourcePoissonExponential.poisson_matrix_entry' depends on axioms: [propext,
verify	Verify G6 frozen sources serially	2026-10-07T16:39:15.3079857Z  Classical.choice,
verify	Verify G6 frozen sources serially	2026-10-07T16:39:15.3080478Z  Quot.sound]
verify	Verify G6 frozen sources serially	2026-10-07T16:39:15.3081287Z 'UnifiedLean.Source.SourcePoissonExponential.source_time_kernel_eq_exponential' depends on axioms: [propext,
verify	Verify G6 frozen sources serially	2026-10-07T16:39:15.3082224Z  Classical.choice,
verify	Verify G6 frozen sources serially	2026-10-07T16:39:15.3082558Z  Quot.sound]
verify	Verify G6 frozen sources serially	2026-10-07T16:39:15.3085320Z G6_RECEIPT {"argv": ["lake", "env", "lean", "--trust=0", "-j1", "-M4096", "-o", "/home/runner/work/_temp/g6-cloud-build/.lake/build/lib/lean/UnifiedLean/Source/SourcePoissonExponential.olean", "/home/runner/work/_temp/g6-cloud-build/UnifiedLean/Source/SourcePoissonExponential.lean"], "start": "2026-10-07T16:39:11.597546+00:00", "end": "2026-10-07T16:39:15.304620+00:00", "exit": 0, "output_sha256": "f5e21e3dff34b6ad5c40fb34ae33e8c75f0c223f9bd577d273c8eb53d4322e1f"}
verify	Verify G6 frozen sources serially	2026-10-07T16:39:15.3089738Z G6_COMMAND {"argv": ["lake", "env", "lean", "--trust=0", "-j1", "-M4096", "-o", "/home/runner/work/_temp/g6-cloud-build/.lake/build/lib/lean/UnifiedLean/G6/SourcePrefix.olean", "/home/runner/work/_temp/g6-cloud-build/UnifiedLean/G6/SourcePrefix.lean"], "cwd": "/home/runner/work/_temp/g6-cloud-build", "start": "2026-10-07T16:39:15.304971+00:00"}
verify	Verify G6 frozen sources serially	2026-10-07T16:39:18.5273183Z 'UnifiedLean.G6.SourcePrefix.prefixCount' depends on axioms: [propext, Classical.choice, Quot.sound]
verify	Verify G6 frozen sources serially	2026-10-07T16:39:18.5274647Z 'UnifiedLean.G6.SourcePrefix.prefixCount_support' depends on axioms: [propext, Classical.choice, Quot.sound]
verify	Verify G6 frozen sources serially	2026-10-07T16:39:18.5276022Z 'UnifiedLean.G6.SourcePrefix.prefixMass_taylor' depends on axioms: [propext, Classical.choice, Quot.sound]
verify	Verify G6 frozen sources serially	2026-10-07T16:39:18.5277350Z 'UnifiedLean.G6.SourcePrefix.prefixCount_real' depends on axioms: [propext, Classical.choice, Quot.sound]
verify	Verify G6 frozen sources serially	2026-10-07T16:39:18.5278240Z 'UnifiedLean.G6.SourcePrefix.actual_source_prefix_domination' depends on axioms: [propext, Classical.choice, Quot.sound]
verify	Verify G6 frozen sources serially	2026-10-07T16:39:18.5279104Z 'UnifiedLean.G6.SourcePrefix.actual_source_prefix_tv' depends on axioms: [propext, Classical.choice, Quot.sound]
verify	Verify G6 frozen sources serially	2026-10-07T16:39:18.5280559Z 'UnifiedLean.G6.SourcePrefix.actual_source_joint_readout_tv' depends on axioms: [propext, Classical.choice, Quot.sound]
verify	Verify G6 frozen sources serially	2026-10-07T16:39:18.5281685Z 'UnifiedLean.G6.SourcePrefix.actual_source_joint_readout_event' depends on axioms: [propext,
verify	Verify G6 frozen sources serially	2026-10-07T16:39:18.5282176Z  Classical.choice,
verify	Verify G6 frozen sources serially	2026-10-07T16:39:18.5282384Z  Quot.sound]
verify	Verify G6 frozen sources serially	2026-10-07T16:39:18.5283911Z G6_RECEIPT {"argv": ["lake", "env", "lean", "--trust=0", "-j1", "-M4096", "-o", "/home/runner/work/_temp/g6-cloud-build/.lake/build/lib/lean/UnifiedLean/G6/SourcePrefix.olean", "/home/runner/work/_temp/g6-cloud-build/UnifiedLean/G6/SourcePrefix.lean"], "start": "2026-10-07T16:39:15.304971+00:00", "end": "2026-10-07T16:39:18.527140+00:00", "exit": 0, "output_sha256": "74e089eae61883da5c4cfedea59111c40cd6a770f2cabc2e2562e8d192b5c062"}
verify	Verify G6 frozen sources serially	2026-10-07T16:39:18.5286605Z G6_COMMAND {"argv": ["lake", "env", "lean", "--trust=0", "-j1", "-M4096", "-o", "/home/runner/work/_temp/g6-cloud-build/.lake/build/lib/lean/UnifiedLean/Source/SourceForestPulseTransport.olean", "/home/runner/work/_temp/g6-cloud-build/UnifiedLean/Source/SourceForestPulseTransport.lean"], "cwd": "/home/runner/work/_temp/g6-cloud-build", "start": "2026-10-07T16:39:18.527525+00:00"}
verify	Verify G6 frozen sources serially	2026-10-07T16:39:20.7026478Z /home/runner/work/_temp/g6-cloud-build/UnifiedLean/Source/SourceForestPulseTransport.lean:94:68: warning: Variable name `hs` is not explicitly referenced.
verify	Verify G6 frozen sources serially	2026-10-07T16:39:20.7027213Z 
verify	Verify G6 frozen sources serially	2026-10-07T16:39:20.7027659Z Hint: The binding can be removed (if unused) or named `_` (if used implicitly). Alternatively, prefix the name with `_` to silence this warning:
verify	Verify G6 frozen sources serially	2026-10-07T16:39:20.7028246Z   [apply] _hs
verify	Verify G6 frozen sources serially	2026-10-07T16:39:20.7028367Z 
verify	Verify G6 frozen sources serially	2026-10-07T16:39:20.7028585Z Note: This linter can be disabled with `set_option linter.unusedVariables false`
verify	Verify G6 frozen sources serially	2026-10-07T16:39:20.7029769Z /home/runner/work/_temp/g6-cloud-build/UnifiedLean/Source/SourceForestPulseTransport.lean:103:0: warning: automatically included section variable(s) unused in theorem `UnifiedLean.Source.SourceForestPulseTransport.original_selected_location_outside_pulse`:
verify	Verify G6 frozen sources serially	2026-10-07T16:39:20.7031200Z   [Fintype Copy]
verify	Verify G6 frozen sources serially	2026-10-07T16:39:20.7031660Z consider restructuring your `variable` declarations so that the variables are not in scope or explicitly omit them:
verify	Verify G6 frozen sources serially	2026-10-07T16:39:20.7032187Z   omit [Fintype Copy] in theorem ...
verify	Verify G6 frozen sources serially	2026-10-07T16:39:20.7032366Z 
verify	Verify G6 frozen sources serially	2026-10-07T16:39:20.7032583Z Note: This linter can be disabled with `set_option linter.unusedSectionVars false`
verify	Verify G6 frozen sources serially	2026-10-07T16:39:20.7033221Z 'UnifiedLean.Source.SourceForestPulseTransport.ownerToBlock_injective' depends on axioms: [propext,
verify	Verify G6 frozen sources serially	2026-10-07T16:39:20.7033730Z  Classical.choice,
verify	Verify G6 frozen sources serially	2026-10-07T16:39:20.7033928Z  Quot.sound]
verify	Verify G6 frozen sources serially	2026-10-07T16:39:20.7034368Z 'UnifiedLean.Source.SourceForestPulseTransport.ownerToBlock_surjective' depends on axioms: [propext,
verify	Verify G6 frozen sources serially	2026-10-07T16:39:20.7034869Z  Classical.choice,
verify	Verify G6 frozen sources serially	2026-10-07T16:39:20.7035056Z  Quot.sound]
verify	Verify G6 frozen sources serially	2026-10-07T16:39:20.7035496Z 'UnifiedLean.Source.SourceForestPulseTransport.inducedBlockCoin_at_owner' depends on axioms: [propext,
verify	Verify G6 frozen sources serially	2026-10-07T16:39:20.7036002Z  Classical.choice,
verify	Verify G6 frozen sources serially	2026-10-07T16:39:20.7036198Z  Quot.sound]
verify	Verify G6 frozen sources serially	2026-10-07T16:39:20.7036643Z 'UnifiedLean.Source.SourceForestPulseTransport.original_pulse_selected_view' depends on axioms: [propext,
verify	Verify G6 frozen sources serially	2026-10-07T16:39:20.7037150Z  Classical.choice,
verify	Verify G6 frozen sources serially	2026-10-07T16:39:20.7037336Z  Quot.sound]
verify	Verify G6 frozen sources serially	2026-10-07T16:39:20.7038903Z G6_RECEIPT {"argv": ["lake", "env", "lean", "--trust=0", "-j1", "-M4096", "-o", "/home/runner/work/_temp/g6-cloud-build/.lake/build/lib/lean/UnifiedLean/Source/SourceForestPulseTransport.olean", "/home/runner/work/_temp/g6-cloud-build/UnifiedLean/Source/SourceForestPulseTransport.lean"], "start": "2026-10-07T16:39:18.527525+00:00", "end": "2026-10-07T16:39:20.700996+00:00", "exit": 0, "output_sha256": "5756fff62d9d0534bf5edebc428a2bf91c35a2536bdc40ad105cc9e11786fb19"}
verify	Verify G6 frozen sources serially	2026-10-07T16:39:20.7041879Z G6_COMMAND {"argv": ["lake", "env", "lean", "--trust=0", "-j1", "-M4096", "-o", "/home/runner/work/_temp/g6-cloud-build/.lake/build/lib/lean/UnifiedLean/Source/SourceForestPulseMeasure.olean", "/home/runner/work/_temp/g6-cloud-build/UnifiedLean/Source/SourceForestPulseMeasure.lean"], "cwd": "/home/runner/work/_temp/g6-cloud-build", "start": "2026-10-07T16:39:20.701397+00:00"}
verify	Verify G6 frozen sources serially	2026-10-07T16:39:23.3405747Z 'UnifiedLean.Source.SourceForestPulseMeasure.coin_restriction_measurePreserving' depends on axioms: [propext,
verify	Verify G6 frozen sources serially	2026-10-07T16:39:23.3406805Z  Classical.choice,
verify	Verify G6 frozen sources serially	2026-10-07T16:39:23.3407144Z  Quot.sound]
verify	Verify G6 frozen sources serially	2026-10-07T16:39:23.3408000Z 'UnifiedLean.Source.SourceForestPulseMeasure.induced_original_coin_measurePreserving' depends on axioms: [propext,
verify	Verify G6 frozen sources serially	2026-10-07T16:39:23.3408984Z  Classical.choice,
verify	Verify G6 frozen sources serially	2026-10-07T16:39:23.3409216Z  Quot.sound]
verify	Verify G6 frozen sources serially	2026-10-07T16:39:23.3409719Z 'UnifiedLean.Source.SourceForestPulseMeasure.actual_original_hybrid_pulse_projectivity' depends on axioms: [propext,
verify	Verify G6 frozen sources serially	2026-10-07T16:39:23.3410674Z  Classical.choice,
verify	Verify G6 frozen sources serially	2026-10-07T16:39:23.3411201Z  Quot.sound]
verify	Verify G6 frozen sources serially	2026-10-07T16:39:23.3412758Z G6_RECEIPT {"argv": ["lake", "env", "lean", "--trust=0", "-j1", "-M4096", "-o", "/home/runner/work/_temp/g6-cloud-build/.lake/build/lib/lean/UnifiedLean/Source/SourceForestPulseMeasure.olean", "/home/runner/work/_temp/g6-cloud-build/UnifiedLean/Source/SourceForestPulseMeasure.lean"], "start": "2026-10-07T16:39:20.701397+00:00", "end": "2026-10-07T16:39:23.337924+00:00", "exit": 0, "output_sha256": "94ae0c226c45a80056a0617962818bef7aa074ef4ebfe19078b50c0034306ae8"}
verify	Verify G6 frozen sources serially	2026-10-07T16:39:23.3415680Z G6_COMMAND {"argv": ["lake", "env", "lean", "--trust=0", "-j1", "-M4096", "-o", "/home/runner/work/_temp/g6-cloud-build/.lake/build/lib/lean/UnifiedLean/Source/SourceForestCommonPulse.olean", "/home/runner/work/_temp/g6-cloud-build/UnifiedLean/Source/SourceForestCommonPulse.lean"], "cwd": "/home/runner/work/_temp/g6-cloud-build", "start": "2026-10-07T16:39:23.338368+00:00"}
verify	Verify G6 frozen sources serially	2026-10-07T16:39:25.0721922Z 'UnifiedLean.Source.SourceForestCommonPulse.actual_common_pulse_pruning' depends on axioms: [propext,
verify	Verify G6 frozen sources serially	2026-10-07T16:39:25.0722549Z  Classical.choice,
verify	Verify G6 frozen sources serially	2026-10-07T16:39:25.0722765Z  Quot.sound]
verify	Verify G6 frozen sources serially	2026-10-07T16:39:25.0724324Z G6_RECEIPT {"argv": ["lake", "env", "lean", "--trust=0", "-j1", "-M4096", "-o", "/home/runner/work/_temp/g6-cloud-build/.lake/build/lib/lean/UnifiedLean/Source/SourceForestCommonPulse.olean", "/home/runner/work/_temp/g6-cloud-build/UnifiedLean/Source/SourceForestCommonPulse.lean"], "start": "2026-10-07T16:39:23.338368+00:00", "end": "2026-10-07T16:39:25.070228+00:00", "exit": 0, "output_sha256": "7b8aded7c2331926fabd2760aea65c0dbd892d86a3d86ec5f32ba30c700543ed"}
verify	Verify G6 frozen sources serially	2026-10-07T16:39:25.0727064Z G6_COMMAND {"argv": ["lake", "env", "lean", "--trust=0", "-j1", "-M4096", "-o", "/home/runner/work/_temp/g6-cloud-build/.lake/build/lib/lean/UnifiedLean/Source/SourceBoundaryKernels.olean", "/home/runner/work/_temp/g6-cloud-build/UnifiedLean/Source/SourceBoundaryKernels.lean"], "cwd": "/home/runner/work/_temp/g6-cloud-build", "start": "2026-10-07T16:39:25.070590+00:00"}
verify	Verify G6 frozen sources serially	2026-10-07T16:39:28.6526903Z /home/runner/work/_temp/g6-cloud-build/UnifiedLean/Source/SourceBoundaryKernels.lean:79:0: warning: automatically included section variable(s) unused in theorem `UnifiedLean.Source.SourceBoundaryKernels.actual_population_transport_view`:
verify	Verify G6 frozen sources serially	2026-10-07T16:39:28.6528893Z   [DecidableEq V]
verify	Verify G6 frozen sources serially	2026-10-07T16:39:28.6529259Z   [DecidableEq E]
verify	Verify G6 frozen sources serially	2026-10-07T16:39:28.6529592Z   [Fintype V]
verify	Verify G6 frozen sources serially	2026-10-07T16:39:28.6529917Z   [Fintype E]
verify	Verify G6 frozen sources serially	2026-10-07T16:39:28.6530467Z   [Fintype Copy]
verify	Verify G6 frozen sources serially	2026-10-07T16:39:28.6531080Z consider restructuring your `variable` declarations so that the variables are not in scope or explicitly omit them:
verify	Verify G6 frozen sources serially	2026-10-07T16:39:28.6531794Z   omit [DecidableEq V] [DecidableEq E] [Fintype V] [Fintype E] [Fintype Copy] in theorem ...
verify	Verify G6 frozen sources serially	2026-10-07T16:39:28.6532148Z 
verify	Verify G6 frozen sources serially	2026-10-07T16:39:28.6532375Z Note: This linter can be disabled with `set_option linter.unusedSectionVars false`
verify	Verify G6 frozen sources serially	2026-10-07T16:39:28.6533296Z 'UnifiedLean.Source.SourceBoundaryKernels.boundaryKernel' depends on axioms: [propext, Classical.choice, Quot.sound]
verify	Verify G6 frozen sources serially	2026-10-07T16:39:28.6534384Z 'UnifiedLean.Source.SourceBoundaryKernels.actual_population_transport_view' depends on axioms: [propext,
verify	Verify G6 frozen sources serially	2026-10-07T16:39:28.6534932Z  Classical.choice,
verify	Verify G6 frozen sources serially	2026-10-07T16:39:28.6535456Z  Quot.sound]
verify	Verify G6 frozen sources serially	2026-10-07T16:39:28.6535936Z 'UnifiedLean.Source.SourceBoundaryKernels.independent_pulse_kernel_view_measure' depends on axioms: [propext,
verify	Verify G6 frozen sources serially	2026-10-07T16:39:28.6536480Z  Classical.choice,
verify	Verify G6 frozen sources serially	2026-10-07T16:39:28.6536675Z  Quot.sound]
verify	Verify G6 frozen sources serially	2026-10-07T16:39:28.6537111Z 'UnifiedLean.Source.SourceBoundaryKernels.common_boundary_kernel_view' depends on axioms: [propext,
verify	Verify G6 frozen sources serially	2026-10-07T16:39:28.6537609Z  Classical.choice,
verify	Verify G6 frozen sources serially	2026-10-07T16:39:28.6537804Z  Quot.sound]
verify	Verify G6 frozen sources serially	2026-10-07T16:39:28.6539326Z G6_RECEIPT {"argv": ["lake", "env", "lean", "--trust=0", "-j1", "-M4096", "-o", "/home/runner/work/_temp/g6-cloud-build/.lake/build/lib/lean/UnifiedLean/Source/SourceBoundaryKernels.olean", "/home/runner/work/_temp/g6-cloud-build/UnifiedLean/Source/SourceBoundaryKernels.lean"], "start": "2026-10-07T16:39:25.070590+00:00", "end": "2026-10-07T16:39:28.652397+00:00", "exit": 0, "output_sha256": "7d6746994e806c9db5bbfa850f0896ff99c6b42af50febc1ad77579216913539"}
verify	Verify G6 frozen sources serially	2026-10-07T16:39:28.6542255Z G6_COMMAND {"argv": ["lake", "env", "lean", "--trust=0", "-j1", "-M4096", "-o", "/home/runner/work/_temp/g6-cloud-build/.lake/build/lib/lean/UnifiedLean/Source/SourceBoundaryProjection.olean", "/home/runner/work/_temp/g6-cloud-build/UnifiedLean/Source/SourceBoundaryProjection.lean"], "cwd": "/home/runner/work/_temp/g6-cloud-build", "start": "2026-10-07T16:39:28.652821+00:00"}
verify	Verify G6 frozen sources serially	2026-10-07T16:39:31.6691985Z 'UnifiedLean.Source.SourceBoundaryProjection.boundary_kernel_view_eq_of_same_view' depends on axioms: [propext,
verify	Verify G6 frozen sources serially	2026-10-07T16:39:31.6692664Z  Classical.choice,
verify	Verify G6 frozen sources serially	2026-10-07T16:39:31.6692880Z  Quot.sound]
verify	Verify G6 frozen sources serially	2026-10-07T16:39:31.6693386Z 'UnifiedLean.Source.SourceBoundaryProjection.projected_boundary_eq_of_same_view' depends on axioms: [propext,
verify	Verify G6 frozen sources serially	2026-10-07T16:39:31.6693970Z  Classical.choice,
verify	Verify G6 frozen sources serially	2026-10-07T16:39:31.6694177Z  Quot.sound]
verify	Verify G6 frozen sources serially	2026-10-07T16:39:31.6694636Z 'UnifiedLean.Source.SourceBoundaryProjection.actual_boundary_projection' depends on axioms: [propext,
verify	Verify G6 frozen sources serially	2026-10-07T16:39:31.6695186Z  Classical.choice,
verify	Verify G6 frozen sources serially	2026-10-07T16:39:31.6695417Z  Quot.sound]
verify	Verify G6 frozen sources serially	2026-10-07T16:39:31.6697238Z G6_RECEIPT {"argv": ["lake", "env", "lean", "--trust=0", "-j1", "-M4096", "-o", "/home/runner/work/_temp/g6-cloud-build/.lake/build/lib/lean/UnifiedLean/Source/SourceBoundaryProjection.olean", "/home/runner/work/_temp/g6-cloud-build/UnifiedLean/Source/SourceBoundaryProjection.lean"], "start": "2026-10-07T16:39:28.652821+00:00", "end": "2026-10-07T16:39:31.667453+00:00", "exit": 0, "output_sha256": "efe59f762bbcaea90fe3877fcf31476c8b5cc52fc3734484bc3baf1ffc7ef455"}
verify	Verify G6 frozen sources serially	2026-10-07T16:39:31.6712261Z G6_COMMAND {"argv": ["lake", "env", "lean", "--trust=0", "-j1", "-M4096", "-o", "/home/runner/work/_temp/g6-cloud-build/.lake/build/lib/lean/UnifiedLean/Source/SourceProgramTransport.olean", "/home/runner/work/_temp/g6-cloud-build/UnifiedLean/Source/SourceProgramTransport.lean"], "cwd": "/home/runner/work/_temp/g6-cloud-build", "start": "2026-10-07T16:39:31.670666+00:00"}
verify	Verify G6 frozen sources serially	2026-10-07T16:39:34.8835383Z 'UnifiedLean.Source.SourceProgramTransport.actual_program_step_projection' depends on axioms: [propext,
verify	Verify G6 frozen sources serially	2026-10-07T16:39:34.8836432Z  Classical.choice,
verify	Verify G6 frozen sources serially	2026-10-07T16:39:34.8836769Z  Quot.sound]
verify	Verify G6 frozen sources serially	2026-10-07T16:39:34.8837543Z 'UnifiedLean.Source.SourceProgramTransport.actual_source_program_projection' depends on axioms: [propext,
verify	Verify G6 frozen sources serially	2026-10-07T16:39:34.8838431Z  Classical.choice,
verify	Verify G6 frozen sources serially	2026-10-07T16:39:34.8838749Z  Quot.sound]
verify	Verify G6 frozen sources serially	2026-10-07T16:39:34.8839449Z 'UnifiedLean.Source.SourceProgramTransport.actual_program_endpoint_law' depends on axioms: [propext,
verify	Verify G6 frozen sources serially	2026-10-07T16:39:34.8840571Z  Classical.choice,
verify	Verify G6 frozen sources serially	2026-10-07T16:39:34.8840902Z  Quot.sound]
verify	Verify G6 frozen sources serially	2026-10-07T16:39:34.8843737Z G6_RECEIPT {"argv": ["lake", "env", "lean", "--trust=0", "-j1", "-M4096", "-o", "/home/runner/work/_temp/g6-cloud-build/.lake/build/lib/lean/UnifiedLean/Source/SourceProgramTransport.olean", "/home/runner/work/_temp/g6-cloud-build/UnifiedLean/Source/SourceProgramTransport.lean"], "start": "2026-10-07T16:39:31.670666+00:00", "end": "2026-10-07T16:39:34.883352+00:00", "exit": 0, "output_sha256": "03536d167bf27989e2507161f3d4a5c62e95f53a2b2a26bdafc3b2acc9103af7"}
verify	Verify G6 frozen sources serially	2026-10-07T16:39:34.8849266Z G6_COMMAND {"argv": ["lake", "env", "lean", "--trust=0", "-j1", "-M4096", "-o", "/home/runner/work/_temp/g6-cloud-build/.lake/build/lib/lean/UnifiedLean/G6/ProgramPrefix.olean", "/home/runner/work/_temp/g6-cloud-build/UnifiedLean/G6/ProgramPrefix.lean"], "cwd": "/home/runner/work/_temp/g6-cloud-build", "start": "2026-10-07T16:39:34.883691+00:00"}
verify	Verify G6 frozen sources serially	2026-10-07T16:39:38.4912140Z 'UnifiedLean.G6.ProgramPrefix.bind_scaled_domination' depends on axioms: [propext, Classical.choice, Quot.sound]
verify	Verify G6 frozen sources serially	2026-10-07T16:39:38.4913089Z 'UnifiedLean.G6.ProgramPrefix.map_scaled_domination' depends on axioms: [propext, Classical.choice, Quot.sound]
verify	Verify G6 frozen sources serially	2026-10-07T16:39:38.4913933Z 'UnifiedLean.G6.ProgramPrefix.actual_step_domination' depends on axioms: [propext, Classical.choice, Quot.sound]
verify	Verify G6 frozen sources serially	2026-10-07T16:39:38.4914769Z 'UnifiedLean.G6.ProgramPrefix.actual_program_domination' depends on axioms: [propext, Classical.choice, Quot.sound]
verify	Verify G6 frozen sources serially	2026-10-07T16:39:38.4915551Z 'UnifiedLean.G6.ProgramPrefix.same_initial_distribution_domination' depends on axioms: [propext,
verify	Verify G6 frozen sources serially	2026-10-07T16:39:38.4916410Z  Classical.choice,
verify	Verify G6 frozen sources serially	2026-10-07T16:39:38.4916628Z  Quot.sound]
verify	Verify G6 frozen sources serially	2026-10-07T16:39:38.4917119Z 'UnifiedLean.G6.ProgramPrefix.same_initial_distribution_tv' depends on axioms: [propext, Classical.choice, Quot.sound]
verify	Verify G6 frozen sources serially	2026-10-07T16:39:38.4917980Z 'UnifiedLean.G6.ProgramPrefix.same_initial_joint_readout_tv' depends on axioms: [propext, Classical.choice, Quot.sound]
verify	Verify G6 frozen sources serially	2026-10-07T16:39:38.4918743Z 'UnifiedLean.G6.ProgramPrefix.same_initial_joint_readout_event' depends on axioms: [propext,
verify	Verify G6 frozen sources serially	2026-10-07T16:39:38.4919219Z  Classical.choice,
verify	Verify G6 frozen sources serially	2026-10-07T16:39:38.4919421Z  Quot.sound]
verify	Verify G6 frozen sources serially	2026-10-07T16:39:38.4921524Z G6_RECEIPT {"argv": ["lake", "env", "lean", "--trust=0", "-j1", "-M4096", "-o", "/home/runner/work/_temp/g6-cloud-build/.lake/build/lib/lean/UnifiedLean/G6/ProgramPrefix.olean", "/home/runner/work/_temp/g6-cloud-build/UnifiedLean/G6/ProgramPrefix.lean"], "start": "2026-10-07T16:39:34.883691+00:00", "end": "2026-10-07T16:39:38.491009+00:00", "exit": 0, "output_sha256": "4e91cdfe662b16b4b6e2e380225ca3c11ef71df1cbc21caeae165979cfca4c1c"}
verify	Verify G6 frozen sources serially	2026-10-07T16:39:38.4923718Z G6_COMMAND {"argv": ["lake", "env", "lean", "--trust=0", "-j1", "-M4096", "/home/runner/work/_temp/g6-cloud-build/g6-evidence/DeclarationAudit.lean"], "cwd": "/home/runner/work/_temp/g6-cloud-build", "start": "2026-10-07T16:39:38.492063+00:00"}
verify	Verify G6 frozen sources serially	2026-10-07T16:39:41.3014243Z 'UnifiedLean.G6.FiniteProbability.tv' depends on axioms: [propext, Classical.choice, Quot.sound]
verify	Verify G6 frozen sources serially	2026-10-07T16:39:41.3015706Z 'UnifiedLean.G6.FiniteProbability.common_subprobability_tv' depends on axioms: [propext, Classical.choice, Quot.sound]
verify	Verify G6 frozen sources serially	2026-10-07T16:39:41.3017199Z 'UnifiedLean.G6.FiniteProbability.common_subprobability_mass' depends on axioms: [propext, Classical.choice, Quot.sound]
verify	Verify G6 frozen sources serially	2026-10-07T16:39:41.3018189Z 'UnifiedLean.G6.FiniteProbability.common_subprobability_event' depends on axioms: [propext,
verify	Verify G6 frozen sources serially	2026-10-07T16:39:41.3018696Z  Classical.choice,
verify	Verify G6 frozen sources serially	2026-10-07T16:39:41.3018909Z  Quot.sound]
verify	Verify G6 frozen sources serially	2026-10-07T16:39:41.3019460Z 'UnifiedLean.G6.FiniteProbability.scaled_domination_tv' depends on axioms: [propext, Classical.choice, Quot.sound]
verify	Verify G6 frozen sources serially	2026-10-07T16:39:41.3020634Z 'UnifiedLean.G6.FiniteProbability.pmf_sum_real' depends on axioms: [propext, Classical.choice, Quot.sound]
verify	Verify G6 frozen sources serially	2026-10-07T16:39:41.3021613Z 'UnifiedLean.G6.FiniteProbability.pmfTV' depends on axioms: [propext, Classical.choice, Quot.sound]
verify	Verify G6 frozen sources serially	2026-10-07T16:39:41.3022420Z 'UnifiedLean.G6.FiniteProbability.pmf_scaled_domination_tv' depends on axioms: [propext, Classical.choice, Quot.sound]
verify	Verify G6 frozen sources serially	2026-10-07T16:39:41.3023188Z 'UnifiedLean.G6.FiniteProbability.pmf_scaled_domination_event' depends on axioms: [propext,
verify	Verify G6 frozen sources serially	2026-10-07T16:39:41.3023661Z  Classical.choice,
verify	Verify G6 frozen sources serially	2026-10-07T16:39:41.3023861Z  Quot.sound]
verify	Verify G6 frozen sources serially	2026-10-07T16:39:41.3024268Z 'UnifiedLean.G6.Conditioning.retainedMass' depends on axioms: [propext, Classical.choice, Quot.sound]
verify	Verify G6 frozen sources serially	2026-10-07T16:39:41.3025241Z 'UnifiedLean.G6.Conditioning.retainedMass_ne_zero' depends on axioms: [propext, Classical.choice, Quot.sound]
verify	Verify G6 frozen sources serially	2026-10-07T16:39:41.3026261Z 'UnifiedLean.G6.Conditioning.retainedMass_ne_top' depends on axioms: [propext, Classical.choice, Quot.sound]
verify	Verify G6 frozen sources serially	2026-10-07T16:39:41.3027018Z 'UnifiedLean.G6.Conditioning.retainedMass_le_one' depends on axioms: [propext, Classical.choice, Quot.sound]
verify	Verify G6 frozen sources serially	2026-10-07T16:39:41.3027736Z 'UnifiedLean.G6.Conditioning.filter_scaled' depends on axioms: [propext, Classical.choice, Quot.sound]
verify	Verify G6 frozen sources serially	2026-10-07T16:39:41.3028477Z 'UnifiedLean.G6.Conditioning.filtered_bind_domination' depends on axioms: [propext, Classical.choice, Quot.sound]
verify	Verify G6 frozen sources serially	2026-10-07T16:39:41.3029262Z 'UnifiedLean.G6.Conditioning.filtered_bind_domination_real' depends on axioms: [propext, Classical.choice, Quot.sound]
verify	Verify G6 frozen sources serially	2026-10-07T16:39:41.3030048Z 'UnifiedLean.G6.Conditioning.retainedMass_real_bounds' depends on axioms: [propext, Classical.choice, Quot.sound]
verify	Verify G6 frozen sources serially	2026-10-07T16:39:41.3031066Z 'UnifiedLean.G6.Conditioning.retainedMass_finset' depends on axioms: [propext, Classical.choice, Quot.sound]
verify	Verify G6 frozen sources serially	2026-10-07T16:39:41.3031824Z 'UnifiedLean.G6.Conditioning.conditioned_mixture_tv' depends on axioms: [propext, Classical.choice, Quot.sound]
verify	Verify G6 frozen sources serially	2026-10-07T16:39:41.3032679Z 'UnifiedLean.G6.Conditioning.conditioned_joint_observation_tv' depends on axioms: [propext,
verify	Verify G6 frozen sources serially	2026-10-07T16:39:41.3033133Z  Classical.choice,
verify	Verify G6 frozen sources serially	2026-10-07T16:39:41.3033330Z  Quot.sound]
verify	Verify G6 frozen sources serially	2026-10-07T16:39:41.3033711Z 'UnifiedLean.G6.Conditioning.conditioned_joint_observation_event' depends on axioms: [propext,
verify	Verify G6 frozen sources serially	2026-10-07T16:39:41.3034171Z  Classical.choice,
verify	Verify G6 frozen sources serially	2026-10-07T16:39:41.3034361Z  Quot.sound]
verify	Verify G6 frozen sources serially	2026-10-07T16:39:41.3034757Z 'UnifiedLean.G6.SourcePrefix.taylorTerm' depends on axioms: [propext, Classical.choice, Quot.sound]
verify	Verify G6 frozen sources serially	2026-10-07T16:39:41.3035445Z 'UnifiedLean.G6.SourcePrefix.taylorPrefix' depends on axioms: [propext, Classical.choice, Quot.sound]
verify	Verify G6 frozen sources serially	2026-10-07T16:39:41.3036147Z 'UnifiedLean.G6.SourcePrefix.count_zero_ne_zero' depends on axioms: [propext, Classical.choice, Quot.sound]
verify	Verify G6 frozen sources serially	2026-10-07T16:39:41.3036863Z 'UnifiedLean.G6.SourcePrefix.prefix_has_support' depends on axioms: [propext, Classical.choice, Quot.sound]
verify	Verify G6 frozen sources serially	2026-10-07T16:39:41.3037577Z 'UnifiedLean.G6.SourcePrefix.prefixCount' depends on axioms: [propext, Classical.choice, Quot.sound]
verify	Verify G6 frozen sources serially	2026-10-07T16:39:41.3038274Z 'UnifiedLean.G6.SourcePrefix.prefixMass' depends on axioms: [propext, Classical.choice, Quot.sound]
verify	Verify G6 frozen sources serially	2026-10-07T16:39:41.3038993Z 'UnifiedLean.G6.SourcePrefix.prefixCount_support' depends on axioms: [propext, Classical.choice, Quot.sound]
verify	Verify G6 frozen sources serially	2026-10-07T16:39:41.3039735Z 'UnifiedLean.G6.SourcePrefix.prefixMass_bounds' depends on axioms: [propext, Classical.choice, Quot.sound]
verify	Verify G6 frozen sources serially	2026-10-07T16:39:41.3040673Z 'UnifiedLean.G6.SourcePrefix.prefixMass_taylor' depends on axioms: [propext, Classical.choice, Quot.sound]
verify	Verify G6 frozen sources serially	2026-10-07T16:39:41.3041400Z 'UnifiedLean.G6.SourcePrefix.taylorPrefix_pos' depends on axioms: [propext, Classical.choice, Quot.sound]
verify	Verify G6 frozen sources serially	2026-10-07T16:39:41.3042111Z 'UnifiedLean.G6.SourcePrefix.prefixCount_real' depends on axioms: [propext, Classical.choice, Quot.sound]
verify	Verify G6 frozen sources serially	2026-10-07T16:39:41.3042859Z 'UnifiedLean.G6.SourcePrefix.finiteSourcePrefix' depends on axioms: [propext, Classical.choice, Quot.sound]
verify	Verify G6 frozen sources serially	2026-10-07T16:39:41.3043648Z 'UnifiedLean.G6.SourcePrefix.actual_source_prefix_domination' depends on axioms: [propext, Classical.choice, Quot.sound]
verify	Verify G6 frozen sources serially	2026-10-07T16:39:41.3044435Z 'UnifiedLean.G6.SourcePrefix.actual_source_prefix_tv' depends on axioms: [propext, Classical.choice, Quot.sound]
verify	Verify G6 frozen sources serially	2026-10-07T16:39:41.3045219Z 'UnifiedLean.G6.SourcePrefix.actual_source_joint_readout_tv' depends on axioms: [propext, Classical.choice, Quot.sound]
verify	Verify G6 frozen sources serially	2026-10-07T16:39:41.3045932Z 'UnifiedLean.G6.SourcePrefix.actual_source_joint_readout_event' depends on axioms: [propext,
verify	Verify G6 frozen sources serially	2026-10-07T16:39:41.3046382Z  Classical.choice,
verify	Verify G6 frozen sources serially	2026-10-07T16:39:41.3046575Z  Quot.sound]
verify	Verify G6 frozen sources serially	2026-10-07T16:39:41.3047016Z 'UnifiedLean.G6.ProgramPrefix.bind_scaled_domination' depends on axioms: [propext, Classical.choice, Quot.sound]
verify	Verify G6 frozen sources serially	2026-10-07T16:39:41.3047770Z 'UnifiedLean.G6.ProgramPrefix.map_scaled_domination' depends on axioms: [propext, Classical.choice, Quot.sound]
verify	Verify G6 frozen sources serially	2026-10-07T16:39:41.3048629Z 'UnifiedLean.G6.ProgramPrefix.stepMass' depends on axioms: [propext, Classical.choice, Quot.sound]
verify	Verify G6 frozen sources serially	2026-10-07T16:39:41.3049315Z 'UnifiedLean.G6.ProgramPrefix.programMass' depends on axioms: [propext, Classical.choice, Quot.sound]
verify	Verify G6 frozen sources serially	2026-10-07T16:39:41.3050038Z 'UnifiedLean.G6.ProgramPrefix.finiteProgramStep' depends on axioms: [propext, Classical.choice, Quot.sound]
verify	Verify G6 frozen sources serially	2026-10-07T16:39:41.3051007Z 'UnifiedLean.G6.ProgramPrefix.finiteProgram' depends on axioms: [propext, Classical.choice, Quot.sound]
verify	Verify G6 frozen sources serially	2026-10-07T16:39:41.3051727Z 'UnifiedLean.G6.ProgramPrefix.stepMass_le_one' depends on axioms: [propext, Classical.choice, Quot.sound]
verify	Verify G6 frozen sources serially	2026-10-07T16:39:41.3052447Z 'UnifiedLean.G6.ProgramPrefix.programMass_le_one' depends on axioms: [propext, Classical.choice, Quot.sound]
verify	Verify G6 frozen sources serially	2026-10-07T16:39:41.3053200Z 'UnifiedLean.G6.ProgramPrefix.actual_step_domination' depends on axioms: [propext, Classical.choice, Quot.sound]
verify	Verify G6 frozen sources serially	2026-10-07T16:39:41.3053978Z 'UnifiedLean.G6.ProgramPrefix.actual_program_domination' depends on axioms: [propext, Classical.choice, Quot.sound]
verify	Verify G6 frozen sources serially	2026-10-07T16:39:41.3054877Z 'UnifiedLean.G6.ProgramPrefix.same_initial_distribution_domination' depends on axioms: [propext,
verify	Verify G6 frozen sources serially	2026-10-07T16:39:41.3055333Z  Classical.choice,
verify	Verify G6 frozen sources serially	2026-10-07T16:39:41.3055526Z  Quot.sound]
verify	Verify G6 frozen sources serially	2026-10-07T16:39:41.3055980Z 'UnifiedLean.G6.ProgramPrefix.same_initial_distribution_tv' depends on axioms: [propext, Classical.choice, Quot.sound]
verify	Verify G6 frozen sources serially	2026-10-07T16:39:41.3056782Z 'UnifiedLean.G6.ProgramPrefix.same_initial_joint_readout_tv' depends on axioms: [propext, Classical.choice, Quot.sound]
verify	Verify G6 frozen sources serially	2026-10-07T16:39:41.3057487Z 'UnifiedLean.G6.ProgramPrefix.same_initial_joint_readout_event' depends on axioms: [propext,
verify	Verify G6 frozen sources serially	2026-10-07T16:39:41.3057928Z  Classical.choice,
verify	Verify G6 frozen sources serially	2026-10-07T16:39:41.3058127Z  Quot.sound]
verify	Verify G6 frozen sources serially	2026-10-07T16:39:41.3059192Z G6_RECEIPT {"argv": ["lake", "env", "lean", "--trust=0", "-j1", "-M4096", "/home/runner/work/_temp/g6-cloud-build/g6-evidence/DeclarationAudit.lean"], "start": "2026-10-07T16:39:38.492063+00:00", "end": "2026-10-07T16:39:41.301269+00:00", "exit": 0, "output_sha256": "59dd64a3115d7aee2c365e4a32ee3d00f9bceb6733a067efc37e66c6e68b491e"}
verify	Verify G6 frozen sources serially	2026-10-07T16:39:41.3060992Z G6_AXIOM_AUDIT_PASSED declarations=51
verify	Verify G6 frozen sources serially	2026-10-07T16:39:41.3061742Z G6_SELECTED_COMPONENTS_PASSED commit=3a45c8287a0b8e2b78281dd172861cfcc2cec532
verify	Preserve actual success and failure evidence	﻿2026-10-07T16:39:41.3233928Z ##[group]Run actions/upload-artifact@ea165f8d65b6e75b540449e92b4886f43607fa02
verify	Preserve actual success and failure evidence	2026-10-07T16:39:41.3234400Z with:
verify	Preserve actual success and failure evidence	2026-10-07T16:39:41.3234627Z   name: g6-cloud-evidence-37652484086
verify	Preserve actual success and failure evidence	2026-10-07T16:39:41.3235380Z   path: /home/runner/work/_temp/g6-cloud-build/g6-evidence/
verify	Preserve actual success and failure evidence	/home/runner/work/_temp/g567-lean-4.33.1/lean-version.txt
verify	Preserve actual success and failure evidence	/home/runner/work/_temp/g567-lean-4.33.1/runtime-smoke.log
verify	Preserve actual success and failure evidence	
verify	Preserve actual success and failure evidence	2026-10-07T16:39:41.3236137Z   if-no-files-found: warn
verify	Preserve actual success and failure evidence	2026-10-07T16:39:41.3236372Z   retention-days: 30
verify	Preserve actual success and failure evidence	2026-10-07T16:39:41.3236587Z   compression-level: 6
verify	Preserve actual success and failure evidence	2026-10-07T16:39:41.3236800Z   overwrite: false
verify	Preserve actual success and failure evidence	2026-10-07T16:39:41.3237010Z   include-hidden-files: false
verify	Preserve actual success and failure evidence	2026-10-07T16:39:41.3237267Z ##[endgroup]
verify	Preserve actual success and failure evidence	2026-10-07T16:39:41.4943338Z (node:5004) [DEP0040] DeprecationWarning: The `punycode` module is deprecated. Please use a userland alternative instead.
verify	Preserve actual success and failure evidence	2026-10-07T16:39:41.4944597Z (Use `node --trace-deprecation ...` to show where the warning was created)
verify	Preserve actual success and failure evidence	2026-10-07T16:39:41.5305797Z Multiple search paths detected. Calculating the least common ancestor of all paths
verify	Preserve actual success and failure evidence	2026-10-07T16:39:41.5306949Z The least common ancestor is /home/runner/work/_temp. This will be the root directory of the artifact
verify	Preserve actual success and failure evidence	2026-10-07T16:39:41.5307480Z With the provided path, there will be 132 files uploaded
verify	Preserve actual success and failure evidence	2026-10-07T16:39:41.5307942Z Artifact name is valid!
verify	Preserve actual success and failure evidence	2026-10-07T16:39:41.5321013Z Root directory input is valid!
verify	Preserve actual success and failure evidence	2026-10-07T16:39:41.8695574Z Beginning upload of artifact content to blob storage
verify	Preserve actual success and failure evidence	2026-10-07T16:39:42.0059267Z (node:5004) [DEP0169] DeprecationWarning: `url.parse()` behavior is not standardized and prone to errors that have security implications. Use the WHATWG URL API instead. CVEs are not issued for `url.parse()` vulnerabilities.
verify	Preserve actual success and failure evidence	2026-10-07T16:39:42.2927593Z Uploaded bytes 75024
verify	Preserve actual success and failure evidence	2026-10-07T16:39:42.3482932Z Finished uploading artifact content to blob storage!
verify	Preserve actual success and failure evidence	2026-10-07T16:39:42.3484293Z SHA256 digest of uploaded artifact zip is 1c4f58e8abb0f1c669148ee377c7c332c8b455a7ca66136cfbd559b6d32bc638
verify	Preserve actual success and failure evidence	2026-10-07T16:39:42.3486998Z Finalizing artifact upload
verify	Preserve actual success and failure evidence	2026-10-07T16:39:42.5959317Z Artifact g6-cloud-evidence-37652484086.zip successfully finalized. Artifact ID 11498311112
verify	Preserve actual success and failure evidence	2026-10-07T16:39:42.5961353Z Artifact g6-cloud-evidence-37652484086 has been successfully uploaded! Final size is 75024 bytes. Artifact ID is 11498311112
verify	Preserve actual success and failure evidence	2026-10-07T16:39:42.5968416Z Artifact download URL: https://github.com/Sodelin/Research-Commons/actions/runs/37652484086/artifacts/11498311112
verify	Complete job	﻿2026-10-07T16:39:42.6167613Z Cleaning up orphan processes
verify	Complete job	2026-10-07T16:39:42.6518923Z ##[warning]Node.js 20 is deprecated. The following actions target Node.js 20 but are being forced to run on Node.js 24: actions/upload-artifact@ea165f8d65b6e75b540449e92b4886f43607fa02. For more information see: https://github.blog/changelog/2025-09-19-deprecation-of-node-20-on-github-actions-runners/
