verify	Set up job	﻿2026-10-07T17:05:27.6985509Z Current runner version: '2.337.0'
verify	Set up job	2026-10-07T17:05:27.7011903Z ##[group]Runner Image Provisioner
verify	Set up job	2026-10-07T17:05:27.7012880Z Hosted Compute Agent
verify	Set up job	2026-10-07T17:05:27.7013639Z Version: 20261002.596
verify	Set up job	2026-10-07T17:05:27.7014271Z Commit: c3d12f3313a95f25162a1503be624f3b0617f8c0
verify	Set up job	2026-10-07T17:05:27.7015050Z Build Date: 2026-10-02T22:28:27Z
verify	Set up job	2026-10-07T17:05:27.7015751Z Worker ID: {b8606a86-bd9b-4667-8072-23bc853b7f93}
verify	Set up job	2026-10-07T17:05:27.7016443Z Region: westus
verify	Set up job	2026-10-07T17:05:27.7017328Z Cloud: Azure
verify	Set up job	2026-10-07T17:05:27.7017873Z ##[endgroup]
verify	Set up job	2026-10-07T17:05:27.7019561Z ##[group]Operating System
verify	Set up job	2026-10-07T17:05:27.7020245Z Ubuntu
verify	Set up job	2026-10-07T17:05:27.7020782Z 24.04.5
verify	Set up job	2026-10-07T17:05:27.7021385Z LTS
verify	Set up job	2026-10-07T17:05:27.7021988Z ##[endgroup]
verify	Set up job	2026-10-07T17:05:27.7022575Z ##[group]Runner Image
verify	Set up job	2026-10-07T17:05:27.7023192Z Image: ubuntu-24.04
verify	Set up job	2026-10-07T17:05:27.7023764Z Version: 20261004.327.1
verify	Set up job	2026-10-07T17:05:27.7024907Z Included Software: https://github.com/actions/runner-images/blob/ubuntu24/20261004.327/images/ubuntu/Ubuntu2404-Readme.md
verify	Set up job	2026-10-07T17:05:27.7027314Z Image Release: https://github.com/actions/runner-images/releases/tag/ubuntu24%2F20261004.327
verify	Set up job	2026-10-07T17:05:27.7028374Z ##[endgroup]
verify	Set up job	2026-10-07T17:05:27.7029745Z ##[group]GITHUB_TOKEN Permissions
verify	Set up job	2026-10-07T17:05:27.7031969Z Actions: read
verify	Set up job	2026-10-07T17:05:27.7032589Z Contents: read
verify	Set up job	2026-10-07T17:05:27.7033234Z Metadata: read
verify	Set up job	2026-10-07T17:05:27.7033824Z ##[endgroup]
verify	Set up job	2026-10-07T17:05:27.7035936Z Secret source: Actions
verify	Set up job	2026-10-07T17:05:27.7037309Z Cache mode: write
verify	Set up job	2026-10-07T17:05:27.7038010Z Prepare workflow directory
verify	Set up job	2026-10-07T17:05:27.7383567Z Prepare all required actions
verify	Set up job	2026-10-07T17:05:27.7433509Z Getting action download info
verify	Set up job	2026-10-07T17:05:28.1412661Z Download action repository 'actions/upload-artifact@ea165f8d65b6e75b540449e92b4886f43607fa02' (SHA:ea165f8d65b6e75b540449e92b4886f43607fa02)
verify	Set up job	2026-10-07T17:05:28.4056249Z Complete job name: verify
verify	Fetch frozen public input	﻿2026-10-07T17:05:28.4879170Z ##[group]Run set -euo pipefail
verify	Fetch frozen public input	2026-10-07T17:05:28.4879888Z [36;1mset -euo pipefail[0m
verify	Fetch frozen public input	2026-10-07T17:05:28.4880550Z [36;1mgit init --quiet "$RUNNER_TEMP/research-commons"[0m
verify	Fetch frozen public input	2026-10-07T17:05:28.4881635Z [36;1mgit -C "$RUNNER_TEMP/research-commons" remote add origin "https://github.com/$GITHUB_REPOSITORY.git"[0m
verify	Fetch frozen public input	2026-10-07T17:05:28.4882894Z [36;1mgit -C "$RUNNER_TEMP/research-commons" fetch --no-tags --depth=1 origin "$GITHUB_SHA"[0m
verify	Fetch frozen public input	2026-10-07T17:05:28.4883927Z [36;1mgit -C "$RUNNER_TEMP/research-commons" checkout --detach FETCH_HEAD[0m
verify	Fetch frozen public input	2026-10-07T17:05:28.4884901Z [36;1mtest "$(git -C "$RUNNER_TEMP/research-commons" rev-parse HEAD)" = "$GITHUB_SHA"[0m
verify	Fetch frozen public input	2026-10-07T17:05:28.5127943Z shell: /usr/bin/bash -e {0}
verify	Fetch frozen public input	2026-10-07T17:05:28.5129011Z ##[endgroup]
verify	Fetch frozen public input	2026-10-07T17:05:34.6128322Z From https://github.com/Sodelin/Research-Commons
verify	Fetch frozen public input	2026-10-07T17:05:34.6129621Z  * branch            1eb4b9a7f39f50aa6bc59f2791e82d380764fdf5 -> FETCH_HEAD
verify	Fetch frozen public input	2026-10-07T17:05:36.0008601Z HEAD is now at 1eb4b9a Preserve G6 budget PASS and original G5 failure; check corrected Taylor and analytic branches
verify	Verify existing pinned runtime	﻿2026-10-07T17:05:36.0197919Z ##[group]Run bash "$RUNNER_TEMP/research-commons/handoffs/2026-10-07-astra-g5-g6-g7-lean/codex-lean/verify-runtime.sh"
verify	Verify existing pinned runtime	2026-10-07T17:05:36.0198908Z [36;1mbash "$RUNNER_TEMP/research-commons/handoffs/2026-10-07-astra-g5-g6-g7-lean/codex-lean/verify-runtime.sh"[0m
verify	Verify existing pinned runtime	2026-10-07T17:05:36.0264463Z shell: /usr/bin/bash -e {0}
verify	Verify existing pinned runtime	2026-10-07T17:05:36.0264814Z ##[endgroup]
verify	Verify existing pinned runtime	2026-10-07T17:05:36.0478741Z   % Total    % Received % Xferd  Average Speed   Time    Time     Time  Current
verify	Verify existing pinned runtime	2026-10-07T17:05:36.2705750Z                                  Dload  Upload   Total   Spent    Left  Speed
verify	Verify existing pinned runtime	2026-10-07T17:05:36.2706579Z 
verify	Verify existing pinned runtime	2026-10-07T17:05:36.2707246Z   0     0    0     0    0     0      0      0 --:--:-- --:--:-- --:--:--     0
verify	Verify existing pinned runtime	2026-10-07T17:05:36.2708348Z   0     0    0     0    0     0      0      0 --:--:-- --:--:-- --:--:--     0
verify	Verify existing pinned runtime	2026-10-07T17:05:37.0219893Z 
verify	Verify existing pinned runtime	2026-10-07T17:05:37.9772935Z  38  543M   38  210M    0     0   215M      0  0:00:02 --:--:--  0:00:02  215M
verify	Verify existing pinned runtime	2026-10-07T17:05:38.1093111Z  91  543M   91  495M    0     0   256M      0  0:00:02  0:00:01  0:00:01  298M
verify	Verify existing pinned runtime	2026-10-07T17:05:38.1094437Z 100  543M  100  543M    0     0   263M      0  0:00:02  0:00:02 --:--:--  307M
verify	Verify existing pinned runtime	2026-10-07T17:05:38.5263192Z lean.tar.zst: OK
verify	Verify existing pinned runtime	2026-10-07T17:05:43.7757945Z Lean (version 4.33.1, x86_64-unknown-linux-gnu, commit 819816b2e0a3bf405af45ae5c7af2491d8f5bee6, Release)
verify	Verify existing pinned runtime	2026-10-07T17:05:43.7800785Z Lean (version 4.33.1, x86_64-unknown-linux-gnu, commit 819816b2e0a3bf405af45ae5c7af2491d8f5bee6, Release)
verify	Verify existing pinned runtime	2026-10-07T17:05:43.7816555Z Lean (version 4.33.1, x86_64-unknown-linux-gnu, commit 819816b2e0a3bf405af45ae5c7af2491d8f5bee6, Release)
verify	Verify existing pinned runtime	2026-10-07T17:05:43.7833901Z e8baaa71855a616dc351028f3ad2200051b0671f423a1696a100e809302d5550  /home/runner/work/_temp/g567-lean-4.33.1/lean-4.33.1-linux/bin/lean
verify	Verify existing pinned runtime	2026-10-07T17:05:43.7849690Z 5114a5b2e77fa40336ddd9491ebc5f04e767a5c299b7ebdd637104b1f96d2758  /home/runner/work/_temp/research-commons/handoffs/2026-10-07-astra-g5-g6-g7-lean/codex-lean/RuntimeSmoke.lean
verify	Verify existing pinned runtime	2026-10-07T17:05:43.9906993Z 'ResearchCommonsRuntime.runtimeSmoke' does not depend on any axioms
verify	Verify existing pinned runtime	2026-10-07T17:05:44.0121634Z RUNTIME_SMOKE_PASSED source_commit=1eb4b9a7f39f50aa6bc59f2791e82d380764fdf5
verify	Recover stopped G5 original compiler diagnostics	﻿2026-10-07T17:05:44.0920918Z ##[group]Run python "$RUNNER_TEMP/research-commons/research/2026-10-07-cloud-g6-sol-ultra-1601z/verification/recover_stopped_g5.py" "$RUNNER_TEMP/g6-cloud-build/g6-evidence/stopped-g5-original"
verify	Recover stopped G5 original compiler diagnostics	2026-10-07T17:05:44.0924466Z [36;1mpython "$RUNNER_TEMP/research-commons/research/2026-10-07-cloud-g6-sol-ultra-1601z/verification/recover_stopped_g5.py" "$RUNNER_TEMP/g6-cloud-build/g6-evidence/stopped-g5-original"[0m
verify	Recover stopped G5 original compiler diagnostics	2026-10-07T17:05:44.1013614Z shell: /usr/bin/bash -e {0}
verify	Recover stopped G5 original compiler diagnostics	2026-10-07T17:05:44.1013900Z env:
verify	Recover stopped G5 original compiler diagnostics	2026-10-07T17:05:44.1017232Z   GH_TOKEN: ***
verify	Recover stopped G5 original compiler diagnostics	2026-10-07T17:05:44.1017495Z ##[endgroup]
verify	Recover stopped G5 original compiler diagnostics	2026-10-07T17:05:47.3889595Z G5_ORIGINAL_FAILED_DIAGNOSTIC_BEGIN
verify	Recover stopped G5 original compiler diagnostics	2026-10-07T17:05:47.3890436Z Try this:
verify	Recover stopped G5 original compiler diagnostics	2026-10-07T17:05:47.3890817Z   [apply] ring_nf
verify	Recover stopped G5 original compiler diagnostics	2026-10-07T17:05:47.3891147Z   
verify	Recover stopped G5 original compiler diagnostics	2026-10-07T17:05:47.3891716Z   The `ring` tactic failed to close the goal. Use `ring_nf` to obtain a normal form.
verify	Recover stopped G5 original compiler diagnostics	2026-10-07T17:05:47.3892273Z     
verify	Recover stopped G5 original compiler diagnostics	2026-10-07T17:05:47.3893000Z   Note that `ring` works primarily in *commutative* rings. If you have a noncommutative ring, abelian group or module, consider using `noncomm_ring`, `abel` or `module` instead.
verify	Recover stopped G5 original compiler diagnostics	2026-10-07T17:05:47.3893860Z Try this:
verify	Recover stopped G5 original compiler diagnostics	2026-10-07T17:05:47.3894054Z   [apply] ring_nf
verify	Recover stopped G5 original compiler diagnostics	2026-10-07T17:05:47.3894259Z   
verify	Recover stopped G5 original compiler diagnostics	2026-10-07T17:05:47.3894596Z   The `ring` tactic failed to close the goal. Use `ring_nf` to obtain a normal form.
verify	Recover stopped G5 original compiler diagnostics	2026-10-07T17:05:47.3895290Z     
verify	Recover stopped G5 original compiler diagnostics	2026-10-07T17:05:47.3896574Z   Note that `ring` works primarily in *commutative* rings. If you have a noncommutative ring, abelian group or module, consider using `noncomm_ring`, `abel` or `module` instead.
verify	Recover stopped G5 original compiler diagnostics	2026-10-07T17:05:47.3898093Z Try this:
verify	Recover stopped G5 original compiler diagnostics	2026-10-07T17:05:47.3898433Z   [apply] ring_nf
verify	Recover stopped G5 original compiler diagnostics	2026-10-07T17:05:47.3898797Z   
verify	Recover stopped G5 original compiler diagnostics	2026-10-07T17:05:47.3899380Z   The `ring` tactic failed to close the goal. Use `ring_nf` to obtain a normal form.
verify	Recover stopped G5 original compiler diagnostics	2026-10-07T17:05:47.3900142Z     
verify	Recover stopped G5 original compiler diagnostics	2026-10-07T17:05:47.3901356Z   Note that `ring` works primarily in *commutative* rings. If you have a noncommutative ring, abelian group or module, consider using `noncomm_ring`, `abel` or `module` instead.
verify	Recover stopped G5 original compiler diagnostics	2026-10-07T17:05:47.3902625Z Try this:
verify	Recover stopped G5 original compiler diagnostics	2026-10-07T17:05:47.3902946Z   [apply] ring_nf
verify	Recover stopped G5 original compiler diagnostics	2026-10-07T17:05:47.3903280Z   
verify	Recover stopped G5 original compiler diagnostics	2026-10-07T17:05:47.3903832Z   The `ring` tactic failed to close the goal. Use `ring_nf` to obtain a normal form.
verify	Recover stopped G5 original compiler diagnostics	2026-10-07T17:05:47.3904515Z     
verify	Recover stopped G5 original compiler diagnostics	2026-10-07T17:05:47.3905631Z   Note that `ring` works primarily in *commutative* rings. If you have a noncommutative ring, abelian group or module, consider using `noncomm_ring`, `abel` or `module` instead.
verify	Recover stopped G5 original compiler diagnostics	2026-10-07T17:05:47.3907086Z Try this:
verify	Recover stopped G5 original compiler diagnostics	2026-10-07T17:05:47.3907403Z   [apply] ring_nf
verify	Recover stopped G5 original compiler diagnostics	2026-10-07T17:05:47.3907744Z   
verify	Recover stopped G5 original compiler diagnostics	2026-10-07T17:05:47.3908304Z   The `ring` tactic failed to close the goal. Use `ring_nf` to obtain a normal form.
verify	Recover stopped G5 original compiler diagnostics	2026-10-07T17:05:47.3909019Z     
verify	Recover stopped G5 original compiler diagnostics	2026-10-07T17:05:47.3910225Z   Note that `ring` works primarily in *commutative* rings. If you have a noncommutative ring, abelian group or module, consider using `noncomm_ring`, `abel` or `module` instead.
verify	Recover stopped G5 original compiler diagnostics	2026-10-07T17:05:47.3911890Z Try this:
verify	Recover stopped G5 original compiler diagnostics	2026-10-07T17:05:47.3912246Z   [apply] ring_nf
verify	Recover stopped G5 original compiler diagnostics	2026-10-07T17:05:47.3912584Z   
verify	Recover stopped G5 original compiler diagnostics	2026-10-07T17:05:47.3913122Z   The `ring` tactic failed to close the goal. Use `ring_nf` to obtain a normal form.
verify	Recover stopped G5 original compiler diagnostics	2026-10-07T17:05:47.3914450Z     
verify	Recover stopped G5 original compiler diagnostics	2026-10-07T17:05:47.3915557Z   Note that `ring` works primarily in *commutative* rings. If you have a noncommutative ring, abelian group or module, consider using `noncomm_ring`, `abel` or `module` instead.
verify	Recover stopped G5 original compiler diagnostics	2026-10-07T17:05:47.3917210Z Try this:
verify	Recover stopped G5 original compiler diagnostics	2026-10-07T17:05:47.3917531Z   [apply] ring_nf
verify	Recover stopped G5 original compiler diagnostics	2026-10-07T17:05:47.3917859Z   
verify	Recover stopped G5 original compiler diagnostics	2026-10-07T17:05:47.3918396Z   The `ring` tactic failed to close the goal. Use `ring_nf` to obtain a normal form.
verify	Recover stopped G5 original compiler diagnostics	2026-10-07T17:05:47.3919056Z     
verify	Recover stopped G5 original compiler diagnostics	2026-10-07T17:05:47.3920147Z   Note that `ring` works primarily in *commutative* rings. If you have a noncommutative ring, abelian group or module, consider using `noncomm_ring`, `abel` or `module` instead.
verify	Recover stopped G5 original compiler diagnostics	2026-10-07T17:05:47.3921357Z Try this:
verify	Recover stopped G5 original compiler diagnostics	2026-10-07T17:05:47.3921657Z   [apply] ring_nf
verify	Recover stopped G5 original compiler diagnostics	2026-10-07T17:05:47.3921979Z   
verify	Recover stopped G5 original compiler diagnostics	2026-10-07T17:05:47.3922796Z   The `ring` tactic failed to close the goal. Use `ring_nf` to obtain a normal form.
verify	Recover stopped G5 original compiler diagnostics	2026-10-07T17:05:47.3923459Z     
verify	Recover stopped G5 original compiler diagnostics	2026-10-07T17:05:47.3924573Z   Note that `ring` works primarily in *commutative* rings. If you have a noncommutative ring, abelian group or module, consider using `noncomm_ring`, `abel` or `module` instead.
verify	Recover stopped G5 original compiler diagnostics	2026-10-07T17:05:47.3925803Z Try this:
verify	Recover stopped G5 original compiler diagnostics	2026-10-07T17:05:47.3926236Z   [apply] ring_nf
verify	Recover stopped G5 original compiler diagnostics	2026-10-07T17:05:47.3927268Z   
verify	Recover stopped G5 original compiler diagnostics	2026-10-07T17:05:47.3928047Z   The `ring` tactic failed to close the goal. Use `ring_nf` to obtain a normal form.
verify	Recover stopped G5 original compiler diagnostics	2026-10-07T17:05:47.3929029Z     
verify	Recover stopped G5 original compiler diagnostics	2026-10-07T17:05:47.3930145Z   Note that `ring` works primarily in *commutative* rings. If you have a noncommutative ring, abelian group or module, consider using `noncomm_ring`, `abel` or `module` instead.
verify	Recover stopped G5 original compiler diagnostics	2026-10-07T17:05:47.3931399Z Try this:
verify	Recover stopped G5 original compiler diagnostics	2026-10-07T17:05:47.3931712Z   [apply] ring_nf
verify	Recover stopped G5 original compiler diagnostics	2026-10-07T17:05:47.3932034Z   
verify	Recover stopped G5 original compiler diagnostics	2026-10-07T17:05:47.3932358Z   The `ring` tactic failed to close the goal. Use `ring_nf` to obtain a normal form.
verify	Recover stopped G5 original compiler diagnostics	2026-10-07T17:05:47.3932749Z     
verify	Recover stopped G5 original compiler diagnostics	2026-10-07T17:05:47.3933393Z   Note that `ring` works primarily in *commutative* rings. If you have a noncommutative ring, abelian group or module, consider using `noncomm_ring`, `abel` or `module` instead.
verify	Recover stopped G5 original compiler diagnostics	2026-10-07T17:05:47.3934074Z Try this:
verify	Recover stopped G5 original compiler diagnostics	2026-10-07T17:05:47.3934260Z   [apply] ring_nf
verify	Recover stopped G5 original compiler diagnostics	2026-10-07T17:05:47.3934453Z   
verify	Recover stopped G5 original compiler diagnostics	2026-10-07T17:05:47.3934767Z   The `ring` tactic failed to close the goal. Use `ring_nf` to obtain a normal form.
verify	Recover stopped G5 original compiler diagnostics	2026-10-07T17:05:47.3935155Z     
verify	Recover stopped G5 original compiler diagnostics	2026-10-07T17:05:47.3935780Z   Note that `ring` works primarily in *commutative* rings. If you have a noncommutative ring, abelian group or module, consider using `noncomm_ring`, `abel` or `module` instead.
verify	Recover stopped G5 original compiler diagnostics	2026-10-07T17:05:47.3936460Z Try this:
verify	Recover stopped G5 original compiler diagnostics	2026-10-07T17:05:47.3936892Z   [apply] ring_nf
verify	Recover stopped G5 original compiler diagnostics	2026-10-07T17:05:47.3937249Z   
verify	Recover stopped G5 original compiler diagnostics	2026-10-07T17:05:47.3937828Z   The `ring` tactic failed to close the goal. Use `ring_nf` to obtain a normal form.
verify	Recover stopped G5 original compiler diagnostics	2026-10-07T17:05:47.3938537Z     
verify	Recover stopped G5 original compiler diagnostics	2026-10-07T17:05:47.3939674Z   Note that `ring` works primarily in *commutative* rings. If you have a noncommutative ring, abelian group or module, consider using `noncomm_ring`, `abel` or `module` instead.
verify	Recover stopped G5 original compiler diagnostics	2026-10-07T17:05:47.3940901Z Try this:
verify	Recover stopped G5 original compiler diagnostics	2026-10-07T17:05:47.3941222Z   [apply] ring_nf
verify	Recover stopped G5 original compiler diagnostics	2026-10-07T17:05:47.3941546Z   
verify	Recover stopped G5 original compiler diagnostics	2026-10-07T17:05:47.3942089Z   The `ring` tactic failed to close the goal. Use `ring_nf` to obtain a normal form.
verify	Recover stopped G5 original compiler diagnostics	2026-10-07T17:05:47.3942758Z     
verify	Recover stopped G5 original compiler diagnostics	2026-10-07T17:05:47.3943872Z   Note that `ring` works primarily in *commutative* rings. If you have a noncommutative ring, abelian group or module, consider using `noncomm_ring`, `abel` or `module` instead.
verify	Recover stopped G5 original compiler diagnostics	2026-10-07T17:05:47.3944796Z Try this:
verify	Recover stopped G5 original compiler diagnostics	2026-10-07T17:05:47.3944981Z   [apply] ring_nf
verify	Recover stopped G5 original compiler diagnostics	2026-10-07T17:05:47.3945167Z   
verify	Recover stopped G5 original compiler diagnostics	2026-10-07T17:05:47.3945663Z   The `ring` tactic failed to close the goal. Use `ring_nf` to obtain a normal form.
verify	Recover stopped G5 original compiler diagnostics	2026-10-07T17:05:47.3946044Z     
verify	Recover stopped G5 original compiler diagnostics	2026-10-07T17:05:47.3946949Z   Note that `ring` works primarily in *commutative* rings. If you have a noncommutative ring, abelian group or module, consider using `noncomm_ring`, `abel` or `module` instead.
verify	Recover stopped G5 original compiler diagnostics	2026-10-07T17:05:47.3947669Z Try this:
verify	Recover stopped G5 original compiler diagnostics	2026-10-07T17:05:47.3947861Z   [apply] ring_nf
verify	Recover stopped G5 original compiler diagnostics	2026-10-07T17:05:47.3948052Z   
verify	Recover stopped G5 original compiler diagnostics	2026-10-07T17:05:47.3948395Z   The `ring` tactic failed to close the goal. Use `ring_nf` to obtain a normal form.
verify	Recover stopped G5 original compiler diagnostics	2026-10-07T17:05:47.3948772Z     
verify	Recover stopped G5 original compiler diagnostics	2026-10-07T17:05:47.3949451Z   Note that `ring` works primarily in *commutative* rings. If you have a noncommutative ring, abelian group or module, consider using `noncomm_ring`, `abel` or `module` instead.
verify	Recover stopped G5 original compiler diagnostics	2026-10-07T17:05:47.3950133Z Try this:
verify	Recover stopped G5 original compiler diagnostics	2026-10-07T17:05:47.3950322Z   [apply] ring_nf
verify	Recover stopped G5 original compiler diagnostics	2026-10-07T17:05:47.3950517Z   
verify	Recover stopped G5 original compiler diagnostics	2026-10-07T17:05:47.3950850Z   The `ring` tactic failed to close the goal. Use `ring_nf` to obtain a normal form.
verify	Recover stopped G5 original compiler diagnostics	2026-10-07T17:05:47.3951234Z     
verify	Recover stopped G5 original compiler diagnostics	2026-10-07T17:05:47.3951913Z   Note that `ring` works primarily in *commutative* rings. If you have a noncommutative ring, abelian group or module, consider using `noncomm_ring`, `abel` or `module` instead.
verify	Recover stopped G5 original compiler diagnostics	2026-10-07T17:05:47.3952820Z Try this:
verify	Recover stopped G5 original compiler diagnostics	2026-10-07T17:05:47.3953008Z   [apply] ring_nf
verify	Recover stopped G5 original compiler diagnostics	2026-10-07T17:05:47.3953196Z   
verify	Recover stopped G5 original compiler diagnostics	2026-10-07T17:05:47.3953541Z   The `ring` tactic failed to close the goal. Use `ring_nf` to obtain a normal form.
verify	Recover stopped G5 original compiler diagnostics	2026-10-07T17:05:47.3953918Z     
verify	Recover stopped G5 original compiler diagnostics	2026-10-07T17:05:47.3954587Z   Note that `ring` works primarily in *commutative* rings. If you have a noncommutative ring, abelian group or module, consider using `noncomm_ring`, `abel` or `module` instead.
verify	Recover stopped G5 original compiler diagnostics	2026-10-07T17:05:47.3955269Z Try this:
verify	Recover stopped G5 original compiler diagnostics	2026-10-07T17:05:47.3955458Z   [apply] ring_nf
verify	Recover stopped G5 original compiler diagnostics	2026-10-07T17:05:47.3955646Z   
verify	Recover stopped G5 original compiler diagnostics	2026-10-07T17:05:47.3955975Z   The `ring` tactic failed to close the goal. Use `ring_nf` to obtain a normal form.
verify	Recover stopped G5 original compiler diagnostics	2026-10-07T17:05:47.3956353Z     
verify	Recover stopped G5 original compiler diagnostics	2026-10-07T17:05:47.3957276Z   Note that `ring` works primarily in *commutative* rings. If you have a noncommutative ring, abelian group or module, consider using `noncomm_ring`, `abel` or `module` instead.
verify	Recover stopped G5 original compiler diagnostics	2026-10-07T17:05:47.3957971Z Try this:
verify	Recover stopped G5 original compiler diagnostics	2026-10-07T17:05:47.3958160Z   [apply] ring_nf
verify	Recover stopped G5 original compiler diagnostics	2026-10-07T17:05:47.3958346Z   
verify	Recover stopped G5 original compiler diagnostics	2026-10-07T17:05:47.3958677Z   The `ring` tactic failed to close the goal. Use `ring_nf` to obtain a normal form.
verify	Recover stopped G5 original compiler diagnostics	2026-10-07T17:05:47.3959050Z     
verify	Recover stopped G5 original compiler diagnostics	2026-10-07T17:05:47.3959723Z   Note that `ring` works primarily in *commutative* rings. If you have a noncommutative ring, abelian group or module, consider using `noncomm_ring`, `abel` or `module` instead.
verify	Recover stopped G5 original compiler diagnostics	2026-10-07T17:05:47.3960397Z Try this:
verify	Recover stopped G5 original compiler diagnostics	2026-10-07T17:05:47.3960579Z   [apply] ring_nf
verify	Recover stopped G5 original compiler diagnostics	2026-10-07T17:05:47.3960764Z   
verify	Recover stopped G5 original compiler diagnostics	2026-10-07T17:05:47.3961092Z   The `ring` tactic failed to close the goal. Use `ring_nf` to obtain a normal form.
verify	Recover stopped G5 original compiler diagnostics	2026-10-07T17:05:47.3961470Z     
verify	Recover stopped G5 original compiler diagnostics	2026-10-07T17:05:47.3962136Z   Note that `ring` works primarily in *commutative* rings. If you have a noncommutative ring, abelian group or module, consider using `noncomm_ring`, `abel` or `module` instead.
verify	Recover stopped G5 original compiler diagnostics	2026-10-07T17:05:47.3962818Z Try this:
verify	Recover stopped G5 original compiler diagnostics	2026-10-07T17:05:47.3963044Z   [apply] ring_nf
verify	Recover stopped G5 original compiler diagnostics	2026-10-07T17:05:47.3963229Z   
verify	Recover stopped G5 original compiler diagnostics	2026-10-07T17:05:47.3963560Z   The `ring` tactic failed to close the goal. Use `ring_nf` to obtain a normal form.
verify	Recover stopped G5 original compiler diagnostics	2026-10-07T17:05:47.3963932Z     
verify	Recover stopped G5 original compiler diagnostics	2026-10-07T17:05:47.3964601Z   Note that `ring` works primarily in *commutative* rings. If you have a noncommutative ring, abelian group or module, consider using `noncomm_ring`, `abel` or `module` instead.
verify	Recover stopped G5 original compiler diagnostics	2026-10-07T17:05:47.3965282Z Try this:
verify	Recover stopped G5 original compiler diagnostics	2026-10-07T17:05:47.3965473Z   [apply] ring_nf
verify	Recover stopped G5 original compiler diagnostics	2026-10-07T17:05:47.3965658Z   
verify	Recover stopped G5 original compiler diagnostics	2026-10-07T17:05:47.3965986Z   The `ring` tactic failed to close the goal. Use `ring_nf` to obtain a normal form.
verify	Recover stopped G5 original compiler diagnostics	2026-10-07T17:05:47.3966358Z     
verify	Recover stopped G5 original compiler diagnostics	2026-10-07T17:05:47.3967258Z   Note that `ring` works primarily in *commutative* rings. If you have a noncommutative ring, abelian group or module, consider using `noncomm_ring`, `abel` or `module` instead.
verify	Recover stopped G5 original compiler diagnostics	2026-10-07T17:05:47.3968094Z Try this:
verify	Recover stopped G5 original compiler diagnostics	2026-10-07T17:05:47.3968279Z   [apply] ring_nf
verify	Recover stopped G5 original compiler diagnostics	2026-10-07T17:05:47.3968466Z   
verify	Recover stopped G5 original compiler diagnostics	2026-10-07T17:05:47.3968792Z   The `ring` tactic failed to close the goal. Use `ring_nf` to obtain a normal form.
verify	Recover stopped G5 original compiler diagnostics	2026-10-07T17:05:47.3969172Z     
verify	Recover stopped G5 original compiler diagnostics	2026-10-07T17:05:47.3969846Z   Note that `ring` works primarily in *commutative* rings. If you have a noncommutative ring, abelian group or module, consider using `noncomm_ring`, `abel` or `module` instead.
verify	Recover stopped G5 original compiler diagnostics	2026-10-07T17:05:47.3970537Z Try this:
verify	Recover stopped G5 original compiler diagnostics	2026-10-07T17:05:47.3970726Z   [apply] ring_nf
verify	Recover stopped G5 original compiler diagnostics	2026-10-07T17:05:47.3970913Z   
verify	Recover stopped G5 original compiler diagnostics	2026-10-07T17:05:47.3971246Z   The `ring` tactic failed to close the goal. Use `ring_nf` to obtain a normal form.
verify	Recover stopped G5 original compiler diagnostics	2026-10-07T17:05:47.3971620Z     
verify	Recover stopped G5 original compiler diagnostics	2026-10-07T17:05:47.3972293Z   Note that `ring` works primarily in *commutative* rings. If you have a noncommutative ring, abelian group or module, consider using `noncomm_ring`, `abel` or `module` instead.
verify	Recover stopped G5 original compiler diagnostics	2026-10-07T17:05:47.3972968Z Try this:
verify	Recover stopped G5 original compiler diagnostics	2026-10-07T17:05:47.3973159Z   [apply] ring_nf
verify	Recover stopped G5 original compiler diagnostics	2026-10-07T17:05:47.3973349Z   
verify	Recover stopped G5 original compiler diagnostics	2026-10-07T17:05:47.3973686Z   The `ring` tactic failed to close the goal. Use `ring_nf` to obtain a normal form.
verify	Recover stopped G5 original compiler diagnostics	2026-10-07T17:05:47.3974057Z     
verify	Recover stopped G5 original compiler diagnostics	2026-10-07T17:05:47.3974859Z   Note that `ring` works primarily in *commutative* rings. If you have a noncommutative ring, abelian group or module, consider using `noncomm_ring`, `abel` or `module` instead.
verify	Recover stopped G5 original compiler diagnostics	2026-10-07T17:05:47.3975849Z /home/runner/work/_temp/cloud-g5-build/CloudG5/G5FrozenTripleAnalyticSupport.lean:46:88: error: unsolved goals
verify	Recover stopped G5 original compiler diagnostics	2026-10-07T17:05:47.3976586Z case «0».«0»
verify	Recover stopped G5 original compiler diagnostics	2026-10-07T17:05:47.3977098Z q : ℝ
verify	Recover stopped G5 original compiler diagnostics	2026-10-07T17:05:47.3977313Z ⊢ 0 = 4 → q = 0
verify	Recover stopped G5 original compiler diagnostics	2026-10-07T17:05:47.3977441Z 
verify	Recover stopped G5 original compiler diagnostics	2026-10-07T17:05:47.3977545Z case «0».«1»
verify	Recover stopped G5 original compiler diagnostics	2026-10-07T17:05:47.3977738Z q : ℝ
verify	Recover stopped G5 original compiler diagnostics	2026-10-07T17:05:47.3978052Z ⊢ 0 = 4 → 0 = if 1 = 4 then q ^ 3 * (1 / 2) else q ^ 3 * (-1 / 2)
verify	Recover stopped G5 original compiler diagnostics	2026-10-07T17:05:47.3978291Z 
verify	Recover stopped G5 original compiler diagnostics	2026-10-07T17:05:47.3978402Z case «0».«2»
verify	Recover stopped G5 original compiler diagnostics	2026-10-07T17:05:47.3978593Z q : ℝ
verify	Recover stopped G5 original compiler diagnostics	2026-10-07T17:05:47.3979040Z ⊢ 0 = 4 → 0 = if ⟨2, ⋯⟩ = 4 then q ^ 3 * (1 / 2) else q ^ 3 * (-1 / 2)
verify	Recover stopped G5 original compiler diagnostics	2026-10-07T17:05:47.3979300Z 
verify	Recover stopped G5 original compiler diagnostics	2026-10-07T17:05:47.3979410Z case «0».«3»
verify	Recover stopped G5 original compiler diagnostics	2026-10-07T17:05:47.3979601Z q : ℝ
verify	Recover stopped G5 original compiler diagnostics	2026-10-07T17:05:47.3979881Z ⊢ 0 = 4 → 0 = if ⟨3, ⋯⟩ = 4 then q ^ 3 * (1 / 2) else q ^ 3 * (-1 / 2)
verify	Recover stopped G5 original compiler diagnostics	2026-10-07T17:05:47.3980122Z 
verify	Recover stopped G5 original compiler diagnostics	2026-10-07T17:05:47.3980223Z case «0».«4»
verify	Recover stopped G5 original compiler diagnostics	2026-10-07T17:05:47.3980413Z q : ℝ
verify	Recover stopped G5 original compiler diagnostics	2026-10-07T17:05:47.3980738Z ⊢ 0 = 4 → 0 = if ⟨4, ⋯⟩ = 4 then q ^ 3 * (1 / 2) else q ^ 3 * (-1 / 2)
verify	Recover stopped G5 original compiler diagnostics	2026-10-07T17:05:47.3980969Z 
verify	Recover stopped G5 original compiler diagnostics	2026-10-07T17:05:47.3981075Z case «1».«0»
verify	Recover stopped G5 original compiler diagnostics	2026-10-07T17:05:47.3981266Z q : ℝ
verify	Recover stopped G5 original compiler diagnostics	2026-10-07T17:05:47.3981611Z ⊢ (if 1 = 4 then q ^ 3 else q) = (if 1 = 4 then 0 else q) + if 1 = 4 then q ^ 3 else 0
verify	Recover stopped G5 original compiler diagnostics	2026-10-07T17:05:47.3982048Z 
verify	Recover stopped G5 original compiler diagnostics	2026-10-07T17:05:47.3982242Z case «1».«1»
verify	Recover stopped G5 original compiler diagnostics	2026-10-07T17:05:47.3982566Z q : ℝ
verify	Recover stopped G5 original compiler diagnostics	2026-10-07T17:05:47.3983269Z ⊢ (if 1 = 4 then if 1 = 4 then 1 + q * (-3 / 2) + q ^ 3 * (1 / 2) else q * (1 / 2) + q ^ 3 * (-1 / 2) else 1 - q) =
verify	Recover stopped G5 original compiler diagnostics	2026-10-07T17:05:47.3984073Z     ((if 1 = 4 then if 1 = 4 then 1 else 0 else 1) +
verify	Recover stopped G5 original compiler diagnostics	2026-10-07T17:05:47.3984806Z         if 1 = 4 then if 1 = 4 then q * (-3 / 2) else q * (1 / 2) else -q) +
verify	Recover stopped G5 original compiler diagnostics	2026-10-07T17:05:47.3985570Z       if 1 = 4 then if 1 = 4 then q ^ 3 * (1 / 2) else q ^ 3 * (-1 / 2) else 0
verify	Recover stopped G5 original compiler diagnostics	2026-10-07T17:05:47.3986029Z 
verify	Recover stopped G5 original compiler diagnostics	2026-10-07T17:05:47.3986264Z case «1».«2»
verify	Recover stopped G5 original compiler diagnostics	2026-10-07T17:05:47.3986527Z q : ℝ
verify	Recover stopped G5 original compiler diagnostics	2026-10-07T17:05:47.3987275Z ⊢ (if 1 = 4 then if ⟨2, ⋯⟩ = 4 then 1 + q * (-3 / 2) + q ^ 3 * (1 / 2) else q * (1 / 2) + q ^ 3 * (-1 / 2) else 0) =
verify	Recover stopped G5 original compiler diagnostics	2026-10-07T17:05:47.3987809Z     ((if 1 = 4 then if ⟨2, ⋯⟩ = 4 then 1 else 0 else 0) +
verify	Recover stopped G5 original compiler diagnostics	2026-10-07T17:05:47.3988259Z         if 1 = 4 then if ⟨2, ⋯⟩ = 4 then q * (-3 / 2) else q * (1 / 2) else 0) +
verify	Recover stopped G5 original compiler diagnostics	2026-10-07T17:05:47.3988754Z       if 1 = 4 then if ⟨2, ⋯⟩ = 4 then q ^ 3 * (1 / 2) else q ^ 3 * (-1 / 2) else 0
verify	Recover stopped G5 original compiler diagnostics	2026-10-07T17:05:47.3989019Z 
verify	Recover stopped G5 original compiler diagnostics	2026-10-07T17:05:47.3989122Z case «1».«3»
verify	Recover stopped G5 original compiler diagnostics	2026-10-07T17:05:47.3989321Z q : ℝ
verify	Recover stopped G5 original compiler diagnostics	2026-10-07T17:05:47.3989736Z ⊢ (if 1 = 4 then if ⟨3, ⋯⟩ = 4 then 1 + q * (-3 / 2) + q ^ 3 * (1 / 2) else q * (1 / 2) + q ^ 3 * (-1 / 2) else 0) =
verify	Recover stopped G5 original compiler diagnostics	2026-10-07T17:05:47.3990436Z     ((if 1 = 4 then if ⟨3, ⋯⟩ = 4 then 1 else 0 else 0) +
verify	Recover stopped G5 original compiler diagnostics	2026-10-07T17:05:47.3990872Z         if 1 = 4 then if ⟨3, ⋯⟩ = 4 then q * (-3 / 2) else q * (1 / 2) else 0) +
verify	Recover stopped G5 original compiler diagnostics	2026-10-07T17:05:47.3991368Z       if 1 = 4 then if ⟨3, ⋯⟩ = 4 then q ^ 3 * (1 / 2) else q ^ 3 * (-1 / 2) else 0
verify	Recover stopped G5 original compiler diagnostics	2026-10-07T17:05:47.3991626Z 
verify	Recover stopped G5 original compiler diagnostics	2026-10-07T17:05:47.3991726Z case «1».«4»
verify	Recover stopped G5 original compiler diagnostics	2026-10-07T17:05:47.3991919Z q : ℝ
verify	Recover stopped G5 original compiler diagnostics	2026-10-07T17:05:47.3992311Z ⊢ (if 1 = 4 then if ⟨4, ⋯⟩ = 4 then 1 + q * (-3 / 2) + q ^ 3 * (1 / 2) else q * (1 / 2) + q ^ 3 * (-1 / 2) else 0) =
verify	Recover stopped G5 original compiler diagnostics	2026-10-07T17:05:47.3992798Z     ((if 1 = 4 then if ⟨4, ⋯⟩ = 4 then 1 else 0 else 0) +
verify	Recover stopped G5 original compiler diagnostics	2026-10-07T17:05:47.3993226Z         if 1 = 4 then if ⟨4, ⋯⟩ = 4 then q * (-3 / 2) else q * (1 / 2) else 0) +
verify	Recover stopped G5 original compiler diagnostics	2026-10-07T17:05:47.3993704Z       if 1 = 4 then if ⟨4, ⋯⟩ = 4 then q ^ 3 * (1 / 2) else q ^ 3 * (-1 / 2) else 0
verify	Recover stopped G5 original compiler diagnostics	2026-10-07T17:05:47.3993956Z 
verify	Recover stopped G5 original compiler diagnostics	2026-10-07T17:05:47.3994061Z case «2».«0»
verify	Recover stopped G5 original compiler diagnostics	2026-10-07T17:05:47.3994249Z q : ℝ
verify	Recover stopped G5 original compiler diagnostics	2026-10-07T17:05:47.3994630Z ⊢ (if ⟨2, ⋯⟩ = 4 then q ^ 3 else q) = (if ⟨2, ⋯⟩ = 4 then 0 else q) + if ⟨2, ⋯⟩ = 4 then q ^ 3 else 0
verify	Recover stopped G5 original compiler diagnostics	2026-10-07T17:05:47.3994954Z 
verify	Recover stopped G5 original compiler diagnostics	2026-10-07T17:05:47.3995058Z case «2».«1»
verify	Recover stopped G5 original compiler diagnostics	2026-10-07T17:05:47.3995247Z q : ℝ
verify	Recover stopped G5 original compiler diagnostics	2026-10-07T17:05:47.3995772Z ⊢ (if ⟨2, ⋯⟩ = 4 then if 1 = 4 then 1 + q * (-3 / 2) + q ^ 3 * (1 / 2) else q * (1 / 2) + q ^ 3 * (-1 / 2) else 0) =
verify	Recover stopped G5 original compiler diagnostics	2026-10-07T17:05:47.3996250Z     ((if ⟨2, ⋯⟩ = 4 then if 1 = 4 then 1 else 0 else 0) +
verify	Recover stopped G5 original compiler diagnostics	2026-10-07T17:05:47.3996937Z         if ⟨2, ⋯⟩ = 4 then if 1 = 4 then q * (-3 / 2) else q * (1 / 2) else 0) +
verify	Recover stopped G5 original compiler diagnostics	2026-10-07T17:05:47.3997439Z       if ⟨2, ⋯⟩ = 4 then if 1 = 4 then q ^ 3 * (1 / 2) else q ^ 3 * (-1 / 2) else 0
verify	Recover stopped G5 original compiler diagnostics	2026-10-07T17:05:47.3997696Z 
verify	Recover stopped G5 original compiler diagnostics	2026-10-07T17:05:47.3997804Z case «2».«2»
verify	Recover stopped G5 original compiler diagnostics	2026-10-07T17:05:47.3997998Z q : ℝ
verify	Recover stopped G5 original compiler diagnostics	2026-10-07T17:05:47.3998389Z ⊢ (if ⟨2, ⋯⟩ = 4 then if ⟨2, ⋯⟩ = 4 then 1 + q * (-3 / 2) + q ^ 3 * (1 / 2) else q * (1 / 2) + q ^ 3 * (-1 / 2)
verify	Recover stopped G5 original compiler diagnostics	2026-10-07T17:05:47.3998786Z     else 1 - q) =
verify	Recover stopped G5 original compiler diagnostics	2026-10-07T17:05:47.3999096Z     ((if ⟨2, ⋯⟩ = 4 then if ⟨2, ⋯⟩ = 4 then 1 else 0 else 1) +
verify	Recover stopped G5 original compiler diagnostics	2026-10-07T17:05:47.3999582Z         if ⟨2, ⋯⟩ = 4 then if ⟨2, ⋯⟩ = 4 then q * (-3 / 2) else q * (1 / 2) else -q) +
verify	Recover stopped G5 original compiler diagnostics	2026-10-07T17:05:47.4000089Z       if ⟨2, ⋯⟩ = 4 then if ⟨2, ⋯⟩ = 4 then q ^ 3 * (1 / 2) else q ^ 3 * (-1 / 2) else 0
verify	Recover stopped G5 original compiler diagnostics	2026-10-07T17:05:47.4000390Z 
verify	Recover stopped G5 original compiler diagnostics	2026-10-07T17:05:47.4000496Z case «2».«3»
verify	Recover stopped G5 original compiler diagnostics	2026-10-07T17:05:47.4000689Z q : ℝ
verify	Recover stopped G5 original compiler diagnostics	2026-10-07T17:05:47.4001083Z ⊢ (if ⟨2, ⋯⟩ = 4 then if ⟨3, ⋯⟩ = 4 then 1 + q * (-3 / 2) + q ^ 3 * (1 / 2) else q * (1 / 2) + q ^ 3 * (-1 / 2)
verify	Recover stopped G5 original compiler diagnostics	2026-10-07T17:05:47.4001476Z     else 0) =
verify	Recover stopped G5 original compiler diagnostics	2026-10-07T17:05:47.4001766Z     ((if ⟨2, ⋯⟩ = 4 then if ⟨3, ⋯⟩ = 4 then 1 else 0 else 0) +
verify	Recover stopped G5 original compiler diagnostics	2026-10-07T17:05:47.4002212Z         if ⟨2, ⋯⟩ = 4 then if ⟨3, ⋯⟩ = 4 then q * (-3 / 2) else q * (1 / 2) else 0) +
verify	Recover stopped G5 original compiler diagnostics	2026-10-07T17:05:47.4002705Z       if ⟨2, ⋯⟩ = 4 then if ⟨3, ⋯⟩ = 4 then q ^ 3 * (1 / 2) else q ^ 3 * (-1 / 2) else 0
verify	Recover stopped G5 original compiler diagnostics	2026-10-07T17:05:47.4002974Z 
verify	Recover stopped G5 original compiler diagnostics	2026-10-07T17:05:47.4003075Z case «2».«4»
verify	Recover stopped G5 original compiler diagnostics	2026-10-07T17:05:47.4003269Z q : ℝ
verify	Recover stopped G5 original compiler diagnostics	2026-10-07T17:05:47.4070370Z ⊢ (if ⟨2, ⋯⟩ = 4 then if ⟨4, ⋯⟩ = 4 then 1 + q * (-3 / 2) + q ^ 3 * (1 / 2) else q * (1 / 2) + q ^ 3 * (-1 / 2)
verify	Recover stopped G5 original compiler diagnostics	2026-10-07T17:05:47.4070896Z     else 0) =
verify	Recover stopped G5 original compiler diagnostics	2026-10-07T17:05:47.4071293Z     ((if ⟨2, ⋯⟩ = 4 then if ⟨4, ⋯⟩ = 4 then 1 else 0 else 0) +
verify	Recover stopped G5 original compiler diagnostics	2026-10-07T17:05:47.4071876Z         if ⟨2, ⋯⟩ = 4 then if ⟨4, ⋯⟩ = 4 then q * (-3 / 2) else q * (1 / 2) else 0) +
verify	Recover stopped G5 original compiler diagnostics	2026-10-07T17:05:47.4072488Z       if ⟨2, ⋯⟩ = 4 then if ⟨4, ⋯⟩ = 4 then q ^ 3 * (1 / 2) else q ^ 3 * (-1 / 2) else 0
verify	Recover stopped G5 original compiler diagnostics	2026-10-07T17:05:47.4072773Z 
verify	Recover stopped G5 original compiler diagnostics	2026-10-07T17:05:47.4072884Z case «3».«0»
verify	Recover stopped G5 original compiler diagnostics	2026-10-07T17:05:47.4073103Z q : ℝ
verify	Recover stopped G5 original compiler diagnostics	2026-10-07T17:05:47.4073496Z ⊢ (if ⟨3, ⋯⟩ = 4 then q ^ 3 else q) = (if ⟨3, ⋯⟩ = 4 then 0 else q) + if ⟨3, ⋯⟩ = 4 then q ^ 3 else 0
verify	Recover stopped G5 original compiler diagnostics	2026-10-07T17:05:47.4073807Z 
verify	Recover stopped G5 original compiler diagnostics	2026-10-07T17:05:47.4073917Z case «3».«1»
verify	Recover stopped G5 original compiler diagnostics	2026-10-07T17:05:47.4074113Z q : ℝ
verify	Recover stopped G5 original compiler diagnostics	2026-10-07T17:05:47.4074515Z ⊢ (if ⟨3, ⋯⟩ = 4 then if 1 = 4 then 1 + q * (-3 / 2) + q ^ 3 * (1 / 2) else q * (1 / 2) + q ^ 3 * (-1 / 2) else 0) =
verify	Recover stopped G5 original compiler diagnostics	2026-10-07T17:05:47.4075030Z     ((if ⟨3, ⋯⟩ = 4 then if 1 = 4 then 1 else 0 else 0) +
verify	Recover stopped G5 original compiler diagnostics	2026-10-07T17:05:47.4075672Z         if ⟨3, ⋯⟩ = 4 then if 1 = 4 then q * (-3 / 2) else q * (1 / 2) else 0) +
verify	Recover stopped G5 original compiler diagnostics	2026-10-07T17:05:47.4076164Z       if ⟨3, ⋯⟩ = 4 then if 1 = 4 then q ^ 3 * (1 / 2) else q ^ 3 * (-1 / 2) else 0
verify	Recover stopped G5 original compiler diagnostics	2026-10-07T17:05:47.4076437Z 
verify	Recover stopped G5 original compiler diagnostics	2026-10-07T17:05:47.4076545Z case «3».«2»
verify	Recover stopped G5 original compiler diagnostics	2026-10-07T17:05:47.4077000Z q : ℝ
verify	Recover stopped G5 original compiler diagnostics	2026-10-07T17:05:47.4077421Z ⊢ (if ⟨3, ⋯⟩ = 4 then if ⟨2, ⋯⟩ = 4 then 1 + q * (-3 / 2) + q ^ 3 * (1 / 2) else q * (1 / 2) + q ^ 3 * (-1 / 2)
verify	Recover stopped G5 original compiler diagnostics	2026-10-07T17:05:47.4077825Z     else 0) =
verify	Recover stopped G5 original compiler diagnostics	2026-10-07T17:05:47.4078122Z     ((if ⟨3, ⋯⟩ = 4 then if ⟨2, ⋯⟩ = 4 then 1 else 0 else 0) +
verify	Recover stopped G5 original compiler diagnostics	2026-10-07T17:05:47.4078572Z         if ⟨3, ⋯⟩ = 4 then if ⟨2, ⋯⟩ = 4 then q * (-3 / 2) else q * (1 / 2) else 0) +
verify	Recover stopped G5 original compiler diagnostics	2026-10-07T17:05:47.4079068Z       if ⟨3, ⋯⟩ = 4 then if ⟨2, ⋯⟩ = 4 then q ^ 3 * (1 / 2) else q ^ 3 * (-1 / 2) else 0
verify	Recover stopped G5 original compiler diagnostics	2026-10-07T17:05:47.4079342Z 
verify	Recover stopped G5 original compiler diagnostics	2026-10-07T17:05:47.4079444Z case «3».«3»
verify	Recover stopped G5 original compiler diagnostics	2026-10-07T17:05:47.4079644Z q : ℝ
verify	Recover stopped G5 original compiler diagnostics	2026-10-07T17:05:47.4080060Z ⊢ (if ⟨3, ⋯⟩ = 4 then if ⟨3, ⋯⟩ = 4 then 1 + q * (-3 / 2) + q ^ 3 * (1 / 2) else q * (1 / 2) + q ^ 3 * (-1 / 2)
verify	Recover stopped G5 original compiler diagnostics	2026-10-07T17:05:47.4080531Z     else 1 - q) =
verify	Recover stopped G5 original compiler diagnostics	2026-10-07T17:05:47.4080845Z     ((if ⟨3, ⋯⟩ = 4 then if ⟨3, ⋯⟩ = 4 then 1 else 0 else 1) +
verify	Recover stopped G5 original compiler diagnostics	2026-10-07T17:05:47.4081461Z         if ⟨3, ⋯⟩ = 4 then if ⟨3, ⋯⟩ = 4 then q * (-3 / 2) else q * (1 / 2) else -q) +
verify	Recover stopped G5 original compiler diagnostics	2026-10-07T17:05:47.4081964Z       if ⟨3, ⋯⟩ = 4 then if ⟨3, ⋯⟩ = 4 then q ^ 3 * (1 / 2) else q ^ 3 * (-1 / 2) else 0
verify	Recover stopped G5 original compiler diagnostics	2026-10-07T17:05:47.4082259Z 
verify	Recover stopped G5 original compiler diagnostics	2026-10-07T17:05:47.4082362Z case «3».«4»
verify	Recover stopped G5 original compiler diagnostics	2026-10-07T17:05:47.4082556Z q : ℝ
verify	Recover stopped G5 original compiler diagnostics	2026-10-07T17:05:47.4082977Z ⊢ (if ⟨3, ⋯⟩ = 4 then if ⟨4, ⋯⟩ = 4 then 1 + q * (-3 / 2) + q ^ 3 * (1 / 2) else q * (1 / 2) + q ^ 3 * (-1 / 2)
verify	Recover stopped G5 original compiler diagnostics	2026-10-07T17:05:47.4083386Z     else 0) =
verify	Recover stopped G5 original compiler diagnostics	2026-10-07T17:05:47.4083692Z     ((if ⟨3, ⋯⟩ = 4 then if ⟨4, ⋯⟩ = 4 then 1 else 0 else 0) +
verify	Recover stopped G5 original compiler diagnostics	2026-10-07T17:05:47.4084140Z         if ⟨3, ⋯⟩ = 4 then if ⟨4, ⋯⟩ = 4 then q * (-3 / 2) else q * (1 / 2) else 0) +
verify	Recover stopped G5 original compiler diagnostics	2026-10-07T17:05:47.4084633Z       if ⟨3, ⋯⟩ = 4 then if ⟨4, ⋯⟩ = 4 then q ^ 3 * (1 / 2) else q ^ 3 * (-1 / 2) else 0
verify	Recover stopped G5 original compiler diagnostics	2026-10-07T17:05:47.4084918Z 
verify	Recover stopped G5 original compiler diagnostics	2026-10-07T17:05:47.4085020Z case «4».«0»
verify	Recover stopped G5 original compiler diagnostics	2026-10-07T17:05:47.4085210Z q : ℝ
verify	Recover stopped G5 original compiler diagnostics	2026-10-07T17:05:47.4085590Z ⊢ (if ⟨4, ⋯⟩ = 4 then q ^ 3 else q) = (if ⟨4, ⋯⟩ = 4 then 0 else q) + if ⟨4, ⋯⟩ = 4 then q ^ 3 else 0
verify	Recover stopped G5 original compiler diagnostics	2026-10-07T17:05:47.4085923Z 
verify	Recover stopped G5 original compiler diagnostics	2026-10-07T17:05:47.4086026Z case «4».«1»
verify	Recover stopped G5 original compiler diagnostics	2026-10-07T17:05:47.4086221Z q : ℝ
verify	Recover stopped G5 original compiler diagnostics	2026-10-07T17:05:47.4086834Z ⊢ (if ⟨4, ⋯⟩ = 4 then if 1 = 4 then 1 + q * (-3 / 2) + q ^ 3 * (1 / 2) else q * (1 / 2) + q ^ 3 * (-1 / 2) else 0) =
verify	Recover stopped G5 original compiler diagnostics	2026-10-07T17:05:47.4087370Z     ((if ⟨4, ⋯⟩ = 4 then if 1 = 4 then 1 else 0 else 0) +
verify	Recover stopped G5 original compiler diagnostics	2026-10-07T17:05:47.4087805Z         if ⟨4, ⋯⟩ = 4 then if 1 = 4 then q * (-3 / 2) else q * (1 / 2) else 0) +
verify	Recover stopped G5 original compiler diagnostics	2026-10-07T17:05:47.4088284Z       if ⟨4, ⋯⟩ = 4 then if 1 = 4 then q ^ 3 * (1 / 2) else q ^ 3 * (-1 / 2) else 0
verify	Recover stopped G5 original compiler diagnostics	2026-10-07T17:05:47.4088545Z 
verify	Recover stopped G5 original compiler diagnostics	2026-10-07T17:05:47.4088644Z case «4».«2»
verify	Recover stopped G5 original compiler diagnostics	2026-10-07T17:05:47.4088838Z q : ℝ
verify	Recover stopped G5 original compiler diagnostics	2026-10-07T17:05:47.4089220Z ⊢ (if ⟨4, ⋯⟩ = 4 then if ⟨2, ⋯⟩ = 4 then 1 + q * (-3 / 2) + q ^ 3 * (1 / 2) else q * (1 / 2) + q ^ 3 * (-1 / 2)
verify	Recover stopped G5 original compiler diagnostics	2026-10-07T17:05:47.4089624Z     else 0) =
verify	Recover stopped G5 original compiler diagnostics	2026-10-07T17:05:47.4089923Z     ((if ⟨4, ⋯⟩ = 4 then if ⟨2, ⋯⟩ = 4 then 1 else 0 else 0) +
verify	Recover stopped G5 original compiler diagnostics	2026-10-07T17:05:47.4090379Z         if ⟨4, ⋯⟩ = 4 then if ⟨2, ⋯⟩ = 4 then q * (-3 / 2) else q * (1 / 2) else 0) +
verify	Recover stopped G5 original compiler diagnostics	2026-10-07T17:05:47.4090868Z       if ⟨4, ⋯⟩ = 4 then if ⟨2, ⋯⟩ = 4 then q ^ 3 * (1 / 2) else q ^ 3 * (-1 / 2) else 0
verify	Recover stopped G5 original compiler diagnostics	2026-10-07T17:05:47.4091131Z 
verify	Recover stopped G5 original compiler diagnostics	2026-10-07T17:05:47.4091241Z case «4».«3»
verify	Recover stopped G5 original compiler diagnostics	2026-10-07T17:05:47.4091429Z q : ℝ
verify	Recover stopped G5 original compiler diagnostics	2026-10-07T17:05:47.4091809Z ⊢ (if ⟨4, ⋯⟩ = 4 then if ⟨3, ⋯⟩ = 4 then 1 + q * (-3 / 2) + q ^ 3 * (1 / 2) else q * (1 / 2) + q ^ 3 * (-1 / 2)
verify	Recover stopped G5 original compiler diagnostics	2026-10-07T17:05:47.4092192Z     else 0) =
verify	Recover stopped G5 original compiler diagnostics	2026-10-07T17:05:47.4092469Z     ((if ⟨4, ⋯⟩ = 4 then if ⟨3, ⋯⟩ = 4 then 1 else 0 else 0) +
verify	Recover stopped G5 original compiler diagnostics	2026-10-07T17:05:47.4092907Z         if ⟨4, ⋯⟩ = 4 then if ⟨3, ⋯⟩ = 4 then q * (-3 / 2) else q * (1 / 2) else 0) +
verify	Recover stopped G5 original compiler diagnostics	2026-10-07T17:05:47.4093397Z       if ⟨4, ⋯⟩ = 4 then if ⟨3, ⋯⟩ = 4 then q ^ 3 * (1 / 2) else q ^ 3 * (-1 / 2) else 0
verify	Recover stopped G5 original compiler diagnostics	2026-10-07T17:05:47.4093807Z 
verify	Recover stopped G5 original compiler diagnostics	2026-10-07T17:05:47.4093919Z case «4».«4»
verify	Recover stopped G5 original compiler diagnostics	2026-10-07T17:05:47.4094109Z q : ℝ
verify	Recover stopped G5 original compiler diagnostics	2026-10-07T17:05:47.4094484Z ⊢ (if ⟨4, ⋯⟩ = 4 then if ⟨4, ⋯⟩ = 4 then 1 + q * (-3 / 2) + q ^ 3 * (1 / 2) else q * (1 / 2) + q ^ 3 * (-1 / 2)
verify	Recover stopped G5 original compiler diagnostics	2026-10-07T17:05:47.4094878Z     else 1 - q) =
verify	Recover stopped G5 original compiler diagnostics	2026-10-07T17:05:47.4095165Z     ((if ⟨4, ⋯⟩ = 4 then if ⟨4, ⋯⟩ = 4 then 1 else 0 else 1) +
verify	Recover stopped G5 original compiler diagnostics	2026-10-07T17:05:47.4095601Z         if ⟨4, ⋯⟩ = 4 then if ⟨4, ⋯⟩ = 4 then q * (-3 / 2) else q * (1 / 2) else -q) +
verify	Recover stopped G5 original compiler diagnostics	2026-10-07T17:05:47.4096088Z       if ⟨4, ⋯⟩ = 4 then if ⟨4, ⋯⟩ = 4 then q ^ 3 * (1 / 2) else q ^ 3 * (-1 / 2) else 0
verify	Recover stopped G5 original compiler diagnostics	2026-10-07T17:05:47.4096998Z /home/runner/work/_temp/cloud-g5-build/CloudG5/G5FrozenTripleAnalyticSupport.lean:66:45: error: Type mismatch
verify	Recover stopped G5 original compiler diagnostics	2026-10-07T17:05:47.4097562Z   zero_mul ?m.69
verify	Recover stopped G5 original compiler diagnostics	2026-10-07T17:05:47.4097760Z has type
verify	Recover stopped G5 original compiler diagnostics	2026-10-07T17:05:47.4097938Z   0 * ?m.69 = 0
verify	Recover stopped G5 original compiler diagnostics	2026-10-07T17:05:47.4098154Z but is expected to have type
verify	Recover stopped G5 original compiler diagnostics	2026-10-07T17:05:47.4098664Z   x✝ ∈ Finsupp.support ?m.63 ∪ Finsupp.support ?m.64 → ?m.65 x✝ 0 = 0
verify	Recover stopped G5 original compiler diagnostics	2026-10-07T17:05:47.4099324Z /home/runner/work/_temp/cloud-g5-build/CloudG5/G5FrozenTripleAnalyticSupport.lean:67:20: error: Type mismatch
verify	Recover stopped G5 original compiler diagnostics	2026-10-07T17:05:47.4100015Z   add_mul ?m.78 ?m.79 ?m.80
verify	Recover stopped G5 original compiler diagnostics	2026-10-07T17:05:47.4100241Z has type
verify	Recover stopped G5 original compiler diagnostics	2026-10-07T17:05:47.4100476Z   (?m.78 + ?m.79) * ?m.80 = ?m.78 * ?m.80 + ?m.79 * ?m.80
verify	Recover stopped G5 original compiler diagnostics	2026-10-07T17:05:47.4100792Z but is expected to have type
verify	Recover stopped G5 original compiler diagnostics	2026-10-07T17:05:47.4101161Z   ∀ (b₂ : ?m.58), ?m.65 x✝² (x✝ + b₂) = ?m.65 x✝² x✝ + ?m.65 x✝² b₂
verify	Recover stopped G5 original compiler diagnostics	2026-10-07T17:05:47.4101869Z /home/runner/work/_temp/cloud-g5-build/CloudG5/G5FrozenTripleAnalyticSupport.lean:67:61: error: Application type mismatch: The argument
verify	Recover stopped G5 original compiler diagnostics	2026-10-07T17:05:47.4102481Z   zero_mul ?m.67
verify	Recover stopped G5 original compiler diagnostics	2026-10-07T17:05:47.4102681Z has type
verify	Recover stopped G5 original compiler diagnostics	2026-10-07T17:05:47.4102867Z   0 * ?m.67 = 0
verify	Recover stopped G5 original compiler diagnostics	2026-10-07T17:05:47.4103082Z but is expected to have type
verify	Recover stopped G5 original compiler diagnostics	2026-10-07T17:05:47.4103324Z   ?m.64 ?m.62 0 = 0
verify	Recover stopped G5 original compiler diagnostics	2026-10-07T17:05:47.4103531Z in the application
verify	Recover stopped G5 original compiler diagnostics	2026-10-07T17:05:47.4103781Z   Finsupp.sum_single_index (zero_mul ?m.67)
verify	Recover stopped G5 original compiler diagnostics	2026-10-07T17:05:47.4104375Z /home/runner/work/_temp/cloud-g5-build/CloudG5/G5FrozenTripleAnalyticSupport.lean:59:50: error: unsolved goals
verify	Recover stopped G5 original compiler diagnostics	2026-10-07T17:05:47.4104911Z rate u : ℝ
verify	Recover stopped G5 original compiler diagnostics	2026-10-07T17:05:47.4105120Z occupancy gene : Fin 5
verify	Recover stopped G5 original compiler diagnostics	2026-10-07T17:05:47.4105404Z hc : Real.exp (-rate * u) ^ 3 = Real.exp (-3 * rate * u)
verify	Recover stopped G5 original compiler diagnostics	2026-10-07T17:05:47.4105994Z ⊢ ((Finsupp.single 0 (row 0 occupancy gene) + Finsupp.single (-rate) (linearCoefficient occupancy gene) +
verify	Recover stopped G5 original compiler diagnostics	2026-10-07T17:05:47.4106592Z           Finsupp.single (-3 * rate) (cubicCoefficient occupancy gene)).sum
verify	Recover stopped G5 original compiler diagnostics	2026-10-07T17:05:47.4107301Z       fun rate weight => weight * Real.exp (rate * u)) =
verify	Recover stopped G5 original compiler diagnostics	2026-10-07T17:05:47.4107764Z     row 0 occupancy gene + linearCoefficient occupancy gene * Real.exp (-rate * u) +
verify	Recover stopped G5 original compiler diagnostics	2026-10-07T17:05:47.4108260Z       cubicCoefficient occupancy gene * Real.exp (-3 * rate * u)
verify	Recover stopped G5 original compiler diagnostics	2026-10-07T17:05:47.4108955Z /home/runner/work/_temp/cloud-g5-build/CloudG5/G5FrozenTripleAnalyticSupport.lean:68:4: warning: This simp argument is unused:
verify	Recover stopped G5 original compiler diagnostics	2026-10-07T17:05:47.4109542Z   zero_mul
verify	Recover stopped G5 original compiler diagnostics	2026-10-07T17:05:47.4109650Z 
verify	Recover stopped G5 original compiler diagnostics	2026-10-07T17:05:47.4109772Z Hint: Omit it from the simp argument list.
verify	Recover stopped G5 original compiler diagnostics	2026-10-07T17:05:47.4110238Z   [apply] simp only [Finsupp.sum_add_index (fun _ => zero_mul _) (fun _ _ _ => add_mul _ _ _),
verify	Recover stopped G5 original compiler diagnostics	2026-10-07T17:05:47.4110795Z     Finsupp.sum_single_index (zero_mul _), Real.exp_zero, mul_one, hc]
verify	Recover stopped G5 original compiler diagnostics	2026-10-07T17:05:47.4111084Z 
verify	Recover stopped G5 original compiler diagnostics	2026-10-07T17:05:47.4111324Z Note: This linter can be disabled with `set_option linter.unusedSimpArgs false`
verify	Recover stopped G5 original compiler diagnostics	2026-10-07T17:05:47.4112085Z /home/runner/work/_temp/cloud-g5-build/CloudG5/G5FrozenTripleAnalyticSupport.lean:68:14: warning: This simp argument is unused:
verify	Recover stopped G5 original compiler diagnostics	2026-10-07T17:05:47.4112675Z   Real.exp_zero
verify	Recover stopped G5 original compiler diagnostics	2026-10-07T17:05:47.4112802Z 
verify	Recover stopped G5 original compiler diagnostics	2026-10-07T17:05:47.4112925Z Hint: Omit it from the simp argument list.
verify	Recover stopped G5 original compiler diagnostics	2026-10-07T17:05:47.4113376Z   [apply] simp only [Finsupp.sum_add_index (fun _ => zero_mul _) (fun _ _ _ => add_mul _ _ _),
verify	Recover stopped G5 original compiler diagnostics	2026-10-07T17:05:47.4113895Z     Finsupp.sum_single_index (zero_mul _), zero_mul, mul_one, hc]
verify	Recover stopped G5 original compiler diagnostics	2026-10-07T17:05:47.4114332Z 
verify	Recover stopped G5 original compiler diagnostics	2026-10-07T17:05:47.4114570Z Note: This linter can be disabled with `set_option linter.unusedSimpArgs false`
verify	Recover stopped G5 original compiler diagnostics	2026-10-07T17:05:47.4115313Z /home/runner/work/_temp/cloud-g5-build/CloudG5/G5FrozenTripleAnalyticSupport.lean:68:29: warning: This simp argument is unused:
verify	Recover stopped G5 original compiler diagnostics	2026-10-07T17:05:47.4115896Z   mul_one
verify	Recover stopped G5 original compiler diagnostics	2026-10-07T17:05:47.4116007Z 
verify	Recover stopped G5 original compiler diagnostics	2026-10-07T17:05:47.4116125Z Hint: Omit it from the simp argument list.
verify	Recover stopped G5 original compiler diagnostics	2026-10-07T17:05:47.4116584Z   [apply] simp only [Finsupp.sum_add_index (fun _ => zero_mul _) (fun _ _ _ => add_mul _ _ _),
verify	Recover stopped G5 original compiler diagnostics	2026-10-07T17:05:47.4117543Z     Finsupp.sum_single_index (zero_mul _), zero_mul, Real.exp_zero, hc]
verify	Recover stopped G5 original compiler diagnostics	2026-10-07T17:05:47.4117833Z 
verify	Recover stopped G5 original compiler diagnostics	2026-10-07T17:05:47.4118075Z Note: This linter can be disabled with `set_option linter.unusedSimpArgs false`
verify	Recover stopped G5 original compiler diagnostics	2026-10-07T17:05:47.4118698Z 'GProgram.G5.FrozenTripleAnalyticSupport.exp_parameter_bounds' depends on axioms: [propext,
verify	Recover stopped G5 original compiler diagnostics	2026-10-07T17:05:47.4119176Z  Classical.choice,
verify	Recover stopped G5 original compiler diagnostics	2026-10-07T17:05:47.4119386Z  Quot.sound]
verify	Recover stopped G5 original compiler diagnostics	2026-10-07T17:05:47.4119939Z 'GProgram.G5.FrozenTripleAnalyticSupport.exp_parameter_decay' depends on axioms: [propext, Classical.choice, Quot.sound]
verify	Recover stopped G5 original compiler diagnostics	2026-10-07T17:05:47.4120706Z 'GProgram.G5.FrozenTripleAnalyticSupport.row_polynomial' depends on axioms: [propext,
verify	Recover stopped G5 original compiler diagnostics	2026-10-07T17:05:47.4121290Z  sorryAx,
verify	Recover stopped G5 original compiler diagnostics	2026-10-07T17:05:47.4121485Z  Classical.choice,
verify	Recover stopped G5 original compiler diagnostics	2026-10-07T17:05:47.4121690Z  Quot.sound]
verify	Recover stopped G5 original compiler diagnostics	2026-10-07T17:05:47.4122135Z 'GProgram.G5.FrozenTripleAnalyticSupport.row_coefficients_evaluation' depends on axioms: [propext,
verify	Recover stopped G5 original compiler diagnostics	2026-10-07T17:05:47.4122617Z  sorryAx,
verify	Recover stopped G5 original compiler diagnostics	2026-10-07T17:05:47.4122807Z  Classical.choice,
verify	Recover stopped G5 original compiler diagnostics	2026-10-07T17:05:47.4123008Z  Quot.sound]
verify	Recover stopped G5 original compiler diagnostics	2026-10-07T17:05:47.4123465Z 'GProgram.G5.FrozenTripleAnalyticSupport.frozen_coefficients_evaluation' depends on axioms: [propext,
verify	Recover stopped G5 original compiler diagnostics	2026-10-07T17:05:47.4123963Z  sorryAx,
verify	Recover stopped G5 original compiler diagnostics	2026-10-07T17:05:47.4124149Z  Classical.choice,
verify	Recover stopped G5 original compiler diagnostics	2026-10-07T17:05:47.4124349Z  Quot.sound]
verify	Recover stopped G5 original compiler diagnostics	2026-10-07T17:05:47.4124766Z 'GProgram.G5.FrozenTripleAnalyticSupport.frozen_mixture_limit' depends on axioms: [propext,
verify	Recover stopped G5 original compiler diagnostics	2026-10-07T17:05:47.4125245Z  Classical.choice,
verify	Recover stopped G5 original compiler diagnostics	2026-10-07T17:05:47.4125444Z  Quot.sound]
verify	Recover stopped G5 original compiler diagnostics	2026-10-07T17:05:47.4125905Z 'GProgram.G5.FrozenTripleAnalyticSupport.frozen_mixtures_eq_of_right_germ' depends on axioms: [propext,
verify	Recover stopped G5 original compiler diagnostics	2026-10-07T17:05:47.4126417Z  sorryAx,
verify	Recover stopped G5 original compiler diagnostics	2026-10-07T17:05:47.4126790Z  Classical.choice,
verify	Recover stopped G5 original compiler diagnostics	2026-10-07T17:05:47.4127041Z  Quot.sound]
verify	Recover stopped G5 original compiler diagnostics	2026-10-07T17:05:47.4127517Z 'GProgram.G5.FrozenTripleAnalyticSupport.occupancy_masses_eq_of_right_germ' depends on axioms: [propext,
verify	Recover stopped G5 original compiler diagnostics	2026-10-07T17:05:47.4128022Z  sorryAx,
verify	Recover stopped G5 original compiler diagnostics	2026-10-07T17:05:47.4128210Z  Classical.choice,
verify	Recover stopped G5 original compiler diagnostics	2026-10-07T17:05:47.4128417Z  Quot.sound]
verify	Recover stopped G5 original compiler diagnostics	2026-10-07T17:05:47.4128890Z 'GProgram.G5.FrozenTripleAnalyticSupport.occupancy_support_eq_of_right_germ' depends on axioms: [propext,
verify	Recover stopped G5 original compiler diagnostics	2026-10-07T17:05:47.4129406Z  sorryAx,
verify	Recover stopped G5 original compiler diagnostics	2026-10-07T17:05:47.4129599Z  Classical.choice,
verify	Recover stopped G5 original compiler diagnostics	2026-10-07T17:05:47.4129802Z  Quot.sound]
verify	Recover stopped G5 original compiler diagnostics	2026-10-07T17:05:47.4130020Z G5_ORIGINAL_FAILED_DIAGNOSTIC_END
verify	Recover stopped G5 original compiler diagnostics	2026-10-07T17:05:47.4130303Z G5_ORIGINAL_module-results.json {
verify	Recover stopped G5 original compiler diagnostics	2026-10-07T17:05:47.4130601Z   "G5FrozenTriplePolynomialKernel": {
verify	Recover stopped G5 original compiler diagnostics	2026-10-07T17:05:47.4130886Z     "status": "PASS",
verify	Recover stopped G5 original compiler diagnostics	2026-10-07T17:05:47.4131102Z     "exit": 0,
verify	Recover stopped G5 original compiler diagnostics	2026-10-07T17:05:47.4131487Z     "source_sha256": "ba0c611a563318de5d2310b6620cae0899c77b9ead6cf690efd82af926c746a4",
verify	Recover stopped G5 original compiler diagnostics	2026-10-07T17:05:47.4132113Z     "artifact_sha256": "c7fe5b50a3bdabe11128e6628c9f4fe5c744a42692a1f72e12bac57ae897f610"
verify	Recover stopped G5 original compiler diagnostics	2026-10-07T17:05:47.4132532Z   },
verify	Recover stopped G5 original compiler diagnostics	2026-10-07T17:05:47.4132761Z   "G5ExponentialGermIdentification": {
verify	Recover stopped G5 original compiler diagnostics	2026-10-07T17:05:47.4133044Z     "status": "PASS",
verify	Recover stopped G5 original compiler diagnostics	2026-10-07T17:05:47.4133255Z     "exit": 0,
verify	Recover stopped G5 original compiler diagnostics	2026-10-07T17:05:47.4133636Z     "source_sha256": "c87eb5933db663acbed6128f9898ed357c1c0ba9a8fbf287ebb04cbecffa13d0",
verify	Recover stopped G5 original compiler diagnostics	2026-10-07T17:05:47.4134243Z     "artifact_sha256": "f5871e7e0c92132cfd8ffd2aa2aee62fd531a8135d709fc502f1f81767317fdc"
verify	Recover stopped G5 original compiler diagnostics	2026-10-07T17:05:47.4134657Z   },
verify	Recover stopped G5 original compiler diagnostics	2026-10-07T17:05:47.4134860Z   "G5UnknownRateSupport": {
verify	Recover stopped G5 original compiler diagnostics	2026-10-07T17:05:47.4135107Z     "status": "PASS",
verify	Recover stopped G5 original compiler diagnostics	2026-10-07T17:05:47.4135322Z     "exit": 0,
verify	Recover stopped G5 original compiler diagnostics	2026-10-07T17:05:47.4135834Z     "source_sha256": "5138246c24f49bc7b4b2adf28fd776b1b89f16e5cf7bc5bfa1b27c97afa7fa93",
verify	Recover stopped G5 original compiler diagnostics	2026-10-07T17:05:47.4136438Z     "artifact_sha256": "6c9eab9d43b38f9f40f1ad205e7108c2a66178abca4f457f9f1fb343dfc2dd9e"
verify	Recover stopped G5 original compiler diagnostics	2026-10-07T17:05:47.4137106Z   },
verify	Recover stopped G5 original compiler diagnostics	2026-10-07T17:05:47.4137336Z   "G5FrozenTripleAnalyticSupport": {
verify	Recover stopped G5 original compiler diagnostics	2026-10-07T17:05:47.4137617Z     "status": "FAIL",
verify	Recover stopped G5 original compiler diagnostics	2026-10-07T17:05:47.4137826Z     "exit": 1,
verify	Recover stopped G5 original compiler diagnostics	2026-10-07T17:05:47.4138184Z     "source_sha256": "87679f3b02566a44efd25b3d275af458716c015b346e02bd9d513093e5787f4c"
verify	Recover stopped G5 original compiler diagnostics	2026-10-07T17:05:47.4138582Z   },
verify	Recover stopped G5 original compiler diagnostics	2026-10-07T17:05:47.4138767Z   "SourceNetwork": {
verify	Recover stopped G5 original compiler diagnostics	2026-10-07T17:05:47.4138993Z     "status": "PASS",
verify	Recover stopped G5 original compiler diagnostics	2026-10-07T17:05:47.4139200Z     "exit": 0,
verify	Recover stopped G5 original compiler diagnostics	2026-10-07T17:05:47.4139581Z     "source_sha256": "0e0a2a3ed6bdbbd7242980a6428ebf8ec0ec85d077d2ccf9cd8dfef4e1bd2eb7",
verify	Recover stopped G5 original compiler diagnostics	2026-10-07T17:05:47.4140177Z     "artifact_sha256": "5839e58243c6e4e4998b43a12b25e263da4f390ba9507a1cd165b3660df6bd7a"
verify	Recover stopped G5 original compiler diagnostics	2026-10-07T17:05:47.4140577Z   },
verify	Recover stopped G5 original compiler diagnostics	2026-10-07T17:05:47.4140766Z   "G2LiveLineageRouting": {
verify	Recover stopped G5 original compiler diagnostics	2026-10-07T17:05:47.4141010Z     "status": "PASS",
verify	Recover stopped G5 original compiler diagnostics	2026-10-07T17:05:47.4141206Z     "exit": 0,
verify	Recover stopped G5 original compiler diagnostics	2026-10-07T17:05:47.4141563Z     "source_sha256": "bf33f6be93e61960aa637df34d1197316669d6f2ddde6d743ac405a010cb05af",
verify	Recover stopped G5 original compiler diagnostics	2026-10-07T17:05:47.4142281Z     "artifact_sha256": "af00bd42555ed1078283b2cfe09904e77490eec1f6a0416d223aba949d4880ce"
verify	Recover stopped G5 original compiler diagnostics	2026-10-07T17:05:47.4142693Z   },
verify	Recover stopped G5 original compiler diagnostics	2026-10-07T17:05:47.4142888Z   "SourceLabelledForest": {
verify	Recover stopped G5 original compiler diagnostics	2026-10-07T17:05:47.4143128Z     "status": "PASS",
verify	Recover stopped G5 original compiler diagnostics	2026-10-07T17:05:47.4143335Z     "exit": 0,
verify	Recover stopped G5 original compiler diagnostics	2026-10-07T17:05:47.4143714Z     "source_sha256": "d6e5b2b57cf03091f8b5b5a2c80cf49de39bab938c50a467b46b30e08f12871d",
verify	Recover stopped G5 original compiler diagnostics	2026-10-07T17:05:47.4144322Z     "artifact_sha256": "f2a5b4e2dd8a0b55c67f59e1c1bfe7850a6d4197c5f362cee74d4f60348b9f43"
verify	Recover stopped G5 original compiler diagnostics	2026-10-07T17:05:47.4144737Z   },
verify	Recover stopped G5 original compiler diagnostics	2026-10-07T17:05:47.4144948Z   "SourceForestKingmanProjection": {
verify	Recover stopped G5 original compiler diagnostics	2026-10-07T17:05:47.4145224Z     "status": "PASS",
verify	Recover stopped G5 original compiler diagnostics	2026-10-07T17:05:47.4145432Z     "exit": 0,
verify	Recover stopped G5 original compiler diagnostics	2026-10-07T17:05:47.4145806Z     "source_sha256": "781d4a7ee62e5e98fa15e056e201a2c753a2f945bd536cf9df6cb04d906511a0",
verify	Recover stopped G5 original compiler diagnostics	2026-10-07T17:05:47.4146399Z     "artifact_sha256": "4c6757229e839b14c0efa66fad816dd02adb85cc1a4db269293502ed3399442a"
verify	Recover stopped G5 original compiler diagnostics	2026-10-07T17:05:47.4147086Z   },
verify	Recover stopped G5 original compiler diagnostics	2026-10-07T17:05:47.4147343Z   "SourceForestKingmanPopulationProjection": {
verify	Recover stopped G5 original compiler diagnostics	2026-10-07T17:05:47.4147663Z     "status": "PASS",
verify	Recover stopped G5 original compiler diagnostics	2026-10-07T17:05:47.4147872Z     "exit": 0,
verify	Recover stopped G5 original compiler diagnostics	2026-10-07T17:05:47.4148246Z     "source_sha256": "e8733ab8e66c60f98cfcfcd56e703b55a5ad8674dc5361f4ac6cb0c35f80f6e4",
verify	Recover stopped G5 original compiler diagnostics	2026-10-07T17:05:47.4148847Z     "artifact_sha256": "731eef4f7f6f2ec68b5fbe95ec350cb407633a03e5f52a77665f5ad806c7ae30"
verify	Recover stopped G5 original compiler diagnostics	2026-10-07T17:05:47.4149261Z   },
verify	Recover stopped G5 original compiler diagnostics	2026-10-07T17:05:47.4149521Z   "UnifiedLean.Source.SourceForestSilentPruning": {
verify	Recover stopped G5 original compiler diagnostics	2026-10-07T17:05:47.4149866Z     "status": "PASS",
verify	Recover stopped G5 original compiler diagnostics	2026-10-07T17:05:47.4150074Z     "exit": 0,
verify	Recover stopped G5 original compiler diagnostics	2026-10-07T17:05:47.4150447Z     "source_sha256": "86f61cc8ce06af574ee98b37db0ecd7c8cbc2df99e495ce1b9a66605ea8fb5c2",
verify	Recover stopped G5 original compiler diagnostics	2026-10-07T17:05:47.4151052Z     "artifact_sha256": "5dc9544d1e4111dbf9c3214a8bd274e18af367a572fb3d2adea13141402402e6"
verify	Recover stopped G5 original compiler diagnostics	2026-10-07T17:05:47.4151463Z   },
verify	Recover stopped G5 original compiler diagnostics	2026-10-07T17:05:47.4151676Z   "G2FaithfulPairAgeDecoration": {
verify	Recover stopped G5 original compiler diagnostics	2026-10-07T17:05:47.4151943Z     "status": "PASS",
verify	Recover stopped G5 original compiler diagnostics	2026-10-07T17:05:47.4152166Z     "exit": 0,
verify	Recover stopped G5 original compiler diagnostics	2026-10-07T17:05:47.4152551Z     "source_sha256": "c82708abcdae2e3e174f245dccca811881b5149f1acb69b12700850b307b5735",
verify	Recover stopped G5 original compiler diagnostics	2026-10-07T17:05:47.4153167Z     "artifact_sha256": "aaae4b75efbd4a5340d5a6eb5ba0c4ee67ee139b78bdb2d359ec9bcd5c6d3ba3"
verify	Recover stopped G5 original compiler diagnostics	2026-10-07T17:05:47.4153605Z   },
verify	Recover stopped G5 original compiler diagnostics	2026-10-07T17:05:47.4153863Z   "UnifiedLean.Source.FiniteGenealogyEncoding": {
verify	Recover stopped G5 original compiler diagnostics	2026-10-07T17:05:47.4154189Z     "status": "PASS",
verify	Recover stopped G5 original compiler diagnostics	2026-10-07T17:05:47.4154401Z     "exit": 0,
verify	Recover stopped G5 original compiler diagnostics	2026-10-07T17:05:47.4154775Z     "source_sha256": "3d862f8d9f9a43aed6324954ebea749001fd2b221dd90dd7d58cf4e4419fbcac",
verify	Recover stopped G5 original compiler diagnostics	2026-10-07T17:05:47.4155355Z     "artifact_sha256": "350a72a7a56d3739f8872385b9226e60779ee9281660689d6ee7a0854dcb31da"
verify	Recover stopped G5 original compiler diagnostics	2026-10-07T17:05:47.4155749Z   },
verify	Recover stopped G5 original compiler diagnostics	2026-10-07T17:05:47.4155989Z   "UnifiedLean.Source.FiniteSourceSnapshot": {
verify	Recover stopped G5 original compiler diagnostics	2026-10-07T17:05:47.4156435Z     "status": "PASS",
verify	Recover stopped G5 original compiler diagnostics	2026-10-07T17:05:47.4156871Z     "exit": 0,
verify	Recover stopped G5 original compiler diagnostics	2026-10-07T17:05:47.4157262Z     "source_sha256": "4628112bbbc69528748bbc93f8a3f8200bc802a6e72417fb90c39e7acd49f744",
verify	Recover stopped G5 original compiler diagnostics	2026-10-07T17:05:47.4157867Z     "artifact_sha256": "acecbfa7e7c54592eb43a2451f5171ec5f6e3ac30ff6376bf482b3dc765f06b8"
verify	Recover stopped G5 original compiler diagnostics	2026-10-07T17:05:47.4158292Z   },
verify	Recover stopped G5 original compiler diagnostics	2026-10-07T17:05:47.4158475Z   "GraphLeaves": {
verify	Recover stopped G5 original compiler diagnostics	2026-10-07T17:05:47.4158687Z     "status": "PASS",
verify	Recover stopped G5 original compiler diagnostics	2026-10-07T17:05:47.4158893Z     "exit": 0,
verify	Recover stopped G5 original compiler diagnostics	2026-10-07T17:05:47.4159255Z     "source_sha256": "9d7e0f1756768fe32d4b38514c36bd961a306fb21dcf6b7fb27f5e6285a5f49b",
verify	Recover stopped G5 original compiler diagnostics	2026-10-07T17:05:47.4159845Z     "artifact_sha256": "535306348d70a72205667fc478f9db4c00fa79c5c94db3d32c2088d90b176b6b"
verify	Recover stopped G5 original compiler diagnostics	2026-10-07T17:05:47.4160245Z   },
verify	Recover stopped G5 original compiler diagnostics	2026-10-07T17:05:47.4160426Z   "GraphCuts": {
verify	Recover stopped G5 original compiler diagnostics	2026-10-07T17:05:47.4160636Z     "status": "PASS",
verify	Recover stopped G5 original compiler diagnostics	2026-10-07T17:05:47.4160842Z     "exit": 0,
verify	Recover stopped G5 original compiler diagnostics	2026-10-07T17:05:47.4161199Z     "source_sha256": "a877489ce00643ef1bf96b14d484453797891c718445ce157aa7a54beefce2e5",
verify	Recover stopped G5 original compiler diagnostics	2026-10-07T17:05:47.4161794Z     "artifact_sha256": "8c70b5566b0d9bdc4a0fb67b16250948ff4f373dff9f70aa12a9fc19f01c17d9"
verify	Recover stopped G5 original compiler diagnostics	2026-10-07T17:05:47.4162201Z   },
verify	Recover stopped G5 original compiler diagnostics	2026-10-07T17:05:47.4162388Z   "G5BridgeBarrier": {
verify	Recover stopped G5 original compiler diagnostics	2026-10-07T17:05:47.4162739Z     "status": "PASS",
verify	Recover stopped G5 original compiler diagnostics	2026-10-07T17:05:47.4162942Z     "exit": 0,
verify	Recover stopped G5 original compiler diagnostics	2026-10-07T17:05:47.4163309Z     "source_sha256": "0e2af6987c473e34c09a74ab41b3ede45ce049cbc04fde42b1d2108162467f77",
verify	Recover stopped G5 original compiler diagnostics	2026-10-07T17:05:47.4163895Z     "artifact_sha256": "8f45e753481ec724dfdeb53c07ef94692b282ca39ea202759513e7b6355df159"
verify	Recover stopped G5 original compiler diagnostics	2026-10-07T17:05:47.4164306Z   },
verify	Recover stopped G5 original compiler diagnostics	2026-10-07T17:05:47.4164496Z   "G5CalendarRoutes": {
verify	Recover stopped G5 original compiler diagnostics	2026-10-07T17:05:47.4164722Z     "status": "PASS",
verify	Recover stopped G5 original compiler diagnostics	2026-10-07T17:05:47.4164926Z     "exit": 0,
verify	Recover stopped G5 original compiler diagnostics	2026-10-07T17:05:47.4165283Z     "source_sha256": "db0e9421d59009e4119ac42e7e86517ada50f5007a314fd430f4b0937f6c80fd",
verify	Recover stopped G5 original compiler diagnostics	2026-10-07T17:05:47.4165862Z     "artifact_sha256": "1e9d5ff7367926c2d7309e8f433676203a9c1b7217e6ba86a06b12c10ae3285f"
verify	Recover stopped G5 original compiler diagnostics	2026-10-07T17:05:47.4166266Z   },
verify	Recover stopped G5 original compiler diagnostics	2026-10-07T17:05:47.4166464Z   "G5ProtectiveBlock": {
verify	Recover stopped G5 original compiler diagnostics	2026-10-07T17:05:47.4166916Z     "status": "PASS",
verify	Recover stopped G5 original compiler diagnostics	2026-10-07T17:05:47.4167128Z     "exit": 0,
verify	Recover stopped G5 original compiler diagnostics	2026-10-07T17:05:47.4167481Z     "source_sha256": "45d1f8284504ee2b591c4d56654ce7375e3979b1a97495fc439c6f4477dcffe9",
verify	Recover stopped G5 original compiler diagnostics	2026-10-07T17:05:47.4168075Z     "artifact_sha256": "676fb92eb76bfe71080770a8febc16331128e0a7f9464ea501e3d8c46e498831"
verify	Recover stopped G5 original compiler diagnostics	2026-10-07T17:05:47.4168489Z   },
verify	Recover stopped G5 original compiler diagnostics	2026-10-07T17:05:47.4168699Z   "G5MinimalGraphInterface": {
verify	Recover stopped G5 original compiler diagnostics	2026-10-07T17:05:47.4168953Z     "status": "PASS",
verify	Recover stopped G5 original compiler diagnostics	2026-10-07T17:05:47.4169160Z     "exit": 0,
verify	Recover stopped G5 original compiler diagnostics	2026-10-07T17:05:47.4169528Z     "source_sha256": "20e09481ee4518de56cf201c978d98b4cec0d94c0fbfebd40008d3a3fa799281",
verify	Recover stopped G5 original compiler diagnostics	2026-10-07T17:05:47.4170125Z     "artifact_sha256": "3791db6ded4c2c40b5f23a39fe51b8d8066a9d29082ae0e2ead4778b702bba8e"
verify	Recover stopped G5 original compiler diagnostics	2026-10-07T17:05:47.4170533Z   },
verify	Recover stopped G5 original compiler diagnostics	2026-10-07T17:05:47.4170736Z   "G6BridgeCannotEnterHybrid": {
verify	Recover stopped G5 original compiler diagnostics	2026-10-07T17:05:47.4170999Z     "status": "PASS",
verify	Recover stopped G5 original compiler diagnostics	2026-10-07T17:05:47.4171204Z     "exit": 0,
verify	Recover stopped G5 original compiler diagnostics	2026-10-07T17:05:47.4171573Z     "source_sha256": "60befd0f3660e56b46ca80f17a0c11f8ecd415833d0d52fad5ecafef7df6389e",
verify	Recover stopped G5 original compiler diagnostics	2026-10-07T17:05:47.4172185Z     "artifact_sha256": "80d41efb239a84ca63808d998beb6e9cff5134f273309285ed6f2126900e66a7"
verify	Recover stopped G5 original compiler diagnostics	2026-10-07T17:05:47.4172595Z   },
verify	Recover stopped G5 original compiler diagnostics	2026-10-07T17:05:47.4172800Z   "G5BridgeComponentEntries": {
verify	Recover stopped G5 original compiler diagnostics	2026-10-07T17:05:47.4173051Z     "status": "PASS",
verify	Recover stopped G5 original compiler diagnostics	2026-10-07T17:05:47.4173255Z     "exit": 0,
verify	Recover stopped G5 original compiler diagnostics	2026-10-07T17:05:47.4173611Z     "source_sha256": "286bcf82d6f79056a8d0d443aa6d4f19c7ca5a72669e62d8f2f4868ef0d6acc6",
verify	Recover stopped G5 original compiler diagnostics	2026-10-07T17:05:47.4174197Z     "artifact_sha256": "5bdc5ec595a8e41594610a53aad2b89f1eb452ebc277c707329a5c8bb0ea2904"
verify	Recover stopped G5 original compiler diagnostics	2026-10-07T17:05:47.4174614Z   },
verify	Recover stopped G5 original compiler diagnostics	2026-10-07T17:05:47.4174812Z   "G5NonbridgeRouteBound": {
verify	Recover stopped G5 original compiler diagnostics	2026-10-07T17:05:47.4175056Z     "status": "PASS",
verify	Recover stopped G5 original compiler diagnostics	2026-10-07T17:05:47.4175260Z     "exit": 0,
verify	Recover stopped G5 original compiler diagnostics	2026-10-07T17:05:47.4175613Z     "source_sha256": "7a0c7b0010fe42167fab26da7daf366f695c448b283a211751c5dd5416920525",
verify	Recover stopped G5 original compiler diagnostics	2026-10-07T17:05:47.4176199Z     "artifact_sha256": "ba03bc2bfb8bc59f0bde22b4e03f49457cc4481bf23d28aace13f5d9a1bcbfe2"
verify	Recover stopped G5 original compiler diagnostics	2026-10-07T17:05:47.4176970Z   },
verify	Recover stopped G5 original compiler diagnostics	2026-10-07T17:05:47.4177184Z   "G5ComponentCalendarCoverage": {
verify	Recover stopped G5 original compiler diagnostics	2026-10-07T17:05:47.4177449Z     "status": "PASS",
verify	Recover stopped G5 original compiler diagnostics	2026-10-07T17:05:47.4177653Z     "exit": 0,
verify	Recover stopped G5 original compiler diagnostics	2026-10-07T17:05:47.4178025Z     "source_sha256": "3d73d592d4c129b1b06f2eccd48a94fd8afe1e50f030a5eb18e8c3ddb9f12c10",
verify	Recover stopped G5 original compiler diagnostics	2026-10-07T17:05:47.4178622Z     "artifact_sha256": "ae92a483b3b13a6a3e2ef9278add0198f9ddc0c42480367ad95498e329b328e6"
verify	Recover stopped G5 original compiler diagnostics	2026-10-07T17:05:47.4179032Z   },
verify	Recover stopped G5 original compiler diagnostics	2026-10-07T17:05:47.4179239Z   "G5ActualComponentSupport": {
verify	Recover stopped G5 original compiler diagnostics	2026-10-07T17:05:47.4179491Z     "status": "PASS",
verify	Recover stopped G5 original compiler diagnostics	2026-10-07T17:05:47.4179693Z     "exit": 0,
verify	Recover stopped G5 original compiler diagnostics	2026-10-07T17:05:47.4180051Z     "source_sha256": "5da0a86f2d1caf9b3a78a0fd75765194fa5652ad1a55c09382502d8354faaec7",
verify	Recover stopped G5 original compiler diagnostics	2026-10-07T17:05:47.4180661Z     "artifact_sha256": "7a271c24e06f6f8ddf101b353851e9e905be249d92702f296ef8a387a5411ee9"
verify	Recover stopped G5 original compiler diagnostics	2026-10-07T17:05:47.4181069Z   },
verify	Recover stopped G5 original compiler diagnostics	2026-10-07T17:05:47.4181274Z   "G5RootRouteCurrentSupport": {
verify	Recover stopped G5 original compiler diagnostics	2026-10-07T17:05:47.4181539Z     "status": "PASS",
verify	Recover stopped G5 original compiler diagnostics	2026-10-07T17:05:47.4181749Z     "exit": 0,
verify	Recover stopped G5 original compiler diagnostics	2026-10-07T17:05:47.4182104Z     "source_sha256": "c72a58ae14539e524c37c97193d2343158eff784557fef12a7e4b7360157b554",
verify	Recover stopped G5 original compiler diagnostics	2026-10-07T17:05:47.4182693Z     "artifact_sha256": "fee3ada7da81b03dbc416c3f603ee2ea16cc95cf1f075251d0879e471b1c3d67"
verify	Recover stopped G5 original compiler diagnostics	2026-10-07T17:05:47.4183247Z   },
verify	Recover stopped G5 original compiler diagnostics	2026-10-07T17:05:47.4183448Z   "G5CurrentPortTwoPositions": {
verify	Recover stopped G5 original compiler diagnostics	2026-10-07T17:05:47.4183701Z     "status": "PASS",
verify	Recover stopped G5 original compiler diagnostics	2026-10-07T17:05:47.4183904Z     "exit": 0,
verify	Recover stopped G5 original compiler diagnostics	2026-10-07T17:05:47.4184258Z     "source_sha256": "c24d3d860a5369434f6d236c37003d3045e6452fd57dd21396dd877a5a452ce9",
verify	Recover stopped G5 original compiler diagnostics	2026-10-07T17:05:47.4184839Z     "artifact_sha256": "b6fc628aaa5eed0e0aa015f12dbfce350db21735eb0aec3539254f9f9c686a42"
verify	Recover stopped G5 original compiler diagnostics	2026-10-07T17:05:47.4185258Z   },
verify	Recover stopped G5 original compiler diagnostics	2026-10-07T17:05:47.4185464Z   "G5OriginalTipCurrentSupport": {
verify	Recover stopped G5 original compiler diagnostics	2026-10-07T17:05:47.4185726Z     "status": "PASS",
verify	Recover stopped G5 original compiler diagnostics	2026-10-07T17:05:47.4185931Z     "exit": 0,
verify	Recover stopped G5 original compiler diagnostics	2026-10-07T17:05:47.4186295Z     "source_sha256": "4324f00cb8db4d3c6ab0bfaa5e7283fcde521568f40d95aaddb9e32f896cdba2",
verify	Recover stopped G5 original compiler diagnostics	2026-10-07T17:05:47.4187160Z     "artifact_sha256": "488ff035b67e8b685e2c6ed4db6b06da1d6f416c07172a00b42a549c7b1b077b"
verify	Recover stopped G5 original compiler diagnostics	2026-10-07T17:05:47.4187574Z   },
verify	Recover stopped G5 original compiler diagnostics	2026-10-07T17:05:47.4187777Z   "G5ParentChoiceCalendar": {
verify	Recover stopped G5 original compiler diagnostics	2026-10-07T17:05:47.4188026Z     "status": "PASS",
verify	Recover stopped G5 original compiler diagnostics	2026-10-07T17:05:47.4188229Z     "exit": 0,
verify	Recover stopped G5 original compiler diagnostics	2026-10-07T17:05:47.4188580Z     "source_sha256": "357d5e59016672583318546b03bebb04ccdd5fbf95247cab22c98465dbf715b9",
verify	Recover stopped G5 original compiler diagnostics	2026-10-07T17:05:47.4189168Z     "artifact_sha256": "f309b5bb2cd35b9de626f951a477cc087fc884fe18ed56f776e1bfa15c2bb5e7"
verify	Recover stopped G5 original compiler diagnostics	2026-10-07T17:05:47.4189574Z   },
verify	Recover stopped G5 original compiler diagnostics	2026-10-07T17:05:47.4189773Z   "G5CoupledQuartetKernel": {
verify	Recover stopped G5 original compiler diagnostics	2026-10-07T17:05:47.4190025Z     "status": "PASS",
verify	Recover stopped G5 original compiler diagnostics	2026-10-07T17:05:47.4190232Z     "exit": 0,
verify	Recover stopped G5 original compiler diagnostics	2026-10-07T17:05:47.4190584Z     "source_sha256": "f9275364f5777a968c37ce39c24ea95179d23b4e54414463a62a4860c33361c1",
verify	Recover stopped G5 original compiler diagnostics	2026-10-07T17:05:47.4191170Z     "artifact_sha256": "0edcbd95560eff207f89ba863d93e23f84ec27acc1b1ec1e025b36d2ed089d2e"
verify	Recover stopped G5 original compiler diagnostics	2026-10-07T17:05:47.4191586Z   },
verify	Recover stopped G5 original compiler diagnostics	2026-10-07T17:05:47.4191789Z   "G5FairSelectorMoments": {
verify	Recover stopped G5 original compiler diagnostics	2026-10-07T17:05:47.4192030Z     "status": "PASS",
verify	Recover stopped G5 original compiler diagnostics	2026-10-07T17:05:47.4192238Z     "exit": 0,
verify	Recover stopped G5 original compiler diagnostics	2026-10-07T17:05:47.4192588Z     "source_sha256": "97a29621340a7dd103409ee8ce84675560f4b8e03aa7db63314ca24b337be71f",
verify	Recover stopped G5 original compiler diagnostics	2026-10-07T17:05:47.4193167Z     "artifact_sha256": "d41cd28c82783369567cea0aa7f694f0e8859d92a0f81397f5a270e6a5ef9a75"
verify	Recover stopped G5 original compiler diagnostics	2026-10-07T17:05:47.4193569Z   },
verify	Recover stopped G5 original compiler diagnostics	2026-10-07T17:05:47.4193763Z   "G5FairOriginalCoinLaw": {
verify	Recover stopped G5 original compiler diagnostics	2026-10-07T17:05:47.4194004Z     "status": "PASS",
verify	Recover stopped G5 original compiler diagnostics	2026-10-07T17:05:47.4194207Z     "exit": 0,
verify	Recover stopped G5 original compiler diagnostics	2026-10-07T17:05:47.4194564Z     "source_sha256": "6a8905aa53481bdc37914e5d01197af12a9ddde1ffc42fc4b896603a6b61aa8e",
verify	Recover stopped G5 original compiler diagnostics	2026-10-07T17:05:47.4195162Z     "artifact_sha256": "f19f9cf43b016d347a75cb63041b4de9e98d9cedfa7dbba86249dbba71f50d1f"
verify	Recover stopped G5 original compiler diagnostics	2026-10-07T17:05:47.4195584Z   },
verify	Recover stopped G5 original compiler diagnostics	2026-10-07T17:05:47.4195778Z   "G5OriginalCoinPMF": {
verify	Recover stopped G5 original compiler diagnostics	2026-10-07T17:05:47.4196011Z     "status": "PASS",
verify	Recover stopped G5 original compiler diagnostics	2026-10-07T17:05:47.4196222Z     "exit": 0,
verify	Recover stopped G5 original compiler diagnostics	2026-10-07T17:05:47.4196585Z     "source_sha256": "ae0e933761b49e5ca244a1756b77ba3c0e545bf1aa33ca75d51fc8caf8a1b5c1",
verify	Recover stopped G5 original compiler diagnostics	2026-10-07T17:05:47.4197644Z     "artifact_sha256": "efa11b7f45ca3339917403e9c87de37e5656fd4cdb37e4cebce8e2cd3349da95"
verify	Recover stopped G5 original compiler diagnostics	2026-10-07T17:05:47.4198083Z   },
verify	Recover stopped G5 original compiler diagnostics	2026-10-07T17:05:47.4198300Z   "G5ParentPositionPushforward": {
verify	Recover stopped G5 original compiler diagnostics	2026-10-07T17:05:47.4198577Z     "status": "PASS",
verify	Recover stopped G5 original compiler diagnostics	2026-10-07T17:05:47.4198786Z     "exit": 0,
verify	Recover stopped G5 original compiler diagnostics	2026-10-07T17:05:47.4199154Z     "source_sha256": "4f81aef02bb0f225aea6b377757f9282d336da685eb3e728dad1cf133f83d8db",
verify	Recover stopped G5 original compiler diagnostics	2026-10-07T17:05:47.4199758Z     "artifact_sha256": "45aed0d79bc7248731ee4a6ba081c6ddb555f23e21330415755c8ba4bb505060"
verify	Recover stopped G5 original compiler diagnostics	2026-10-07T17:05:47.4200171Z   },
verify	Recover stopped G5 original compiler diagnostics	2026-10-07T17:05:47.4200382Z   "G5SafePastHybridDisjointness": {
verify	Recover stopped G5 original compiler diagnostics	2026-10-07T17:05:47.4200651Z     "status": "PASS",
verify	Recover stopped G5 original compiler diagnostics	2026-10-07T17:05:47.4200859Z     "exit": 0,
verify	Recover stopped G5 original compiler diagnostics	2026-10-07T17:05:47.4201213Z     "source_sha256": "99c5803e9c056152a260eccff1b8351239c12ca9e5ef40b51a419419992efe97",
verify	Recover stopped G5 original compiler diagnostics	2026-10-07T17:05:47.4201786Z     "artifact_sha256": "db990c77d19b78c225ef33469189dae3787832912340a3c9be06f31f045f356d"
verify	Recover stopped G5 original compiler diagnostics	2026-10-07T17:05:47.4202194Z   },
verify	Recover stopped G5 original compiler diagnostics	2026-10-07T17:05:47.4202407Z   "G5PairOnlySureBlockChronology": {
verify	Recover stopped G5 original compiler diagnostics	2026-10-07T17:05:47.4202679Z     "status": "PASS",
verify	Recover stopped G5 original compiler diagnostics	2026-10-07T17:05:47.4202890Z     "exit": 0,
verify	Recover stopped G5 original compiler diagnostics	2026-10-07T17:05:47.4203376Z     "source_sha256": "1ac87b91536cbe08b2ec4afe4ca3ea28c21386b6c432c6bd81731a30ea39871b",
verify	Recover stopped G5 original compiler diagnostics	2026-10-07T17:05:47.4203952Z     "artifact_sha256": "a25210ec4033964a4008d4a709ad1334f5934fbacb8329613050f4fda5e98f2d"
verify	Recover stopped G5 original compiler diagnostics	2026-10-07T17:05:47.4204355Z   },
verify	Recover stopped G5 original compiler diagnostics	2026-10-07T17:05:47.4204561Z   "G5SafePastMeetingPermanence": {
verify	Recover stopped G5 original compiler diagnostics	2026-10-07T17:05:47.4204823Z     "status": "PASS",
verify	Recover stopped G5 original compiler diagnostics	2026-10-07T17:05:47.4205031Z     "exit": 0,
verify	Recover stopped G5 original compiler diagnostics	2026-10-07T17:05:47.4205391Z     "source_sha256": "30864de3e16b9d9b9a80c0139ac2173e10cf71f4b30e2b324dee9d54d0eefc9e",
verify	Recover stopped G5 original compiler diagnostics	2026-10-07T17:05:47.4205971Z     "artifact_sha256": "11755b327f5e0219b9459898d97d9ad6745bf7fdaf2b8fbfe6704d30a601fe6a"
verify	Recover stopped G5 original compiler diagnostics	2026-10-07T17:05:47.4206388Z   },
verify	Recover stopped G5 original compiler diagnostics	2026-10-07T17:05:47.4206582Z   "G5OriginalRouteHazard": {
verify	Recover stopped G5 original compiler diagnostics	2026-10-07T17:05:47.4207051Z     "status": "PASS",
verify	Recover stopped G5 original compiler diagnostics	2026-10-07T17:05:47.4207265Z     "exit": 0,
verify	Recover stopped G5 original compiler diagnostics	2026-10-07T17:05:47.4207623Z     "source_sha256": "9cf84860342b132e474d034ae05034129b47aa116e8bcf0e965989e7e58e4e8a",
verify	Recover stopped G5 original compiler diagnostics	2026-10-07T17:05:47.4208215Z     "artifact_sha256": "b94bfb47f8082c9cc7ce8a435aec37d8a86b109a190f380ebe3075e70757d734"
verify	Recover stopped G5 original compiler diagnostics	2026-10-07T17:05:47.4208639Z   },
verify	Recover stopped G5 original compiler diagnostics	2026-10-07T17:05:47.4208845Z   "G4TwoRootSourceStopping": {
verify	Recover stopped G5 original compiler diagnostics	2026-10-07T17:05:47.4209104Z     "status": "PASS",
verify	Recover stopped G5 original compiler diagnostics	2026-10-07T17:05:47.4209314Z     "exit": 0,
verify	Recover stopped G5 original compiler diagnostics	2026-10-07T17:05:47.4209684Z     "source_sha256": "b5dd33d135fcb9267ae3297229e51434b5cfd434e08ef89ecacf34affd5e541d",
verify	Recover stopped G5 original compiler diagnostics	2026-10-07T17:05:47.4210268Z     "artifact_sha256": "8f8be29284c9ede0910949548309d6dba3298efbf015481371efe9c7827b2d7a"
verify	Recover stopped G5 original compiler diagnostics	2026-10-07T17:05:47.4210664Z   },
verify	Recover stopped G5 original compiler diagnostics	2026-10-07T17:05:47.4210863Z   "G1SharedRegisterStress": {
verify	Recover stopped G5 original compiler diagnostics	2026-10-07T17:05:47.4211110Z     "status": "PASS",
verify	Recover stopped G5 original compiler diagnostics	2026-10-07T17:05:47.4211311Z     "exit": 0,
verify	Recover stopped G5 original compiler diagnostics	2026-10-07T17:05:47.4211660Z     "source_sha256": "d65004b11e07bb553637161bd7b1395186ea20e2c39e7c50c800af4871f018db",
verify	Recover stopped G5 original compiler diagnostics	2026-10-07T17:05:47.4212250Z     "artifact_sha256": "4c6a8d0c66d2af1efd5436d7dea15908fa31da9f3baf141bd36f7b96d4c7d18a"
verify	Recover stopped G5 original compiler diagnostics	2026-10-07T17:05:47.4212666Z   },
verify	Recover stopped G5 original compiler diagnostics	2026-10-07T17:05:47.4212869Z   "G4FourRootPositivity": {
verify	Recover stopped G5 original compiler diagnostics	2026-10-07T17:05:47.4213115Z     "status": "PASS",
verify	Recover stopped G5 original compiler diagnostics	2026-10-07T17:05:47.4213327Z     "exit": 0,
verify	Recover stopped G5 original compiler diagnostics	2026-10-07T17:05:47.4213675Z     "source_sha256": "24823aa835fb0649d8754777d975315e82ead74d3f065093e2d03c743f7356fa",
verify	Recover stopped G5 original compiler diagnostics	2026-10-07T17:05:47.4214242Z     "artifact_sha256": "18753586e88359c7aab1ae2afa008f077c5b9472fb6eabb2668e6d49a97d34f5"
verify	Recover stopped G5 original compiler diagnostics	2026-10-07T17:05:47.4214648Z   },
verify	Recover stopped G5 original compiler diagnostics	2026-10-07T17:05:47.4214852Z   "G4IndependentRoutingBridge": {
verify	Recover stopped G5 original compiler diagnostics	2026-10-07T17:05:47.4215110Z     "status": "PASS",
verify	Recover stopped G5 original compiler diagnostics	2026-10-07T17:05:47.4215313Z     "exit": 0,
verify	Recover stopped G5 original compiler diagnostics	2026-10-07T17:05:47.4215667Z     "source_sha256": "e30d82ea7e57138d463c779205dfcf686b520cb649d9d5767ee3c13853f19f6b",
verify	Recover stopped G5 original compiler diagnostics	2026-10-07T17:05:47.4216251Z     "artifact_sha256": "ead242633abb1a0fde9c7027812480bf0ddd9d87264b678cc06e4880d6e02509"
verify	Recover stopped G5 original compiler diagnostics	2026-10-07T17:05:47.4216883Z   },
verify	Recover stopped G5 original compiler diagnostics	2026-10-07T17:05:47.4217245Z   "G4AllRootPairClocks": {
verify	Recover stopped G5 original compiler diagnostics	2026-10-07T17:05:47.4217488Z     "status": "PASS",
verify	Recover stopped G5 original compiler diagnostics	2026-10-07T17:05:47.4217695Z     "exit": 0,
verify	Recover stopped G5 original compiler diagnostics	2026-10-07T17:05:47.4218045Z     "source_sha256": "149c8603c734e2ccb021963be42609698285033c1296b2bca18d0716f4258744",
verify	Recover stopped G5 original compiler diagnostics	2026-10-07T17:05:47.4218621Z     "artifact_sha256": "692b56faecda471c6c76ce6c27c5cd935e9733259e68c53c91594a41d69d77e9"
verify	Recover stopped G5 original compiler diagnostics	2026-10-07T17:05:47.4219028Z   },
verify	Recover stopped G5 original compiler diagnostics	2026-10-07T17:05:47.4219225Z   "G4PathResolvedMeasurement": {
verify	Recover stopped G5 original compiler diagnostics	2026-10-07T17:05:47.4219482Z     "status": "PASS",
verify	Recover stopped G5 original compiler diagnostics	2026-10-07T17:05:47.4219683Z     "exit": 0,
verify	Recover stopped G5 original compiler diagnostics	2026-10-07T17:05:47.4220035Z     "source_sha256": "af20fe6e206d9b407ad7b16310d75eb12191b0b7a137d189b466209ed02f0eb9",
verify	Recover stopped G5 original compiler diagnostics	2026-10-07T17:05:47.4220627Z     "artifact_sha256": "effe6adad889257f9d4902afc5276ccf5b5d496e4cbfa67add8e18c6fffaa3c3"
verify	Recover stopped G5 original compiler diagnostics	2026-10-07T17:05:47.4221045Z   },
verify	Recover stopped G5 original compiler diagnostics	2026-10-07T17:05:47.4221279Z   "UnifiedLean.Source.NativeParentRouting": {
verify	Recover stopped G5 original compiler diagnostics	2026-10-07T17:05:47.4221584Z     "status": "PASS",
verify	Recover stopped G5 original compiler diagnostics	2026-10-07T17:05:47.4221793Z     "exit": 0,
verify	Recover stopped G5 original compiler diagnostics	2026-10-07T17:05:47.4222155Z     "source_sha256": "300d7216193e945ca26161535c1bc2ba75a128fe5c075b6a3567bbda66bfe0b6",
verify	Recover stopped G5 original compiler diagnostics	2026-10-07T17:05:47.4222738Z     "artifact_sha256": "8d9ffae0e0c9c6fb163152f2a24cb80c158440f366c0bd846e979638c19d67bb"
verify	Recover stopped G5 original compiler diagnostics	2026-10-07T17:05:47.4223268Z   },
verify	Recover stopped G5 original compiler diagnostics	2026-10-07T17:05:47.4223495Z   "UnifiedLean.Source.NativePairClockLaw": {
verify	Recover stopped G5 original compiler diagnostics	2026-10-07T17:05:47.4223786Z     "status": "PASS",
verify	Recover stopped G5 original compiler diagnostics	2026-10-07T17:05:47.4223992Z     "exit": 0,
verify	Recover stopped G5 original compiler diagnostics	2026-10-07T17:05:47.4224333Z     "source_sha256": "470738f7397f640a76374f791c485d757d1e2ac38769a11f05d0abc03c8aa9ae",
verify	Recover stopped G5 original compiler diagnostics	2026-10-07T17:05:47.4224892Z     "artifact_sha256": "78dc1487fe8c47e485940409b65cf182b9af935d53af37855f96aee1740a2619"
verify	Recover stopped G5 original compiler diagnostics	2026-10-07T17:05:47.4225290Z   },
verify	Recover stopped G5 original compiler diagnostics	2026-10-07T17:05:47.4225525Z   "UnifiedLean.Source.UniformizedSourceStep": {
verify	Recover stopped G5 original compiler diagnostics	2026-10-07T17:05:47.4225836Z     "status": "PASS",
verify	Recover stopped G5 original compiler diagnostics	2026-10-07T17:05:47.4226041Z     "exit": 0,
verify	Recover stopped G5 original compiler diagnostics	2026-10-07T17:05:47.4226407Z     "source_sha256": "9d5a95047e3c04f9e12334cd4b5569e36e1dfa2cd4b1573f217eeb559ff9691c",
verify	Recover stopped G5 original compiler diagnostics	2026-10-07T17:05:47.4227291Z     "artifact_sha256": "9be26472feeb92f1407fe50280ee091a39be1b2f98f75eccbcc5c29c78b70f91"
verify	Recover stopped G5 original compiler diagnostics	2026-10-07T17:05:47.4227722Z   },
verify	Recover stopped G5 original compiler diagnostics	2026-10-07T17:05:47.4227930Z   "G2SourceGraftDecoration": {
verify	Recover stopped G5 original compiler diagnostics	2026-10-07T17:05:47.4228179Z     "status": "PASS",
verify	Recover stopped G5 original compiler diagnostics	2026-10-07T17:05:47.4228385Z     "exit": 0,
verify	Recover stopped G5 original compiler diagnostics	2026-10-07T17:05:47.4228740Z     "source_sha256": "c8da578dde3fdf049e4075a39292979bbb5936bd9c754d743072420a91c07ddd",
verify	Recover stopped G5 original compiler diagnostics	2026-10-07T17:05:47.4229314Z     "artifact_sha256": "2546616f561a65b3740bc72f3f8d5a736c0896d5156e22e544905e6bd0b94053"
verify	Recover stopped G5 original compiler diagnostics	2026-10-07T17:05:47.4229715Z   },
verify	Recover stopped G5 original compiler diagnostics	2026-10-07T17:05:47.4230002Z   "UnifiedLean.Source.SourceForestGeneratorIntertwining": {
verify	Recover stopped G5 original compiler diagnostics	2026-10-07T17:05:47.4230366Z     "status": "PASS",
verify	Recover stopped G5 original compiler diagnostics	2026-10-07T17:05:47.4230574Z     "exit": 0,
verify	Recover stopped G5 original compiler diagnostics	2026-10-07T17:05:47.4230936Z     "source_sha256": "b186f0d381b0e62078d887f90ce46ecbe91def99ec66ec51c98053b9d60c0f28",
verify	Recover stopped G5 original compiler diagnostics	2026-10-07T17:05:47.4231526Z     "artifact_sha256": "d878c8c8994814b6ea203d0f122536b995045244f99fa0bb7d51e65ec1b55f4e"
verify	Recover stopped G5 original compiler diagnostics	2026-10-07T17:05:47.4231928Z   },
verify	Recover stopped G5 original compiler diagnostics	2026-10-07T17:05:47.4232202Z   "UnifiedLean.Source.SourceForestIntrinsicGenerator": {
verify	Recover stopped G5 original compiler diagnostics	2026-10-07T17:05:47.4232545Z     "status": "PASS",
verify	Recover stopped G5 original compiler diagnostics	2026-10-07T17:05:47.4232753Z     "exit": 0,
verify	Recover stopped G5 original compiler diagnostics	2026-10-07T17:05:47.4233116Z     "source_sha256": "b282351bf116ae756c7e9c6ee1e3cbace41a8d753b47cac7e53c4a918c82d16f",
verify	Recover stopped G5 original compiler diagnostics	2026-10-07T17:05:47.4233707Z     "artifact_sha256": "f5cda06f5330f88edb5d3d7c42fb707376fd86655cd0206005eeab486a5bdf9d"
verify	Recover stopped G5 original compiler diagnostics	2026-10-07T17:05:47.4234114Z   },
verify	Recover stopped G5 original compiler diagnostics	2026-10-07T17:05:47.4234375Z   "UnifiedLean.Source.SourceStepGeneratorBinding": {
verify	Recover stopped G5 original compiler diagnostics	2026-10-07T17:05:47.4234695Z     "status": "PASS",
verify	Recover stopped G5 original compiler diagnostics	2026-10-07T17:05:47.4234901Z     "exit": 0,
verify	Recover stopped G5 original compiler diagnostics	2026-10-07T17:05:47.4235258Z     "source_sha256": "8021b8bddcc5cd070185843ca5454dfb289572a2592854efbbdd9e41d48396d0",
verify	Recover stopped G5 original compiler diagnostics	2026-10-07T17:05:47.4235839Z     "artifact_sha256": "f502ffc9997cf20c0c605f7228ccfd04624e5c1b2084bb7b56da0300cba36ae5"
verify	Recover stopped G5 original compiler diagnostics	2026-10-07T17:05:47.4236248Z   },
verify	Recover stopped G5 original compiler diagnostics	2026-10-07T17:05:47.4236500Z   "UnifiedLean.Source.MatrixProjectionExponential": {
verify	Recover stopped G5 original compiler diagnostics	2026-10-07T17:05:47.4237061Z     "status": "PASS",
verify	Recover stopped G5 original compiler diagnostics	2026-10-07T17:05:47.4237414Z     "exit": 0,
verify	Recover stopped G5 original compiler diagnostics	2026-10-07T17:05:47.4237769Z     "source_sha256": "870438089e6cf05dd93761172ea1bf6b2aa96654708e97b9d348e0dfcb44dfa2",
verify	Recover stopped G5 original compiler diagnostics	2026-10-07T17:05:47.4238332Z     "artifact_sha256": "e24e92c1384b212e3678380a101429246c2183147d3861747023282210300bc4"
verify	Recover stopped G5 original compiler diagnostics	2026-10-07T17:05:47.4238730Z   },
verify	Recover stopped G5 original compiler diagnostics	2026-10-07T17:05:47.4238966Z   "UnifiedLean.Source.SourceFiniteProjection": {
verify	Recover stopped G5 original compiler diagnostics	2026-10-07T17:05:47.4239276Z     "status": "PASS",
verify	Recover stopped G5 original compiler diagnostics	2026-10-07T17:05:47.4239473Z     "exit": 0,
verify	Recover stopped G5 original compiler diagnostics	2026-10-07T17:05:47.4239819Z     "source_sha256": "09398c920468ba6ead16b523cecd9f86e7648e7063602256ee4634385df1cab3",
verify	Recover stopped G5 original compiler diagnostics	2026-10-07T17:05:47.4240393Z     "artifact_sha256": "856b4ed645ae1545eee15f7e163e307936fc0a41de38cd53ff48571feb4de3e1"
verify	Recover stopped G5 original compiler diagnostics	2026-10-07T17:05:47.4240794Z   },
verify	Recover stopped G5 original compiler diagnostics	2026-10-07T17:05:47.4241024Z   "UnifiedLean.Source.SourcePoissonKernel": {
verify	Recover stopped G5 original compiler diagnostics	2026-10-07T17:05:47.4241322Z     "status": "PASS",
verify	Recover stopped G5 original compiler diagnostics	2026-10-07T17:05:47.4241522Z     "exit": 0,
verify	Recover stopped G5 original compiler diagnostics	2026-10-07T17:05:47.4241869Z     "source_sha256": "13ab4d1a209554878e189061cbede00154c7b72548465757624cc2e4af66e98c",
verify	Recover stopped G5 original compiler diagnostics	2026-10-07T17:05:47.4242448Z     "artifact_sha256": "3b0da3727d3a9a7fb05d9091b46b9b8e343bf6d24ea24d5367eb317933de4885"
verify	Recover stopped G5 original compiler diagnostics	2026-10-07T17:05:47.4242851Z   },
verify	Recover stopped G5 original compiler diagnostics	2026-10-07T17:05:47.4243105Z   "UnifiedLean.Source.SourceGeneratorExponential": {
verify	Recover stopped G5 original compiler diagnostics	2026-10-07T17:05:47.4243546Z     "status": "PASS",
verify	Recover stopped G5 original compiler diagnostics	2026-10-07T17:05:47.4243747Z     "exit": 0,
verify	Recover stopped G5 original compiler diagnostics	2026-10-07T17:05:47.4244098Z     "source_sha256": "f761ddf2f5efb9906ec8f841567d02fae946cce763260f238834a147090e461d",
verify	Recover stopped G5 original compiler diagnostics	2026-10-07T17:05:47.4244670Z     "artifact_sha256": "c01909e0f75b00803d88bf272b2cda39c7fd67865add941e835ec0070430e986"
verify	Recover stopped G5 original compiler diagnostics	2026-10-07T17:05:47.4245072Z   },
verify	Recover stopped G5 original compiler diagnostics	2026-10-07T17:05:47.4245315Z   "UnifiedLean.Source.SourcePoissonExponential": {
verify	Recover stopped G5 original compiler diagnostics	2026-10-07T17:05:47.4245630Z     "status": "PASS",
verify	Recover stopped G5 original compiler diagnostics	2026-10-07T17:05:47.4245829Z     "exit": 0,
verify	Recover stopped G5 original compiler diagnostics	2026-10-07T17:05:47.4246182Z     "source_sha256": "463eb0e4a9cd9307898eface172100183b8ac9d412c1389a2c5b9ad4981c2d9a",
verify	Recover stopped G5 original compiler diagnostics	2026-10-07T17:05:47.4246960Z     "artifact_sha256": "f0601779ad0cda5b2374179ebee20ed4a4dd41e48ba745f2db346258e938b716"
verify	Recover stopped G5 original compiler diagnostics	2026-10-07T17:05:47.4247381Z   },
verify	Recover stopped G5 original compiler diagnostics	2026-10-07T17:05:47.4247617Z   "UnifiedLean.Source.SourceEpochSemigroup": {
verify	Recover stopped G5 original compiler diagnostics	2026-10-07T17:05:47.4247916Z     "status": "PASS",
verify	Recover stopped G5 original compiler diagnostics	2026-10-07T17:05:47.4248121Z     "exit": 0,
verify	Recover stopped G5 original compiler diagnostics	2026-10-07T17:05:47.4248474Z     "source_sha256": "845739bc6b110eadd611e0133906ec3f9b036d66f17902f46885c660213b179f",
verify	Recover stopped G5 original compiler diagnostics	2026-10-07T17:05:47.4249047Z     "artifact_sha256": "70f6e0ad18053f2801a94eca8e297ddc798aea7f6774beac76be12d7935f8e7c"
verify	Recover stopped G5 original compiler diagnostics	2026-10-07T17:05:47.4249461Z   },
verify	Recover stopped G5 original compiler diagnostics	2026-10-07T17:05:47.4249722Z   "UnifiedLean.Source.SourceCalendarCompatibility": {
verify	Recover stopped G5 original compiler diagnostics	2026-10-07T17:05:47.4250051Z     "status": "PASS",
verify	Recover stopped G5 original compiler diagnostics	2026-10-07T17:05:47.4250258Z     "exit": 0,
verify	Recover stopped G5 original compiler diagnostics	2026-10-07T17:05:47.4250620Z     "source_sha256": "98abb2982bcd061f931ed4a55816f00d54d4ce2c73c29e036dbd29ede303b3dc",
verify	Recover stopped G5 original compiler diagnostics	2026-10-07T17:05:47.4251207Z     "artifact_sha256": "9f8462ad34cd0b0152faa09fa0cab229982aaf3581873159d2d4beee25147b60"
verify	Recover stopped G5 original compiler diagnostics	2026-10-07T17:05:47.4251618Z   },
verify	Recover stopped G5 original compiler diagnostics	2026-10-07T17:05:47.4251876Z   "UnifiedLean.Source.SourceForestPulseTransport": {
verify	Recover stopped G5 original compiler diagnostics	2026-10-07T17:05:47.4252207Z     "status": "PASS",
verify	Recover stopped G5 original compiler diagnostics	2026-10-07T17:05:47.4252415Z     "exit": 0,
verify	Recover stopped G5 original compiler diagnostics	2026-10-07T17:05:47.4252796Z     "source_sha256": "8e1a3d62afab25247dd3a281d30f7dc20db1949ea1b589c2d77980b3b48874f1",
verify	Recover stopped G5 original compiler diagnostics	2026-10-07T17:05:47.4253397Z     "artifact_sha256": "db757269684be9a5356269a91bc6d86f4d5f0c7d0be31d561e773dd4a57ed600"
verify	Recover stopped G5 original compiler diagnostics	2026-10-07T17:05:47.4253812Z   },
verify	Recover stopped G5 original compiler diagnostics	2026-10-07T17:05:47.4254069Z   "UnifiedLean.Source.SourceForestPulseMeasure": {
verify	Recover stopped G5 original compiler diagnostics	2026-10-07T17:05:47.4254390Z     "status": "PASS",
verify	Recover stopped G5 original compiler diagnostics	2026-10-07T17:05:47.4254602Z     "exit": 0,
verify	Recover stopped G5 original compiler diagnostics	2026-10-07T17:05:47.4254959Z     "source_sha256": "04a3a1c1f027903e62b77f966639c80da77aaa776871a0d9bd0657eac35b9e4f",
verify	Recover stopped G5 original compiler diagnostics	2026-10-07T17:05:47.4255538Z     "artifact_sha256": "312ff4f1956b5ebb48ee2e0509767b04b51b10c479c0d7be032a65452015db30"
verify	Recover stopped G5 original compiler diagnostics	2026-10-07T17:05:47.4255946Z   },
verify	Recover stopped G5 original compiler diagnostics	2026-10-07T17:05:47.4256195Z   "UnifiedLean.Source.SourceForestCommonPulse": {
verify	Recover stopped G5 original compiler diagnostics	2026-10-07T17:05:47.4256522Z     "status": "PASS",
verify	Recover stopped G5 original compiler diagnostics	2026-10-07T17:05:47.4256933Z     "exit": 0,
verify	Recover stopped G5 original compiler diagnostics	2026-10-07T17:05:47.4257305Z     "source_sha256": "cac1082f66a84b943dbc8ba9f2e8082ce12bbb42a4b1503e31722597b0faa138",
verify	Recover stopped G5 original compiler diagnostics	2026-10-07T17:05:47.4258037Z     "artifact_sha256": "ed89f02a1dcbc927285eec75cdf2b5bd80a35a73ba88b2a36ec44eff9d79c030"
verify	Recover stopped G5 original compiler diagnostics	2026-10-07T17:05:47.4258454Z   },
verify	Recover stopped G5 original compiler diagnostics	2026-10-07T17:05:47.4258699Z   "UnifiedLean.Source.SourceBoundaryKernels": {
verify	Recover stopped G5 original compiler diagnostics	2026-10-07T17:05:47.4259011Z     "status": "PASS",
verify	Recover stopped G5 original compiler diagnostics	2026-10-07T17:05:47.4259221Z     "exit": 0,
verify	Recover stopped G5 original compiler diagnostics	2026-10-07T17:05:47.4259573Z     "source_sha256": "994b25e798e39889a56084b267c3e896580cd21e902764c3c6922d9bfdd6070d",
verify	Recover stopped G5 original compiler diagnostics	2026-10-07T17:05:47.4260151Z     "artifact_sha256": "a7cb09f045651cab62c381bf30e00448258b950e27b20e2a855dc04a13ec7f0c"
verify	Recover stopped G5 original compiler diagnostics	2026-10-07T17:05:47.4260561Z   },
verify	Recover stopped G5 original compiler diagnostics	2026-10-07T17:05:47.4260809Z   "UnifiedLean.Source.SourceBoundaryProjection": {
verify	Recover stopped G5 original compiler diagnostics	2026-10-07T17:05:47.4261123Z     "status": "PASS",
verify	Recover stopped G5 original compiler diagnostics	2026-10-07T17:05:47.4261328Z     "exit": 0,
verify	Recover stopped G5 original compiler diagnostics	2026-10-07T17:05:47.4261695Z     "source_sha256": "f1cb1e557b5f08cba2d37465bc4386bc6adc2f19fd12a132f7d6f835b1e24f0f",
verify	Recover stopped G5 original compiler diagnostics	2026-10-07T17:05:47.4262290Z     "artifact_sha256": "5aceb85c5f7dab2985a6a9fe14ddb346a15e88c219673aceecb0d769d3e918da"
verify	Recover stopped G5 original compiler diagnostics	2026-10-07T17:05:47.4262707Z   },
verify	Recover stopped G5 original compiler diagnostics	2026-10-07T17:05:47.4262948Z   "UnifiedLean.Source.SourceProgramTransport": {
verify	Recover stopped G5 original compiler diagnostics	2026-10-07T17:05:47.4263261Z     "status": "PASS",
verify	Recover stopped G5 original compiler diagnostics	2026-10-07T17:05:47.4263588Z     "exit": 0,
verify	Recover stopped G5 original compiler diagnostics	2026-10-07T17:05:47.4263963Z     "source_sha256": "d009fdfc510bfcaffaeea3bc241401eaf2996178ff4b82376eb22f1e49387831",
verify	Recover stopped G5 original compiler diagnostics	2026-10-07T17:05:47.4264570Z     "artifact_sha256": "759ca24ce43c3c7e6c03eaeebbeafbe6e24cd90018a1a62cee18317ccd72a701"
verify	Recover stopped G5 original compiler diagnostics	2026-10-07T17:05:47.4264988Z   },
verify	Recover stopped G5 original compiler diagnostics	2026-10-07T17:05:47.4265231Z   "UnifiedLean.Source.SourceCalendarCompiler": {
verify	Recover stopped G5 original compiler diagnostics	2026-10-07T17:05:47.4265542Z     "status": "PASS",
verify	Recover stopped G5 original compiler diagnostics	2026-10-07T17:05:47.4265745Z     "exit": 0,
verify	Recover stopped G5 original compiler diagnostics	2026-10-07T17:05:47.4266100Z     "source_sha256": "9974446d99fa344593d294e315e349ab71fdbe7574e932bb8b1a16ee1b2369fd",
verify	Recover stopped G5 original compiler diagnostics	2026-10-07T17:05:47.4266945Z     "artifact_sha256": "24f40c6f1525d7747d1e01a65537621b4d535f17a7a1779c451270c0976545a4"
verify	Recover stopped G5 original compiler diagnostics	2026-10-07T17:05:47.4267374Z   },
verify	Recover stopped G5 original compiler diagnostics	2026-10-07T17:05:47.4267635Z   "UnifiedLean.Source.SourceBoundaryLocations": {
verify	Recover stopped G5 original compiler diagnostics	2026-10-07T17:05:47.4267961Z     "status": "PASS",
verify	Recover stopped G5 original compiler diagnostics	2026-10-07T17:05:47.4268167Z     "exit": 0,
verify	Recover stopped G5 original compiler diagnostics	2026-10-07T17:05:47.4268535Z     "source_sha256": "f7c050056e121c7e0e12eb071383cb1369e8fe9de887d7ad875a76904d48de5b",
verify	Recover stopped G5 original compiler diagnostics	2026-10-07T17:05:47.4269134Z     "artifact_sha256": "f927f05e6d1ee61d712c382f7b9fcc2d2464ea69fdffa7669000857aeb6e5ddb"
verify	Recover stopped G5 original compiler diagnostics	2026-10-07T17:05:47.4269548Z   },
verify	Recover stopped G5 original compiler diagnostics	2026-10-07T17:05:47.4269784Z   "UnifiedLean.Source.SourceCalendarTiming": {
verify	Recover stopped G5 original compiler diagnostics	2026-10-07T17:05:47.4270093Z     "status": "PASS",
verify	Recover stopped G5 original compiler diagnostics	2026-10-07T17:05:47.4270308Z     "exit": 0,
verify	Recover stopped G5 original compiler diagnostics	2026-10-07T17:05:47.4270666Z     "source_sha256": "5e534089f17dc7d9ab40338cb0ca75789e0951bb6b5893ba24d514b8cd07d4f8",
verify	Recover stopped G5 original compiler diagnostics	2026-10-07T17:05:47.4271259Z     "artifact_sha256": "2b6f68f7912257c528f04792cddc5f304fabddb7959e330535ab02aaa6d3d74e"
verify	Recover stopped G5 original compiler diagnostics	2026-10-07T17:05:47.4271666Z   },
verify	Recover stopped G5 original compiler diagnostics	2026-10-07T17:05:47.4271942Z   "UnifiedLean.Source.SourceCalendarPhysicalSupport": {
verify	Recover stopped G5 original compiler diagnostics	2026-10-07T17:05:47.4272287Z     "status": "PASS",
verify	Recover stopped G5 original compiler diagnostics	2026-10-07T17:05:47.4272494Z     "exit": 0,
verify	Recover stopped G5 original compiler diagnostics	2026-10-07T17:05:47.4272859Z     "source_sha256": "e725dd61c850d3f5f92925c0de08122dd25f9d1660d9264d1ac47eb4d2bc88bf",
verify	Recover stopped G5 original compiler diagnostics	2026-10-07T17:05:47.4273442Z     "artifact_sha256": "4abd8a3049ff8d5e1207411be8ba31dbe6e837091da31ff002974ccd6dcbb83a"
verify	Recover stopped G5 original compiler diagnostics	2026-10-07T17:05:47.4273859Z   },
verify	Recover stopped G5 original compiler diagnostics	2026-10-07T17:05:47.4274109Z   "UnifiedLean.Source.SourceInitializedCalendar": {
verify	Recover stopped G5 original compiler diagnostics	2026-10-07T17:05:47.4274433Z     "status": "PASS",
verify	Recover stopped G5 original compiler diagnostics	2026-10-07T17:05:47.4274643Z     "exit": 0,
verify	Recover stopped G5 original compiler diagnostics	2026-10-07T17:05:47.4275006Z     "source_sha256": "47ea73231fbfa732495e4fc5f42f1374e2ef505bfe3d4073b6cc2bed3fcc5535",
verify	Recover stopped G5 original compiler diagnostics	2026-10-07T17:05:47.4275589Z     "artifact_sha256": "8856b94029f8a25bcda3c75c8e81b046aea662697dd47f3620f74874a672a344"
verify	Recover stopped G5 original compiler diagnostics	2026-10-07T17:05:47.4275992Z   },
verify	Recover stopped G5 original compiler diagnostics	2026-10-07T17:05:47.4276239Z   "UnifiedLean.Source.SourceActualHoldingClocks": {
verify	Recover stopped G5 original compiler diagnostics	2026-10-07T17:05:47.4276560Z     "status": "PASS",
verify	Recover stopped G5 original compiler diagnostics	2026-10-07T17:05:47.4277047Z     "exit": 0,
verify	Recover stopped G5 original compiler diagnostics	2026-10-07T17:05:47.4277408Z     "source_sha256": "498417275660b696c24f4c8cd83d84532a96f14b82f35bc3e49217c154e8c677",
verify	Recover stopped G5 original compiler diagnostics	2026-10-07T17:05:47.4277977Z     "artifact_sha256": "5b99071a50668564bc675703b18ef4e99edef2fa590fb5d33d321bc9652a685c"
verify	Recover stopped G5 original compiler diagnostics	2026-10-07T17:05:47.4278564Z   },
verify	Recover stopped G5 original compiler diagnostics	2026-10-07T17:05:47.4278820Z   "UnifiedLean.Source.SourceFirstMergerMark": {
verify	Recover stopped G5 original compiler diagnostics	2026-10-07T17:05:47.4279142Z     "status": "PASS",
verify	Recover stopped G5 original compiler diagnostics	2026-10-07T17:05:47.4279352Z     "exit": 0,
verify	Recover stopped G5 original compiler diagnostics	2026-10-07T17:05:47.4279728Z     "source_sha256": "2bc08f45d7ea76476f6fe485cdce68293a3d44cbc3b2aa108b6b45ce5d1182d1",
verify	Recover stopped G5 original compiler diagnostics	2026-10-07T17:05:47.4280328Z     "artifact_sha256": "30ca3cb4d5e60e1f418ed580d12af50bd036432d46ff5202953246c8cacf5125"
verify	Recover stopped G5 original compiler diagnostics	2026-10-07T17:05:47.4280782Z   },
verify	Recover stopped G5 original compiler diagnostics	2026-10-07T17:05:47.4281046Z   "UnifiedLean.Source.SourceFirstMarkDistribution": {
verify	Recover stopped G5 original compiler diagnostics	2026-10-07T17:05:47.4281377Z     "status": "PASS",
verify	Recover stopped G5 original compiler diagnostics	2026-10-07T17:05:47.4281584Z     "exit": 0,
verify	Recover stopped G5 original compiler diagnostics	2026-10-07T17:05:47.4281954Z     "source_sha256": "abd6230f1155ab6cf73bf3d4b55bbe04df408ca73caee81a8807b15b17e9ad29",
verify	Recover stopped G5 original compiler diagnostics	2026-10-07T17:05:47.4282547Z     "artifact_sha256": "f5195145bc7152d21dd36ba949f5f865624f3c34085f0252fd082a3e229b3f98"
verify	Recover stopped G5 original compiler diagnostics	2026-10-07T17:05:47.4282950Z   },
verify	Recover stopped G5 original compiler diagnostics	2026-10-07T17:05:47.4283200Z   "UnifiedLean.Source.SourceExponentialRace": {
verify	Recover stopped G5 original compiler diagnostics	2026-10-07T17:05:47.4283511Z     "status": "PASS",
verify	Recover stopped G5 original compiler diagnostics	2026-10-07T17:05:47.4283717Z     "exit": 0,
verify	Recover stopped G5 original compiler diagnostics	2026-10-07T17:05:47.4284077Z     "source_sha256": "d979f1bf3bbbac3eb3c396991a513a3624f310bf03273890e13c6d5029931afe",
verify	Recover stopped G5 original compiler diagnostics	2026-10-07T17:05:47.4284788Z     "artifact_sha256": "36cfe9ca2899e35b3391dcaf8649bbe2fb909dcf45097f90c96385ee7a4de7fe"
verify	Recover stopped G5 original compiler diagnostics	2026-10-07T17:05:47.4285202Z   },
verify	Recover stopped G5 original compiler diagnostics	2026-10-07T17:05:47.4285474Z   "UnifiedLean.Source.SourceExponentialRaceDensity": {
verify	Recover stopped G5 original compiler diagnostics	2026-10-07T17:05:47.4285811Z     "status": "PASS",
verify	Recover stopped G5 original compiler diagnostics	2026-10-07T17:05:47.4286029Z     "exit": 0,
verify	Recover stopped G5 original compiler diagnostics	2026-10-07T17:05:47.4286390Z     "source_sha256": "3fa36827b3553923fa1c1d48db4b2823c7b53e589696c3a1476f9aac8f760c29",
verify	Recover stopped G5 original compiler diagnostics	2026-10-07T17:05:47.4287135Z     "artifact_sha256": "1270d7d847ba9b87b40c061ed5c5b09aa380de72959b2642af1882ca37c7f092"
verify	Recover stopped G5 original compiler diagnostics	2026-10-07T17:05:47.4287548Z   },
verify	Recover stopped G5 original compiler diagnostics	2026-10-07T17:05:47.4287811Z   "UnifiedLean.Source.SourceExponentialResiduals": {
verify	Recover stopped G5 original compiler diagnostics	2026-10-07T17:05:47.4288143Z     "status": "PASS",
verify	Recover stopped G5 original compiler diagnostics	2026-10-07T17:05:47.4288364Z     "exit": 0,
verify	Recover stopped G5 original compiler diagnostics	2026-10-07T17:05:47.4288721Z     "source_sha256": "8861858b9309fd43e22424382c1f1513111514ef792354c7cf4b48a0ae4b19e7",
verify	Recover stopped G5 original compiler diagnostics	2026-10-07T17:05:47.4289310Z     "artifact_sha256": "2b3e357b723b7f549def12f6fa31af7d1bb32fbbb795995aa45cd39fd94a4f44"
verify	Recover stopped G5 original compiler diagnostics	2026-10-07T17:05:47.4289742Z   },
verify	Recover stopped G5 original compiler diagnostics	2026-10-07T17:05:47.4289991Z   "UnifiedLean.Source.SourceWinningClockReset": {
verify	Recover stopped G5 original compiler diagnostics	2026-10-07T17:05:47.4290309Z     "status": "PASS",
verify	Recover stopped G5 original compiler diagnostics	2026-10-07T17:05:47.4290516Z     "exit": 0,
verify	Recover stopped G5 original compiler diagnostics	2026-10-07T17:05:47.4290874Z     "source_sha256": "7a831640fec35d92f99e65e6f98e2874602fb5b040ff6b112c16b77a271f2038",
verify	Recover stopped G5 original compiler diagnostics	2026-10-07T17:05:47.4291470Z     "artifact_sha256": "ef2a7c2797cd3c6594e99d0fee4204a1a07be991ae8cf5ef74f6216ffb2f1c14"
verify	Recover stopped G5 original compiler diagnostics	2026-10-07T17:05:47.4291886Z   },
verify	Recover stopped G5 original compiler diagnostics	2026-10-07T17:05:47.4292144Z   "UnifiedLean.Source.SourceMergerClockCatalogue": {
verify	Recover stopped G5 original compiler diagnostics	2026-10-07T17:05:47.4292474Z     "status": "PASS",
verify	Recover stopped G5 original compiler diagnostics	2026-10-07T17:05:47.4292682Z     "exit": 0,
verify	Recover stopped G5 original compiler diagnostics	2026-10-07T17:05:47.4293049Z     "source_sha256": "147da19d2d89135e00c140b3a7a88cd3d53271954e5752a23e5e0ff30376a147",
verify	Recover stopped G5 original compiler diagnostics	2026-10-07T17:05:47.4293650Z     "artifact_sha256": "bb5d8c9658792871ffbee4e6244b8a9b8912be47d1e7667d7f97ff1ad92ccc54"
verify	Recover stopped G5 original compiler diagnostics	2026-10-07T17:05:47.4294067Z   },
verify	Recover stopped G5 original compiler diagnostics	2026-10-07T17:05:47.4294331Z   "UnifiedLean.Source.SourceDestinationClockReset": {
verify	Recover stopped G5 original compiler diagnostics	2026-10-07T17:05:47.4294665Z     "status": "PASS",
verify	Recover stopped G5 original compiler diagnostics	2026-10-07T17:05:47.4294871Z     "exit": 0,
verify	Recover stopped G5 original compiler diagnostics	2026-10-07T17:05:47.4295237Z     "source_sha256": "ec910abde269d665081f7c064b6567f45fca58ba26e183ab29e21037fb84344a",
verify	Recover stopped G5 original compiler diagnostics	2026-10-07T17:05:47.4295824Z     "artifact_sha256": "a195e9c765a6b591c114819ed0a1fd534640ce2a8738a0cabec62653a21433e9"
verify	Recover stopped G5 original compiler diagnostics	2026-10-07T17:05:47.4296237Z   },
verify	Recover stopped G5 original compiler diagnostics	2026-10-07T17:05:47.4296470Z   "UnifiedLean.Source.SourceEpochRenewal": {
verify	Recover stopped G5 original compiler diagnostics	2026-10-07T17:05:47.4296896Z     "status": "PASS",
verify	Recover stopped G5 original compiler diagnostics	2026-10-07T17:05:47.4297103Z     "exit": 0,
verify	Recover stopped G5 original compiler diagnostics	2026-10-07T17:05:47.4297466Z     "source_sha256": "5035fb830ed695b7aac5525c28f24d528be3c1b9a2c2c6f831f23b3cc6692bef",
verify	Recover stopped G5 original compiler diagnostics	2026-10-07T17:05:47.4298049Z     "artifact_sha256": "94e384e3b3027c69f46e7b4599c1b326b13568cca0ba130cbbd434243703b598"
verify	Recover stopped G5 original compiler diagnostics	2026-10-07T17:05:47.4298585Z   },
verify	Recover stopped G5 original compiler diagnostics	2026-10-07T17:05:47.4298843Z   "UnifiedLean.Source.SourceFiniteJumpExpansion": {
verify	Recover stopped G5 original compiler diagnostics	2026-10-07T17:05:47.4299173Z     "status": "PASS",
verify	Recover stopped G5 original compiler diagnostics	2026-10-07T17:05:47.4299382Z     "exit": 0,
verify	Recover stopped G5 original compiler diagnostics	2026-10-07T17:05:47.4299758Z     "source_sha256": "6a14b2de7bcdf28ae3293a23adde3234da7adb5dd503cfd007b711f1a52d786b",
verify	Recover stopped G5 original compiler diagnostics	2026-10-07T17:05:47.4300361Z     "artifact_sha256": "70fed4be6adc8d8ebb82a669ae7918b0345f124913c76baa447d0736b3e1d2b9"
verify	Recover stopped G5 original compiler diagnostics	2026-10-07T17:05:47.4300782Z   },
verify	Recover stopped G5 original compiler diagnostics	2026-10-07T17:05:47.4301033Z   "UnifiedLean.Source.SourceRaceWinnerSelection": {
verify	Recover stopped G5 original compiler diagnostics	2026-10-07T17:05:47.4301355Z     "status": "PASS",
verify	Recover stopped G5 original compiler diagnostics	2026-10-07T17:05:47.4301560Z     "exit": 0,
verify	Recover stopped G5 original compiler diagnostics	2026-10-07T17:05:47.4301926Z     "source_sha256": "ad882b44f7fd97f5ac7e5b7e125cce7e7f6640c065ff616f08c85b26dd9d4caf",
verify	Recover stopped G5 original compiler diagnostics	2026-10-07T17:05:47.4302512Z     "artifact_sha256": "14887b18954a796f3ecc4234ffd6d3c2ae5e7bd4a479306374a400949886c931"
verify	Recover stopped G5 original compiler diagnostics	2026-10-07T17:05:47.4302919Z   },
verify	Recover stopped G5 original compiler diagnostics	2026-10-07T17:05:47.4303181Z   "UnifiedLean.Source.SourceLiteralClockEndpoint": {
verify	Recover stopped G5 original compiler diagnostics	2026-10-07T17:05:47.4303514Z     "status": "PASS",
verify	Recover stopped G5 original compiler diagnostics	2026-10-07T17:05:47.4303722Z     "exit": 0,
verify	Recover stopped G5 original compiler diagnostics	2026-10-07T17:05:47.4304088Z     "source_sha256": "2f2f39f1ea044932788b412d32e3454bf8ff1ff1d65f48431e975352fbc9e7ba",
verify	Recover stopped G5 original compiler diagnostics	2026-10-07T17:05:47.4304797Z     "artifact_sha256": "1e696e29ec40e387a806db9afab5a877fc3878409029ab8b3b08a57b827b39dc"
verify	Recover stopped G5 original compiler diagnostics	2026-10-07T17:05:47.4305207Z   },
verify	Recover stopped G5 original compiler diagnostics	2026-10-07T17:05:47.4305409Z   "G2LiteralMarkedClockTrace": {
verify	Recover stopped G5 original compiler diagnostics	2026-10-07T17:05:47.4305668Z     "status": "PASS",
verify	Recover stopped G5 original compiler diagnostics	2026-10-07T17:05:47.4305874Z     "exit": 0,
verify	Recover stopped G5 original compiler diagnostics	2026-10-07T17:05:47.4306238Z     "source_sha256": "c7360a7aad72b8f8a2fb4864ff4e9b6e7d576e01e68c8a7c1a594ef2d9e57b9a",
verify	Recover stopped G5 original compiler diagnostics	2026-10-07T17:05:47.4306952Z     "artifact_sha256": "7b9d03b1440194089f51f9484a1bfba3969dc87780c18ee0b6a112c901fab3d8"
verify	Recover stopped G5 original compiler diagnostics	2026-10-07T17:05:47.4307357Z   },
verify	Recover stopped G5 original compiler diagnostics	2026-10-07T17:05:47.4307559Z   "G2ActualDecorationFold": {
verify	Recover stopped G5 original compiler diagnostics	2026-10-07T17:05:47.4307812Z     "status": "PASS",
verify	Recover stopped G5 original compiler diagnostics	2026-10-07T17:05:47.4308015Z     "exit": 0,
verify	Recover stopped G5 original compiler diagnostics	2026-10-07T17:05:47.4308375Z     "source_sha256": "8ca5f51130da2c7b513e70cd0b0d93a22fe9c4e706a63b590cab5407258f55be",
verify	Recover stopped G5 original compiler diagnostics	2026-10-07T17:05:47.4308962Z     "artifact_sha256": "68e226c1ed349c06fbf4ec88a08246d580358e89481cfd453c50836d110e2667"
verify	Recover stopped G5 original compiler diagnostics	2026-10-07T17:05:47.4309367Z   },
verify	Recover stopped G5 original compiler diagnostics	2026-10-07T17:05:47.4309569Z   "G2DecorationMeasurability": {
verify	Recover stopped G5 original compiler diagnostics	2026-10-07T17:05:47.4309829Z     "status": "PASS",
verify	Recover stopped G5 original compiler diagnostics	2026-10-07T17:05:47.4310033Z     "exit": 0,
verify	Recover stopped G5 original compiler diagnostics	2026-10-07T17:05:47.4310381Z     "source_sha256": "a016097f843583052f5c2b8a4c19899cb97d78052779c4771e22aa9603104338",
verify	Recover stopped G5 original compiler diagnostics	2026-10-07T17:05:47.4310950Z     "artifact_sha256": "8e6f4a4e662ac79257619bbb155396f157f07e74679ca1bb7593fbd98ba1e0a7"
verify	Recover stopped G5 original compiler diagnostics	2026-10-07T17:05:47.4311361Z   },
verify	Recover stopped G5 original compiler diagnostics	2026-10-07T17:05:47.4311557Z   "G2MarkedTraceRenewal": {
verify	Recover stopped G5 original compiler diagnostics	2026-10-07T17:05:47.4311796Z     "status": "PASS",
verify	Recover stopped G5 original compiler diagnostics	2026-10-07T17:05:47.4311999Z     "exit": 0,
verify	Recover stopped G5 original compiler diagnostics	2026-10-07T17:05:47.4312363Z     "source_sha256": "edbabf47f1429b8747c5d49a7d00d2762ad47ece635dfe00f1c59280a0b29603",
verify	Recover stopped G5 original compiler diagnostics	2026-10-07T17:05:47.4312955Z     "artifact_sha256": "e4055dce8880a551bd659d3bce76daa8dab943f2c7ddf80526098737b9c183c9"
verify	Recover stopped G5 original compiler diagnostics	2026-10-07T17:05:47.4313372Z   },
verify	Recover stopped G5 original compiler diagnostics	2026-10-07T17:05:47.4313566Z   "G2LiteralEpochLaw": {
verify	Recover stopped G5 original compiler diagnostics	2026-10-07T17:05:47.4313795Z     "status": "PASS",
verify	Recover stopped G5 original compiler diagnostics	2026-10-07T17:05:47.4313999Z     "exit": 0,
verify	Recover stopped G5 original compiler diagnostics	2026-10-07T17:05:47.4327614Z     "source_sha256": "9020ef5baaf8955097e69efac86b552cf80540211125d8f215bf1ca0bcecba7a",
verify	Recover stopped G5 original compiler diagnostics	2026-10-07T17:05:47.4328283Z     "artifact_sha256": "d3aab9fdfb767eebecb42f952e70c771c7dadb11b4be347cf0af21411a99f1dc"
verify	Recover stopped G5 original compiler diagnostics	2026-10-07T17:05:47.4328719Z   },
verify	Recover stopped G5 original compiler diagnostics	2026-10-07T17:05:47.4328923Z   "G2ActualCalendarTrace": {
verify	Recover stopped G5 original compiler diagnostics	2026-10-07T17:05:47.4329172Z     "status": "PASS",
verify	Recover stopped G5 original compiler diagnostics	2026-10-07T17:05:47.4329384Z     "exit": 0,
verify	Recover stopped G5 original compiler diagnostics	2026-10-07T17:05:47.4329759Z     "source_sha256": "cf709bcf2b686619c6f378dbe1a7690b6a19012a82a541ed34f3b0ff4af07ddd",
verify	Recover stopped G5 original compiler diagnostics	2026-10-07T17:05:47.4330378Z     "artifact_sha256": "a6c3ddee7a91cd815daa1bcfe7b888c800ed98f247aa1ef85489c656560762dc"
verify	Recover stopped G5 original compiler diagnostics	2026-10-07T17:05:47.4330806Z   },
verify	Recover stopped G5 original compiler diagnostics	2026-10-07T17:05:47.4331056Z   "UnifiedLean.Source.SourceEmbeddedJumpLaw": {
verify	Recover stopped G5 original compiler diagnostics	2026-10-07T17:05:47.4331372Z     "status": "PASS",
verify	Recover stopped G5 original compiler diagnostics	2026-10-07T17:05:47.4331587Z     "exit": 0,
verify	Recover stopped G5 original compiler diagnostics	2026-10-07T17:05:47.4332121Z     "source_sha256": "560f2174634b137eca95c83616b2b50a4e7671f51cfd62c275a7f7c206890d37",
verify	Recover stopped G5 original compiler diagnostics	2026-10-07T17:05:47.4332696Z     "artifact_sha256": "3300200d68248d866bc1b16a3bf1c04450c67bf0f1b47c8e8e9aeedcbcffc82d"
verify	Recover stopped G5 original compiler diagnostics	2026-10-07T17:05:47.4333105Z   },
verify	Recover stopped G5 original compiler diagnostics	2026-10-07T17:05:47.4333369Z   "UnifiedLean.Source.NativeIndependentPairMixture": {
verify	Recover stopped G5 original compiler diagnostics	2026-10-07T17:05:47.4333698Z     "status": "PASS",
verify	Recover stopped G5 original compiler diagnostics	2026-10-07T17:05:47.4333901Z     "exit": 0,
verify	Recover stopped G5 original compiler diagnostics	2026-10-07T17:05:47.4334246Z     "source_sha256": "4e1107890e0e36967898c06251a1a7ed3305721860534b902a87b04d434e4c31",
verify	Recover stopped G5 original compiler diagnostics	2026-10-07T17:05:47.4334816Z     "artifact_sha256": "acdba48e78b667e5e4cb1a907925a5369f4d6d55da475b404fa3dd65fd2538eb"
verify	Recover stopped G5 original compiler diagnostics	2026-10-07T17:05:47.4335229Z   },
verify	Recover stopped G5 original compiler diagnostics	2026-10-07T17:05:47.4335479Z   "UnifiedLean.Source.SourceNaturalInitialization": {
verify	Recover stopped G5 original compiler diagnostics	2026-10-07T17:05:47.4335804Z     "status": "PASS",
verify	Recover stopped G5 original compiler diagnostics	2026-10-07T17:05:47.4336005Z     "exit": 0,
verify	Recover stopped G5 original compiler diagnostics	2026-10-07T17:05:47.4336361Z     "source_sha256": "18050e86ebeb2d11ced94d0e3a2199f0c58b7ae4d7029288c28b0c893ec159e1",
verify	Recover stopped G5 original compiler diagnostics	2026-10-07T17:05:47.4337182Z     "artifact_sha256": "fffe97d14e0248ab2f06da424d0c4543bbd809384f956c4f9f7d4b9064144797"
verify	Recover stopped G5 original compiler diagnostics	2026-10-07T17:05:47.4337588Z   },
verify	Recover stopped G5 original compiler diagnostics	2026-10-07T17:05:47.4337836Z   "UnifiedLean.Source.SourceAncestralCompletion": {
verify	Recover stopped G5 original compiler diagnostics	2026-10-07T17:05:47.4338282Z     "status": "PASS",
verify	Recover stopped G5 original compiler diagnostics	2026-10-07T17:05:47.4338482Z     "exit": 0,
verify	Recover stopped G5 original compiler diagnostics	2026-10-07T17:05:47.4338835Z     "source_sha256": "da44afa6b8039afb1f90128af2f1b62234f3dfd0197ef9399c52873bf865caa5",
verify	Recover stopped G5 original compiler diagnostics	2026-10-07T17:05:47.4339420Z     "artifact_sha256": "b49a97e4f29e1fd6a83f51da72c0a721d690a123787ff49dbc5c0d6bcca0edc3"
verify	Recover stopped G5 original compiler diagnostics	2026-10-07T17:05:47.4339827Z   }
verify	Recover stopped G5 original compiler diagnostics	2026-10-07T17:05:47.4339991Z }
verify	Recover stopped G5 original compiler diagnostics	2026-10-07T17:05:47.4340085Z 
verify	Recover stopped G5 original compiler diagnostics	2026-10-07T17:05:47.4340196Z G5_ORIGINAL_commands.json [
verify	Recover stopped G5 original compiler diagnostics	2026-10-07T17:05:47.4340418Z   {
verify	Recover stopped G5 original compiler diagnostics	2026-10-07T17:05:47.4340599Z     "name": "reconstruct",
verify	Recover stopped G5 original compiler diagnostics	2026-10-07T17:05:47.4340822Z     "command": [
verify	Recover stopped G5 original compiler diagnostics	2026-10-07T17:05:47.4341026Z       "/usr/bin/python",
verify	Recover stopped G5 original compiler diagnostics	2026-10-07T17:05:47.4341565Z       "/home/runner/work/_temp/research-commons/research/2026-10-07-cloud-g5-sol-ultra-1557z/scripts/reconstruct_context.py",
verify	Recover stopped G5 original compiler diagnostics	2026-10-07T17:05:47.4342163Z       "/home/runner/work/_temp/research-commons",
verify	Recover stopped G5 original compiler diagnostics	2026-10-07T17:05:47.4342490Z       "/home/runner/work/_temp/cloud-g5-build"
verify	Recover stopped G5 original compiler diagnostics	2026-10-07T17:05:47.4342758Z     ],
verify	Recover stopped G5 original compiler diagnostics	2026-10-07T17:05:47.4342950Z     "start_unix": 1791389501.299625,
verify	Recover stopped G5 original compiler diagnostics	2026-10-07T17:05:47.4343205Z     "end_unix": 1791389501.6639557,
verify	Recover stopped G5 original compiler diagnostics	2026-10-07T17:05:47.4343444Z     "exit": 0,
verify	Recover stopped G5 original compiler diagnostics	2026-10-07T17:05:47.4343783Z     "log_sha256": "4530ef4046618583934f14300febf212c0303e4c4c29dd121edead604f609bb1"
verify	Recover stopped G5 original compiler diagnostics	2026-10-07T17:05:47.4344167Z   },
verify	Recover stopped G5 original compiler diagnostics	2026-10-07T17:05:47.4344331Z   {
verify	Recover stopped G5 original compiler diagnostics	2026-10-07T17:05:47.4344518Z     "name": "lake-update",
verify	Recover stopped G5 original compiler diagnostics	2026-10-07T17:05:47.4344738Z     "command": [
verify	Recover stopped G5 original compiler diagnostics	2026-10-07T17:05:47.4344931Z       "lake",
verify	Recover stopped G5 original compiler diagnostics	2026-10-07T17:05:47.4345119Z       "update"
verify	Recover stopped G5 original compiler diagnostics	2026-10-07T17:05:47.4345297Z     ],
verify	Recover stopped G5 original compiler diagnostics	2026-10-07T17:05:47.4345498Z     "start_unix": 1791389501.6654856,
verify	Recover stopped G5 original compiler diagnostics	2026-10-07T17:05:47.4345757Z     "end_unix": 1791389538.7070515,
verify	Recover stopped G5 original compiler diagnostics	2026-10-07T17:05:47.4345994Z     "exit": 0,
verify	Recover stopped G5 original compiler diagnostics	2026-10-07T17:05:47.4346340Z     "log_sha256": "d22526fb45865d22f03197aea2d7a3e8efbdfcf8772b1f45a8ebfcfd18bb222d"
verify	Recover stopped G5 original compiler diagnostics	2026-10-07T17:05:47.4346865Z   },
verify	Recover stopped G5 original compiler diagnostics	2026-10-07T17:05:47.4347033Z   {
verify	Recover stopped G5 original compiler diagnostics	2026-10-07T17:05:47.4347218Z     "name": "mathlib-cache",
verify	Recover stopped G5 original compiler diagnostics	2026-10-07T17:05:47.4347450Z     "command": [
verify	Recover stopped G5 original compiler diagnostics	2026-10-07T17:05:47.4347636Z       "lake",
verify	Recover stopped G5 original compiler diagnostics	2026-10-07T17:05:47.4347819Z       "exe",
verify	Recover stopped G5 original compiler diagnostics	2026-10-07T17:05:47.4347999Z       "cache",
verify	Recover stopped G5 original compiler diagnostics	2026-10-07T17:05:47.4348186Z       "get",
verify	Recover stopped G5 original compiler diagnostics	2026-10-07T17:05:47.4348408Z       "Mathlib.Algebra.BigOperators.Field",
verify	Recover stopped G5 original compiler diagnostics	2026-10-07T17:05:47.4348725Z       "Mathlib.Algebra.BigOperators.Fin",
verify	Recover stopped G5 original compiler diagnostics	2026-10-07T17:05:47.4349065Z       "Mathlib.Algebra.BigOperators.Finsupp.Basic",
verify	Recover stopped G5 original compiler diagnostics	2026-10-07T17:05:47.4349456Z       "Mathlib.Algebra.BigOperators.Group.Finset.Basic",
verify	Recover stopped G5 original compiler diagnostics	2026-10-07T17:05:47.4349852Z       "Mathlib.Algebra.BigOperators.Group.Finset.Sigma",
verify	Recover stopped G5 original compiler diagnostics	2026-10-07T17:05:47.4350254Z       "Mathlib.Algebra.BigOperators.GroupWithZero.Finset",
verify	Recover stopped G5 original compiler diagnostics	2026-10-07T17:05:47.4350639Z       "Mathlib.Algebra.BigOperators.Ring.Finset",
verify	Recover stopped G5 original compiler diagnostics	2026-10-07T17:05:47.4351013Z       "Mathlib.Algebra.Order.BigOperators.Group.Finset",
verify	Recover stopped G5 original compiler diagnostics	2026-10-07T17:05:47.4351577Z       "Mathlib.Algebra.Order.BigOperators.GroupWithZero.Finset",
verify	Recover stopped G5 original compiler diagnostics	2026-10-07T17:05:47.4352018Z       "Mathlib.Analysis.Normed.Algebra.MatrixExponential",
verify	Recover stopped G5 original compiler diagnostics	2026-10-07T17:05:47.4352419Z       "Mathlib.Analysis.Normed.Module.FiniteDimension",
verify	Recover stopped G5 original compiler diagnostics	2026-10-07T17:05:47.4352779Z       "Mathlib.Analysis.SpecialFunctions.Exp",
verify	Recover stopped G5 original compiler diagnostics	2026-10-07T17:05:47.4353141Z       "Mathlib.Analysis.SpecialFunctions.Exponential",
verify	Recover stopped G5 original compiler diagnostics	2026-10-07T17:05:47.4353514Z       "Mathlib.Analysis.SpecialFunctions.Log.Basic",
verify	Recover stopped G5 original compiler diagnostics	2026-10-07T17:05:47.4353862Z       "Mathlib.Analysis.SpecificLimits.Basic",
verify	Recover stopped G5 original compiler diagnostics	2026-10-07T17:05:47.4354185Z       "Mathlib.Data.ENNReal.BigOperators",
verify	Recover stopped G5 original compiler diagnostics	2026-10-07T17:05:47.4354487Z       "Mathlib.Data.Fin.Tuple.Basic",
verify	Recover stopped G5 original compiler diagnostics	2026-10-07T17:05:47.4354773Z       "Mathlib.Data.Finset.Card",
verify	Recover stopped G5 original compiler diagnostics	2026-10-07T17:05:47.4355041Z       "Mathlib.Data.Finset.Max",
verify	Recover stopped G5 original compiler diagnostics	2026-10-07T17:05:47.4355305Z       "Mathlib.Data.Finset.Prod",
verify	Recover stopped G5 original compiler diagnostics	2026-10-07T17:05:47.4355568Z       "Mathlib.Data.Finset.Sort",
verify	Recover stopped G5 original compiler diagnostics	2026-10-07T17:05:47.4355836Z       "Mathlib.Data.Finset.Union",
verify	Recover stopped G5 original compiler diagnostics	2026-10-07T17:05:47.4356105Z       "Mathlib.Data.Fintype.Basic",
verify	Recover stopped G5 original compiler diagnostics	2026-10-07T17:05:47.4356391Z       "Mathlib.Data.Fintype.BigOperators",
verify	Recover stopped G5 original compiler diagnostics	2026-10-07T17:05:47.4356933Z       "Mathlib.Data.Fintype.Card",
verify	Recover stopped G5 original compiler diagnostics	2026-10-07T17:05:47.4357213Z       "Mathlib.Data.Fintype.EquivFin",
verify	Recover stopped G5 original compiler diagnostics	2026-10-07T17:05:47.4357502Z       "Mathlib.Data.Fintype.Powerset",
verify	Recover stopped G5 original compiler diagnostics	2026-10-07T17:05:47.4357787Z       "Mathlib.Data.Fintype.Sum",
verify	Recover stopped G5 original compiler diagnostics	2026-10-07T17:05:47.4358052Z       "Mathlib.Data.List.OfFn",
verify	Recover stopped G5 original compiler diagnostics	2026-10-07T17:05:47.4358315Z       "Mathlib.Data.Nat.Choose.Basic",
verify	Recover stopped G5 original compiler diagnostics	2026-10-07T17:05:47.4358595Z       "Mathlib.Data.Rat.BigOperators",
verify	Recover stopped G5 original compiler diagnostics	2026-10-07T17:05:47.4358872Z       "Mathlib.Data.Rat.Lemmas",
verify	Recover stopped G5 original compiler diagnostics	2026-10-07T17:05:47.4359141Z       "Mathlib.Data.Real.Basic",
verify	Recover stopped G5 original compiler diagnostics	2026-10-07T17:05:47.4359422Z       "Mathlib.LinearAlgebra.Vandermonde",
verify	Recover stopped G5 original compiler diagnostics	2026-10-07T17:05:47.4359716Z       "Mathlib.Logic.Relation",
verify	Recover stopped G5 original compiler diagnostics	2026-10-07T17:05:47.4360074Z       "Mathlib.MeasureTheory.Constructions.BorelSpace.Metrizable",
verify	Recover stopped G5 original compiler diagnostics	2026-10-07T17:05:47.4360553Z       "Mathlib.MeasureTheory.Constructions.BorelSpace.Order",
verify	Recover stopped G5 original compiler diagnostics	2026-10-07T17:05:47.4360993Z       "Mathlib.MeasureTheory.Constructions.BorelSpace.Real",
verify	Recover stopped G5 original compiler diagnostics	2026-10-07T17:05:47.4361390Z       "Mathlib.MeasureTheory.Constructions.Pi",
verify	Recover stopped G5 original compiler diagnostics	2026-10-07T17:05:47.4361772Z       "Mathlib.MeasureTheory.Constructions.Projective",
verify	Recover stopped G5 original compiler diagnostics	2026-10-07T17:05:47.4362160Z       "Mathlib.MeasureTheory.Integral.Bochner.Basic",
verify	Recover stopped G5 original compiler diagnostics	2026-10-07T17:05:47.4362627Z       "Mathlib.MeasureTheory.Integral.IntervalIntegral.FundThmCalculus",
verify	Recover stopped G5 original compiler diagnostics	2026-10-07T17:05:47.4363118Z       "Mathlib.MeasureTheory.Integral.Lebesgue.Countable",
verify	Recover stopped G5 original compiler diagnostics	2026-10-07T17:05:47.4363582Z       "Mathlib.MeasureTheory.Integral.Lebesgue.DominatedConvergence",
verify	Recover stopped G5 original compiler diagnostics	2026-10-07T17:05:47.4364032Z       "Mathlib.MeasureTheory.Integral.Lebesgue.Map",
verify	Recover stopped G5 original compiler diagnostics	2026-10-07T17:05:47.4364380Z       "Mathlib.MeasureTheory.Integral.Prod",
verify	Recover stopped G5 original compiler diagnostics	2026-10-07T17:05:47.4364729Z       "Mathlib.MeasureTheory.MeasurableSpace.Pi",
verify	Recover stopped G5 original compiler diagnostics	2026-10-07T17:05:47.4365088Z       "Mathlib.MeasureTheory.Measure.Prod",
verify	Recover stopped G5 original compiler diagnostics	2026-10-07T17:05:47.4365428Z       "Mathlib.MeasureTheory.Measure.Restrict",
verify	Recover stopped G5 original compiler diagnostics	2026-10-07T17:05:47.4365788Z       "Mathlib.Probability.Distributions.Bernoulli",
verify	Recover stopped G5 original compiler diagnostics	2026-10-07T17:05:47.4366170Z       "Mathlib.Probability.Distributions.Exponential",
verify	Recover stopped G5 original compiler diagnostics	2026-10-07T17:05:47.4366596Z       "Mathlib.Probability.Distributions.Poisson.Basic",
verify	Recover stopped G5 original compiler diagnostics	2026-10-07T17:05:47.4367103Z       "Mathlib.Probability.Distributions.Uniform",
verify	Recover stopped G5 original compiler diagnostics	2026-10-07T17:05:47.4367460Z       "Mathlib.Probability.Independence.Basic",
verify	Recover stopped G5 original compiler diagnostics	2026-10-07T17:05:47.4367873Z       "Mathlib.Probability.ProbabilityMassFunction.Constructions",
verify	Recover stopped G5 original compiler diagnostics	2026-10-07T17:05:47.4368346Z       "Mathlib.Probability.ProbabilityMassFunction.Integrals",
verify	Recover stopped G5 original compiler diagnostics	2026-10-07T17:05:47.4368707Z       "Mathlib.Tactic",
verify	Recover stopped G5 original compiler diagnostics	2026-10-07T17:05:47.4368942Z       "Mathlib.Tactic.FinCases",
verify	Recover stopped G5 original compiler diagnostics	2026-10-07T17:05:47.4369205Z       "Mathlib.Tactic.FunProp",
verify	Recover stopped G5 original compiler diagnostics	2026-10-07T17:05:47.4369463Z       "Mathlib.Tactic.Linarith",
verify	Recover stopped G5 original compiler diagnostics	2026-10-07T17:05:47.4369718Z       "Mathlib.Tactic.NormNum",
verify	Recover stopped G5 original compiler diagnostics	2026-10-07T17:05:47.4369975Z       "Mathlib.Tactic.Positivity",
verify	Recover stopped G5 original compiler diagnostics	2026-10-07T17:05:47.4370376Z       "Mathlib.Tactic.Ring"
verify	Recover stopped G5 original compiler diagnostics	2026-10-07T17:05:47.4370597Z     ],
verify	Recover stopped G5 original compiler diagnostics	2026-10-07T17:05:47.4370792Z     "start_unix": 1791389538.7099423,
verify	Recover stopped G5 original compiler diagnostics	2026-10-07T17:05:47.4371050Z     "end_unix": 1791389561.922325,
verify	Recover stopped G5 original compiler diagnostics	2026-10-07T17:05:47.4371289Z     "exit": 0,
verify	Recover stopped G5 original compiler diagnostics	2026-10-07T17:05:47.4371647Z     "log_sha256": "c22081565a979c0f1bfd058b54fa84cddb41641b9f15bb76dd5bb4bc168efcef"
verify	Recover stopped G5 original compiler diagnostics	2026-10-07T17:05:47.4372047Z   },
verify	Recover stopped G5 original compiler diagnostics	2026-10-07T17:05:47.4372215Z   {
verify	Recover stopped G5 original compiler diagnostics	2026-10-07T17:05:47.4372437Z     "name": "G5FrozenTriplePolynomialKernel",
verify	Recover stopped G5 original compiler diagnostics	2026-10-07T17:05:47.4372721Z     "command": [
verify	Recover stopped G5 original compiler diagnostics	2026-10-07T17:05:47.4372914Z       "lake",
verify	Recover stopped G5 original compiler diagnostics	2026-10-07T17:05:47.4373099Z       "env",
verify	Recover stopped G5 original compiler diagnostics	2026-10-07T17:05:47.4373279Z       "lean",
verify	Recover stopped G5 original compiler diagnostics	2026-10-07T17:05:47.4373483Z       "--trust=0",
verify	Recover stopped G5 original compiler diagnostics	2026-10-07T17:05:47.4373680Z       "-j1",
verify	Recover stopped G5 original compiler diagnostics	2026-10-07T17:05:47.4373860Z       "-M4096",
verify	Recover stopped G5 original compiler diagnostics	2026-10-07T17:05:47.4374049Z       "-R",
verify	Recover stopped G5 original compiler diagnostics	2026-10-07T17:05:47.4374290Z       "/home/runner/work/_temp/cloud-g5-build/CloudG5",
verify	Recover stopped G5 original compiler diagnostics	2026-10-07T17:05:47.4374582Z       "-o",
verify	Recover stopped G5 original compiler diagnostics	2026-10-07T17:05:47.4375025Z       "/home/runner/work/_temp/cloud-g5-build/.lake/build/lib/lean/G5FrozenTriplePolynomialKernel.olean",
verify	Recover stopped G5 original compiler diagnostics	2026-10-07T17:05:47.4375508Z       "-i",
verify	Recover stopped G5 original compiler diagnostics	2026-10-07T17:05:47.4375832Z       "/home/runner/work/_temp/cloud-g5-build/.lake/build/lib/lean/G5FrozenTriplePolynomialKernel.ilean",
verify	Recover stopped G5 original compiler diagnostics	2026-10-07T17:05:47.4376228Z       "/home/runner/work/_temp/cloud-g5-build/CloudG5/G5FrozenTriplePolynomialKernel.lean"
verify	Recover stopped G5 original compiler diagnostics	2026-10-07T17:05:47.4376308Z     ],
verify	Recover stopped G5 original compiler diagnostics	2026-10-07T17:05:47.4376408Z     "start_unix": 1791389561.9381628,
verify	Recover stopped G5 original compiler diagnostics	2026-10-07T17:05:47.4376508Z     "end_unix": 1791389566.411894,
verify	Recover stopped G5 original compiler diagnostics	2026-10-07T17:05:47.4376589Z     "exit": 0,
verify	Recover stopped G5 original compiler diagnostics	2026-10-07T17:05:47.4376952Z     "log_sha256": "65ab247d47a643d3f071e6fbf9f35c3290446a23df06a72b39a252aa2279e37e"
verify	Recover stopped G5 original compiler diagnostics	2026-10-07T17:05:47.4377031Z   },
verify	Recover stopped G5 original compiler diagnostics	2026-10-07T17:05:47.4377110Z   {
verify	Recover stopped G5 original compiler diagnostics	2026-10-07T17:05:47.4377250Z     "name": "G5ExponentialGermIdentification",
verify	Recover stopped G5 original compiler diagnostics	2026-10-07T17:05:47.4377333Z     "command": [
verify	Recover stopped G5 original compiler diagnostics	2026-10-07T17:05:47.4377415Z       "lake",
verify	Recover stopped G5 original compiler diagnostics	2026-10-07T17:05:47.4377494Z       "env",
verify	Recover stopped G5 original compiler diagnostics	2026-10-07T17:05:47.4377579Z       "lean",
verify	Recover stopped G5 original compiler diagnostics	2026-10-07T17:05:47.4377660Z       "--trust=0",
verify	Recover stopped G5 original compiler diagnostics	2026-10-07T17:05:47.4377742Z       "-j1",
verify	Recover stopped G5 original compiler diagnostics	2026-10-07T17:05:47.4377819Z       "-M4096",
verify	Recover stopped G5 original compiler diagnostics	2026-10-07T17:05:47.4377898Z       "-R",
verify	Recover stopped G5 original compiler diagnostics	2026-10-07T17:05:47.4378055Z       "/home/runner/work/_temp/cloud-g5-build/Imported",
verify	Recover stopped G5 original compiler diagnostics	2026-10-07T17:05:47.4378132Z       "-o",
verify	Recover stopped G5 original compiler diagnostics	2026-10-07T17:05:47.4378462Z       "/home/runner/work/_temp/cloud-g5-build/.lake/build/lib/lean/G5ExponentialGermIdentification.olean",
verify	Recover stopped G5 original compiler diagnostics	2026-10-07T17:05:47.4378537Z       "-i",
verify	Recover stopped G5 original compiler diagnostics	2026-10-07T17:05:47.4378856Z       "/home/runner/work/_temp/cloud-g5-build/.lake/build/lib/lean/G5ExponentialGermIdentification.ilean",
verify	Recover stopped G5 original compiler diagnostics	2026-10-07T17:05:47.4379130Z       "/home/runner/work/_temp/cloud-g5-build/Imported/G5ExponentialGermIdentification.lean"
verify	Recover stopped G5 original compiler diagnostics	2026-10-07T17:05:47.4379206Z     ],
verify	Recover stopped G5 original compiler diagnostics	2026-10-07T17:05:47.4379308Z     "start_unix": 1791389566.439328,
verify	Recover stopped G5 original compiler diagnostics	2026-10-07T17:05:47.4379403Z     "end_unix": 1791389568.9584136,
verify	Recover stopped G5 original compiler diagnostics	2026-10-07T17:05:47.4379485Z     "exit": 0,
verify	Recover stopped G5 original compiler diagnostics	2026-10-07T17:05:47.4379719Z     "log_sha256": "43b8db7dd2022f81be166db6224a360defaf0709d2d333320680b065d5e0e567"
verify	Recover stopped G5 original compiler diagnostics	2026-10-07T17:05:47.4379800Z   },
verify	Recover stopped G5 original compiler diagnostics	2026-10-07T17:05:47.4379875Z   {
verify	Recover stopped G5 original compiler diagnostics	2026-10-07T17:05:47.4379981Z     "name": "G5UnknownRateSupport",
verify	Recover stopped G5 original compiler diagnostics	2026-10-07T17:05:47.4380071Z     "command": [
verify	Recover stopped G5 original compiler diagnostics	2026-10-07T17:05:47.4380154Z       "lake",
verify	Recover stopped G5 original compiler diagnostics	2026-10-07T17:05:47.4380235Z       "env",
verify	Recover stopped G5 original compiler diagnostics	2026-10-07T17:05:47.4380310Z       "lean",
verify	Recover stopped G5 original compiler diagnostics	2026-10-07T17:05:47.4380393Z       "--trust=0",
verify	Recover stopped G5 original compiler diagnostics	2026-10-07T17:05:47.4380469Z       "-j1",
verify	Recover stopped G5 original compiler diagnostics	2026-10-07T17:05:47.4380592Z       "-M4096",
verify	Recover stopped G5 original compiler diagnostics	2026-10-07T17:05:47.4380672Z       "-R",
verify	Recover stopped G5 original compiler diagnostics	2026-10-07T17:05:47.4380812Z       "/home/runner/work/_temp/cloud-g5-build/Imported",
verify	Recover stopped G5 original compiler diagnostics	2026-10-07T17:05:47.4380903Z       "-o",
verify	Recover stopped G5 original compiler diagnostics	2026-10-07T17:05:47.4381180Z       "/home/runner/work/_temp/cloud-g5-build/.lake/build/lib/lean/G5UnknownRateSupport.olean",
verify	Recover stopped G5 original compiler diagnostics	2026-10-07T17:05:47.4381258Z       "-i",
verify	Recover stopped G5 original compiler diagnostics	2026-10-07T17:05:47.4381527Z       "/home/runner/work/_temp/cloud-g5-build/.lake/build/lib/lean/G5UnknownRateSupport.ilean",
verify	Recover stopped G5 original compiler diagnostics	2026-10-07T17:05:47.4381760Z       "/home/runner/work/_temp/cloud-g5-build/Imported/G5UnknownRateSupport.lean"
verify	Recover stopped G5 original compiler diagnostics	2026-10-07T17:05:47.4381967Z     ],
verify	Recover stopped G5 original compiler diagnostics	2026-10-07T17:05:47.4382065Z     "start_unix": 1791389568.9768963,
verify	Recover stopped G5 original compiler diagnostics	2026-10-07T17:05:47.4382163Z     "end_unix": 1791389571.4457214,
verify	Recover stopped G5 original compiler diagnostics	2026-10-07T17:05:47.4382251Z     "exit": 0,
verify	Recover stopped G5 original compiler diagnostics	2026-10-07T17:05:47.4382488Z     "log_sha256": "36b339cbb814f07566d18ce6dd3e52801f2bffd23f1262b079fa7bef2cc6169f"
verify	Recover stopped G5 original compiler diagnostics	2026-10-07T17:05:47.4382561Z   },
verify	Recover stopped G5 original compiler diagnostics	2026-10-07T17:05:47.4382635Z   {
verify	Recover stopped G5 original compiler diagnostics	2026-10-07T17:05:47.4382762Z     "name": "G5FrozenTripleAnalyticSupport",
verify	Recover stopped G5 original compiler diagnostics	2026-10-07T17:05:47.4382845Z     "command": [
verify	Recover stopped G5 original compiler diagnostics	2026-10-07T17:05:47.4382922Z       "lake",
verify	Recover stopped G5 original compiler diagnostics	2026-10-07T17:05:47.4382998Z       "env",
verify	Recover stopped G5 original compiler diagnostics	2026-10-07T17:05:47.4383075Z       "lean",
verify	Recover stopped G5 original compiler diagnostics	2026-10-07T17:05:47.4383154Z       "--trust=0",
verify	Recover stopped G5 original compiler diagnostics	2026-10-07T17:05:47.4383231Z       "-j1",
verify	Recover stopped G5 original compiler diagnostics	2026-10-07T17:05:47.4383308Z       "-M4096",
verify	Recover stopped G5 original compiler diagnostics	2026-10-07T17:05:47.4383386Z       "-R",
verify	Recover stopped G5 original compiler diagnostics	2026-10-07T17:05:47.4383521Z       "/home/runner/work/_temp/cloud-g5-build/CloudG5",
verify	Recover stopped G5 original compiler diagnostics	2026-10-07T17:05:47.4383600Z       "-o",
verify	Recover stopped G5 original compiler diagnostics	2026-10-07T17:05:47.4383922Z       "/home/runner/work/_temp/cloud-g5-build/.lake/build/lib/lean/G5FrozenTripleAnalyticSupport.olean",
verify	Recover stopped G5 original compiler diagnostics	2026-10-07T17:05:47.4384003Z       "-i",
verify	Recover stopped G5 original compiler diagnostics	2026-10-07T17:05:47.4384315Z       "/home/runner/work/_temp/cloud-g5-build/.lake/build/lib/lean/G5FrozenTripleAnalyticSupport.ilean",
verify	Recover stopped G5 original compiler diagnostics	2026-10-07T17:05:47.4384713Z       "/home/runner/work/_temp/cloud-g5-build/CloudG5/G5FrozenTripleAnalyticSupport.lean"
verify	Recover stopped G5 original compiler diagnostics	2026-10-07T17:05:47.4384794Z     ],
verify	Recover stopped G5 original compiler diagnostics	2026-10-07T17:05:47.4384891Z     "start_unix": 1791389571.4959178,
verify	Recover stopped G5 original compiler diagnostics	2026-10-07T17:05:47.4384985Z     "end_unix": 1791389577.8238816,
verify	Recover stopped G5 original compiler diagnostics	2026-10-07T17:05:47.4385064Z     "exit": 1,
verify	Recover stopped G5 original compiler diagnostics	2026-10-07T17:05:47.4385298Z     "log_sha256": "34de6290607f742b7e7e67716ddf0a40bace5fcd605fcedac473905952442717"
verify	Recover stopped G5 original compiler diagnostics	2026-10-07T17:05:47.4385375Z   },
verify	Recover stopped G5 original compiler diagnostics	2026-10-07T17:05:47.4385446Z   {
verify	Recover stopped G5 original compiler diagnostics	2026-10-07T17:05:47.4385544Z     "name": "SourceNetwork",
verify	Recover stopped G5 original compiler diagnostics	2026-10-07T17:05:47.4385625Z     "command": [
verify	Recover stopped G5 original compiler diagnostics	2026-10-07T17:05:47.4385707Z       "lake",
verify	Recover stopped G5 original compiler diagnostics	2026-10-07T17:05:47.4385782Z       "env",
verify	Recover stopped G5 original compiler diagnostics	2026-10-07T17:05:47.4385861Z       "lean",
verify	Recover stopped G5 original compiler diagnostics	2026-10-07T17:05:47.4385951Z       "--trust=0",
verify	Recover stopped G5 original compiler diagnostics	2026-10-07T17:05:47.4386028Z       "-j1",
verify	Recover stopped G5 original compiler diagnostics	2026-10-07T17:05:47.4386110Z       "-M4096",
verify	Recover stopped G5 original compiler diagnostics	2026-10-07T17:05:47.4386185Z       "-R",
verify	Recover stopped G5 original compiler diagnostics	2026-10-07T17:05:47.4386332Z       "/home/runner/work/_temp/cloud-g5-build/Imported",
verify	Recover stopped G5 original compiler diagnostics	2026-10-07T17:05:47.4386413Z       "-o",
verify	Recover stopped G5 original compiler diagnostics	2026-10-07T17:05:47.4386778Z       "/home/runner/work/_temp/cloud-g5-build/.lake/build/lib/lean/SourceNetwork.olean",
verify	Recover stopped G5 original compiler diagnostics	2026-10-07T17:05:47.4386858Z       "-i",
verify	Recover stopped G5 original compiler diagnostics	2026-10-07T17:05:47.4387099Z       "/home/runner/work/_temp/cloud-g5-build/.lake/build/lib/lean/SourceNetwork.ilean",
verify	Recover stopped G5 original compiler diagnostics	2026-10-07T17:05:47.4387308Z       "/home/runner/work/_temp/cloud-g5-build/Imported/SourceNetwork.lean"
verify	Recover stopped G5 original compiler diagnostics	2026-10-07T17:05:47.4387381Z     ],
verify	Recover stopped G5 original compiler diagnostics	2026-10-07T17:05:47.4387479Z     "start_unix": 1791389577.8273194,
verify	Recover stopped G5 original compiler diagnostics	2026-10-07T17:05:47.4387571Z     "end_unix": 1791389579.84544,
verify	Recover stopped G5 original compiler diagnostics	2026-10-07T17:05:47.4387654Z     "exit": 0,
verify	Recover stopped G5 original compiler diagnostics	2026-10-07T17:05:47.4387881Z     "log_sha256": "5465ecf96db0b49e53a81535e70658b235bd5d9816b211e5a2dd735b687cc24f"
verify	Recover stopped G5 original compiler diagnostics	2026-10-07T17:05:47.4387961Z   },
verify	Recover stopped G5 original compiler diagnostics	2026-10-07T17:05:47.4388038Z   {
verify	Recover stopped G5 original compiler diagnostics	2026-10-07T17:05:47.4388141Z     "name": "G2LiveLineageRouting",
verify	Recover stopped G5 original compiler diagnostics	2026-10-07T17:05:47.4388224Z     "command": [
verify	Recover stopped G5 original compiler diagnostics	2026-10-07T17:05:47.4388301Z       "lake",
verify	Recover stopped G5 original compiler diagnostics	2026-10-07T17:05:47.4388384Z       "env",
verify	Recover stopped G5 original compiler diagnostics	2026-10-07T17:05:47.4388459Z       "lean",
verify	Recover stopped G5 original compiler diagnostics	2026-10-07T17:05:47.4388543Z       "--trust=0",
verify	Recover stopped G5 original compiler diagnostics	2026-10-07T17:05:47.4388618Z       "-j1",
verify	Recover stopped G5 original compiler diagnostics	2026-10-07T17:05:47.4388698Z       "-M4096",
verify	Recover stopped G5 original compiler diagnostics	2026-10-07T17:05:47.4388772Z       "-R",
verify	Recover stopped G5 original compiler diagnostics	2026-10-07T17:05:47.4388913Z       "/home/runner/work/_temp/cloud-g5-build/TimedG2",
verify	Recover stopped G5 original compiler diagnostics	2026-10-07T17:05:47.4388994Z       "-o",
verify	Recover stopped G5 original compiler diagnostics	2026-10-07T17:05:47.4389269Z       "/home/runner/work/_temp/cloud-g5-build/.lake/build/lib/lean/G2LiveLineageRouting.olean",
verify	Recover stopped G5 original compiler diagnostics	2026-10-07T17:05:47.4389347Z       "-i",
verify	Recover stopped G5 original compiler diagnostics	2026-10-07T17:05:47.4389612Z       "/home/runner/work/_temp/cloud-g5-build/.lake/build/lib/lean/G2LiveLineageRouting.ilean",
verify	Recover stopped G5 original compiler diagnostics	2026-10-07T17:05:47.4389837Z       "/home/runner/work/_temp/cloud-g5-build/TimedG2/G2LiveLineageRouting.lean"
verify	Recover stopped G5 original compiler diagnostics	2026-10-07T17:05:47.4389914Z     ],
verify	Recover stopped G5 original compiler diagnostics	2026-10-07T17:05:47.4390138Z     "start_unix": 1791389579.8568027,
verify	Recover stopped G5 original compiler diagnostics	2026-10-07T17:05:47.4390237Z     "end_unix": 1791389581.9247127,
verify	Recover stopped G5 original compiler diagnostics	2026-10-07T17:05:47.4390315Z     "exit": 0,
verify	Recover stopped G5 original compiler diagnostics	2026-10-07T17:05:47.4390554Z     "log_sha256": "a80577f1d7135c5660613a0e39dcabd2f3198a9c7399d7632b4ef613e6fc9ebd"
verify	Recover stopped G5 original compiler diagnostics	2026-10-07T17:05:47.4390630Z   },
verify	Recover stopped G5 original compiler diagnostics	2026-10-07T17:05:47.4390708Z   {
verify	Recover stopped G5 original compiler diagnostics	2026-10-07T17:05:47.4390809Z     "name": "SourceLabelledForest",
verify	Recover stopped G5 original compiler diagnostics	2026-10-07T17:05:47.4390894Z     "command": [
verify	Recover stopped G5 original compiler diagnostics	2026-10-07T17:05:47.4390972Z       "lake",
verify	Recover stopped G5 original compiler diagnostics	2026-10-07T17:05:47.4391052Z       "env",
verify	Recover stopped G5 original compiler diagnostics	2026-10-07T17:05:47.4391132Z       "lean",
verify	Recover stopped G5 original compiler diagnostics	2026-10-07T17:05:47.4391214Z       "--trust=0",
verify	Recover stopped G5 original compiler diagnostics	2026-10-07T17:05:47.4391296Z       "-j1",
verify	Recover stopped G5 original compiler diagnostics	2026-10-07T17:05:47.4391372Z       "-M4096",
verify	Recover stopped G5 original compiler diagnostics	2026-10-07T17:05:47.4391448Z       "-R",
verify	Recover stopped G5 original compiler diagnostics	2026-10-07T17:05:47.4391587Z       "/home/runner/work/_temp/cloud-g5-build/Imported",
verify	Recover stopped G5 original compiler diagnostics	2026-10-07T17:05:47.4391667Z       "-o",
verify	Recover stopped G5 original compiler diagnostics	2026-10-07T17:05:47.4391933Z       "/home/runner/work/_temp/cloud-g5-build/.lake/build/lib/lean/SourceLabelledForest.olean",
verify	Recover stopped G5 original compiler diagnostics	2026-10-07T17:05:47.4392017Z       "-i",
verify	Recover stopped G5 original compiler diagnostics	2026-10-07T17:05:47.4392286Z       "/home/runner/work/_temp/cloud-g5-build/.lake/build/lib/lean/SourceLabelledForest.ilean",
verify	Recover stopped G5 original compiler diagnostics	2026-10-07T17:05:47.4392513Z       "/home/runner/work/_temp/cloud-g5-build/Imported/SourceLabelledForest.lean"
verify	Recover stopped G5 original compiler diagnostics	2026-10-07T17:05:47.4392702Z     ],
verify	Recover stopped G5 original compiler diagnostics	2026-10-07T17:05:47.4392797Z     "start_unix": 1791389581.9308631,
verify	Recover stopped G5 original compiler diagnostics	2026-10-07T17:05:47.4392892Z     "end_unix": 1791389585.9026165,
verify	Recover stopped G5 original compiler diagnostics	2026-10-07T17:05:47.4392971Z     "exit": 0,
verify	Recover stopped G5 original compiler diagnostics	2026-10-07T17:05:47.4393208Z     "log_sha256": "01c9e2e6e0885ae025fdf9147e22cd3ad1b3acc8a44eb8ae3239ac861575dbc2"
verify	Recover stopped G5 original compiler diagnostics	2026-10-07T17:05:47.4393284Z   },
verify	Recover stopped G5 original compiler diagnostics	2026-10-07T17:05:47.4393354Z   {
verify	Recover stopped G5 original compiler diagnostics	2026-10-07T17:05:47.4393481Z     "name": "SourceForestKingmanProjection",
verify	Recover stopped G5 original compiler diagnostics	2026-10-07T17:05:47.4393561Z     "command": [
verify	Recover stopped G5 original compiler diagnostics	2026-10-07T17:05:47.4393640Z       "lake",
verify	Recover stopped G5 original compiler diagnostics	2026-10-07T17:05:47.4393716Z       "env",
verify	Recover stopped G5 original compiler diagnostics	2026-10-07T17:05:47.4393794Z       "lean",
verify	Recover stopped G5 original compiler diagnostics	2026-10-07T17:05:47.4393874Z       "--trust=0",
verify	Recover stopped G5 original compiler diagnostics	2026-10-07T17:05:47.4393953Z       "-j1",
verify	Recover stopped G5 original compiler diagnostics	2026-10-07T17:05:47.4394039Z       "-M4096",
verify	Recover stopped G5 original compiler diagnostics	2026-10-07T17:05:47.4394115Z       "-R",
verify	Recover stopped G5 original compiler diagnostics	2026-10-07T17:05:47.4394256Z       "/home/runner/work/_temp/cloud-g5-build/Imported",
verify	Recover stopped G5 original compiler diagnostics	2026-10-07T17:05:47.4394332Z       "-o",
verify	Recover stopped G5 original compiler diagnostics	2026-10-07T17:05:47.4394657Z       "/home/runner/work/_temp/cloud-g5-build/.lake/build/lib/lean/SourceForestKingmanProjection.olean",
verify	Recover stopped G5 original compiler diagnostics	2026-10-07T17:05:47.4394733Z       "-i",
verify	Recover stopped G5 original compiler diagnostics	2026-10-07T17:05:47.4395046Z       "/home/runner/work/_temp/cloud-g5-build/.lake/build/lib/lean/SourceForestKingmanProjection.ilean",
verify	Recover stopped G5 original compiler diagnostics	2026-10-07T17:05:47.4395314Z       "/home/runner/work/_temp/cloud-g5-build/Imported/SourceForestKingmanProjection.lean"
verify	Recover stopped G5 original compiler diagnostics	2026-10-07T17:05:47.4395387Z     ],
verify	Recover stopped G5 original compiler diagnostics	2026-10-07T17:05:47.4395483Z     "start_unix": 1791389585.905796,
verify	Recover stopped G5 original compiler diagnostics	2026-10-07T17:05:47.4395577Z     "end_unix": 1791389587.974256,
verify	Recover stopped G5 original compiler diagnostics	2026-10-07T17:05:47.4395657Z     "exit": 0,
verify	Recover stopped G5 original compiler diagnostics	2026-10-07T17:05:47.4395886Z     "log_sha256": "8dc9cfa5c8c6385fb83c21a36870410506196c9981a8fdec8e20492e8758b620"
verify	Recover stopped G5 original compiler diagnostics	2026-10-07T17:05:47.4395966Z   },
verify	Recover stopped G5 original compiler diagnostics	2026-10-07T17:05:47.4396038Z   {
verify	Recover stopped G5 original compiler diagnostics	2026-10-07T17:05:47.4396201Z     "name": "SourceForestKingmanPopulationProjection",
verify	Recover stopped G5 original compiler diagnostics	2026-10-07T17:05:47.4396285Z     "command": [
verify	Recover stopped G5 original compiler diagnostics	2026-10-07T17:05:47.4396360Z       "lake",
verify	Recover stopped G5 original compiler diagnostics	2026-10-07T17:05:47.4396437Z       "env",
verify	Recover stopped G5 original compiler diagnostics	2026-10-07T17:05:47.4396518Z       "lean",
verify	Recover stopped G5 original compiler diagnostics	2026-10-07T17:05:47.4396600Z       "--trust=0",
verify	Recover stopped G5 original compiler diagnostics	2026-10-07T17:05:47.4396793Z       "-j1",
verify	Recover stopped G5 original compiler diagnostics	2026-10-07T17:05:47.4396875Z       "-M4096",
verify	Recover stopped G5 original compiler diagnostics	2026-10-07T17:05:47.4396950Z       "-R",
verify	Recover stopped G5 original compiler diagnostics	2026-10-07T17:05:47.4397090Z       "/home/runner/work/_temp/cloud-g5-build/Imported",
verify	Recover stopped G5 original compiler diagnostics	2026-10-07T17:05:47.4397168Z       "-o",
verify	Recover stopped G5 original compiler diagnostics	2026-10-07T17:05:47.4397535Z       "/home/runner/work/_temp/cloud-g5-build/.lake/build/lib/lean/SourceForestKingmanPopulationProjection.olean",
verify	Recover stopped G5 original compiler diagnostics	2026-10-07T17:05:47.4397614Z       "-i",
verify	Recover stopped G5 original compiler diagnostics	2026-10-07T17:05:47.4397970Z       "/home/runner/work/_temp/cloud-g5-build/.lake/build/lib/lean/SourceForestKingmanPopulationProjection.ilean",
verify	Recover stopped G5 original compiler diagnostics	2026-10-07T17:05:47.4398287Z       "/home/runner/work/_temp/cloud-g5-build/Imported/SourceForestKingmanPopulationProjection.lean"
verify	Recover stopped G5 original compiler diagnostics	2026-10-07T17:05:47.4398481Z     ],
verify	Recover stopped G5 original compiler diagnostics	2026-10-07T17:05:47.4398583Z     "start_unix": 1791389587.9755433,
verify	Recover stopped G5 original compiler diagnostics	2026-10-07T17:05:47.4398679Z     "end_unix": 1791389589.9438045,
verify	Recover stopped G5 original compiler diagnostics	2026-10-07T17:05:47.4398759Z     "exit": 0,
verify	Recover stopped G5 original compiler diagnostics	2026-10-07T17:05:47.4398998Z     "log_sha256": "b1c63ba279a357fa22709ed7ac5977611c4f68d4d8d3ff24026f3e4e3400c844"
verify	Recover stopped G5 original compiler diagnostics	2026-10-07T17:05:47.4399071Z   },
verify	Recover stopped G5 original compiler diagnostics	2026-10-07T17:05:47.4399146Z   {
verify	Recover stopped G5 original compiler diagnostics	2026-10-07T17:05:47.4399321Z     "name": "UnifiedLean.Source.SourceForestSilentPruning",
verify	Recover stopped G5 original compiler diagnostics	2026-10-07T17:05:47.4399402Z     "command": [
verify	Recover stopped G5 original compiler diagnostics	2026-10-07T17:05:47.4399480Z       "lake",
verify	Recover stopped G5 original compiler diagnostics	2026-10-07T17:05:47.4399553Z       "env",
verify	Recover stopped G5 original compiler diagnostics	2026-10-07T17:05:47.4399630Z       "lean",
verify	Recover stopped G5 original compiler diagnostics	2026-10-07T17:05:47.4399708Z       "--trust=0",
verify	Recover stopped G5 original compiler diagnostics	2026-10-07T17:05:47.4399785Z       "-j1",
verify	Recover stopped G5 original compiler diagnostics	2026-10-07T17:05:47.4399861Z       "-M4096",
verify	Recover stopped G5 original compiler diagnostics	2026-10-07T17:05:47.4399939Z       "-R",
verify	Recover stopped G5 original compiler diagnostics	2026-10-07T17:05:47.4400059Z       "/home/runner/work/_temp/cloud-g5-build",
verify	Recover stopped G5 original compiler diagnostics	2026-10-07T17:05:47.4400146Z       "-o",
verify	Recover stopped G5 original compiler diagnostics	2026-10-07T17:05:47.4400524Z       "/home/runner/work/_temp/cloud-g5-build/.lake/build/lib/lean/UnifiedLean/Source/SourceForestSilentPruning.olean",
verify	Recover stopped G5 original compiler diagnostics	2026-10-07T17:05:47.4400610Z       "-i",
verify	Recover stopped G5 original compiler diagnostics	2026-10-07T17:05:47.4400981Z       "/home/runner/work/_temp/cloud-g5-build/.lake/build/lib/lean/UnifiedLean/Source/SourceForestSilentPruning.ilean",
verify	Recover stopped G5 original compiler diagnostics	2026-10-07T17:05:47.4401425Z       "/home/runner/work/_temp/cloud-g5-build/UnifiedLean/Source/SourceForestSilentPruning.lean"
verify	Recover stopped G5 original compiler diagnostics	2026-10-07T17:05:47.4401503Z     ],
verify	Recover stopped G5 original compiler diagnostics	2026-10-07T17:05:47.4401598Z     "start_unix": 1791389589.9450765,
verify	Recover stopped G5 original compiler diagnostics	2026-10-07T17:05:47.4401693Z     "end_unix": 1791389592.0133755,
verify	Recover stopped G5 original compiler diagnostics	2026-10-07T17:05:47.4401776Z     "exit": 0,
verify	Recover stopped G5 original compiler diagnostics	2026-10-07T17:05:47.4402012Z     "log_sha256": "b90ab47ee2db34615bb8cc7f64ce682c5bb857b707b922f70edb100ad2bd7088"
verify	Recover stopped G5 original compiler diagnostics	2026-10-07T17:05:47.4402088Z   },
verify	Recover stopped G5 original compiler diagnostics	2026-10-07T17:05:47.4402159Z   {
verify	Recover stopped G5 original compiler diagnostics	2026-10-07T17:05:47.4402281Z     "name": "G2FaithfulPairAgeDecoration",
verify	Recover stopped G5 original compiler diagnostics	2026-10-07T17:05:47.4402361Z     "command": [
verify	Recover stopped G5 original compiler diagnostics	2026-10-07T17:05:47.4402442Z       "lake",
verify	Recover stopped G5 original compiler diagnostics	2026-10-07T17:05:47.4402517Z       "env",
verify	Recover stopped G5 original compiler diagnostics	2026-10-07T17:05:47.4402598Z       "lean",
verify	Recover stopped G5 original compiler diagnostics	2026-10-07T17:05:47.4402685Z       "--trust=0",
verify	Recover stopped G5 original compiler diagnostics	2026-10-07T17:05:47.4402760Z       "-j1",
verify	Recover stopped G5 original compiler diagnostics	2026-10-07T17:05:47.4402842Z       "-M4096",
verify	Recover stopped G5 original compiler diagnostics	2026-10-07T17:05:47.4402915Z       "-R",
verify	Recover stopped G5 original compiler diagnostics	2026-10-07T17:05:47.4403057Z       "/home/runner/work/_temp/cloud-g5-build/TimedG2",
verify	Recover stopped G5 original compiler diagnostics	2026-10-07T17:05:47.4403138Z       "-o",
verify	Recover stopped G5 original compiler diagnostics	2026-10-07T17:05:47.4403447Z       "/home/runner/work/_temp/cloud-g5-build/.lake/build/lib/lean/G2FaithfulPairAgeDecoration.olean",
verify	Recover stopped G5 original compiler diagnostics	2026-10-07T17:05:47.4403522Z       "-i",
verify	Recover stopped G5 original compiler diagnostics	2026-10-07T17:05:47.4403823Z       "/home/runner/work/_temp/cloud-g5-build/.lake/build/lib/lean/G2FaithfulPairAgeDecoration.ilean",
verify	Recover stopped G5 original compiler diagnostics	2026-10-07T17:05:47.4404074Z       "/home/runner/work/_temp/cloud-g5-build/TimedG2/G2FaithfulPairAgeDecoration.lean"
verify	Recover stopped G5 original compiler diagnostics	2026-10-07T17:05:47.4404147Z     ],
verify	Recover stopped G5 original compiler diagnostics	2026-10-07T17:05:47.4404247Z     "start_unix": 1791389592.0148096,
verify	Recover stopped G5 original compiler diagnostics	2026-10-07T17:05:47.4404339Z     "end_unix": 1791389594.5844069,
verify	Recover stopped G5 original compiler diagnostics	2026-10-07T17:05:47.4404427Z     "exit": 0,
verify	Recover stopped G5 original compiler diagnostics	2026-10-07T17:05:47.4404654Z     "log_sha256": "58c378ffef4614d99f5c2589903c1215cb8b65f20e67508da673b17f0a1d8ec9"
verify	Recover stopped G5 original compiler diagnostics	2026-10-07T17:05:47.4404735Z   },
verify	Recover stopped G5 original compiler diagnostics	2026-10-07T17:05:47.4404808Z   {
verify	Recover stopped G5 original compiler diagnostics	2026-10-07T17:05:47.4404972Z     "name": "UnifiedLean.Source.FiniteGenealogyEncoding",
verify	Recover stopped G5 original compiler diagnostics	2026-10-07T17:05:47.4405054Z     "command": [
verify	Recover stopped G5 original compiler diagnostics	2026-10-07T17:05:47.4405133Z       "lake",
verify	Recover stopped G5 original compiler diagnostics	2026-10-07T17:05:47.4405211Z       "env",
verify	Recover stopped G5 original compiler diagnostics	2026-10-07T17:05:47.4405286Z       "lean",
verify	Recover stopped G5 original compiler diagnostics	2026-10-07T17:05:47.4405367Z       "--trust=0",
verify	Recover stopped G5 original compiler diagnostics	2026-10-07T17:05:47.4405442Z       "-j1",
verify	Recover stopped G5 original compiler diagnostics	2026-10-07T17:05:47.4405527Z       "-M4096",
verify	Recover stopped G5 original compiler diagnostics	2026-10-07T17:05:47.4405609Z       "-R",
verify	Recover stopped G5 original compiler diagnostics	2026-10-07T17:05:47.4405728Z       "/home/runner/work/_temp/cloud-g5-build",
verify	Recover stopped G5 original compiler diagnostics	2026-10-07T17:05:47.4405809Z       "-o",
verify	Recover stopped G5 original compiler diagnostics	2026-10-07T17:05:47.4406174Z       "/home/runner/work/_temp/cloud-g5-build/.lake/build/lib/lean/UnifiedLean/Source/FiniteGenealogyEncoding.olean",
verify	Recover stopped G5 original compiler diagnostics	2026-10-07T17:05:47.4406254Z       "-i",
verify	Recover stopped G5 original compiler diagnostics	2026-10-07T17:05:47.4406722Z       "/home/runner/work/_temp/cloud-g5-build/.lake/build/lib/lean/UnifiedLean/Source/FiniteGenealogyEncoding.ilean",
verify	Recover stopped G5 original compiler diagnostics	2026-10-07T17:05:47.4407004Z       "/home/runner/work/_temp/cloud-g5-build/UnifiedLean/Source/FiniteGenealogyEncoding.lean"
verify	Recover stopped G5 original compiler diagnostics	2026-10-07T17:05:47.4407207Z     ],
verify	Recover stopped G5 original compiler diagnostics	2026-10-07T17:05:47.4407303Z     "start_unix": 1791389594.58577,
verify	Recover stopped G5 original compiler diagnostics	2026-10-07T17:05:47.4407402Z     "end_unix": 1791389596.804332,
verify	Recover stopped G5 original compiler diagnostics	2026-10-07T17:05:47.4407484Z     "exit": 0,
verify	Recover stopped G5 original compiler diagnostics	2026-10-07T17:05:47.4407717Z     "log_sha256": "1ac5311ec42d979bd62460c05cf3e859102a5c03815f872a3d21d89a455304dd"
verify	Recover stopped G5 original compiler diagnostics	2026-10-07T17:05:47.4407789Z   },
verify	Recover stopped G5 original compiler diagnostics	2026-10-07T17:05:47.4407869Z   {
verify	Recover stopped G5 original compiler diagnostics	2026-10-07T17:05:47.4408019Z     "name": "UnifiedLean.Source.FiniteSourceSnapshot",
verify	Recover stopped G5 original compiler diagnostics	2026-10-07T17:05:47.4408106Z     "command": [
verify	Recover stopped G5 original compiler diagnostics	2026-10-07T17:05:47.4408189Z       "lake",
verify	Recover stopped G5 original compiler diagnostics	2026-10-07T17:05:47.4408266Z       "env",
verify	Recover stopped G5 original compiler diagnostics	2026-10-07T17:05:47.4408347Z       "lean",
verify	Recover stopped G5 original compiler diagnostics	2026-10-07T17:05:47.4408427Z       "--trust=0",
verify	Recover stopped G5 original compiler diagnostics	2026-10-07T17:05:47.4408509Z       "-j1",
verify	Recover stopped G5 original compiler diagnostics	2026-10-07T17:05:47.4408587Z       "-M4096",
verify	Recover stopped G5 original compiler diagnostics	2026-10-07T17:05:47.4408668Z       "-R",
verify	Recover stopped G5 original compiler diagnostics	2026-10-07T17:05:47.4408788Z       "/home/runner/work/_temp/cloud-g5-build",
verify	Recover stopped G5 original compiler diagnostics	2026-10-07T17:05:47.4408872Z       "-o",
verify	Recover stopped G5 original compiler diagnostics	2026-10-07T17:05:47.4409233Z       "/home/runner/work/_temp/cloud-g5-build/.lake/build/lib/lean/UnifiedLean/Source/FiniteSourceSnapshot.olean",
verify	Recover stopped G5 original compiler diagnostics	2026-10-07T17:05:47.4409311Z       "-i",
verify	Recover stopped G5 original compiler diagnostics	2026-10-07T17:05:47.4409659Z       "/home/runner/work/_temp/cloud-g5-build/.lake/build/lib/lean/UnifiedLean/Source/FiniteSourceSnapshot.ilean",
verify	Recover stopped G5 original compiler diagnostics	2026-10-07T17:05:47.4410036Z       "/home/runner/work/_temp/cloud-g5-build/UnifiedLean/Source/FiniteSourceSnapshot.lean"
verify	Recover stopped G5 original compiler diagnostics	2026-10-07T17:05:47.4410114Z     ],
verify	Recover stopped G5 original compiler diagnostics	2026-10-07T17:05:47.4410213Z     "start_unix": 1791389596.8058445,
verify	Recover stopped G5 original compiler diagnostics	2026-10-07T17:05:47.4410311Z     "end_unix": 1791389598.9750087,
verify	Recover stopped G5 original compiler diagnostics	2026-10-07T17:05:47.4410394Z     "exit": 0,
verify	Recover stopped G5 original compiler diagnostics	2026-10-07T17:05:47.4410635Z     "log_sha256": "9d8f1548817dd3bd53c5aa2ffff4610a16eebfcc95057d019e0e75280e57c673"
verify	Recover stopped G5 original compiler diagnostics	2026-10-07T17:05:47.4410713Z   },
verify	Recover stopped G5 original compiler diagnostics	2026-10-07T17:05:47.4410788Z   {
verify	Recover stopped G5 original compiler diagnostics	2026-10-07T17:05:47.4410884Z     "name": "GraphLeaves",
verify	Recover stopped G5 original compiler diagnostics	2026-10-07T17:05:47.4410964Z     "command": [
verify	Recover stopped G5 original compiler diagnostics	2026-10-07T17:05:47.4411044Z       "lake",
verify	Recover stopped G5 original compiler diagnostics	2026-10-07T17:05:47.4411120Z       "env",
verify	Recover stopped G5 original compiler diagnostics	2026-10-07T17:05:47.4411203Z       "lean",
verify	Recover stopped G5 original compiler diagnostics	2026-10-07T17:05:47.4411287Z       "--trust=0",
verify	Recover stopped G5 original compiler diagnostics	2026-10-07T17:05:47.4411363Z       "-j1",
verify	Recover stopped G5 original compiler diagnostics	2026-10-07T17:05:47.4411441Z       "-M4096",
verify	Recover stopped G5 original compiler diagnostics	2026-10-07T17:05:47.4411515Z       "-R",
verify	Recover stopped G5 original compiler diagnostics	2026-10-07T17:05:47.4411671Z       "/home/runner/work/_temp/cloud-g5-build/Imported",
verify	Recover stopped G5 original compiler diagnostics	2026-10-07T17:05:47.4411746Z       "-o",
verify	Recover stopped G5 original compiler diagnostics	2026-10-07T17:05:47.4411984Z       "/home/runner/work/_temp/cloud-g5-build/.lake/build/lib/lean/GraphLeaves.olean",
verify	Recover stopped G5 original compiler diagnostics	2026-10-07T17:05:47.4412060Z       "-i",
verify	Recover stopped G5 original compiler diagnostics	2026-10-07T17:05:47.4412295Z       "/home/runner/work/_temp/cloud-g5-build/.lake/build/lib/lean/GraphLeaves.ilean",
verify	Recover stopped G5 original compiler diagnostics	2026-10-07T17:05:47.4412491Z       "/home/runner/work/_temp/cloud-g5-build/Imported/GraphLeaves.lean"
verify	Recover stopped G5 original compiler diagnostics	2026-10-07T17:05:47.4412565Z     ],
verify	Recover stopped G5 original compiler diagnostics	2026-10-07T17:05:47.4412666Z     "start_unix": 1791389598.9765627,
verify	Recover stopped G5 original compiler diagnostics	2026-10-07T17:05:47.4412759Z     "end_unix": 1791389600.7944505,
verify	Recover stopped G5 original compiler diagnostics	2026-10-07T17:05:47.4412843Z     "exit": 0,
verify	Recover stopped G5 original compiler diagnostics	2026-10-07T17:05:47.4413069Z     "log_sha256": "602313dd4ff44af797849469a903abce2592c2759c0bfeb4925d047e255791eb"
verify	Recover stopped G5 original compiler diagnostics	2026-10-07T17:05:47.4413146Z   },
verify	Recover stopped G5 original compiler diagnostics	2026-10-07T17:05:47.4413222Z   {
verify	Recover stopped G5 original compiler diagnostics	2026-10-07T17:05:47.4413311Z     "name": "GraphCuts",
verify	Recover stopped G5 original compiler diagnostics	2026-10-07T17:05:47.4413395Z     "command": [
verify	Recover stopped G5 original compiler diagnostics	2026-10-07T17:05:47.4413476Z       "lake",
verify	Recover stopped G5 original compiler diagnostics	2026-10-07T17:05:47.4413553Z       "env",
verify	Recover stopped G5 original compiler diagnostics	2026-10-07T17:05:47.4413627Z       "lean",
verify	Recover stopped G5 original compiler diagnostics	2026-10-07T17:05:47.4413712Z       "--trust=0",
verify	Recover stopped G5 original compiler diagnostics	2026-10-07T17:05:47.4413789Z       "-j1",
verify	Recover stopped G5 original compiler diagnostics	2026-10-07T17:05:47.4413870Z       "-M4096",
verify	Recover stopped G5 original compiler diagnostics	2026-10-07T17:05:47.4413949Z       "-R",
verify	Recover stopped G5 original compiler diagnostics	2026-10-07T17:05:47.4414091Z       "/home/runner/work/_temp/cloud-g5-build/Imported",
verify	Recover stopped G5 original compiler diagnostics	2026-10-07T17:05:47.4414170Z       "-o",
verify	Recover stopped G5 original compiler diagnostics	2026-10-07T17:05:47.4414394Z       "/home/runner/work/_temp/cloud-g5-build/.lake/build/lib/lean/GraphCuts.olean",
verify	Recover stopped G5 original compiler diagnostics	2026-10-07T17:05:47.4414473Z       "-i",
verify	Recover stopped G5 original compiler diagnostics	2026-10-07T17:05:47.4414690Z       "/home/runner/work/_temp/cloud-g5-build/.lake/build/lib/lean/GraphCuts.ilean",
verify	Recover stopped G5 original compiler diagnostics	2026-10-07T17:05:47.4414879Z       "/home/runner/work/_temp/cloud-g5-build/Imported/GraphCuts.lean"
verify	Recover stopped G5 original compiler diagnostics	2026-10-07T17:05:47.4414952Z     ],
verify	Recover stopped G5 original compiler diagnostics	2026-10-07T17:05:47.4415141Z     "start_unix": 1791389600.795766,
verify	Recover stopped G5 original compiler diagnostics	2026-10-07T17:05:47.4415235Z     "end_unix": 1791389602.6134136,
verify	Recover stopped G5 original compiler diagnostics	2026-10-07T17:05:47.4415313Z     "exit": 0,
verify	Recover stopped G5 original compiler diagnostics	2026-10-07T17:05:47.4415538Z     "log_sha256": "8308918b1d25a64ccaaa7ba648f875a6542b15a64c4c3240c366708243424b3c"
verify	Recover stopped G5 original compiler diagnostics	2026-10-07T17:05:47.4415615Z   },
verify	Recover stopped G5 original compiler diagnostics	2026-10-07T17:05:47.4415690Z   {
verify	Recover stopped G5 original compiler diagnostics	2026-10-07T17:05:47.4415787Z     "name": "G5BridgeBarrier",
verify	Recover stopped G5 original compiler diagnostics	2026-10-07T17:05:47.4415871Z     "command": [
verify	Recover stopped G5 original compiler diagnostics	2026-10-07T17:05:47.4415948Z       "lake",
verify	Recover stopped G5 original compiler diagnostics	2026-10-07T17:05:47.4416027Z       "env",
verify	Recover stopped G5 original compiler diagnostics	2026-10-07T17:05:47.4416107Z       "lean",
verify	Recover stopped G5 original compiler diagnostics	2026-10-07T17:05:47.4416186Z       "--trust=0",
verify	Recover stopped G5 original compiler diagnostics	2026-10-07T17:05:47.4416266Z       "-j1",
verify	Recover stopped G5 original compiler diagnostics	2026-10-07T17:05:47.4416342Z       "-M4096",
verify	Recover stopped G5 original compiler diagnostics	2026-10-07T17:05:47.4416422Z       "-R",
verify	Recover stopped G5 original compiler diagnostics	2026-10-07T17:05:47.4416560Z       "/home/runner/work/_temp/cloud-g5-build/Imported",
verify	Recover stopped G5 original compiler diagnostics	2026-10-07T17:05:47.4416797Z       "-o",
verify	Recover stopped G5 original compiler diagnostics	2026-10-07T17:05:47.4417055Z       "/home/runner/work/_temp/cloud-g5-build/.lake/build/lib/lean/G5BridgeBarrier.olean",
verify	Recover stopped G5 original compiler diagnostics	2026-10-07T17:05:47.4417143Z       "-i",
verify	Recover stopped G5 original compiler diagnostics	2026-10-07T17:05:47.4417395Z       "/home/runner/work/_temp/cloud-g5-build/.lake/build/lib/lean/G5BridgeBarrier.ilean",
verify	Recover stopped G5 original compiler diagnostics	2026-10-07T17:05:47.4417602Z       "/home/runner/work/_temp/cloud-g5-build/Imported/G5BridgeBarrier.lean"
verify	Recover stopped G5 original compiler diagnostics	2026-10-07T17:05:47.4417803Z     ],
verify	Recover stopped G5 original compiler diagnostics	2026-10-07T17:05:47.4417901Z     "start_unix": 1791389602.6148672,
verify	Recover stopped G5 original compiler diagnostics	2026-10-07T17:05:47.4417996Z     "end_unix": 1791389604.3836184,
verify	Recover stopped G5 original compiler diagnostics	2026-10-07T17:05:47.4418073Z     "exit": 0,
verify	Recover stopped G5 original compiler diagnostics	2026-10-07T17:05:47.4418312Z     "log_sha256": "b671ebf40ba6db3a1f68e8fef3ae7a928e9285f8917b828b081fca2110d6a00e"
verify	Recover stopped G5 original compiler diagnostics	2026-10-07T17:05:47.4418388Z   },
verify	Recover stopped G5 original compiler diagnostics	2026-10-07T17:05:47.4418459Z   {
verify	Recover stopped G5 original compiler diagnostics	2026-10-07T17:05:47.4418559Z     "name": "G5CalendarRoutes",
verify	Recover stopped G5 original compiler diagnostics	2026-10-07T17:05:47.4418637Z     "command": [
verify	Recover stopped G5 original compiler diagnostics	2026-10-07T17:05:47.4418716Z       "lake",
verify	Recover stopped G5 original compiler diagnostics	2026-10-07T17:05:47.4418791Z       "env",
verify	Recover stopped G5 original compiler diagnostics	2026-10-07T17:05:47.4418870Z       "lean",
verify	Recover stopped G5 original compiler diagnostics	2026-10-07T17:05:47.4418949Z       "--trust=0",
verify	Recover stopped G5 original compiler diagnostics	2026-10-07T17:05:47.4419027Z       "-j1",
verify	Recover stopped G5 original compiler diagnostics	2026-10-07T17:05:47.4419107Z       "-M4096",
verify	Recover stopped G5 original compiler diagnostics	2026-10-07T17:05:47.4419188Z       "-R",
verify	Recover stopped G5 original compiler diagnostics	2026-10-07T17:05:47.4419331Z       "/home/runner/work/_temp/cloud-g5-build/Imported",
verify	Recover stopped G5 original compiler diagnostics	2026-10-07T17:05:47.4419406Z       "-o",
verify	Recover stopped G5 original compiler diagnostics	2026-10-07T17:05:47.4419663Z       "/home/runner/work/_temp/cloud-g5-build/.lake/build/lib/lean/G5CalendarRoutes.olean",
verify	Recover stopped G5 original compiler diagnostics	2026-10-07T17:05:47.4419745Z       "-i",
verify	Recover stopped G5 original compiler diagnostics	2026-10-07T17:05:47.4420005Z       "/home/runner/work/_temp/cloud-g5-build/.lake/build/lib/lean/G5CalendarRoutes.ilean",
verify	Recover stopped G5 original compiler diagnostics	2026-10-07T17:05:47.4420225Z       "/home/runner/work/_temp/cloud-g5-build/Imported/G5CalendarRoutes.lean"
verify	Recover stopped G5 original compiler diagnostics	2026-10-07T17:05:47.4420298Z     ],
verify	Recover stopped G5 original compiler diagnostics	2026-10-07T17:05:47.4420397Z     "start_unix": 1791389604.3849332,
verify	Recover stopped G5 original compiler diagnostics	2026-10-07T17:05:47.4420755Z     "end_unix": 1791389606.5536475,
verify	Recover stopped G5 original compiler diagnostics	2026-10-07T17:05:47.4420846Z     "exit": 0,
verify	Recover stopped G5 original compiler diagnostics	2026-10-07T17:05:47.4421085Z     "log_sha256": "deece5914567adae242b3d6d4f09f986b4b048e1fa3ca93a3b2762a5b13d79d9"
verify	Recover stopped G5 original compiler diagnostics	2026-10-07T17:05:47.4421161Z   },
verify	Recover stopped G5 original compiler diagnostics	2026-10-07T17:05:47.4421233Z   {
verify	Recover stopped G5 original compiler diagnostics	2026-10-07T17:05:47.4421339Z     "name": "G5ProtectiveBlock",
verify	Recover stopped G5 original compiler diagnostics	2026-10-07T17:05:47.4421431Z     "command": [
verify	Recover stopped G5 original compiler diagnostics	2026-10-07T17:05:47.4421508Z       "lake",
verify	Recover stopped G5 original compiler diagnostics	2026-10-07T17:05:47.4421591Z       "env",
verify	Recover stopped G5 original compiler diagnostics	2026-10-07T17:05:47.4421667Z       "lean",
verify	Recover stopped G5 original compiler diagnostics	2026-10-07T17:05:47.4421759Z       "--trust=0",
verify	Recover stopped G5 original compiler diagnostics	2026-10-07T17:05:47.4421841Z       "-j1",
verify	Recover stopped G5 original compiler diagnostics	2026-10-07T17:05:47.4421924Z       "-M4096",
verify	Recover stopped G5 original compiler diagnostics	2026-10-07T17:05:47.4422000Z       "-R",
verify	Recover stopped G5 original compiler diagnostics	2026-10-07T17:05:47.4422148Z       "/home/runner/work/_temp/cloud-g5-build/Imported",
verify	Recover stopped G5 original compiler diagnostics	2026-10-07T17:05:47.4422228Z       "-o",
verify	Recover stopped G5 original compiler diagnostics	2026-10-07T17:05:47.4422490Z       "/home/runner/work/_temp/cloud-g5-build/.lake/build/lib/lean/G5ProtectiveBlock.olean",
verify	Recover stopped G5 original compiler diagnostics	2026-10-07T17:05:47.4422569Z       "-i",
verify	Recover stopped G5 original compiler diagnostics	2026-10-07T17:05:47.4422822Z       "/home/runner/work/_temp/cloud-g5-build/.lake/build/lib/lean/G5ProtectiveBlock.ilean",
verify	Recover stopped G5 original compiler diagnostics	2026-10-07T17:05:47.4423039Z       "/home/runner/work/_temp/cloud-g5-build/Imported/G5ProtectiveBlock.lean"
verify	Recover stopped G5 original compiler diagnostics	2026-10-07T17:05:47.4423112Z     ],
verify	Recover stopped G5 original compiler diagnostics	2026-10-07T17:05:47.4423212Z     "start_unix": 1791389606.5551064,
verify	Recover stopped G5 original compiler diagnostics	2026-10-07T17:05:47.4423308Z     "end_unix": 1791389608.4229753,
verify	Recover stopped G5 original compiler diagnostics	2026-10-07T17:05:47.4423510Z     "exit": 0,
verify	Recover stopped G5 original compiler diagnostics	2026-10-07T17:05:47.4423753Z     "log_sha256": "1f89009dfa989b98d34ca85cff94dcefdf01ce9f9621688bb55e0c5ff508c4ed"
verify	Recover stopped G5 original compiler diagnostics	2026-10-07T17:05:47.4423825Z   },
verify	Recover stopped G5 original compiler diagnostics	2026-10-07T17:05:47.4423904Z   {
verify	Recover stopped G5 original compiler diagnostics	2026-10-07T17:05:47.4424016Z     "name": "G5MinimalGraphInterface",
verify	Recover stopped G5 original compiler diagnostics	2026-10-07T17:05:47.4424101Z     "command": [
verify	Recover stopped G5 original compiler diagnostics	2026-10-07T17:05:47.4424177Z       "lake",
verify	Recover stopped G5 original compiler diagnostics	2026-10-07T17:05:47.4424257Z       "env",
verify	Recover stopped G5 original compiler diagnostics	2026-10-07T17:05:47.4424337Z       "lean",
verify	Recover stopped G5 original compiler diagnostics	2026-10-07T17:05:47.4424414Z       "--trust=0",
verify	Recover stopped G5 original compiler diagnostics	2026-10-07T17:05:47.4424493Z       "-j1",
verify	Recover stopped G5 original compiler diagnostics	2026-10-07T17:05:47.4424571Z       "-M4096",
verify	Recover stopped G5 original compiler diagnostics	2026-10-07T17:05:47.4424649Z       "-R",
verify	Recover stopped G5 original compiler diagnostics	2026-10-07T17:05:47.4424786Z       "/home/runner/work/_temp/cloud-g5-build/Imported",
verify	Recover stopped G5 original compiler diagnostics	2026-10-07T17:05:47.4424866Z       "-o",
verify	Recover stopped G5 original compiler diagnostics	2026-10-07T17:05:47.4425157Z       "/home/runner/work/_temp/cloud-g5-build/.lake/build/lib/lean/G5MinimalGraphInterface.olean",
verify	Recover stopped G5 original compiler diagnostics	2026-10-07T17:05:47.4425236Z       "-i",
verify	Recover stopped G5 original compiler diagnostics	2026-10-07T17:05:47.4425519Z       "/home/runner/work/_temp/cloud-g5-build/.lake/build/lib/lean/G5MinimalGraphInterface.ilean",
verify	Recover stopped G5 original compiler diagnostics	2026-10-07T17:05:47.4425756Z       "/home/runner/work/_temp/cloud-g5-build/Imported/G5MinimalGraphInterface.lean"
verify	Recover stopped G5 original compiler diagnostics	2026-10-07T17:05:47.4425834Z     ],
verify	Recover stopped G5 original compiler diagnostics	2026-10-07T17:05:47.4426012Z     "start_unix": 1791389608.424372,
verify	Recover stopped G5 original compiler diagnostics	2026-10-07T17:05:47.4426107Z     "end_unix": 1791389610.1419106,
verify	Recover stopped G5 original compiler diagnostics	2026-10-07T17:05:47.4426187Z     "exit": 0,
verify	Recover stopped G5 original compiler diagnostics	2026-10-07T17:05:47.4426423Z     "log_sha256": "02b60e6ba4f33864b0915dc0f64099f4cd3f4ae63ed5e96ed6fa107ae92aa2fa"
verify	Recover stopped G5 original compiler diagnostics	2026-10-07T17:05:47.4426499Z   },
verify	Recover stopped G5 original compiler diagnostics	2026-10-07T17:05:47.4426570Z   {
verify	Recover stopped G5 original compiler diagnostics	2026-10-07T17:05:47.4427234Z     "name": "G6BridgeCannotEnterHybrid",
verify	Recover stopped G5 original compiler diagnostics	2026-10-07T17:05:47.4427371Z     "command": [
verify	Recover stopped G5 original compiler diagnostics	2026-10-07T17:05:47.4427453Z       "lake",
verify	Recover stopped G5 original compiler diagnostics	2026-10-07T17:05:47.4427529Z       "env",
verify	Recover stopped G5 original compiler diagnostics	2026-10-07T17:05:47.4427609Z       "lean",
verify	Recover stopped G5 original compiler diagnostics	2026-10-07T17:05:47.4427691Z       "--trust=0",
verify	Recover stopped G5 original compiler diagnostics	2026-10-07T17:05:47.4427774Z       "-j1",
verify	Recover stopped G5 original compiler diagnostics	2026-10-07T17:05:47.4427857Z       "-M4096",
verify	Recover stopped G5 original compiler diagnostics	2026-10-07T17:05:47.4427932Z       "-R",
verify	Recover stopped G5 original compiler diagnostics	2026-10-07T17:05:47.4428095Z       "/home/runner/work/_temp/cloud-g5-build/Imported",
verify	Recover stopped G5 original compiler diagnostics	2026-10-07T17:05:47.4428180Z       "-o",
verify	Recover stopped G5 original compiler diagnostics	2026-10-07T17:05:47.4428502Z       "/home/runner/work/_temp/cloud-g5-build/.lake/build/lib/lean/G6BridgeCannotEnterHybrid.olean",
verify	Recover stopped G5 original compiler diagnostics	2026-10-07T17:05:47.4428582Z       "-i",
verify	Recover stopped G5 original compiler diagnostics	2026-10-07T17:05:47.4428876Z       "/home/runner/work/_temp/cloud-g5-build/.lake/build/lib/lean/G6BridgeCannotEnterHybrid.ilean",
verify	Recover stopped G5 original compiler diagnostics	2026-10-07T17:05:47.4429122Z       "/home/runner/work/_temp/cloud-g5-build/Imported/G6BridgeCannotEnterHybrid.lean"
verify	Recover stopped G5 original compiler diagnostics	2026-10-07T17:05:47.4429201Z     ],
verify	Recover stopped G5 original compiler diagnostics	2026-10-07T17:05:47.4429303Z     "start_unix": 1791389610.1432774,
verify	Recover stopped G5 original compiler diagnostics	2026-10-07T17:05:47.4429397Z     "end_unix": 1791389612.011446,
verify	Recover stopped G5 original compiler diagnostics	2026-10-07T17:05:47.4429484Z     "exit": 0,
verify	Recover stopped G5 original compiler diagnostics	2026-10-07T17:05:47.4429723Z     "log_sha256": "5ca22a54c496ca1b5b5b5d32dc422fe524e5a9f32a6a15512e8bf0d96bdcd054"
verify	Recover stopped G5 original compiler diagnostics	2026-10-07T17:05:47.4429799Z   },
verify	Recover stopped G5 original compiler diagnostics	2026-10-07T17:05:47.4429870Z   {
verify	Recover stopped G5 original compiler diagnostics	2026-10-07T17:05:47.4429985Z     "name": "G5BridgeComponentEntries",
verify	Recover stopped G5 original compiler diagnostics	2026-10-07T17:05:47.4430071Z     "command": [
verify	Recover stopped G5 original compiler diagnostics	2026-10-07T17:05:47.4430152Z       "lake",
verify	Recover stopped G5 original compiler diagnostics	2026-10-07T17:05:47.4430232Z       "env",
verify	Recover stopped G5 original compiler diagnostics	2026-10-07T17:05:47.4430308Z       "lean",
verify	Recover stopped G5 original compiler diagnostics	2026-10-07T17:05:47.4430397Z       "--trust=0",
verify	Recover stopped G5 original compiler diagnostics	2026-10-07T17:05:47.4430474Z       "-j1",
verify	Recover stopped G5 original compiler diagnostics	2026-10-07T17:05:47.4430567Z       "-M4096",
verify	Recover stopped G5 original compiler diagnostics	2026-10-07T17:05:47.4430642Z       "-R",
verify	Recover stopped G5 original compiler diagnostics	2026-10-07T17:05:47.4430801Z       "/home/runner/work/_temp/cloud-g5-build/Imported",
verify	Recover stopped G5 original compiler diagnostics	2026-10-07T17:05:47.4430880Z       "-o",
verify	Recover stopped G5 original compiler diagnostics	2026-10-07T17:05:47.4431169Z       "/home/runner/work/_temp/cloud-g5-build/.lake/build/lib/lean/G5BridgeComponentEntries.olean",
verify	Recover stopped G5 original compiler diagnostics	2026-10-07T17:05:47.4431248Z       "-i",
verify	Recover stopped G5 original compiler diagnostics	2026-10-07T17:05:47.4431526Z       "/home/runner/work/_temp/cloud-g5-build/.lake/build/lib/lean/G5BridgeComponentEntries.ilean",
verify	Recover stopped G5 original compiler diagnostics	2026-10-07T17:05:47.4431768Z       "/home/runner/work/_temp/cloud-g5-build/Imported/G5BridgeComponentEntries.lean"
verify	Recover stopped G5 original compiler diagnostics	2026-10-07T17:05:47.4431842Z     ],
verify	Recover stopped G5 original compiler diagnostics	2026-10-07T17:05:47.4431941Z     "start_unix": 1791389612.0127401,
verify	Recover stopped G5 original compiler diagnostics	2026-10-07T17:05:47.4432038Z     "end_unix": 1791389613.8805351,
verify	Recover stopped G5 original compiler diagnostics	2026-10-07T17:05:47.4432115Z     "exit": 0,
verify	Recover stopped G5 original compiler diagnostics	2026-10-07T17:05:47.4432534Z     "log_sha256": "6d923e42c6ddfa40997788a894f162bea001ccaa7af7033d8d1c1edfd6cef2b0"
verify	Recover stopped G5 original compiler diagnostics	2026-10-07T17:05:47.4432605Z   },
verify	Recover stopped G5 original compiler diagnostics	2026-10-07T17:05:47.4432678Z   {
verify	Recover stopped G5 original compiler diagnostics	2026-10-07T17:05:47.4432782Z     "name": "G5NonbridgeRouteBound",
verify	Recover stopped G5 original compiler diagnostics	2026-10-07T17:05:47.4432869Z     "command": [
verify	Recover stopped G5 original compiler diagnostics	2026-10-07T17:05:47.4432945Z       "lake",
verify	Recover stopped G5 original compiler diagnostics	2026-10-07T17:05:47.4433026Z       "env",
verify	Recover stopped G5 original compiler diagnostics	2026-10-07T17:05:47.4433106Z       "lean",
verify	Recover stopped G5 original compiler diagnostics	2026-10-07T17:05:47.4433189Z       "--trust=0",
verify	Recover stopped G5 original compiler diagnostics	2026-10-07T17:05:47.4433268Z       "-j1",
verify	Recover stopped G5 original compiler diagnostics	2026-10-07T17:05:47.4433347Z       "-M4096",
verify	Recover stopped G5 original compiler diagnostics	2026-10-07T17:05:47.4433423Z       "-R",
verify	Recover stopped G5 original compiler diagnostics	2026-10-07T17:05:47.4433561Z       "/home/runner/work/_temp/cloud-g5-build/Imported",
verify	Recover stopped G5 original compiler diagnostics	2026-10-07T17:05:47.4433638Z       "-o",
verify	Recover stopped G5 original compiler diagnostics	2026-10-07T17:05:47.4433913Z       "/home/runner/work/_temp/cloud-g5-build/.lake/build/lib/lean/G5NonbridgeRouteBound.olean",
verify	Recover stopped G5 original compiler diagnostics	2026-10-07T17:05:47.4433991Z       "-i",
verify	Recover stopped G5 original compiler diagnostics	2026-10-07T17:05:47.4434265Z       "/home/runner/work/_temp/cloud-g5-build/.lake/build/lib/lean/G5NonbridgeRouteBound.ilean",
verify	Recover stopped G5 original compiler diagnostics	2026-10-07T17:05:47.4434502Z       "/home/runner/work/_temp/cloud-g5-build/Imported/G5NonbridgeRouteBound.lean"
verify	Recover stopped G5 original compiler diagnostics	2026-10-07T17:05:47.4434582Z     ],
verify	Recover stopped G5 original compiler diagnostics	2026-10-07T17:05:47.4434679Z     "start_unix": 1791389613.8818939,
verify	Recover stopped G5 original compiler diagnostics	2026-10-07T17:05:47.4434902Z     "end_unix": 1791389615.9559958,
verify	Recover stopped G5 original compiler diagnostics	2026-10-07T17:05:47.4434980Z     "exit": 0,
verify	Recover stopped G5 original compiler diagnostics	2026-10-07T17:05:47.4435220Z     "log_sha256": "8e3c42ef93082abdd73408f9a985f34e0e80ce7c27b744e3f86f0914fad9a124"
verify	Recover stopped G5 original compiler diagnostics	2026-10-07T17:05:47.4435299Z   },
verify	Recover stopped G5 original compiler diagnostics	2026-10-07T17:05:47.4435369Z   {
verify	Recover stopped G5 original compiler diagnostics	2026-10-07T17:05:47.4435491Z     "name": "G5ComponentCalendarCoverage",
verify	Recover stopped G5 original compiler diagnostics	2026-10-07T17:05:47.4435570Z     "command": [
verify	Recover stopped G5 original compiler diagnostics	2026-10-07T17:05:47.4435650Z       "lake",
verify	Recover stopped G5 original compiler diagnostics	2026-10-07T17:05:47.4435726Z       "env",
verify	Recover stopped G5 original compiler diagnostics	2026-10-07T17:05:47.4435807Z       "lean",
verify	Recover stopped G5 original compiler diagnostics	2026-10-07T17:05:47.4435885Z       "--trust=0",
verify	Recover stopped G5 original compiler diagnostics	2026-10-07T17:05:47.4435963Z       "-j1",
verify	Recover stopped G5 original compiler diagnostics	2026-10-07T17:05:47.4436042Z       "-M4096",
verify	Recover stopped G5 original compiler diagnostics	2026-10-07T17:05:47.4436122Z       "-R",
verify	Recover stopped G5 original compiler diagnostics	2026-10-07T17:05:47.4436265Z       "/home/runner/work/_temp/cloud-g5-build/Imported",
verify	Recover stopped G5 original compiler diagnostics	2026-10-07T17:05:47.4436346Z       "-o",
verify	Recover stopped G5 original compiler diagnostics	2026-10-07T17:05:47.4436833Z       "/home/runner/work/_temp/cloud-g5-build/.lake/build/lib/lean/G5ComponentCalendarCoverage.olean",
verify	Recover stopped G5 original compiler diagnostics	2026-10-07T17:05:47.4436917Z       "-i",
verify	Recover stopped G5 original compiler diagnostics	2026-10-07T17:05:47.4437222Z       "/home/runner/work/_temp/cloud-g5-build/.lake/build/lib/lean/G5ComponentCalendarCoverage.ilean",
verify	Recover stopped G5 original compiler diagnostics	2026-10-07T17:05:47.4437471Z       "/home/runner/work/_temp/cloud-g5-build/Imported/G5ComponentCalendarCoverage.lean"
verify	Recover stopped G5 original compiler diagnostics	2026-10-07T17:05:47.4437548Z     ],
verify	Recover stopped G5 original compiler diagnostics	2026-10-07T17:05:47.4437647Z     "start_unix": 1791389615.957536,
verify	Recover stopped G5 original compiler diagnostics	2026-10-07T17:05:47.4437737Z     "end_unix": 1791389618.727444,
verify	Recover stopped G5 original compiler diagnostics	2026-10-07T17:05:47.4437817Z     "exit": 0,
verify	Recover stopped G5 original compiler diagnostics	2026-10-07T17:05:47.4438044Z     "log_sha256": "714308a14bb6b87b48aeb0d21ce60a61e7c97b2d635874091f3d69038ab6c94e"
verify	Recover stopped G5 original compiler diagnostics	2026-10-07T17:05:47.4438117Z   },
verify	Recover stopped G5 original compiler diagnostics	2026-10-07T17:05:47.4438188Z   {
verify	Recover stopped G5 original compiler diagnostics	2026-10-07T17:05:47.4438302Z     "name": "G5ActualComponentSupport",
verify	Recover stopped G5 original compiler diagnostics	2026-10-07T17:05:47.4438383Z     "command": [
verify	Recover stopped G5 original compiler diagnostics	2026-10-07T17:05:47.4438458Z       "lake",
verify	Recover stopped G5 original compiler diagnostics	2026-10-07T17:05:47.4438543Z       "env",
verify	Recover stopped G5 original compiler diagnostics	2026-10-07T17:05:47.4438619Z       "lean",
verify	Recover stopped G5 original compiler diagnostics	2026-10-07T17:05:47.4438702Z       "--trust=0",
verify	Recover stopped G5 original compiler diagnostics	2026-10-07T17:05:47.4438779Z       "-j1",
verify	Recover stopped G5 original compiler diagnostics	2026-10-07T17:05:47.4438865Z       "-M4096",
verify	Recover stopped G5 original compiler diagnostics	2026-10-07T17:05:47.4438948Z       "-R",
verify	Recover stopped G5 original compiler diagnostics	2026-10-07T17:05:47.4439097Z       "/home/runner/work/_temp/cloud-g5-build/Imported",
verify	Recover stopped G5 original compiler diagnostics	2026-10-07T17:05:47.4439173Z       "-o",
verify	Recover stopped G5 original compiler diagnostics	2026-10-07T17:05:47.4439472Z       "/home/runner/work/_temp/cloud-g5-build/.lake/build/lib/lean/G5ActualComponentSupport.olean",
verify	Recover stopped G5 original compiler diagnostics	2026-10-07T17:05:47.4439554Z       "-i",
verify	Recover stopped G5 original compiler diagnostics	2026-10-07T17:05:47.4439839Z       "/home/runner/work/_temp/cloud-g5-build/.lake/build/lib/lean/G5ActualComponentSupport.ilean",
verify	Recover stopped G5 original compiler diagnostics	2026-10-07T17:05:47.4440082Z       "/home/runner/work/_temp/cloud-g5-build/Imported/G5ActualComponentSupport.lean"
verify	Recover stopped G5 original compiler diagnostics	2026-10-07T17:05:47.4440156Z     ],
verify	Recover stopped G5 original compiler diagnostics	2026-10-07T17:05:47.4440259Z     "start_unix": 1791389618.7287917,
verify	Recover stopped G5 original compiler diagnostics	2026-10-07T17:05:47.4440354Z     "end_unix": 1791389621.5489433,
verify	Recover stopped G5 original compiler diagnostics	2026-10-07T17:05:47.4440436Z     "exit": 0,
verify	Recover stopped G5 original compiler diagnostics	2026-10-07T17:05:47.4440674Z     "log_sha256": "b60a03151ec1471137de0d6ca21abe22bf48250e424851409b2aa1c8ee2c018f"
verify	Recover stopped G5 original compiler diagnostics	2026-10-07T17:05:47.4440874Z   },
verify	Recover stopped G5 original compiler diagnostics	2026-10-07T17:05:47.4440952Z   {
verify	Recover stopped G5 original compiler diagnostics	2026-10-07T17:05:47.4441069Z     "name": "G5RootRouteCurrentSupport",
verify	Recover stopped G5 original compiler diagnostics	2026-10-07T17:05:47.4441157Z     "command": [
verify	Recover stopped G5 original compiler diagnostics	2026-10-07T17:05:47.4441232Z       "lake",
verify	Recover stopped G5 original compiler diagnostics	2026-10-07T17:05:47.4441310Z       "env",
verify	Recover stopped G5 original compiler diagnostics	2026-10-07T17:05:47.4441384Z       "lean",
verify	Recover stopped G5 original compiler diagnostics	2026-10-07T17:05:47.4441467Z       "--trust=0",
verify	Recover stopped G5 original compiler diagnostics	2026-10-07T17:05:47.4441545Z       "-j1",
verify	Recover stopped G5 original compiler diagnostics	2026-10-07T17:05:47.4441620Z       "-M4096",
verify	Recover stopped G5 original compiler diagnostics	2026-10-07T17:05:47.4441698Z       "-R",
verify	Recover stopped G5 original compiler diagnostics	2026-10-07T17:05:47.4441840Z       "/home/runner/work/_temp/cloud-g5-build/Imported",
verify	Recover stopped G5 original compiler diagnostics	2026-10-07T17:05:47.4441919Z       "-o",
verify	Recover stopped G5 original compiler diagnostics	2026-10-07T17:05:47.4442216Z       "/home/runner/work/_temp/cloud-g5-build/.lake/build/lib/lean/G5RootRouteCurrentSupport.olean",
verify	Recover stopped G5 original compiler diagnostics	2026-10-07T17:05:47.4442298Z       "-i",
verify	Recover stopped G5 original compiler diagnostics	2026-10-07T17:05:47.4442592Z       "/home/runner/work/_temp/cloud-g5-build/.lake/build/lib/lean/G5RootRouteCurrentSupport.ilean",
verify	Recover stopped G5 original compiler diagnostics	2026-10-07T17:05:47.4442842Z       "/home/runner/work/_temp/cloud-g5-build/Imported/G5RootRouteCurrentSupport.lean"
verify	Recover stopped G5 original compiler diagnostics	2026-10-07T17:05:47.4442921Z     ],
verify	Recover stopped G5 original compiler diagnostics	2026-10-07T17:05:47.4443019Z     "start_unix": 1791389621.5504515,
verify	Recover stopped G5 original compiler diagnostics	2026-10-07T17:05:47.4443232Z     "end_unix": 1791389624.370531,
verify	Recover stopped G5 original compiler diagnostics	2026-10-07T17:05:47.4443312Z     "exit": 0,
verify	Recover stopped G5 original compiler diagnostics	2026-10-07T17:05:47.4443545Z     "log_sha256": "698bcba86142f062fef076cf9260893b7c237594433d886959325fa7c54d6676"
verify	Recover stopped G5 original compiler diagnostics	2026-10-07T17:05:47.4443621Z   },
verify	Recover stopped G5 original compiler diagnostics	2026-10-07T17:05:47.4443693Z   {
verify	Recover stopped G5 original compiler diagnostics	2026-10-07T17:05:47.4443810Z     "name": "G5CurrentPortTwoPositions",
verify	Recover stopped G5 original compiler diagnostics	2026-10-07T17:05:47.4443889Z     "command": [
verify	Recover stopped G5 original compiler diagnostics	2026-10-07T17:05:47.4443968Z       "lake",
verify	Recover stopped G5 original compiler diagnostics	2026-10-07T17:05:47.4444041Z       "env",
verify	Recover stopped G5 original compiler diagnostics	2026-10-07T17:05:47.4444118Z       "lean",
verify	Recover stopped G5 original compiler diagnostics	2026-10-07T17:05:47.4444199Z       "--trust=0",
verify	Recover stopped G5 original compiler diagnostics	2026-10-07T17:05:47.4444279Z       "-j1",
verify	Recover stopped G5 original compiler diagnostics	2026-10-07T17:05:47.4444356Z       "-M4096",
verify	Recover stopped G5 original compiler diagnostics	2026-10-07T17:05:47.4444438Z       "-R",
verify	Recover stopped G5 original compiler diagnostics	2026-10-07T17:05:47.4444580Z       "/home/runner/work/_temp/cloud-g5-build/Imported",
verify	Recover stopped G5 original compiler diagnostics	2026-10-07T17:05:47.4444655Z       "-o",
verify	Recover stopped G5 original compiler diagnostics	2026-10-07T17:05:47.4444955Z       "/home/runner/work/_temp/cloud-g5-build/.lake/build/lib/lean/G5CurrentPortTwoPositions.olean",
verify	Recover stopped G5 original compiler diagnostics	2026-10-07T17:05:47.4445033Z       "-i",
verify	Recover stopped G5 original compiler diagnostics	2026-10-07T17:05:47.4445323Z       "/home/runner/work/_temp/cloud-g5-build/.lake/build/lib/lean/G5CurrentPortTwoPositions.ilean",
verify	Recover stopped G5 original compiler diagnostics	2026-10-07T17:05:47.4445569Z       "/home/runner/work/_temp/cloud-g5-build/Imported/G5CurrentPortTwoPositions.lean"
verify	Recover stopped G5 original compiler diagnostics	2026-10-07T17:05:47.4445647Z     ],
verify	Recover stopped G5 original compiler diagnostics	2026-10-07T17:05:47.4445745Z     "start_unix": 1791389624.3720305,
verify	Recover stopped G5 original compiler diagnostics	2026-10-07T17:05:47.4445840Z     "end_unix": 1791389627.1420074,
verify	Recover stopped G5 original compiler diagnostics	2026-10-07T17:05:47.4445923Z     "exit": 0,
verify	Recover stopped G5 original compiler diagnostics	2026-10-07T17:05:47.4446147Z     "log_sha256": "92a225f805943c35b10f34e345329759f40db5919b01f962d13c1c02fc0c2c61"
verify	Recover stopped G5 original compiler diagnostics	2026-10-07T17:05:47.4446219Z   },
verify	Recover stopped G5 original compiler diagnostics	2026-10-07T17:05:47.4446288Z   {
verify	Recover stopped G5 original compiler diagnostics	2026-10-07T17:05:47.4446412Z     "name": "G5OriginalTipCurrentSupport",
verify	Recover stopped G5 original compiler diagnostics	2026-10-07T17:05:47.4446490Z     "command": [
verify	Recover stopped G5 original compiler diagnostics	2026-10-07T17:05:47.4446569Z       "lake",
verify	Recover stopped G5 original compiler diagnostics	2026-10-07T17:05:47.4446771Z       "env",
verify	Recover stopped G5 original compiler diagnostics	2026-10-07T17:05:47.4446855Z       "lean",
verify	Recover stopped G5 original compiler diagnostics	2026-10-07T17:05:47.4446940Z       "--trust=0",
verify	Recover stopped G5 original compiler diagnostics	2026-10-07T17:05:47.4447017Z       "-j1",
verify	Recover stopped G5 original compiler diagnostics	2026-10-07T17:05:47.4447099Z       "-M4096",
verify	Recover stopped G5 original compiler diagnostics	2026-10-07T17:05:47.4447174Z       "-R",
verify	Recover stopped G5 original compiler diagnostics	2026-10-07T17:05:47.4447321Z       "/home/runner/work/_temp/cloud-g5-build/Imported",
verify	Recover stopped G5 original compiler diagnostics	2026-10-07T17:05:47.4447397Z       "-o",
verify	Recover stopped G5 original compiler diagnostics	2026-10-07T17:05:47.4447704Z       "/home/runner/work/_temp/cloud-g5-build/.lake/build/lib/lean/G5OriginalTipCurrentSupport.olean",
verify	Recover stopped G5 original compiler diagnostics	2026-10-07T17:05:47.4447783Z       "-i",
verify	Recover stopped G5 original compiler diagnostics	2026-10-07T17:05:47.4448078Z       "/home/runner/work/_temp/cloud-g5-build/.lake/build/lib/lean/G5OriginalTipCurrentSupport.ilean",
verify	Recover stopped G5 original compiler diagnostics	2026-10-07T17:05:47.4448334Z       "/home/runner/work/_temp/cloud-g5-build/Imported/G5OriginalTipCurrentSupport.lean"
verify	Recover stopped G5 original compiler diagnostics	2026-10-07T17:05:47.4448408Z     ],
verify	Recover stopped G5 original compiler diagnostics	2026-10-07T17:05:47.4448507Z     "start_unix": 1791389627.1435196,
verify	Recover stopped G5 original compiler diagnostics	2026-10-07T17:05:47.4448597Z     "end_unix": 1791389629.9132588,
verify	Recover stopped G5 original compiler diagnostics	2026-10-07T17:05:47.4448677Z     "exit": 0,
verify	Recover stopped G5 original compiler diagnostics	2026-10-07T17:05:47.4448921Z     "log_sha256": "bf016b1de34fa1fcd3a79f6c846f1ce7a8c17ce7099b04edfb94b96b563c7d5f"
verify	Recover stopped G5 original compiler diagnostics	2026-10-07T17:05:47.4449119Z   },
verify	Recover stopped G5 original compiler diagnostics	2026-10-07T17:05:47.4449194Z   {
verify	Recover stopped G5 original compiler diagnostics	2026-10-07T17:05:47.4449298Z     "name": "G5ParentChoiceCalendar",
verify	Recover stopped G5 original compiler diagnostics	2026-10-07T17:05:47.4449385Z     "command": [
verify	Recover stopped G5 original compiler diagnostics	2026-10-07T17:05:47.4449458Z       "lake",
verify	Recover stopped G5 original compiler diagnostics	2026-10-07T17:05:47.4449535Z       "env",
verify	Recover stopped G5 original compiler diagnostics	2026-10-07T17:05:47.4449609Z       "lean",
verify	Recover stopped G5 original compiler diagnostics	2026-10-07T17:05:47.4449690Z       "--trust=0",
verify	Recover stopped G5 original compiler diagnostics	2026-10-07T17:05:47.4449772Z       "-j1",
verify	Recover stopped G5 original compiler diagnostics	2026-10-07T17:05:47.4449847Z       "-M4096",
verify	Recover stopped G5 original compiler diagnostics	2026-10-07T17:05:47.4449923Z       "-R",
verify	Recover stopped G5 original compiler diagnostics	2026-10-07T17:05:47.4450058Z       "/home/runner/work/_temp/cloud-g5-build/Imported",
verify	Recover stopped G5 original compiler diagnostics	2026-10-07T17:05:47.4450135Z       "-o",
verify	Recover stopped G5 original compiler diagnostics	2026-10-07T17:05:47.4450420Z       "/home/runner/work/_temp/cloud-g5-build/.lake/build/lib/lean/G5ParentChoiceCalendar.olean",
verify	Recover stopped G5 original compiler diagnostics	2026-10-07T17:05:47.4450499Z       "-i",
verify	Recover stopped G5 original compiler diagnostics	2026-10-07T17:05:47.4450775Z       "/home/runner/work/_temp/cloud-g5-build/.lake/build/lib/lean/G5ParentChoiceCalendar.ilean",
verify	Recover stopped G5 original compiler diagnostics	2026-10-07T17:05:47.4451006Z       "/home/runner/work/_temp/cloud-g5-build/Imported/G5ParentChoiceCalendar.lean"
verify	Recover stopped G5 original compiler diagnostics	2026-10-07T17:05:47.4451086Z     ],
verify	Recover stopped G5 original compiler diagnostics	2026-10-07T17:05:47.4451179Z     "start_unix": 1791389629.914668,
verify	Recover stopped G5 original compiler diagnostics	2026-10-07T17:05:47.4451271Z     "end_unix": 1791389632.8349972,
verify	Recover stopped G5 original compiler diagnostics	2026-10-07T17:05:47.4451464Z     "exit": 0,
verify	Recover stopped G5 original compiler diagnostics	2026-10-07T17:05:47.4451693Z     "log_sha256": "8eb07c527af1306f84578a8a51aa5ba933b16ab465a187c3619b880a145cce8d"
verify	Recover stopped G5 original compiler diagnostics	2026-10-07T17:05:47.4451763Z   },
verify	Recover stopped G5 original compiler diagnostics	2026-10-07T17:05:47.4451835Z   {
verify	Recover stopped G5 original compiler diagnostics	2026-10-07T17:05:47.4451944Z     "name": "G5CoupledQuartetKernel",
verify	Recover stopped G5 original compiler diagnostics	2026-10-07T17:05:47.4452024Z     "command": [
verify	Recover stopped G5 original compiler diagnostics	2026-10-07T17:05:47.4452103Z       "lake",
verify	Recover stopped G5 original compiler diagnostics	2026-10-07T17:05:47.4452177Z       "env",
verify	Recover stopped G5 original compiler diagnostics	2026-10-07T17:05:47.4452253Z       "lean",
verify	Recover stopped G5 original compiler diagnostics	2026-10-07T17:05:47.4452333Z       "--trust=0",
verify	Recover stopped G5 original compiler diagnostics	2026-10-07T17:05:47.4452411Z       "-j1",
verify	Recover stopped G5 original compiler diagnostics	2026-10-07T17:05:47.4452489Z       "-M4096",
verify	Recover stopped G5 original compiler diagnostics	2026-10-07T17:05:47.4452570Z       "-R",
verify	Recover stopped G5 original compiler diagnostics	2026-10-07T17:05:47.4452714Z       "/home/runner/work/_temp/cloud-g5-build/Imported",
verify	Recover stopped G5 original compiler diagnostics	2026-10-07T17:05:47.4452792Z       "-o",
verify	Recover stopped G5 original compiler diagnostics	2026-10-07T17:05:47.4453073Z       "/home/runner/work/_temp/cloud-g5-build/.lake/build/lib/lean/G5CoupledQuartetKernel.olean",
verify	Recover stopped G5 original compiler diagnostics	2026-10-07T17:05:47.4453154Z       "-i",
verify	Recover stopped G5 original compiler diagnostics	2026-10-07T17:05:47.4453428Z       "/home/runner/work/_temp/cloud-g5-build/.lake/build/lib/lean/G5CoupledQuartetKernel.ilean",
verify	Recover stopped G5 original compiler diagnostics	2026-10-07T17:05:47.4453662Z       "/home/runner/work/_temp/cloud-g5-build/Imported/G5CoupledQuartetKernel.lean"
verify	Recover stopped G5 original compiler diagnostics	2026-10-07T17:05:47.4453739Z     ],
verify	Recover stopped G5 original compiler diagnostics	2026-10-07T17:05:47.4453838Z     "start_unix": 1791389632.8364394,
verify	Recover stopped G5 original compiler diagnostics	2026-10-07T17:05:47.4453927Z     "end_unix": 1791389636.2646081,
verify	Recover stopped G5 original compiler diagnostics	2026-10-07T17:05:47.4454007Z     "exit": 0,
verify	Recover stopped G5 original compiler diagnostics	2026-10-07T17:05:47.4454246Z     "log_sha256": "6c4aa68da89a6f8df1b9c13fe66731bcdb1f439d8fe1f5da731d4b5febeeb045"
verify	Recover stopped G5 original compiler diagnostics	2026-10-07T17:05:47.4454321Z   },
verify	Recover stopped G5 original compiler diagnostics	2026-10-07T17:05:47.4454394Z   {
verify	Recover stopped G5 original compiler diagnostics	2026-10-07T17:05:47.4454502Z     "name": "G5FairSelectorMoments",
verify	Recover stopped G5 original compiler diagnostics	2026-10-07T17:05:47.4454583Z     "command": [
verify	Recover stopped G5 original compiler diagnostics	2026-10-07T17:05:47.4454662Z       "lake",
verify	Recover stopped G5 original compiler diagnostics	2026-10-07T17:05:47.4454738Z       "env",
verify	Recover stopped G5 original compiler diagnostics	2026-10-07T17:05:47.4454813Z       "lean",
verify	Recover stopped G5 original compiler diagnostics	2026-10-07T17:05:47.4454901Z       "--trust=0",
verify	Recover stopped G5 original compiler diagnostics	2026-10-07T17:05:47.4454977Z       "-j1",
verify	Recover stopped G5 original compiler diagnostics	2026-10-07T17:05:47.4455058Z       "-M4096",
verify	Recover stopped G5 original compiler diagnostics	2026-10-07T17:05:47.4455131Z       "-R",
verify	Recover stopped G5 original compiler diagnostics	2026-10-07T17:05:47.4455274Z       "/home/runner/work/_temp/cloud-g5-build/Imported",
verify	Recover stopped G5 original compiler diagnostics	2026-10-07T17:05:47.4455354Z       "-o",
verify	Recover stopped G5 original compiler diagnostics	2026-10-07T17:05:47.4455634Z       "/home/runner/work/_temp/cloud-g5-build/.lake/build/lib/lean/G5FairSelectorMoments.olean",
verify	Recover stopped G5 original compiler diagnostics	2026-10-07T17:05:47.4455711Z       "-i",
verify	Recover stopped G5 original compiler diagnostics	2026-10-07T17:05:47.4455981Z       "/home/runner/work/_temp/cloud-g5-build/.lake/build/lib/lean/G5FairSelectorMoments.ilean",
verify	Recover stopped G5 original compiler diagnostics	2026-10-07T17:05:47.4456213Z       "/home/runner/work/_temp/cloud-g5-build/Imported/G5FairSelectorMoments.lean"
verify	Recover stopped G5 original compiler diagnostics	2026-10-07T17:05:47.4456285Z     ],
verify	Recover stopped G5 original compiler diagnostics	2026-10-07T17:05:47.4456381Z     "start_unix": 1791389636.2663345,
verify	Recover stopped G5 original compiler diagnostics	2026-10-07T17:05:47.4456471Z     "end_unix": 1791389639.1868176,
verify	Recover stopped G5 original compiler diagnostics	2026-10-07T17:05:47.4456554Z     "exit": 0,
verify	Recover stopped G5 original compiler diagnostics	2026-10-07T17:05:47.4456909Z     "log_sha256": "c5d36016bc89bb883f01c4f4f152e4f9a4105dd7af316f5e2aea6ba848149852"
verify	Recover stopped G5 original compiler diagnostics	2026-10-07T17:05:47.4457108Z   },
verify	Recover stopped G5 original compiler diagnostics	2026-10-07T17:05:47.4457185Z   {
verify	Recover stopped G5 original compiler diagnostics	2026-10-07T17:05:47.4457293Z     "name": "G5FairOriginalCoinLaw",
verify	Recover stopped G5 original compiler diagnostics	2026-10-07T17:05:47.4457376Z     "command": [
verify	Recover stopped G5 original compiler diagnostics	2026-10-07T17:05:47.4457451Z       "lake",
verify	Recover stopped G5 original compiler diagnostics	2026-10-07T17:05:47.4457534Z       "env",
verify	Recover stopped G5 original compiler diagnostics	2026-10-07T17:05:47.4457610Z       "lean",
verify	Recover stopped G5 original compiler diagnostics	2026-10-07T17:05:47.4457695Z       "--trust=0",
verify	Recover stopped G5 original compiler diagnostics	2026-10-07T17:05:47.4457775Z       "-j1",
verify	Recover stopped G5 original compiler diagnostics	2026-10-07T17:05:47.4457853Z       "-M4096",
verify	Recover stopped G5 original compiler diagnostics	2026-10-07T17:05:47.4457931Z       "-R",
verify	Recover stopped G5 original compiler diagnostics	2026-10-07T17:05:47.4458071Z       "/home/runner/work/_temp/cloud-g5-build/Imported",
verify	Recover stopped G5 original compiler diagnostics	2026-10-07T17:05:47.4458154Z       "-o",
verify	Recover stopped G5 original compiler diagnostics	2026-10-07T17:05:47.4458426Z       "/home/runner/work/_temp/cloud-g5-build/.lake/build/lib/lean/G5FairOriginalCoinLaw.olean",
verify	Recover stopped G5 original compiler diagnostics	2026-10-07T17:05:47.4458506Z       "-i",
verify	Recover stopped G5 original compiler diagnostics	2026-10-07T17:05:47.4458771Z       "/home/runner/work/_temp/cloud-g5-build/.lake/build/lib/lean/G5FairOriginalCoinLaw.ilean",
verify	Recover stopped G5 original compiler diagnostics	2026-10-07T17:05:47.4459002Z       "/home/runner/work/_temp/cloud-g5-build/Imported/G5FairOriginalCoinLaw.lean"
verify	Recover stopped G5 original compiler diagnostics	2026-10-07T17:05:47.4459085Z     ],
verify	Recover stopped G5 original compiler diagnostics	2026-10-07T17:05:47.4459180Z     "start_unix": 1791389639.1884496,
verify	Recover stopped G5 original compiler diagnostics	2026-10-07T17:05:47.4459278Z     "end_unix": 1791389642.3593566,
verify	Recover stopped G5 original compiler diagnostics	2026-10-07T17:05:47.4459358Z     "exit": 0,
verify	Recover stopped G5 original compiler diagnostics	2026-10-07T17:05:47.4459704Z     "log_sha256": "691827e9f1d13c9c5561839a960068f5af663db188ad18cd5327915cb5ede75f"
verify	Recover stopped G5 original compiler diagnostics	2026-10-07T17:05:47.4459778Z   },
verify	Recover stopped G5 original compiler diagnostics	2026-10-07T17:05:47.4459855Z   {
verify	Recover stopped G5 original compiler diagnostics	2026-10-07T17:05:47.4459960Z     "name": "G5OriginalCoinPMF",
verify	Recover stopped G5 original compiler diagnostics	2026-10-07T17:05:47.4460041Z     "command": [
verify	Recover stopped G5 original compiler diagnostics	2026-10-07T17:05:47.4460124Z       "lake",
verify	Recover stopped G5 original compiler diagnostics	2026-10-07T17:05:47.4460201Z       "env",
verify	Recover stopped G5 original compiler diagnostics	2026-10-07T17:05:47.4460281Z       "lean",
verify	Recover stopped G5 original compiler diagnostics	2026-10-07T17:05:47.4460362Z       "--trust=0",
verify	Recover stopped G5 original compiler diagnostics	2026-10-07T17:05:47.4460449Z       "-j1",
verify	Recover stopped G5 original compiler diagnostics	2026-10-07T17:05:47.4460526Z       "-M4096",
verify	Recover stopped G5 original compiler diagnostics	2026-10-07T17:05:47.4460611Z       "-R",
verify	Recover stopped G5 original compiler diagnostics	2026-10-07T17:05:47.4460754Z       "/home/runner/work/_temp/cloud-g5-build/Imported",
verify	Recover stopped G5 original compiler diagnostics	2026-10-07T17:05:47.4460835Z       "-o",
verify	Recover stopped G5 original compiler diagnostics	2026-10-07T17:05:47.4461104Z       "/home/runner/work/_temp/cloud-g5-build/.lake/build/lib/lean/G5OriginalCoinPMF.olean",
verify	Recover stopped G5 original compiler diagnostics	2026-10-07T17:05:47.4461185Z       "-i",
verify	Recover stopped G5 original compiler diagnostics	2026-10-07T17:05:47.4461448Z       "/home/runner/work/_temp/cloud-g5-build/.lake/build/lib/lean/G5OriginalCoinPMF.ilean",
verify	Recover stopped G5 original compiler diagnostics	2026-10-07T17:05:47.4461665Z       "/home/runner/work/_temp/cloud-g5-build/Imported/G5OriginalCoinPMF.lean"
verify	Recover stopped G5 original compiler diagnostics	2026-10-07T17:05:47.4461749Z     ],
verify	Recover stopped G5 original compiler diagnostics	2026-10-07T17:05:47.4461849Z     "start_unix": 1791389642.3610084,
verify	Recover stopped G5 original compiler diagnostics	2026-10-07T17:05:47.4461944Z     "end_unix": 1791389645.4319525,
verify	Recover stopped G5 original compiler diagnostics	2026-10-07T17:05:47.4462030Z     "exit": 0,
verify	Recover stopped G5 original compiler diagnostics	2026-10-07T17:05:47.4462264Z     "log_sha256": "90632a18e1b7e8f5005a2193a0d40dec8d20ed6d37d8a8e7e07c2ce1a27cc808"
verify	Recover stopped G5 original compiler diagnostics	2026-10-07T17:05:47.4462341Z   },
verify	Recover stopped G5 original compiler diagnostics	2026-10-07T17:05:47.4462416Z   {
verify	Recover stopped G5 original compiler diagnostics	2026-10-07T17:05:47.4462541Z     "name": "G5ParentPositionPushforward",
verify	Recover stopped G5 original compiler diagnostics	2026-10-07T17:05:47.4462621Z     "command": [
verify	Recover stopped G5 original compiler diagnostics	2026-10-07T17:05:47.4462701Z       "lake",
verify	Recover stopped G5 original compiler diagnostics	2026-10-07T17:05:47.4462783Z       "env",
verify	Recover stopped G5 original compiler diagnostics	2026-10-07T17:05:47.4462860Z       "lean",
verify	Recover stopped G5 original compiler diagnostics	2026-10-07T17:05:47.4462950Z       "--trust=0",
verify	Recover stopped G5 original compiler diagnostics	2026-10-07T17:05:47.4463026Z       "-j1",
verify	Recover stopped G5 original compiler diagnostics	2026-10-07T17:05:47.4463109Z       "-M4096",
verify	Recover stopped G5 original compiler diagnostics	2026-10-07T17:05:47.4463184Z       "-R",
verify	Recover stopped G5 original compiler diagnostics	2026-10-07T17:05:47.4463326Z       "/home/runner/work/_temp/cloud-g5-build/Imported",
verify	Recover stopped G5 original compiler diagnostics	2026-10-07T17:05:47.4463403Z       "-o",
verify	Recover stopped G5 original compiler diagnostics	2026-10-07T17:05:47.4463715Z       "/home/runner/work/_temp/cloud-g5-build/.lake/build/lib/lean/G5ParentPositionPushforward.olean",
verify	Recover stopped G5 original compiler diagnostics	2026-10-07T17:05:47.4463794Z       "-i",
verify	Recover stopped G5 original compiler diagnostics	2026-10-07T17:05:47.4464089Z       "/home/runner/work/_temp/cloud-g5-build/.lake/build/lib/lean/G5ParentPositionPushforward.ilean",
verify	Recover stopped G5 original compiler diagnostics	2026-10-07T17:05:47.4464343Z       "/home/runner/work/_temp/cloud-g5-build/Imported/G5ParentPositionPushforward.lean"
verify	Recover stopped G5 original compiler diagnostics	2026-10-07T17:05:47.4464416Z     ],
verify	Recover stopped G5 original compiler diagnostics	2026-10-07T17:05:47.4464518Z     "start_unix": 1791389645.4335506,
verify	Recover stopped G5 original compiler diagnostics	2026-10-07T17:05:47.4464607Z     "end_unix": 1791389648.5541837,
verify	Recover stopped G5 original compiler diagnostics	2026-10-07T17:05:47.4464692Z     "exit": 0,
verify	Recover stopped G5 original compiler diagnostics	2026-10-07T17:05:47.4464923Z     "log_sha256": "d8567844be8491538a67c14b0ee00db429ec3db3d9e027c93179917a68c00be8"
verify	Recover stopped G5 original compiler diagnostics	2026-10-07T17:05:47.4464997Z   },
verify	Recover stopped G5 original compiler diagnostics	2026-10-07T17:05:47.4465073Z   {
verify	Recover stopped G5 original compiler diagnostics	2026-10-07T17:05:47.4465286Z     "name": "G5SafePastHybridDisjointness",
verify	Recover stopped G5 original compiler diagnostics	2026-10-07T17:05:47.4465373Z     "command": [
verify	Recover stopped G5 original compiler diagnostics	2026-10-07T17:05:47.4465449Z       "lake",
verify	Recover stopped G5 original compiler diagnostics	2026-10-07T17:05:47.4465531Z       "env",
verify	Recover stopped G5 original compiler diagnostics	2026-10-07T17:05:47.4465611Z       "lean",
verify	Recover stopped G5 original compiler diagnostics	2026-10-07T17:05:47.4465695Z       "--trust=0",
verify	Recover stopped G5 original compiler diagnostics	2026-10-07T17:05:47.4465776Z       "-j1",
verify	Recover stopped G5 original compiler diagnostics	2026-10-07T17:05:47.4465854Z       "-M4096",
verify	Recover stopped G5 original compiler diagnostics	2026-10-07T17:05:47.4465935Z       "-R",
verify	Recover stopped G5 original compiler diagnostics	2026-10-07T17:05:47.4466072Z       "/home/runner/work/_temp/cloud-g5-build/Imported",
verify	Recover stopped G5 original compiler diagnostics	2026-10-07T17:05:47.4466152Z       "-o",
verify	Recover stopped G5 original compiler diagnostics	2026-10-07T17:05:47.4466461Z       "/home/runner/work/_temp/cloud-g5-build/.lake/build/lib/lean/G5SafePastHybridDisjointness.olean",
verify	Recover stopped G5 original compiler diagnostics	2026-10-07T17:05:47.4466544Z       "-i",
verify	Recover stopped G5 original compiler diagnostics	2026-10-07T17:05:47.4466963Z       "/home/runner/work/_temp/cloud-g5-build/.lake/build/lib/lean/G5SafePastHybridDisjointness.ilean",
verify	Recover stopped G5 original compiler diagnostics	2026-10-07T17:05:47.4467227Z       "/home/runner/work/_temp/cloud-g5-build/Imported/G5SafePastHybridDisjointness.lean"
verify	Recover stopped G5 original compiler diagnostics	2026-10-07T17:05:47.4467305Z     ],
verify	Recover stopped G5 original compiler diagnostics	2026-10-07T17:05:47.4467407Z     "start_unix": 1791389648.5558171,
verify	Recover stopped G5 original compiler diagnostics	2026-10-07T17:05:47.4467506Z     "end_unix": 1791389651.526485,
verify	Recover stopped G5 original compiler diagnostics	2026-10-07T17:05:47.4467585Z     "exit": 0,
verify	Recover stopped G5 original compiler diagnostics	2026-10-07T17:05:47.4467825Z     "log_sha256": "06fb37241de54ede9ecd62bb16c1a73c6ce07580b5c8c3a779f3baad95efb36f"
verify	Recover stopped G5 original compiler diagnostics	2026-10-07T17:05:47.4468019Z   },
verify	Recover stopped G5 original compiler diagnostics	2026-10-07T17:05:47.4468096Z   {
verify	Recover stopped G5 original compiler diagnostics	2026-10-07T17:05:47.4468226Z     "name": "G5PairOnlySureBlockChronology",
verify	Recover stopped G5 original compiler diagnostics	2026-10-07T17:05:47.4468308Z     "command": [
verify	Recover stopped G5 original compiler diagnostics	2026-10-07T17:05:47.4468391Z       "lake",
verify	Recover stopped G5 original compiler diagnostics	2026-10-07T17:05:47.4468468Z       "env",
verify	Recover stopped G5 original compiler diagnostics	2026-10-07T17:05:47.4468552Z       "lean",
verify	Recover stopped G5 original compiler diagnostics	2026-10-07T17:05:47.4468634Z       "--trust=0",
verify	Recover stopped G5 original compiler diagnostics	2026-10-07T17:05:47.4468714Z       "-j1",
verify	Recover stopped G5 original compiler diagnostics	2026-10-07T17:05:47.4468793Z       "-M4096",
verify	Recover stopped G5 original compiler diagnostics	2026-10-07T17:05:47.4468880Z       "-R",
verify	Recover stopped G5 original compiler diagnostics	2026-10-07T17:05:47.4469022Z       "/home/runner/work/_temp/cloud-g5-build/Imported",
verify	Recover stopped G5 original compiler diagnostics	2026-10-07T17:05:47.4469100Z       "-o",
verify	Recover stopped G5 original compiler diagnostics	2026-10-07T17:05:47.4469417Z       "/home/runner/work/_temp/cloud-g5-build/.lake/build/lib/lean/G5PairOnlySureBlockChronology.olean",
verify	Recover stopped G5 original compiler diagnostics	2026-10-07T17:05:47.4469498Z       "-i",
verify	Recover stopped G5 original compiler diagnostics	2026-10-07T17:05:47.4469812Z       "/home/runner/work/_temp/cloud-g5-build/.lake/build/lib/lean/G5PairOnlySureBlockChronology.ilean",
verify	Recover stopped G5 original compiler diagnostics	2026-10-07T17:05:47.4470071Z       "/home/runner/work/_temp/cloud-g5-build/Imported/G5PairOnlySureBlockChronology.lean"
verify	Recover stopped G5 original compiler diagnostics	2026-10-07T17:05:47.4470156Z     ],
verify	Recover stopped G5 original compiler diagnostics	2026-10-07T17:05:47.4470258Z     "start_unix": 1791389651.5280986,
verify	Recover stopped G5 original compiler diagnostics	2026-10-07T17:05:47.4470351Z     "end_unix": 1791389654.4997427,
verify	Recover stopped G5 original compiler diagnostics	2026-10-07T17:05:47.4470435Z     "exit": 0,
verify	Recover stopped G5 original compiler diagnostics	2026-10-07T17:05:47.4470672Z     "log_sha256": "2102cb58c4b7a1a01d1b6cb27a2ff7b9ddfc470a9ec0faae7c75174677969e1b"
verify	Recover stopped G5 original compiler diagnostics	2026-10-07T17:05:47.4470750Z   },
verify	Recover stopped G5 original compiler diagnostics	2026-10-07T17:05:47.4470823Z   {
verify	Recover stopped G5 original compiler diagnostics	2026-10-07T17:05:47.4470946Z     "name": "G5SafePastMeetingPermanence",
verify	Recover stopped G5 original compiler diagnostics	2026-10-07T17:05:47.4471027Z     "command": [
verify	Recover stopped G5 original compiler diagnostics	2026-10-07T17:05:47.4471110Z       "lake",
verify	Recover stopped G5 original compiler diagnostics	2026-10-07T17:05:47.4471192Z       "env",
verify	Recover stopped G5 original compiler diagnostics	2026-10-07T17:05:47.4471269Z       "lean",
verify	Recover stopped G5 original compiler diagnostics	2026-10-07T17:05:47.4471359Z       "--trust=0",
verify	Recover stopped G5 original compiler diagnostics	2026-10-07T17:05:47.4471435Z       "-j1",
verify	Recover stopped G5 original compiler diagnostics	2026-10-07T17:05:47.4471521Z       "-M4096",
verify	Recover stopped G5 original compiler diagnostics	2026-10-07T17:05:47.4471597Z       "-R",
verify	Recover stopped G5 original compiler diagnostics	2026-10-07T17:05:47.4471740Z       "/home/runner/work/_temp/cloud-g5-build/Imported",
verify	Recover stopped G5 original compiler diagnostics	2026-10-07T17:05:47.4471818Z       "-o",
verify	Recover stopped G5 original compiler diagnostics	2026-10-07T17:05:47.4472131Z       "/home/runner/work/_temp/cloud-g5-build/.lake/build/lib/lean/G5SafePastMeetingPermanence.olean",
verify	Recover stopped G5 original compiler diagnostics	2026-10-07T17:05:47.4472218Z       "-i",
verify	Recover stopped G5 original compiler diagnostics	2026-10-07T17:05:47.4472518Z       "/home/runner/work/_temp/cloud-g5-build/.lake/build/lib/lean/G5SafePastMeetingPermanence.ilean",
verify	Recover stopped G5 original compiler diagnostics	2026-10-07T17:05:47.4472771Z       "/home/runner/work/_temp/cloud-g5-build/Imported/G5SafePastMeetingPermanence.lean"
verify	Recover stopped G5 original compiler diagnostics	2026-10-07T17:05:47.4472846Z     ],
verify	Recover stopped G5 original compiler diagnostics	2026-10-07T17:05:47.4472947Z     "start_unix": 1791389654.5013201,
verify	Recover stopped G5 original compiler diagnostics	2026-10-07T17:05:47.4473040Z     "end_unix": 1791389657.5220942,
verify	Recover stopped G5 original compiler diagnostics	2026-10-07T17:05:47.4473126Z     "exit": 0,
verify	Recover stopped G5 original compiler diagnostics	2026-10-07T17:05:47.4473365Z     "log_sha256": "c868ca1184d8588ef18b1478e00dc3285c7cc006207d1cdcf5d6a8a0a2d4b198"
verify	Recover stopped G5 original compiler diagnostics	2026-10-07T17:05:47.4473439Z   },
verify	Recover stopped G5 original compiler diagnostics	2026-10-07T17:05:47.4473645Z   {
verify	Recover stopped G5 original compiler diagnostics	2026-10-07T17:05:47.4473754Z     "name": "G5OriginalRouteHazard",
verify	Recover stopped G5 original compiler diagnostics	2026-10-07T17:05:47.4473839Z     "command": [
verify	Recover stopped G5 original compiler diagnostics	2026-10-07T17:05:47.4473915Z       "lake",
verify	Recover stopped G5 original compiler diagnostics	2026-10-07T17:05:47.4473994Z       "env",
verify	Recover stopped G5 original compiler diagnostics	2026-10-07T17:05:47.4474073Z       "lean",
verify	Recover stopped G5 original compiler diagnostics	2026-10-07T17:05:47.4474157Z       "--trust=0",
verify	Recover stopped G5 original compiler diagnostics	2026-10-07T17:05:47.4474238Z       "-j1",
verify	Recover stopped G5 original compiler diagnostics	2026-10-07T17:05:47.4474317Z       "-M4096",
verify	Recover stopped G5 original compiler diagnostics	2026-10-07T17:05:47.4474398Z       "-R",
verify	Recover stopped G5 original compiler diagnostics	2026-10-07T17:05:47.4474539Z       "/home/runner/work/_temp/cloud-g5-build/Imported",
verify	Recover stopped G5 original compiler diagnostics	2026-10-07T17:05:47.4474619Z       "-o",
verify	Recover stopped G5 original compiler diagnostics	2026-10-07T17:05:47.4474896Z       "/home/runner/work/_temp/cloud-g5-build/.lake/build/lib/lean/G5OriginalRouteHazard.olean",
verify	Recover stopped G5 original compiler diagnostics	2026-10-07T17:05:47.4474977Z       "-i",
verify	Recover stopped G5 original compiler diagnostics	2026-10-07T17:05:47.4475247Z       "/home/runner/work/_temp/cloud-g5-build/.lake/build/lib/lean/G5OriginalRouteHazard.ilean",
verify	Recover stopped G5 original compiler diagnostics	2026-10-07T17:05:47.4475481Z       "/home/runner/work/_temp/cloud-g5-build/Imported/G5OriginalRouteHazard.lean"
verify	Recover stopped G5 original compiler diagnostics	2026-10-07T17:05:47.4475560Z     ],
verify	Recover stopped G5 original compiler diagnostics	2026-10-07T17:05:47.4475656Z     "start_unix": 1791389657.5237937,
verify	Recover stopped G5 original compiler diagnostics	2026-10-07T17:05:47.4475756Z     "end_unix": 1791389660.8449533,
verify	Recover stopped G5 original compiler diagnostics	2026-10-07T17:05:47.4475835Z     "exit": 0,
verify	Recover stopped G5 original compiler diagnostics	2026-10-07T17:05:47.4476070Z     "log_sha256": "fc54f3e5a8661465646147e8ade6163b3e2a612e177c11092b9e4e2ef425b9ee"
verify	Recover stopped G5 original compiler diagnostics	2026-10-07T17:05:47.4476229Z   },
verify	Recover stopped G5 original compiler diagnostics	2026-10-07T17:05:47.4476305Z   {
verify	Recover stopped G5 original compiler diagnostics	2026-10-07T17:05:47.4476420Z     "name": "G4TwoRootSourceStopping",
verify	Recover stopped G5 original compiler diagnostics	2026-10-07T17:05:47.4476503Z     "command": [
verify	Recover stopped G5 original compiler diagnostics	2026-10-07T17:05:47.4476584Z       "lake",
verify	Recover stopped G5 original compiler diagnostics	2026-10-07T17:05:47.4476781Z       "env",
verify	Recover stopped G5 original compiler diagnostics	2026-10-07T17:05:47.4476864Z       "lean",
verify	Recover stopped G5 original compiler diagnostics	2026-10-07T17:05:47.4476944Z       "--trust=0",
verify	Recover stopped G5 original compiler diagnostics	2026-10-07T17:05:47.4477027Z       "-j1",
verify	Recover stopped G5 original compiler diagnostics	2026-10-07T17:05:47.4477104Z       "-M4096",
verify	Recover stopped G5 original compiler diagnostics	2026-10-07T17:05:47.4477184Z       "-R",
verify	Recover stopped G5 original compiler diagnostics	2026-10-07T17:05:47.4477329Z       "/home/runner/work/_temp/cloud-g5-build/Imported",
verify	Recover stopped G5 original compiler diagnostics	2026-10-07T17:05:47.4477406Z       "-o",
verify	Recover stopped G5 original compiler diagnostics	2026-10-07T17:05:47.4477697Z       "/home/runner/work/_temp/cloud-g5-build/.lake/build/lib/lean/G4TwoRootSourceStopping.olean",
verify	Recover stopped G5 original compiler diagnostics	2026-10-07T17:05:47.4477778Z       "-i",
verify	Recover stopped G5 original compiler diagnostics	2026-10-07T17:05:47.4478063Z       "/home/runner/work/_temp/cloud-g5-build/.lake/build/lib/lean/G4TwoRootSourceStopping.ilean",
verify	Recover stopped G5 original compiler diagnostics	2026-10-07T17:05:47.4478297Z       "/home/runner/work/_temp/cloud-g5-build/Imported/G4TwoRootSourceStopping.lean"
verify	Recover stopped G5 original compiler diagnostics	2026-10-07T17:05:47.4478381Z     ],
verify	Recover stopped G5 original compiler diagnostics	2026-10-07T17:05:47.4478482Z     "start_unix": 1791389660.8467767,
verify	Recover stopped G5 original compiler diagnostics	2026-10-07T17:05:47.4478577Z     "end_unix": 1791389663.7168007,
verify	Recover stopped G5 original compiler diagnostics	2026-10-07T17:05:47.4478662Z     "exit": 0,
verify	Recover stopped G5 original compiler diagnostics	2026-10-07T17:05:47.4478893Z     "log_sha256": "25e8d8c8651f61fbf26f2fb29b2fc1f63c2233c186598c29dc9a133e2a24c41f"
verify	Recover stopped G5 original compiler diagnostics	2026-10-07T17:05:47.4478971Z   },
verify	Recover stopped G5 original compiler diagnostics	2026-10-07T17:05:47.4479044Z   {
verify	Recover stopped G5 original compiler diagnostics	2026-10-07T17:05:47.4479157Z     "name": "G1SharedRegisterStress",
verify	Recover stopped G5 original compiler diagnostics	2026-10-07T17:05:47.4479239Z     "command": [
verify	Recover stopped G5 original compiler diagnostics	2026-10-07T17:05:47.4479324Z       "lake",
verify	Recover stopped G5 original compiler diagnostics	2026-10-07T17:05:47.4479405Z       "env",
verify	Recover stopped G5 original compiler diagnostics	2026-10-07T17:05:47.4479482Z       "lean",
verify	Recover stopped G5 original compiler diagnostics	2026-10-07T17:05:47.4479566Z       "--trust=0",
verify	Recover stopped G5 original compiler diagnostics	2026-10-07T17:05:47.4479642Z       "-j1",
verify	Recover stopped G5 original compiler diagnostics	2026-10-07T17:05:47.4479725Z       "-M4096",
verify	Recover stopped G5 original compiler diagnostics	2026-10-07T17:05:47.4479804Z       "-R",
verify	Recover stopped G5 original compiler diagnostics	2026-10-07T17:05:47.4479953Z       "/home/runner/work/_temp/cloud-g5-build/Imported",
verify	Recover stopped G5 original compiler diagnostics	2026-10-07T17:05:47.4480028Z       "-o",
verify	Recover stopped G5 original compiler diagnostics	2026-10-07T17:05:47.4480318Z       "/home/runner/work/_temp/cloud-g5-build/.lake/build/lib/lean/G1SharedRegisterStress.olean",
verify	Recover stopped G5 original compiler diagnostics	2026-10-07T17:05:47.4480402Z       "-i",
verify	Recover stopped G5 original compiler diagnostics	2026-10-07T17:05:47.4480712Z       "/home/runner/work/_temp/cloud-g5-build/.lake/build/lib/lean/G1SharedRegisterStress.ilean",
verify	Recover stopped G5 original compiler diagnostics	2026-10-07T17:05:47.4480954Z       "/home/runner/work/_temp/cloud-g5-build/Imported/G1SharedRegisterStress.lean"
verify	Recover stopped G5 original compiler diagnostics	2026-10-07T17:05:47.4481031Z     ],
verify	Recover stopped G5 original compiler diagnostics	2026-10-07T17:05:47.4481133Z     "start_unix": 1791389663.7187982,
verify	Recover stopped G5 original compiler diagnostics	2026-10-07T17:05:47.4481226Z     "end_unix": 1791389666.6896298,
verify	Recover stopped G5 original compiler diagnostics	2026-10-07T17:05:47.4481311Z     "exit": 0,
verify	Recover stopped G5 original compiler diagnostics	2026-10-07T17:05:47.4481545Z     "log_sha256": "84a9c4ce9c952b0e458f2a61369c7b18a8e5a6298321cc94e9a865f61d98037b"
verify	Recover stopped G5 original compiler diagnostics	2026-10-07T17:05:47.4481618Z   },
verify	Recover stopped G5 original compiler diagnostics	2026-10-07T17:05:47.4481694Z   {
verify	Recover stopped G5 original compiler diagnostics	2026-10-07T17:05:47.4481796Z     "name": "G4FourRootPositivity",
verify	Recover stopped G5 original compiler diagnostics	2026-10-07T17:05:47.4482007Z     "command": [
verify	Recover stopped G5 original compiler diagnostics	2026-10-07T17:05:47.4482086Z       "lake",
verify	Recover stopped G5 original compiler diagnostics	2026-10-07T17:05:47.4482168Z       "env",
verify	Recover stopped G5 original compiler diagnostics	2026-10-07T17:05:47.4482244Z       "lean",
verify	Recover stopped G5 original compiler diagnostics	2026-10-07T17:05:47.4482329Z       "--trust=0",
verify	Recover stopped G5 original compiler diagnostics	2026-10-07T17:05:47.4482417Z       "-j1",
verify	Recover stopped G5 original compiler diagnostics	2026-10-07T17:05:47.4482495Z       "-M4096",
verify	Recover stopped G5 original compiler diagnostics	2026-10-07T17:05:47.4482576Z       "-R",
verify	Recover stopped G5 original compiler diagnostics	2026-10-07T17:05:47.4482716Z       "/home/runner/work/_temp/cloud-g5-build/Imported",
verify	Recover stopped G5 original compiler diagnostics	2026-10-07T17:05:47.4482799Z       "-o",
verify	Recover stopped G5 original compiler diagnostics	2026-10-07T17:05:47.4483075Z       "/home/runner/work/_temp/cloud-g5-build/.lake/build/lib/lean/G4FourRootPositivity.olean",
verify	Recover stopped G5 original compiler diagnostics	2026-10-07T17:05:47.4483158Z       "-i",
verify	Recover stopped G5 original compiler diagnostics	2026-10-07T17:05:47.4483425Z       "/home/runner/work/_temp/cloud-g5-build/.lake/build/lib/lean/G4FourRootPositivity.ilean",
verify	Recover stopped G5 original compiler diagnostics	2026-10-07T17:05:47.4483657Z       "/home/runner/work/_temp/cloud-g5-build/Imported/G4FourRootPositivity.lean"
verify	Recover stopped G5 original compiler diagnostics	2026-10-07T17:05:47.4483737Z     ],
verify	Recover stopped G5 original compiler diagnostics	2026-10-07T17:05:47.4483832Z     "start_unix": 1791389666.6913428,
verify	Recover stopped G5 original compiler diagnostics	2026-10-07T17:05:47.4483935Z     "end_unix": 1791389669.8154576,
verify	Recover stopped G5 original compiler diagnostics	2026-10-07T17:05:47.4484013Z     "exit": 0,
verify	Recover stopped G5 original compiler diagnostics	2026-10-07T17:05:47.4484258Z     "log_sha256": "f5e1ecf7db1d697e09d60633e18d6b70c7cc7aa6ac9af0dc3eee533d76e5c582"
verify	Recover stopped G5 original compiler diagnostics	2026-10-07T17:05:47.4484447Z   },
verify	Recover stopped G5 original compiler diagnostics	2026-10-07T17:05:47.4484524Z   {
verify	Recover stopped G5 original compiler diagnostics	2026-10-07T17:05:47.4484647Z     "name": "G4IndependentRoutingBridge",
verify	Recover stopped G5 original compiler diagnostics	2026-10-07T17:05:47.4484729Z     "command": [
verify	Recover stopped G5 original compiler diagnostics	2026-10-07T17:05:47.4484810Z       "lake",
verify	Recover stopped G5 original compiler diagnostics	2026-10-07T17:05:47.4484887Z       "env",
verify	Recover stopped G5 original compiler diagnostics	2026-10-07T17:05:47.4484968Z       "lean",
verify	Recover stopped G5 original compiler diagnostics	2026-10-07T17:05:47.4485049Z       "--trust=0",
verify	Recover stopped G5 original compiler diagnostics	2026-10-07T17:05:47.4485131Z       "-j1",
verify	Recover stopped G5 original compiler diagnostics	2026-10-07T17:05:47.4485208Z       "-M4096",
verify	Recover stopped G5 original compiler diagnostics	2026-10-07T17:05:47.4485285Z       "-R",
verify	Recover stopped G5 original compiler diagnostics	2026-10-07T17:05:47.4485426Z       "/home/runner/work/_temp/cloud-g5-build/Imported",
verify	Recover stopped G5 original compiler diagnostics	2026-10-07T17:05:47.4485508Z       "-o",
verify	Recover stopped G5 original compiler diagnostics	2026-10-07T17:05:47.4485812Z       "/home/runner/work/_temp/cloud-g5-build/.lake/build/lib/lean/G4IndependentRoutingBridge.olean",
verify	Recover stopped G5 original compiler diagnostics	2026-10-07T17:05:47.4485890Z       "-i",
verify	Recover stopped G5 original compiler diagnostics	2026-10-07T17:05:47.4486188Z       "/home/runner/work/_temp/cloud-g5-build/.lake/build/lib/lean/G4IndependentRoutingBridge.ilean",
verify	Recover stopped G5 original compiler diagnostics	2026-10-07T17:05:47.4486443Z       "/home/runner/work/_temp/cloud-g5-build/Imported/G4IndependentRoutingBridge.lean"
verify	Recover stopped G5 original compiler diagnostics	2026-10-07T17:05:47.4486526Z     ],
verify	Recover stopped G5 original compiler diagnostics	2026-10-07T17:05:47.4486736Z     "start_unix": 1791389669.8191755,
verify	Recover stopped G5 original compiler diagnostics	2026-10-07T17:05:47.4486842Z     "end_unix": 1791389673.794361,
verify	Recover stopped G5 original compiler diagnostics	2026-10-07T17:05:47.4486929Z     "exit": 0,
verify	Recover stopped G5 original compiler diagnostics	2026-10-07T17:05:47.4487161Z     "log_sha256": "a20247a4205e073ecbaf02497a2411bdac34d424acb34aaf80e96d9717fe3ad9"
verify	Recover stopped G5 original compiler diagnostics	2026-10-07T17:05:47.4487239Z   },
verify	Recover stopped G5 original compiler diagnostics	2026-10-07T17:05:47.4487310Z   {
verify	Recover stopped G5 original compiler diagnostics	2026-10-07T17:05:47.4487419Z     "name": "G4AllRootPairClocks",
verify	Recover stopped G5 original compiler diagnostics	2026-10-07T17:05:47.4487507Z     "command": [
verify	Recover stopped G5 original compiler diagnostics	2026-10-07T17:05:47.4487589Z       "lake",
verify	Recover stopped G5 original compiler diagnostics	2026-10-07T17:05:47.4487671Z       "env",
verify	Recover stopped G5 original compiler diagnostics	2026-10-07T17:05:47.4487747Z       "lean",
verify	Recover stopped G5 original compiler diagnostics	2026-10-07T17:05:47.4487831Z       "--trust=0",
verify	Recover stopped G5 original compiler diagnostics	2026-10-07T17:05:47.4487907Z       "-j1",
verify	Recover stopped G5 original compiler diagnostics	2026-10-07T17:05:47.4487991Z       "-M4096",
verify	Recover stopped G5 original compiler diagnostics	2026-10-07T17:05:47.4488066Z       "-R",
verify	Recover stopped G5 original compiler diagnostics	2026-10-07T17:05:47.4488214Z       "/home/runner/work/_temp/cloud-g5-build/Imported",
verify	Recover stopped G5 original compiler diagnostics	2026-10-07T17:05:47.4488289Z       "-o",
verify	Recover stopped G5 original compiler diagnostics	2026-10-07T17:05:47.4488562Z       "/home/runner/work/_temp/cloud-g5-build/.lake/build/lib/lean/G4AllRootPairClocks.olean",
verify	Recover stopped G5 original compiler diagnostics	2026-10-07T17:05:47.4488647Z       "-i",
verify	Recover stopped G5 original compiler diagnostics	2026-10-07T17:05:47.4488910Z       "/home/runner/work/_temp/cloud-g5-build/.lake/build/lib/lean/G4AllRootPairClocks.ilean",
verify	Recover stopped G5 original compiler diagnostics	2026-10-07T17:05:47.4489139Z       "/home/runner/work/_temp/cloud-g5-build/Imported/G4AllRootPairClocks.lean"
verify	Recover stopped G5 original compiler diagnostics	2026-10-07T17:05:47.4489214Z     ],
verify	Recover stopped G5 original compiler diagnostics	2026-10-07T17:05:47.4489314Z     "start_unix": 1791389673.7968404,
verify	Recover stopped G5 original compiler diagnostics	2026-10-07T17:05:47.4489408Z     "end_unix": 1791389676.6196024,
verify	Recover stopped G5 original compiler diagnostics	2026-10-07T17:05:47.4489493Z     "exit": 0,
verify	Recover stopped G5 original compiler diagnostics	2026-10-07T17:05:47.4489733Z     "log_sha256": "3a1d328dd3451eea80d85d84d3ac3fcdefcfb0b9dbd1d7c8b924183f7f5a1eb9"
verify	Recover stopped G5 original compiler diagnostics	2026-10-07T17:05:47.4489812Z   },
verify	Recover stopped G5 original compiler diagnostics	2026-10-07T17:05:47.4489891Z   {
verify	Recover stopped G5 original compiler diagnostics	2026-10-07T17:05:47.4490005Z     "name": "G4PathResolvedMeasurement",
verify	Recover stopped G5 original compiler diagnostics	2026-10-07T17:05:47.4490091Z     "command": [
verify	Recover stopped G5 original compiler diagnostics	2026-10-07T17:05:47.4490897Z       "lake",
verify	Recover stopped G5 original compiler diagnostics	2026-10-07T17:05:47.4490982Z       "env",
verify	Recover stopped G5 original compiler diagnostics	2026-10-07T17:05:47.4491058Z       "lean",
verify	Recover stopped G5 original compiler diagnostics	2026-10-07T17:05:47.4491145Z       "--trust=0",
verify	Recover stopped G5 original compiler diagnostics	2026-10-07T17:05:47.4491226Z       "-j1",
verify	Recover stopped G5 original compiler diagnostics	2026-10-07T17:05:47.4491306Z       "-M4096",
verify	Recover stopped G5 original compiler diagnostics	2026-10-07T17:05:47.4491387Z       "-R",
verify	Recover stopped G5 original compiler diagnostics	2026-10-07T17:05:47.4491528Z       "/home/runner/work/_temp/cloud-g5-build/Imported",
verify	Recover stopped G5 original compiler diagnostics	2026-10-07T17:05:47.4491610Z       "-o",
verify	Recover stopped G5 original compiler diagnostics	2026-10-07T17:05:47.4491906Z       "/home/runner/work/_temp/cloud-g5-build/.lake/build/lib/lean/G4PathResolvedMeasurement.olean",
verify	Recover stopped G5 original compiler diagnostics	2026-10-07T17:05:47.4491990Z       "-i",
verify	Recover stopped G5 original compiler diagnostics	2026-10-07T17:05:47.4492283Z       "/home/runner/work/_temp/cloud-g5-build/.lake/build/lib/lean/G4PathResolvedMeasurement.ilean",
verify	Recover stopped G5 original compiler diagnostics	2026-10-07T17:05:47.4492530Z       "/home/runner/work/_temp/cloud-g5-build/Imported/G4PathResolvedMeasurement.lean"
verify	Recover stopped G5 original compiler diagnostics	2026-10-07T17:05:47.4492614Z     ],
verify	Recover stopped G5 original compiler diagnostics	2026-10-07T17:05:47.4492709Z     "start_unix": 1791389676.621214,
verify	Recover stopped G5 original compiler diagnostics	2026-10-07T17:05:47.4492806Z     "end_unix": 1791389695.6260467,
verify	Recover stopped G5 original compiler diagnostics	2026-10-07T17:05:47.4492891Z     "exit": 0,
verify	Recover stopped G5 original compiler diagnostics	2026-10-07T17:05:47.4493133Z     "log_sha256": "39aa1a9b7d3a29684709fa2faff093d1f403ea79e6ea2910fa766eee4ce2ffd3"
verify	Recover stopped G5 original compiler diagnostics	2026-10-07T17:05:47.4493207Z   },
verify	Recover stopped G5 original compiler diagnostics	2026-10-07T17:05:47.4493287Z   {
verify	Recover stopped G5 original compiler diagnostics	2026-10-07T17:05:47.4493601Z     "name": "UnifiedLean.Source.NativeParentRouting",
verify	Recover stopped G5 original compiler diagnostics	2026-10-07T17:05:47.4493683Z     "command": [
verify	Recover stopped G5 original compiler diagnostics	2026-10-07T17:05:47.4493765Z       "lake",
verify	Recover stopped G5 original compiler diagnostics	2026-10-07T17:05:47.4493842Z       "env",
verify	Recover stopped G5 original compiler diagnostics	2026-10-07T17:05:47.4493923Z       "lean",
verify	Recover stopped G5 original compiler diagnostics	2026-10-07T17:05:47.4494003Z       "--trust=0",
verify	Recover stopped G5 original compiler diagnostics	2026-10-07T17:05:47.4494085Z       "-j1",
verify	Recover stopped G5 original compiler diagnostics	2026-10-07T17:05:47.4494161Z       "-M4096",
verify	Recover stopped G5 original compiler diagnostics	2026-10-07T17:05:47.4494241Z       "-R",
verify	Recover stopped G5 original compiler diagnostics	2026-10-07T17:05:47.4494365Z       "/home/runner/work/_temp/cloud-g5-build",
verify	Recover stopped G5 original compiler diagnostics	2026-10-07T17:05:47.4494444Z       "-o",
verify	Recover stopped G5 original compiler diagnostics	2026-10-07T17:05:47.4494793Z       "/home/runner/work/_temp/cloud-g5-build/.lake/build/lib/lean/UnifiedLean/Source/NativeParentRouting.olean",
verify	Recover stopped G5 original compiler diagnostics	2026-10-07T17:05:47.4494869Z       "-i",
verify	Recover stopped G5 original compiler diagnostics	2026-10-07T17:05:47.4495207Z       "/home/runner/work/_temp/cloud-g5-build/.lake/build/lib/lean/UnifiedLean/Source/NativeParentRouting.ilean",
verify	Recover stopped G5 original compiler diagnostics	2026-10-07T17:05:47.4495469Z       "/home/runner/work/_temp/cloud-g5-build/UnifiedLean/Source/NativeParentRouting.lean"
verify	Recover stopped G5 original compiler diagnostics	2026-10-07T17:05:47.4495554Z     ],
verify	Recover stopped G5 original compiler diagnostics	2026-10-07T17:05:47.4495654Z     "start_unix": 1791389695.6328924,
verify	Recover stopped G5 original compiler diagnostics	2026-10-07T17:05:47.4495746Z     "end_unix": 1791389699.054486,
verify	Recover stopped G5 original compiler diagnostics	2026-10-07T17:05:47.4495829Z     "exit": 0,
verify	Recover stopped G5 original compiler diagnostics	2026-10-07T17:05:47.4496052Z     "log_sha256": "66668f52fd9c3c330c919a3923d196142f81b4910f166f31ed3a84cf5b9d48d1"
verify	Recover stopped G5 original compiler diagnostics	2026-10-07T17:05:47.4496129Z   },
verify	Recover stopped G5 original compiler diagnostics	2026-10-07T17:05:47.4496201Z   {
verify	Recover stopped G5 original compiler diagnostics	2026-10-07T17:05:47.4496355Z     "name": "UnifiedLean.Source.NativePairClockLaw",
verify	Recover stopped G5 original compiler diagnostics	2026-10-07T17:05:47.4496435Z     "command": [
verify	Recover stopped G5 original compiler diagnostics	2026-10-07T17:05:47.4496519Z       "lake",
verify	Recover stopped G5 original compiler diagnostics	2026-10-07T17:05:47.4496721Z       "env",
verify	Recover stopped G5 original compiler diagnostics	2026-10-07T17:05:47.4496802Z       "lean",
verify	Recover stopped G5 original compiler diagnostics	2026-10-07T17:05:47.4496888Z       "--trust=0",
verify	Recover stopped G5 original compiler diagnostics	2026-10-07T17:05:47.4496963Z       "-j1",
verify	Recover stopped G5 original compiler diagnostics	2026-10-07T17:05:47.4497048Z       "-M4096",
verify	Recover stopped G5 original compiler diagnostics	2026-10-07T17:05:47.4497124Z       "-R",
verify	Recover stopped G5 original compiler diagnostics	2026-10-07T17:05:47.4497253Z       "/home/runner/work/_temp/cloud-g5-build",
verify	Recover stopped G5 original compiler diagnostics	2026-10-07T17:05:47.4497328Z       "-o",
verify	Recover stopped G5 original compiler diagnostics	2026-10-07T17:05:47.4497669Z       "/home/runner/work/_temp/cloud-g5-build/.lake/build/lib/lean/UnifiedLean/Source/NativePairClockLaw.olean",
verify	Recover stopped G5 original compiler diagnostics	2026-10-07T17:05:47.4497753Z       "-i",
verify	Recover stopped G5 original compiler diagnostics	2026-10-07T17:05:47.4498083Z       "/home/runner/work/_temp/cloud-g5-build/.lake/build/lib/lean/UnifiedLean/Source/NativePairClockLaw.ilean",
verify	Recover stopped G5 original compiler diagnostics	2026-10-07T17:05:47.4498341Z       "/home/runner/work/_temp/cloud-g5-build/UnifiedLean/Source/NativePairClockLaw.lean"
verify	Recover stopped G5 original compiler diagnostics	2026-10-07T17:05:47.4498414Z     ],
verify	Recover stopped G5 original compiler diagnostics	2026-10-07T17:05:47.4498515Z     "start_unix": 1791389699.0562558,
verify	Recover stopped G5 original compiler diagnostics	2026-10-07T17:05:47.4498607Z     "end_unix": 1791389702.477557,
verify	Recover stopped G5 original compiler diagnostics	2026-10-07T17:05:47.4498691Z     "exit": 0,
verify	Recover stopped G5 original compiler diagnostics	2026-10-07T17:05:47.4498933Z     "log_sha256": "fce55e5cce295cb816772a4fef52a4eb127ea7ef8820a7f4d392b284090ec6ab"
verify	Recover stopped G5 original compiler diagnostics	2026-10-07T17:05:47.4499006Z   },
verify	Recover stopped G5 original compiler diagnostics	2026-10-07T17:05:47.4499084Z   {
verify	Recover stopped G5 original compiler diagnostics	2026-10-07T17:05:47.4499241Z     "name": "UnifiedLean.Source.UniformizedSourceStep",
verify	Recover stopped G5 original compiler diagnostics	2026-10-07T17:05:47.4499453Z     "command": [
verify	Recover stopped G5 original compiler diagnostics	2026-10-07T17:05:47.4499531Z       "lake",
verify	Recover stopped G5 original compiler diagnostics	2026-10-07T17:05:47.4499611Z       "env",
verify	Recover stopped G5 original compiler diagnostics	2026-10-07T17:05:47.4499686Z       "lean",
verify	Recover stopped G5 original compiler diagnostics	2026-10-07T17:05:47.4499770Z       "--trust=0",
verify	Recover stopped G5 original compiler diagnostics	2026-10-07T17:05:47.4499853Z       "-j1",
verify	Recover stopped G5 original compiler diagnostics	2026-10-07T17:05:47.4499929Z       "-M4096",
verify	Recover stopped G5 original compiler diagnostics	2026-10-07T17:05:47.4500008Z       "-R",
verify	Recover stopped G5 original compiler diagnostics	2026-10-07T17:05:47.4500126Z       "/home/runner/work/_temp/cloud-g5-build",
verify	Recover stopped G5 original compiler diagnostics	2026-10-07T17:05:47.4500207Z       "-o",
verify	Recover stopped G5 original compiler diagnostics	2026-10-07T17:05:47.4500559Z       "/home/runner/work/_temp/cloud-g5-build/.lake/build/lib/lean/UnifiedLean/Source/UniformizedSourceStep.olean",
verify	Recover stopped G5 original compiler diagnostics	2026-10-07T17:05:47.4500641Z       "-i",
verify	Recover stopped G5 original compiler diagnostics	2026-10-07T17:05:47.4500986Z       "/home/runner/work/_temp/cloud-g5-build/.lake/build/lib/lean/UnifiedLean/Source/UniformizedSourceStep.ilean",
verify	Recover stopped G5 original compiler diagnostics	2026-10-07T17:05:47.4501259Z       "/home/runner/work/_temp/cloud-g5-build/UnifiedLean/Source/UniformizedSourceStep.lean"
verify	Recover stopped G5 original compiler diagnostics	2026-10-07T17:05:47.4501339Z     ],
verify	Recover stopped G5 original compiler diagnostics	2026-10-07T17:05:47.4501436Z     "start_unix": 1791389702.479755,
verify	Recover stopped G5 original compiler diagnostics	2026-10-07T17:05:47.4501546Z     "end_unix": 1791389706.0021544,
verify	Recover stopped G5 original compiler diagnostics	2026-10-07T17:05:47.4501626Z     "exit": 0,
verify	Recover stopped G5 original compiler diagnostics	2026-10-07T17:05:47.4501865Z     "log_sha256": "dc285ec7c00fe938d283b4c73fd9d57990326302bcc01bfc5ffcf82c79178017"
verify	Recover stopped G5 original compiler diagnostics	2026-10-07T17:05:47.4502054Z   },
verify	Recover stopped G5 original compiler diagnostics	2026-10-07T17:05:47.4502132Z   {
verify	Recover stopped G5 original compiler diagnostics	2026-10-07T17:05:47.4502247Z     "name": "G2SourceGraftDecoration",
verify	Recover stopped G5 original compiler diagnostics	2026-10-07T17:05:47.4502327Z     "command": [
verify	Recover stopped G5 original compiler diagnostics	2026-10-07T17:05:47.4502587Z       "lake",
verify	Recover stopped G5 original compiler diagnostics	2026-10-07T17:05:47.4502755Z       "env",
verify	Recover stopped G5 original compiler diagnostics	2026-10-07T17:05:47.4502865Z       "lean",
verify	Recover stopped G5 original compiler diagnostics	2026-10-07T17:05:47.4503000Z       "--trust=0",
verify	Recover stopped G5 original compiler diagnostics	2026-10-07T17:05:47.4507413Z       "-j1",
verify	Recover stopped G5 original compiler diagnostics	2026-10-07T17:05:47.4507552Z       "-M4096",
verify	Recover stopped G5 original compiler diagnostics	2026-10-07T17:05:47.4507640Z       "-R",
verify	Recover stopped G5 original compiler diagnostics	2026-10-07T17:05:47.4507801Z       "/home/runner/work/_temp/cloud-g5-build/TimedG2",
verify	Recover stopped G5 original compiler diagnostics	2026-10-07T17:05:47.4507886Z       "-o",
verify	Recover stopped G5 original compiler diagnostics	2026-10-07T17:05:47.4508204Z       "/home/runner/work/_temp/cloud-g5-build/.lake/build/lib/lean/G2SourceGraftDecoration.olean",
verify	Recover stopped G5 original compiler diagnostics	2026-10-07T17:05:47.4508292Z       "-i",
verify	Recover stopped G5 original compiler diagnostics	2026-10-07T17:05:47.4508602Z       "/home/runner/work/_temp/cloud-g5-build/.lake/build/lib/lean/G2SourceGraftDecoration.ilean",
verify	Recover stopped G5 original compiler diagnostics	2026-10-07T17:05:47.4508852Z       "/home/runner/work/_temp/cloud-g5-build/TimedG2/G2SourceGraftDecoration.lean"
verify	Recover stopped G5 original compiler diagnostics	2026-10-07T17:05:47.4508939Z     ],
verify	Recover stopped G5 original compiler diagnostics	2026-10-07T17:05:47.4509040Z     "start_unix": 1791389706.0040412,
verify	Recover stopped G5 original compiler diagnostics	2026-10-07T17:05:47.4509141Z     "end_unix": 1791389709.2748506,
verify	Recover stopped G5 original compiler diagnostics	2026-10-07T17:05:47.4509225Z     "exit": 0,
verify	Recover stopped G5 original compiler diagnostics	2026-10-07T17:05:47.4509472Z     "log_sha256": "fc6c795e102ee91ff951bf6b7a4de260a67ffeab942b9420f60939118305cd91"
verify	Recover stopped G5 original compiler diagnostics	2026-10-07T17:05:47.4509553Z   },
verify	Recover stopped G5 original compiler diagnostics	2026-10-07T17:05:47.4509626Z   {
verify	Recover stopped G5 original compiler diagnostics	2026-10-07T17:05:47.4509836Z     "name": "UnifiedLean.Source.SourceForestGeneratorIntertwining",
verify	Recover stopped G5 original compiler diagnostics	2026-10-07T17:05:47.4509923Z     "command": [
verify	Recover stopped G5 original compiler diagnostics	2026-10-07T17:05:47.4510004Z       "lake",
verify	Recover stopped G5 original compiler diagnostics	2026-10-07T17:05:47.4510081Z       "env",
verify	Recover stopped G5 original compiler diagnostics	2026-10-07T17:05:47.4510161Z       "lean",
verify	Recover stopped G5 original compiler diagnostics	2026-10-07T17:05:47.4510243Z       "--trust=0",
verify	Recover stopped G5 original compiler diagnostics	2026-10-07T17:05:47.4510327Z       "-j1",
verify	Recover stopped G5 original compiler diagnostics	2026-10-07T17:05:47.4510410Z       "-M4096",
verify	Recover stopped G5 original compiler diagnostics	2026-10-07T17:05:47.4510492Z       "-R",
verify	Recover stopped G5 original compiler diagnostics	2026-10-07T17:05:47.4510621Z       "/home/runner/work/_temp/cloud-g5-build",
verify	Recover stopped G5 original compiler diagnostics	2026-10-07T17:05:47.4510697Z       "-o",
verify	Recover stopped G5 original compiler diagnostics	2026-10-07T17:05:47.4511118Z       "/home/runner/work/_temp/cloud-g5-build/.lake/build/lib/lean/UnifiedLean/Source/SourceForestGeneratorIntertwining.olean",
verify	Recover stopped G5 original compiler diagnostics	2026-10-07T17:05:47.4511200Z       "-i",
verify	Recover stopped G5 original compiler diagnostics	2026-10-07T17:05:47.4511606Z       "/home/runner/work/_temp/cloud-g5-build/.lake/build/lib/lean/UnifiedLean/Source/SourceForestGeneratorIntertwining.ilean",
verify	Recover stopped G5 original compiler diagnostics	2026-10-07T17:05:47.4511936Z       "/home/runner/work/_temp/cloud-g5-build/UnifiedLean/Source/SourceForestGeneratorIntertwining.lean"
verify	Recover stopped G5 original compiler diagnostics	2026-10-07T17:05:47.4512011Z     ],
verify	Recover stopped G5 original compiler diagnostics	2026-10-07T17:05:47.4512111Z     "start_unix": 1791389709.2765498,
verify	Recover stopped G5 original compiler diagnostics	2026-10-07T17:05:47.4512207Z     "end_unix": 1791389711.3950155,
verify	Recover stopped G5 original compiler diagnostics	2026-10-07T17:05:47.4512290Z     "exit": 0,
verify	Recover stopped G5 original compiler diagnostics	2026-10-07T17:05:47.4512522Z     "log_sha256": "13ab703c41c27367158c0b98882b2f3b5d0004c88e1a50ec28fde6dd99318c08"
verify	Recover stopped G5 original compiler diagnostics	2026-10-07T17:05:47.4512602Z   },
verify	Recover stopped G5 original compiler diagnostics	2026-10-07T17:05:47.4512849Z   {
verify	Recover stopped G5 original compiler diagnostics	2026-10-07T17:05:47.4513045Z     "name": "UnifiedLean.Source.SourceForestIntrinsicGenerator",
verify	Recover stopped G5 original compiler diagnostics	2026-10-07T17:05:47.4513131Z     "command": [
verify	Recover stopped G5 original compiler diagnostics	2026-10-07T17:05:47.4513207Z       "lake",
verify	Recover stopped G5 original compiler diagnostics	2026-10-07T17:05:47.4513294Z       "env",
verify	Recover stopped G5 original compiler diagnostics	2026-10-07T17:05:47.4513370Z       "lean",
verify	Recover stopped G5 original compiler diagnostics	2026-10-07T17:05:47.4513457Z       "--trust=0",
verify	Recover stopped G5 original compiler diagnostics	2026-10-07T17:05:47.4513537Z       "-j1",
verify	Recover stopped G5 original compiler diagnostics	2026-10-07T17:05:47.4513619Z       "-M4096",
verify	Recover stopped G5 original compiler diagnostics	2026-10-07T17:05:47.4513697Z       "-R",
verify	Recover stopped G5 original compiler diagnostics	2026-10-07T17:05:47.4513824Z       "/home/runner/work/_temp/cloud-g5-build",
verify	Recover stopped G5 original compiler diagnostics	2026-10-07T17:05:47.4513905Z       "-o",
verify	Recover stopped G5 original compiler diagnostics	2026-10-07T17:05:47.4514297Z       "/home/runner/work/_temp/cloud-g5-build/.lake/build/lib/lean/UnifiedLean/Source/SourceForestIntrinsicGenerator.olean",
verify	Recover stopped G5 original compiler diagnostics	2026-10-07T17:05:47.4514376Z       "-i",
verify	Recover stopped G5 original compiler diagnostics	2026-10-07T17:05:47.4514755Z       "/home/runner/work/_temp/cloud-g5-build/.lake/build/lib/lean/UnifiedLean/Source/SourceForestIntrinsicGenerator.ilean",
verify	Recover stopped G5 original compiler diagnostics	2026-10-07T17:05:47.4515066Z       "/home/runner/work/_temp/cloud-g5-build/UnifiedLean/Source/SourceForestIntrinsicGenerator.lean"
verify	Recover stopped G5 original compiler diagnostics	2026-10-07T17:05:47.4515146Z     ],
verify	Recover stopped G5 original compiler diagnostics	2026-10-07T17:05:47.4515248Z     "start_unix": 1791389711.3968418,
verify	Recover stopped G5 original compiler diagnostics	2026-10-07T17:05:47.4515344Z     "end_unix": 1791389713.4190316,
verify	Recover stopped G5 original compiler diagnostics	2026-10-07T17:05:47.4515544Z     "exit": 0,
verify	Recover stopped G5 original compiler diagnostics	2026-10-07T17:05:47.4515779Z     "log_sha256": "381eaf55059d941b91553c2b560b5ca93cb4fbea826817f724fe1c9cf4def4a2"
verify	Recover stopped G5 original compiler diagnostics	2026-10-07T17:05:47.4515852Z   },
verify	Recover stopped G5 original compiler diagnostics	2026-10-07T17:05:47.4515927Z   {
verify	Recover stopped G5 original compiler diagnostics	2026-10-07T17:05:47.4516105Z     "name": "UnifiedLean.Source.SourceStepGeneratorBinding",
verify	Recover stopped G5 original compiler diagnostics	2026-10-07T17:05:47.4516191Z     "command": [
verify	Recover stopped G5 original compiler diagnostics	2026-10-07T17:05:47.4516270Z       "lake",
verify	Recover stopped G5 original compiler diagnostics	2026-10-07T17:05:47.4516345Z       "env",
verify	Recover stopped G5 original compiler diagnostics	2026-10-07T17:05:47.4516424Z       "lean",
verify	Recover stopped G5 original compiler diagnostics	2026-10-07T17:05:47.4516505Z       "--trust=0",
verify	Recover stopped G5 original compiler diagnostics	2026-10-07T17:05:47.4516584Z       "-j1",
verify	Recover stopped G5 original compiler diagnostics	2026-10-07T17:05:47.4516812Z       "-M4096",
verify	Recover stopped G5 original compiler diagnostics	2026-10-07T17:05:47.4516896Z       "-R",
verify	Recover stopped G5 original compiler diagnostics	2026-10-07T17:05:47.4517013Z       "/home/runner/work/_temp/cloud-g5-build",
verify	Recover stopped G5 original compiler diagnostics	2026-10-07T17:05:47.4517093Z       "-o",
verify	Recover stopped G5 original compiler diagnostics	2026-10-07T17:05:47.4517473Z       "/home/runner/work/_temp/cloud-g5-build/.lake/build/lib/lean/UnifiedLean/Source/SourceStepGeneratorBinding.olean",
verify	Recover stopped G5 original compiler diagnostics	2026-10-07T17:05:47.4517555Z       "-i",
verify	Recover stopped G5 original compiler diagnostics	2026-10-07T17:05:47.4517922Z       "/home/runner/work/_temp/cloud-g5-build/.lake/build/lib/lean/UnifiedLean/Source/SourceStepGeneratorBinding.ilean",
verify	Recover stopped G5 original compiler diagnostics	2026-10-07T17:05:47.4518216Z       "/home/runner/work/_temp/cloud-g5-build/UnifiedLean/Source/SourceStepGeneratorBinding.lean"
verify	Recover stopped G5 original compiler diagnostics	2026-10-07T17:05:47.4518293Z     ],
verify	Recover stopped G5 original compiler diagnostics	2026-10-07T17:05:47.4518389Z     "start_unix": 1791389713.4207542,
verify	Recover stopped G5 original compiler diagnostics	2026-10-07T17:05:47.4518485Z     "end_unix": 1791389716.8421624,
verify	Recover stopped G5 original compiler diagnostics	2026-10-07T17:05:47.4518568Z     "exit": 0,
verify	Recover stopped G5 original compiler diagnostics	2026-10-07T17:05:47.4518804Z     "log_sha256": "639930aaac97f91ae5d88fc12a5034a0d45dafc36a7a797bacb1039d2e34fdc5"
verify	Recover stopped G5 original compiler diagnostics	2026-10-07T17:05:47.4518880Z   },
verify	Recover stopped G5 original compiler diagnostics	2026-10-07T17:05:47.4518951Z   {
verify	Recover stopped G5 original compiler diagnostics	2026-10-07T17:05:47.4519136Z     "name": "UnifiedLean.Source.MatrixProjectionExponential",
verify	Recover stopped G5 original compiler diagnostics	2026-10-07T17:05:47.4519218Z     "command": [
verify	Recover stopped G5 original compiler diagnostics	2026-10-07T17:05:47.4519297Z       "lake",
verify	Recover stopped G5 original compiler diagnostics	2026-10-07T17:05:47.4519377Z       "env",
verify	Recover stopped G5 original compiler diagnostics	2026-10-07T17:05:47.4519463Z       "lean",
verify	Recover stopped G5 original compiler diagnostics	2026-10-07T17:05:47.4519550Z       "--trust=0",
verify	Recover stopped G5 original compiler diagnostics	2026-10-07T17:05:47.4519626Z       "-j1",
verify	Recover stopped G5 original compiler diagnostics	2026-10-07T17:05:47.4519709Z       "-M4096",
verify	Recover stopped G5 original compiler diagnostics	2026-10-07T17:05:47.4519788Z       "-R",
verify	Recover stopped G5 original compiler diagnostics	2026-10-07T17:05:47.4519911Z       "/home/runner/work/_temp/cloud-g5-build",
verify	Recover stopped G5 original compiler diagnostics	2026-10-07T17:05:47.4519988Z       "-o",
verify	Recover stopped G5 original compiler diagnostics	2026-10-07T17:05:47.4520372Z       "/home/runner/work/_temp/cloud-g5-build/.lake/build/lib/lean/UnifiedLean/Source/MatrixProjectionExponential.olean",
verify	Recover stopped G5 original compiler diagnostics	2026-10-07T17:05:47.4520448Z       "-i",
verify	Recover stopped G5 original compiler diagnostics	2026-10-07T17:05:47.4520823Z       "/home/runner/work/_temp/cloud-g5-build/.lake/build/lib/lean/UnifiedLean/Source/MatrixProjectionExponential.ilean",
verify	Recover stopped G5 original compiler diagnostics	2026-10-07T17:05:47.4521119Z       "/home/runner/work/_temp/cloud-g5-build/UnifiedLean/Source/MatrixProjectionExponential.lean"
verify	Recover stopped G5 original compiler diagnostics	2026-10-07T17:05:47.4521193Z     ],
verify	Recover stopped G5 original compiler diagnostics	2026-10-07T17:05:47.4521294Z     "start_unix": 1791389716.843893,
verify	Recover stopped G5 original compiler diagnostics	2026-10-07T17:05:47.4521385Z     "end_unix": 1791389720.0146616,
verify	Recover stopped G5 original compiler diagnostics	2026-10-07T17:05:47.4521474Z     "exit": 0,
verify	Recover stopped G5 original compiler diagnostics	2026-10-07T17:05:47.4521842Z     "log_sha256": "47deb8e9780af82ab7be6bebe5133a149bdb1e0b7ec006c299cb898952db9b85"
verify	Recover stopped G5 original compiler diagnostics	2026-10-07T17:05:47.4521920Z   },
verify	Recover stopped G5 original compiler diagnostics	2026-10-07T17:05:47.4521998Z   {
verify	Recover stopped G5 original compiler diagnostics	2026-10-07T17:05:47.4522161Z     "name": "UnifiedLean.Source.SourceFiniteProjection",
verify	Recover stopped G5 original compiler diagnostics	2026-10-07T17:05:47.4522247Z     "command": [
verify	Recover stopped G5 original compiler diagnostics	2026-10-07T17:05:47.4522325Z       "lake",
verify	Recover stopped G5 original compiler diagnostics	2026-10-07T17:05:47.4522407Z       "env",
verify	Recover stopped G5 original compiler diagnostics	2026-10-07T17:05:47.4522482Z       "lean",
verify	Recover stopped G5 original compiler diagnostics	2026-10-07T17:05:47.4522565Z       "--trust=0",
verify	Recover stopped G5 original compiler diagnostics	2026-10-07T17:05:47.4522641Z       "-j1",
verify	Recover stopped G5 original compiler diagnostics	2026-10-07T17:05:47.4522720Z       "-M4096",
verify	Recover stopped G5 original compiler diagnostics	2026-10-07T17:05:47.4522797Z       "-R",
verify	Recover stopped G5 original compiler diagnostics	2026-10-07T17:05:47.4522910Z       "/home/runner/work/_temp/cloud-g5-build",
verify	Recover stopped G5 original compiler diagnostics	2026-10-07T17:05:47.4522989Z       "-o",
verify	Recover stopped G5 original compiler diagnostics	2026-10-07T17:05:47.4523340Z       "/home/runner/work/_temp/cloud-g5-build/.lake/build/lib/lean/UnifiedLean/Source/SourceFiniteProjection.olean",
verify	Recover stopped G5 original compiler diagnostics	2026-10-07T17:05:47.4523419Z       "-i",
verify	Recover stopped G5 original compiler diagnostics	2026-10-07T17:05:47.4523761Z       "/home/runner/work/_temp/cloud-g5-build/.lake/build/lib/lean/UnifiedLean/Source/SourceFiniteProjection.ilean",
verify	Recover stopped G5 original compiler diagnostics	2026-10-07T17:05:47.4524040Z       "/home/runner/work/_temp/cloud-g5-build/UnifiedLean/Source/SourceFiniteProjection.lean"
verify	Recover stopped G5 original compiler diagnostics	2026-10-07T17:05:47.4524117Z     ],
verify	Recover stopped G5 original compiler diagnostics	2026-10-07T17:05:47.4524330Z     "start_unix": 1791389720.0164764,
verify	Recover stopped G5 original compiler diagnostics	2026-10-07T17:05:47.4524428Z     "end_unix": 1791389723.387544,
verify	Recover stopped G5 original compiler diagnostics	2026-10-07T17:05:47.4524507Z     "exit": 0,
verify	Recover stopped G5 original compiler diagnostics	2026-10-07T17:05:47.4524743Z     "log_sha256": "03eeb639b6e74ac75fa578881b59878b6fd6829b08734b5e1d7a677295a1f9e3"
verify	Recover stopped G5 original compiler diagnostics	2026-10-07T17:05:47.4524816Z   },
verify	Recover stopped G5 original compiler diagnostics	2026-10-07T17:05:47.4524895Z   {
verify	Recover stopped G5 original compiler diagnostics	2026-10-07T17:05:47.4525043Z     "name": "UnifiedLean.Source.SourcePoissonKernel",
verify	Recover stopped G5 original compiler diagnostics	2026-10-07T17:05:47.4525128Z     "command": [
verify	Recover stopped G5 original compiler diagnostics	2026-10-07T17:05:47.4525206Z       "lake",
verify	Recover stopped G5 original compiler diagnostics	2026-10-07T17:05:47.4525279Z       "env",
verify	Recover stopped G5 original compiler diagnostics	2026-10-07T17:05:47.4525359Z       "lean",
verify	Recover stopped G5 original compiler diagnostics	2026-10-07T17:05:47.4525438Z       "--trust=0",
verify	Recover stopped G5 original compiler diagnostics	2026-10-07T17:05:47.4525520Z       "-j1",
verify	Recover stopped G5 original compiler diagnostics	2026-10-07T17:05:47.4525597Z       "-M4096",
verify	Recover stopped G5 original compiler diagnostics	2026-10-07T17:05:47.4525677Z       "-R",
verify	Recover stopped G5 original compiler diagnostics	2026-10-07T17:05:47.4525797Z       "/home/runner/work/_temp/cloud-g5-build",
verify	Recover stopped G5 original compiler diagnostics	2026-10-07T17:05:47.4525877Z       "-o",
verify	Recover stopped G5 original compiler diagnostics	2026-10-07T17:05:47.4526222Z       "/home/runner/work/_temp/cloud-g5-build/.lake/build/lib/lean/UnifiedLean/Source/SourcePoissonKernel.olean",
verify	Recover stopped G5 original compiler diagnostics	2026-10-07T17:05:47.4526306Z       "-i",
verify	Recover stopped G5 original compiler diagnostics	2026-10-07T17:05:47.4526771Z       "/home/runner/work/_temp/cloud-g5-build/.lake/build/lib/lean/UnifiedLean/Source/SourcePoissonKernel.ilean",
verify	Recover stopped G5 original compiler diagnostics	2026-10-07T17:05:47.4527033Z       "/home/runner/work/_temp/cloud-g5-build/UnifiedLean/Source/SourcePoissonKernel.lean"
verify	Recover stopped G5 original compiler diagnostics	2026-10-07T17:05:47.4527112Z     ],
verify	Recover stopped G5 original compiler diagnostics	2026-10-07T17:05:47.4527206Z     "start_unix": 1791389723.389272,
verify	Recover stopped G5 original compiler diagnostics	2026-10-07T17:05:47.4527301Z     "end_unix": 1791389726.5111573,
verify	Recover stopped G5 original compiler diagnostics	2026-10-07T17:05:47.4527384Z     "exit": 0,
verify	Recover stopped G5 original compiler diagnostics	2026-10-07T17:05:47.4527619Z     "log_sha256": "4ab2374dc12a6ec9dcb552f393f68c1a5e973ddffc308fa48d08a6979ca01515"
verify	Recover stopped G5 original compiler diagnostics	2026-10-07T17:05:47.4527699Z   },
verify	Recover stopped G5 original compiler diagnostics	2026-10-07T17:05:47.4527771Z   {
verify	Recover stopped G5 original compiler diagnostics	2026-10-07T17:05:47.4527949Z     "name": "UnifiedLean.Source.SourceGeneratorExponential",
verify	Recover stopped G5 original compiler diagnostics	2026-10-07T17:05:47.4528036Z     "command": [
verify	Recover stopped G5 original compiler diagnostics	2026-10-07T17:05:47.4528115Z       "lake",
verify	Recover stopped G5 original compiler diagnostics	2026-10-07T17:05:47.4528196Z       "env",
verify	Recover stopped G5 original compiler diagnostics	2026-10-07T17:05:47.4528271Z       "lean",
verify	Recover stopped G5 original compiler diagnostics	2026-10-07T17:05:47.4528356Z       "--trust=0",
verify	Recover stopped G5 original compiler diagnostics	2026-10-07T17:05:47.4528436Z       "-j1",
verify	Recover stopped G5 original compiler diagnostics	2026-10-07T17:05:47.4528518Z       "-M4096",
verify	Recover stopped G5 original compiler diagnostics	2026-10-07T17:05:47.4528594Z       "-R",
verify	Recover stopped G5 original compiler diagnostics	2026-10-07T17:05:47.4528713Z       "/home/runner/work/_temp/cloud-g5-build",
verify	Recover stopped G5 original compiler diagnostics	2026-10-07T17:05:47.4528787Z       "-o",
verify	Recover stopped G5 original compiler diagnostics	2026-10-07T17:05:47.4529161Z       "/home/runner/work/_temp/cloud-g5-build/.lake/build/lib/lean/UnifiedLean/Source/SourceGeneratorExponential.olean",
verify	Recover stopped G5 original compiler diagnostics	2026-10-07T17:05:47.4529242Z       "-i",
verify	Recover stopped G5 original compiler diagnostics	2026-10-07T17:05:47.4529605Z       "/home/runner/work/_temp/cloud-g5-build/.lake/build/lib/lean/UnifiedLean/Source/SourceGeneratorExponential.ilean",
verify	Recover stopped G5 original compiler diagnostics	2026-10-07T17:05:47.4529894Z       "/home/runner/work/_temp/cloud-g5-build/UnifiedLean/Source/SourceGeneratorExponential.lean"
verify	Recover stopped G5 original compiler diagnostics	2026-10-07T17:05:47.4529967Z     ],
verify	Recover stopped G5 original compiler diagnostics	2026-10-07T17:05:47.4530069Z     "start_unix": 1791389726.5130422,
verify	Recover stopped G5 original compiler diagnostics	2026-10-07T17:05:47.4530291Z     "end_unix": 1791389729.684152,
verify	Recover stopped G5 original compiler diagnostics	2026-10-07T17:05:47.4530376Z     "exit": 0,
verify	Recover stopped G5 original compiler diagnostics	2026-10-07T17:05:47.4530622Z     "log_sha256": "9f7be220015bcaa23cac6e4dab4b6545500cd24429b9a0b0e111027bbf31af74"
verify	Recover stopped G5 original compiler diagnostics	2026-10-07T17:05:47.4530699Z   },
verify	Recover stopped G5 original compiler diagnostics	2026-10-07T17:05:47.4530773Z   {
verify	Recover stopped G5 original compiler diagnostics	2026-10-07T17:05:47.4530941Z     "name": "UnifiedLean.Source.SourcePoissonExponential",
verify	Recover stopped G5 original compiler diagnostics	2026-10-07T17:05:47.4531026Z     "command": [
verify	Recover stopped G5 original compiler diagnostics	2026-10-07T17:05:47.4531103Z       "lake",
verify	Recover stopped G5 original compiler diagnostics	2026-10-07T17:05:47.4531183Z       "env",
verify	Recover stopped G5 original compiler diagnostics	2026-10-07T17:05:47.4531258Z       "lean",
verify	Recover stopped G5 original compiler diagnostics	2026-10-07T17:05:47.4531342Z       "--trust=0",
verify	Recover stopped G5 original compiler diagnostics	2026-10-07T17:05:47.4531423Z       "-j1",
verify	Recover stopped G5 original compiler diagnostics	2026-10-07T17:05:47.4531501Z       "-M4096",
verify	Recover stopped G5 original compiler diagnostics	2026-10-07T17:05:47.4531582Z       "-R",
verify	Recover stopped G5 original compiler diagnostics	2026-10-07T17:05:47.4531696Z       "/home/runner/work/_temp/cloud-g5-build",
verify	Recover stopped G5 original compiler diagnostics	2026-10-07T17:05:47.4531779Z       "-o",
verify	Recover stopped G5 original compiler diagnostics	2026-10-07T17:05:47.4532136Z       "/home/runner/work/_temp/cloud-g5-build/.lake/build/lib/lean/UnifiedLean/Source/SourcePoissonExponential.olean",
verify	Recover stopped G5 original compiler diagnostics	2026-10-07T17:05:47.4532220Z       "-i",
verify	Recover stopped G5 original compiler diagnostics	2026-10-07T17:05:47.4532573Z       "/home/runner/work/_temp/cloud-g5-build/.lake/build/lib/lean/UnifiedLean/Source/SourcePoissonExponential.ilean",
verify	Recover stopped G5 original compiler diagnostics	2026-10-07T17:05:47.4532858Z       "/home/runner/work/_temp/cloud-g5-build/UnifiedLean/Source/SourcePoissonExponential.lean"
verify	Recover stopped G5 original compiler diagnostics	2026-10-07T17:05:47.4533054Z     ],
verify	Recover stopped G5 original compiler diagnostics	2026-10-07T17:05:47.4533150Z     "start_unix": 1791389729.6858058,
verify	Recover stopped G5 original compiler diagnostics	2026-10-07T17:05:47.4533245Z     "end_unix": 1791389733.1573493,
verify	Recover stopped G5 original compiler diagnostics	2026-10-07T17:05:47.4533324Z     "exit": 0,
verify	Recover stopped G5 original compiler diagnostics	2026-10-07T17:05:47.4533566Z     "log_sha256": "f5e21e3dff34b6ad5c40fb34ae33e8c75f0c223f9bd577d273c8eb53d4322e1f"
verify	Recover stopped G5 original compiler diagnostics	2026-10-07T17:05:47.4533640Z   },
verify	Recover stopped G5 original compiler diagnostics	2026-10-07T17:05:47.4533715Z   {
verify	Recover stopped G5 original compiler diagnostics	2026-10-07T17:05:47.4533870Z     "name": "UnifiedLean.Source.SourceEpochSemigroup",
verify	Recover stopped G5 original compiler diagnostics	2026-10-07T17:05:47.4533951Z     "command": [
verify	Recover stopped G5 original compiler diagnostics	2026-10-07T17:05:47.4534030Z       "lake",
verify	Recover stopped G5 original compiler diagnostics	2026-10-07T17:05:47.4534106Z       "env",
verify	Recover stopped G5 original compiler diagnostics	2026-10-07T17:05:47.4534184Z       "lean",
verify	Recover stopped G5 original compiler diagnostics	2026-10-07T17:05:47.4534263Z       "--trust=0",
verify	Recover stopped G5 original compiler diagnostics	2026-10-07T17:05:47.4534346Z       "-j1",
verify	Recover stopped G5 original compiler diagnostics	2026-10-07T17:05:47.4534423Z       "-M4096",
verify	Recover stopped G5 original compiler diagnostics	2026-10-07T17:05:47.4534501Z       "-R",
verify	Recover stopped G5 original compiler diagnostics	2026-10-07T17:05:47.4534618Z       "/home/runner/work/_temp/cloud-g5-build",
verify	Recover stopped G5 original compiler diagnostics	2026-10-07T17:05:47.4534695Z       "-o",
verify	Recover stopped G5 original compiler diagnostics	2026-10-07T17:05:47.4535047Z       "/home/runner/work/_temp/cloud-g5-build/.lake/build/lib/lean/UnifiedLean/Source/SourceEpochSemigroup.olean",
verify	Recover stopped G5 original compiler diagnostics	2026-10-07T17:05:47.4535125Z       "-i",
verify	Recover stopped G5 original compiler diagnostics	2026-10-07T17:05:47.4535466Z       "/home/runner/work/_temp/cloud-g5-build/.lake/build/lib/lean/UnifiedLean/Source/SourceEpochSemigroup.ilean",
verify	Recover stopped G5 original compiler diagnostics	2026-10-07T17:05:47.4535726Z       "/home/runner/work/_temp/cloud-g5-build/UnifiedLean/Source/SourceEpochSemigroup.lean"
verify	Recover stopped G5 original compiler diagnostics	2026-10-07T17:05:47.4535804Z     ],
verify	Recover stopped G5 original compiler diagnostics	2026-10-07T17:05:47.4535901Z     "start_unix": 1791389733.159196,
verify	Recover stopped G5 original compiler diagnostics	2026-10-07T17:05:47.4535991Z     "end_unix": 1791389736.4325204,
verify	Recover stopped G5 original compiler diagnostics	2026-10-07T17:05:47.4536074Z     "exit": 0,
verify	Recover stopped G5 original compiler diagnostics	2026-10-07T17:05:47.4536309Z     "log_sha256": "4a95d1361a2aed25fbf707daf634dd249b3ec14849d79cc5e3ebb8b2b3041eb8"
verify	Recover stopped G5 original compiler diagnostics	2026-10-07T17:05:47.4536390Z   },
verify	Recover stopped G5 original compiler diagnostics	2026-10-07T17:05:47.4536460Z   {
verify	Recover stopped G5 original compiler diagnostics	2026-10-07T17:05:47.4536760Z     "name": "UnifiedLean.Source.SourceCalendarCompatibility",
verify	Recover stopped G5 original compiler diagnostics	2026-10-07T17:05:47.4536846Z     "command": [
verify	Recover stopped G5 original compiler diagnostics	2026-10-07T17:05:47.4536925Z       "lake",
verify	Recover stopped G5 original compiler diagnostics	2026-10-07T17:05:47.4537011Z       "env",
verify	Recover stopped G5 original compiler diagnostics	2026-10-07T17:05:47.4537087Z       "lean",
verify	Recover stopped G5 original compiler diagnostics	2026-10-07T17:05:47.4537171Z       "--trust=0",
verify	Recover stopped G5 original compiler diagnostics	2026-10-07T17:05:47.4537247Z       "-j1",
verify	Recover stopped G5 original compiler diagnostics	2026-10-07T17:05:47.4537329Z       "-M4096",
verify	Recover stopped G5 original compiler diagnostics	2026-10-07T17:05:47.4537405Z       "-R",
verify	Recover stopped G5 original compiler diagnostics	2026-10-07T17:05:47.4537526Z       "/home/runner/work/_temp/cloud-g5-build",
verify	Recover stopped G5 original compiler diagnostics	2026-10-07T17:05:47.4537602Z       "-o",
verify	Recover stopped G5 original compiler diagnostics	2026-10-07T17:05:47.4537981Z       "/home/runner/work/_temp/cloud-g5-build/.lake/build/lib/lean/UnifiedLean/Source/SourceCalendarCompatibility.olean",
verify	Recover stopped G5 original compiler diagnostics	2026-10-07T17:05:47.4538063Z       "-i",
verify	Recover stopped G5 original compiler diagnostics	2026-10-07T17:05:47.4538431Z       "/home/runner/work/_temp/cloud-g5-build/.lake/build/lib/lean/UnifiedLean/Source/SourceCalendarCompatibility.ilean",
verify	Recover stopped G5 original compiler diagnostics	2026-10-07T17:05:47.4538722Z       "/home/runner/work/_temp/cloud-g5-build/UnifiedLean/Source/SourceCalendarCompatibility.lean"
verify	Recover stopped G5 original compiler diagnostics	2026-10-07T17:05:47.4538957Z     ],
verify	Recover stopped G5 original compiler diagnostics	2026-10-07T17:05:47.4539056Z     "start_unix": 1791389736.434368,
verify	Recover stopped G5 original compiler diagnostics	2026-10-07T17:05:47.4539149Z     "end_unix": 1791389739.655107,
verify	Recover stopped G5 original compiler diagnostics	2026-10-07T17:05:47.4539236Z     "exit": 0,
verify	Recover stopped G5 original compiler diagnostics	2026-10-07T17:05:47.4539469Z     "log_sha256": "2c13ce207f94dd146844610b9678edb95a61dd6e7cf6b64f2a39426bacfe0fe5"
verify	Recover stopped G5 original compiler diagnostics	2026-10-07T17:05:47.4539542Z   },
verify	Recover stopped G5 original compiler diagnostics	2026-10-07T17:05:47.4539619Z   {
verify	Recover stopped G5 original compiler diagnostics	2026-10-07T17:05:47.4539796Z     "name": "UnifiedLean.Source.SourceForestPulseTransport",
verify	Recover stopped G5 original compiler diagnostics	2026-10-07T17:05:47.4539884Z     "command": [
verify	Recover stopped G5 original compiler diagnostics	2026-10-07T17:05:47.4539960Z       "lake",
verify	Recover stopped G5 original compiler diagnostics	2026-10-07T17:05:47.4540041Z       "env",
verify	Recover stopped G5 original compiler diagnostics	2026-10-07T17:05:47.4540118Z       "lean",
verify	Recover stopped G5 original compiler diagnostics	2026-10-07T17:05:47.4540203Z       "--trust=0",
verify	Recover stopped G5 original compiler diagnostics	2026-10-07T17:05:47.4540283Z       "-j1",
verify	Recover stopped G5 original compiler diagnostics	2026-10-07T17:05:47.4540361Z       "-M4096",
verify	Recover stopped G5 original compiler diagnostics	2026-10-07T17:05:47.4540441Z       "-R",
verify	Recover stopped G5 original compiler diagnostics	2026-10-07T17:05:47.4540571Z       "/home/runner/work/_temp/cloud-g5-build",
verify	Recover stopped G5 original compiler diagnostics	2026-10-07T17:05:47.4540652Z       "-o",
verify	Recover stopped G5 original compiler diagnostics	2026-10-07T17:05:47.4541034Z       "/home/runner/work/_temp/cloud-g5-build/.lake/build/lib/lean/UnifiedLean/Source/SourceForestPulseTransport.olean",
verify	Recover stopped G5 original compiler diagnostics	2026-10-07T17:05:47.4541117Z       "-i",
verify	Recover stopped G5 original compiler diagnostics	2026-10-07T17:05:47.4541490Z       "/home/runner/work/_temp/cloud-g5-build/.lake/build/lib/lean/UnifiedLean/Source/SourceForestPulseTransport.ilean",
verify	Recover stopped G5 original compiler diagnostics	2026-10-07T17:05:47.4541902Z       "/home/runner/work/_temp/cloud-g5-build/UnifiedLean/Source/SourceForestPulseTransport.lean"
verify	Recover stopped G5 original compiler diagnostics	2026-10-07T17:05:47.4541982Z     ],
verify	Recover stopped G5 original compiler diagnostics	2026-10-07T17:05:47.4542081Z     "start_unix": 1791389739.656967,
verify	Recover stopped G5 original compiler diagnostics	2026-10-07T17:05:47.4542179Z     "end_unix": 1791389741.875634,
verify	Recover stopped G5 original compiler diagnostics	2026-10-07T17:05:47.4542260Z     "exit": 0,
verify	Recover stopped G5 original compiler diagnostics	2026-10-07T17:05:47.4542509Z     "log_sha256": "0117db13bdb95c5ccb6f610ee2fb0e1b62bea55704cafa2b193547af673687a6"
verify	Recover stopped G5 original compiler diagnostics	2026-10-07T17:05:47.4542586Z   },
verify	Recover stopped G5 original compiler diagnostics	2026-10-07T17:05:47.4542658Z   {
verify	Recover stopped G5 original compiler diagnostics	2026-10-07T17:05:47.4542830Z     "name": "UnifiedLean.Source.SourceForestPulseMeasure",
verify	Recover stopped G5 original compiler diagnostics	2026-10-07T17:05:47.4542913Z     "command": [
verify	Recover stopped G5 original compiler diagnostics	2026-10-07T17:05:47.4542997Z       "lake",
verify	Recover stopped G5 original compiler diagnostics	2026-10-07T17:05:47.4543079Z       "env",
verify	Recover stopped G5 original compiler diagnostics	2026-10-07T17:05:47.4543160Z       "lean",
verify	Recover stopped G5 original compiler diagnostics	2026-10-07T17:05:47.4543242Z       "--trust=0",
verify	Recover stopped G5 original compiler diagnostics	2026-10-07T17:05:47.4543324Z       "-j1",
verify	Recover stopped G5 original compiler diagnostics	2026-10-07T17:05:47.4543403Z       "-M4096",
verify	Recover stopped G5 original compiler diagnostics	2026-10-07T17:05:47.4543491Z       "-R",
verify	Recover stopped G5 original compiler diagnostics	2026-10-07T17:05:47.4543615Z       "/home/runner/work/_temp/cloud-g5-build",
verify	Recover stopped G5 original compiler diagnostics	2026-10-07T17:05:47.4543694Z       "-o",
verify	Recover stopped G5 original compiler diagnostics	2026-10-07T17:05:47.4544067Z       "/home/runner/work/_temp/cloud-g5-build/.lake/build/lib/lean/UnifiedLean/Source/SourceForestPulseMeasure.olean",
verify	Recover stopped G5 original compiler diagnostics	2026-10-07T17:05:47.4544144Z       "-i",
verify	Recover stopped G5 original compiler diagnostics	2026-10-07T17:05:47.4544503Z       "/home/runner/work/_temp/cloud-g5-build/.lake/build/lib/lean/UnifiedLean/Source/SourceForestPulseMeasure.ilean",
verify	Recover stopped G5 original compiler diagnostics	2026-10-07T17:05:47.4544783Z       "/home/runner/work/_temp/cloud-g5-build/UnifiedLean/Source/SourceForestPulseMeasure.lean"
verify	Recover stopped G5 original compiler diagnostics	2026-10-07T17:05:47.4544862Z     ],
verify	Recover stopped G5 original compiler diagnostics	2026-10-07T17:05:47.4544967Z     "start_unix": 1791389741.8775396,
verify	Recover stopped G5 original compiler diagnostics	2026-10-07T17:05:47.4545062Z     "end_unix": 1791389744.5473711,
verify	Recover stopped G5 original compiler diagnostics	2026-10-07T17:05:47.4545147Z     "exit": 0,
verify	Recover stopped G5 original compiler diagnostics	2026-10-07T17:05:47.4545379Z     "log_sha256": "94ae0c226c45a80056a0617962818bef7aa074ef4ebfe19078b50c0034306ae8"
verify	Recover stopped G5 original compiler diagnostics	2026-10-07T17:05:47.4545457Z   },
verify	Recover stopped G5 original compiler diagnostics	2026-10-07T17:05:47.4545530Z   {
verify	Recover stopped G5 original compiler diagnostics	2026-10-07T17:05:47.4545699Z     "name": "UnifiedLean.Source.SourceForestCommonPulse",
verify	Recover stopped G5 original compiler diagnostics	2026-10-07T17:05:47.4545785Z     "command": [
verify	Recover stopped G5 original compiler diagnostics	2026-10-07T17:05:47.4545862Z       "lake",
verify	Recover stopped G5 original compiler diagnostics	2026-10-07T17:05:47.4545943Z       "env",
verify	Recover stopped G5 original compiler diagnostics	2026-10-07T17:05:47.4546019Z       "lean",
verify	Recover stopped G5 original compiler diagnostics	2026-10-07T17:05:47.4546106Z       "--trust=0",
verify	Recover stopped G5 original compiler diagnostics	2026-10-07T17:05:47.4546184Z       "-j1",
verify	Recover stopped G5 original compiler diagnostics	2026-10-07T17:05:47.4546268Z       "-M4096",
verify	Recover stopped G5 original compiler diagnostics	2026-10-07T17:05:47.4546344Z       "-R",
verify	Recover stopped G5 original compiler diagnostics	2026-10-07T17:05:47.4546464Z       "/home/runner/work/_temp/cloud-g5-build",
verify	Recover stopped G5 original compiler diagnostics	2026-10-07T17:05:47.4546544Z       "-o",
verify	Recover stopped G5 original compiler diagnostics	2026-10-07T17:05:47.4547080Z       "/home/runner/work/_temp/cloud-g5-build/.lake/build/lib/lean/UnifiedLean/Source/SourceForestCommonPulse.olean",
verify	Recover stopped G5 original compiler diagnostics	2026-10-07T17:05:47.4547165Z       "-i",
verify	Recover stopped G5 original compiler diagnostics	2026-10-07T17:05:47.4547513Z       "/home/runner/work/_temp/cloud-g5-build/.lake/build/lib/lean/UnifiedLean/Source/SourceForestCommonPulse.ilean",
verify	Recover stopped G5 original compiler diagnostics	2026-10-07T17:05:47.4547921Z       "/home/runner/work/_temp/cloud-g5-build/UnifiedLean/Source/SourceForestCommonPulse.lean"
verify	Recover stopped G5 original compiler diagnostics	2026-10-07T17:05:47.4547996Z     ],
verify	Recover stopped G5 original compiler diagnostics	2026-10-07T17:05:47.4548102Z     "start_unix": 1791389744.5494223,
verify	Recover stopped G5 original compiler diagnostics	2026-10-07T17:05:47.4548200Z     "end_unix": 1791389746.3676414,
verify	Recover stopped G5 original compiler diagnostics	2026-10-07T17:05:47.4548282Z     "exit": 0,
verify	Recover stopped G5 original compiler diagnostics	2026-10-07T17:05:47.4548524Z     "log_sha256": "7b8aded7c2331926fabd2760aea65c0dbd892d86a3d86ec5f32ba30c700543ed"
verify	Recover stopped G5 original compiler diagnostics	2026-10-07T17:05:47.4548598Z   },
verify	Recover stopped G5 original compiler diagnostics	2026-10-07T17:05:47.4548674Z   {
verify	Recover stopped G5 original compiler diagnostics	2026-10-07T17:05:47.4548829Z     "name": "UnifiedLean.Source.SourceBoundaryKernels",
verify	Recover stopped G5 original compiler diagnostics	2026-10-07T17:05:47.4548915Z     "command": [
verify	Recover stopped G5 original compiler diagnostics	2026-10-07T17:05:47.4548993Z       "lake",
verify	Recover stopped G5 original compiler diagnostics	2026-10-07T17:05:47.4549074Z       "env",
verify	Recover stopped G5 original compiler diagnostics	2026-10-07T17:05:47.4549157Z       "lean",
verify	Recover stopped G5 original compiler diagnostics	2026-10-07T17:05:47.4549237Z       "--trust=0",
verify	Recover stopped G5 original compiler diagnostics	2026-10-07T17:05:47.4549320Z       "-j1",
verify	Recover stopped G5 original compiler diagnostics	2026-10-07T17:05:47.4549397Z       "-M4096",
verify	Recover stopped G5 original compiler diagnostics	2026-10-07T17:05:47.4549479Z       "-R",
verify	Recover stopped G5 original compiler diagnostics	2026-10-07T17:05:47.4549604Z       "/home/runner/work/_temp/cloud-g5-build",
verify	Recover stopped G5 original compiler diagnostics	2026-10-07T17:05:47.4549684Z       "-o",
verify	Recover stopped G5 original compiler diagnostics	2026-10-07T17:05:47.4550035Z       "/home/runner/work/_temp/cloud-g5-build/.lake/build/lib/lean/UnifiedLean/Source/SourceBoundaryKernels.olean",
verify	Recover stopped G5 original compiler diagnostics	2026-10-07T17:05:47.4550233Z       "-i",
verify	Recover stopped G5 original compiler diagnostics	2026-10-07T17:05:47.4550576Z       "/home/runner/work/_temp/cloud-g5-build/.lake/build/lib/lean/UnifiedLean/Source/SourceBoundaryKernels.ilean",
verify	Recover stopped G5 original compiler diagnostics	2026-10-07T17:05:47.4550839Z       "/home/runner/work/_temp/cloud-g5-build/UnifiedLean/Source/SourceBoundaryKernels.lean"
verify	Recover stopped G5 original compiler diagnostics	2026-10-07T17:05:47.4550916Z     ],
verify	Recover stopped G5 original compiler diagnostics	2026-10-07T17:05:47.4551018Z     "start_unix": 1791389746.3694992,
verify	Recover stopped G5 original compiler diagnostics	2026-10-07T17:05:47.4551111Z     "end_unix": 1791389749.8409207,
verify	Recover stopped G5 original compiler diagnostics	2026-10-07T17:05:47.4551194Z     "exit": 0,
verify	Recover stopped G5 original compiler diagnostics	2026-10-07T17:05:47.4551423Z     "log_sha256": "3278de1ee31a8540d3025e91ff66e0469a5e3205618c4ebadff366b282ff7d90"
verify	Recover stopped G5 original compiler diagnostics	2026-10-07T17:05:47.4551499Z   },
verify	Recover stopped G5 original compiler diagnostics	2026-10-07T17:05:47.4551571Z   {
verify	Recover stopped G5 original compiler diagnostics	2026-10-07T17:05:47.4551740Z     "name": "UnifiedLean.Source.SourceBoundaryProjection",
verify	Recover stopped G5 original compiler diagnostics	2026-10-07T17:05:47.4551832Z     "command": [
verify	Recover stopped G5 original compiler diagnostics	2026-10-07T17:05:47.4551908Z       "lake",
verify	Recover stopped G5 original compiler diagnostics	2026-10-07T17:05:47.4551988Z       "env",
verify	Recover stopped G5 original compiler diagnostics	2026-10-07T17:05:47.4552063Z       "lean",
verify	Recover stopped G5 original compiler diagnostics	2026-10-07T17:05:47.4552153Z       "--trust=0",
verify	Recover stopped G5 original compiler diagnostics	2026-10-07T17:05:47.4552229Z       "-j1",
verify	Recover stopped G5 original compiler diagnostics	2026-10-07T17:05:47.4552311Z       "-M4096",
verify	Recover stopped G5 original compiler diagnostics	2026-10-07T17:05:47.4552385Z       "-R",
verify	Recover stopped G5 original compiler diagnostics	2026-10-07T17:05:47.4552505Z       "/home/runner/work/_temp/cloud-g5-build",
verify	Recover stopped G5 original compiler diagnostics	2026-10-07T17:05:47.4552580Z       "-o",
verify	Recover stopped G5 original compiler diagnostics	2026-10-07T17:05:47.4552943Z       "/home/runner/work/_temp/cloud-g5-build/.lake/build/lib/lean/UnifiedLean/Source/SourceBoundaryProjection.olean",
verify	Recover stopped G5 original compiler diagnostics	2026-10-07T17:05:47.4553022Z       "-i",
verify	Recover stopped G5 original compiler diagnostics	2026-10-07T17:05:47.4553372Z       "/home/runner/work/_temp/cloud-g5-build/.lake/build/lib/lean/UnifiedLean/Source/SourceBoundaryProjection.ilean",
verify	Recover stopped G5 original compiler diagnostics	2026-10-07T17:05:47.4553656Z       "/home/runner/work/_temp/cloud-g5-build/UnifiedLean/Source/SourceBoundaryProjection.lean"
verify	Recover stopped G5 original compiler diagnostics	2026-10-07T17:05:47.4553732Z     ],
verify	Recover stopped G5 original compiler diagnostics	2026-10-07T17:05:47.4553830Z     "start_unix": 1791389749.8431149,
verify	Recover stopped G5 original compiler diagnostics	2026-10-07T17:05:47.4553926Z     "end_unix": 1791389752.9147856,
verify	Recover stopped G5 original compiler diagnostics	2026-10-07T17:05:47.4554009Z     "exit": 0,
verify	Recover stopped G5 original compiler diagnostics	2026-10-07T17:05:47.4554251Z     "log_sha256": "efe59f762bbcaea90fe3877fcf31476c8b5cc52fc3734484bc3baf1ffc7ef455"
verify	Recover stopped G5 original compiler diagnostics	2026-10-07T17:05:47.4554327Z   },
verify	Recover stopped G5 original compiler diagnostics	2026-10-07T17:05:47.4554402Z   {
verify	Recover stopped G5 original compiler diagnostics	2026-10-07T17:05:47.4554561Z     "name": "UnifiedLean.Source.SourceProgramTransport",
verify	Recover stopped G5 original compiler diagnostics	2026-10-07T17:05:47.4554646Z     "command": [
verify	Recover stopped G5 original compiler diagnostics	2026-10-07T17:05:47.4554721Z       "lake",
verify	Recover stopped G5 original compiler diagnostics	2026-10-07T17:05:47.4554803Z       "env",
verify	Recover stopped G5 original compiler diagnostics	2026-10-07T17:05:47.4554885Z       "lean",
verify	Recover stopped G5 original compiler diagnostics	2026-10-07T17:05:47.4554966Z       "--trust=0",
verify	Recover stopped G5 original compiler diagnostics	2026-10-07T17:05:47.4555048Z       "-j1",
verify	Recover stopped G5 original compiler diagnostics	2026-10-07T17:05:47.4555126Z       "-M4096",
verify	Recover stopped G5 original compiler diagnostics	2026-10-07T17:05:47.4555205Z       "-R",
verify	Recover stopped G5 original compiler diagnostics	2026-10-07T17:05:47.4555320Z       "/home/runner/work/_temp/cloud-g5-build",
verify	Recover stopped G5 original compiler diagnostics	2026-10-07T17:05:47.4555397Z       "-o",
verify	Recover stopped G5 original compiler diagnostics	2026-10-07T17:05:47.4555747Z       "/home/runner/work/_temp/cloud-g5-build/.lake/build/lib/lean/UnifiedLean/Source/SourceProgramTransport.olean",
verify	Recover stopped G5 original compiler diagnostics	2026-10-07T17:05:47.4555913Z       "-i",
verify	Recover stopped G5 original compiler diagnostics	2026-10-07T17:05:47.4556260Z       "/home/runner/work/_temp/cloud-g5-build/.lake/build/lib/lean/UnifiedLean/Source/SourceProgramTransport.ilean",
verify	Recover stopped G5 original compiler diagnostics	2026-10-07T17:05:47.4556530Z       "/home/runner/work/_temp/cloud-g5-build/UnifiedLean/Source/SourceProgramTransport.lean"
verify	Recover stopped G5 original compiler diagnostics	2026-10-07T17:05:47.4556735Z     ],
verify	Recover stopped G5 original compiler diagnostics	2026-10-07T17:05:47.4556833Z     "start_unix": 1791389752.9165466,
verify	Recover stopped G5 original compiler diagnostics	2026-10-07T17:05:47.4556930Z     "end_unix": 1791389756.1919475,
verify	Recover stopped G5 original compiler diagnostics	2026-10-07T17:05:47.4557009Z     "exit": 0,
verify	Recover stopped G5 original compiler diagnostics	2026-10-07T17:05:47.4557241Z     "log_sha256": "03536d167bf27989e2507161f3d4a5c62e95f53a2b2a26bdafc3b2acc9103af7"
verify	Recover stopped G5 original compiler diagnostics	2026-10-07T17:05:47.4557318Z   },
verify	Recover stopped G5 original compiler diagnostics	2026-10-07T17:05:47.4557391Z   {
verify	Recover stopped G5 original compiler diagnostics	2026-10-07T17:05:47.4557553Z     "name": "UnifiedLean.Source.SourceCalendarCompiler",
verify	Recover stopped G5 original compiler diagnostics	2026-10-07T17:05:47.4557635Z     "command": [
verify	Recover stopped G5 original compiler diagnostics	2026-10-07T17:05:47.4557715Z       "lake",
verify	Recover stopped G5 original compiler diagnostics	2026-10-07T17:05:47.4557791Z       "env",
verify	Recover stopped G5 original compiler diagnostics	2026-10-07T17:05:47.4557868Z       "lean",
verify	Recover stopped G5 original compiler diagnostics	2026-10-07T17:05:47.4557948Z       "--trust=0",
verify	Recover stopped G5 original compiler diagnostics	2026-10-07T17:05:47.4558033Z       "-j1",
verify	Recover stopped G5 original compiler diagnostics	2026-10-07T17:05:47.4558112Z       "-M4096",
verify	Recover stopped G5 original compiler diagnostics	2026-10-07T17:05:47.4558188Z       "-R",
verify	Recover stopped G5 original compiler diagnostics	2026-10-07T17:05:47.4558308Z       "/home/runner/work/_temp/cloud-g5-build",
verify	Recover stopped G5 original compiler diagnostics	2026-10-07T17:05:47.4558382Z       "-o",
verify	Recover stopped G5 original compiler diagnostics	2026-10-07T17:05:47.4558866Z       "/home/runner/work/_temp/cloud-g5-build/.lake/build/lib/lean/UnifiedLean/Source/SourceCalendarCompiler.olean",
verify	Recover stopped G5 original compiler diagnostics	2026-10-07T17:05:47.4558943Z       "-i",
verify	Recover stopped G5 original compiler diagnostics	2026-10-07T17:05:47.4559286Z       "/home/runner/work/_temp/cloud-g5-build/.lake/build/lib/lean/UnifiedLean/Source/SourceCalendarCompiler.ilean",
verify	Recover stopped G5 original compiler diagnostics	2026-10-07T17:05:47.4559551Z       "/home/runner/work/_temp/cloud-g5-build/UnifiedLean/Source/SourceCalendarCompiler.lean"
verify	Recover stopped G5 original compiler diagnostics	2026-10-07T17:05:47.4559629Z     ],
verify	Recover stopped G5 original compiler diagnostics	2026-10-07T17:05:47.4559728Z     "start_unix": 1791389756.1946177,
verify	Recover stopped G5 original compiler diagnostics	2026-10-07T17:05:47.4559822Z     "end_unix": 1791389759.616004,
verify	Recover stopped G5 original compiler diagnostics	2026-10-07T17:05:47.4559904Z     "exit": 0,
verify	Recover stopped G5 original compiler diagnostics	2026-10-07T17:05:47.4560125Z     "log_sha256": "512c3629c6ba152b45b81707529a257f141ec0b29ce982fb5361344786b4bb92"
verify	Recover stopped G5 original compiler diagnostics	2026-10-07T17:05:47.4560209Z   },
verify	Recover stopped G5 original compiler diagnostics	2026-10-07T17:05:47.4560281Z   {
verify	Recover stopped G5 original compiler diagnostics	2026-10-07T17:05:47.4560446Z     "name": "UnifiedLean.Source.SourceBoundaryLocations",
verify	Recover stopped G5 original compiler diagnostics	2026-10-07T17:05:47.4560530Z     "command": [
verify	Recover stopped G5 original compiler diagnostics	2026-10-07T17:05:47.4560606Z       "lake",
verify	Recover stopped G5 original compiler diagnostics	2026-10-07T17:05:47.4560693Z       "env",
verify	Recover stopped G5 original compiler diagnostics	2026-10-07T17:05:47.4560770Z       "lean",
verify	Recover stopped G5 original compiler diagnostics	2026-10-07T17:05:47.4560854Z       "--trust=0",
verify	Recover stopped G5 original compiler diagnostics	2026-10-07T17:05:47.4560931Z       "-j1",
verify	Recover stopped G5 original compiler diagnostics	2026-10-07T17:05:47.4561013Z       "-M4096",
verify	Recover stopped G5 original compiler diagnostics	2026-10-07T17:05:47.4561089Z       "-R",
verify	Recover stopped G5 original compiler diagnostics	2026-10-07T17:05:47.4561206Z       "/home/runner/work/_temp/cloud-g5-build",
verify	Recover stopped G5 original compiler diagnostics	2026-10-07T17:05:47.4561289Z       "-o",
verify	Recover stopped G5 original compiler diagnostics	2026-10-07T17:05:47.4561640Z       "/home/runner/work/_temp/cloud-g5-build/.lake/build/lib/lean/UnifiedLean/Source/SourceBoundaryLocations.olean",
verify	Recover stopped G5 original compiler diagnostics	2026-10-07T17:05:47.4561722Z       "-i",
verify	Recover stopped G5 original compiler diagnostics	2026-10-07T17:05:47.4562067Z       "/home/runner/work/_temp/cloud-g5-build/.lake/build/lib/lean/UnifiedLean/Source/SourceBoundaryLocations.ilean",
verify	Recover stopped G5 original compiler diagnostics	2026-10-07T17:05:47.4562342Z       "/home/runner/work/_temp/cloud-g5-build/UnifiedLean/Source/SourceBoundaryLocations.lean"
verify	Recover stopped G5 original compiler diagnostics	2026-10-07T17:05:47.4562418Z     ],
verify	Recover stopped G5 original compiler diagnostics	2026-10-07T17:05:47.4562517Z     "start_unix": 1791389759.6180995,
verify	Recover stopped G5 original compiler diagnostics	2026-10-07T17:05:47.4562612Z     "end_unix": 1791389762.9393375,
verify	Recover stopped G5 original compiler diagnostics	2026-10-07T17:05:47.4562694Z     "exit": 0,
verify	Recover stopped G5 original compiler diagnostics	2026-10-07T17:05:47.4562921Z     "log_sha256": "213803aab26a654285e4c457342bdcee7fd75177a47fd1863602158d0903e7a4"
verify	Recover stopped G5 original compiler diagnostics	2026-10-07T17:05:47.4562994Z   },
verify	Recover stopped G5 original compiler diagnostics	2026-10-07T17:05:47.4563071Z   {
verify	Recover stopped G5 original compiler diagnostics	2026-10-07T17:05:47.4563219Z     "name": "UnifiedLean.Source.SourceCalendarTiming",
verify	Recover stopped G5 original compiler diagnostics	2026-10-07T17:05:47.4563302Z     "command": [
verify	Recover stopped G5 original compiler diagnostics	2026-10-07T17:05:47.4563379Z       "lake",
verify	Recover stopped G5 original compiler diagnostics	2026-10-07T17:05:47.4563461Z       "env",
verify	Recover stopped G5 original compiler diagnostics	2026-10-07T17:05:47.4563541Z       "lean",
verify	Recover stopped G5 original compiler diagnostics	2026-10-07T17:05:47.4563621Z       "--trust=0",
verify	Recover stopped G5 original compiler diagnostics	2026-10-07T17:05:47.4563700Z       "-j1",
verify	Recover stopped G5 original compiler diagnostics	2026-10-07T17:05:47.4563777Z       "-M4096",
verify	Recover stopped G5 original compiler diagnostics	2026-10-07T17:05:47.4563854Z       "-R",
verify	Recover stopped G5 original compiler diagnostics	2026-10-07T17:05:47.4563968Z       "/home/runner/work/_temp/cloud-g5-build",
verify	Recover stopped G5 original compiler diagnostics	2026-10-07T17:05:47.4564050Z       "-o",
verify	Recover stopped G5 original compiler diagnostics	2026-10-07T17:05:47.4564394Z       "/home/runner/work/_temp/cloud-g5-build/.lake/build/lib/lean/UnifiedLean/Source/SourceCalendarTiming.olean",
verify	Recover stopped G5 original compiler diagnostics	2026-10-07T17:05:47.4564595Z       "-i",
verify	Recover stopped G5 original compiler diagnostics	2026-10-07T17:05:47.4564939Z       "/home/runner/work/_temp/cloud-g5-build/.lake/build/lib/lean/UnifiedLean/Source/SourceCalendarTiming.ilean",
verify	Recover stopped G5 original compiler diagnostics	2026-10-07T17:05:47.4565203Z       "/home/runner/work/_temp/cloud-g5-build/UnifiedLean/Source/SourceCalendarTiming.lean"
verify	Recover stopped G5 original compiler diagnostics	2026-10-07T17:05:47.4565281Z     ],
verify	Recover stopped G5 original compiler diagnostics	2026-10-07T17:05:47.4565376Z     "start_unix": 1791389762.9412856,
verify	Recover stopped G5 original compiler diagnostics	2026-10-07T17:05:47.4565471Z     "end_unix": 1791389765.9135501,
verify	Recover stopped G5 original compiler diagnostics	2026-10-07T17:05:47.4565551Z     "exit": 0,
verify	Recover stopped G5 original compiler diagnostics	2026-10-07T17:05:47.4565777Z     "log_sha256": "5697a349825a27a0b264e49c1657ffa131285253f91a7eb340eb6158cb5b111d"
verify	Recover stopped G5 original compiler diagnostics	2026-10-07T17:05:47.4565854Z   },
verify	Recover stopped G5 original compiler diagnostics	2026-10-07T17:05:47.4565928Z   {
verify	Recover stopped G5 original compiler diagnostics	2026-10-07T17:05:47.4566120Z     "name": "UnifiedLean.Source.SourceCalendarPhysicalSupport",
verify	Recover stopped G5 original compiler diagnostics	2026-10-07T17:05:47.4566201Z     "command": [
verify	Recover stopped G5 original compiler diagnostics	2026-10-07T17:05:47.4566279Z       "lake",
verify	Recover stopped G5 original compiler diagnostics	2026-10-07T17:05:47.4566356Z       "env",
verify	Recover stopped G5 original compiler diagnostics	2026-10-07T17:05:47.4566439Z       "lean",
verify	Recover stopped G5 original compiler diagnostics	2026-10-07T17:05:47.4566518Z       "--trust=0",
verify	Recover stopped G5 original compiler diagnostics	2026-10-07T17:05:47.4566597Z       "-j1",
verify	Recover stopped G5 original compiler diagnostics	2026-10-07T17:05:47.4566800Z       "-M4096",
verify	Recover stopped G5 original compiler diagnostics	2026-10-07T17:05:47.4566878Z       "-R",
verify	Recover stopped G5 original compiler diagnostics	2026-10-07T17:05:47.4567122Z       "/home/runner/work/_temp/cloud-g5-build",
verify	Recover stopped G5 original compiler diagnostics	2026-10-07T17:05:47.4567201Z       "-o",
verify	Recover stopped G5 original compiler diagnostics	2026-10-07T17:05:47.4567594Z       "/home/runner/work/_temp/cloud-g5-build/.lake/build/lib/lean/UnifiedLean/Source/SourceCalendarPhysicalSupport.olean",
verify	Recover stopped G5 original compiler diagnostics	2026-10-07T17:05:47.4567670Z       "-i",
verify	Recover stopped G5 original compiler diagnostics	2026-10-07T17:05:47.4568052Z       "/home/runner/work/_temp/cloud-g5-build/.lake/build/lib/lean/UnifiedLean/Source/SourceCalendarPhysicalSupport.ilean",
verify	Recover stopped G5 original compiler diagnostics	2026-10-07T17:05:47.4568359Z       "/home/runner/work/_temp/cloud-g5-build/UnifiedLean/Source/SourceCalendarPhysicalSupport.lean"
verify	Recover stopped G5 original compiler diagnostics	2026-10-07T17:05:47.4568434Z     ],
verify	Recover stopped G5 original compiler diagnostics	2026-10-07T17:05:47.4568533Z     "start_unix": 1791389765.9154959,
verify	Recover stopped G5 original compiler diagnostics	2026-10-07T17:05:47.4568626Z     "end_unix": 1791389769.83807,
verify	Recover stopped G5 original compiler diagnostics	2026-10-07T17:05:47.4568708Z     "exit": 0,
verify	Recover stopped G5 original compiler diagnostics	2026-10-07T17:05:47.4568937Z     "log_sha256": "224dc108583c730d8ecbd9687b0d67b43a38730f0f792f394773b47f3956bf0c"
verify	Recover stopped G5 original compiler diagnostics	2026-10-07T17:05:47.4569015Z   },
verify	Recover stopped G5 original compiler diagnostics	2026-10-07T17:05:47.4569090Z   {
verify	Recover stopped G5 original compiler diagnostics	2026-10-07T17:05:47.4569259Z     "name": "UnifiedLean.Source.SourceInitializedCalendar",
verify	Recover stopped G5 original compiler diagnostics	2026-10-07T17:05:47.4569347Z     "command": [
verify	Recover stopped G5 original compiler diagnostics	2026-10-07T17:05:47.4569425Z       "lake",
verify	Recover stopped G5 original compiler diagnostics	2026-10-07T17:05:47.4569504Z       "env",
verify	Recover stopped G5 original compiler diagnostics	2026-10-07T17:05:47.4569580Z       "lean",
verify	Recover stopped G5 original compiler diagnostics	2026-10-07T17:05:47.4569664Z       "--trust=0",
verify	Recover stopped G5 original compiler diagnostics	2026-10-07T17:05:47.4569741Z       "-j1",
verify	Recover stopped G5 original compiler diagnostics	2026-10-07T17:05:47.4569824Z       "-M4096",
verify	Recover stopped G5 original compiler diagnostics	2026-10-07T17:05:47.4569903Z       "-R",
verify	Recover stopped G5 original compiler diagnostics	2026-10-07T17:05:47.4570016Z       "/home/runner/work/_temp/cloud-g5-build",
verify	Recover stopped G5 original compiler diagnostics	2026-10-07T17:05:47.4570097Z       "-o",
verify	Recover stopped G5 original compiler diagnostics	2026-10-07T17:05:47.4570463Z       "/home/runner/work/_temp/cloud-g5-build/.lake/build/lib/lean/UnifiedLean/Source/SourceInitializedCalendar.olean",
verify	Recover stopped G5 original compiler diagnostics	2026-10-07T17:05:47.4570544Z       "-i",
verify	Recover stopped G5 original compiler diagnostics	2026-10-07T17:05:47.4570911Z       "/home/runner/work/_temp/cloud-g5-build/.lake/build/lib/lean/UnifiedLean/Source/SourceInitializedCalendar.ilean",
verify	Recover stopped G5 original compiler diagnostics	2026-10-07T17:05:47.4571199Z       "/home/runner/work/_temp/cloud-g5-build/UnifiedLean/Source/SourceInitializedCalendar.lean"
verify	Recover stopped G5 original compiler diagnostics	2026-10-07T17:05:47.4571276Z     ],
verify	Recover stopped G5 original compiler diagnostics	2026-10-07T17:05:47.4571375Z     "start_unix": 1791389769.8402085,
verify	Recover stopped G5 original compiler diagnostics	2026-10-07T17:05:47.4571470Z     "end_unix": 1791389773.0632966,
verify	Recover stopped G5 original compiler diagnostics	2026-10-07T17:05:47.4571547Z     "exit": 0,
verify	Recover stopped G5 original compiler diagnostics	2026-10-07T17:05:47.4571779Z     "log_sha256": "e9d75008b4716f668127ecf36f4cb6f602844f08f91d3d29edcb3c6faf5e9863"
verify	Recover stopped G5 original compiler diagnostics	2026-10-07T17:05:47.4571851Z   },
verify	Recover stopped G5 original compiler diagnostics	2026-10-07T17:05:47.4571928Z   {
verify	Recover stopped G5 original compiler diagnostics	2026-10-07T17:05:47.4572094Z     "name": "UnifiedLean.Source.SourceActualHoldingClocks",
verify	Recover stopped G5 original compiler diagnostics	2026-10-07T17:05:47.4572178Z     "command": [
verify	Recover stopped G5 original compiler diagnostics	2026-10-07T17:05:47.4572257Z       "lake",
verify	Recover stopped G5 original compiler diagnostics	2026-10-07T17:05:47.4572333Z       "env",
verify	Recover stopped G5 original compiler diagnostics	2026-10-07T17:05:47.4572411Z       "lean",
verify	Recover stopped G5 original compiler diagnostics	2026-10-07T17:05:47.4572491Z       "--trust=0",
verify	Recover stopped G5 original compiler diagnostics	2026-10-07T17:05:47.4572571Z       "-j1",
verify	Recover stopped G5 original compiler diagnostics	2026-10-07T17:05:47.4572648Z       "-M4096",
verify	Recover stopped G5 original compiler diagnostics	2026-10-07T17:05:47.4572726Z       "-R",
verify	Recover stopped G5 original compiler diagnostics	2026-10-07T17:05:47.4572963Z       "/home/runner/work/_temp/cloud-g5-build",
verify	Recover stopped G5 original compiler diagnostics	2026-10-07T17:05:47.4573044Z       "-o",
verify	Recover stopped G5 original compiler diagnostics	2026-10-07T17:05:47.4573410Z       "/home/runner/work/_temp/cloud-g5-build/.lake/build/lib/lean/UnifiedLean/Source/SourceActualHoldingClocks.olean",
verify	Recover stopped G5 original compiler diagnostics	2026-10-07T17:05:47.4573491Z       "-i",
verify	Recover stopped G5 original compiler diagnostics	2026-10-07T17:05:47.4573849Z       "/home/runner/work/_temp/cloud-g5-build/.lake/build/lib/lean/UnifiedLean/Source/SourceActualHoldingClocks.ilean",
verify	Recover stopped G5 original compiler diagnostics	2026-10-07T17:05:47.4574124Z       "/home/runner/work/_temp/cloud-g5-build/UnifiedLean/Source/SourceActualHoldingClocks.lean"
verify	Recover stopped G5 original compiler diagnostics	2026-10-07T17:05:47.4574201Z     ],
verify	Recover stopped G5 original compiler diagnostics	2026-10-07T17:05:47.4574295Z     "start_unix": 1791389773.066862,
verify	Recover stopped G5 original compiler diagnostics	2026-10-07T17:05:47.4574392Z     "end_unix": 1791389776.6380193,
verify	Recover stopped G5 original compiler diagnostics	2026-10-07T17:05:47.4574476Z     "exit": 0,
verify	Recover stopped G5 original compiler diagnostics	2026-10-07T17:05:47.4574716Z     "log_sha256": "95abd03dd7f3756d6d72811ccac82e5ade2b8dfd7a1a4dfd8eb0a3a0e1c8a99f"
verify	Recover stopped G5 original compiler diagnostics	2026-10-07T17:05:47.4574794Z   },
verify	Recover stopped G5 original compiler diagnostics	2026-10-07T17:05:47.4574867Z   {
verify	Recover stopped G5 original compiler diagnostics	2026-10-07T17:05:47.4575022Z     "name": "UnifiedLean.Source.SourceFirstMergerMark",
verify	Recover stopped G5 original compiler diagnostics	2026-10-07T17:05:47.4575107Z     "command": [
verify	Recover stopped G5 original compiler diagnostics	2026-10-07T17:05:47.4575187Z       "lake",
verify	Recover stopped G5 original compiler diagnostics	2026-10-07T17:05:47.4575264Z       "env",
verify	Recover stopped G5 original compiler diagnostics	2026-10-07T17:05:47.4575343Z       "lean",
verify	Recover stopped G5 original compiler diagnostics	2026-10-07T17:05:47.4575512Z       "--trust=0",
verify	Recover stopped G5 original compiler diagnostics	2026-10-07T17:05:47.4575588Z       "-j1",
verify	Recover stopped G5 original compiler diagnostics	2026-10-07T17:05:47.4575668Z       "-M4096",
verify	Recover stopped G5 original compiler diagnostics	2026-10-07T17:05:47.4575743Z       "-R",
verify	Recover stopped G5 original compiler diagnostics	2026-10-07T17:05:47.4575861Z       "/home/runner/work/_temp/cloud-g5-build",
verify	Recover stopped G5 original compiler diagnostics	2026-10-07T17:05:47.4575936Z       "-o",
verify	Recover stopped G5 original compiler diagnostics	2026-10-07T17:05:47.4576292Z       "/home/runner/work/_temp/cloud-g5-build/.lake/build/lib/lean/UnifiedLean/Source/SourceFirstMergerMark.olean",
verify	Recover stopped G5 original compiler diagnostics	2026-10-07T17:05:47.4576370Z       "-i",
verify	Recover stopped G5 original compiler diagnostics	2026-10-07T17:05:47.4576831Z       "/home/runner/work/_temp/cloud-g5-build/.lake/build/lib/lean/UnifiedLean/Source/SourceFirstMergerMark.ilean",
verify	Recover stopped G5 original compiler diagnostics	2026-10-07T17:05:47.4577100Z       "/home/runner/work/_temp/cloud-g5-build/UnifiedLean/Source/SourceFirstMergerMark.lean"
verify	Recover stopped G5 original compiler diagnostics	2026-10-07T17:05:47.4577175Z     ],
verify	Recover stopped G5 original compiler diagnostics	2026-10-07T17:05:47.4577277Z     "start_unix": 1791389776.6400464,
verify	Recover stopped G5 original compiler diagnostics	2026-10-07T17:05:47.4577374Z     "end_unix": 1791389780.1114905,
verify	Recover stopped G5 original compiler diagnostics	2026-10-07T17:05:47.4577458Z     "exit": 0,
verify	Recover stopped G5 original compiler diagnostics	2026-10-07T17:05:47.4577684Z     "log_sha256": "e8cd222b59cdb5ac63c535b667507077914271ec0f843fa388837c9a478e3982"
verify	Recover stopped G5 original compiler diagnostics	2026-10-07T17:05:47.4577764Z   },
verify	Recover stopped G5 original compiler diagnostics	2026-10-07T17:05:47.4577839Z   {
verify	Recover stopped G5 original compiler diagnostics	2026-10-07T17:05:47.4578017Z     "name": "UnifiedLean.Source.SourceFirstMarkDistribution",
verify	Recover stopped G5 original compiler diagnostics	2026-10-07T17:05:47.4578100Z     "command": [
verify	Recover stopped G5 original compiler diagnostics	2026-10-07T17:05:47.4578175Z       "lake",
verify	Recover stopped G5 original compiler diagnostics	2026-10-07T17:05:47.4578252Z       "env",
verify	Recover stopped G5 original compiler diagnostics	2026-10-07T17:05:47.4578328Z       "lean",
verify	Recover stopped G5 original compiler diagnostics	2026-10-07T17:05:47.4578413Z       "--trust=0",
verify	Recover stopped G5 original compiler diagnostics	2026-10-07T17:05:47.4578491Z       "-j1",
verify	Recover stopped G5 original compiler diagnostics	2026-10-07T17:05:47.4578574Z       "-M4096",
verify	Recover stopped G5 original compiler diagnostics	2026-10-07T17:05:47.4578654Z       "-R",
verify	Recover stopped G5 original compiler diagnostics	2026-10-07T17:05:47.4578768Z       "/home/runner/work/_temp/cloud-g5-build",
verify	Recover stopped G5 original compiler diagnostics	2026-10-07T17:05:47.4578845Z       "-o",
verify	Recover stopped G5 original compiler diagnostics	2026-10-07T17:05:47.4579222Z       "/home/runner/work/_temp/cloud-g5-build/.lake/build/lib/lean/UnifiedLean/Source/SourceFirstMarkDistribution.olean",
verify	Recover stopped G5 original compiler diagnostics	2026-10-07T17:05:47.4579306Z       "-i",
verify	Recover stopped G5 original compiler diagnostics	2026-10-07T17:05:47.4579673Z       "/home/runner/work/_temp/cloud-g5-build/.lake/build/lib/lean/UnifiedLean/Source/SourceFirstMarkDistribution.ilean",
verify	Recover stopped G5 original compiler diagnostics	2026-10-07T17:05:47.4579973Z       "/home/runner/work/_temp/cloud-g5-build/UnifiedLean/Source/SourceFirstMarkDistribution.lean"
verify	Recover stopped G5 original compiler diagnostics	2026-10-07T17:05:47.4580049Z     ],
verify	Recover stopped G5 original compiler diagnostics	2026-10-07T17:05:47.4580142Z     "start_unix": 1791389780.1141214,
verify	Recover stopped G5 original compiler diagnostics	2026-10-07T17:05:47.4580236Z     "end_unix": 1791389784.7917016,
verify	Recover stopped G5 original compiler diagnostics	2026-10-07T17:05:47.4580315Z     "exit": 0,
verify	Recover stopped G5 original compiler diagnostics	2026-10-07T17:05:47.4580594Z     "log_sha256": "a19b6f56c13aacc4f3971485b0e0aacdb7179fdef17fd99198b0cf4b2b55a2b4"
verify	Recover stopped G5 original compiler diagnostics	2026-10-07T17:05:47.4580677Z   },
verify	Recover stopped G5 original compiler diagnostics	2026-10-07T17:05:47.4580752Z   {
verify	Recover stopped G5 original compiler diagnostics	2026-10-07T17:05:47.4580907Z     "name": "UnifiedLean.Source.SourceExponentialRace",
verify	Recover stopped G5 original compiler diagnostics	2026-10-07T17:05:47.4580991Z     "command": [
verify	Recover stopped G5 original compiler diagnostics	2026-10-07T17:05:47.4581071Z       "lake",
verify	Recover stopped G5 original compiler diagnostics	2026-10-07T17:05:47.4581147Z       "env",
verify	Recover stopped G5 original compiler diagnostics	2026-10-07T17:05:47.4581228Z       "lean",
verify	Recover stopped G5 original compiler diagnostics	2026-10-07T17:05:47.4581308Z       "--trust=0",
verify	Recover stopped G5 original compiler diagnostics	2026-10-07T17:05:47.4581514Z       "-j1",
verify	Recover stopped G5 original compiler diagnostics	2026-10-07T17:05:47.4581593Z       "-M4096",
verify	Recover stopped G5 original compiler diagnostics	2026-10-07T17:05:47.4581674Z       "-R",
verify	Recover stopped G5 original compiler diagnostics	2026-10-07T17:05:47.4581788Z       "/home/runner/work/_temp/cloud-g5-build",
verify	Recover stopped G5 original compiler diagnostics	2026-10-07T17:05:47.4581872Z       "-o",
verify	Recover stopped G5 original compiler diagnostics	2026-10-07T17:05:47.4582219Z       "/home/runner/work/_temp/cloud-g5-build/.lake/build/lib/lean/UnifiedLean/Source/SourceExponentialRace.olean",
verify	Recover stopped G5 original compiler diagnostics	2026-10-07T17:05:47.4582296Z       "-i",
verify	Recover stopped G5 original compiler diagnostics	2026-10-07T17:05:47.4582638Z       "/home/runner/work/_temp/cloud-g5-build/.lake/build/lib/lean/UnifiedLean/Source/SourceExponentialRace.ilean",
verify	Recover stopped G5 original compiler diagnostics	2026-10-07T17:05:47.4582899Z       "/home/runner/work/_temp/cloud-g5-build/UnifiedLean/Source/SourceExponentialRace.lean"
verify	Recover stopped G5 original compiler diagnostics	2026-10-07T17:05:47.4582975Z     ],
verify	Recover stopped G5 original compiler diagnostics	2026-10-07T17:05:47.4583067Z     "start_unix": 1791389784.7938473,
verify	Recover stopped G5 original compiler diagnostics	2026-10-07T17:05:47.4583161Z     "end_unix": 1791389788.4662316,
verify	Recover stopped G5 original compiler diagnostics	2026-10-07T17:05:47.4583242Z     "exit": 0,
verify	Recover stopped G5 original compiler diagnostics	2026-10-07T17:05:47.4583474Z     "log_sha256": "0c6cb9e3f53fa8fca0de4f90c836467c683785778d8d437d5e1190cff6d258cf"
verify	Recover stopped G5 original compiler diagnostics	2026-10-07T17:05:47.4583554Z   },
verify	Recover stopped G5 original compiler diagnostics	2026-10-07T17:05:47.4583625Z   {
verify	Recover stopped G5 original compiler diagnostics	2026-10-07T17:05:47.4583812Z     "name": "UnifiedLean.Source.SourceExponentialRaceDensity",
verify	Recover stopped G5 original compiler diagnostics	2026-10-07T17:05:47.4583893Z     "command": [
verify	Recover stopped G5 original compiler diagnostics	2026-10-07T17:05:47.4584090Z       "lake",
verify	Recover stopped G5 original compiler diagnostics	2026-10-07T17:05:47.4584172Z       "env",
verify	Recover stopped G5 original compiler diagnostics	2026-10-07T17:05:47.4584249Z       "lean",
verify	Recover stopped G5 original compiler diagnostics	2026-10-07T17:05:47.4584331Z       "--trust=0",
verify	Recover stopped G5 original compiler diagnostics	2026-10-07T17:05:47.4584406Z       "-j1",
verify	Recover stopped G5 original compiler diagnostics	2026-10-07T17:05:47.4584487Z       "-M4096",
verify	Recover stopped G5 original compiler diagnostics	2026-10-07T17:05:47.4584563Z       "-R",
verify	Recover stopped G5 original compiler diagnostics	2026-10-07T17:05:47.4584682Z       "/home/runner/work/_temp/cloud-g5-build",
verify	Recover stopped G5 original compiler diagnostics	2026-10-07T17:05:47.4584758Z       "-o",
verify	Recover stopped G5 original compiler diagnostics	2026-10-07T17:05:47.4585140Z       "/home/runner/work/_temp/cloud-g5-build/.lake/build/lib/lean/UnifiedLean/Source/SourceExponentialRaceDensity.olean",
verify	Recover stopped G5 original compiler diagnostics	2026-10-07T17:05:47.4585219Z       "-i",
verify	Recover stopped G5 original compiler diagnostics	2026-10-07T17:05:47.4585592Z       "/home/runner/work/_temp/cloud-g5-build/.lake/build/lib/lean/UnifiedLean/Source/SourceExponentialRaceDensity.ilean",
verify	Recover stopped G5 original compiler diagnostics	2026-10-07T17:05:47.4585890Z       "/home/runner/work/_temp/cloud-g5-build/UnifiedLean/Source/SourceExponentialRaceDensity.lean"
verify	Recover stopped G5 original compiler diagnostics	2026-10-07T17:05:47.4585970Z     ],
verify	Recover stopped G5 original compiler diagnostics	2026-10-07T17:05:47.4586069Z     "start_unix": 1791389788.4683235,
verify	Recover stopped G5 original compiler diagnostics	2026-10-07T17:05:47.4586160Z     "end_unix": 1791389791.8897505,
verify	Recover stopped G5 original compiler diagnostics	2026-10-07T17:05:47.4586249Z     "exit": 0,
verify	Recover stopped G5 original compiler diagnostics	2026-10-07T17:05:47.4586490Z     "log_sha256": "aced579388a23afb85ac4107a8aaee284c1ab78bb7f336c6c3ff3d2006d9f5c5"
verify	Recover stopped G5 original compiler diagnostics	2026-10-07T17:05:47.4586564Z   },
verify	Recover stopped G5 original compiler diagnostics	2026-10-07T17:05:47.4586808Z   {
verify	Recover stopped G5 original compiler diagnostics	2026-10-07T17:05:47.4586986Z     "name": "UnifiedLean.Source.SourceExponentialResiduals",
verify	Recover stopped G5 original compiler diagnostics	2026-10-07T17:05:47.4587068Z     "command": [
verify	Recover stopped G5 original compiler diagnostics	2026-10-07T17:05:47.4587146Z       "lake",
verify	Recover stopped G5 original compiler diagnostics	2026-10-07T17:05:47.4587225Z       "env",
verify	Recover stopped G5 original compiler diagnostics	2026-10-07T17:05:47.4587301Z       "lean",
verify	Recover stopped G5 original compiler diagnostics	2026-10-07T17:05:47.4587388Z       "--trust=0",
verify	Recover stopped G5 original compiler diagnostics	2026-10-07T17:05:47.4587469Z       "-j1",
verify	Recover stopped G5 original compiler diagnostics	2026-10-07T17:05:47.4587547Z       "-M4096",
verify	Recover stopped G5 original compiler diagnostics	2026-10-07T17:05:47.4587627Z       "-R",
verify	Recover stopped G5 original compiler diagnostics	2026-10-07T17:05:47.4587740Z       "/home/runner/work/_temp/cloud-g5-build",
verify	Recover stopped G5 original compiler diagnostics	2026-10-07T17:05:47.4587819Z       "-o",
verify	Recover stopped G5 original compiler diagnostics	2026-10-07T17:05:47.4588192Z       "/home/runner/work/_temp/cloud-g5-build/.lake/build/lib/lean/UnifiedLean/Source/SourceExponentialResiduals.olean",
verify	Recover stopped G5 original compiler diagnostics	2026-10-07T17:05:47.4588276Z       "-i",
verify	Recover stopped G5 original compiler diagnostics	2026-10-07T17:05:47.4588646Z       "/home/runner/work/_temp/cloud-g5-build/.lake/build/lib/lean/UnifiedLean/Source/SourceExponentialResiduals.ilean",
verify	Recover stopped G5 original compiler diagnostics	2026-10-07T17:05:47.4588942Z       "/home/runner/work/_temp/cloud-g5-build/UnifiedLean/Source/SourceExponentialResiduals.lean"
verify	Recover stopped G5 original compiler diagnostics	2026-10-07T17:05:47.4589017Z     ],
verify	Recover stopped G5 original compiler diagnostics	2026-10-07T17:05:47.4589111Z     "start_unix": 1791389791.891874,
verify	Recover stopped G5 original compiler diagnostics	2026-10-07T17:05:47.4589209Z     "end_unix": 1791389795.263328,
verify	Recover stopped G5 original compiler diagnostics	2026-10-07T17:05:47.4589286Z     "exit": 0,
verify	Recover stopped G5 original compiler diagnostics	2026-10-07T17:05:47.4589517Z     "log_sha256": "540f62f4750a89d471b4da4ec7280caa92ee53720ced38229ebd731836c80e2d"
verify	Recover stopped G5 original compiler diagnostics	2026-10-07T17:05:47.4589590Z   },
verify	Recover stopped G5 original compiler diagnostics	2026-10-07T17:05:47.4589663Z   {
verify	Recover stopped G5 original compiler diagnostics	2026-10-07T17:05:47.4589826Z     "name": "UnifiedLean.Source.SourceWinningClockReset",
verify	Recover stopped G5 original compiler diagnostics	2026-10-07T17:05:47.4589907Z     "command": [
verify	Recover stopped G5 original compiler diagnostics	2026-10-07T17:05:47.4589987Z       "lake",
verify	Recover stopped G5 original compiler diagnostics	2026-10-07T17:05:47.4590192Z       "env",
verify	Recover stopped G5 original compiler diagnostics	2026-10-07T17:05:47.4590272Z       "lean",
verify	Recover stopped G5 original compiler diagnostics	2026-10-07T17:05:47.4590353Z       "--trust=0",
verify	Recover stopped G5 original compiler diagnostics	2026-10-07T17:05:47.4590431Z       "-j1",
verify	Recover stopped G5 original compiler diagnostics	2026-10-07T17:05:47.4590514Z       "-M4096",
verify	Recover stopped G5 original compiler diagnostics	2026-10-07T17:05:47.4590592Z       "-R",
verify	Recover stopped G5 original compiler diagnostics	2026-10-07T17:05:47.4590710Z       "/home/runner/work/_temp/cloud-g5-build",
verify	Recover stopped G5 original compiler diagnostics	2026-10-07T17:05:47.4590786Z       "-o",
verify	Recover stopped G5 original compiler diagnostics	2026-10-07T17:05:47.4591144Z       "/home/runner/work/_temp/cloud-g5-build/.lake/build/lib/lean/UnifiedLean/Source/SourceWinningClockReset.olean",
verify	Recover stopped G5 original compiler diagnostics	2026-10-07T17:05:47.4591221Z       "-i",
verify	Recover stopped G5 original compiler diagnostics	2026-10-07T17:05:47.4591575Z       "/home/runner/work/_temp/cloud-g5-build/.lake/build/lib/lean/UnifiedLean/Source/SourceWinningClockReset.ilean",
verify	Recover stopped G5 original compiler diagnostics	2026-10-07T17:05:47.4591846Z       "/home/runner/work/_temp/cloud-g5-build/UnifiedLean/Source/SourceWinningClockReset.lean"
verify	Recover stopped G5 original compiler diagnostics	2026-10-07T17:05:47.4591923Z     ],
verify	Recover stopped G5 original compiler diagnostics	2026-10-07T17:05:47.4592020Z     "start_unix": 1791389795.265263,
verify	Recover stopped G5 original compiler diagnostics	2026-10-07T17:05:47.4592112Z     "end_unix": 1791389798.98881,
verify	Recover stopped G5 original compiler diagnostics	2026-10-07T17:05:47.4592199Z     "exit": 0,
verify	Recover stopped G5 original compiler diagnostics	2026-10-07T17:05:47.4592427Z     "log_sha256": "c97a46ba7876c4027bbf62fe01494f552b504d5e08019448ba51ebba3d3254db"
verify	Recover stopped G5 original compiler diagnostics	2026-10-07T17:05:47.4592502Z   },
verify	Recover stopped G5 original compiler diagnostics	2026-10-07T17:05:47.4592573Z   {
verify	Recover stopped G5 original compiler diagnostics	2026-10-07T17:05:47.4592865Z     "name": "UnifiedLean.Source.SourceMergerClockCatalogue",
verify	Recover stopped G5 original compiler diagnostics	2026-10-07T17:05:47.4592947Z     "command": [
verify	Recover stopped G5 original compiler diagnostics	2026-10-07T17:05:47.4593029Z       "lake",
verify	Recover stopped G5 original compiler diagnostics	2026-10-07T17:05:47.4593108Z       "env",
verify	Recover stopped G5 original compiler diagnostics	2026-10-07T17:05:47.4593184Z       "lean",
verify	Recover stopped G5 original compiler diagnostics	2026-10-07T17:05:47.4593269Z       "--trust=0",
verify	Recover stopped G5 original compiler diagnostics	2026-10-07T17:05:47.4593346Z       "-j1",
verify	Recover stopped G5 original compiler diagnostics	2026-10-07T17:05:47.4593429Z       "-M4096",
verify	Recover stopped G5 original compiler diagnostics	2026-10-07T17:05:47.4593505Z       "-R",
verify	Recover stopped G5 original compiler diagnostics	2026-10-07T17:05:47.4593622Z       "/home/runner/work/_temp/cloud-g5-build",
verify	Recover stopped G5 original compiler diagnostics	2026-10-07T17:05:47.4593696Z       "-o",
verify	Recover stopped G5 original compiler diagnostics	2026-10-07T17:05:47.4594069Z       "/home/runner/work/_temp/cloud-g5-build/.lake/build/lib/lean/UnifiedLean/Source/SourceMergerClockCatalogue.olean",
verify	Recover stopped G5 original compiler diagnostics	2026-10-07T17:05:47.4594152Z       "-i",
verify	Recover stopped G5 original compiler diagnostics	2026-10-07T17:05:47.4594513Z       "/home/runner/work/_temp/cloud-g5-build/.lake/build/lib/lean/UnifiedLean/Source/SourceMergerClockCatalogue.ilean",
verify	Recover stopped G5 original compiler diagnostics	2026-10-07T17:05:47.4594805Z       "/home/runner/work/_temp/cloud-g5-build/UnifiedLean/Source/SourceMergerClockCatalogue.lean"
verify	Recover stopped G5 original compiler diagnostics	2026-10-07T17:05:47.4594883Z     ],
verify	Recover stopped G5 original compiler diagnostics	2026-10-07T17:05:47.4594985Z     "start_unix": 1791389798.9908786,
verify	Recover stopped G5 original compiler diagnostics	2026-10-07T17:05:47.4595078Z     "end_unix": 1791389803.3169117,
verify	Recover stopped G5 original compiler diagnostics	2026-10-07T17:05:47.4595159Z     "exit": 0,
verify	Recover stopped G5 original compiler diagnostics	2026-10-07T17:05:47.4595389Z     "log_sha256": "f80f6e9270d6ed6bc945d1fa1f2f41908573919cdc79a5b666f839592b02c82b"
verify	Recover stopped G5 original compiler diagnostics	2026-10-07T17:05:47.4595462Z   },
verify	Recover stopped G5 original compiler diagnostics	2026-10-07T17:05:47.4595537Z   {
verify	Recover stopped G5 original compiler diagnostics	2026-10-07T17:05:47.4595713Z     "name": "UnifiedLean.Source.SourceDestinationClockReset",
verify	Recover stopped G5 original compiler diagnostics	2026-10-07T17:05:47.4595797Z     "command": [
verify	Recover stopped G5 original compiler diagnostics	2026-10-07T17:05:47.4595873Z       "lake",
verify	Recover stopped G5 original compiler diagnostics	2026-10-07T17:05:47.4595952Z       "env",
verify	Recover stopped G5 original compiler diagnostics	2026-10-07T17:05:47.4596031Z       "lean",
verify	Recover stopped G5 original compiler diagnostics	2026-10-07T17:05:47.4596112Z       "--trust=0",
verify	Recover stopped G5 original compiler diagnostics	2026-10-07T17:05:47.4596192Z       "-j1",
verify	Recover stopped G5 original compiler diagnostics	2026-10-07T17:05:47.4596271Z       "-M4096",
verify	Recover stopped G5 original compiler diagnostics	2026-10-07T17:05:47.4596353Z       "-R",
verify	Recover stopped G5 original compiler diagnostics	2026-10-07T17:05:47.4596466Z       "/home/runner/work/_temp/cloud-g5-build",
verify	Recover stopped G5 original compiler diagnostics	2026-10-07T17:05:47.4596545Z       "-o",
verify	Recover stopped G5 original compiler diagnostics	2026-10-07T17:05:47.4597079Z       "/home/runner/work/_temp/cloud-g5-build/.lake/build/lib/lean/UnifiedLean/Source/SourceDestinationClockReset.olean",
verify	Recover stopped G5 original compiler diagnostics	2026-10-07T17:05:47.4597173Z       "-i",
verify	Recover stopped G5 original compiler diagnostics	2026-10-07T17:05:47.4597554Z       "/home/runner/work/_temp/cloud-g5-build/.lake/build/lib/lean/UnifiedLean/Source/SourceDestinationClockReset.ilean",
verify	Recover stopped G5 original compiler diagnostics	2026-10-07T17:05:47.4597849Z       "/home/runner/work/_temp/cloud-g5-build/UnifiedLean/Source/SourceDestinationClockReset.lean"
verify	Recover stopped G5 original compiler diagnostics	2026-10-07T17:05:47.4597926Z     ],
verify	Recover stopped G5 original compiler diagnostics	2026-10-07T17:05:47.4598024Z     "start_unix": 1791389803.3188689,
verify	Recover stopped G5 original compiler diagnostics	2026-10-07T17:05:47.4598120Z     "end_unix": 1791389806.5898714,
verify	Recover stopped G5 original compiler diagnostics	2026-10-07T17:05:47.4598200Z     "exit": 0,
verify	Recover stopped G5 original compiler diagnostics	2026-10-07T17:05:47.4598445Z     "log_sha256": "0faae2cd3d20bcb4bb9e49799073be7d89c8407fd275ffffd0b33cf3e0e2e9d9"
verify	Recover stopped G5 original compiler diagnostics	2026-10-07T17:05:47.4598522Z   },
verify	Recover stopped G5 original compiler diagnostics	2026-10-07T17:05:47.4598595Z   {
verify	Recover stopped G5 original compiler diagnostics	2026-10-07T17:05:47.4598872Z     "name": "UnifiedLean.Source.SourceEpochRenewal",
verify	Recover stopped G5 original compiler diagnostics	2026-10-07T17:05:47.4598957Z     "command": [
verify	Recover stopped G5 original compiler diagnostics	2026-10-07T17:05:47.4599038Z       "lake",
verify	Recover stopped G5 original compiler diagnostics	2026-10-07T17:05:47.4599115Z       "env",
verify	Recover stopped G5 original compiler diagnostics	2026-10-07T17:05:47.4599198Z       "lean",
verify	Recover stopped G5 original compiler diagnostics	2026-10-07T17:05:47.4599278Z       "--trust=0",
verify	Recover stopped G5 original compiler diagnostics	2026-10-07T17:05:47.4599359Z       "-j1",
verify	Recover stopped G5 original compiler diagnostics	2026-10-07T17:05:47.4599440Z       "-M4096",
verify	Recover stopped G5 original compiler diagnostics	2026-10-07T17:05:47.4599515Z       "-R",
verify	Recover stopped G5 original compiler diagnostics	2026-10-07T17:05:47.4599636Z       "/home/runner/work/_temp/cloud-g5-build",
verify	Recover stopped G5 original compiler diagnostics	2026-10-07T17:05:47.4599712Z       "-o",
verify	Recover stopped G5 original compiler diagnostics	2026-10-07T17:05:47.4600053Z       "/home/runner/work/_temp/cloud-g5-build/.lake/build/lib/lean/UnifiedLean/Source/SourceEpochRenewal.olean",
verify	Recover stopped G5 original compiler diagnostics	2026-10-07T17:05:47.4600131Z       "-i",
verify	Recover stopped G5 original compiler diagnostics	2026-10-07T17:05:47.4600463Z       "/home/runner/work/_temp/cloud-g5-build/.lake/build/lib/lean/UnifiedLean/Source/SourceEpochRenewal.ilean",
verify	Recover stopped G5 original compiler diagnostics	2026-10-07T17:05:47.4600711Z       "/home/runner/work/_temp/cloud-g5-build/UnifiedLean/Source/SourceEpochRenewal.lean"
verify	Recover stopped G5 original compiler diagnostics	2026-10-07T17:05:47.4600788Z     ],
verify	Recover stopped G5 original compiler diagnostics	2026-10-07T17:05:47.4600891Z     "start_unix": 1791389806.59209,
verify	Recover stopped G5 original compiler diagnostics	2026-10-07T17:05:47.4600985Z     "end_unix": 1791389810.464224,
verify	Recover stopped G5 original compiler diagnostics	2026-10-07T17:05:47.4601069Z     "exit": 0,
verify	Recover stopped G5 original compiler diagnostics	2026-10-07T17:05:47.4601291Z     "log_sha256": "785b63fb0e18b084b71765b90d56ae48122e7c832695749edb29027728c288f2"
verify	Recover stopped G5 original compiler diagnostics	2026-10-07T17:05:47.4601484Z   },
verify	Recover stopped G5 original compiler diagnostics	2026-10-07T17:05:47.4601556Z   {
verify	Recover stopped G5 original compiler diagnostics	2026-10-07T17:05:47.4601732Z     "name": "UnifiedLean.Source.SourceFiniteJumpExpansion",
verify	Recover stopped G5 original compiler diagnostics	2026-10-07T17:05:47.4601817Z     "command": [
verify	Recover stopped G5 original compiler diagnostics	2026-10-07T17:05:47.4601897Z       "lake",
verify	Recover stopped G5 original compiler diagnostics	2026-10-07T17:05:47.4601976Z       "env",
verify	Recover stopped G5 original compiler diagnostics	2026-10-07T17:05:47.4602055Z       "lean",
verify	Recover stopped G5 original compiler diagnostics	2026-10-07T17:05:47.4602137Z       "--trust=0",
verify	Recover stopped G5 original compiler diagnostics	2026-10-07T17:05:47.4602215Z       "-j1",
verify	Recover stopped G5 original compiler diagnostics	2026-10-07T17:05:47.4602296Z       "-M4096",
verify	Recover stopped G5 original compiler diagnostics	2026-10-07T17:05:47.4602372Z       "-R",
verify	Recover stopped G5 original compiler diagnostics	2026-10-07T17:05:47.4602494Z       "/home/runner/work/_temp/cloud-g5-build",
verify	Recover stopped G5 original compiler diagnostics	2026-10-07T17:05:47.4602572Z       "-o",
verify	Recover stopped G5 original compiler diagnostics	2026-10-07T17:05:47.4602941Z       "/home/runner/work/_temp/cloud-g5-build/.lake/build/lib/lean/UnifiedLean/Source/SourceFiniteJumpExpansion.olean",
verify	Recover stopped G5 original compiler diagnostics	2026-10-07T17:05:47.4603023Z       "-i",
verify	Recover stopped G5 original compiler diagnostics	2026-10-07T17:05:47.4603384Z       "/home/runner/work/_temp/cloud-g5-build/.lake/build/lib/lean/UnifiedLean/Source/SourceFiniteJumpExpansion.ilean",
verify	Recover stopped G5 original compiler diagnostics	2026-10-07T17:05:47.4603675Z       "/home/runner/work/_temp/cloud-g5-build/UnifiedLean/Source/SourceFiniteJumpExpansion.lean"
verify	Recover stopped G5 original compiler diagnostics	2026-10-07T17:05:47.4603747Z     ],
verify	Recover stopped G5 original compiler diagnostics	2026-10-07T17:05:47.4603848Z     "start_unix": 1791389810.4666784,
verify	Recover stopped G5 original compiler diagnostics	2026-10-07T17:05:47.4603944Z     "end_unix": 1791389813.7876315,
verify	Recover stopped G5 original compiler diagnostics	2026-10-07T17:05:47.4604024Z     "exit": 0,
verify	Recover stopped G5 original compiler diagnostics	2026-10-07T17:05:47.4604263Z     "log_sha256": "3dddba0b24d0151d3c4a31c1de7e2eb7b715c495db5f486399d069b1c2930ca5"
verify	Recover stopped G5 original compiler diagnostics	2026-10-07T17:05:47.4604337Z   },
verify	Recover stopped G5 original compiler diagnostics	2026-10-07T17:05:47.4604413Z   {
verify	Recover stopped G5 original compiler diagnostics	2026-10-07T17:05:47.4604580Z     "name": "UnifiedLean.Source.SourceRaceWinnerSelection",
verify	Recover stopped G5 original compiler diagnostics	2026-10-07T17:05:47.4604665Z     "command": [
verify	Recover stopped G5 original compiler diagnostics	2026-10-07T17:05:47.4604743Z       "lake",
verify	Recover stopped G5 original compiler diagnostics	2026-10-07T17:05:47.4604823Z       "env",
verify	Recover stopped G5 original compiler diagnostics	2026-10-07T17:05:47.4604905Z       "lean",
verify	Recover stopped G5 original compiler diagnostics	2026-10-07T17:05:47.4604989Z       "--trust=0",
verify	Recover stopped G5 original compiler diagnostics	2026-10-07T17:05:47.4605070Z       "-j1",
verify	Recover stopped G5 original compiler diagnostics	2026-10-07T17:05:47.4605147Z       "-M4096",
verify	Recover stopped G5 original compiler diagnostics	2026-10-07T17:05:47.4605225Z       "-R",
verify	Recover stopped G5 original compiler diagnostics	2026-10-07T17:05:47.4605339Z       "/home/runner/work/_temp/cloud-g5-build",
verify	Recover stopped G5 original compiler diagnostics	2026-10-07T17:05:47.4605426Z       "-o",
verify	Recover stopped G5 original compiler diagnostics	2026-10-07T17:05:47.4605787Z       "/home/runner/work/_temp/cloud-g5-build/.lake/build/lib/lean/UnifiedLean/Source/SourceRaceWinnerSelection.olean",
verify	Recover stopped G5 original compiler diagnostics	2026-10-07T17:05:47.4605866Z       "-i",
verify	Recover stopped G5 original compiler diagnostics	2026-10-07T17:05:47.4606224Z       "/home/runner/work/_temp/cloud-g5-build/.lake/build/lib/lean/UnifiedLean/Source/SourceRaceWinnerSelection.ilean",
verify	Recover stopped G5 original compiler diagnostics	2026-10-07T17:05:47.4606500Z       "/home/runner/work/_temp/cloud-g5-build/UnifiedLean/Source/SourceRaceWinnerSelection.lean"
verify	Recover stopped G5 original compiler diagnostics	2026-10-07T17:05:47.4606578Z     ],
verify	Recover stopped G5 original compiler diagnostics	2026-10-07T17:05:47.4606792Z     "start_unix": 1791389813.7897968,
verify	Recover stopped G5 original compiler diagnostics	2026-10-07T17:05:47.4606887Z     "end_unix": 1791389817.0109804,
verify	Recover stopped G5 original compiler diagnostics	2026-10-07T17:05:47.4606966Z     "exit": 0,
verify	Recover stopped G5 original compiler diagnostics	2026-10-07T17:05:47.4607193Z     "log_sha256": "aa625ca0e3198c2e18c709e18a67438776dbee49e234b742e253055eb61b306d"
verify	Recover stopped G5 original compiler diagnostics	2026-10-07T17:05:47.4607427Z   },
verify	Recover stopped G5 original compiler diagnostics	2026-10-07T17:05:47.4607501Z   {
verify	Recover stopped G5 original compiler diagnostics	2026-10-07T17:05:47.4607677Z     "name": "UnifiedLean.Source.SourceLiteralClockEndpoint",
verify	Recover stopped G5 original compiler diagnostics	2026-10-07T17:05:47.4607765Z     "command": [
verify	Recover stopped G5 original compiler diagnostics	2026-10-07T17:05:47.4607844Z       "lake",
verify	Recover stopped G5 original compiler diagnostics	2026-10-07T17:05:47.4607921Z       "env",
verify	Recover stopped G5 original compiler diagnostics	2026-10-07T17:05:47.4608000Z       "lean",
verify	Recover stopped G5 original compiler diagnostics	2026-10-07T17:05:47.4608080Z       "--trust=0",
verify	Recover stopped G5 original compiler diagnostics	2026-10-07T17:05:47.4608160Z       "-j1",
verify	Recover stopped G5 original compiler diagnostics	2026-10-07T17:05:47.4608240Z       "-M4096",
verify	Recover stopped G5 original compiler diagnostics	2026-10-07T17:05:47.4608314Z       "-R",
verify	Recover stopped G5 original compiler diagnostics	2026-10-07T17:05:47.4608429Z       "/home/runner/work/_temp/cloud-g5-build",
verify	Recover stopped G5 original compiler diagnostics	2026-10-07T17:05:47.4608505Z       "-o",
verify	Recover stopped G5 original compiler diagnostics	2026-10-07T17:05:47.4608877Z       "/home/runner/work/_temp/cloud-g5-build/.lake/build/lib/lean/UnifiedLean/Source/SourceLiteralClockEndpoint.olean",
verify	Recover stopped G5 original compiler diagnostics	2026-10-07T17:05:47.4608956Z       "-i",
verify	Recover stopped G5 original compiler diagnostics	2026-10-07T17:05:47.4609326Z       "/home/runner/work/_temp/cloud-g5-build/.lake/build/lib/lean/UnifiedLean/Source/SourceLiteralClockEndpoint.ilean",
verify	Recover stopped G5 original compiler diagnostics	2026-10-07T17:05:47.4609619Z       "/home/runner/work/_temp/cloud-g5-build/UnifiedLean/Source/SourceLiteralClockEndpoint.lean"
verify	Recover stopped G5 original compiler diagnostics	2026-10-07T17:05:47.4609694Z     ],
verify	Recover stopped G5 original compiler diagnostics	2026-10-07T17:05:47.4609796Z     "start_unix": 1791389817.0134642,
verify	Recover stopped G5 original compiler diagnostics	2026-10-07T17:05:47.4610010Z     "end_unix": 1791389820.586899,
verify	Recover stopped G5 original compiler diagnostics	2026-10-07T17:05:47.4610096Z     "exit": 0,
verify	Recover stopped G5 original compiler diagnostics	2026-10-07T17:05:47.4610318Z     "log_sha256": "984316978f8e079aaa8a7143a954389cdcbc4e3b0460a471476153738a88c7fe"
verify	Recover stopped G5 original compiler diagnostics	2026-10-07T17:05:47.4610395Z   },
verify	Recover stopped G5 original compiler diagnostics	2026-10-07T17:05:47.4610473Z   {
verify	Recover stopped G5 original compiler diagnostics	2026-10-07T17:05:47.4610587Z     "name": "G2LiteralMarkedClockTrace",
verify	Recover stopped G5 original compiler diagnostics	2026-10-07T17:05:47.4610673Z     "command": [
verify	Recover stopped G5 original compiler diagnostics	2026-10-07T17:05:47.4610750Z       "lake",
verify	Recover stopped G5 original compiler diagnostics	2026-10-07T17:05:47.4610828Z       "env",
verify	Recover stopped G5 original compiler diagnostics	2026-10-07T17:05:47.4610904Z       "lean",
verify	Recover stopped G5 original compiler diagnostics	2026-10-07T17:05:47.4610988Z       "--trust=0",
verify	Recover stopped G5 original compiler diagnostics	2026-10-07T17:05:47.4611068Z       "-j1",
verify	Recover stopped G5 original compiler diagnostics	2026-10-07T17:05:47.4611153Z       "-M4096",
verify	Recover stopped G5 original compiler diagnostics	2026-10-07T17:05:47.4611229Z       "-R",
verify	Recover stopped G5 original compiler diagnostics	2026-10-07T17:05:47.4611372Z       "/home/runner/work/_temp/cloud-g5-build/TimedG2",
verify	Recover stopped G5 original compiler diagnostics	2026-10-07T17:05:47.4611458Z       "-o",
verify	Recover stopped G5 original compiler diagnostics	2026-10-07T17:05:47.4611752Z       "/home/runner/work/_temp/cloud-g5-build/.lake/build/lib/lean/G2LiteralMarkedClockTrace.olean",
verify	Recover stopped G5 original compiler diagnostics	2026-10-07T17:05:47.4611832Z       "-i",
verify	Recover stopped G5 original compiler diagnostics	2026-10-07T17:05:47.4612124Z       "/home/runner/work/_temp/cloud-g5-build/.lake/build/lib/lean/G2LiteralMarkedClockTrace.ilean",
verify	Recover stopped G5 original compiler diagnostics	2026-10-07T17:05:47.4612366Z       "/home/runner/work/_temp/cloud-g5-build/TimedG2/G2LiteralMarkedClockTrace.lean"
verify	Recover stopped G5 original compiler diagnostics	2026-10-07T17:05:47.4612441Z     ],
verify	Recover stopped G5 original compiler diagnostics	2026-10-07T17:05:47.4612538Z     "start_unix": 1791389820.5890818,
verify	Recover stopped G5 original compiler diagnostics	2026-10-07T17:05:47.4612632Z     "end_unix": 1791389827.5683587,
verify	Recover stopped G5 original compiler diagnostics	2026-10-07T17:05:47.4612712Z     "exit": 0,
verify	Recover stopped G5 original compiler diagnostics	2026-10-07T17:05:47.4612939Z     "log_sha256": "749da35ce0cc1290ac6987e73e28259f012eb72572fd042341e9b3523550a125"
verify	Recover stopped G5 original compiler diagnostics	2026-10-07T17:05:47.4613013Z   },
verify	Recover stopped G5 original compiler diagnostics	2026-10-07T17:05:47.4613088Z   {
verify	Recover stopped G5 original compiler diagnostics	2026-10-07T17:05:47.4613192Z     "name": "G2ActualDecorationFold",
verify	Recover stopped G5 original compiler diagnostics	2026-10-07T17:05:47.4613273Z     "command": [
verify	Recover stopped G5 original compiler diagnostics	2026-10-07T17:05:47.4613351Z       "lake",
verify	Recover stopped G5 original compiler diagnostics	2026-10-07T17:05:47.4613430Z       "env",
verify	Recover stopped G5 original compiler diagnostics	2026-10-07T17:05:47.4613515Z       "lean",
verify	Recover stopped G5 original compiler diagnostics	2026-10-07T17:05:47.4613593Z       "--trust=0",
verify	Recover stopped G5 original compiler diagnostics	2026-10-07T17:05:47.4613675Z       "-j1",
verify	Recover stopped G5 original compiler diagnostics	2026-10-07T17:05:47.4613753Z       "-M4096",
verify	Recover stopped G5 original compiler diagnostics	2026-10-07T17:05:47.4613831Z       "-R",
verify	Recover stopped G5 original compiler diagnostics	2026-10-07T17:05:47.4613969Z       "/home/runner/work/_temp/cloud-g5-build/TimedG2",
verify	Recover stopped G5 original compiler diagnostics	2026-10-07T17:05:47.4614050Z       "-o",
verify	Recover stopped G5 original compiler diagnostics	2026-10-07T17:05:47.4614325Z       "/home/runner/work/_temp/cloud-g5-build/.lake/build/lib/lean/G2ActualDecorationFold.olean",
verify	Recover stopped G5 original compiler diagnostics	2026-10-07T17:05:47.4614404Z       "-i",
verify	Recover stopped G5 original compiler diagnostics	2026-10-07T17:05:47.4614676Z       "/home/runner/work/_temp/cloud-g5-build/.lake/build/lib/lean/G2ActualDecorationFold.ilean",
verify	Recover stopped G5 original compiler diagnostics	2026-10-07T17:05:47.4614903Z       "/home/runner/work/_temp/cloud-g5-build/TimedG2/G2ActualDecorationFold.lean"
verify	Recover stopped G5 original compiler diagnostics	2026-10-07T17:05:47.4614981Z     ],
verify	Recover stopped G5 original compiler diagnostics	2026-10-07T17:05:47.4615075Z     "start_unix": 1791389827.5712206,
verify	Recover stopped G5 original compiler diagnostics	2026-10-07T17:05:47.4615171Z     "end_unix": 1791389830.9425282,
verify	Recover stopped G5 original compiler diagnostics	2026-10-07T17:05:47.4615250Z     "exit": 0,
verify	Recover stopped G5 original compiler diagnostics	2026-10-07T17:05:47.4615484Z     "log_sha256": "2b1ebec7fc7a1718e4bb28a8ff2032f87342179f9fb5414b6373302ff26919e3"
verify	Recover stopped G5 original compiler diagnostics	2026-10-07T17:05:47.4615654Z   },
verify	Recover stopped G5 original compiler diagnostics	2026-10-07T17:05:47.4615727Z   {
verify	Recover stopped G5 original compiler diagnostics	2026-10-07T17:05:47.4615843Z     "name": "G2DecorationMeasurability",
verify	Recover stopped G5 original compiler diagnostics	2026-10-07T17:05:47.4615929Z     "command": [
verify	Recover stopped G5 original compiler diagnostics	2026-10-07T17:05:47.4616007Z       "lake",
verify	Recover stopped G5 original compiler diagnostics	2026-10-07T17:05:47.4616082Z       "env",
verify	Recover stopped G5 original compiler diagnostics	2026-10-07T17:05:47.4616159Z       "lean",
verify	Recover stopped G5 original compiler diagnostics	2026-10-07T17:05:47.4616239Z       "--trust=0",
verify	Recover stopped G5 original compiler diagnostics	2026-10-07T17:05:47.4616317Z       "-j1",
verify	Recover stopped G5 original compiler diagnostics	2026-10-07T17:05:47.4616396Z       "-M4096",
verify	Recover stopped G5 original compiler diagnostics	2026-10-07T17:05:47.4616470Z       "-R",
verify	Recover stopped G5 original compiler diagnostics	2026-10-07T17:05:47.4616723Z       "/home/runner/work/_temp/cloud-g5-build/TimedG2",
verify	Recover stopped G5 original compiler diagnostics	2026-10-07T17:05:47.4616805Z       "-o",
verify	Recover stopped G5 original compiler diagnostics	2026-10-07T17:05:47.4617099Z       "/home/runner/work/_temp/cloud-g5-build/.lake/build/lib/lean/G2DecorationMeasurability.olean",
verify	Recover stopped G5 original compiler diagnostics	2026-10-07T17:05:47.4617176Z       "-i",
verify	Recover stopped G5 original compiler diagnostics	2026-10-07T17:05:47.4617463Z       "/home/runner/work/_temp/cloud-g5-build/.lake/build/lib/lean/G2DecorationMeasurability.ilean",
verify	Recover stopped G5 original compiler diagnostics	2026-10-07T17:05:47.4617700Z       "/home/runner/work/_temp/cloud-g5-build/TimedG2/G2DecorationMeasurability.lean"
verify	Recover stopped G5 original compiler diagnostics	2026-10-07T17:05:47.4617780Z     ],
verify	Recover stopped G5 original compiler diagnostics	2026-10-07T17:05:47.4617878Z     "start_unix": 1791389830.9447591,
verify	Recover stopped G5 original compiler diagnostics	2026-10-07T17:05:47.4617968Z     "end_unix": 1791389834.2685108,
verify	Recover stopped G5 original compiler diagnostics	2026-10-07T17:05:47.4618174Z     "exit": 0,
verify	Recover stopped G5 original compiler diagnostics	2026-10-07T17:05:47.4618400Z     "log_sha256": "43bda4b654c83b1771a71b7183659694b1a998ebdc3855bee3b54edbb70656b0"
verify	Recover stopped G5 original compiler diagnostics	2026-10-07T17:05:47.4618476Z   },
verify	Recover stopped G5 original compiler diagnostics	2026-10-07T17:05:47.4618546Z   {
verify	Recover stopped G5 original compiler diagnostics	2026-10-07T17:05:47.4618647Z     "name": "G2MarkedTraceRenewal",
verify	Recover stopped G5 original compiler diagnostics	2026-10-07T17:05:47.4618729Z     "command": [
verify	Recover stopped G5 original compiler diagnostics	2026-10-07T17:05:47.4618805Z       "lake",
verify	Recover stopped G5 original compiler diagnostics	2026-10-07T17:05:47.4618883Z       "env",
verify	Recover stopped G5 original compiler diagnostics	2026-10-07T17:05:47.4618957Z       "lean",
verify	Recover stopped G5 original compiler diagnostics	2026-10-07T17:05:47.4619040Z       "--trust=0",
verify	Recover stopped G5 original compiler diagnostics	2026-10-07T17:05:47.4619115Z       "-j1",
verify	Recover stopped G5 original compiler diagnostics	2026-10-07T17:05:47.4619195Z       "-M4096",
verify	Recover stopped G5 original compiler diagnostics	2026-10-07T17:05:47.4619269Z       "-R",
verify	Recover stopped G5 original compiler diagnostics	2026-10-07T17:05:47.4619406Z       "/home/runner/work/_temp/cloud-g5-build/TimedG2",
verify	Recover stopped G5 original compiler diagnostics	2026-10-07T17:05:47.4619486Z       "-o",
verify	Recover stopped G5 original compiler diagnostics	2026-10-07T17:05:47.4619761Z       "/home/runner/work/_temp/cloud-g5-build/.lake/build/lib/lean/G2MarkedTraceRenewal.olean",
verify	Recover stopped G5 original compiler diagnostics	2026-10-07T17:05:47.4619845Z       "-i",
verify	Recover stopped G5 original compiler diagnostics	2026-10-07T17:05:47.4620109Z       "/home/runner/work/_temp/cloud-g5-build/.lake/build/lib/lean/G2MarkedTraceRenewal.ilean",
verify	Recover stopped G5 original compiler diagnostics	2026-10-07T17:05:47.4620337Z       "/home/runner/work/_temp/cloud-g5-build/TimedG2/G2MarkedTraceRenewal.lean"
verify	Recover stopped G5 original compiler diagnostics	2026-10-07T17:05:47.4620412Z     ],
verify	Recover stopped G5 original compiler diagnostics	2026-10-07T17:05:47.4620511Z     "start_unix": 1791389834.2719684,
verify	Recover stopped G5 original compiler diagnostics	2026-10-07T17:05:47.4620612Z     "end_unix": 1791389840.1485298,
verify	Recover stopped G5 original compiler diagnostics	2026-10-07T17:05:47.4620692Z     "exit": 0,
verify	Recover stopped G5 original compiler diagnostics	2026-10-07T17:05:47.4620916Z     "log_sha256": "9428a02081cf5420401fd94122132b52528ca965076ad80a6628c054fd573b4d"
verify	Recover stopped G5 original compiler diagnostics	2026-10-07T17:05:47.4620988Z   },
verify	Recover stopped G5 original compiler diagnostics	2026-10-07T17:05:47.4621065Z   {
verify	Recover stopped G5 original compiler diagnostics	2026-10-07T17:05:47.4621165Z     "name": "G2LiteralEpochLaw",
verify	Recover stopped G5 original compiler diagnostics	2026-10-07T17:05:47.4621247Z     "command": [
verify	Recover stopped G5 original compiler diagnostics	2026-10-07T17:05:47.4621324Z       "lake",
verify	Recover stopped G5 original compiler diagnostics	2026-10-07T17:05:47.4621404Z       "env",
verify	Recover stopped G5 original compiler diagnostics	2026-10-07T17:05:47.4621483Z       "lean",
verify	Recover stopped G5 original compiler diagnostics	2026-10-07T17:05:47.4621567Z       "--trust=0",
verify	Recover stopped G5 original compiler diagnostics	2026-10-07T17:05:47.4621650Z       "-j1",
verify	Recover stopped G5 original compiler diagnostics	2026-10-07T17:05:47.4621728Z       "-M4096",
verify	Recover stopped G5 original compiler diagnostics	2026-10-07T17:05:47.4621809Z       "-R",
verify	Recover stopped G5 original compiler diagnostics	2026-10-07T17:05:47.4621940Z       "/home/runner/work/_temp/cloud-g5-build/TimedG2",
verify	Recover stopped G5 original compiler diagnostics	2026-10-07T17:05:47.4622024Z       "-o",
verify	Recover stopped G5 original compiler diagnostics	2026-10-07T17:05:47.4622281Z       "/home/runner/work/_temp/cloud-g5-build/.lake/build/lib/lean/G2LiteralEpochLaw.olean",
verify	Recover stopped G5 original compiler diagnostics	2026-10-07T17:05:47.4622365Z       "-i",
verify	Recover stopped G5 original compiler diagnostics	2026-10-07T17:05:47.4622617Z       "/home/runner/work/_temp/cloud-g5-build/.lake/build/lib/lean/G2LiteralEpochLaw.ilean",
verify	Recover stopped G5 original compiler diagnostics	2026-10-07T17:05:47.4622828Z       "/home/runner/work/_temp/cloud-g5-build/TimedG2/G2LiteralEpochLaw.lean"
verify	Recover stopped G5 original compiler diagnostics	2026-10-07T17:05:47.4622904Z     ],
verify	Recover stopped G5 original compiler diagnostics	2026-10-07T17:05:47.4623001Z     "start_unix": 1791389840.1509633,
verify	Recover stopped G5 original compiler diagnostics	2026-10-07T17:05:47.4623095Z     "end_unix": 1791389844.8247266,
verify	Recover stopped G5 original compiler diagnostics	2026-10-07T17:05:47.4623176Z     "exit": 0,
verify	Recover stopped G5 original compiler diagnostics	2026-10-07T17:05:47.4623410Z     "log_sha256": "1b61bbd8d6e4f83e658ef9fe57c66058efa1285e37df5d3df1946f2d1ba35570"
verify	Recover stopped G5 original compiler diagnostics	2026-10-07T17:05:47.4623604Z   },
verify	Recover stopped G5 original compiler diagnostics	2026-10-07T17:05:47.4623675Z   {
verify	Recover stopped G5 original compiler diagnostics	2026-10-07T17:05:47.4623782Z     "name": "G2ActualCalendarTrace",
verify	Recover stopped G5 original compiler diagnostics	2026-10-07T17:05:47.4623861Z     "command": [
verify	Recover stopped G5 original compiler diagnostics	2026-10-07T17:05:47.4623940Z       "lake",
verify	Recover stopped G5 original compiler diagnostics	2026-10-07T17:05:47.4624019Z       "env",
verify	Recover stopped G5 original compiler diagnostics	2026-10-07T17:05:47.4624097Z       "lean",
verify	Recover stopped G5 original compiler diagnostics	2026-10-07T17:05:47.4624178Z       "--trust=0",
verify	Recover stopped G5 original compiler diagnostics	2026-10-07T17:05:47.4624258Z       "-j1",
verify	Recover stopped G5 original compiler diagnostics	2026-10-07T17:05:47.4624336Z       "-M4096",
verify	Recover stopped G5 original compiler diagnostics	2026-10-07T17:05:47.4624411Z       "-R",
verify	Recover stopped G5 original compiler diagnostics	2026-10-07T17:05:47.4624545Z       "/home/runner/work/_temp/cloud-g5-build/TimedG2",
verify	Recover stopped G5 original compiler diagnostics	2026-10-07T17:05:47.4624621Z       "-o",
verify	Recover stopped G5 original compiler diagnostics	2026-10-07T17:05:47.4624894Z       "/home/runner/work/_temp/cloud-g5-build/.lake/build/lib/lean/G2ActualCalendarTrace.olean",
verify	Recover stopped G5 original compiler diagnostics	2026-10-07T17:05:47.4624971Z       "-i",
verify	Recover stopped G5 original compiler diagnostics	2026-10-07T17:05:47.4625240Z       "/home/runner/work/_temp/cloud-g5-build/.lake/build/lib/lean/G2ActualCalendarTrace.ilean",
verify	Recover stopped G5 original compiler diagnostics	2026-10-07T17:05:47.4625462Z       "/home/runner/work/_temp/cloud-g5-build/TimedG2/G2ActualCalendarTrace.lean"
verify	Recover stopped G5 original compiler diagnostics	2026-10-07T17:05:47.4625538Z     ],
verify	Recover stopped G5 original compiler diagnostics	2026-10-07T17:05:47.4625639Z     "start_unix": 1791389844.827318,
verify	Recover stopped G5 original compiler diagnostics	2026-10-07T17:05:47.4625728Z     "end_unix": 1791389849.2509139,
verify	Recover stopped G5 original compiler diagnostics	2026-10-07T17:05:47.4625809Z     "exit": 0,
verify	Recover stopped G5 original compiler diagnostics	2026-10-07T17:05:47.4626037Z     "log_sha256": "21c1eb64bf94eeb8f441f3795a518663b9943480e1b8b1d6bbfe517b66e02e91"
verify	Recover stopped G5 original compiler diagnostics	2026-10-07T17:05:47.4626197Z   },
verify	Recover stopped G5 original compiler diagnostics	2026-10-07T17:05:47.4626269Z   {
verify	Recover stopped G5 original compiler diagnostics	2026-10-07T17:05:47.4626427Z     "name": "UnifiedLean.Source.SourceEmbeddedJumpLaw",
verify	Recover stopped G5 original compiler diagnostics	2026-10-07T17:05:47.4626511Z     "command": [
verify	Recover stopped G5 original compiler diagnostics	2026-10-07T17:05:47.4626587Z       "lake",
verify	Recover stopped G5 original compiler diagnostics	2026-10-07T17:05:47.4626776Z       "env",
verify	Recover stopped G5 original compiler diagnostics	2026-10-07T17:05:47.4626854Z       "lean",
verify	Recover stopped G5 original compiler diagnostics	2026-10-07T17:05:47.4626934Z       "--trust=0",
verify	Recover stopped G5 original compiler diagnostics	2026-10-07T17:05:47.4627011Z       "-j1",
verify	Recover stopped G5 original compiler diagnostics	2026-10-07T17:05:47.4627091Z       "-M4096",
verify	Recover stopped G5 original compiler diagnostics	2026-10-07T17:05:47.4627166Z       "-R",
verify	Recover stopped G5 original compiler diagnostics	2026-10-07T17:05:47.4627291Z       "/home/runner/work/_temp/cloud-g5-build",
verify	Recover stopped G5 original compiler diagnostics	2026-10-07T17:05:47.4627370Z       "-o",
verify	Recover stopped G5 original compiler diagnostics	2026-10-07T17:05:47.4627725Z       "/home/runner/work/_temp/cloud-g5-build/.lake/build/lib/lean/UnifiedLean/Source/SourceEmbeddedJumpLaw.olean",
verify	Recover stopped G5 original compiler diagnostics	2026-10-07T17:05:47.4627808Z       "-i",
verify	Recover stopped G5 original compiler diagnostics	2026-10-07T17:05:47.4628152Z       "/home/runner/work/_temp/cloud-g5-build/.lake/build/lib/lean/UnifiedLean/Source/SourceEmbeddedJumpLaw.ilean",
verify	Recover stopped G5 original compiler diagnostics	2026-10-07T17:05:47.4628426Z       "/home/runner/work/_temp/cloud-g5-build/UnifiedLean/Source/SourceEmbeddedJumpLaw.lean"
verify	Recover stopped G5 original compiler diagnostics	2026-10-07T17:05:47.4628499Z     ],
verify	Recover stopped G5 original compiler diagnostics	2026-10-07T17:05:47.4628596Z     "start_unix": 1791389849.2533317,
verify	Recover stopped G5 original compiler diagnostics	2026-10-07T17:05:47.4628688Z     "end_unix": 1791389852.9750197,
verify	Recover stopped G5 original compiler diagnostics	2026-10-07T17:05:47.4628766Z     "exit": 0,
verify	Recover stopped G5 original compiler diagnostics	2026-10-07T17:05:47.4628991Z     "log_sha256": "c114d42f5699e997006d06ff1f8bb7d6980706ea29b0327f1a6815a018632b7c"
verify	Recover stopped G5 original compiler diagnostics	2026-10-07T17:05:47.4629064Z   },
verify	Recover stopped G5 original compiler diagnostics	2026-10-07T17:05:47.4629140Z   {
verify	Recover stopped G5 original compiler diagnostics	2026-10-07T17:05:47.4629322Z     "name": "UnifiedLean.Source.NativeIndependentPairMixture",
verify	Recover stopped G5 original compiler diagnostics	2026-10-07T17:05:47.4629418Z     "command": [
verify	Recover stopped G5 original compiler diagnostics	2026-10-07T17:05:47.4629493Z       "lake",
verify	Recover stopped G5 original compiler diagnostics	2026-10-07T17:05:47.4629573Z       "env",
verify	Recover stopped G5 original compiler diagnostics	2026-10-07T17:05:47.4629652Z       "lean",
verify	Recover stopped G5 original compiler diagnostics	2026-10-07T17:05:47.4629737Z       "--trust=0",
verify	Recover stopped G5 original compiler diagnostics	2026-10-07T17:05:47.4629815Z       "-j1",
verify	Recover stopped G5 original compiler diagnostics	2026-10-07T17:05:47.4629892Z       "-M4096",
verify	Recover stopped G5 original compiler diagnostics	2026-10-07T17:05:47.4629970Z       "-R",
verify	Recover stopped G5 original compiler diagnostics	2026-10-07T17:05:47.4630087Z       "/home/runner/work/_temp/cloud-g5-build",
verify	Recover stopped G5 original compiler diagnostics	2026-10-07T17:05:47.4630168Z       "-o",
verify	Recover stopped G5 original compiler diagnostics	2026-10-07T17:05:47.4630551Z       "/home/runner/work/_temp/cloud-g5-build/.lake/build/lib/lean/UnifiedLean/Source/NativeIndependentPairMixture.olean",
verify	Recover stopped G5 original compiler diagnostics	2026-10-07T17:05:47.4630630Z       "-i",
verify	Recover stopped G5 original compiler diagnostics	2026-10-07T17:05:47.4631015Z       "/home/runner/work/_temp/cloud-g5-build/.lake/build/lib/lean/UnifiedLean/Source/NativeIndependentPairMixture.ilean",
verify	Recover stopped G5 original compiler diagnostics	2026-10-07T17:05:47.4631310Z       "/home/runner/work/_temp/cloud-g5-build/UnifiedLean/Source/NativeIndependentPairMixture.lean"
verify	Recover stopped G5 original compiler diagnostics	2026-10-07T17:05:47.4631385Z     ],
verify	Recover stopped G5 original compiler diagnostics	2026-10-07T17:05:47.4631478Z     "start_unix": 1791389852.9772835,
verify	Recover stopped G5 original compiler diagnostics	2026-10-07T17:05:47.4631573Z     "end_unix": 1791389856.398617,
verify	Recover stopped G5 original compiler diagnostics	2026-10-07T17:05:47.4631652Z     "exit": 0,
verify	Recover stopped G5 original compiler diagnostics	2026-10-07T17:05:47.4631878Z     "log_sha256": "36d70c955453256b283d68b6c3ed1cde1e242a886858affe485970b415dd19f0"
verify	Recover stopped G5 original compiler diagnostics	2026-10-07T17:05:47.4632081Z   },
verify	Recover stopped G5 original compiler diagnostics	2026-10-07T17:05:47.4632154Z   {
verify	Recover stopped G5 original compiler diagnostics	2026-10-07T17:05:47.4632335Z     "name": "UnifiedLean.Source.SourceNaturalInitialization",
verify	Recover stopped G5 original compiler diagnostics	2026-10-07T17:05:47.4632418Z     "command": [
verify	Recover stopped G5 original compiler diagnostics	2026-10-07T17:05:47.4632497Z       "lake",
verify	Recover stopped G5 original compiler diagnostics	2026-10-07T17:05:47.4632572Z       "env",
verify	Recover stopped G5 original compiler diagnostics	2026-10-07T17:05:47.4632654Z       "lean",
verify	Recover stopped G5 original compiler diagnostics	2026-10-07T17:05:47.4632734Z       "--trust=0",
verify	Recover stopped G5 original compiler diagnostics	2026-10-07T17:05:47.4632815Z       "-j1",
verify	Recover stopped G5 original compiler diagnostics	2026-10-07T17:05:47.4632896Z       "-M4096",
verify	Recover stopped G5 original compiler diagnostics	2026-10-07T17:05:47.4632973Z       "-R",
verify	Recover stopped G5 original compiler diagnostics	2026-10-07T17:05:47.4633094Z       "/home/runner/work/_temp/cloud-g5-build",
verify	Recover stopped G5 original compiler diagnostics	2026-10-07T17:05:47.4633170Z       "-o",
verify	Recover stopped G5 original compiler diagnostics	2026-10-07T17:05:47.4633547Z       "/home/runner/work/_temp/cloud-g5-build/.lake/build/lib/lean/UnifiedLean/Source/SourceNaturalInitialization.olean",
verify	Recover stopped G5 original compiler diagnostics	2026-10-07T17:05:47.4633622Z       "-i",
verify	Recover stopped G5 original compiler diagnostics	2026-10-07T17:05:47.4633992Z       "/home/runner/work/_temp/cloud-g5-build/.lake/build/lib/lean/UnifiedLean/Source/SourceNaturalInitialization.ilean",
verify	Recover stopped G5 original compiler diagnostics	2026-10-07T17:05:47.4634289Z       "/home/runner/work/_temp/cloud-g5-build/UnifiedLean/Source/SourceNaturalInitialization.lean"
verify	Recover stopped G5 original compiler diagnostics	2026-10-07T17:05:47.4634363Z     ],
verify	Recover stopped G5 original compiler diagnostics	2026-10-07T17:05:47.4634464Z     "start_unix": 1791389856.4010348,
verify	Recover stopped G5 original compiler diagnostics	2026-10-07T17:05:47.4634673Z     "end_unix": 1791389859.521754,
verify	Recover stopped G5 original compiler diagnostics	2026-10-07T17:05:47.4634758Z     "exit": 0,
verify	Recover stopped G5 original compiler diagnostics	2026-10-07T17:05:47.4634998Z     "log_sha256": "58d78dce2af6e04bd3ce7293acbf49e0072cfc825f4c641f8cc7eeeed0e76af7"
verify	Recover stopped G5 original compiler diagnostics	2026-10-07T17:05:47.4635078Z   },
verify	Recover stopped G5 original compiler diagnostics	2026-10-07T17:05:47.4635156Z   {
verify	Recover stopped G5 original compiler diagnostics	2026-10-07T17:05:47.4635325Z     "name": "UnifiedLean.Source.SourceAncestralCompletion",
verify	Recover stopped G5 original compiler diagnostics	2026-10-07T17:05:47.4635412Z     "command": [
verify	Recover stopped G5 original compiler diagnostics	2026-10-07T17:05:47.4635489Z       "lake",
verify	Recover stopped G5 original compiler diagnostics	2026-10-07T17:05:47.4635568Z       "env",
verify	Recover stopped G5 original compiler diagnostics	2026-10-07T17:05:47.4635645Z       "lean",
verify	Recover stopped G5 original compiler diagnostics	2026-10-07T17:05:47.4635731Z       "--trust=0",
verify	Recover stopped G5 original compiler diagnostics	2026-10-07T17:05:47.4635808Z       "-j1",
verify	Recover stopped G5 original compiler diagnostics	2026-10-07T17:05:47.4635890Z       "-M4096",
verify	Recover stopped G5 original compiler diagnostics	2026-10-07T17:05:47.4635968Z       "-R",
verify	Recover stopped G5 original compiler diagnostics	2026-10-07T17:05:47.4636086Z       "/home/runner/work/_temp/cloud-g5-build",
verify	Recover stopped G5 original compiler diagnostics	2026-10-07T17:05:47.4636170Z       "-o",
verify	Recover stopped G5 original compiler diagnostics	2026-10-07T17:05:47.4636535Z       "/home/runner/work/_temp/cloud-g5-build/.lake/build/lib/lean/UnifiedLean/Source/SourceAncestralCompletion.olean",
verify	Recover stopped G5 original compiler diagnostics	2026-10-07T17:05:47.4636739Z       "-i",
verify	Recover stopped G5 original compiler diagnostics	2026-10-07T17:05:47.4637106Z       "/home/runner/work/_temp/cloud-g5-build/.lake/build/lib/lean/UnifiedLean/Source/SourceAncestralCompletion.ilean",
verify	Recover stopped G5 original compiler diagnostics	2026-10-07T17:05:47.4637392Z       "/home/runner/work/_temp/cloud-g5-build/UnifiedLean/Source/SourceAncestralCompletion.lean"
verify	Recover stopped G5 original compiler diagnostics	2026-10-07T17:05:47.4637467Z     ],
verify	Recover stopped G5 original compiler diagnostics	2026-10-07T17:05:47.4637561Z     "start_unix": 1791389859.5268207,
verify	Recover stopped G5 original compiler diagnostics	2026-10-07T17:05:47.4637659Z     "end_unix": 1791389863.0485528,
verify	Recover stopped G5 original compiler diagnostics	2026-10-07T17:05:47.4637742Z     "exit": 0,
verify	Recover stopped G5 original compiler diagnostics	2026-10-07T17:05:47.4637981Z     "log_sha256": "e7d98cd3e6ba021e13437d90addd952ff8c75165db0c3f58e42f0311d8069ca5"
verify	Recover stopped G5 original compiler diagnostics	2026-10-07T17:05:47.4638052Z   }
verify	Recover stopped G5 original compiler diagnostics	2026-10-07T17:05:47.4638129Z ]
verify	Recover stopped G5 original compiler diagnostics	2026-10-07T17:05:47.4638138Z 
verify	Recover stopped G5 original compiler diagnostics	2026-10-07T17:05:47.4638262Z G5_ORIGINAL_SOURCE-CONTEXT.json {
verify	Recover stopped G5 original compiler diagnostics	2026-10-07T17:05:47.4638430Z   "source_commit": "a5a80af1dedc53ff060f8d521b50596851261cd4",
verify	Recover stopped G5 original compiler diagnostics	2026-10-07T17:05:47.4638548Z   "toolchain": "leanprover/lean4:v4.33.1",
verify	Recover stopped G5 original compiler diagnostics	2026-10-07T17:05:47.4638714Z   "mathlib_commit": "0df444a360eaa60ab8c11dca51a86af692955474",
verify	Recover stopped G5 original compiler diagnostics	2026-10-07T17:05:47.4638805Z   "contexts": [
verify	Recover stopped G5 original compiler diagnostics	2026-10-07T17:05:47.4639106Z     "2026-10-07-dot-g2-accepted-source-preservation-0006z/SOURCE-AND-DEPENDENCY-PINS.json",
verify	Recover stopped G5 original compiler diagnostics	2026-10-07T17:05:47.4639412Z     "2026-10-07-dot-g2-calendar-tail-source-successor-0058z/SOURCE-AND-DEPENDENCY-PINS.json",
verify	Recover stopped G5 original compiler diagnostics	2026-10-07T17:05:47.4639740Z     "2026-10-07-dot-g2-chronological-decoration-integration-0139z/SOURCE-AND-DEPENDENCY-PINS.json",
verify	Recover stopped G5 original compiler diagnostics	2026-10-07T17:05:47.4640040Z     "2026-10-07-dot-g2-age-reader-source-preservation-0253z/SOURCE-AND-DEPENDENCY-PINS.json",
verify	Recover stopped G5 original compiler diagnostics	2026-10-07T17:05:47.4640312Z     "2026-10-07-dot-g2-matrix-and-ancestral-support-0418z/SOURCE-AND-REVIEW-PINS.json",
verify	Recover stopped G5 original compiler diagnostics	2026-10-07T17:05:47.4640584Z     "2026-10-07-dot-g2-actual-calendar-pair-support-0456z/PUBLIC-DEPENDENCIES.json",
verify	Recover stopped G5 original compiler diagnostics	2026-10-07T17:05:47.4640859Z     "2026-10-07-dot-g2-strict-clock-compatibility-0645z/PUBLIC-DEPENDENCIES.json",
verify	Recover stopped G5 original compiler diagnostics	2026-10-07T17:05:47.4641267Z     "2026-10-07-dot-g2-actual-age-support-certificate-0723z/PUBLIC-SOURCE-CONTEXT.json",
verify	Recover stopped G5 original compiler diagnostics	2026-10-07T17:05:47.4641528Z     "2026-10-07-dot-g2-calendar-first-age-binding-0745z/PUBLIC-SOURCE-CONTEXT.json",
verify	Recover stopped G5 original compiler diagnostics	2026-10-07T17:05:47.4641769Z     "2026-10-07-dot-g2-complete-timed-support-0858z/PUBLIC-SOURCE-CONTEXT.json",
verify	Recover stopped G5 original compiler diagnostics	2026-10-07T17:05:47.4642065Z     "2026-10-07-dot-g2-timed-endpoint-ordinary-integration-0941z/PUBLIC-SOURCE-CONTEXT.json"
verify	Recover stopped G5 original compiler diagnostics	2026-10-07T17:05:47.4642140Z   ],
verify	Recover stopped G5 original compiler diagnostics	2026-10-07T17:05:47.4642245Z   "historical_replacements": [
verify	Recover stopped G5 original compiler diagnostics	2026-10-07T17:05:47.4642323Z     {
verify	Recover stopped G5 original compiler diagnostics	2026-10-07T17:05:47.4642425Z       "module": "G2WholeMatrixAges",
verify	Recover stopped G5 original compiler diagnostics	2026-10-07T17:05:47.4642507Z       "old": {
verify	Recover stopped G5 original compiler diagnostics	2026-10-07T17:05:47.4642873Z         "source": "research/2026-10-07-dot-g2-matrix-and-ancestral-support-0418z/sources/G2WholeMatrixAges.lean",
verify	Recover stopped G5 original compiler diagnostics	2026-10-07T17:05:47.4643116Z         "sha256": "08cbdcd35d8d98e9f3548cac3c23ad8f0e961c62ba95e0bfacbb84a8a9bc9aba",
verify	Recover stopped G5 original compiler diagnostics	2026-10-07T17:05:47.4643476Z         "authority": "research/2026-10-07-dot-g2-matrix-and-ancestral-support-0418z/SOURCE-AND-REVIEW-PINS.json"
verify	Recover stopped G5 original compiler diagnostics	2026-10-07T17:05:47.4643553Z       },
verify	Recover stopped G5 original compiler diagnostics	2026-10-07T17:05:47.4644005Z       "new_source": "research/2026-10-07-dot-g2-strict-clock-compatibility-0645z/G2WholeMatrixAges.lean",
verify	Recover stopped G5 original compiler diagnostics	2026-10-07T17:05:47.4644250Z       "new_sha256": "2c4a38c22a4fb6efa569796749eec7b00c3affd8ee1a57e33144a1bc893026b8"
verify	Recover stopped G5 original compiler diagnostics	2026-10-07T17:05:47.4644329Z     }
verify	Recover stopped G5 original compiler diagnostics	2026-10-07T17:05:47.4644404Z   ],
verify	Recover stopped G5 original compiler diagnostics	2026-10-07T17:05:47.4644481Z   "order": [
verify	Recover stopped G5 original compiler diagnostics	2026-10-07T17:05:47.4644572Z     "SourceNetwork",
verify	Recover stopped G5 original compiler diagnostics	2026-10-07T17:05:47.4644673Z     "G2LiveLineageRouting",
verify	Recover stopped G5 original compiler diagnostics	2026-10-07T17:05:47.4644771Z     "SourceLabelledForest",
verify	Recover stopped G5 original compiler diagnostics	2026-10-07T17:05:47.4644882Z     "SourceForestKingmanProjection",
verify	Recover stopped G5 original compiler diagnostics	2026-10-07T17:05:47.4645024Z     "SourceForestKingmanPopulationProjection",
verify	Recover stopped G5 original compiler diagnostics	2026-10-07T17:05:47.4645175Z     "UnifiedLean.Source.SourceForestSilentPruning",
verify	Recover stopped G5 original compiler diagnostics	2026-10-07T17:05:47.4645286Z     "G2FaithfulPairAgeDecoration",
verify	Recover stopped G5 original compiler diagnostics	2026-10-07T17:05:47.4645435Z     "UnifiedLean.Source.FiniteGenealogyEncoding",
verify	Recover stopped G5 original compiler diagnostics	2026-10-07T17:05:47.4645571Z     "UnifiedLean.Source.FiniteSourceSnapshot",
verify	Recover stopped G5 original compiler diagnostics	2026-10-07T17:05:47.4645658Z     "GraphLeaves",
verify	Recover stopped G5 original compiler diagnostics	2026-10-07T17:05:47.4645745Z     "GraphCuts",
verify	Recover stopped G5 original compiler diagnostics	2026-10-07T17:05:47.4645839Z     "G5BridgeBarrier",
verify	Recover stopped G5 original compiler diagnostics	2026-10-07T17:05:47.4645930Z     "G5CalendarRoutes",
verify	Recover stopped G5 original compiler diagnostics	2026-10-07T17:05:47.4646025Z     "G5ProtectiveBlock",
verify	Recover stopped G5 original compiler diagnostics	2026-10-07T17:05:47.4646128Z     "G5MinimalGraphInterface",
verify	Recover stopped G5 original compiler diagnostics	2026-10-07T17:05:47.4646230Z     "G6BridgeCannotEnterHybrid",
verify	Recover stopped G5 original compiler diagnostics	2026-10-07T17:05:47.4646335Z     "G5BridgeComponentEntries",
verify	Recover stopped G5 original compiler diagnostics	2026-10-07T17:05:47.4646437Z     "G5NonbridgeRouteBound",
verify	Recover stopped G5 original compiler diagnostics	2026-10-07T17:05:47.4646545Z     "G5ComponentCalendarCoverage",
verify	Recover stopped G5 original compiler diagnostics	2026-10-07T17:05:47.4646763Z     "G5ActualComponentSupport",
verify	Recover stopped G5 original compiler diagnostics	2026-10-07T17:05:47.4646878Z     "G5RootRouteCurrentSupport",
verify	Recover stopped G5 original compiler diagnostics	2026-10-07T17:05:47.4646984Z     "G5CurrentPortTwoPositions",
verify	Recover stopped G5 original compiler diagnostics	2026-10-07T17:05:47.4647094Z     "G5OriginalTipCurrentSupport",
verify	Recover stopped G5 original compiler diagnostics	2026-10-07T17:05:47.4647197Z     "G5ParentChoiceCalendar",
verify	Recover stopped G5 original compiler diagnostics	2026-10-07T17:05:47.4647301Z     "G5CoupledQuartetKernel",
verify	Recover stopped G5 original compiler diagnostics	2026-10-07T17:05:47.4647402Z     "G5FairSelectorMoments",
verify	Recover stopped G5 original compiler diagnostics	2026-10-07T17:05:47.4647498Z     "G5FairOriginalCoinLaw",
verify	Recover stopped G5 original compiler diagnostics	2026-10-07T17:05:47.4647592Z     "G5OriginalCoinPMF",
verify	Recover stopped G5 original compiler diagnostics	2026-10-07T17:05:47.4647703Z     "G5ParentPositionPushforward",
verify	Recover stopped G5 original compiler diagnostics	2026-10-07T17:05:47.4647815Z     "G5SafePastHybridDisjointness",
verify	Recover stopped G5 original compiler diagnostics	2026-10-07T17:05:47.4647929Z     "G5PairOnlySureBlockChronology",
verify	Recover stopped G5 original compiler diagnostics	2026-10-07T17:05:47.4648034Z     "G5SafePastMeetingPermanence",
verify	Recover stopped G5 original compiler diagnostics	2026-10-07T17:05:47.4648154Z     "G5ExponentialGermIdentification",
verify	Recover stopped G5 original compiler diagnostics	2026-10-07T17:05:47.4648249Z     "G5UnknownRateSupport",
verify	Recover stopped G5 original compiler diagnostics	2026-10-07T17:05:47.4648348Z     "G5OriginalRouteHazard",
verify	Recover stopped G5 original compiler diagnostics	2026-10-07T17:05:47.4648447Z     "G4TwoRootSourceStopping",
verify	Recover stopped G5 original compiler diagnostics	2026-10-07T17:05:47.4648547Z     "G1SharedRegisterStress",
verify	Recover stopped G5 original compiler diagnostics	2026-10-07T17:05:47.4648642Z     "G4FourRootPositivity",
verify	Recover stopped G5 original compiler diagnostics	2026-10-07T17:05:47.4648752Z     "G4IndependentRoutingBridge",
verify	Recover stopped G5 original compiler diagnostics	2026-10-07T17:05:47.4648850Z     "G4AllRootPairClocks",
verify	Recover stopped G5 original compiler diagnostics	2026-10-07T17:05:47.4648953Z     "G4PathResolvedMeasurement",
verify	Recover stopped G5 original compiler diagnostics	2026-10-07T17:05:47.4649215Z     "UnifiedLean.Source.NativeParentRouting",
verify	Recover stopped G5 original compiler diagnostics	2026-10-07T17:05:47.4649344Z     "UnifiedLean.Source.NativePairClockLaw",
verify	Recover stopped G5 original compiler diagnostics	2026-10-07T17:05:47.4649488Z     "UnifiedLean.Source.UniformizedSourceStep",
verify	Recover stopped G5 original compiler diagnostics	2026-10-07T17:05:47.4649591Z     "G2SourceGraftDecoration",
verify	Recover stopped G5 original compiler diagnostics	2026-10-07T17:05:47.4649779Z     "UnifiedLean.Source.SourceForestGeneratorIntertwining",
verify	Recover stopped G5 original compiler diagnostics	2026-10-07T17:05:47.4649947Z     "UnifiedLean.Source.SourceForestIntrinsicGenerator",
verify	Recover stopped G5 original compiler diagnostics	2026-10-07T17:05:47.4650105Z     "UnifiedLean.Source.SourceStepGeneratorBinding",
verify	Recover stopped G5 original compiler diagnostics	2026-10-07T17:05:47.4650268Z     "UnifiedLean.Source.MatrixProjectionExponential",
verify	Recover stopped G5 original compiler diagnostics	2026-10-07T17:05:47.4650409Z     "UnifiedLean.Source.SourceFiniteProjection",
verify	Recover stopped G5 original compiler diagnostics	2026-10-07T17:05:47.4650544Z     "UnifiedLean.Source.SourcePoissonKernel",
verify	Recover stopped G5 original compiler diagnostics	2026-10-07T17:05:47.4650696Z     "UnifiedLean.Source.SourceGeneratorExponential",
verify	Recover stopped G5 original compiler diagnostics	2026-10-07T17:05:47.4650848Z     "UnifiedLean.Source.SourcePoissonExponential",
verify	Recover stopped G5 original compiler diagnostics	2026-10-07T17:05:47.4650981Z     "UnifiedLean.Source.SourceEpochSemigroup",
verify	Recover stopped G5 original compiler diagnostics	2026-10-07T17:05:47.4651145Z     "UnifiedLean.Source.SourceCalendarCompatibility",
verify	Recover stopped G5 original compiler diagnostics	2026-10-07T17:05:47.4651301Z     "UnifiedLean.Source.SourceForestPulseTransport",
verify	Recover stopped G5 original compiler diagnostics	2026-10-07T17:05:47.4651446Z     "UnifiedLean.Source.SourceForestPulseMeasure",
verify	Recover stopped G5 original compiler diagnostics	2026-10-07T17:05:47.4651705Z     "UnifiedLean.Source.SourceForestCommonPulse",
verify	Recover stopped G5 original compiler diagnostics	2026-10-07T17:05:47.4651840Z     "UnifiedLean.Source.SourceBoundaryKernels",
verify	Recover stopped G5 original compiler diagnostics	2026-10-07T17:05:47.4651986Z     "UnifiedLean.Source.SourceBoundaryProjection",
verify	Recover stopped G5 original compiler diagnostics	2026-10-07T17:05:47.4652125Z     "UnifiedLean.Source.SourceProgramTransport",
verify	Recover stopped G5 original compiler diagnostics	2026-10-07T17:05:47.4652265Z     "UnifiedLean.Source.SourceCalendarCompiler",
verify	Recover stopped G5 original compiler diagnostics	2026-10-07T17:05:47.4652412Z     "UnifiedLean.Source.SourceBoundaryLocations",
verify	Recover stopped G5 original compiler diagnostics	2026-10-07T17:05:47.4652543Z     "UnifiedLean.Source.SourceCalendarTiming",
verify	Recover stopped G5 original compiler diagnostics	2026-10-07T17:05:47.4652712Z     "UnifiedLean.Source.SourceCalendarPhysicalSupport",
verify	Recover stopped G5 original compiler diagnostics	2026-10-07T17:05:47.4652858Z     "UnifiedLean.Source.SourceInitializedCalendar",
verify	Recover stopped G5 original compiler diagnostics	2026-10-07T17:05:47.4653006Z     "UnifiedLean.Source.SourceActualHoldingClocks",
verify	Recover stopped G5 original compiler diagnostics	2026-10-07T17:05:47.4653146Z     "UnifiedLean.Source.SourceFirstMergerMark",
verify	Recover stopped G5 original compiler diagnostics	2026-10-07T17:05:47.4653307Z     "UnifiedLean.Source.SourceFirstMarkDistribution",
verify	Recover stopped G5 original compiler diagnostics	2026-10-07T17:05:47.4653442Z     "UnifiedLean.Source.SourceExponentialRace",
verify	Recover stopped G5 original compiler diagnostics	2026-10-07T17:05:47.4653606Z     "UnifiedLean.Source.SourceExponentialRaceDensity",
verify	Recover stopped G5 original compiler diagnostics	2026-10-07T17:05:47.4653763Z     "UnifiedLean.Source.SourceExponentialResiduals",
verify	Recover stopped G5 original compiler diagnostics	2026-10-07T17:05:47.4653904Z     "UnifiedLean.Source.SourceWinningClockReset",
verify	Recover stopped G5 original compiler diagnostics	2026-10-07T17:05:47.4654058Z     "UnifiedLean.Source.SourceMergerClockCatalogue",
verify	Recover stopped G5 original compiler diagnostics	2026-10-07T17:05:47.4654210Z     "UnifiedLean.Source.SourceDestinationClockReset",
verify	Recover stopped G5 original compiler diagnostics	2026-10-07T17:05:47.4654343Z     "UnifiedLean.Source.SourceEpochRenewal",
verify	Recover stopped G5 original compiler diagnostics	2026-10-07T17:05:47.4654496Z     "UnifiedLean.Source.SourceFiniteJumpExpansion",
verify	Recover stopped G5 original compiler diagnostics	2026-10-07T17:05:47.4654641Z     "UnifiedLean.Source.SourceRaceWinnerSelection",
verify	Recover stopped G5 original compiler diagnostics	2026-10-07T17:05:47.4654794Z     "UnifiedLean.Source.SourceLiteralClockEndpoint",
verify	Recover stopped G5 original compiler diagnostics	2026-10-07T17:05:47.4654898Z     "G2LiteralMarkedClockTrace",
verify	Recover stopped G5 original compiler diagnostics	2026-10-07T17:05:47.4655005Z     "G2ActualDecorationFold",
verify	Recover stopped G5 original compiler diagnostics	2026-10-07T17:05:47.4655106Z     "G2DecorationMeasurability",
verify	Recover stopped G5 original compiler diagnostics	2026-10-07T17:05:47.4655205Z     "G2MarkedTraceRenewal",
verify	Recover stopped G5 original compiler diagnostics	2026-10-07T17:05:47.4655301Z     "G2LiteralEpochLaw",
verify	Recover stopped G5 original compiler diagnostics	2026-10-07T17:05:47.4655404Z     "G2ActualCalendarTrace",
verify	Recover stopped G5 original compiler diagnostics	2026-10-07T17:05:47.4655541Z     "UnifiedLean.Source.SourceEmbeddedJumpLaw",
verify	Recover stopped G5 original compiler diagnostics	2026-10-07T17:05:47.4655699Z     "UnifiedLean.Source.NativeIndependentPairMixture",
verify	Recover stopped G5 original compiler diagnostics	2026-10-07T17:05:47.4655857Z     "UnifiedLean.Source.SourceNaturalInitialization",
verify	Recover stopped G5 original compiler diagnostics	2026-10-07T17:05:47.4656003Z     "UnifiedLean.Source.SourceAncestralCompletion",
verify	Recover stopped G5 original compiler diagnostics	2026-10-07T17:05:47.4656104Z     "G2FiniteAncestralTrace",
verify	Recover stopped G5 original compiler diagnostics	2026-10-07T17:05:47.4656262Z     "UnifiedLean.Source.UnrankedGenealogyObservation",
verify	Recover stopped G5 original compiler diagnostics	2026-10-07T17:05:47.4656419Z     "UnifiedLean.Source.SourceCompletedUnrankedTree",
verify	Recover stopped G5 original compiler diagnostics	2026-10-07T17:05:47.4656557Z     "UnifiedLean.Source.SourceAncestralDrift",
verify	Recover stopped G5 original compiler diagnostics	2026-10-07T17:05:47.4656820Z     "UnifiedLean.Source.SourceAncestralAbsorption",
verify	Recover stopped G5 original compiler diagnostics	2026-10-07T17:05:47.4657093Z     "UnifiedLean.Source.SourceCompletionHarmonic",
verify	Recover stopped G5 original compiler diagnostics	2026-10-07T17:05:47.4657259Z     "UnifiedLean.Source.SourceEventualCompletionLimit",
verify	Recover stopped G5 original compiler diagnostics	2026-10-07T17:05:47.4657363Z     "G2AncestralTraceSourceLaw",
verify	Recover stopped G5 original compiler diagnostics	2026-10-07T17:05:47.4657476Z     "G2CompleteCalendarAttachment",
verify	Recover stopped G5 original compiler diagnostics	2026-10-07T17:05:47.4657576Z     "G2LiteralCutResidual",
verify	Recover stopped G5 original compiler diagnostics	2026-10-07T17:05:47.4657669Z     "G2MarkedTraceCuts",
verify	Recover stopped G5 original compiler diagnostics	2026-10-07T17:05:47.4657774Z     "G2MarkedTraceBudgetStability",
verify	Recover stopped G5 original compiler diagnostics	2026-10-07T17:05:47.4657878Z     "G2SameClockContinuation",
verify	Recover stopped G5 original compiler diagnostics	2026-10-07T17:05:47.4657985Z     "G2HistoryResidualAttachment",
verify	Recover stopped G5 original compiler diagnostics	2026-10-07T17:05:47.4658089Z     "G2CutFutureSourceBinding",
verify	Recover stopped G5 original compiler diagnostics	2026-10-07T17:05:47.4658190Z     "G2SameClockPastFutureLaw",
verify	Recover stopped G5 original compiler diagnostics	2026-10-07T17:05:47.4658291Z     "G2EpochHistoryReadout",
verify	Recover stopped G5 original compiler diagnostics	2026-10-07T17:05:47.4658395Z     "G2CompleteAncestralPath",
verify	Recover stopped G5 original compiler diagnostics	2026-10-07T17:05:47.4658501Z     "G2ChronologicalPathReadout",
verify	Recover stopped G5 original compiler diagnostics	2026-10-07T17:05:47.4658598Z     "G2CalendarDecoration",
verify	Recover stopped G5 original compiler diagnostics	2026-10-07T17:05:47.4658694Z     "G2CompleteDecoration",
verify	Recover stopped G5 original compiler diagnostics	2026-10-07T17:05:47.4658785Z     "G2PairBirthFold",
verify	Recover stopped G5 original compiler diagnostics	2026-10-07T17:05:47.4658884Z     "G2ClockBoundaryNull",
verify	Recover stopped G5 original compiler diagnostics	2026-10-07T17:05:47.4658979Z     "G2WholeMatrixAges",
verify	Recover stopped G5 original compiler diagnostics	2026-10-07T17:05:47.4659083Z     "G2ChronologicalDecoration",
verify	Recover stopped G5 original compiler diagnostics	2026-10-07T17:05:47.4659185Z     "G2StrictClockDecoration",
verify	Recover stopped G5 original compiler diagnostics	2026-10-07T17:05:47.4659408Z     "G2OriginalProgramSafety",
verify	Recover stopped G5 original compiler diagnostics	2026-10-07T17:05:47.4659512Z     "G2TimedBoundMeasurability",
verify	Recover stopped G5 original compiler diagnostics	2026-10-07T17:05:47.4659618Z     "G2CutResidualSourceMixture",
verify	Recover stopped G5 original compiler diagnostics	2026-10-07T17:05:47.4659776Z     "UnifiedLean.Source.SourceNaturalCompletedLimit",
verify	Recover stopped G5 original compiler diagnostics	2026-10-07T17:05:47.4659929Z     "UnifiedLean.Source.SourceCopyCarrierTransport",
verify	Recover stopped G5 original compiler diagnostics	2026-10-07T17:05:47.4660080Z     "UnifiedLean.Source.SourceSmallCarrierGenerator",
verify	Recover stopped G5 original compiler diagnostics	2026-10-07T17:05:47.4660227Z     "UnifiedLean.Source.SourceCrossCarrierEpoch",
verify	Recover stopped G5 original compiler diagnostics	2026-10-07T17:05:47.4660366Z     "UnifiedLean.Source.SourceSmallCarrierPulse",
verify	Recover stopped G5 original compiler diagnostics	2026-10-07T17:05:47.4660518Z     "UnifiedLean.Source.SourceCrossCarrierBoundary",
verify	Recover stopped G5 original compiler diagnostics	2026-10-07T17:05:47.4660669Z     "UnifiedLean.Source.SourceCrossCarrierProgram",
verify	Recover stopped G5 original compiler diagnostics	2026-10-07T17:05:47.4660770Z     "G2SourceFiniteHistory",
verify	Recover stopped G5 original compiler diagnostics	2026-10-07T17:05:47.4660873Z     "G2ActualEpochHistoryLaw",
verify	Recover stopped G5 original compiler diagnostics	2026-10-07T17:05:47.4660974Z     "G2EpochPathProjection",
verify	Recover stopped G5 original compiler diagnostics	2026-10-07T17:05:47.4661078Z     "G2ActualSegmentPathLaw",
verify	Recover stopped G5 original compiler diagnostics	2026-10-07T17:05:47.4661180Z     "G2FiniteFibreTransport",
verify	Recover stopped G5 original compiler diagnostics	2026-10-07T17:05:47.4661284Z     "G2CalendarHistoryBinding",
verify	Recover stopped G5 original compiler diagnostics	2026-10-07T17:05:47.4661389Z     "G2CalendarPathProjection",
verify	Recover stopped G5 original compiler diagnostics	2026-10-07T17:05:47.4661494Z     "G2CompletedCalendarPathLaw",
verify	Recover stopped G5 original compiler diagnostics	2026-10-07T17:05:47.4661594Z     "G2ChronologicalGluing",
verify	Recover stopped G5 original compiler diagnostics	2026-10-07T17:05:47.4661701Z     "G2ActualChronologicalPathLaw",
verify	Recover stopped G5 original compiler diagnostics	2026-10-07T17:05:47.4661802Z     "G2EventualPathReadout",
verify	Recover stopped G5 original compiler diagnostics	2026-10-07T17:05:47.4661900Z     "G2ActualPairCoalescence",
verify	Recover stopped G5 original compiler diagnostics	2026-10-07T17:05:47.4662002Z     "G2CalendarPairSupport",
verify	Recover stopped G5 original compiler diagnostics	2026-10-07T17:05:47.4662097Z     "G2RationalAgeReadout",
verify	Recover stopped G5 original compiler diagnostics	2026-10-07T17:05:47.4662195Z     "G2PairBirthThreshold",
verify	Recover stopped G5 original compiler diagnostics	2026-10-07T17:05:47.4662298Z     "G2AncestralPairSupport",
verify	Recover stopped G5 original compiler diagnostics	2026-10-07T17:05:47.4662399Z     "G2AncestralAgeCertificate",
verify	Recover stopped G5 original compiler diagnostics	2026-10-07T17:05:47.4662523Z     "G2ChronologicalTraceCompatibility",
verify	Recover stopped G5 original compiler diagnostics	2026-10-07T17:05:47.4662621Z     "G2CalendarFirstAge",
verify	Recover stopped G5 original compiler diagnostics	2026-10-07T17:05:47.4662771Z     "UnifiedLean.Source.SourceCrossCarrierNatural",
verify	Recover stopped G5 original compiler diagnostics	2026-10-07T17:05:47.4662942Z     "UnifiedLean.Source.SourceUnrankedCopyProjectivity",
verify	Recover stopped G5 original compiler diagnostics	2026-10-07T17:05:47.4663090Z     "UnifiedLean.Source.SourceUnrankedAllPanels",
verify	Recover stopped G5 original compiler diagnostics	2026-10-07T17:05:47.4663233Z     "UnifiedLean.Source.OriginalFixedIDControls",
verify	Recover stopped G5 original compiler diagnostics	2026-10-07T17:05:47.4663430Z     "UnifiedLean.Source.ControlledUnrankedSourceProjectivity",
verify	Recover stopped G5 original compiler diagnostics	2026-10-07T17:05:47.4663535Z     "G2ControlledTraceAssembly",
verify	Recover stopped G5 original compiler diagnostics	2026-10-07T17:05:47.4663640Z     "G2RegisteredPathProjection",
verify	Recover stopped G5 original compiler diagnostics	2026-10-07T17:05:47.4663738Z     "G2OriginalAbsoluteAges",
verify	Recover stopped G5 original compiler diagnostics	2026-10-07T17:05:47.4663837Z     "G2JointTimedObservation",
verify	Recover stopped G5 original compiler diagnostics	2026-10-07T17:05:47.4663939Z     "G2CompleteTimedSupport",
verify	Recover stopped G5 original compiler diagnostics	2026-10-07T17:05:47.4664038Z     "G2TimedDecorationPruning",
verify	Recover stopped G5 original compiler diagnostics	2026-10-07T17:05:47.4664140Z     "G2ChronologicalPruning",
verify	Recover stopped G5 original compiler diagnostics	2026-10-07T17:05:47.4664250Z     "G2SourcePairMatrixReadout",
verify	Recover stopped G5 original compiler diagnostics	2026-10-07T17:05:47.4664352Z     "G2CompleteTerminalReadout",
verify	Recover stopped G5 original compiler diagnostics	2026-10-07T17:05:47.4664545Z     "G2FaithfulTimedOutput",
verify	Recover stopped G5 original compiler diagnostics	2026-10-07T17:05:47.4664662Z     "G2LiteralTimedObservationPruning",
verify	Recover stopped G5 original compiler diagnostics	2026-10-07T17:05:47.4664766Z     "G2ActualTimedAllPanelLaw",
verify	Recover stopped G5 original compiler diagnostics	2026-10-07T17:05:47.4664889Z     "G5HiddenRegisterTimedProjectivity",
verify	Recover stopped G5 original compiler diagnostics	2026-10-07T17:05:47.4665006Z     "G5FrozenTriplePolynomialKernel",
verify	Recover stopped G5 original compiler diagnostics	2026-10-07T17:05:47.4665116Z     "G5FrozenTripleAnalyticSupport"
verify	Recover stopped G5 original compiler diagnostics	2026-10-07T17:05:47.4665187Z   ],
verify	Recover stopped G5 original compiler diagnostics	2026-10-07T17:05:47.4665272Z   "modules": {
verify	Recover stopped G5 original compiler diagnostics	2026-10-07T17:05:47.4665362Z     "SourceNetwork": {
verify	Recover stopped G5 original compiler diagnostics	2026-10-07T17:05:47.4665723Z       "source": "research/2026-10-04-dot-verified-lean-825-0203z/package/baseline/Imported/SourceNetwork.lean",
verify	Recover stopped G5 original compiler diagnostics	2026-10-07T17:05:47.4665966Z       "sha256": "0e0a2a3ed6bdbbd7242980a6428ebf8ec0ec85d077d2ccf9cd8dfef4e1bd2eb7",
verify	Recover stopped G5 original compiler diagnostics	2026-10-07T17:05:47.4666067Z       "authority": "baseline",
verify	Recover stopped G5 original compiler diagnostics	2026-10-07T17:05:47.4666153Z       "imports": [
verify	Recover stopped G5 original compiler diagnostics	2026-10-07T17:05:47.4666259Z         "Mathlib.Data.Fintype.Card",
verify	Recover stopped G5 original compiler diagnostics	2026-10-07T17:05:47.4666360Z         "Mathlib.Logic.Relation"
verify	Recover stopped G5 original compiler diagnostics	2026-10-07T17:05:47.4666443Z       ],
verify	Recover stopped G5 original compiler diagnostics	2026-10-07T17:05:47.4666576Z       "destination": "Imported/SourceNetwork.lean"
verify	Recover stopped G5 original compiler diagnostics	2026-10-07T17:05:47.4666769Z     },
verify	Recover stopped G5 original compiler diagnostics	2026-10-07T17:05:47.4666877Z     "G2LiveLineageRouting": {
verify	Recover stopped G5 original compiler diagnostics	2026-10-07T17:05:47.4667418Z       "source": "research/2026-10-04-dot-verified-lean-825-0203z/package/baseline/Imported/G2LiveLineageRouting.lean",
verify	Recover stopped G5 original compiler diagnostics	2026-10-07T17:05:47.4667652Z       "sha256": "bf33f6be93e61960aa637df34d1197316669d6f2ddde6d743ac405a010cb05af",
verify	Recover stopped G5 original compiler diagnostics	2026-10-07T17:05:47.4667750Z       "authority": "baseline",
verify	Recover stopped G5 original compiler diagnostics	2026-10-07T17:05:47.4667833Z       "imports": [
verify	Recover stopped G5 original compiler diagnostics	2026-10-07T17:05:47.4667926Z         "SourceNetwork",
verify	Recover stopped G5 original compiler diagnostics	2026-10-07T17:05:47.4668029Z         "Mathlib.Data.Rat.Lemmas",
verify	Recover stopped G5 original compiler diagnostics	2026-10-07T17:05:47.4668130Z         "Mathlib.Tactic.Ring"
verify	Recover stopped G5 original compiler diagnostics	2026-10-07T17:05:47.4668206Z       ],
verify	Recover stopped G5 original compiler diagnostics	2026-10-07T17:05:47.4668360Z       "destination": "TimedG2/G2LiveLineageRouting.lean"
verify	Recover stopped G5 original compiler diagnostics	2026-10-07T17:05:47.4668438Z     },
verify	Recover stopped G5 original compiler diagnostics	2026-10-07T17:05:47.4668536Z     "SourceLabelledForest": {
verify	Recover stopped G5 original compiler diagnostics	2026-10-07T17:05:47.4668907Z       "source": "research/2026-10-04-dot-verified-lean-825-0203z/package/baseline/Imported/SourceLabelledForest.lean",
verify	Recover stopped G5 original compiler diagnostics	2026-10-07T17:05:47.4669139Z       "sha256": "d6e5b2b57cf03091f8b5b5a2c80cf49de39bab938c50a467b46b30e08f12871d",
verify	Recover stopped G5 original compiler diagnostics	2026-10-07T17:05:47.4669241Z       "authority": "baseline",
verify	Recover stopped G5 original compiler diagnostics	2026-10-07T17:05:47.4669323Z       "imports": [
verify	Recover stopped G5 original compiler diagnostics	2026-10-07T17:05:47.4669424Z         "G2LiveLineageRouting",
verify	Recover stopped G5 original compiler diagnostics	2026-10-07T17:05:47.4669526Z         "Mathlib.Data.Finset.Card",
verify	Recover stopped G5 original compiler diagnostics	2026-10-07T17:05:47.4669656Z         "Mathlib.Data.Fintype.BigOperators",
verify	Recover stopped G5 original compiler diagnostics	2026-10-07T17:05:47.4669801Z         "Mathlib.Algebra.BigOperators.Ring.Finset",
verify	Recover stopped G5 original compiler diagnostics	2026-10-07T17:05:47.4670002Z         "Mathlib.Algebra.Order.BigOperators.GroupWithZero.Finset",
verify	Recover stopped G5 original compiler diagnostics	2026-10-07T17:05:47.4670170Z         "Mathlib.Algebra.Order.BigOperators.Group.Finset",
verify	Recover stopped G5 original compiler diagnostics	2026-10-07T17:05:47.4670342Z         "Mathlib.Algebra.BigOperators.GroupWithZero.Finset",
verify	Recover stopped G5 original compiler diagnostics	2026-10-07T17:05:47.4670445Z         "Lean.Elab.Tactic.Omega"
verify	Recover stopped G5 original compiler diagnostics	2026-10-07T17:05:47.4670519Z       ],
verify	Recover stopped G5 original compiler diagnostics	2026-10-07T17:05:47.4670674Z       "destination": "Imported/SourceLabelledForest.lean"
verify	Recover stopped G5 original compiler diagnostics	2026-10-07T17:05:47.4670758Z     },
verify	Recover stopped G5 original compiler diagnostics	2026-10-07T17:05:47.4670877Z     "SourceForestKingmanProjection": {
verify	Recover stopped G5 original compiler diagnostics	2026-10-07T17:05:47.4671297Z       "source": "research/2026-10-04-dot-verified-lean-825-0203z/package/baseline/Imported/SourceForestKingmanProjection.lean",
verify	Recover stopped G5 original compiler diagnostics	2026-10-07T17:05:47.4671527Z       "sha256": "781d4a7ee62e5e98fa15e056e201a2c753a2f945bd536cf9df6cb04d906511a0",
verify	Recover stopped G5 original compiler diagnostics	2026-10-07T17:05:47.4671623Z       "authority": "baseline",
verify	Recover stopped G5 original compiler diagnostics	2026-10-07T17:05:47.4671706Z       "imports": [
verify	Recover stopped G5 original compiler diagnostics	2026-10-07T17:05:47.4671808Z         "SourceLabelledForest",
verify	Recover stopped G5 original compiler diagnostics	2026-10-07T17:05:47.4671914Z         "Mathlib.Data.Real.Basic",
verify	Recover stopped G5 original compiler diagnostics	2026-10-07T17:05:47.4672015Z         "Mathlib.Data.Finset.Prod",
verify	Recover stopped G5 original compiler diagnostics	2026-10-07T17:05:47.4672181Z         "Mathlib.Algebra.BigOperators.Group.Finset.Basic",
verify	Recover stopped G5 original compiler diagnostics	2026-10-07T17:05:47.4672281Z         "Mathlib.Tactic.NormNum"
verify	Recover stopped G5 original compiler diagnostics	2026-10-07T17:05:47.4672361Z       ],
verify	Recover stopped G5 original compiler diagnostics	2026-10-07T17:05:47.4672549Z       "destination": "Imported/SourceForestKingmanProjection.lean"
verify	Recover stopped G5 original compiler diagnostics	2026-10-07T17:05:47.4672751Z     },
verify	Recover stopped G5 original compiler diagnostics	2026-10-07T17:05:47.4672899Z     "SourceForestKingmanPopulationProjection": {
verify	Recover stopped G5 original compiler diagnostics	2026-10-07T17:05:47.4673364Z       "source": "research/2026-10-04-dot-verified-lean-825-0203z/package/baseline/Imported/SourceForestKingmanPopulationProjection.lean",
verify	Recover stopped G5 original compiler diagnostics	2026-10-07T17:05:47.4673603Z       "sha256": "e8733ab8e66c60f98cfcfcd56e703b55a5ad8674dc5361f4ac6cb0c35f80f6e4",
verify	Recover stopped G5 original compiler diagnostics	2026-10-07T17:05:47.4673696Z       "authority": "baseline",
verify	Recover stopped G5 original compiler diagnostics	2026-10-07T17:05:47.4673782Z       "imports": [
verify	Recover stopped G5 original compiler diagnostics	2026-10-07T17:05:47.4673896Z         "SourceForestKingmanProjection"
verify	Recover stopped G5 original compiler diagnostics	2026-10-07T17:05:47.4673972Z       ],
verify	Recover stopped G5 original compiler diagnostics	2026-10-07T17:05:47.4674201Z       "destination": "Imported/SourceForestKingmanPopulationProjection.lean"
verify	Recover stopped G5 original compiler diagnostics	2026-10-07T17:05:47.4674277Z     },
verify	Recover stopped G5 original compiler diagnostics	2026-10-07T17:05:47.4674437Z     "UnifiedLean.Source.SourceForestSilentPruning": {
verify	Recover stopped G5 original compiler diagnostics	2026-10-07T17:05:47.4674868Z       "source": "research/2026-10-04-dot-verified-lean-825-0203z/package/baseline/UnifiedLean/Source/SourceForestSilentPruning.lean",
verify	Recover stopped G5 original compiler diagnostics	2026-10-07T17:05:47.4675102Z       "sha256": "86f61cc8ce06af574ee98b37db0ecd7c8cbc2df99e495ce1b9a66605ea8fb5c2",
verify	Recover stopped G5 original compiler diagnostics	2026-10-07T17:05:47.4675202Z       "authority": "baseline",
verify	Recover stopped G5 original compiler diagnostics	2026-10-07T17:05:47.4675288Z       "imports": [
verify	Recover stopped G5 original compiler diagnostics	2026-10-07T17:05:47.4675429Z         "SourceForestKingmanPopulationProjection"
verify	Recover stopped G5 original compiler diagnostics	2026-10-07T17:05:47.4675589Z       ],
verify	Recover stopped G5 original compiler diagnostics	2026-10-07T17:05:47.4675796Z       "destination": "UnifiedLean/Source/SourceForestSilentPruning.lean"
verify	Recover stopped G5 original compiler diagnostics	2026-10-07T17:05:47.4675874Z     },
verify	Recover stopped G5 original compiler diagnostics	2026-10-07T17:05:47.4675987Z     "G2FaithfulPairAgeDecoration": {
verify	Recover stopped G5 original compiler diagnostics	2026-10-07T17:05:47.4676382Z       "source": "research/2026-10-06-dot-g2-faithful-pair-age-foundation-2315z/source/G2FaithfulPairAgeDecoration.lean",
verify	Recover stopped G5 original compiler diagnostics	2026-10-07T17:05:47.4676733Z       "sha256": "c82708abcdae2e3e174f245dccca811881b5149f1acb69b12700850b307b5735",
verify	Recover stopped G5 original compiler diagnostics	2026-10-07T17:05:47.4677113Z       "authority": "research/2026-10-07-dot-g2-accepted-source-preservation-0006z/SOURCE-AND-DEPENDENCY-PINS.json",
verify	Recover stopped G5 original compiler diagnostics	2026-10-07T17:05:47.4677198Z       "imports": [
verify	Recover stopped G5 original compiler diagnostics	2026-10-07T17:05:47.4677359Z         "UnifiedLean.Source.SourceForestSilentPruning",
verify	Recover stopped G5 original compiler diagnostics	2026-10-07T17:05:47.4677568Z         "Mathlib.MeasureTheory.Constructions.BorelSpace.Metrizable"
verify	Recover stopped G5 original compiler diagnostics	2026-10-07T17:05:47.4677643Z       ],
verify	Recover stopped G5 original compiler diagnostics	2026-10-07T17:05:47.4677816Z       "destination": "TimedG2/G2FaithfulPairAgeDecoration.lean"
verify	Recover stopped G5 original compiler diagnostics	2026-10-07T17:05:47.4677897Z     },
verify	Recover stopped G5 original compiler diagnostics	2026-10-07T17:05:47.4678048Z     "UnifiedLean.Source.FiniteGenealogyEncoding": {
verify	Recover stopped G5 original compiler diagnostics	2026-10-07T17:05:47.4678479Z       "source": "research/2026-10-04-dot-verified-lean-825-0203z/package/baseline/UnifiedLean/Source/FiniteGenealogyEncoding.lean",
verify	Recover stopped G5 original compiler diagnostics	2026-10-07T17:05:47.4678710Z       "sha256": "3d862f8d9f9a43aed6324954ebea749001fd2b221dd90dd7d58cf4e4419fbcac",
verify	Recover stopped G5 original compiler diagnostics	2026-10-07T17:05:47.4678804Z       "authority": "baseline",
verify	Recover stopped G5 original compiler diagnostics	2026-10-07T17:05:47.4678889Z       "imports": [
verify	Recover stopped G5 original compiler diagnostics	2026-10-07T17:05:47.4679042Z         "UnifiedLean.Source.SourceForestSilentPruning",
verify	Recover stopped G5 original compiler diagnostics	2026-10-07T17:05:47.4679150Z         "Mathlib.Data.Fintype.Sum"
verify	Recover stopped G5 original compiler diagnostics	2026-10-07T17:05:47.4679226Z       ],
verify	Recover stopped G5 original compiler diagnostics	2026-10-07T17:05:47.4679425Z       "destination": "UnifiedLean/Source/FiniteGenealogyEncoding.lean"
verify	Recover stopped G5 original compiler diagnostics	2026-10-07T17:05:47.4679507Z     },
verify	Recover stopped G5 original compiler diagnostics	2026-10-07T17:05:47.4679648Z     "UnifiedLean.Source.FiniteSourceSnapshot": {
verify	Recover stopped G5 original compiler diagnostics	2026-10-07T17:05:47.4680058Z       "source": "research/2026-10-04-dot-verified-lean-825-0203z/package/baseline/UnifiedLean/Source/FiniteSourceSnapshot.lean",
verify	Recover stopped G5 original compiler diagnostics	2026-10-07T17:05:47.4680283Z       "sha256": "4628112bbbc69528748bbc93f8a3f8200bc802a6e72417fb90c39e7acd49f744",
verify	Recover stopped G5 original compiler diagnostics	2026-10-07T17:05:47.4680381Z       "authority": "baseline",
verify	Recover stopped G5 original compiler diagnostics	2026-10-07T17:05:47.4680463Z       "imports": [
verify	Recover stopped G5 original compiler diagnostics	2026-10-07T17:05:47.4680653Z         "UnifiedLean.Source.FiniteGenealogyEncoding",
verify	Recover stopped G5 original compiler diagnostics	2026-10-07T17:05:47.4680813Z         "UnifiedLean.Source.SourceForestSilentPruning"
verify	Recover stopped G5 original compiler diagnostics	2026-10-07T17:05:47.4680890Z       ],
verify	Recover stopped G5 original compiler diagnostics	2026-10-07T17:05:47.4681077Z       "destination": "UnifiedLean/Source/FiniteSourceSnapshot.lean"
verify	Recover stopped G5 original compiler diagnostics	2026-10-07T17:05:47.4681150Z     },
verify	Recover stopped G5 original compiler diagnostics	2026-10-07T17:05:47.4681240Z     "GraphLeaves": {
verify	Recover stopped G5 original compiler diagnostics	2026-10-07T17:05:47.4681570Z       "source": "research/2026-10-04-dot-verified-lean-825-0203z/package/baseline/Imported/GraphLeaves.lean",
verify	Recover stopped G5 original compiler diagnostics	2026-10-07T17:05:47.4681921Z       "sha256": "9d7e0f1756768fe32d4b38514c36bd961a306fb21dcf6b7fb27f5e6285a5f49b",
verify	Recover stopped G5 original compiler diagnostics	2026-10-07T17:05:47.4682018Z       "authority": "baseline",
verify	Recover stopped G5 original compiler diagnostics	2026-10-07T17:05:47.4682099Z       "imports": [
verify	Recover stopped G5 original compiler diagnostics	2026-10-07T17:05:47.4682196Z         "SourceNetwork",
verify	Recover stopped G5 original compiler diagnostics	2026-10-07T17:05:47.4682308Z         "Mathlib.Data.Fintype.EquivFin"
verify	Recover stopped G5 original compiler diagnostics	2026-10-07T17:05:47.4682384Z       ],
verify	Recover stopped G5 original compiler diagnostics	2026-10-07T17:05:47.4682506Z       "destination": "Imported/GraphLeaves.lean"
verify	Recover stopped G5 original compiler diagnostics	2026-10-07T17:05:47.4682583Z     },
verify	Recover stopped G5 original compiler diagnostics	2026-10-07T17:05:47.4682666Z     "GraphCuts": {
verify	Recover stopped G5 original compiler diagnostics	2026-10-07T17:05:47.4682988Z       "source": "research/2026-10-04-dot-verified-lean-825-0203z/package/baseline/Imported/GraphCuts.lean",
verify	Recover stopped G5 original compiler diagnostics	2026-10-07T17:05:47.4683208Z       "sha256": "a877489ce00643ef1bf96b14d484453797891c718445ce157aa7a54beefce2e5",
verify	Recover stopped G5 original compiler diagnostics	2026-10-07T17:05:47.4683300Z       "authority": "baseline",
verify	Recover stopped G5 original compiler diagnostics	2026-10-07T17:05:47.4683388Z       "imports": [
verify	Recover stopped G5 original compiler diagnostics	2026-10-07T17:05:47.4683473Z         "GraphLeaves"
verify	Recover stopped G5 original compiler diagnostics	2026-10-07T17:05:47.4683552Z       ],
verify	Recover stopped G5 original compiler diagnostics	2026-10-07T17:05:47.4683672Z       "destination": "Imported/GraphCuts.lean"
verify	Recover stopped G5 original compiler diagnostics	2026-10-07T17:05:47.4683755Z     },
verify	Recover stopped G5 original compiler diagnostics	2026-10-07T17:05:47.4683856Z     "G5BridgeBarrier": {
verify	Recover stopped G5 original compiler diagnostics	2026-10-07T17:05:47.4684200Z       "source": "research/2026-10-04-dot-verified-lean-825-0203z/package/baseline/Imported/G5BridgeBarrier.lean",
verify	Recover stopped G5 original compiler diagnostics	2026-10-07T17:05:47.4684550Z       "sha256": "0e2af6987c473e34c09a74ab41b3ede45ce049cbc04fde42b1d2108162467f77",
verify	Recover stopped G5 original compiler diagnostics	2026-10-07T17:05:47.4684644Z       "authority": "baseline",
verify	Recover stopped G5 original compiler diagnostics	2026-10-07T17:05:47.4684821Z       "imports": [
verify	Recover stopped G5 original compiler diagnostics	2026-10-07T17:05:47.4685025Z         "GraphCuts"
verify	Recover stopped G5 original compiler diagnostics	2026-10-07T17:05:47.4685189Z       ],
verify	Recover stopped G5 original compiler diagnostics	2026-10-07T17:05:47.4685360Z       "destination": "Imported/G5BridgeBarrier.lean"
verify	Recover stopped G5 original compiler diagnostics	2026-10-07T17:05:47.4689352Z     },
verify	Recover stopped G5 original compiler diagnostics	2026-10-07T17:05:47.4689510Z     "G5CalendarRoutes": {
verify	Recover stopped G5 original compiler diagnostics	2026-10-07T17:05:47.4689907Z       "source": "research/2026-10-04-dot-verified-lean-825-0203z/package/baseline/Imported/G5CalendarRoutes.lean",
verify	Recover stopped G5 original compiler diagnostics	2026-10-07T17:05:47.4690151Z       "sha256": "db0e9421d59009e4119ac42e7e86517ada50f5007a314fd430f4b0937f6c80fd",
verify	Recover stopped G5 original compiler diagnostics	2026-10-07T17:05:47.4690265Z       "authority": "baseline",
verify	Recover stopped G5 original compiler diagnostics	2026-10-07T17:05:47.4690354Z       "imports": [
verify	Recover stopped G5 original compiler diagnostics	2026-10-07T17:05:47.4690449Z         "G5BridgeBarrier",
verify	Recover stopped G5 original compiler diagnostics	2026-10-07T17:05:47.4690557Z         "Mathlib.Data.Real.Basic",
verify	Recover stopped G5 original compiler diagnostics	2026-10-07T17:05:47.4690668Z         "Mathlib.Tactic.Linarith"
verify	Recover stopped G5 original compiler diagnostics	2026-10-07T17:05:47.4690749Z       ],
verify	Recover stopped G5 original compiler diagnostics	2026-10-07T17:05:47.4690896Z       "destination": "Imported/G5CalendarRoutes.lean"
verify	Recover stopped G5 original compiler diagnostics	2026-10-07T17:05:47.4690976Z     },
verify	Recover stopped G5 original compiler diagnostics	2026-10-07T17:05:47.4691080Z     "G5ProtectiveBlock": {
verify	Recover stopped G5 original compiler diagnostics	2026-10-07T17:05:47.4691459Z       "source": "research/2026-10-04-dot-verified-lean-825-0203z/package/baseline/Imported/G5ProtectiveBlock.lean",
verify	Recover stopped G5 original compiler diagnostics	2026-10-07T17:05:47.4691695Z       "sha256": "45d1f8284504ee2b591c4d56654ce7375e3979b1a97495fc439c6f4477dcffe9",
verify	Recover stopped G5 original compiler diagnostics	2026-10-07T17:05:47.4691795Z       "authority": "baseline",
verify	Recover stopped G5 original compiler diagnostics	2026-10-07T17:05:47.4691884Z       "imports": [
verify	Recover stopped G5 original compiler diagnostics	2026-10-07T17:05:47.4691978Z         "G5CalendarRoutes"
verify	Recover stopped G5 original compiler diagnostics	2026-10-07T17:05:47.4692058Z       ],
verify	Recover stopped G5 original compiler diagnostics	2026-10-07T17:05:47.4692206Z       "destination": "Imported/G5ProtectiveBlock.lean"
verify	Recover stopped G5 original compiler diagnostics	2026-10-07T17:05:47.4692284Z     },
verify	Recover stopped G5 original compiler diagnostics	2026-10-07T17:05:47.4692394Z     "G5MinimalGraphInterface": {
verify	Recover stopped G5 original compiler diagnostics	2026-10-07T17:05:47.4692791Z       "source": "research/2026-10-04-dot-verified-lean-825-0203z/package/baseline/Imported/G5MinimalGraphInterface.lean",
verify	Recover stopped G5 original compiler diagnostics	2026-10-07T17:05:47.4693034Z       "sha256": "20e09481ee4518de56cf201c978d98b4cec0d94c0fbfebd40008d3a3fa799281",
verify	Recover stopped G5 original compiler diagnostics	2026-10-07T17:05:47.4693132Z       "authority": "baseline",
verify	Recover stopped G5 original compiler diagnostics	2026-10-07T17:05:47.4693220Z       "imports": [
verify	Recover stopped G5 original compiler diagnostics	2026-10-07T17:05:47.4693308Z         "GraphCuts"
verify	Recover stopped G5 original compiler diagnostics	2026-10-07T17:05:47.4693382Z       ],
verify	Recover stopped G5 original compiler diagnostics	2026-10-07T17:05:47.4693549Z       "destination": "Imported/G5MinimalGraphInterface.lean"
verify	Recover stopped G5 original compiler diagnostics	2026-10-07T17:05:47.4693622Z     },
verify	Recover stopped G5 original compiler diagnostics	2026-10-07T17:05:47.4693733Z     "G6BridgeCannotEnterHybrid": {
verify	Recover stopped G5 original compiler diagnostics	2026-10-07T17:05:47.4694129Z       "source": "research/2026-10-04-dot-verified-lean-825-0203z/package/baseline/Imported/G6BridgeCannotEnterHybrid.lean",
verify	Recover stopped G5 original compiler diagnostics	2026-10-07T17:05:47.4694370Z       "sha256": "60befd0f3660e56b46ca80f17a0c11f8ecd415833d0d52fad5ecafef7df6389e",
verify	Recover stopped G5 original compiler diagnostics	2026-10-07T17:05:47.4694634Z       "authority": "baseline",
verify	Recover stopped G5 original compiler diagnostics	2026-10-07T17:05:47.4694722Z       "imports": [
verify	Recover stopped G5 original compiler diagnostics	2026-10-07T17:05:47.4694831Z         "G5MinimalGraphInterface",
verify	Recover stopped G5 original compiler diagnostics	2026-10-07T17:05:47.4694924Z         "G2LiveLineageRouting"
verify	Recover stopped G5 original compiler diagnostics	2026-10-07T17:05:47.4695004Z       ],
verify	Recover stopped G5 original compiler diagnostics	2026-10-07T17:05:47.4695176Z       "destination": "Imported/G6BridgeCannotEnterHybrid.lean"
verify	Recover stopped G5 original compiler diagnostics	2026-10-07T17:05:47.4695255Z     },
verify	Recover stopped G5 original compiler diagnostics	2026-10-07T17:05:47.4695362Z     "G5BridgeComponentEntries": {
verify	Recover stopped G5 original compiler diagnostics	2026-10-07T17:05:47.4695758Z       "source": "research/2026-10-04-dot-verified-lean-825-0203z/package/baseline/Imported/G5BridgeComponentEntries.lean",
verify	Recover stopped G5 original compiler diagnostics	2026-10-07T17:05:47.4695990Z       "sha256": "286bcf82d6f79056a8d0d443aa6d4f19c7ca5a72669e62d8f2f4868ef0d6acc6",
verify	Recover stopped G5 original compiler diagnostics	2026-10-07T17:05:47.4696083Z       "authority": "baseline",
verify	Recover stopped G5 original compiler diagnostics	2026-10-07T17:05:47.4696170Z       "imports": [
verify	Recover stopped G5 original compiler diagnostics	2026-10-07T17:05:47.4696276Z         "G6BridgeCannotEnterHybrid",
verify	Recover stopped G5 original compiler diagnostics	2026-10-07T17:05:47.4696374Z         "G5CalendarRoutes"
verify	Recover stopped G5 original compiler diagnostics	2026-10-07T17:05:47.4696451Z       ],
verify	Recover stopped G5 original compiler diagnostics	2026-10-07T17:05:47.4696787Z       "destination": "Imported/G5BridgeComponentEntries.lean"
verify	Recover stopped G5 original compiler diagnostics	2026-10-07T17:05:47.4696871Z     },
verify	Recover stopped G5 original compiler diagnostics	2026-10-07T17:05:47.4696972Z     "G5NonbridgeRouteBound": {
verify	Recover stopped G5 original compiler diagnostics	2026-10-07T17:05:47.4697352Z       "source": "research/2026-10-04-dot-verified-lean-825-0203z/package/baseline/Imported/G5NonbridgeRouteBound.lean",
verify	Recover stopped G5 original compiler diagnostics	2026-10-07T17:05:47.4697701Z       "sha256": "7a0c7b0010fe42167fab26da7daf366f695c448b283a211751c5dd5416920525",
verify	Recover stopped G5 original compiler diagnostics	2026-10-07T17:05:47.4697798Z       "authority": "baseline",
verify	Recover stopped G5 original compiler diagnostics	2026-10-07T17:05:47.4697880Z       "imports": [
verify	Recover stopped G5 original compiler diagnostics	2026-10-07T17:05:47.4697978Z         "G5CalendarRoutes",
verify	Recover stopped G5 original compiler diagnostics	2026-10-07T17:05:47.4698084Z         "Mathlib.Data.Fintype.Card"
verify	Recover stopped G5 original compiler diagnostics	2026-10-07T17:05:47.4698164Z       ],
verify	Recover stopped G5 original compiler diagnostics	2026-10-07T17:05:47.4698322Z       "destination": "Imported/G5NonbridgeRouteBound.lean"
verify	Recover stopped G5 original compiler diagnostics	2026-10-07T17:05:47.4698399Z     },
verify	Recover stopped G5 original compiler diagnostics	2026-10-07T17:05:47.4698514Z     "G5ComponentCalendarCoverage": {
verify	Recover stopped G5 original compiler diagnostics	2026-10-07T17:05:47.4698911Z       "source": "research/2026-10-04-dot-verified-lean-825-0203z/package/baseline/Imported/G5ComponentCalendarCoverage.lean",
verify	Recover stopped G5 original compiler diagnostics	2026-10-07T17:05:47.4699147Z       "sha256": "3d73d592d4c129b1b06f2eccd48a94fd8afe1e50f030a5eb18e8c3ddb9f12c10",
verify	Recover stopped G5 original compiler diagnostics	2026-10-07T17:05:47.4699239Z       "authority": "baseline",
verify	Recover stopped G5 original compiler diagnostics	2026-10-07T17:05:47.4699324Z       "imports": [
verify	Recover stopped G5 original compiler diagnostics	2026-10-07T17:05:47.4699433Z         "G5BridgeComponentEntries",
verify	Recover stopped G5 original compiler diagnostics	2026-10-07T17:05:47.4699533Z         "G5NonbridgeRouteBound",
verify	Recover stopped G5 original compiler diagnostics	2026-10-07T17:05:47.4699626Z         "Mathlib.Tactic"
verify	Recover stopped G5 original compiler diagnostics	2026-10-07T17:05:47.4699700Z       ],
verify	Recover stopped G5 original compiler diagnostics	2026-10-07T17:05:47.4699879Z       "destination": "Imported/G5ComponentCalendarCoverage.lean"
verify	Recover stopped G5 original compiler diagnostics	2026-10-07T17:05:47.4699954Z     },
verify	Recover stopped G5 original compiler diagnostics	2026-10-07T17:05:47.4700064Z     "G5ActualComponentSupport": {
verify	Recover stopped G5 original compiler diagnostics	2026-10-07T17:05:47.4700447Z       "source": "research/2026-10-04-dot-verified-lean-825-0203z/package/baseline/Imported/G5ActualComponentSupport.lean",
verify	Recover stopped G5 original compiler diagnostics	2026-10-07T17:05:47.4700674Z       "sha256": "5da0a86f2d1caf9b3a78a0fd75765194fa5652ad1a55c09382502d8354faaec7",
verify	Recover stopped G5 original compiler diagnostics	2026-10-07T17:05:47.4700769Z       "authority": "baseline",
verify	Recover stopped G5 original compiler diagnostics	2026-10-07T17:05:47.4700850Z       "imports": [
verify	Recover stopped G5 original compiler diagnostics	2026-10-07T17:05:47.4700967Z         "G5ComponentCalendarCoverage"
verify	Recover stopped G5 original compiler diagnostics	2026-10-07T17:05:47.4701042Z       ],
verify	Recover stopped G5 original compiler diagnostics	2026-10-07T17:05:47.4701209Z       "destination": "Imported/G5ActualComponentSupport.lean"
verify	Recover stopped G5 original compiler diagnostics	2026-10-07T17:05:47.4701286Z     },
verify	Recover stopped G5 original compiler diagnostics	2026-10-07T17:05:47.4701398Z     "G5RootRouteCurrentSupport": {
verify	Recover stopped G5 original compiler diagnostics	2026-10-07T17:05:47.4701788Z       "source": "research/2026-10-04-dot-verified-lean-825-0203z/package/baseline/Imported/G5RootRouteCurrentSupport.lean",
verify	Recover stopped G5 original compiler diagnostics	2026-10-07T17:05:47.4702004Z       "sha256": "c72a58ae14539e524c37c97193d2343158eff784557fef12a7e4b7360157b554",
verify	Recover stopped G5 original compiler diagnostics	2026-10-07T17:05:47.4702098Z       "authority": "baseline",
verify	Recover stopped G5 original compiler diagnostics	2026-10-07T17:05:47.4702179Z       "imports": [
verify	Recover stopped G5 original compiler diagnostics	2026-10-07T17:05:47.4702284Z         "G5ActualComponentSupport"
verify	Recover stopped G5 original compiler diagnostics	2026-10-07T17:05:47.4702359Z       ],
verify	Recover stopped G5 original compiler diagnostics	2026-10-07T17:05:47.4702533Z       "destination": "Imported/G5RootRouteCurrentSupport.lean"
verify	Recover stopped G5 original compiler diagnostics	2026-10-07T17:05:47.4702609Z     },
verify	Recover stopped G5 original compiler diagnostics	2026-10-07T17:05:47.4702715Z     "G5CurrentPortTwoPositions": {
verify	Recover stopped G5 original compiler diagnostics	2026-10-07T17:05:47.4703102Z       "source": "research/2026-10-04-dot-verified-lean-825-0203z/package/baseline/Imported/G5CurrentPortTwoPositions.lean",
verify	Recover stopped G5 original compiler diagnostics	2026-10-07T17:05:47.4703443Z       "sha256": "c24d3d860a5369434f6d236c37003d3045e6452fd57dd21396dd877a5a452ce9",
verify	Recover stopped G5 original compiler diagnostics	2026-10-07T17:05:47.4703546Z       "authority": "baseline",
verify	Recover stopped G5 original compiler diagnostics	2026-10-07T17:05:47.4703627Z       "imports": [
verify	Recover stopped G5 original compiler diagnostics	2026-10-07T17:05:47.4703736Z         "G5RootRouteCurrentSupport"
verify	Recover stopped G5 original compiler diagnostics	2026-10-07T17:05:47.4703814Z       ],
verify	Recover stopped G5 original compiler diagnostics	2026-10-07T17:05:47.4703979Z       "destination": "Imported/G5CurrentPortTwoPositions.lean"
verify	Recover stopped G5 original compiler diagnostics	2026-10-07T17:05:47.4704054Z     },
verify	Recover stopped G5 original compiler diagnostics	2026-10-07T17:05:47.4704167Z     "G5OriginalTipCurrentSupport": {
verify	Recover stopped G5 original compiler diagnostics	2026-10-07T17:05:47.4704570Z       "source": "research/2026-10-04-dot-verified-lean-825-0203z/package/baseline/Imported/G5OriginalTipCurrentSupport.lean",
verify	Recover stopped G5 original compiler diagnostics	2026-10-07T17:05:47.4704797Z       "sha256": "4324f00cb8db4d3c6ab0bfaa5e7283fcde521568f40d95aaddb9e32f896cdba2",
verify	Recover stopped G5 original compiler diagnostics	2026-10-07T17:05:47.4704894Z       "authority": "baseline",
verify	Recover stopped G5 original compiler diagnostics	2026-10-07T17:05:47.4704979Z       "imports": [
verify	Recover stopped G5 original compiler diagnostics	2026-10-07T17:05:47.4705081Z         "G5CurrentPortTwoPositions"
verify	Recover stopped G5 original compiler diagnostics	2026-10-07T17:05:47.4705166Z       ],
verify	Recover stopped G5 original compiler diagnostics	2026-10-07T17:05:47.4705341Z       "destination": "Imported/G5OriginalTipCurrentSupport.lean"
verify	Recover stopped G5 original compiler diagnostics	2026-10-07T17:05:47.4705420Z     },
verify	Recover stopped G5 original compiler diagnostics	2026-10-07T17:05:47.4705608Z     "G5ParentChoiceCalendar": {
verify	Recover stopped G5 original compiler diagnostics	2026-10-07T17:05:47.4705990Z       "source": "research/2026-10-04-dot-verified-lean-825-0203z/package/baseline/Imported/G5ParentChoiceCalendar.lean",
verify	Recover stopped G5 original compiler diagnostics	2026-10-07T17:05:47.4706212Z       "sha256": "357d5e59016672583318546b03bebb04ccdd5fbf95247cab22c98465dbf715b9",
verify	Recover stopped G5 original compiler diagnostics	2026-10-07T17:05:47.4706305Z       "authority": "baseline",
verify	Recover stopped G5 original compiler diagnostics	2026-10-07T17:05:47.4706389Z       "imports": [
verify	Recover stopped G5 original compiler diagnostics	2026-10-07T17:05:47.4706500Z         "G5OriginalTipCurrentSupport"
verify	Recover stopped G5 original compiler diagnostics	2026-10-07T17:05:47.4706581Z       ],
verify	Recover stopped G5 original compiler diagnostics	2026-10-07T17:05:47.4706861Z       "destination": "Imported/G5ParentChoiceCalendar.lean"
verify	Recover stopped G5 original compiler diagnostics	2026-10-07T17:05:47.4706939Z     },
verify	Recover stopped G5 original compiler diagnostics	2026-10-07T17:05:47.4707038Z     "G5CoupledQuartetKernel": {
verify	Recover stopped G5 original compiler diagnostics	2026-10-07T17:05:47.4707415Z       "source": "research/2026-10-04-dot-verified-lean-825-0203z/package/baseline/Imported/G5CoupledQuartetKernel.lean",
verify	Recover stopped G5 original compiler diagnostics	2026-10-07T17:05:47.4707637Z       "sha256": "f9275364f5777a968c37ce39c24ea95179d23b4e54414463a62a4860c33361c1",
verify	Recover stopped G5 original compiler diagnostics	2026-10-07T17:05:47.4707729Z       "authority": "baseline",
verify	Recover stopped G5 original compiler diagnostics	2026-10-07T17:05:47.4707816Z       "imports": [
verify	Recover stopped G5 original compiler diagnostics	2026-10-07T17:05:47.4707905Z         "Mathlib.Tactic"
verify	Recover stopped G5 original compiler diagnostics	2026-10-07T17:05:47.4707980Z       ],
verify	Recover stopped G5 original compiler diagnostics	2026-10-07T17:05:47.4708134Z       "destination": "Imported/G5CoupledQuartetKernel.lean"
verify	Recover stopped G5 original compiler diagnostics	2026-10-07T17:05:47.4708211Z     },
verify	Recover stopped G5 original compiler diagnostics	2026-10-07T17:05:47.4708311Z     "G5FairSelectorMoments": {
verify	Recover stopped G5 original compiler diagnostics	2026-10-07T17:05:47.4708680Z       "source": "research/2026-10-04-dot-verified-lean-825-0203z/package/baseline/Imported/G5FairSelectorMoments.lean",
verify	Recover stopped G5 original compiler diagnostics	2026-10-07T17:05:47.4708898Z       "sha256": "97a29621340a7dd103409ee8ce84675560f4b8e03aa7db63314ca24b337be71f",
verify	Recover stopped G5 original compiler diagnostics	2026-10-07T17:05:47.4708990Z       "authority": "baseline",
verify	Recover stopped G5 original compiler diagnostics	2026-10-07T17:05:47.4709075Z       "imports": [
verify	Recover stopped G5 original compiler diagnostics	2026-10-07T17:05:47.4709176Z         "G5CoupledQuartetKernel",
verify	Recover stopped G5 original compiler diagnostics	2026-10-07T17:05:47.4709325Z         "Mathlib.Probability.Distributions.Uniform"
verify	Recover stopped G5 original compiler diagnostics	2026-10-07T17:05:47.4709406Z       ],
verify	Recover stopped G5 original compiler diagnostics	2026-10-07T17:05:47.4709557Z       "destination": "Imported/G5FairSelectorMoments.lean"
verify	Recover stopped G5 original compiler diagnostics	2026-10-07T17:05:47.4709635Z     },
verify	Recover stopped G5 original compiler diagnostics	2026-10-07T17:05:47.4709736Z     "G5FairOriginalCoinLaw": {
verify	Recover stopped G5 original compiler diagnostics	2026-10-07T17:05:47.4710107Z       "source": "research/2026-10-04-dot-verified-lean-825-0203z/package/baseline/Imported/G5FairOriginalCoinLaw.lean",
verify	Recover stopped G5 original compiler diagnostics	2026-10-07T17:05:47.4710329Z       "sha256": "6a8905aa53481bdc37914e5d01197af12a9ddde1ffc42fc4b896603a6b61aa8e",
verify	Recover stopped G5 original compiler diagnostics	2026-10-07T17:05:47.4710426Z       "authority": "baseline",
verify	Recover stopped G5 original compiler diagnostics	2026-10-07T17:05:47.4710507Z       "imports": [
verify	Recover stopped G5 original compiler diagnostics	2026-10-07T17:05:47.4710609Z         "SourceLabelledForest",
verify	Recover stopped G5 original compiler diagnostics	2026-10-07T17:05:47.4710712Z         "G5FairSelectorMoments",
verify	Recover stopped G5 original compiler diagnostics	2026-10-07T17:05:47.4710827Z         "Mathlib.Data.Rat.BigOperators",
verify	Recover stopped G5 original compiler diagnostics	2026-10-07T17:05:47.4710955Z         "Mathlib.Data.ENNReal.BigOperators",
verify	Recover stopped G5 original compiler diagnostics	2026-10-07T17:05:47.4711119Z         "Mathlib.Algebra.BigOperators.Group.Finset.Sigma"
verify	Recover stopped G5 original compiler diagnostics	2026-10-07T17:05:47.4711197Z       ],
verify	Recover stopped G5 original compiler diagnostics	2026-10-07T17:05:47.4711511Z       "destination": "Imported/G5FairOriginalCoinLaw.lean"
verify	Recover stopped G5 original compiler diagnostics	2026-10-07T17:05:47.4711590Z     },
verify	Recover stopped G5 original compiler diagnostics	2026-10-07T17:05:47.4711692Z     "G5OriginalCoinPMF": {
verify	Recover stopped G5 original compiler diagnostics	2026-10-07T17:05:47.4712048Z       "source": "research/2026-10-04-dot-verified-lean-825-0203z/package/baseline/Imported/G5OriginalCoinPMF.lean",
verify	Recover stopped G5 original compiler diagnostics	2026-10-07T17:05:47.4712277Z       "sha256": "ae0e933761b49e5ca244a1756b77ba3c0e545bf1aa33ca75d51fc8caf8a1b5c1",
verify	Recover stopped G5 original compiler diagnostics	2026-10-07T17:05:47.4712368Z       "authority": "baseline",
verify	Recover stopped G5 original compiler diagnostics	2026-10-07T17:05:47.4712454Z       "imports": [
verify	Recover stopped G5 original compiler diagnostics	2026-10-07T17:05:47.4712551Z         "G5FairOriginalCoinLaw"
verify	Recover stopped G5 original compiler diagnostics	2026-10-07T17:05:47.4712628Z       ],
verify	Recover stopped G5 original compiler diagnostics	2026-10-07T17:05:47.4712769Z       "destination": "Imported/G5OriginalCoinPMF.lean"
verify	Recover stopped G5 original compiler diagnostics	2026-10-07T17:05:47.4712844Z     },
verify	Recover stopped G5 original compiler diagnostics	2026-10-07T17:05:47.4712962Z     "G5ParentPositionPushforward": {
verify	Recover stopped G5 original compiler diagnostics	2026-10-07T17:05:47.4713361Z       "source": "research/2026-10-04-dot-verified-lean-825-0203z/package/baseline/Imported/G5ParentPositionPushforward.lean",
verify	Recover stopped G5 original compiler diagnostics	2026-10-07T17:05:47.4713589Z       "sha256": "4f81aef02bb0f225aea6b377757f9282d336da685eb3e728dad1cf133f83d8db",
verify	Recover stopped G5 original compiler diagnostics	2026-10-07T17:05:47.4713687Z       "authority": "baseline",
verify	Recover stopped G5 original compiler diagnostics	2026-10-07T17:05:47.4713775Z       "imports": [
verify	Recover stopped G5 original compiler diagnostics	2026-10-07T17:05:47.4713876Z         "G5ParentChoiceCalendar",
verify	Recover stopped G5 original compiler diagnostics	2026-10-07T17:05:47.4714090Z         "G5OriginalCoinPMF"
verify	Recover stopped G5 original compiler diagnostics	2026-10-07T17:05:47.4714173Z       ],
verify	Recover stopped G5 original compiler diagnostics	2026-10-07T17:05:47.4714350Z       "destination": "Imported/G5ParentPositionPushforward.lean"
verify	Recover stopped G5 original compiler diagnostics	2026-10-07T17:05:47.4714428Z     },
verify	Recover stopped G5 original compiler diagnostics	2026-10-07T17:05:47.4714544Z     "G5SafePastHybridDisjointness": {
verify	Recover stopped G5 original compiler diagnostics	2026-10-07T17:05:47.4714950Z       "source": "research/2026-10-04-dot-verified-lean-825-0203z/package/baseline/Imported/G5SafePastHybridDisjointness.lean",
verify	Recover stopped G5 original compiler diagnostics	2026-10-07T17:05:47.4715168Z       "sha256": "99c5803e9c056152a260eccff1b8351239c12ca9e5ef40b51a419419992efe97",
verify	Recover stopped G5 original compiler diagnostics	2026-10-07T17:05:47.4715264Z       "authority": "baseline",
verify	Recover stopped G5 original compiler diagnostics	2026-10-07T17:05:47.4715350Z       "imports": [
verify	Recover stopped G5 original compiler diagnostics	2026-10-07T17:05:47.4715445Z         "G5ProtectiveBlock",
verify	Recover stopped G5 original compiler diagnostics	2026-10-07T17:05:47.4715558Z         "G5ParentPositionPushforward"
verify	Recover stopped G5 original compiler diagnostics	2026-10-07T17:05:47.4715637Z       ],
verify	Recover stopped G5 original compiler diagnostics	2026-10-07T17:05:47.4715820Z       "destination": "Imported/G5SafePastHybridDisjointness.lean"
verify	Recover stopped G5 original compiler diagnostics	2026-10-07T17:05:47.4715895Z     },
verify	Recover stopped G5 original compiler diagnostics	2026-10-07T17:05:47.4716014Z     "G5PairOnlySureBlockChronology": {
verify	Recover stopped G5 original compiler diagnostics	2026-10-07T17:05:47.4716427Z       "source": "research/2026-10-04-dot-verified-lean-825-0203z/package/baseline/Imported/G5PairOnlySureBlockChronology.lean",
verify	Recover stopped G5 original compiler diagnostics	2026-10-07T17:05:47.4716778Z       "sha256": "1ac87b91536cbe08b2ec4afe4ca3ea28c21386b6c432c6bd81731a30ea39871b",
verify	Recover stopped G5 original compiler diagnostics	2026-10-07T17:05:47.4716881Z       "authority": "baseline",
verify	Recover stopped G5 original compiler diagnostics	2026-10-07T17:05:47.4716962Z       "imports": [
verify	Recover stopped G5 original compiler diagnostics	2026-10-07T17:05:47.4717077Z         "G5SafePastHybridDisjointness"
verify	Recover stopped G5 original compiler diagnostics	2026-10-07T17:05:47.4717159Z       ],
verify	Recover stopped G5 original compiler diagnostics	2026-10-07T17:05:47.4717351Z       "destination": "Imported/G5PairOnlySureBlockChronology.lean"
verify	Recover stopped G5 original compiler diagnostics	2026-10-07T17:05:47.4717427Z     },
verify	Recover stopped G5 original compiler diagnostics	2026-10-07T17:05:47.4717535Z     "G5SafePastMeetingPermanence": {
verify	Recover stopped G5 original compiler diagnostics	2026-10-07T17:05:47.4717935Z       "source": "research/2026-10-04-dot-verified-lean-825-0203z/package/baseline/Imported/G5SafePastMeetingPermanence.lean",
verify	Recover stopped G5 original compiler diagnostics	2026-10-07T17:05:47.4718160Z       "sha256": "30864de3e16b9d9b9a80c0139ac2173e10cf71f4b30e2b324dee9d54d0eefc9e",
verify	Recover stopped G5 original compiler diagnostics	2026-10-07T17:05:47.4718259Z       "authority": "baseline",
verify	Recover stopped G5 original compiler diagnostics	2026-10-07T17:05:47.4718342Z       "imports": [
verify	Recover stopped G5 original compiler diagnostics	2026-10-07T17:05:47.4718459Z         "G5PairOnlySureBlockChronology"
verify	Recover stopped G5 original compiler diagnostics	2026-10-07T17:05:47.4718534Z       ],
verify	Recover stopped G5 original compiler diagnostics	2026-10-07T17:05:47.4718711Z       "destination": "Imported/G5SafePastMeetingPermanence.lean"
verify	Recover stopped G5 original compiler diagnostics	2026-10-07T17:05:47.4718788Z     },
verify	Recover stopped G5 original compiler diagnostics	2026-10-07T17:05:47.4718907Z     "G5ExponentialGermIdentification": {
verify	Recover stopped G5 original compiler diagnostics	2026-10-07T17:05:47.4719324Z       "source": "research/2026-10-04-dot-verified-lean-825-0203z/package/baseline/Imported/G5ExponentialGermIdentification.lean",
verify	Recover stopped G5 original compiler diagnostics	2026-10-07T17:05:47.4719550Z       "sha256": "c87eb5933db663acbed6128f9898ed357c1c0ba9a8fbf287ebb04cbecffa13d0",
verify	Recover stopped G5 original compiler diagnostics	2026-10-07T17:05:47.4719644Z       "authority": "baseline",
verify	Recover stopped G5 original compiler diagnostics	2026-10-07T17:05:47.4719726Z       "imports": [
verify	Recover stopped G5 original compiler diagnostics	2026-10-07T17:05:47.4719852Z         "Mathlib.LinearAlgebra.Vandermonde",
verify	Recover stopped G5 original compiler diagnostics	2026-10-07T17:05:47.4720119Z         "Mathlib.Analysis.SpecialFunctions.Exp",
verify	Recover stopped G5 original compiler diagnostics	2026-10-07T17:05:47.4720223Z         "Mathlib.Tactic.Linarith",
verify	Recover stopped G5 original compiler diagnostics	2026-10-07T17:05:47.4720323Z         "Mathlib.Tactic.Ring"
verify	Recover stopped G5 original compiler diagnostics	2026-10-07T17:05:47.4720401Z       ],
verify	Recover stopped G5 original compiler diagnostics	2026-10-07T17:05:47.4720597Z       "destination": "Imported/G5ExponentialGermIdentification.lean"
verify	Recover stopped G5 original compiler diagnostics	2026-10-07T17:05:47.4720671Z     },
verify	Recover stopped G5 original compiler diagnostics	2026-10-07T17:05:47.4720774Z     "G5UnknownRateSupport": {
verify	Recover stopped G5 original compiler diagnostics	2026-10-07T17:05:47.4721161Z       "source": "research/2026-10-04-dot-verified-lean-825-0203z/package/baseline/Imported/G5UnknownRateSupport.lean",
verify	Recover stopped G5 original compiler diagnostics	2026-10-07T17:05:47.4721389Z       "sha256": "5138246c24f49bc7b4b2adf28fd776b1b89f16e5cf7bc5bfa1b27c97afa7fa93",
verify	Recover stopped G5 original compiler diagnostics	2026-10-07T17:05:47.4721485Z       "authority": "baseline",
verify	Recover stopped G5 original compiler diagnostics	2026-10-07T17:05:47.4721568Z       "imports": [
verify	Recover stopped G5 original compiler diagnostics	2026-10-07T17:05:47.4721689Z         "G5ExponentialGermIdentification",
verify	Recover stopped G5 original compiler diagnostics	2026-10-07T17:05:47.4721838Z         "Mathlib.Algebra.BigOperators.Finsupp.Basic"
verify	Recover stopped G5 original compiler diagnostics	2026-10-07T17:05:47.4721914Z       ],
verify	Recover stopped G5 original compiler diagnostics	2026-10-07T17:05:47.4722074Z       "destination": "Imported/G5UnknownRateSupport.lean"
verify	Recover stopped G5 original compiler diagnostics	2026-10-07T17:05:47.4722146Z     },
verify	Recover stopped G5 original compiler diagnostics	2026-10-07T17:05:47.4722249Z     "G5OriginalRouteHazard": {
verify	Recover stopped G5 original compiler diagnostics	2026-10-07T17:05:47.4722627Z       "source": "research/2026-10-04-dot-verified-lean-825-0203z/package/baseline/Imported/G5OriginalRouteHazard.lean",
verify	Recover stopped G5 original compiler diagnostics	2026-10-07T17:05:47.4722962Z       "sha256": "9cf84860342b132e474d034ae05034129b47aa116e8bcf0e965989e7e58e4e8a",
verify	Recover stopped G5 original compiler diagnostics	2026-10-07T17:05:47.4723058Z       "authority": "baseline",
verify	Recover stopped G5 original compiler diagnostics	2026-10-07T17:05:47.4723144Z       "imports": [
verify	Recover stopped G5 original compiler diagnostics	2026-10-07T17:05:47.4723263Z         "G5SafePastMeetingPermanence",
verify	Recover stopped G5 original compiler diagnostics	2026-10-07T17:05:47.4723363Z         "G5UnknownRateSupport",
verify	Recover stopped G5 original compiler diagnostics	2026-10-07T17:05:47.4723470Z         "Mathlib.Data.Finset.Max"
verify	Recover stopped G5 original compiler diagnostics	2026-10-07T17:05:47.4723544Z       ],
verify	Recover stopped G5 original compiler diagnostics	2026-10-07T17:05:47.4723698Z       "destination": "Imported/G5OriginalRouteHazard.lean"
verify	Recover stopped G5 original compiler diagnostics	2026-10-07T17:05:47.4723772Z     },
verify	Recover stopped G5 original compiler diagnostics	2026-10-07T17:05:47.4723881Z     "G4TwoRootSourceStopping": {
verify	Recover stopped G5 original compiler diagnostics	2026-10-07T17:05:47.4724270Z       "source": "research/2026-10-04-dot-verified-lean-825-0203z/package/baseline/Imported/G4TwoRootSourceStopping.lean",
verify	Recover stopped G5 original compiler diagnostics	2026-10-07T17:05:47.4724502Z       "sha256": "b5dd33d135fcb9267ae3297229e51434b5cfd434e08ef89ecacf34affd5e541d",
verify	Recover stopped G5 original compiler diagnostics	2026-10-07T17:05:47.4724603Z       "authority": "baseline",
verify	Recover stopped G5 original compiler diagnostics	2026-10-07T17:05:47.4724685Z       "imports": [
verify	Recover stopped G5 original compiler diagnostics	2026-10-07T17:05:47.4724791Z         "Mathlib.Data.Real.Basic",
verify	Recover stopped G5 original compiler diagnostics	2026-10-07T17:05:47.4724897Z         "Mathlib.Data.Fintype.Basic",
verify	Recover stopped G5 original compiler diagnostics	2026-10-07T17:05:47.4725063Z         "Mathlib.Algebra.BigOperators.Group.Finset.Basic",
verify	Recover stopped G5 original compiler diagnostics	2026-10-07T17:05:47.4725158Z         "Mathlib.Tactic.Ring",
verify	Recover stopped G5 original compiler diagnostics	2026-10-07T17:05:47.4725264Z         "Mathlib.Tactic.Linarith",
verify	Recover stopped G5 original compiler diagnostics	2026-10-07T17:05:47.4725372Z         "Mathlib.Tactic.Positivity"
verify	Recover stopped G5 original compiler diagnostics	2026-10-07T17:05:47.4725447Z       ],
verify	Recover stopped G5 original compiler diagnostics	2026-10-07T17:05:47.4725611Z       "destination": "Imported/G4TwoRootSourceStopping.lean"
verify	Recover stopped G5 original compiler diagnostics	2026-10-07T17:05:47.4725684Z     },
verify	Recover stopped G5 original compiler diagnostics	2026-10-07T17:05:47.4725788Z     "G1SharedRegisterStress": {
verify	Recover stopped G5 original compiler diagnostics	2026-10-07T17:05:47.4726163Z       "source": "research/2026-10-04-dot-verified-lean-825-0203z/package/baseline/Imported/G1SharedRegisterStress.lean",
verify	Recover stopped G5 original compiler diagnostics	2026-10-07T17:05:47.4726388Z       "sha256": "d65004b11e07bb553637161bd7b1395186ea20e2c39e7c50c800af4871f018db",
verify	Recover stopped G5 original compiler diagnostics	2026-10-07T17:05:47.4726484Z       "authority": "baseline",
verify	Recover stopped G5 original compiler diagnostics	2026-10-07T17:05:47.4726569Z       "imports": [
verify	Recover stopped G5 original compiler diagnostics	2026-10-07T17:05:47.4726918Z         "Mathlib.Probability.Distributions.Exponential",
verify	Recover stopped G5 original compiler diagnostics	2026-10-07T17:05:47.4727073Z         "Mathlib.Analysis.SpecialFunctions.Log.Basic",
verify	Recover stopped G5 original compiler diagnostics	2026-10-07T17:05:47.4727172Z         "Mathlib.Tactic.Ring",
verify	Recover stopped G5 original compiler diagnostics	2026-10-07T17:05:47.4727272Z         "Mathlib.Tactic.NormNum"
verify	Recover stopped G5 original compiler diagnostics	2026-10-07T17:05:47.4727350Z       ],
verify	Recover stopped G5 original compiler diagnostics	2026-10-07T17:05:47.4727505Z       "destination": "Imported/G1SharedRegisterStress.lean"
verify	Recover stopped G5 original compiler diagnostics	2026-10-07T17:05:47.4727585Z     },
verify	Recover stopped G5 original compiler diagnostics	2026-10-07T17:05:47.4727689Z     "G4FourRootPositivity": {
verify	Recover stopped G5 original compiler diagnostics	2026-10-07T17:05:47.4728056Z       "source": "research/2026-10-04-dot-verified-lean-825-0203z/package/baseline/Imported/G4FourRootPositivity.lean",
verify	Recover stopped G5 original compiler diagnostics	2026-10-07T17:05:47.4728274Z       "sha256": "24823aa835fb0649d8754777d975315e82ead74d3f065093e2d03c743f7356fa",
verify	Recover stopped G5 original compiler diagnostics	2026-10-07T17:05:47.4728502Z       "authority": "baseline",
verify	Recover stopped G5 original compiler diagnostics	2026-10-07T17:05:47.4728590Z       "imports": [
verify	Recover stopped G5 original compiler diagnostics	2026-10-07T17:05:47.4728693Z         "Mathlib.Data.Real.Basic",
verify	Recover stopped G5 original compiler diagnostics	2026-10-07T17:05:47.4728796Z         "Mathlib.Tactic.Ring",
verify	Recover stopped G5 original compiler diagnostics	2026-10-07T17:05:47.4728900Z         "Mathlib.Tactic.Linarith",
verify	Recover stopped G5 original compiler diagnostics	2026-10-07T17:05:47.4729004Z         "Mathlib.Tactic.Positivity"
verify	Recover stopped G5 original compiler diagnostics	2026-10-07T17:05:47.4729083Z       ],
verify	Recover stopped G5 original compiler diagnostics	2026-10-07T17:05:47.4729230Z       "destination": "Imported/G4FourRootPositivity.lean"
verify	Recover stopped G5 original compiler diagnostics	2026-10-07T17:05:47.4729308Z     },
verify	Recover stopped G5 original compiler diagnostics	2026-10-07T17:05:47.4729413Z     "G4IndependentRoutingBridge": {
verify	Recover stopped G5 original compiler diagnostics	2026-10-07T17:05:47.4729815Z       "source": "research/2026-10-04-dot-verified-lean-825-0203z/package/baseline/Imported/G4IndependentRoutingBridge.lean",
verify	Recover stopped G5 original compiler diagnostics	2026-10-07T17:05:47.4730038Z       "sha256": "e30d82ea7e57138d463c779205dfcf686b520cb649d9d5767ee3c13853f19f6b",
verify	Recover stopped G5 original compiler diagnostics	2026-10-07T17:05:47.4730130Z       "authority": "baseline",
verify	Recover stopped G5 original compiler diagnostics	2026-10-07T17:05:47.4730214Z       "imports": [
verify	Recover stopped G5 original compiler diagnostics	2026-10-07T17:05:47.4730310Z         "G2LiveLineageRouting",
verify	Recover stopped G5 original compiler diagnostics	2026-10-07T17:05:47.4730416Z         "G1SharedRegisterStress",
verify	Recover stopped G5 original compiler diagnostics	2026-10-07T17:05:47.4730530Z         "Mathlib.Data.Nat.Choose.Basic",
verify	Recover stopped G5 original compiler diagnostics	2026-10-07T17:05:47.4730632Z         "Lean.Elab.Tactic.Omega",
verify	Recover stopped G5 original compiler diagnostics	2026-10-07T17:05:47.4730844Z         "G4FourRootPositivity",
verify	Recover stopped G5 original compiler diagnostics	2026-10-07T17:05:47.4730959Z         "Mathlib.Data.Fin.Tuple.Basic",
verify	Recover stopped G5 original compiler diagnostics	2026-10-07T17:05:47.4731086Z         "Mathlib.Data.Fintype.BigOperators",
verify	Recover stopped G5 original compiler diagnostics	2026-10-07T17:05:47.4731211Z         "Mathlib.Algebra.BigOperators.Fin",
verify	Recover stopped G5 original compiler diagnostics	2026-10-07T17:05:47.4731415Z         "Mathlib.Algebra.Order.BigOperators.GroupWithZero.Finset",
verify	Recover stopped G5 original compiler diagnostics	2026-10-07T17:05:47.4731555Z         "Mathlib.Algebra.BigOperators.Ring.Finset",
verify	Recover stopped G5 original compiler diagnostics	2026-10-07T17:05:47.4731659Z         "Mathlib.Tactic.NormNum"
verify	Recover stopped G5 original compiler diagnostics	2026-10-07T17:05:47.4731734Z       ],
verify	Recover stopped G5 original compiler diagnostics	2026-10-07T17:05:47.4731907Z       "destination": "Imported/G4IndependentRoutingBridge.lean"
verify	Recover stopped G5 original compiler diagnostics	2026-10-07T17:05:47.4731985Z     },
verify	Recover stopped G5 original compiler diagnostics	2026-10-07T17:05:47.4732085Z     "G4AllRootPairClocks": {
verify	Recover stopped G5 original compiler diagnostics	2026-10-07T17:05:47.4732455Z       "source": "research/2026-10-04-dot-verified-lean-825-0203z/package/baseline/Imported/G4AllRootPairClocks.lean",
verify	Recover stopped G5 original compiler diagnostics	2026-10-07T17:05:47.4732673Z       "sha256": "149c8603c734e2ccb021963be42609698285033c1296b2bca18d0716f4258744",
verify	Recover stopped G5 original compiler diagnostics	2026-10-07T17:05:47.4732774Z       "authority": "baseline",
verify	Recover stopped G5 original compiler diagnostics	2026-10-07T17:05:47.4732856Z       "imports": [
verify	Recover stopped G5 original compiler diagnostics	2026-10-07T17:05:47.4732971Z         "G4IndependentRoutingBridge",
verify	Recover stopped G5 original compiler diagnostics	2026-10-07T17:05:47.4733110Z         "Mathlib.MeasureTheory.Constructions.Pi",
verify	Recover stopped G5 original compiler diagnostics	2026-10-07T17:05:47.4733223Z         "Mathlib.Data.Fintype.Powerset",
verify	Recover stopped G5 original compiler diagnostics	2026-10-07T17:05:47.4733344Z         "Mathlib.Data.ENNReal.BigOperators"
verify	Recover stopped G5 original compiler diagnostics	2026-10-07T17:05:47.4733417Z       ],
verify	Recover stopped G5 original compiler diagnostics	2026-10-07T17:05:47.4733568Z       "destination": "Imported/G4AllRootPairClocks.lean"
verify	Recover stopped G5 original compiler diagnostics	2026-10-07T17:05:47.4733641Z     },
verify	Recover stopped G5 original compiler diagnostics	2026-10-07T17:05:47.4733754Z     "G4PathResolvedMeasurement": {
verify	Recover stopped G5 original compiler diagnostics	2026-10-07T17:05:47.4734145Z       "source": "research/2026-10-04-dot-verified-lean-825-0203z/package/baseline/Imported/G4PathResolvedMeasurement.lean",
verify	Recover stopped G5 original compiler diagnostics	2026-10-07T17:05:47.4734370Z       "sha256": "af20fe6e206d9b407ad7b16310d75eb12191b0b7a137d189b466209ed02f0eb9",
verify	Recover stopped G5 original compiler diagnostics	2026-10-07T17:05:47.4734470Z       "authority": "baseline",
verify	Recover stopped G5 original compiler diagnostics	2026-10-07T17:05:47.4734552Z       "imports": [
verify	Recover stopped G5 original compiler diagnostics	2026-10-07T17:05:47.4734660Z         "G4TwoRootSourceStopping",
verify	Recover stopped G5 original compiler diagnostics	2026-10-07T17:05:47.4734758Z         "G4AllRootPairClocks",
verify	Recover stopped G5 original compiler diagnostics	2026-10-07T17:05:47.4734976Z         "Mathlib.Probability.ProbabilityMassFunction.Constructions",
verify	Recover stopped G5 original compiler diagnostics	2026-10-07T17:05:47.4735118Z         "Mathlib.Algebra.BigOperators.Ring.Finset",
verify	Recover stopped G5 original compiler diagnostics	2026-10-07T17:05:47.4735316Z         "Mathlib.Algebra.Order.BigOperators.GroupWithZero.Finset"
verify	Recover stopped G5 original compiler diagnostics	2026-10-07T17:05:47.4735396Z       ],
verify	Recover stopped G5 original compiler diagnostics	2026-10-07T17:05:47.4735564Z       "destination": "Imported/G4PathResolvedMeasurement.lean"
verify	Recover stopped G5 original compiler diagnostics	2026-10-07T17:05:47.4735640Z     },
verify	Recover stopped G5 original compiler diagnostics	2026-10-07T17:05:47.4735779Z     "UnifiedLean.Source.NativeParentRouting": {
verify	Recover stopped G5 original compiler diagnostics	2026-10-07T17:05:47.4736188Z       "source": "research/2026-10-04-dot-verified-lean-825-0203z/package/baseline/UnifiedLean/Source/NativeParentRouting.lean",
verify	Recover stopped G5 original compiler diagnostics	2026-10-07T17:05:47.4736408Z       "sha256": "300d7216193e945ca26161535c1bc2ba75a128fe5c075b6a3567bbda66bfe0b6",
verify	Recover stopped G5 original compiler diagnostics	2026-10-07T17:05:47.4736592Z       "authority": "baseline",
verify	Recover stopped G5 original compiler diagnostics	2026-10-07T17:05:47.4736834Z       "imports": [
verify	Recover stopped G5 original compiler diagnostics	2026-10-07T17:05:47.4736934Z         "G5OriginalRouteHazard",
verify	Recover stopped G5 original compiler diagnostics	2026-10-07T17:05:47.4737048Z         "G4PathResolvedMeasurement",
verify	Recover stopped G5 original compiler diagnostics	2026-10-07T17:05:47.4737191Z         "Mathlib.MeasureTheory.Constructions.Pi",
verify	Recover stopped G5 original compiler diagnostics	2026-10-07T17:05:47.4737295Z         "Mathlib.Data.Finset.Card"
verify	Recover stopped G5 original compiler diagnostics	2026-10-07T17:05:47.4737372Z       ],
verify	Recover stopped G5 original compiler diagnostics	2026-10-07T17:05:47.4737553Z       "destination": "UnifiedLean/Source/NativeParentRouting.lean"
verify	Recover stopped G5 original compiler diagnostics	2026-10-07T17:05:47.4737633Z     },
verify	Recover stopped G5 original compiler diagnostics	2026-10-07T17:05:47.4737770Z     "UnifiedLean.Source.NativePairClockLaw": {
verify	Recover stopped G5 original compiler diagnostics	2026-10-07T17:05:47.4738173Z       "source": "research/2026-10-04-dot-verified-lean-825-0203z/package/baseline/UnifiedLean/Source/NativePairClockLaw.lean",
verify	Recover stopped G5 original compiler diagnostics	2026-10-07T17:05:47.4738389Z       "sha256": "470738f7397f640a76374f791c485d757d1e2ac38769a11f05d0abc03c8aa9ae",
verify	Recover stopped G5 original compiler diagnostics	2026-10-07T17:05:47.4738483Z       "authority": "baseline",
verify	Recover stopped G5 original compiler diagnostics	2026-10-07T17:05:47.4738573Z       "imports": [
verify	Recover stopped G5 original compiler diagnostics	2026-10-07T17:05:47.4738705Z         "UnifiedLean.Source.NativeParentRouting",
verify	Recover stopped G5 original compiler diagnostics	2026-10-07T17:05:47.4738803Z         "G4AllRootPairClocks",
verify	Recover stopped G5 original compiler diagnostics	2026-10-07T17:05:47.4738921Z         "Mathlib.Data.ENNReal.BigOperators"
verify	Recover stopped G5 original compiler diagnostics	2026-10-07T17:05:47.4739117Z       ],
verify	Recover stopped G5 original compiler diagnostics	2026-10-07T17:05:47.4739291Z       "destination": "UnifiedLean/Source/NativePairClockLaw.lean"
verify	Recover stopped G5 original compiler diagnostics	2026-10-07T17:05:47.4739367Z     },
verify	Recover stopped G5 original compiler diagnostics	2026-10-07T17:05:47.4739511Z     "UnifiedLean.Source.UniformizedSourceStep": {
verify	Recover stopped G5 original compiler diagnostics	2026-10-07T17:05:47.4739926Z       "source": "research/2026-10-04-dot-verified-lean-825-0203z/package/baseline/UnifiedLean/Source/UniformizedSourceStep.lean",
verify	Recover stopped G5 original compiler diagnostics	2026-10-07T17:05:47.4740151Z       "sha256": "9d5a95047e3c04f9e12334cd4b5569e36e1dfa2cd4b1573f217eeb559ff9691c",
verify	Recover stopped G5 original compiler diagnostics	2026-10-07T17:05:47.4740243Z       "authority": "baseline",
verify	Recover stopped G5 original compiler diagnostics	2026-10-07T17:05:47.4740326Z       "imports": [
verify	Recover stopped G5 original compiler diagnostics	2026-10-07T17:05:47.4740465Z         "UnifiedLean.Source.FiniteSourceSnapshot",
verify	Recover stopped G5 original compiler diagnostics	2026-10-07T17:05:47.4740599Z         "UnifiedLean.Source.NativePairClockLaw",
verify	Recover stopped G5 original compiler diagnostics	2026-10-07T17:05:47.4740746Z         "SourceForestKingmanPopulationProjection",
verify	Recover stopped G5 original compiler diagnostics	2026-10-07T17:05:47.4740954Z         "Mathlib.Probability.ProbabilityMassFunction.Constructions",
verify	Recover stopped G5 original compiler diagnostics	2026-10-07T17:05:47.4741085Z         "Mathlib.Algebra.BigOperators.Field"
verify	Recover stopped G5 original compiler diagnostics	2026-10-07T17:05:47.4741160Z       ],
verify	Recover stopped G5 original compiler diagnostics	2026-10-07T17:05:47.4741346Z       "destination": "UnifiedLean/Source/UniformizedSourceStep.lean"
verify	Recover stopped G5 original compiler diagnostics	2026-10-07T17:05:47.4741419Z     },
verify	Recover stopped G5 original compiler diagnostics	2026-10-07T17:05:47.4741524Z     "G2SourceGraftDecoration": {
verify	Recover stopped G5 original compiler diagnostics	2026-10-07T17:05:47.4741897Z       "source": "research/2026-10-06-dot-g2-source-graft-source-preservation-2357z/G2SourceGraftDecoration.lean",
verify	Recover stopped G5 original compiler diagnostics	2026-10-07T17:05:47.4742119Z       "sha256": "c8da578dde3fdf049e4075a39292979bbb5936bd9c754d743072420a91c07ddd",
verify	Recover stopped G5 original compiler diagnostics	2026-10-07T17:05:47.4742506Z       "authority": "research/2026-10-07-dot-g2-calendar-tail-source-successor-0058z/SOURCE-AND-DEPENDENCY-PINS.json",
verify	Recover stopped G5 original compiler diagnostics	2026-10-07T17:05:47.4742587Z       "imports": [
verify	Recover stopped G5 original compiler diagnostics	2026-10-07T17:05:47.4742703Z         "G2FaithfulPairAgeDecoration",
verify	Recover stopped G5 original compiler diagnostics	2026-10-07T17:05:47.4742844Z         "UnifiedLean.Source.UniformizedSourceStep"
verify	Recover stopped G5 original compiler diagnostics	2026-10-07T17:05:47.4742923Z       ],
verify	Recover stopped G5 original compiler diagnostics	2026-10-07T17:05:47.4743082Z       "destination": "TimedG2/G2SourceGraftDecoration.lean"
verify	Recover stopped G5 original compiler diagnostics	2026-10-07T17:05:47.4743159Z     },
verify	Recover stopped G5 original compiler diagnostics	2026-10-07T17:05:47.4743355Z     "UnifiedLean.Source.SourceForestGeneratorIntertwining": {
verify	Recover stopped G5 original compiler diagnostics	2026-10-07T17:05:47.4743826Z       "source": "research/2026-10-04-dot-verified-lean-825-0203z/package/baseline/UnifiedLean/Source/SourceForestGeneratorIntertwining.lean",
verify	Recover stopped G5 original compiler diagnostics	2026-10-07T17:05:47.4744057Z       "sha256": "b186f0d381b0e62078d887f90ce46ecbe91def99ec66ec51c98053b9d60c0f28",
verify	Recover stopped G5 original compiler diagnostics	2026-10-07T17:05:47.4744150Z       "authority": "baseline",
verify	Recover stopped G5 original compiler diagnostics	2026-10-07T17:05:47.4744234Z       "imports": [
verify	Recover stopped G5 original compiler diagnostics	2026-10-07T17:05:47.4744393Z         "UnifiedLean.Source.SourceForestSilentPruning",
verify	Recover stopped G5 original compiler diagnostics	2026-10-07T17:05:47.4744554Z         "Mathlib.Algebra.BigOperators.Group.Finset.Basic"
verify	Recover stopped G5 original compiler diagnostics	2026-10-07T17:05:47.4744633Z       ],
verify	Recover stopped G5 original compiler diagnostics	2026-10-07T17:05:47.4744866Z       "destination": "UnifiedLean/Source/SourceForestGeneratorIntertwining.lean"
verify	Recover stopped G5 original compiler diagnostics	2026-10-07T17:05:47.4745058Z     },
verify	Recover stopped G5 original compiler diagnostics	2026-10-07T17:05:47.4745234Z     "UnifiedLean.Source.SourceForestIntrinsicGenerator": {
verify	Recover stopped G5 original compiler diagnostics	2026-10-07T17:05:47.4745692Z       "source": "research/2026-10-04-dot-verified-lean-825-0203z/package/baseline/UnifiedLean/Source/SourceForestIntrinsicGenerator.lean",
verify	Recover stopped G5 original compiler diagnostics	2026-10-07T17:05:47.4745929Z       "sha256": "b282351bf116ae756c7e9c6ee1e3cbace41a8d753b47cac7e53c4a918c82d16f",
verify	Recover stopped G5 original compiler diagnostics	2026-10-07T17:05:47.4746024Z       "authority": "baseline",
verify	Recover stopped G5 original compiler diagnostics	2026-10-07T17:05:47.4746109Z       "imports": [
verify	Recover stopped G5 original compiler diagnostics	2026-10-07T17:05:47.4746289Z         "UnifiedLean.Source.SourceForestGeneratorIntertwining"
verify	Recover stopped G5 original compiler diagnostics	2026-10-07T17:05:47.4746365Z       ],
verify	Recover stopped G5 original compiler diagnostics	2026-10-07T17:05:47.4746586Z       "destination": "UnifiedLean/Source/SourceForestIntrinsicGenerator.lean"
verify	Recover stopped G5 original compiler diagnostics	2026-10-07T17:05:47.4746785Z     },
verify	Recover stopped G5 original compiler diagnostics	2026-10-07T17:05:47.4746954Z     "UnifiedLean.Source.SourceStepGeneratorBinding": {
verify	Recover stopped G5 original compiler diagnostics	2026-10-07T17:05:47.4747392Z       "source": "research/2026-10-04-dot-verified-lean-825-0203z/package/baseline/UnifiedLean/Source/SourceStepGeneratorBinding.lean",
verify	Recover stopped G5 original compiler diagnostics	2026-10-07T17:05:47.4747620Z       "sha256": "8021b8bddcc5cd070185843ca5454dfb289572a2592854efbbdd9e41d48396d0",
verify	Recover stopped G5 original compiler diagnostics	2026-10-07T17:05:47.4747712Z       "authority": "baseline",
verify	Recover stopped G5 original compiler diagnostics	2026-10-07T17:05:47.4747915Z       "imports": [
verify	Recover stopped G5 original compiler diagnostics	2026-10-07T17:05:47.4748055Z         "UnifiedLean.Source.UniformizedSourceStep",
verify	Recover stopped G5 original compiler diagnostics	2026-10-07T17:05:47.4748230Z         "UnifiedLean.Source.SourceForestIntrinsicGenerator",
verify	Recover stopped G5 original compiler diagnostics	2026-10-07T17:05:47.4748427Z         "Mathlib.Probability.ProbabilityMassFunction.Integrals",
verify	Recover stopped G5 original compiler diagnostics	2026-10-07T17:05:47.4748576Z         "Mathlib.MeasureTheory.Integral.Bochner.Basic"
verify	Recover stopped G5 original compiler diagnostics	2026-10-07T17:05:47.4748655Z       ],
verify	Recover stopped G5 original compiler diagnostics	2026-10-07T17:05:47.4748860Z       "destination": "UnifiedLean/Source/SourceStepGeneratorBinding.lean"
verify	Recover stopped G5 original compiler diagnostics	2026-10-07T17:05:47.4748940Z     },
verify	Recover stopped G5 original compiler diagnostics	2026-10-07T17:05:47.4749102Z     "UnifiedLean.Source.MatrixProjectionExponential": {
verify	Recover stopped G5 original compiler diagnostics	2026-10-07T17:05:47.4749549Z       "source": "research/2026-10-04-dot-verified-lean-825-0203z/package/baseline/UnifiedLean/Source/MatrixProjectionExponential.lean",
verify	Recover stopped G5 original compiler diagnostics	2026-10-07T17:05:47.4749773Z       "sha256": "870438089e6cf05dd93761172ea1bf6b2aa96654708e97b9d348e0dfcb44dfa2",
verify	Recover stopped G5 original compiler diagnostics	2026-10-07T17:05:47.4749866Z       "authority": "baseline",
verify	Recover stopped G5 original compiler diagnostics	2026-10-07T17:05:47.4749950Z       "imports": [
verify	Recover stopped G5 original compiler diagnostics	2026-10-07T17:05:47.4750120Z         "Mathlib.Analysis.Normed.Algebra.MatrixExponential"
verify	Recover stopped G5 original compiler diagnostics	2026-10-07T17:05:47.4750198Z       ],
verify	Recover stopped G5 original compiler diagnostics	2026-10-07T17:05:47.4750408Z       "destination": "UnifiedLean/Source/MatrixProjectionExponential.lean"
verify	Recover stopped G5 original compiler diagnostics	2026-10-07T17:05:47.4750482Z     },
verify	Recover stopped G5 original compiler diagnostics	2026-10-07T17:05:47.4750632Z     "UnifiedLean.Source.SourceFiniteProjection": {
verify	Recover stopped G5 original compiler diagnostics	2026-10-07T17:05:47.4751049Z       "source": "research/2026-10-04-dot-verified-lean-825-0203z/package/baseline/UnifiedLean/Source/SourceFiniteProjection.lean",
verify	Recover stopped G5 original compiler diagnostics	2026-10-07T17:05:47.4751273Z       "sha256": "09398c920468ba6ead16b523cecd9f86e7648e7063602256ee4634385df1cab3",
verify	Recover stopped G5 original compiler diagnostics	2026-10-07T17:05:47.4751366Z       "authority": "baseline",
verify	Recover stopped G5 original compiler diagnostics	2026-10-07T17:05:47.4751454Z       "imports": [
verify	Recover stopped G5 original compiler diagnostics	2026-10-07T17:05:47.4751612Z         "UnifiedLean.Source.SourceStepGeneratorBinding",
verify	Recover stopped G5 original compiler diagnostics	2026-10-07T17:05:47.4751779Z         "UnifiedLean.Source.MatrixProjectionExponential",
verify	Recover stopped G5 original compiler diagnostics	2026-10-07T17:05:47.4751903Z         "Mathlib.Data.ENNReal.BigOperators"
verify	Recover stopped G5 original compiler diagnostics	2026-10-07T17:05:47.4751977Z       ],
verify	Recover stopped G5 original compiler diagnostics	2026-10-07T17:05:47.4752169Z       "destination": "UnifiedLean/Source/SourceFiniteProjection.lean"
verify	Recover stopped G5 original compiler diagnostics	2026-10-07T17:05:47.4752242Z     },
verify	Recover stopped G5 original compiler diagnostics	2026-10-07T17:05:47.4752382Z     "UnifiedLean.Source.SourcePoissonKernel": {
verify	Recover stopped G5 original compiler diagnostics	2026-10-07T17:05:47.4752786Z       "source": "research/2026-10-04-dot-verified-lean-825-0203z/package/baseline/UnifiedLean/Source/SourcePoissonKernel.lean",
verify	Recover stopped G5 original compiler diagnostics	2026-10-07T17:05:47.4753005Z       "sha256": "13ab4d1a209554878e189061cbede00154c7b72548465757624cc2e4af66e98c",
verify	Recover stopped G5 original compiler diagnostics	2026-10-07T17:05:47.4753102Z       "authority": "baseline",
verify	Recover stopped G5 original compiler diagnostics	2026-10-07T17:05:47.4753184Z       "imports": [
verify	Recover stopped G5 original compiler diagnostics	2026-10-07T17:05:47.4753331Z         "UnifiedLean.Source.SourceFiniteProjection",
verify	Recover stopped G5 original compiler diagnostics	2026-10-07T17:05:47.4753494Z         "Mathlib.Probability.Distributions.Poisson.Basic"
verify	Recover stopped G5 original compiler diagnostics	2026-10-07T17:05:47.4753571Z       ],
verify	Recover stopped G5 original compiler diagnostics	2026-10-07T17:05:47.4753866Z       "destination": "UnifiedLean/Source/SourcePoissonKernel.lean"
verify	Recover stopped G5 original compiler diagnostics	2026-10-07T17:05:47.4753945Z     },
verify	Recover stopped G5 original compiler diagnostics	2026-10-07T17:05:47.4754105Z     "UnifiedLean.Source.SourceGeneratorExponential": {
verify	Recover stopped G5 original compiler diagnostics	2026-10-07T17:05:47.4754544Z       "source": "research/2026-10-04-dot-verified-lean-825-0203z/package/baseline/UnifiedLean/Source/SourceGeneratorExponential.lean",
verify	Recover stopped G5 original compiler diagnostics	2026-10-07T17:05:47.4754769Z       "sha256": "f761ddf2f5efb9906ec8f841567d02fae946cce763260f238834a147090e461d",
verify	Recover stopped G5 original compiler diagnostics	2026-10-07T17:05:47.4754861Z       "authority": "baseline",
verify	Recover stopped G5 original compiler diagnostics	2026-10-07T17:05:47.4754944Z       "imports": [
verify	Recover stopped G5 original compiler diagnostics	2026-10-07T17:05:47.4755084Z         "UnifiedLean.Source.SourceFiniteProjection"
verify	Recover stopped G5 original compiler diagnostics	2026-10-07T17:05:47.4755163Z       ],
verify	Recover stopped G5 original compiler diagnostics	2026-10-07T17:05:47.4755364Z       "destination": "UnifiedLean/Source/SourceGeneratorExponential.lean"
verify	Recover stopped G5 original compiler diagnostics	2026-10-07T17:05:47.4755442Z     },
verify	Recover stopped G5 original compiler diagnostics	2026-10-07T17:05:47.4755597Z     "UnifiedLean.Source.SourcePoissonExponential": {
verify	Recover stopped G5 original compiler diagnostics	2026-10-07T17:05:47.4756016Z       "source": "research/2026-10-04-dot-verified-lean-825-0203z/package/baseline/UnifiedLean/Source/SourcePoissonExponential.lean",
verify	Recover stopped G5 original compiler diagnostics	2026-10-07T17:05:47.4756246Z       "sha256": "463eb0e4a9cd9307898eface172100183b8ac9d412c1389a2c5b9ad4981c2d9a",
verify	Recover stopped G5 original compiler diagnostics	2026-10-07T17:05:47.4756339Z       "authority": "baseline",
verify	Recover stopped G5 original compiler diagnostics	2026-10-07T17:05:47.4756504Z       "imports": [
verify	Recover stopped G5 original compiler diagnostics	2026-10-07T17:05:47.4756791Z         "UnifiedLean.Source.SourcePoissonKernel",
verify	Recover stopped G5 original compiler diagnostics	2026-10-07T17:05:47.4756953Z         "UnifiedLean.Source.SourceGeneratorExponential"
verify	Recover stopped G5 original compiler diagnostics	2026-10-07T17:05:47.4757031Z       ],
verify	Recover stopped G5 original compiler diagnostics	2026-10-07T17:05:47.4757231Z       "destination": "UnifiedLean/Source/SourcePoissonExponential.lean"
verify	Recover stopped G5 original compiler diagnostics	2026-10-07T17:05:47.4757309Z     },
verify	Recover stopped G5 original compiler diagnostics	2026-10-07T17:05:47.4757451Z     "UnifiedLean.Source.SourceEpochSemigroup": {
verify	Recover stopped G5 original compiler diagnostics	2026-10-07T17:05:47.4757863Z       "source": "research/2026-10-04-dot-verified-lean-825-0203z/package/baseline/UnifiedLean/Source/SourceEpochSemigroup.lean",
verify	Recover stopped G5 original compiler diagnostics	2026-10-07T17:05:47.4758077Z       "sha256": "845739bc6b110eadd611e0133906ec3f9b036d66f17902f46885c660213b179f",
verify	Recover stopped G5 original compiler diagnostics	2026-10-07T17:05:47.4758175Z       "authority": "baseline",
verify	Recover stopped G5 original compiler diagnostics	2026-10-07T17:05:47.4758265Z       "imports": [
verify	Recover stopped G5 original compiler diagnostics	2026-10-07T17:05:47.4758415Z         "UnifiedLean.Source.SourcePoissonExponential"
verify	Recover stopped G5 original compiler diagnostics	2026-10-07T17:05:47.4758492Z       ],
verify	Recover stopped G5 original compiler diagnostics	2026-10-07T17:05:47.4758675Z       "destination": "UnifiedLean/Source/SourceEpochSemigroup.lean"
verify	Recover stopped G5 original compiler diagnostics	2026-10-07T17:05:47.4758758Z     },
verify	Recover stopped G5 original compiler diagnostics	2026-10-07T17:05:47.4758920Z     "UnifiedLean.Source.SourceCalendarCompatibility": {
verify	Recover stopped G5 original compiler diagnostics	2026-10-07T17:05:47.4759360Z       "source": "research/2026-10-04-dot-verified-lean-825-0203z/package/baseline/UnifiedLean/Source/SourceCalendarCompatibility.lean",
verify	Recover stopped G5 original compiler diagnostics	2026-10-07T17:05:47.4759587Z       "sha256": "98abb2982bcd061f931ed4a55816f00d54d4ce2c73c29e036dbd29ede303b3dc",
verify	Recover stopped G5 original compiler diagnostics	2026-10-07T17:05:47.4759680Z       "authority": "baseline",
verify	Recover stopped G5 original compiler diagnostics	2026-10-07T17:05:47.4759763Z       "imports": [
verify	Recover stopped G5 original compiler diagnostics	2026-10-07T17:05:47.4759897Z         "UnifiedLean.Source.SourcePoissonKernel",
verify	Recover stopped G5 original compiler diagnostics	2026-10-07T17:05:47.4759992Z         "G5CalendarRoutes"
verify	Recover stopped G5 original compiler diagnostics	2026-10-07T17:05:47.4760066Z       ],
verify	Recover stopped G5 original compiler diagnostics	2026-10-07T17:05:47.4760279Z       "destination": "UnifiedLean/Source/SourceCalendarCompatibility.lean"
verify	Recover stopped G5 original compiler diagnostics	2026-10-07T17:05:47.4760358Z     },
verify	Recover stopped G5 original compiler diagnostics	2026-10-07T17:05:47.4760517Z     "UnifiedLean.Source.SourceForestPulseTransport": {
verify	Recover stopped G5 original compiler diagnostics	2026-10-07T17:05:47.4760952Z       "source": "research/2026-10-04-dot-verified-lean-825-0203z/package/baseline/UnifiedLean/Source/SourceForestPulseTransport.lean",
verify	Recover stopped G5 original compiler diagnostics	2026-10-07T17:05:47.4761187Z       "sha256": "8e1a3d62afab25247dd3a281d30f7dc20db1949ea1b589c2d77980b3b48874f1",
verify	Recover stopped G5 original compiler diagnostics	2026-10-07T17:05:47.4761282Z       "authority": "baseline",
verify	Recover stopped G5 original compiler diagnostics	2026-10-07T17:05:47.4761364Z       "imports": [
verify	Recover stopped G5 original compiler diagnostics	2026-10-07T17:05:47.4761539Z         "UnifiedLean.Source.SourceForestIntrinsicGenerator",
verify	Recover stopped G5 original compiler diagnostics	2026-10-07T17:05:47.4761638Z         "G2LiveLineageRouting"
verify	Recover stopped G5 original compiler diagnostics	2026-10-07T17:05:47.4761711Z       ],
verify	Recover stopped G5 original compiler diagnostics	2026-10-07T17:05:47.4761916Z       "destination": "UnifiedLean/Source/SourceForestPulseTransport.lean"
verify	Recover stopped G5 original compiler diagnostics	2026-10-07T17:05:47.4761993Z     },
verify	Recover stopped G5 original compiler diagnostics	2026-10-07T17:05:47.4762150Z     "UnifiedLean.Source.SourceForestPulseMeasure": {
verify	Recover stopped G5 original compiler diagnostics	2026-10-07T17:05:47.4762571Z       "source": "research/2026-10-04-dot-verified-lean-825-0203z/package/baseline/UnifiedLean/Source/SourceForestPulseMeasure.lean",
verify	Recover stopped G5 original compiler diagnostics	2026-10-07T17:05:47.4762938Z       "sha256": "04a3a1c1f027903e62b77f966639c80da77aaa776871a0d9bd0657eac35b9e4f",
verify	Recover stopped G5 original compiler diagnostics	2026-10-07T17:05:47.4763041Z       "authority": "baseline",
verify	Recover stopped G5 original compiler diagnostics	2026-10-07T17:05:47.4763122Z       "imports": [
verify	Recover stopped G5 original compiler diagnostics	2026-10-07T17:05:47.4763284Z         "UnifiedLean.Source.SourceForestPulseTransport",
verify	Recover stopped G5 original compiler diagnostics	2026-10-07T17:05:47.4763432Z         "Mathlib.Probability.Distributions.Bernoulli",
verify	Recover stopped G5 original compiler diagnostics	2026-10-07T17:05:47.4763569Z         "Mathlib.MeasureTheory.Constructions.Pi"
verify	Recover stopped G5 original compiler diagnostics	2026-10-07T17:05:47.4763643Z       ],
verify	Recover stopped G5 original compiler diagnostics	2026-10-07T17:05:47.4763843Z       "destination": "UnifiedLean/Source/SourceForestPulseMeasure.lean"
verify	Recover stopped G5 original compiler diagnostics	2026-10-07T17:05:47.4763922Z     },
verify	Recover stopped G5 original compiler diagnostics	2026-10-07T17:05:47.4764071Z     "UnifiedLean.Source.SourceForestCommonPulse": {
verify	Recover stopped G5 original compiler diagnostics	2026-10-07T17:05:47.4764491Z       "source": "research/2026-10-04-dot-verified-lean-825-0203z/package/baseline/UnifiedLean/Source/SourceForestCommonPulse.lean",
verify	Recover stopped G5 original compiler diagnostics	2026-10-07T17:05:47.4764718Z       "sha256": "cac1082f66a84b943dbc8ba9f2e8082ce12bbb42a4b1503e31722597b0faa138",
verify	Recover stopped G5 original compiler diagnostics	2026-10-07T17:05:47.4764815Z       "authority": "baseline",
verify	Recover stopped G5 original compiler diagnostics	2026-10-07T17:05:47.4764895Z       "imports": [
verify	Recover stopped G5 original compiler diagnostics	2026-10-07T17:05:47.4765051Z         "UnifiedLean.Source.SourceForestPulseTransport"
verify	Recover stopped G5 original compiler diagnostics	2026-10-07T17:05:47.4765238Z       ],
verify	Recover stopped G5 original compiler diagnostics	2026-10-07T17:05:47.4765431Z       "destination": "UnifiedLean/Source/SourceForestCommonPulse.lean"
verify	Recover stopped G5 original compiler diagnostics	2026-10-07T17:05:47.4765508Z     },
verify	Recover stopped G5 original compiler diagnostics	2026-10-07T17:05:47.4765650Z     "UnifiedLean.Source.SourceBoundaryKernels": {
verify	Recover stopped G5 original compiler diagnostics	2026-10-07T17:05:47.4766059Z       "source": "research/2026-10-04-dot-verified-lean-825-0203z/package/baseline/UnifiedLean/Source/SourceBoundaryKernels.lean",
verify	Recover stopped G5 original compiler diagnostics	2026-10-07T17:05:47.4766274Z       "sha256": "994b25e798e39889a56084b267c3e896580cd21e902764c3c6922d9bfdd6070d",
verify	Recover stopped G5 original compiler diagnostics	2026-10-07T17:05:47.4766372Z       "authority": "baseline",
verify	Recover stopped G5 original compiler diagnostics	2026-10-07T17:05:47.4766455Z       "imports": [
verify	Recover stopped G5 original compiler diagnostics	2026-10-07T17:05:47.4766600Z         "UnifiedLean.Source.SourceFiniteProjection",
verify	Recover stopped G5 original compiler diagnostics	2026-10-07T17:05:47.4766887Z         "UnifiedLean.Source.SourceForestPulseMeasure",
verify	Recover stopped G5 original compiler diagnostics	2026-10-07T17:05:47.4767034Z         "UnifiedLean.Source.SourceForestCommonPulse"
verify	Recover stopped G5 original compiler diagnostics	2026-10-07T17:05:47.4767111Z       ],
verify	Recover stopped G5 original compiler diagnostics	2026-10-07T17:05:47.4767296Z       "destination": "UnifiedLean/Source/SourceBoundaryKernels.lean"
verify	Recover stopped G5 original compiler diagnostics	2026-10-07T17:05:47.4767378Z     },
verify	Recover stopped G5 original compiler diagnostics	2026-10-07T17:05:47.4767526Z     "UnifiedLean.Source.SourceBoundaryProjection": {
verify	Recover stopped G5 original compiler diagnostics	2026-10-07T17:05:47.4767950Z       "source": "research/2026-10-04-dot-verified-lean-825-0203z/package/baseline/UnifiedLean/Source/SourceBoundaryProjection.lean",
verify	Recover stopped G5 original compiler diagnostics	2026-10-07T17:05:47.4768182Z       "sha256": "f1cb1e557b5f08cba2d37465bc4386bc6adc2f19fd12a132f7d6f835b1e24f0f",
verify	Recover stopped G5 original compiler diagnostics	2026-10-07T17:05:47.4768275Z       "authority": "baseline",
verify	Recover stopped G5 original compiler diagnostics	2026-10-07T17:05:47.4768365Z       "imports": [
verify	Recover stopped G5 original compiler diagnostics	2026-10-07T17:05:47.4768503Z         "UnifiedLean.Source.SourceBoundaryKernels"
verify	Recover stopped G5 original compiler diagnostics	2026-10-07T17:05:47.4768578Z       ],
verify	Recover stopped G5 original compiler diagnostics	2026-10-07T17:05:47.4768771Z       "destination": "UnifiedLean/Source/SourceBoundaryProjection.lean"
verify	Recover stopped G5 original compiler diagnostics	2026-10-07T17:05:47.4768845Z     },
verify	Recover stopped G5 original compiler diagnostics	2026-10-07T17:05:47.4768997Z     "UnifiedLean.Source.SourceProgramTransport": {
verify	Recover stopped G5 original compiler diagnostics	2026-10-07T17:05:47.4769406Z       "source": "research/2026-10-04-dot-verified-lean-825-0203z/package/baseline/UnifiedLean/Source/SourceProgramTransport.lean",
verify	Recover stopped G5 original compiler diagnostics	2026-10-07T17:05:47.4769642Z       "sha256": "d009fdfc510bfcaffaeea3bc241401eaf2996178ff4b82376eb22f1e49387831",
verify	Recover stopped G5 original compiler diagnostics	2026-10-07T17:05:47.4769735Z       "authority": "baseline",
verify	Recover stopped G5 original compiler diagnostics	2026-10-07T17:05:47.4769818Z       "imports": [
verify	Recover stopped G5 original compiler diagnostics	2026-10-07T17:05:47.4769964Z         "UnifiedLean.Source.SourceBoundaryProjection",
verify	Recover stopped G5 original compiler diagnostics	2026-10-07T17:05:47.4770096Z         "UnifiedLean.Source.SourcePoissonKernel"
verify	Recover stopped G5 original compiler diagnostics	2026-10-07T17:05:47.4770174Z       ],
verify	Recover stopped G5 original compiler diagnostics	2026-10-07T17:05:47.4770365Z       "destination": "UnifiedLean/Source/SourceProgramTransport.lean"
verify	Recover stopped G5 original compiler diagnostics	2026-10-07T17:05:47.4770440Z     },
verify	Recover stopped G5 original compiler diagnostics	2026-10-07T17:05:47.4770585Z     "UnifiedLean.Source.SourceCalendarCompiler": {
verify	Recover stopped G5 original compiler diagnostics	2026-10-07T17:05:47.4771006Z       "source": "research/2026-10-04-dot-verified-lean-825-0203z/package/baseline/UnifiedLean/Source/SourceCalendarCompiler.lean",
verify	Recover stopped G5 original compiler diagnostics	2026-10-07T17:05:47.4771349Z       "sha256": "9974446d99fa344593d294e315e349ab71fdbe7574e932bb8b1a16ee1b2369fd",
verify	Recover stopped G5 original compiler diagnostics	2026-10-07T17:05:47.4771447Z       "authority": "baseline",
verify	Recover stopped G5 original compiler diagnostics	2026-10-07T17:05:47.4771530Z       "imports": [
verify	Recover stopped G5 original compiler diagnostics	2026-10-07T17:05:47.4771694Z         "UnifiedLean.Source.SourceCalendarCompatibility",
verify	Recover stopped G5 original compiler diagnostics	2026-10-07T17:05:47.4771839Z         "UnifiedLean.Source.SourceProgramTransport",
verify	Recover stopped G5 original compiler diagnostics	2026-10-07T17:05:47.4771970Z         "UnifiedLean.Source.NativeParentRouting",
verify	Recover stopped G5 original compiler diagnostics	2026-10-07T17:05:47.4772075Z         "Mathlib.Data.Finset.Sort"
verify	Recover stopped G5 original compiler diagnostics	2026-10-07T17:05:47.4772150Z       ],
verify	Recover stopped G5 original compiler diagnostics	2026-10-07T17:05:47.4772343Z       "destination": "UnifiedLean/Source/SourceCalendarCompiler.lean"
verify	Recover stopped G5 original compiler diagnostics	2026-10-07T17:05:47.4772420Z     },
verify	Recover stopped G5 original compiler diagnostics	2026-10-07T17:05:47.4772566Z     "UnifiedLean.Source.SourceBoundaryLocations": {
verify	Recover stopped G5 original compiler diagnostics	2026-10-07T17:05:47.4772985Z       "source": "research/2026-10-04-dot-verified-lean-825-0203z/package/baseline/UnifiedLean/Source/SourceBoundaryLocations.lean",
verify	Recover stopped G5 original compiler diagnostics	2026-10-07T17:05:47.4773204Z       "sha256": "f7c050056e121c7e0e12eb071383cb1369e8fe9de887d7ad875a76904d48de5b",
verify	Recover stopped G5 original compiler diagnostics	2026-10-07T17:05:47.4773306Z       "authority": "baseline",
verify	Recover stopped G5 original compiler diagnostics	2026-10-07T17:05:47.4773387Z       "imports": [
verify	Recover stopped G5 original compiler diagnostics	2026-10-07T17:05:47.4773530Z         "UnifiedLean.Source.SourceCalendarCompiler"
verify	Recover stopped G5 original compiler diagnostics	2026-10-07T17:05:47.4773761Z       ],
verify	Recover stopped G5 original compiler diagnostics	2026-10-07T17:05:47.4773953Z       "destination": "UnifiedLean/Source/SourceBoundaryLocations.lean"
verify	Recover stopped G5 original compiler diagnostics	2026-10-07T17:05:47.4774031Z     },
verify	Recover stopped G5 original compiler diagnostics	2026-10-07T17:05:47.4774170Z     "UnifiedLean.Source.SourceCalendarTiming": {
verify	Recover stopped G5 original compiler diagnostics	2026-10-07T17:05:47.4774579Z       "source": "research/2026-10-04-dot-verified-lean-825-0203z/package/baseline/UnifiedLean/Source/SourceCalendarTiming.lean",
verify	Recover stopped G5 original compiler diagnostics	2026-10-07T17:05:47.4774801Z       "sha256": "5e534089f17dc7d9ab40338cb0ca75789e0951bb6b5893ba24d514b8cd07d4f8",
verify	Recover stopped G5 original compiler diagnostics	2026-10-07T17:05:47.4774898Z       "authority": "baseline",
verify	Recover stopped G5 original compiler diagnostics	2026-10-07T17:05:47.4774981Z       "imports": [
verify	Recover stopped G5 original compiler diagnostics	2026-10-07T17:05:47.4775118Z         "UnifiedLean.Source.SourceCalendarCompiler"
verify	Recover stopped G5 original compiler diagnostics	2026-10-07T17:05:47.4775197Z       ],
verify	Recover stopped G5 original compiler diagnostics	2026-10-07T17:05:47.4775381Z       "destination": "UnifiedLean/Source/SourceCalendarTiming.lean"
verify	Recover stopped G5 original compiler diagnostics	2026-10-07T17:05:47.4775461Z     },
verify	Recover stopped G5 original compiler diagnostics	2026-10-07T17:05:47.4775633Z     "UnifiedLean.Source.SourceCalendarPhysicalSupport": {
verify	Recover stopped G5 original compiler diagnostics	2026-10-07T17:05:47.4776080Z       "source": "research/2026-10-04-dot-verified-lean-825-0203z/package/baseline/UnifiedLean/Source/SourceCalendarPhysicalSupport.lean",
verify	Recover stopped G5 original compiler diagnostics	2026-10-07T17:05:47.4776310Z       "sha256": "e725dd61c850d3f5f92925c0de08122dd25f9d1660d9264d1ac47eb4d2bc88bf",
verify	Recover stopped G5 original compiler diagnostics	2026-10-07T17:05:47.4776401Z       "authority": "baseline",
verify	Recover stopped G5 original compiler diagnostics	2026-10-07T17:05:47.4776483Z       "imports": [
verify	Recover stopped G5 original compiler diagnostics	2026-10-07T17:05:47.4776758Z         "UnifiedLean.Source.SourceBoundaryLocations",
verify	Recover stopped G5 original compiler diagnostics	2026-10-07T17:05:47.4776900Z         "UnifiedLean.Source.SourceCalendarTiming"
verify	Recover stopped G5 original compiler diagnostics	2026-10-07T17:05:47.4776974Z       ],
verify	Recover stopped G5 original compiler diagnostics	2026-10-07T17:05:47.4777193Z       "destination": "UnifiedLean/Source/SourceCalendarPhysicalSupport.lean"
verify	Recover stopped G5 original compiler diagnostics	2026-10-07T17:05:47.4777269Z     },
verify	Recover stopped G5 original compiler diagnostics	2026-10-07T17:05:47.4777424Z     "UnifiedLean.Source.SourceInitializedCalendar": {
verify	Recover stopped G5 original compiler diagnostics	2026-10-07T17:05:47.4777851Z       "source": "research/2026-10-04-dot-verified-lean-825-0203z/package/baseline/UnifiedLean/Source/SourceInitializedCalendar.lean",
verify	Recover stopped G5 original compiler diagnostics	2026-10-07T17:05:47.4778079Z       "sha256": "47ea73231fbfa732495e4fc5f42f1374e2ef505bfe3d4073b6cc2bed3fcc5535",
verify	Recover stopped G5 original compiler diagnostics	2026-10-07T17:05:47.4778179Z       "authority": "baseline",
verify	Recover stopped G5 original compiler diagnostics	2026-10-07T17:05:47.4778261Z       "imports": [
verify	Recover stopped G5 original compiler diagnostics	2026-10-07T17:05:47.4778434Z         "UnifiedLean.Source.SourceCalendarPhysicalSupport"
verify	Recover stopped G5 original compiler diagnostics	2026-10-07T17:05:47.4778513Z       ],
verify	Recover stopped G5 original compiler diagnostics	2026-10-07T17:05:47.4778712Z       "destination": "UnifiedLean/Source/SourceInitializedCalendar.lean"
verify	Recover stopped G5 original compiler diagnostics	2026-10-07T17:05:47.4778790Z     },
verify	Recover stopped G5 original compiler diagnostics	2026-10-07T17:05:47.4778944Z     "UnifiedLean.Source.SourceActualHoldingClocks": {
verify	Recover stopped G5 original compiler diagnostics	2026-10-07T17:05:47.4779369Z       "source": "research/2026-10-04-dot-verified-lean-825-0203z/package/baseline/UnifiedLean/Source/SourceActualHoldingClocks.lean",
verify	Recover stopped G5 original compiler diagnostics	2026-10-07T17:05:47.4779583Z       "sha256": "498417275660b696c24f4c8cd83d84532a96f14b82f35bc3e49217c154e8c677",
verify	Recover stopped G5 original compiler diagnostics	2026-10-07T17:05:47.4779679Z       "authority": "baseline",
verify	Recover stopped G5 original compiler diagnostics	2026-10-07T17:05:47.4779895Z       "imports": [
verify	Recover stopped G5 original compiler diagnostics	2026-10-07T17:05:47.4780034Z         "UnifiedLean.Source.SourceEpochSemigroup",
verify	Recover stopped G5 original compiler diagnostics	2026-10-07T17:05:47.4780185Z         "UnifiedLean.Source.SourceInitializedCalendar"
verify	Recover stopped G5 original compiler diagnostics	2026-10-07T17:05:47.4780263Z       ],
verify	Recover stopped G5 original compiler diagnostics	2026-10-07T17:05:47.4780467Z       "destination": "UnifiedLean/Source/SourceActualHoldingClocks.lean"
verify	Recover stopped G5 original compiler diagnostics	2026-10-07T17:05:47.4780541Z     },
verify	Recover stopped G5 original compiler diagnostics	2026-10-07T17:05:47.4780726Z     "UnifiedLean.Source.SourceFirstMergerMark": {
verify	Recover stopped G5 original compiler diagnostics	2026-10-07T17:05:47.4781136Z       "source": "research/2026-10-04-dot-verified-lean-825-0203z/package/baseline/UnifiedLean/Source/SourceFirstMergerMark.lean",
verify	Recover stopped G5 original compiler diagnostics	2026-10-07T17:05:47.4781365Z       "sha256": "2bc08f45d7ea76476f6fe485cdce68293a3d44cbc3b2aa108b6b45ce5d1182d1",
verify	Recover stopped G5 original compiler diagnostics	2026-10-07T17:05:47.4781461Z       "authority": "baseline",
verify	Recover stopped G5 original compiler diagnostics	2026-10-07T17:05:47.4781543Z       "imports": [
verify	Recover stopped G5 original compiler diagnostics	2026-10-07T17:05:47.4781696Z         "UnifiedLean.Source.SourceActualHoldingClocks"
verify	Recover stopped G5 original compiler diagnostics	2026-10-07T17:05:47.4781770Z       ],
verify	Recover stopped G5 original compiler diagnostics	2026-10-07T17:05:47.4781958Z       "destination": "UnifiedLean/Source/SourceFirstMergerMark.lean"
verify	Recover stopped G5 original compiler diagnostics	2026-10-07T17:05:47.4782035Z     },
verify	Recover stopped G5 original compiler diagnostics	2026-10-07T17:05:47.4782200Z     "UnifiedLean.Source.SourceFirstMarkDistribution": {
verify	Recover stopped G5 original compiler diagnostics	2026-10-07T17:05:47.4782636Z       "source": "research/2026-10-04-dot-verified-lean-825-0203z/package/baseline/UnifiedLean/Source/SourceFirstMarkDistribution.lean",
verify	Recover stopped G5 original compiler diagnostics	2026-10-07T17:05:47.4782983Z       "sha256": "abd6230f1155ab6cf73bf3d4b55bbe04df408ca73caee81a8807b15b17e9ad29",
verify	Recover stopped G5 original compiler diagnostics	2026-10-07T17:05:47.4783077Z       "authority": "baseline",
verify	Recover stopped G5 original compiler diagnostics	2026-10-07T17:05:47.4783159Z       "imports": [
verify	Recover stopped G5 original compiler diagnostics	2026-10-07T17:05:47.4783298Z         "UnifiedLean.Source.SourceFirstMergerMark"
verify	Recover stopped G5 original compiler diagnostics	2026-10-07T17:05:47.4783371Z       ],
verify	Recover stopped G5 original compiler diagnostics	2026-10-07T17:05:47.4783579Z       "destination": "UnifiedLean/Source/SourceFirstMarkDistribution.lean"
verify	Recover stopped G5 original compiler diagnostics	2026-10-07T17:05:47.4783655Z     },
verify	Recover stopped G5 original compiler diagnostics	2026-10-07T17:05:47.4783796Z     "UnifiedLean.Source.SourceExponentialRace": {
verify	Recover stopped G5 original compiler diagnostics	2026-10-07T17:05:47.4784208Z       "source": "research/2026-10-04-dot-verified-lean-825-0203z/package/baseline/UnifiedLean/Source/SourceExponentialRace.lean",
verify	Recover stopped G5 original compiler diagnostics	2026-10-07T17:05:47.4784433Z       "sha256": "d979f1bf3bbbac3eb3c396991a513a3624f310bf03273890e13c6d5029931afe",
verify	Recover stopped G5 original compiler diagnostics	2026-10-07T17:05:47.4784529Z       "authority": "baseline",
verify	Recover stopped G5 original compiler diagnostics	2026-10-07T17:05:47.4784610Z       "imports": [
verify	Recover stopped G5 original compiler diagnostics	2026-10-07T17:05:47.4784776Z         "UnifiedLean.Source.SourceFirstMarkDistribution",
verify	Recover stopped G5 original compiler diagnostics	2026-10-07T17:05:47.4784906Z         "Mathlib.MeasureTheory.Integral.Prod",
verify	Recover stopped G5 original compiler diagnostics	2026-10-07T17:05:47.4785052Z         "Mathlib.MeasureTheory.Integral.Lebesgue.Map"
verify	Recover stopped G5 original compiler diagnostics	2026-10-07T17:05:47.4785128Z       ],
verify	Recover stopped G5 original compiler diagnostics	2026-10-07T17:05:47.4785311Z       "destination": "UnifiedLean/Source/SourceExponentialRace.lean"
verify	Recover stopped G5 original compiler diagnostics	2026-10-07T17:05:47.4785388Z     },
verify	Recover stopped G5 original compiler diagnostics	2026-10-07T17:05:47.4785554Z     "UnifiedLean.Source.SourceExponentialRaceDensity": {
verify	Recover stopped G5 original compiler diagnostics	2026-10-07T17:05:47.4785997Z       "source": "research/2026-10-04-dot-verified-lean-825-0203z/package/baseline/UnifiedLean/Source/SourceExponentialRaceDensity.lean",
verify	Recover stopped G5 original compiler diagnostics	2026-10-07T17:05:47.4786219Z       "sha256": "3fa36827b3553923fa1c1d48db4b2823c7b53e589696c3a1476f9aac8f760c29",
verify	Recover stopped G5 original compiler diagnostics	2026-10-07T17:05:47.4786315Z       "authority": "baseline",
verify	Recover stopped G5 original compiler diagnostics	2026-10-07T17:05:47.4786399Z       "imports": [
verify	Recover stopped G5 original compiler diagnostics	2026-10-07T17:05:47.4786536Z         "UnifiedLean.Source.SourceExponentialRace"
verify	Recover stopped G5 original compiler diagnostics	2026-10-07T17:05:47.4786733Z       ],
verify	Recover stopped G5 original compiler diagnostics	2026-10-07T17:05:47.4786956Z       "destination": "UnifiedLean/Source/SourceExponentialRaceDensity.lean"
verify	Recover stopped G5 original compiler diagnostics	2026-10-07T17:05:47.4787032Z     },
verify	Recover stopped G5 original compiler diagnostics	2026-10-07T17:05:47.4787194Z     "UnifiedLean.Source.SourceExponentialResiduals": {
verify	Recover stopped G5 original compiler diagnostics	2026-10-07T17:05:47.4787640Z       "source": "research/2026-10-04-dot-verified-lean-825-0203z/package/baseline/UnifiedLean/Source/SourceExponentialResiduals.lean",
verify	Recover stopped G5 original compiler diagnostics	2026-10-07T17:05:47.4787852Z       "sha256": "8861858b9309fd43e22424382c1f1513111514ef792354c7cf4b48a0ae4b19e7",
verify	Recover stopped G5 original compiler diagnostics	2026-10-07T17:05:47.4787944Z       "authority": "baseline",
verify	Recover stopped G5 original compiler diagnostics	2026-10-07T17:05:47.4788030Z       "imports": [
verify	Recover stopped G5 original compiler diagnostics	2026-10-07T17:05:47.4788195Z         "UnifiedLean.Source.SourceExponentialRaceDensity",
verify	Recover stopped G5 original compiler diagnostics	2026-10-07T17:05:47.4788381Z         "Mathlib.MeasureTheory.Constructions.BorelSpace.Order"
verify	Recover stopped G5 original compiler diagnostics	2026-10-07T17:05:47.4788583Z       ],
verify	Recover stopped G5 original compiler diagnostics	2026-10-07T17:05:47.4788791Z       "destination": "UnifiedLean/Source/SourceExponentialResiduals.lean"
verify	Recover stopped G5 original compiler diagnostics	2026-10-07T17:05:47.4788871Z     },
verify	Recover stopped G5 original compiler diagnostics	2026-10-07T17:05:47.4789019Z     "UnifiedLean.Source.SourceWinningClockReset": {
verify	Recover stopped G5 original compiler diagnostics	2026-10-07T17:05:47.4789446Z       "source": "research/2026-10-04-dot-verified-lean-825-0203z/package/baseline/UnifiedLean/Source/SourceWinningClockReset.lean",
verify	Recover stopped G5 original compiler diagnostics	2026-10-07T17:05:47.4789663Z       "sha256": "7a831640fec35d92f99e65e6f98e2874602fb5b040ff6b112c16b77a271f2038",
verify	Recover stopped G5 original compiler diagnostics	2026-10-07T17:05:47.4789759Z       "authority": "baseline",
verify	Recover stopped G5 original compiler diagnostics	2026-10-07T17:05:47.4789844Z       "imports": [
verify	Recover stopped G5 original compiler diagnostics	2026-10-07T17:05:47.4789998Z         "UnifiedLean.Source.SourceExponentialResiduals"
verify	Recover stopped G5 original compiler diagnostics	2026-10-07T17:05:47.4790074Z       ],
verify	Recover stopped G5 original compiler diagnostics	2026-10-07T17:05:47.4790268Z       "destination": "UnifiedLean/Source/SourceWinningClockReset.lean"
verify	Recover stopped G5 original compiler diagnostics	2026-10-07T17:05:47.4790343Z     },
verify	Recover stopped G5 original compiler diagnostics	2026-10-07T17:05:47.4790500Z     "UnifiedLean.Source.SourceMergerClockCatalogue": {
verify	Recover stopped G5 original compiler diagnostics	2026-10-07T17:05:47.4790932Z       "source": "research/2026-10-04-dot-verified-lean-825-0203z/package/baseline/UnifiedLean/Source/SourceMergerClockCatalogue.lean",
verify	Recover stopped G5 original compiler diagnostics	2026-10-07T17:05:47.4791156Z       "sha256": "147da19d2d89135e00c140b3a7a88cd3d53271954e5752a23e5e0ff30376a147",
verify	Recover stopped G5 original compiler diagnostics	2026-10-07T17:05:47.4791368Z       "authority": "baseline",
verify	Recover stopped G5 original compiler diagnostics	2026-10-07T17:05:47.4791453Z       "imports": [
verify	Recover stopped G5 original compiler diagnostics	2026-10-07T17:05:47.4791595Z         "UnifiedLean.Source.SourceWinningClockReset"
verify	Recover stopped G5 original compiler diagnostics	2026-10-07T17:05:47.4791671Z       ],
verify	Recover stopped G5 original compiler diagnostics	2026-10-07T17:05:47.4791870Z       "destination": "UnifiedLean/Source/SourceMergerClockCatalogue.lean"
verify	Recover stopped G5 original compiler diagnostics	2026-10-07T17:05:47.4791945Z     },
verify	Recover stopped G5 original compiler diagnostics	2026-10-07T17:05:47.4792110Z     "UnifiedLean.Source.SourceDestinationClockReset": {
verify	Recover stopped G5 original compiler diagnostics	2026-10-07T17:05:47.4792546Z       "source": "research/2026-10-04-dot-verified-lean-825-0203z/package/baseline/UnifiedLean/Source/SourceDestinationClockReset.lean",
verify	Recover stopped G5 original compiler diagnostics	2026-10-07T17:05:47.4792774Z       "sha256": "ec910abde269d665081f7c064b6567f45fca58ba26e183ab29e21037fb84344a",
verify	Recover stopped G5 original compiler diagnostics	2026-10-07T17:05:47.4792867Z       "authority": "baseline",
verify	Recover stopped G5 original compiler diagnostics	2026-10-07T17:05:47.4792959Z       "imports": [
verify	Recover stopped G5 original compiler diagnostics	2026-10-07T17:05:47.4793115Z         "UnifiedLean.Source.SourceMergerClockCatalogue",
verify	Recover stopped G5 original compiler diagnostics	2026-10-07T17:05:47.4793252Z         "Mathlib.Probability.Independence.Basic"
verify	Recover stopped G5 original compiler diagnostics	2026-10-07T17:05:47.4793333Z       ],
verify	Recover stopped G5 original compiler diagnostics	2026-10-07T17:05:47.4793539Z       "destination": "UnifiedLean/Source/SourceDestinationClockReset.lean"
verify	Recover stopped G5 original compiler diagnostics	2026-10-07T17:05:47.4793614Z     },
verify	Recover stopped G5 original compiler diagnostics	2026-10-07T17:05:47.4793748Z     "UnifiedLean.Source.SourceEpochRenewal": {
verify	Recover stopped G5 original compiler diagnostics	2026-10-07T17:05:47.4794150Z       "source": "research/2026-10-04-dot-verified-lean-825-0203z/package/baseline/UnifiedLean/Source/SourceEpochRenewal.lean",
verify	Recover stopped G5 original compiler diagnostics	2026-10-07T17:05:47.4794372Z       "sha256": "5035fb830ed695b7aac5525c28f24d528be3c1b9a2c2c6f831f23b3cc6692bef",
verify	Recover stopped G5 original compiler diagnostics	2026-10-07T17:05:47.4794469Z       "authority": "baseline",
verify	Recover stopped G5 original compiler diagnostics	2026-10-07T17:05:47.4794554Z       "imports": [
verify	Recover stopped G5 original compiler diagnostics	2026-10-07T17:05:47.4794714Z         "UnifiedLean.Source.SourceDestinationClockReset",
verify	Recover stopped G5 original compiler diagnostics	2026-10-07T17:05:47.4794854Z         "UnifiedLean.Source.SourceEpochSemigroup",
verify	Recover stopped G5 original compiler diagnostics	2026-10-07T17:05:47.4795016Z         "Mathlib.Analysis.SpecialFunctions.Exponential",
verify	Recover stopped G5 original compiler diagnostics	2026-10-07T17:05:47.4795176Z         "Mathlib.Analysis.Normed.Module.FiniteDimension",
verify	Recover stopped G5 original compiler diagnostics	2026-10-07T17:05:47.4795403Z         "Mathlib.MeasureTheory.Integral.IntervalIntegral.FundThmCalculus"
verify	Recover stopped G5 original compiler diagnostics	2026-10-07T17:05:47.4795485Z       ],
verify	Recover stopped G5 original compiler diagnostics	2026-10-07T17:05:47.4795662Z       "destination": "UnifiedLean/Source/SourceEpochRenewal.lean"
verify	Recover stopped G5 original compiler diagnostics	2026-10-07T17:05:47.4795735Z     },
verify	Recover stopped G5 original compiler diagnostics	2026-10-07T17:05:47.4795895Z     "UnifiedLean.Source.SourceFiniteJumpExpansion": {
verify	Recover stopped G5 original compiler diagnostics	2026-10-07T17:05:47.4796323Z       "source": "research/2026-10-04-dot-verified-lean-825-0203z/package/baseline/UnifiedLean/Source/SourceFiniteJumpExpansion.lean",
verify	Recover stopped G5 original compiler diagnostics	2026-10-07T17:05:47.4796555Z       "sha256": "6a14b2de7bcdf28ae3293a23adde3234da7adb5dd503cfd007b711f1a52d786b",
verify	Recover stopped G5 original compiler diagnostics	2026-10-07T17:05:47.4796764Z       "authority": "baseline",
verify	Recover stopped G5 original compiler diagnostics	2026-10-07T17:05:47.4796854Z       "imports": [
verify	Recover stopped G5 original compiler diagnostics	2026-10-07T17:05:47.4796990Z         "UnifiedLean.Source.SourceEpochRenewal"
verify	Recover stopped G5 original compiler diagnostics	2026-10-07T17:05:47.4797068Z       ],
verify	Recover stopped G5 original compiler diagnostics	2026-10-07T17:05:47.4797394Z       "destination": "UnifiedLean/Source/SourceFiniteJumpExpansion.lean"
verify	Recover stopped G5 original compiler diagnostics	2026-10-07T17:05:47.4797467Z     },
verify	Recover stopped G5 original compiler diagnostics	2026-10-07T17:05:47.4797626Z     "UnifiedLean.Source.SourceRaceWinnerSelection": {
verify	Recover stopped G5 original compiler diagnostics	2026-10-07T17:05:47.4798053Z       "source": "research/2026-10-04-dot-verified-lean-825-0203z/package/baseline/UnifiedLean/Source/SourceRaceWinnerSelection.lean",
verify	Recover stopped G5 original compiler diagnostics	2026-10-07T17:05:47.4798284Z       "sha256": "ad882b44f7fd97f5ac7e5b7e125cce7e7f6640c065ff616f08c85b26dd9d4caf",
verify	Recover stopped G5 original compiler diagnostics	2026-10-07T17:05:47.4798380Z       "authority": "baseline",
verify	Recover stopped G5 original compiler diagnostics	2026-10-07T17:05:47.4798465Z       "imports": [
verify	Recover stopped G5 original compiler diagnostics	2026-10-07T17:05:47.4798620Z         "UnifiedLean.Source.SourceFiniteJumpExpansion"
verify	Recover stopped G5 original compiler diagnostics	2026-10-07T17:05:47.4798694Z       ],
verify	Recover stopped G5 original compiler diagnostics	2026-10-07T17:05:47.4798890Z       "destination": "UnifiedLean/Source/SourceRaceWinnerSelection.lean"
verify	Recover stopped G5 original compiler diagnostics	2026-10-07T17:05:47.4798963Z     },
verify	Recover stopped G5 original compiler diagnostics	2026-10-07T17:05:47.4799124Z     "UnifiedLean.Source.SourceLiteralClockEndpoint": {
verify	Recover stopped G5 original compiler diagnostics	2026-10-07T17:05:47.4799553Z       "source": "research/2026-10-04-dot-verified-lean-825-0203z/package/baseline/UnifiedLean/Source/SourceLiteralClockEndpoint.lean",
verify	Recover stopped G5 original compiler diagnostics	2026-10-07T17:05:47.4799780Z       "sha256": "2f2f39f1ea044932788b412d32e3454bf8ff1ff1d65f48431e975352fbc9e7ba",
verify	Recover stopped G5 original compiler diagnostics	2026-10-07T17:05:47.4799876Z       "authority": "baseline",
verify	Recover stopped G5 original compiler diagnostics	2026-10-07T17:05:47.4800066Z       "imports": [
verify	Recover stopped G5 original compiler diagnostics	2026-10-07T17:05:47.4800218Z         "UnifiedLean.Source.SourceRaceWinnerSelection"
verify	Recover stopped G5 original compiler diagnostics	2026-10-07T17:05:47.4800293Z       ],
verify	Recover stopped G5 original compiler diagnostics	2026-10-07T17:05:47.4800497Z       "destination": "UnifiedLean/Source/SourceLiteralClockEndpoint.lean"
verify	Recover stopped G5 original compiler diagnostics	2026-10-07T17:05:47.4800570Z     },
verify	Recover stopped G5 original compiler diagnostics	2026-10-07T17:05:47.4800680Z     "G2LiteralMarkedClockTrace": {
verify	Recover stopped G5 original compiler diagnostics	2026-10-07T17:05:47.4801017Z       "source": "research/2026-10-06-dot-g2-marked-clock-extension-0903z/G2LiteralMarkedClockTrace.lean",
verify	Recover stopped G5 original compiler diagnostics	2026-10-07T17:05:47.4801246Z       "sha256": "c7360a7aad72b8f8a2fb4864ff4e9b6e7d576e01e68c8a7c1a594ef2d9e57b9a",
verify	Recover stopped G5 original compiler diagnostics	2026-10-07T17:05:47.4801627Z       "authority": "research/2026-10-07-dot-g2-accepted-source-preservation-0006z/SOURCE-AND-DEPENDENCY-PINS.json",
verify	Recover stopped G5 original compiler diagnostics	2026-10-07T17:05:47.4801715Z       "imports": [
verify	Recover stopped G5 original compiler diagnostics	2026-10-07T17:05:47.4801875Z         "UnifiedLean.Source.SourceLiteralClockEndpoint"
verify	Recover stopped G5 original compiler diagnostics	2026-10-07T17:05:47.4801949Z       ],
verify	Recover stopped G5 original compiler diagnostics	2026-10-07T17:05:47.4802115Z       "destination": "TimedG2/G2LiteralMarkedClockTrace.lean"
verify	Recover stopped G5 original compiler diagnostics	2026-10-07T17:05:47.4802195Z     },
verify	Recover stopped G5 original compiler diagnostics	2026-10-07T17:05:47.4802297Z     "G2ActualDecorationFold": {
verify	Recover stopped G5 original compiler diagnostics	2026-10-07T17:05:47.4802684Z       "source": "research/2026-10-07-dot-g2-calendar-tail-source-successor-0058z/sources/G2ActualDecorationFold.lean",
verify	Recover stopped G5 original compiler diagnostics	2026-10-07T17:05:47.4802908Z       "sha256": "8ca5f51130da2c7b513e70cd0b0d93a22fe9c4e706a63b590cab5407258f55be",
verify	Recover stopped G5 original compiler diagnostics	2026-10-07T17:05:47.4803291Z       "authority": "research/2026-10-07-dot-g2-calendar-tail-source-successor-0058z/SOURCE-AND-DEPENDENCY-PINS.json",
verify	Recover stopped G5 original compiler diagnostics	2026-10-07T17:05:47.4803379Z       "imports": [
verify	Recover stopped G5 original compiler diagnostics	2026-10-07T17:05:47.4803482Z         "G2SourceGraftDecoration",
verify	Recover stopped G5 original compiler diagnostics	2026-10-07T17:05:47.4803590Z         "G2LiteralMarkedClockTrace"
verify	Recover stopped G5 original compiler diagnostics	2026-10-07T17:05:47.4803663Z       ],
verify	Recover stopped G5 original compiler diagnostics	2026-10-07T17:05:47.4803814Z       "destination": "TimedG2/G2ActualDecorationFold.lean"
verify	Recover stopped G5 original compiler diagnostics	2026-10-07T17:05:47.4803891Z     },
verify	Recover stopped G5 original compiler diagnostics	2026-10-07T17:05:47.4804000Z     "G2DecorationMeasurability": {
verify	Recover stopped G5 original compiler diagnostics	2026-10-07T17:05:47.4804430Z       "source": "research/2026-10-07-dot-g2-chronological-decoration-integration-0139z/sources/G2DecorationMeasurability.lean",
verify	Recover stopped G5 original compiler diagnostics	2026-10-07T17:05:47.4804651Z       "sha256": "a016097f843583052f5c2b8a4c19899cb97d78052779c4771e22aa9603104338",
verify	Recover stopped G5 original compiler diagnostics	2026-10-07T17:05:47.4805065Z       "authority": "research/2026-10-07-dot-g2-chronological-decoration-integration-0139z/SOURCE-AND-DEPENDENCY-PINS.json",
verify	Recover stopped G5 original compiler diagnostics	2026-10-07T17:05:47.4805149Z       "imports": [
verify	Recover stopped G5 original compiler diagnostics	2026-10-07T17:05:47.4805256Z         "G2ActualDecorationFold"
verify	Recover stopped G5 original compiler diagnostics	2026-10-07T17:05:47.4805333Z       ],
verify	Recover stopped G5 original compiler diagnostics	2026-10-07T17:05:47.4805499Z       "destination": "TimedG2/G2DecorationMeasurability.lean"
verify	Recover stopped G5 original compiler diagnostics	2026-10-07T17:05:47.4805575Z     },
verify	Recover stopped G5 original compiler diagnostics	2026-10-07T17:05:47.4805681Z     "G2MarkedTraceRenewal": {
verify	Recover stopped G5 original compiler diagnostics	2026-10-07T17:05:47.4806050Z       "source": "research/2026-10-07-dot-g2-accepted-source-preservation-0006z/sources/G2MarkedTraceRenewal.lean",
verify	Recover stopped G5 original compiler diagnostics	2026-10-07T17:05:47.4806366Z       "sha256": "edbabf47f1429b8747c5d49a7d00d2762ad47ece635dfe00f1c59280a0b29603",
verify	Recover stopped G5 original compiler diagnostics	2026-10-07T17:05:47.4806866Z       "authority": "research/2026-10-07-dot-g2-accepted-source-preservation-0006z/SOURCE-AND-DEPENDENCY-PINS.json",
verify	Recover stopped G5 original compiler diagnostics	2026-10-07T17:05:47.4806958Z       "imports": [
verify	Recover stopped G5 original compiler diagnostics	2026-10-07T17:05:47.4807068Z         "G2LiteralMarkedClockTrace"
verify	Recover stopped G5 original compiler diagnostics	2026-10-07T17:05:47.4807144Z       ],
verify	Recover stopped G5 original compiler diagnostics	2026-10-07T17:05:47.4807292Z       "destination": "TimedG2/G2MarkedTraceRenewal.lean"
verify	Recover stopped G5 original compiler diagnostics	2026-10-07T17:05:47.4807369Z     },
verify	Recover stopped G5 original compiler diagnostics	2026-10-07T17:05:47.4807465Z     "G2LiteralEpochLaw": {
verify	Recover stopped G5 original compiler diagnostics	2026-10-07T17:05:47.4807820Z       "source": "research/2026-10-07-dot-g2-accepted-source-preservation-0006z/sources/G2LiteralEpochLaw.lean",
verify	Recover stopped G5 original compiler diagnostics	2026-10-07T17:05:47.4808043Z       "sha256": "9020ef5baaf8955097e69efac86b552cf80540211125d8f215bf1ca0bcecba7a",
verify	Recover stopped G5 original compiler diagnostics	2026-10-07T17:05:47.4808410Z       "authority": "research/2026-10-07-dot-g2-accepted-source-preservation-0006z/SOURCE-AND-DEPENDENCY-PINS.json",
verify	Recover stopped G5 original compiler diagnostics	2026-10-07T17:05:47.4808493Z       "imports": [
verify	Recover stopped G5 original compiler diagnostics	2026-10-07T17:05:47.4808598Z         "G2MarkedTraceRenewal"
verify	Recover stopped G5 original compiler diagnostics	2026-10-07T17:05:47.4808674Z       ],
verify	Recover stopped G5 original compiler diagnostics	2026-10-07T17:05:47.4808810Z       "destination": "TimedG2/G2LiteralEpochLaw.lean"
verify	Recover stopped G5 original compiler diagnostics	2026-10-07T17:05:47.4809010Z     },
verify	Recover stopped G5 original compiler diagnostics	2026-10-07T17:05:47.4809110Z     "G2ActualCalendarTrace": {
verify	Recover stopped G5 original compiler diagnostics	2026-10-07T17:05:47.4809474Z       "source": "research/2026-10-07-dot-g2-accepted-source-preservation-0006z/sources/G2ActualCalendarTrace.lean",
verify	Recover stopped G5 original compiler diagnostics	2026-10-07T17:05:47.4809696Z       "sha256": "cf709bcf2b686619c6f378dbe1a7690b6a19012a82a541ed34f3b0ff4af07ddd",
verify	Recover stopped G5 original compiler diagnostics	2026-10-07T17:05:47.4810062Z       "authority": "research/2026-10-07-dot-g2-accepted-source-preservation-0006z/SOURCE-AND-DEPENDENCY-PINS.json",
verify	Recover stopped G5 original compiler diagnostics	2026-10-07T17:05:47.4810145Z       "imports": [
verify	Recover stopped G5 original compiler diagnostics	2026-10-07T17:05:47.4810240Z         "G2LiteralEpochLaw",
verify	Recover stopped G5 original compiler diagnostics	2026-10-07T17:05:47.4810387Z         "UnifiedLean.Source.SourceProgramTransport"
verify	Recover stopped G5 original compiler diagnostics	2026-10-07T17:05:47.4810462Z       ],
verify	Recover stopped G5 original compiler diagnostics	2026-10-07T17:05:47.4810611Z       "destination": "TimedG2/G2ActualCalendarTrace.lean"
verify	Recover stopped G5 original compiler diagnostics	2026-10-07T17:05:47.4810687Z     },
verify	Recover stopped G5 original compiler diagnostics	2026-10-07T17:05:47.4810834Z     "UnifiedLean.Source.SourceEmbeddedJumpLaw": {
verify	Recover stopped G5 original compiler diagnostics	2026-10-07T17:05:47.4811257Z       "source": "research/2026-10-04-dot-verified-lean-825-0203z/package/baseline/UnifiedLean/Source/SourceEmbeddedJumpLaw.lean",
verify	Recover stopped G5 original compiler diagnostics	2026-10-07T17:05:47.4811477Z       "sha256": "560f2174634b137eca95c83616b2b50a4e7671f51cfd62c275a7f7c206890d37",
verify	Recover stopped G5 original compiler diagnostics	2026-10-07T17:05:47.4811573Z       "authority": "baseline",
verify	Recover stopped G5 original compiler diagnostics	2026-10-07T17:05:47.4811654Z       "imports": [
verify	Recover stopped G5 original compiler diagnostics	2026-10-07T17:05:47.4811812Z         "UnifiedLean.Source.SourceRaceWinnerSelection"
verify	Recover stopped G5 original compiler diagnostics	2026-10-07T17:05:47.4811888Z       ],
verify	Recover stopped G5 original compiler diagnostics	2026-10-07T17:05:47.4812081Z       "destination": "UnifiedLean/Source/SourceEmbeddedJumpLaw.lean"
verify	Recover stopped G5 original compiler diagnostics	2026-10-07T17:05:47.4812159Z     },
verify	Recover stopped G5 original compiler diagnostics	2026-10-07T17:05:47.4812327Z     "UnifiedLean.Source.NativeIndependentPairMixture": {
verify	Recover stopped G5 original compiler diagnostics	2026-10-07T17:05:47.4812779Z       "source": "research/2026-10-04-dot-verified-lean-825-0203z/package/baseline/UnifiedLean/Source/NativeIndependentPairMixture.lean",
verify	Recover stopped G5 original compiler diagnostics	2026-10-07T17:05:47.4812990Z       "sha256": "4e1107890e0e36967898c06251a1a7ed3305721860534b902a87b04d434e4c31",
verify	Recover stopped G5 original compiler diagnostics	2026-10-07T17:05:47.4813091Z       "authority": "baseline",
verify	Recover stopped G5 original compiler diagnostics	2026-10-07T17:05:47.4813175Z       "imports": [
verify	Recover stopped G5 original compiler diagnostics	2026-10-07T17:05:47.4813314Z         "UnifiedLean.Source.NativePairClockLaw",
verify	Recover stopped G5 original compiler diagnostics	2026-10-07T17:05:47.4813530Z         "Mathlib.Probability.ProbabilityMassFunction.Constructions",
verify	Recover stopped G5 original compiler diagnostics	2026-10-07T17:05:47.4813700Z         "Mathlib.MeasureTheory.Integral.Lebesgue.Countable"
verify	Recover stopped G5 original compiler diagnostics	2026-10-07T17:05:47.4813779Z       ],
verify	Recover stopped G5 original compiler diagnostics	2026-10-07T17:05:47.4813995Z       "destination": "UnifiedLean/Source/NativeIndependentPairMixture.lean"
verify	Recover stopped G5 original compiler diagnostics	2026-10-07T17:05:47.4814073Z     },
verify	Recover stopped G5 original compiler diagnostics	2026-10-07T17:05:47.4814236Z     "UnifiedLean.Source.SourceNaturalInitialization": {
verify	Recover stopped G5 original compiler diagnostics	2026-10-07T17:05:47.4814684Z       "source": "research/2026-10-04-dot-verified-lean-825-0203z/package/baseline/UnifiedLean/Source/SourceNaturalInitialization.lean",
verify	Recover stopped G5 original compiler diagnostics	2026-10-07T17:05:47.4814915Z       "sha256": "18050e86ebeb2d11ced94d0e3a2199f0c58b7ae4d7029288c28b0c893ec159e1",
verify	Recover stopped G5 original compiler diagnostics	2026-10-07T17:05:47.4815009Z       "authority": "baseline",
verify	Recover stopped G5 original compiler diagnostics	2026-10-07T17:05:47.4815217Z       "imports": [
verify	Recover stopped G5 original compiler diagnostics	2026-10-07T17:05:47.4815371Z         "UnifiedLean.Source.SourceInitializedCalendar",
verify	Recover stopped G5 original compiler diagnostics	2026-10-07T17:05:47.4815538Z         "UnifiedLean.Source.NativeIndependentPairMixture"
verify	Recover stopped G5 original compiler diagnostics	2026-10-07T17:05:47.4815617Z       ],
verify	Recover stopped G5 original compiler diagnostics	2026-10-07T17:05:47.4815830Z       "destination": "UnifiedLean/Source/SourceNaturalInitialization.lean"
verify	Recover stopped G5 original compiler diagnostics	2026-10-07T17:05:47.4815911Z     },
verify	Recover stopped G5 original compiler diagnostics	2026-10-07T17:05:47.4816072Z     "UnifiedLean.Source.SourceAncestralCompletion": {
verify	Recover stopped G5 original compiler diagnostics	2026-10-07T17:05:47.4816507Z       "source": "research/2026-10-04-dot-verified-lean-825-0203z/package/baseline/UnifiedLean/Source/SourceAncestralCompletion.lean",
verify	Recover stopped G5 original compiler diagnostics	2026-10-07T17:05:47.4816858Z       "sha256": "da44afa6b8039afb1f90128af2f1b62234f3dfd0197ef9399c52873bf865caa5",
verify	Recover stopped G5 original compiler diagnostics	2026-10-07T17:05:47.4816963Z       "authority": "baseline",
verify	Recover stopped G5 original compiler diagnostics	2026-10-07T17:05:47.4817046Z       "imports": [
verify	Recover stopped G5 original compiler diagnostics	2026-10-07T17:05:47.4817190Z         "UnifiedLean.Source.SourceEmbeddedJumpLaw",
verify	Recover stopped G5 original compiler diagnostics	2026-10-07T17:05:47.4817349Z         "UnifiedLean.Source.SourceNaturalInitialization"
verify	Recover stopped G5 original compiler diagnostics	2026-10-07T17:05:47.4817430Z       ],
verify	Recover stopped G5 original compiler diagnostics	2026-10-07T17:05:47.4817631Z       "destination": "UnifiedLean/Source/SourceAncestralCompletion.lean"
verify	Recover stopped G5 original compiler diagnostics	2026-10-07T17:05:47.4817708Z     },
verify	Recover stopped G5 original compiler diagnostics	2026-10-07T17:05:47.4817934Z     "G2FiniteAncestralTrace": {
verify	Recover stopped G5 original compiler diagnostics	2026-10-07T17:05:47.4818315Z       "source": "research/2026-10-07-dot-g2-accepted-source-preservation-0006z/sources/G2FiniteAncestralTrace.lean",
verify	Recover stopped G5 original compiler diagnostics	2026-10-07T17:05:47.4818536Z       "sha256": "00733330a10c2c2f8718e0a7e9c954ae4ac6c10631eee57231e22e3620bafb5a",
verify	Recover stopped G5 original compiler diagnostics	2026-10-07T17:05:47.4818915Z       "authority": "research/2026-10-07-dot-g2-accepted-source-preservation-0006z/SOURCE-AND-DEPENDENCY-PINS.json",
verify	Recover stopped G5 original compiler diagnostics	2026-10-07T17:05:47.4819000Z       "imports": [
verify	Recover stopped G5 original compiler diagnostics	2026-10-07T17:05:47.4819110Z         "G2LiteralMarkedClockTrace",
verify	Recover stopped G5 original compiler diagnostics	2026-10-07T17:05:47.4819268Z         "UnifiedLean.Source.SourceAncestralCompletion"
verify	Recover stopped G5 original compiler diagnostics	2026-10-07T17:05:47.4819349Z       ],
verify	Recover stopped G5 original compiler diagnostics	2026-10-07T17:05:47.4819498Z       "destination": "TimedG2/G2FiniteAncestralTrace.lean"
verify	Recover stopped G5 original compiler diagnostics	2026-10-07T17:05:47.4819579Z     },
verify	Recover stopped G5 original compiler diagnostics	2026-10-07T17:05:47.4819743Z     "UnifiedLean.Source.UnrankedGenealogyObservation": {
verify	Recover stopped G5 original compiler diagnostics	2026-10-07T17:05:47.4820194Z       "source": "research/2026-10-04-dot-verified-lean-825-0203z/package/baseline/UnifiedLean/Source/UnrankedGenealogyObservation.lean",
verify	Recover stopped G5 original compiler diagnostics	2026-10-07T17:05:47.4820432Z       "sha256": "1ee536501f1fc77c70eb9098af054ecf2a2c8cbdd9aef4375bd5cdda10ca73c8",
verify	Recover stopped G5 original compiler diagnostics	2026-10-07T17:05:47.4820528Z       "authority": "baseline",
verify	Recover stopped G5 original compiler diagnostics	2026-10-07T17:05:47.4820619Z       "imports": [
verify	Recover stopped G5 original compiler diagnostics	2026-10-07T17:05:47.4820780Z         "UnifiedLean.Source.SourceNaturalInitialization",
verify	Recover stopped G5 original compiler diagnostics	2026-10-07T17:05:47.4820890Z         "Mathlib.Data.Finset.Union"
verify	Recover stopped G5 original compiler diagnostics	2026-10-07T17:05:47.4820970Z       ],
verify	Recover stopped G5 original compiler diagnostics	2026-10-07T17:05:47.4821197Z       "destination": "UnifiedLean/Source/UnrankedGenealogyObservation.lean"
verify	Recover stopped G5 original compiler diagnostics	2026-10-07T17:05:47.4821276Z     },
verify	Recover stopped G5 original compiler diagnostics	2026-10-07T17:05:47.4821440Z     "UnifiedLean.Source.SourceCompletedUnrankedTree": {
verify	Recover stopped G5 original compiler diagnostics	2026-10-07T17:05:47.4821884Z       "source": "research/2026-10-04-dot-verified-lean-825-0203z/package/baseline/UnifiedLean/Source/SourceCompletedUnrankedTree.lean",
verify	Recover stopped G5 original compiler diagnostics	2026-10-07T17:05:47.4822106Z       "sha256": "a3f28f51080370eeb6d625685f89927ca983c00ab6ac6739533c20754e60f06b",
verify	Recover stopped G5 original compiler diagnostics	2026-10-07T17:05:47.4822203Z       "authority": "baseline",
verify	Recover stopped G5 original compiler diagnostics	2026-10-07T17:05:47.4822291Z       "imports": [
verify	Recover stopped G5 original compiler diagnostics	2026-10-07T17:05:47.4822445Z         "UnifiedLean.Source.SourceAncestralCompletion",
verify	Recover stopped G5 original compiler diagnostics	2026-10-07T17:05:47.4822607Z         "UnifiedLean.Source.UnrankedGenealogyObservation"
verify	Recover stopped G5 original compiler diagnostics	2026-10-07T17:05:47.4822683Z       ],
verify	Recover stopped G5 original compiler diagnostics	2026-10-07T17:05:47.4822896Z       "destination": "UnifiedLean/Source/SourceCompletedUnrankedTree.lean"
verify	Recover stopped G5 original compiler diagnostics	2026-10-07T17:05:47.4822971Z     },
verify	Recover stopped G5 original compiler diagnostics	2026-10-07T17:05:47.4823115Z     "UnifiedLean.Source.SourceAncestralDrift": {
verify	Recover stopped G5 original compiler diagnostics	2026-10-07T17:05:47.4823525Z       "source": "research/2026-10-04-dot-verified-lean-825-0203z/package/baseline/UnifiedLean/Source/SourceAncestralDrift.lean",
verify	Recover stopped G5 original compiler diagnostics	2026-10-07T17:05:47.4823750Z       "sha256": "258fa001910c1e483b782be4d7a01d239ebc5f53dda8f00348239643fdb88725",
verify	Recover stopped G5 original compiler diagnostics	2026-10-07T17:05:47.4823848Z       "authority": "baseline",
verify	Recover stopped G5 original compiler diagnostics	2026-10-07T17:05:47.4824049Z       "imports": [
verify	Recover stopped G5 original compiler diagnostics	2026-10-07T17:05:47.4824215Z         "UnifiedLean.Source.SourceCompletedUnrankedTree",
verify	Recover stopped G5 original compiler diagnostics	2026-10-07T17:05:47.4824347Z         "UnifiedLean.Source.SourceEpochRenewal"
verify	Recover stopped G5 original compiler diagnostics	2026-10-07T17:05:47.4824433Z       ],
verify	Recover stopped G5 original compiler diagnostics	2026-10-07T17:05:47.4824620Z       "destination": "UnifiedLean/Source/SourceAncestralDrift.lean"
verify	Recover stopped G5 original compiler diagnostics	2026-10-07T17:05:47.4824697Z     },
verify	Recover stopped G5 original compiler diagnostics	2026-10-07T17:05:47.4824857Z     "UnifiedLean.Source.SourceAncestralAbsorption": {
verify	Recover stopped G5 original compiler diagnostics	2026-10-07T17:05:47.4825287Z       "source": "research/2026-10-04-dot-verified-lean-825-0203z/package/baseline/UnifiedLean/Source/SourceAncestralAbsorption.lean",
verify	Recover stopped G5 original compiler diagnostics	2026-10-07T17:05:47.4825511Z       "sha256": "07b0d22fe372b38a1dd0e1256e0f328901ff74feb9a172a6748a19b903e06061",
verify	Recover stopped G5 original compiler diagnostics	2026-10-07T17:05:47.4825604Z       "authority": "baseline",
verify	Recover stopped G5 original compiler diagnostics	2026-10-07T17:05:47.4825690Z       "imports": [
verify	Recover stopped G5 original compiler diagnostics	2026-10-07T17:05:47.4825830Z         "UnifiedLean.Source.SourceAncestralDrift",
verify	Recover stopped G5 original compiler diagnostics	2026-10-07T17:05:47.4825963Z         "Mathlib.Analysis.SpecificLimits.Basic"
verify	Recover stopped G5 original compiler diagnostics	2026-10-07T17:05:47.4826046Z       ],
verify	Recover stopped G5 original compiler diagnostics	2026-10-07T17:05:47.4826247Z       "destination": "UnifiedLean/Source/SourceAncestralAbsorption.lean"
verify	Recover stopped G5 original compiler diagnostics	2026-10-07T17:05:47.4826322Z     },
verify	Recover stopped G5 original compiler diagnostics	2026-10-07T17:05:47.4826474Z     "UnifiedLean.Source.SourceCompletionHarmonic": {
verify	Recover stopped G5 original compiler diagnostics	2026-10-07T17:05:47.4827103Z       "source": "research/2026-10-04-dot-verified-lean-825-0203z/package/baseline/UnifiedLean/Source/SourceCompletionHarmonic.lean",
verify	Recover stopped G5 original compiler diagnostics	2026-10-07T17:05:47.4827326Z       "sha256": "5a15f085181e1f6f514d629db289db4a11d6b91032267ecf73a795b0a4f1bfd0",
verify	Recover stopped G5 original compiler diagnostics	2026-10-07T17:05:47.4827427Z       "authority": "baseline",
verify	Recover stopped G5 original compiler diagnostics	2026-10-07T17:05:47.4827517Z       "imports": [
verify	Recover stopped G5 original compiler diagnostics	2026-10-07T17:05:47.4827670Z         "UnifiedLean.Source.SourceAncestralAbsorption"
verify	Recover stopped G5 original compiler diagnostics	2026-10-07T17:05:47.4827749Z       ],
verify	Recover stopped G5 original compiler diagnostics	2026-10-07T17:05:47.4827945Z       "destination": "UnifiedLean/Source/SourceCompletionHarmonic.lean"
verify	Recover stopped G5 original compiler diagnostics	2026-10-07T17:05:47.4828023Z     },
verify	Recover stopped G5 original compiler diagnostics	2026-10-07T17:05:47.4828195Z     "UnifiedLean.Source.SourceEventualCompletionLimit": {
verify	Recover stopped G5 original compiler diagnostics	2026-10-07T17:05:47.4828647Z       "source": "research/2026-10-04-dot-verified-lean-825-0203z/package/baseline/UnifiedLean/Source/SourceEventualCompletionLimit.lean",
verify	Recover stopped G5 original compiler diagnostics	2026-10-07T17:05:47.4828881Z       "sha256": "0c886c979caa8725b7babd734c3bfabd5842c4aa065bd8886ce4a8abc24a33cd",
verify	Recover stopped G5 original compiler diagnostics	2026-10-07T17:05:47.4828978Z       "authority": "baseline",
verify	Recover stopped G5 original compiler diagnostics	2026-10-07T17:05:47.4829062Z       "imports": [
verify	Recover stopped G5 original compiler diagnostics	2026-10-07T17:05:47.4829210Z         "UnifiedLean.Source.SourceCompletionHarmonic"
verify	Recover stopped G5 original compiler diagnostics	2026-10-07T17:05:47.4829290Z       ],
verify	Recover stopped G5 original compiler diagnostics	2026-10-07T17:05:47.4829509Z       "destination": "UnifiedLean/Source/SourceEventualCompletionLimit.lean"
verify	Recover stopped G5 original compiler diagnostics	2026-10-07T17:05:47.4829587Z     },
verify	Recover stopped G5 original compiler diagnostics	2026-10-07T17:05:47.4829699Z     "G2AncestralTraceSourceLaw": {
verify	Recover stopped G5 original compiler diagnostics	2026-10-07T17:05:47.4830093Z       "source": "research/2026-10-07-dot-g2-accepted-source-preservation-0006z/sources/G2AncestralTraceSourceLaw.lean",
verify	Recover stopped G5 original compiler diagnostics	2026-10-07T17:05:47.4830318Z       "sha256": "641cf1285ad10ec18dab7a42d207147afb964485924912b9d53aee428927436a",
verify	Recover stopped G5 original compiler diagnostics	2026-10-07T17:05:47.4830694Z       "authority": "research/2026-10-07-dot-g2-accepted-source-preservation-0006z/SOURCE-AND-DEPENDENCY-PINS.json",
verify	Recover stopped G5 original compiler diagnostics	2026-10-07T17:05:47.4830786Z       "imports": [
verify	Recover stopped G5 original compiler diagnostics	2026-10-07T17:05:47.4830889Z         "G2FiniteAncestralTrace",
verify	Recover stopped G5 original compiler diagnostics	2026-10-07T17:05:47.4831000Z         "G2LiteralEpochLaw",
verify	Recover stopped G5 original compiler diagnostics	2026-10-07T17:05:47.4831179Z         "UnifiedLean.Source.SourceEventualCompletionLimit",
verify	Recover stopped G5 original compiler diagnostics	2026-10-07T17:05:47.4831387Z         "Mathlib.MeasureTheory.Constructions.BorelSpace.Metrizable",
verify	Recover stopped G5 original compiler diagnostics	2026-10-07T17:05:47.4831604Z         "Mathlib.MeasureTheory.Integral.Lebesgue.DominatedConvergence"
verify	Recover stopped G5 original compiler diagnostics	2026-10-07T17:05:47.4831680Z       ],
verify	Recover stopped G5 original compiler diagnostics	2026-10-07T17:05:47.4831846Z       "destination": "TimedG2/G2AncestralTraceSourceLaw.lean"
verify	Recover stopped G5 original compiler diagnostics	2026-10-07T17:05:47.4831920Z     },
verify	Recover stopped G5 original compiler diagnostics	2026-10-07T17:05:47.4832039Z     "G2CompleteCalendarAttachment": {
verify	Recover stopped G5 original compiler diagnostics	2026-10-07T17:05:47.4832446Z       "source": "research/2026-10-07-dot-g2-accepted-source-preservation-0006z/sources/G2CompleteCalendarAttachment.lean",
verify	Recover stopped G5 original compiler diagnostics	2026-10-07T17:05:47.4832680Z       "sha256": "aa34dd0dfc6f4d5b33b764f801eade71b3380e024f5bbfcf8549b508e0d5d40f",
verify	Recover stopped G5 original compiler diagnostics	2026-10-07T17:05:47.4833054Z       "authority": "research/2026-10-07-dot-g2-accepted-source-preservation-0006z/SOURCE-AND-DEPENDENCY-PINS.json",
verify	Recover stopped G5 original compiler diagnostics	2026-10-07T17:05:47.4833263Z       "imports": [
verify	Recover stopped G5 original compiler diagnostics	2026-10-07T17:05:47.4833368Z         "G2ActualCalendarTrace",
verify	Recover stopped G5 original compiler diagnostics	2026-10-07T17:05:47.4833479Z         "G2AncestralTraceSourceLaw",
verify	Recover stopped G5 original compiler diagnostics	2026-10-07T17:05:47.4833635Z         "UnifiedLean.Source.SourceInitializedCalendar",
verify	Recover stopped G5 original compiler diagnostics	2026-10-07T17:05:47.4833798Z         "UnifiedLean.Source.UnrankedGenealogyObservation"
verify	Recover stopped G5 original compiler diagnostics	2026-10-07T17:05:47.4833874Z       ],
verify	Recover stopped G5 original compiler diagnostics	2026-10-07T17:05:47.4834052Z       "destination": "TimedG2/G2CompleteCalendarAttachment.lean"
verify	Recover stopped G5 original compiler diagnostics	2026-10-07T17:05:47.4834127Z     },
verify	Recover stopped G5 original compiler diagnostics	2026-10-07T17:05:47.4834230Z     "G2LiteralCutResidual": {
verify	Recover stopped G5 original compiler diagnostics	2026-10-07T17:05:47.4834595Z       "source": "research/2026-10-07-dot-g2-accepted-source-preservation-0006z/sources/G2LiteralCutResidual.lean",
verify	Recover stopped G5 original compiler diagnostics	2026-10-07T17:05:47.4834826Z       "sha256": "e09e93c3ef68ea8b25ff72008a37306bfb8d0c2a8ef2b7082eb5c841fb8f1011",
verify	Recover stopped G5 original compiler diagnostics	2026-10-07T17:05:47.4835198Z       "authority": "research/2026-10-07-dot-g2-accepted-source-preservation-0006z/SOURCE-AND-DEPENDENCY-PINS.json",
verify	Recover stopped G5 original compiler diagnostics	2026-10-07T17:05:47.4835285Z       "imports": [
verify	Recover stopped G5 original compiler diagnostics	2026-10-07T17:05:47.4835382Z         "G2LiteralEpochLaw"
verify	Recover stopped G5 original compiler diagnostics	2026-10-07T17:05:47.4835456Z       ],
verify	Recover stopped G5 original compiler diagnostics	2026-10-07T17:05:47.4835716Z       "destination": "TimedG2/G2LiteralCutResidual.lean"
verify	Recover stopped G5 original compiler diagnostics	2026-10-07T17:05:47.4835792Z     },
verify	Recover stopped G5 original compiler diagnostics	2026-10-07T17:05:47.4835888Z     "G2MarkedTraceCuts": {
verify	Recover stopped G5 original compiler diagnostics	2026-10-07T17:05:47.4836239Z       "source": "research/2026-10-07-dot-g2-accepted-source-preservation-0006z/sources/G2MarkedTraceCuts.lean",
verify	Recover stopped G5 original compiler diagnostics	2026-10-07T17:05:47.4836468Z       "sha256": "aaa3688bee5774a700912c49d7ca134d17d4e6fee95c8542a3a0b65003f6a699",
verify	Recover stopped G5 original compiler diagnostics	2026-10-07T17:05:47.4836955Z       "authority": "research/2026-10-07-dot-g2-accepted-source-preservation-0006z/SOURCE-AND-DEPENDENCY-PINS.json",
verify	Recover stopped G5 original compiler diagnostics	2026-10-07T17:05:47.4837041Z       "imports": [
verify	Recover stopped G5 original compiler diagnostics	2026-10-07T17:05:47.4837152Z         "G2LiteralMarkedClockTrace"
verify	Recover stopped G5 original compiler diagnostics	2026-10-07T17:05:47.4837227Z       ],
verify	Recover stopped G5 original compiler diagnostics	2026-10-07T17:05:47.4837364Z       "destination": "TimedG2/G2MarkedTraceCuts.lean"
verify	Recover stopped G5 original compiler diagnostics	2026-10-07T17:05:47.4837443Z     },
verify	Recover stopped G5 original compiler diagnostics	2026-10-07T17:05:47.4837556Z     "G2MarkedTraceBudgetStability": {
verify	Recover stopped G5 original compiler diagnostics	2026-10-07T17:05:47.4837958Z       "source": "research/2026-10-07-dot-g2-accepted-source-preservation-0006z/sources/G2MarkedTraceBudgetStability.lean",
verify	Recover stopped G5 original compiler diagnostics	2026-10-07T17:05:47.4838190Z       "sha256": "6c8f1abb65ac251e0e5ad610d63a51d39b238c9d0ae7b33d5d709e3e8a2c4fea",
verify	Recover stopped G5 original compiler diagnostics	2026-10-07T17:05:47.4838559Z       "authority": "research/2026-10-07-dot-g2-accepted-source-preservation-0006z/SOURCE-AND-DEPENDENCY-PINS.json",
verify	Recover stopped G5 original compiler diagnostics	2026-10-07T17:05:47.4838642Z       "imports": [
verify	Recover stopped G5 original compiler diagnostics	2026-10-07T17:05:47.4838752Z         "G2LiteralMarkedClockTrace",
verify	Recover stopped G5 original compiler diagnostics	2026-10-07T17:05:47.4838850Z         "G2MarkedTraceCuts"
verify	Recover stopped G5 original compiler diagnostics	2026-10-07T17:05:47.4838925Z       ],
verify	Recover stopped G5 original compiler diagnostics	2026-10-07T17:05:47.4839107Z       "destination": "TimedG2/G2MarkedTraceBudgetStability.lean"
verify	Recover stopped G5 original compiler diagnostics	2026-10-07T17:05:47.4839183Z     },
verify	Recover stopped G5 original compiler diagnostics	2026-10-07T17:05:47.4839291Z     "G2SameClockContinuation": {
verify	Recover stopped G5 original compiler diagnostics	2026-10-07T17:05:47.4839666Z       "source": "research/2026-10-07-dot-g2-accepted-source-preservation-0006z/sources/G2SameClockContinuation.lean",
verify	Recover stopped G5 original compiler diagnostics	2026-10-07T17:05:47.4839897Z       "sha256": "9dfef60676c1333670f00a7a3fb180487ea622ee3d67ced1492baebe32b777e6",
verify	Recover stopped G5 original compiler diagnostics	2026-10-07T17:05:47.4840264Z       "authority": "research/2026-10-07-dot-g2-accepted-source-preservation-0006z/SOURCE-AND-DEPENDENCY-PINS.json",
verify	Recover stopped G5 original compiler diagnostics	2026-10-07T17:05:47.4840351Z       "imports": [
verify	Recover stopped G5 original compiler diagnostics	2026-10-07T17:05:47.4840454Z         "G2LiteralCutResidual",
verify	Recover stopped G5 original compiler diagnostics	2026-10-07T17:05:47.4840567Z         "G2MarkedTraceBudgetStability"
verify	Recover stopped G5 original compiler diagnostics	2026-10-07T17:05:47.4840649Z       ],
verify	Recover stopped G5 original compiler diagnostics	2026-10-07T17:05:47.4840805Z       "destination": "TimedG2/G2SameClockContinuation.lean"
verify	Recover stopped G5 original compiler diagnostics	2026-10-07T17:05:47.4840881Z     },
verify	Recover stopped G5 original compiler diagnostics	2026-10-07T17:05:47.4840990Z     "G2HistoryResidualAttachment": {
verify	Recover stopped G5 original compiler diagnostics	2026-10-07T17:05:47.4841389Z       "source": "research/2026-10-07-dot-g2-accepted-source-preservation-0006z/sources/G2HistoryResidualAttachment.lean",
verify	Recover stopped G5 original compiler diagnostics	2026-10-07T17:05:47.4841617Z       "sha256": "3c84f22ebdcc417af5bae995cb3706c0b2098f07947ab5e5918fb07307f7e298",
verify	Recover stopped G5 original compiler diagnostics	2026-10-07T17:05:47.4841982Z       "authority": "research/2026-10-07-dot-g2-accepted-source-preservation-0006z/SOURCE-AND-DEPENDENCY-PINS.json",
verify	Recover stopped G5 original compiler diagnostics	2026-10-07T17:05:47.4842192Z       "imports": [
verify	Recover stopped G5 original compiler diagnostics	2026-10-07T17:05:47.4842292Z         "G2LiteralCutResidual"
verify	Recover stopped G5 original compiler diagnostics	2026-10-07T17:05:47.4842375Z       ],
verify	Recover stopped G5 original compiler diagnostics	2026-10-07T17:05:47.4842546Z       "destination": "TimedG2/G2HistoryResidualAttachment.lean"
verify	Recover stopped G5 original compiler diagnostics	2026-10-07T17:05:47.4842623Z     },
verify	Recover stopped G5 original compiler diagnostics	2026-10-07T17:05:47.4842732Z     "G2CutFutureSourceBinding": {
verify	Recover stopped G5 original compiler diagnostics	2026-10-07T17:05:47.4843113Z       "source": "research/2026-10-07-dot-g2-accepted-source-preservation-0006z/sources/G2CutFutureSourceBinding.lean",
verify	Recover stopped G5 original compiler diagnostics	2026-10-07T17:05:47.4843338Z       "sha256": "b95300a4096e50d524bad664e51a4c04bc20384d070dfbbecf0e3b7e8ab42190",
verify	Recover stopped G5 original compiler diagnostics	2026-10-07T17:05:47.4843702Z       "authority": "research/2026-10-07-dot-g2-accepted-source-preservation-0006z/SOURCE-AND-DEPENDENCY-PINS.json",
verify	Recover stopped G5 original compiler diagnostics	2026-10-07T17:05:47.4843787Z       "imports": [
verify	Recover stopped G5 original compiler diagnostics	2026-10-07T17:05:47.4843899Z         "G2HistoryResidualAttachment"
verify	Recover stopped G5 original compiler diagnostics	2026-10-07T17:05:47.4843974Z       ],
verify	Recover stopped G5 original compiler diagnostics	2026-10-07T17:05:47.4844136Z       "destination": "TimedG2/G2CutFutureSourceBinding.lean"
verify	Recover stopped G5 original compiler diagnostics	2026-10-07T17:05:47.4844214Z     },
verify	Recover stopped G5 original compiler diagnostics	2026-10-07T17:05:47.4844325Z     "G2SameClockPastFutureLaw": {
verify	Recover stopped G5 original compiler diagnostics	2026-10-07T17:05:47.4844703Z       "source": "research/2026-10-07-dot-g2-accepted-source-preservation-0006z/sources/G2SameClockPastFutureLaw.lean",
verify	Recover stopped G5 original compiler diagnostics	2026-10-07T17:05:47.4845089Z       "sha256": "bf28fae9d12fd6c381cbae64e5bff0b944fe9fe9dceb051b9b470f19b5432930",
verify	Recover stopped G5 original compiler diagnostics	2026-10-07T17:05:47.4845453Z       "authority": "research/2026-10-07-dot-g2-accepted-source-preservation-0006z/SOURCE-AND-DEPENDENCY-PINS.json",
verify	Recover stopped G5 original compiler diagnostics	2026-10-07T17:05:47.4845539Z       "imports": [
verify	Recover stopped G5 original compiler diagnostics	2026-10-07T17:05:47.4845649Z         "G2CutFutureSourceBinding",
verify	Recover stopped G5 original compiler diagnostics	2026-10-07T17:05:47.4845750Z         "G2SameClockContinuation"
verify	Recover stopped G5 original compiler diagnostics	2026-10-07T17:05:47.4845831Z       ],
verify	Recover stopped G5 original compiler diagnostics	2026-10-07T17:05:47.4845991Z       "destination": "TimedG2/G2SameClockPastFutureLaw.lean"
verify	Recover stopped G5 original compiler diagnostics	2026-10-07T17:05:47.4846073Z     },
verify	Recover stopped G5 original compiler diagnostics	2026-10-07T17:05:47.4846173Z     "G2EpochHistoryReadout": {
verify	Recover stopped G5 original compiler diagnostics	2026-10-07T17:05:47.4846543Z       "source": "research/2026-10-07-dot-g2-accepted-source-preservation-0006z/sources/G2EpochHistoryReadout.lean",
verify	Recover stopped G5 original compiler diagnostics	2026-10-07T17:05:47.4846897Z       "sha256": "f3d6598cff77c87219efb74e9a361b3ac7c92c35862d2d259932e6f4f5b904d7",
verify	Recover stopped G5 original compiler diagnostics	2026-10-07T17:05:47.4847268Z       "authority": "research/2026-10-07-dot-g2-accepted-source-preservation-0006z/SOURCE-AND-DEPENDENCY-PINS.json",
verify	Recover stopped G5 original compiler diagnostics	2026-10-07T17:05:47.4847357Z       "imports": [
verify	Recover stopped G5 original compiler diagnostics	2026-10-07T17:05:47.4847463Z         "G2SameClockContinuation",
verify	Recover stopped G5 original compiler diagnostics	2026-10-07T17:05:47.4847570Z         "G2SameClockPastFutureLaw"
verify	Recover stopped G5 original compiler diagnostics	2026-10-07T17:05:47.4847645Z       ],
verify	Recover stopped G5 original compiler diagnostics	2026-10-07T17:05:47.4847800Z       "destination": "TimedG2/G2EpochHistoryReadout.lean"
verify	Recover stopped G5 original compiler diagnostics	2026-10-07T17:05:47.4847880Z     },
verify	Recover stopped G5 original compiler diagnostics	2026-10-07T17:05:47.4847988Z     "G2CompleteAncestralPath": {
verify	Recover stopped G5 original compiler diagnostics	2026-10-07T17:05:47.4848373Z       "source": "research/2026-10-07-dot-g2-accepted-source-preservation-0006z/sources/G2CompleteAncestralPath.lean",
verify	Recover stopped G5 original compiler diagnostics	2026-10-07T17:05:47.4848604Z       "sha256": "42ef05e829cb750a88c4ae5abe57db6c927fb5b7467921998ba1e02c2dc013f0",
verify	Recover stopped G5 original compiler diagnostics	2026-10-07T17:05:47.4848975Z       "authority": "research/2026-10-07-dot-g2-accepted-source-preservation-0006z/SOURCE-AND-DEPENDENCY-PINS.json",
verify	Recover stopped G5 original compiler diagnostics	2026-10-07T17:05:47.4849062Z       "imports": [
verify	Recover stopped G5 original compiler diagnostics	2026-10-07T17:05:47.4849171Z         "G2EpochHistoryReadout",
verify	Recover stopped G5 original compiler diagnostics	2026-10-07T17:05:47.4849277Z         "G2FiniteAncestralTrace"
verify	Recover stopped G5 original compiler diagnostics	2026-10-07T17:05:47.4849352Z       ],
verify	Recover stopped G5 original compiler diagnostics	2026-10-07T17:05:47.4849515Z       "destination": "TimedG2/G2CompleteAncestralPath.lean"
verify	Recover stopped G5 original compiler diagnostics	2026-10-07T17:05:47.4849590Z     },
verify	Recover stopped G5 original compiler diagnostics	2026-10-07T17:05:47.4849707Z     "G2ChronologicalPathReadout": {
verify	Recover stopped G5 original compiler diagnostics	2026-10-07T17:05:47.4850096Z       "source": "research/2026-10-07-dot-g2-accepted-source-preservation-0006z/sources/G2ChronologicalPathReadout.lean",
verify	Recover stopped G5 original compiler diagnostics	2026-10-07T17:05:47.4850326Z       "sha256": "99ad51df4fb50155d714d0ff69972d194fa1c70132bee75f580fbb789be00473",
verify	Recover stopped G5 original compiler diagnostics	2026-10-07T17:05:47.4850698Z       "authority": "research/2026-10-07-dot-g2-accepted-source-preservation-0006z/SOURCE-AND-DEPENDENCY-PINS.json",
verify	Recover stopped G5 original compiler diagnostics	2026-10-07T17:05:47.4850780Z       "imports": [
verify	Recover stopped G5 original compiler diagnostics	2026-10-07T17:05:47.4850897Z         "G2CompleteCalendarAttachment",
verify	Recover stopped G5 original compiler diagnostics	2026-10-07T17:05:47.4851124Z         "G2CompleteAncestralPath"
verify	Recover stopped G5 original compiler diagnostics	2026-10-07T17:05:47.4851202Z       ],
verify	Recover stopped G5 original compiler diagnostics	2026-10-07T17:05:47.4851374Z       "destination": "TimedG2/G2ChronologicalPathReadout.lean"
verify	Recover stopped G5 original compiler diagnostics	2026-10-07T17:05:47.4851456Z     },
verify	Recover stopped G5 original compiler diagnostics	2026-10-07T17:05:47.4851561Z     "G2CalendarDecoration": {
verify	Recover stopped G5 original compiler diagnostics	2026-10-07T17:05:47.4851964Z       "source": "research/2026-10-07-dot-g2-chronological-decoration-integration-0139z/sources/G2CalendarDecoration.lean",
verify	Recover stopped G5 original compiler diagnostics	2026-10-07T17:05:47.4852188Z       "sha256": "9b2458b78813186151e5d5eb2cf7bd9a3a134e39e0de8de6e59cac6d2a6936b6",
verify	Recover stopped G5 original compiler diagnostics	2026-10-07T17:05:47.4852599Z       "authority": "research/2026-10-07-dot-g2-chronological-decoration-integration-0139z/SOURCE-AND-DEPENDENCY-PINS.json",
verify	Recover stopped G5 original compiler diagnostics	2026-10-07T17:05:47.4852684Z       "imports": [
verify	Recover stopped G5 original compiler diagnostics	2026-10-07T17:05:47.4852790Z         "G2DecorationMeasurability",
verify	Recover stopped G5 original compiler diagnostics	2026-10-07T17:05:47.4852898Z         "G2ChronologicalPathReadout"
verify	Recover stopped G5 original compiler diagnostics	2026-10-07T17:05:47.4852975Z       ],
verify	Recover stopped G5 original compiler diagnostics	2026-10-07T17:05:47.4853122Z       "destination": "TimedG2/G2CalendarDecoration.lean"
verify	Recover stopped G5 original compiler diagnostics	2026-10-07T17:05:47.4853203Z     },
verify	Recover stopped G5 original compiler diagnostics	2026-10-07T17:05:47.4853304Z     "G2CompleteDecoration": {
verify	Recover stopped G5 original compiler diagnostics	2026-10-07T17:05:47.4853726Z       "source": "research/2026-10-06-dot-timed-g2-partial-preservation-and-priority-0714z/sources/G2CompleteDecoration.lean",
verify	Recover stopped G5 original compiler diagnostics	2026-10-07T17:05:47.4854066Z       "sha256": "ffc80b41844871b945b78a4d7b5887121ca2b3691ad985d6b8ff29c14d8fe963",
verify	Recover stopped G5 original compiler diagnostics	2026-10-07T17:05:47.4854451Z       "authority": "research/2026-10-07-dot-g2-age-reader-source-preservation-0253z/SOURCE-AND-DEPENDENCY-PINS.json",
verify	Recover stopped G5 original compiler diagnostics	2026-10-07T17:05:47.4854538Z       "imports": [
verify	Recover stopped G5 original compiler diagnostics	2026-10-07T17:05:47.4854639Z         "G2CalendarDecoration"
verify	Recover stopped G5 original compiler diagnostics	2026-10-07T17:05:47.4854720Z       ],
verify	Recover stopped G5 original compiler diagnostics	2026-10-07T17:05:47.4854863Z       "destination": "TimedG2/G2CompleteDecoration.lean"
verify	Recover stopped G5 original compiler diagnostics	2026-10-07T17:05:47.4854942Z     },
verify	Recover stopped G5 original compiler diagnostics	2026-10-07T17:05:47.4855038Z     "G2PairBirthFold": {
verify	Recover stopped G5 original compiler diagnostics	2026-10-07T17:05:47.4855393Z       "source": "research/2026-10-07-dot-g2-age-reader-source-preservation-0253z/sources/G2PairBirthFold.lean",
verify	Recover stopped G5 original compiler diagnostics	2026-10-07T17:05:47.4855606Z       "sha256": "cb0697ca4832343c933b31593553c658e839648968441900a01cc556635512f3",
verify	Recover stopped G5 original compiler diagnostics	2026-10-07T17:05:47.4855984Z       "authority": "research/2026-10-07-dot-g2-age-reader-source-preservation-0253z/SOURCE-AND-DEPENDENCY-PINS.json",
verify	Recover stopped G5 original compiler diagnostics	2026-10-07T17:05:47.4856076Z       "imports": [
verify	Recover stopped G5 original compiler diagnostics	2026-10-07T17:05:47.4856179Z         "G2ActualDecorationFold",
verify	Recover stopped G5 original compiler diagnostics	2026-10-07T17:05:47.4856287Z         "G2SameClockContinuation"
verify	Recover stopped G5 original compiler diagnostics	2026-10-07T17:05:47.4856363Z       ],
verify	Recover stopped G5 original compiler diagnostics	2026-10-07T17:05:47.4856502Z       "destination": "TimedG2/G2PairBirthFold.lean"
verify	Recover stopped G5 original compiler diagnostics	2026-10-07T17:05:47.4856581Z     },
verify	Recover stopped G5 original compiler diagnostics	2026-10-07T17:05:47.4856795Z     "G2ClockBoundaryNull": {
verify	Recover stopped G5 original compiler diagnostics	2026-10-07T17:05:47.4857159Z       "source": "research/2026-10-07-dot-g2-accepted-source-preservation-0006z/sources/G2ClockBoundaryNull.lean",
verify	Recover stopped G5 original compiler diagnostics	2026-10-07T17:05:47.4857379Z       "sha256": "f0ed787fd7f9135024b4f5300120699b358cbea0b6adb9b6124a386448ee1982",
verify	Recover stopped G5 original compiler diagnostics	2026-10-07T17:05:47.4857748Z       "authority": "research/2026-10-07-dot-g2-accepted-source-preservation-0006z/SOURCE-AND-DEPENDENCY-PINS.json",
verify	Recover stopped G5 original compiler diagnostics	2026-10-07T17:05:47.4857831Z       "imports": [
verify	Recover stopped G5 original compiler diagnostics	2026-10-07T17:05:47.4857942Z         "G2LiteralMarkedClockTrace"
verify	Recover stopped G5 original compiler diagnostics	2026-10-07T17:05:47.4858023Z       ],
verify	Recover stopped G5 original compiler diagnostics	2026-10-07T17:05:47.4858171Z       "destination": "TimedG2/G2ClockBoundaryNull.lean"
verify	Recover stopped G5 original compiler diagnostics	2026-10-07T17:05:47.4858255Z     },
verify	Recover stopped G5 original compiler diagnostics	2026-10-07T17:05:47.4858352Z     "G2WholeMatrixAges": {
verify	Recover stopped G5 original compiler diagnostics	2026-10-07T17:05:47.4858666Z       "source": "research/2026-10-07-dot-g2-strict-clock-compatibility-0645z/G2WholeMatrixAges.lean",
verify	Recover stopped G5 original compiler diagnostics	2026-10-07T17:05:47.4858893Z       "sha256": "2c4a38c22a4fb6efa569796749eec7b00c3affd8ee1a57e33144a1bc893026b8",
verify	Recover stopped G5 original compiler diagnostics	2026-10-07T17:05:47.4859230Z       "authority": "research/2026-10-07-dot-g2-strict-clock-compatibility-0645z/PUBLIC-DEPENDENCIES.json",
verify	Recover stopped G5 original compiler diagnostics	2026-10-07T17:05:47.4859318Z       "imports": [
verify	Recover stopped G5 original compiler diagnostics	2026-10-07T17:05:47.4859420Z         "G2CompleteDecoration",
verify	Recover stopped G5 original compiler diagnostics	2026-10-07T17:05:47.4859516Z         "G2PairBirthFold",
verify	Recover stopped G5 original compiler diagnostics	2026-10-07T17:05:47.4859612Z         "G2ClockBoundaryNull"
verify	Recover stopped G5 original compiler diagnostics	2026-10-07T17:05:47.4859690Z       ],
verify	Recover stopped G5 original compiler diagnostics	2026-10-07T17:05:47.4859826Z       "destination": "TimedG2/G2WholeMatrixAges.lean"
verify	Recover stopped G5 original compiler diagnostics	2026-10-07T17:05:47.4860030Z     },
verify	Recover stopped G5 original compiler diagnostics	2026-10-07T17:05:47.4860139Z     "G2ChronologicalDecoration": {
verify	Recover stopped G5 original compiler diagnostics	2026-10-07T17:05:47.4860589Z       "source": "research/2026-10-06-dot-timed-g2-partial-preservation-and-priority-0714z/sources/G2ChronologicalDecoration.lean",
verify	Recover stopped G5 original compiler diagnostics	2026-10-07T17:05:47.4860815Z       "sha256": "5fca3f67c6f7021084b20214c032afb90777fe61134df0105a2a0600c89ae113",
verify	Recover stopped G5 original compiler diagnostics	2026-10-07T17:05:47.4861168Z       "authority": "research/2026-10-07-dot-g2-matrix-and-ancestral-support-0418z/SOURCE-AND-REVIEW-PINS.json",
verify	Recover stopped G5 original compiler diagnostics	2026-10-07T17:05:47.4861253Z       "imports": [
verify	Recover stopped G5 original compiler diagnostics	2026-10-07T17:05:47.4861345Z         "G2WholeMatrixAges"
verify	Recover stopped G5 original compiler diagnostics	2026-10-07T17:05:47.4861424Z       ],
verify	Recover stopped G5 original compiler diagnostics	2026-10-07T17:05:47.4861588Z       "destination": "TimedG2/G2ChronologicalDecoration.lean"
verify	Recover stopped G5 original compiler diagnostics	2026-10-07T17:05:47.4861667Z     },
verify	Recover stopped G5 original compiler diagnostics	2026-10-07T17:05:47.4861776Z     "G2StrictClockDecoration": {
verify	Recover stopped G5 original compiler diagnostics	2026-10-07T17:05:47.4862209Z       "source": "research/2026-10-06-dot-timed-g2-partial-preservation-and-priority-0714z/sources/G2StrictClockDecoration.lean",
verify	Recover stopped G5 original compiler diagnostics	2026-10-07T17:05:47.4862433Z       "sha256": "cac04040f92e143008996ee4761a7e51e1dc0b27b1735f0768eeef97200f2fa8",
verify	Recover stopped G5 original compiler diagnostics	2026-10-07T17:05:47.4862764Z       "authority": "research/2026-10-07-dot-g2-strict-clock-compatibility-0645z/PUBLIC-DEPENDENCIES.json",
verify	Recover stopped G5 original compiler diagnostics	2026-10-07T17:05:47.4862966Z       "imports": [
verify	Recover stopped G5 original compiler diagnostics	2026-10-07T17:05:47.4863074Z         "G2ChronologicalDecoration"
verify	Recover stopped G5 original compiler diagnostics	2026-10-07T17:05:47.4863153Z       ],
verify	Recover stopped G5 original compiler diagnostics	2026-10-07T17:05:47.4863312Z       "destination": "TimedG2/G2StrictClockDecoration.lean"
verify	Recover stopped G5 original compiler diagnostics	2026-10-07T17:05:47.4863388Z     },
verify	Recover stopped G5 original compiler diagnostics	2026-10-07T17:05:47.4863496Z     "G2OriginalProgramSafety": {
verify	Recover stopped G5 original compiler diagnostics	2026-10-07T17:05:47.4863928Z       "source": "research/2026-10-06-dot-timed-g2-partial-preservation-and-priority-0714z/sources/G2OriginalProgramSafety.lean",
verify	Recover stopped G5 original compiler diagnostics	2026-10-07T17:05:47.4864152Z       "sha256": "90299b14c00de553311c139ea68e8154b127fbf75f91e4728efad131b1f8d471",
verify	Recover stopped G5 original compiler diagnostics	2026-10-07T17:05:47.4864492Z       "authority": "research/2026-10-07-dot-g2-calendar-first-age-binding-0745z/PUBLIC-SOURCE-CONTEXT.json",
verify	Recover stopped G5 original compiler diagnostics	2026-10-07T17:05:47.4864578Z       "imports": [
verify	Recover stopped G5 original compiler diagnostics	2026-10-07T17:05:47.4864690Z         "G2StrictClockDecoration"
verify	Recover stopped G5 original compiler diagnostics	2026-10-07T17:05:47.4864766Z       ],
verify	Recover stopped G5 original compiler diagnostics	2026-10-07T17:05:47.4864928Z       "destination": "TimedG2/G2OriginalProgramSafety.lean"
verify	Recover stopped G5 original compiler diagnostics	2026-10-07T17:05:47.4865008Z     },
verify	Recover stopped G5 original compiler diagnostics	2026-10-07T17:05:47.4865120Z     "G2TimedBoundMeasurability": {
verify	Recover stopped G5 original compiler diagnostics	2026-10-07T17:05:47.4865560Z       "source": "research/2026-10-06-dot-timed-g2-partial-preservation-and-priority-0714z/sources/G2TimedBoundMeasurability.lean",
verify	Recover stopped G5 original compiler diagnostics	2026-10-07T17:05:47.4865790Z       "sha256": "b269de25ed1af29edec928382d0452e62d2cd84c5f70c36cde808ea61ec8543f",
verify	Recover stopped G5 original compiler diagnostics	2026-10-07T17:05:47.4866131Z       "authority": "research/2026-10-07-dot-g2-calendar-first-age-binding-0745z/PUBLIC-SOURCE-CONTEXT.json",
verify	Recover stopped G5 original compiler diagnostics	2026-10-07T17:05:47.4866216Z       "imports": [
verify	Recover stopped G5 original compiler diagnostics	2026-10-07T17:05:47.4866320Z         "G2OriginalProgramSafety"
verify	Recover stopped G5 original compiler diagnostics	2026-10-07T17:05:47.4866397Z       ],
verify	Recover stopped G5 original compiler diagnostics	2026-10-07T17:05:47.4866565Z       "destination": "TimedG2/G2TimedBoundMeasurability.lean"
verify	Recover stopped G5 original compiler diagnostics	2026-10-07T17:05:47.4866754Z     },
verify	Recover stopped G5 original compiler diagnostics	2026-10-07T17:05:47.4866871Z     "G2CutResidualSourceMixture": {
verify	Recover stopped G5 original compiler diagnostics	2026-10-07T17:05:47.4867274Z       "source": "research/2026-10-07-dot-g2-accepted-source-preservation-0006z/sources/G2CutResidualSourceMixture.lean",
verify	Recover stopped G5 original compiler diagnostics	2026-10-07T17:05:47.4867492Z       "sha256": "6b13e51479edf4409fa09167f1c83065ed7a4952650c28da5d78192105b6cc0a",
verify	Recover stopped G5 original compiler diagnostics	2026-10-07T17:05:47.4867871Z       "authority": "research/2026-10-07-dot-g2-accepted-source-preservation-0006z/SOURCE-AND-DEPENDENCY-PINS.json",
verify	Recover stopped G5 original compiler diagnostics	2026-10-07T17:05:47.4867954Z       "imports": [
verify	Recover stopped G5 original compiler diagnostics	2026-10-07T17:05:47.4868068Z         "G2HistoryResidualAttachment"
verify	Recover stopped G5 original compiler diagnostics	2026-10-07T17:05:47.4868142Z       ],
verify	Recover stopped G5 original compiler diagnostics	2026-10-07T17:05:47.4868313Z       "destination": "TimedG2/G2CutResidualSourceMixture.lean"
verify	Recover stopped G5 original compiler diagnostics	2026-10-07T17:05:47.4868390Z     },
verify	Recover stopped G5 original compiler diagnostics	2026-10-07T17:05:47.4868554Z     "UnifiedLean.Source.SourceNaturalCompletedLimit": {
verify	Recover stopped G5 original compiler diagnostics	2026-10-07T17:05:47.4869004Z       "source": "research/2026-10-04-dot-verified-lean-825-0203z/package/baseline/UnifiedLean/Source/SourceNaturalCompletedLimit.lean",
verify	Recover stopped G5 original compiler diagnostics	2026-10-07T17:05:47.4869219Z       "sha256": "182b8694bea7594102468caa1009046668198f67fe67f8d67bf89bf1ce4604e5",
verify	Recover stopped G5 original compiler diagnostics	2026-10-07T17:05:47.4869438Z       "authority": "baseline",
verify	Recover stopped G5 original compiler diagnostics	2026-10-07T17:05:47.4869522Z       "imports": [
verify	Recover stopped G5 original compiler diagnostics	2026-10-07T17:05:47.4869696Z         "UnifiedLean.Source.SourceEventualCompletionLimit"
verify	Recover stopped G5 original compiler diagnostics	2026-10-07T17:05:47.4869778Z       ],
verify	Recover stopped G5 original compiler diagnostics	2026-10-07T17:05:47.4869991Z       "destination": "UnifiedLean/Source/SourceNaturalCompletedLimit.lean"
verify	Recover stopped G5 original compiler diagnostics	2026-10-07T17:05:47.4870078Z     },
verify	Recover stopped G5 original compiler diagnostics	2026-10-07T17:05:47.4870241Z     "UnifiedLean.Source.SourceCopyCarrierTransport": {
verify	Recover stopped G5 original compiler diagnostics	2026-10-07T17:05:47.4870686Z       "source": "research/2026-10-04-dot-verified-lean-825-0203z/package/baseline/UnifiedLean/Source/SourceCopyCarrierTransport.lean",
verify	Recover stopped G5 original compiler diagnostics	2026-10-07T17:05:47.4870911Z       "sha256": "09d3d2dcb27d49cb1f85a8e78a5dfc385778a0c885b5a9e42f445246cc3bf966",
verify	Recover stopped G5 original compiler diagnostics	2026-10-07T17:05:47.4871011Z       "authority": "baseline",
verify	Recover stopped G5 original compiler diagnostics	2026-10-07T17:05:47.4871096Z       "imports": [
verify	Recover stopped G5 original compiler diagnostics	2026-10-07T17:05:47.4871257Z         "UnifiedLean.Source.SourceNaturalCompletedLimit"
verify	Recover stopped G5 original compiler diagnostics	2026-10-07T17:05:47.4871334Z       ],
verify	Recover stopped G5 original compiler diagnostics	2026-10-07T17:05:47.4871544Z       "destination": "UnifiedLean/Source/SourceCopyCarrierTransport.lean"
verify	Recover stopped G5 original compiler diagnostics	2026-10-07T17:05:47.4871622Z     },
verify	Recover stopped G5 original compiler diagnostics	2026-10-07T17:05:47.4871785Z     "UnifiedLean.Source.SourceSmallCarrierGenerator": {
verify	Recover stopped G5 original compiler diagnostics	2026-10-07T17:05:47.4872338Z       "source": "research/2026-10-04-dot-verified-lean-825-0203z/package/baseline/UnifiedLean/Source/SourceSmallCarrierGenerator.lean",
verify	Recover stopped G5 original compiler diagnostics	2026-10-07T17:05:47.4872557Z       "sha256": "b85c1308c6206d377aca54b2073088e39250b57abac7df8c628f100189546106",
verify	Recover stopped G5 original compiler diagnostics	2026-10-07T17:05:47.4872652Z       "authority": "baseline",
verify	Recover stopped G5 original compiler diagnostics	2026-10-07T17:05:47.4872737Z       "imports": [
verify	Recover stopped G5 original compiler diagnostics	2026-10-07T17:05:47.4872892Z         "UnifiedLean.Source.SourceCopyCarrierTransport"
verify	Recover stopped G5 original compiler diagnostics	2026-10-07T17:05:47.4872971Z       ],
verify	Recover stopped G5 original compiler diagnostics	2026-10-07T17:05:47.4873178Z       "destination": "UnifiedLean/Source/SourceSmallCarrierGenerator.lean"
verify	Recover stopped G5 original compiler diagnostics	2026-10-07T17:05:47.4873255Z     },
verify	Recover stopped G5 original compiler diagnostics	2026-10-07T17:05:47.4873407Z     "UnifiedLean.Source.SourceCrossCarrierEpoch": {
verify	Recover stopped G5 original compiler diagnostics	2026-10-07T17:05:47.4873827Z       "source": "research/2026-10-04-dot-verified-lean-825-0203z/package/baseline/UnifiedLean/Source/SourceCrossCarrierEpoch.lean",
verify	Recover stopped G5 original compiler diagnostics	2026-10-07T17:05:47.4874055Z       "sha256": "d62727cc73f62775f43c83cb882602fcb55e2757123b0ba126d6feffe497d725",
verify	Recover stopped G5 original compiler diagnostics	2026-10-07T17:05:47.4874154Z       "authority": "baseline",
verify	Recover stopped G5 original compiler diagnostics	2026-10-07T17:05:47.4874238Z       "imports": [
verify	Recover stopped G5 original compiler diagnostics	2026-10-07T17:05:47.4874397Z         "UnifiedLean.Source.SourceSmallCarrierGenerator"
verify	Recover stopped G5 original compiler diagnostics	2026-10-07T17:05:47.4874479Z       ],
verify	Recover stopped G5 original compiler diagnostics	2026-10-07T17:05:47.4874680Z       "destination": "UnifiedLean/Source/SourceCrossCarrierEpoch.lean"
verify	Recover stopped G5 original compiler diagnostics	2026-10-07T17:05:47.4874754Z     },
verify	Recover stopped G5 original compiler diagnostics	2026-10-07T17:05:47.4874907Z     "UnifiedLean.Source.SourceSmallCarrierPulse": {
verify	Recover stopped G5 original compiler diagnostics	2026-10-07T17:05:47.4875322Z       "source": "research/2026-10-04-dot-verified-lean-825-0203z/package/baseline/UnifiedLean/Source/SourceSmallCarrierPulse.lean",
verify	Recover stopped G5 original compiler diagnostics	2026-10-07T17:05:47.4875550Z       "sha256": "e33e4751b9b8d665aaf18074f4d3430f0f13d7b5e67a90ec96ec229a14fb7f20",
verify	Recover stopped G5 original compiler diagnostics	2026-10-07T17:05:47.4875644Z       "authority": "baseline",
verify	Recover stopped G5 original compiler diagnostics	2026-10-07T17:05:47.4875730Z       "imports": [
verify	Recover stopped G5 original compiler diagnostics	2026-10-07T17:05:47.4875886Z         "UnifiedLean.Source.SourceCrossCarrierEpoch"
verify	Recover stopped G5 original compiler diagnostics	2026-10-07T17:05:47.4875964Z       ],
verify	Recover stopped G5 original compiler diagnostics	2026-10-07T17:05:47.4876161Z       "destination": "UnifiedLean/Source/SourceSmallCarrierPulse.lean"
verify	Recover stopped G5 original compiler diagnostics	2026-10-07T17:05:47.4876238Z     },
verify	Recover stopped G5 original compiler diagnostics	2026-10-07T17:05:47.4876402Z     "UnifiedLean.Source.SourceCrossCarrierBoundary": {
verify	Recover stopped G5 original compiler diagnostics	2026-10-07T17:05:47.4876949Z       "source": "research/2026-10-04-dot-verified-lean-825-0203z/package/baseline/UnifiedLean/Source/SourceCrossCarrierBoundary.lean",
verify	Recover stopped G5 original compiler diagnostics	2026-10-07T17:05:47.4877177Z       "sha256": "c3d453eb58dcf0a21f06acc4513428cb9d6ff31093a73e9a284b992531514308",
verify	Recover stopped G5 original compiler diagnostics	2026-10-07T17:05:47.4877276Z       "authority": "baseline",
verify	Recover stopped G5 original compiler diagnostics	2026-10-07T17:05:47.4877358Z       "imports": [
verify	Recover stopped G5 original compiler diagnostics	2026-10-07T17:05:47.4877504Z         "UnifiedLean.Source.SourceSmallCarrierPulse"
verify	Recover stopped G5 original compiler diagnostics	2026-10-07T17:05:47.4877581Z       ],
verify	Recover stopped G5 original compiler diagnostics	2026-10-07T17:05:47.4877784Z       "destination": "UnifiedLean/Source/SourceCrossCarrierBoundary.lean"
verify	Recover stopped G5 original compiler diagnostics	2026-10-07T17:05:47.4877858Z     },
verify	Recover stopped G5 original compiler diagnostics	2026-10-07T17:05:47.4878020Z     "UnifiedLean.Source.SourceCrossCarrierProgram": {
verify	Recover stopped G5 original compiler diagnostics	2026-10-07T17:05:47.4878572Z       "source": "research/2026-10-04-dot-verified-lean-825-0203z/package/baseline/UnifiedLean/Source/SourceCrossCarrierProgram.lean",
verify	Recover stopped G5 original compiler diagnostics	2026-10-07T17:05:47.4878802Z       "sha256": "bc26f80643ff737bd3a4dcda630631584b0166b2905b3cb48fd876c08fe5489a",
verify	Recover stopped G5 original compiler diagnostics	2026-10-07T17:05:47.4878900Z       "authority": "baseline",
verify	Recover stopped G5 original compiler diagnostics	2026-10-07T17:05:47.4878982Z       "imports": [
verify	Recover stopped G5 original compiler diagnostics	2026-10-07T17:05:47.4879142Z         "UnifiedLean.Source.SourceCrossCarrierBoundary"
verify	Recover stopped G5 original compiler diagnostics	2026-10-07T17:05:47.4879218Z       ],
verify	Recover stopped G5 original compiler diagnostics	2026-10-07T17:05:47.4879422Z       "destination": "UnifiedLean/Source/SourceCrossCarrierProgram.lean"
verify	Recover stopped G5 original compiler diagnostics	2026-10-07T17:05:47.4879498Z     },
verify	Recover stopped G5 original compiler diagnostics	2026-10-07T17:05:47.4879600Z     "G2SourceFiniteHistory": {
verify	Recover stopped G5 original compiler diagnostics	2026-10-07T17:05:47.4879963Z       "source": "research/2026-10-06-dot-g2-source-finite-history-checkpoint-2141z/G2SourceFiniteHistory.lean",
verify	Recover stopped G5 original compiler diagnostics	2026-10-07T17:05:47.4880178Z       "sha256": "1992444990057008ee1449cda6c3a01a9b7c25b9070c749c0bc9c2504db45ee5",
verify	Recover stopped G5 original compiler diagnostics	2026-10-07T17:05:47.4880556Z       "authority": "research/2026-10-07-dot-g2-accepted-source-preservation-0006z/SOURCE-AND-DEPENDENCY-PINS.json",
verify	Recover stopped G5 original compiler diagnostics	2026-10-07T17:05:47.4880669Z       "imports": [
verify	Recover stopped G5 original compiler diagnostics	2026-10-07T17:05:47.4880824Z         "UnifiedLean.Source.SourceCrossCarrierProgram"
verify	Recover stopped G5 original compiler diagnostics	2026-10-07T17:05:47.4881018Z       ],
verify	Recover stopped G5 original compiler diagnostics	2026-10-07T17:05:47.4881168Z       "destination": "TimedG2/G2SourceFiniteHistory.lean"
verify	Recover stopped G5 original compiler diagnostics	2026-10-07T17:05:47.4881246Z     },
verify	Recover stopped G5 original compiler diagnostics	2026-10-07T17:05:47.4881354Z     "G2ActualEpochHistoryLaw": {
verify	Recover stopped G5 original compiler diagnostics	2026-10-07T17:05:47.4881739Z       "source": "research/2026-10-07-dot-g2-accepted-source-preservation-0006z/sources/G2ActualEpochHistoryLaw.lean",
verify	Recover stopped G5 original compiler diagnostics	2026-10-07T17:05:47.4881956Z       "sha256": "e106b912721336831c3392d3cf5414cf20b43765b73c5c6cc31b83dec7d69be2",
verify	Recover stopped G5 original compiler diagnostics	2026-10-07T17:05:47.4882329Z       "authority": "research/2026-10-07-dot-g2-accepted-source-preservation-0006z/SOURCE-AND-DEPENDENCY-PINS.json",
verify	Recover stopped G5 original compiler diagnostics	2026-10-07T17:05:47.4882417Z       "imports": [
verify	Recover stopped G5 original compiler diagnostics	2026-10-07T17:05:47.4882529Z         "G2CutResidualSourceMixture",
verify	Recover stopped G5 original compiler diagnostics	2026-10-07T17:05:47.4882642Z         "G2CompleteAncestralPath",
verify	Recover stopped G5 original compiler diagnostics	2026-10-07T17:05:47.4882741Z         "G2SourceFiniteHistory"
verify	Recover stopped G5 original compiler diagnostics	2026-10-07T17:05:47.4882819Z       ],
verify	Recover stopped G5 original compiler diagnostics	2026-10-07T17:05:47.4882976Z       "destination": "TimedG2/G2ActualEpochHistoryLaw.lean"
verify	Recover stopped G5 original compiler diagnostics	2026-10-07T17:05:47.4883057Z     },
verify	Recover stopped G5 original compiler diagnostics	2026-10-07T17:05:47.4883158Z     "G2EpochPathProjection": {
verify	Recover stopped G5 original compiler diagnostics	2026-10-07T17:05:47.4883524Z       "source": "research/2026-10-07-dot-g2-accepted-source-preservation-0006z/sources/G2EpochPathProjection.lean",
verify	Recover stopped G5 original compiler diagnostics	2026-10-07T17:05:47.4883749Z       "sha256": "04abbc6e6efdde07f651a706092014b14c542b7386037d3715cecbf61b1d21e8",
verify	Recover stopped G5 original compiler diagnostics	2026-10-07T17:05:47.4884116Z       "authority": "research/2026-10-07-dot-g2-accepted-source-preservation-0006z/SOURCE-AND-DEPENDENCY-PINS.json",
verify	Recover stopped G5 original compiler diagnostics	2026-10-07T17:05:47.4884201Z       "imports": [
verify	Recover stopped G5 original compiler diagnostics	2026-10-07T17:05:47.4884305Z         "G2ActualEpochHistoryLaw",
verify	Recover stopped G5 original compiler diagnostics	2026-10-07T17:05:47.4884409Z         "G2SourceFiniteHistory",
verify	Recover stopped G5 original compiler diagnostics	2026-10-07T17:05:47.4884514Z         "G2CompleteAncestralPath",
verify	Recover stopped G5 original compiler diagnostics	2026-10-07T17:05:47.4884687Z         "Mathlib.MeasureTheory.Constructions.Projective",
verify	Recover stopped G5 original compiler diagnostics	2026-10-07T17:05:47.4884795Z         "Mathlib.Data.Finset.Max"
verify	Recover stopped G5 original compiler diagnostics	2026-10-07T17:05:47.4884871Z       ],
verify	Recover stopped G5 original compiler diagnostics	2026-10-07T17:05:47.4885023Z       "destination": "TimedG2/G2EpochPathProjection.lean"
verify	Recover stopped G5 original compiler diagnostics	2026-10-07T17:05:47.4885104Z     },
verify	Recover stopped G5 original compiler diagnostics	2026-10-07T17:05:47.4885213Z     "G2ActualSegmentPathLaw": {
verify	Recover stopped G5 original compiler diagnostics	2026-10-07T17:05:47.4885590Z       "source": "research/2026-10-07-dot-g2-accepted-source-preservation-0006z/sources/G2ActualSegmentPathLaw.lean",
verify	Recover stopped G5 original compiler diagnostics	2026-10-07T17:05:47.4885818Z       "sha256": "9581cf8c75982bbfd3a47f300a97a865c1fe140efd946ffce464fe25344e60ca",
verify	Recover stopped G5 original compiler diagnostics	2026-10-07T17:05:47.4886186Z       "authority": "research/2026-10-07-dot-g2-accepted-source-preservation-0006z/SOURCE-AND-DEPENDENCY-PINS.json",
verify	Recover stopped G5 original compiler diagnostics	2026-10-07T17:05:47.4886269Z       "imports": [
verify	Recover stopped G5 original compiler diagnostics	2026-10-07T17:05:47.4886384Z         "G2ChronologicalPathReadout",
verify	Recover stopped G5 original compiler diagnostics	2026-10-07T17:05:47.4886484Z         "G2EpochPathProjection"
verify	Recover stopped G5 original compiler diagnostics	2026-10-07T17:05:47.4886563Z       ],
verify	Recover stopped G5 original compiler diagnostics	2026-10-07T17:05:47.4886836Z       "destination": "TimedG2/G2ActualSegmentPathLaw.lean"
verify	Recover stopped G5 original compiler diagnostics	2026-10-07T17:05:47.4887037Z     },
verify	Recover stopped G5 original compiler diagnostics	2026-10-07T17:05:47.4887144Z     "G2FiniteFibreTransport": {
verify	Recover stopped G5 original compiler diagnostics	2026-10-07T17:05:47.4887517Z       "source": "research/2026-10-07-dot-g2-accepted-source-preservation-0006z/sources/G2FiniteFibreTransport.lean",
verify	Recover stopped G5 original compiler diagnostics	2026-10-07T17:05:47.4887752Z       "sha256": "fc8b772af83a6140bff8dbc6253b50820e5c6bbf7ce0262d2211919f039b16ea",
verify	Recover stopped G5 original compiler diagnostics	2026-10-07T17:05:47.4888117Z       "authority": "research/2026-10-07-dot-g2-accepted-source-preservation-0006z/SOURCE-AND-DEPENDENCY-PINS.json",
verify	Recover stopped G5 original compiler diagnostics	2026-10-07T17:05:47.4888204Z       "imports": [
verify	Recover stopped G5 original compiler diagnostics	2026-10-07T17:05:47.4888336Z         "Mathlib.MeasureTheory.Measure.Prod",
verify	Recover stopped G5 original compiler diagnostics	2026-10-07T17:05:47.4888474Z         "Mathlib.MeasureTheory.Measure.Restrict"
verify	Recover stopped G5 original compiler diagnostics	2026-10-07T17:05:47.4888553Z       ],
verify	Recover stopped G5 original compiler diagnostics	2026-10-07T17:05:47.4888704Z       "destination": "TimedG2/G2FiniteFibreTransport.lean"
verify	Recover stopped G5 original compiler diagnostics	2026-10-07T17:05:47.4888779Z     },
verify	Recover stopped G5 original compiler diagnostics	2026-10-07T17:05:47.4888884Z     "G2CalendarHistoryBinding": {
verify	Recover stopped G5 original compiler diagnostics	2026-10-07T17:05:47.4889266Z       "source": "research/2026-10-07-dot-g2-accepted-source-preservation-0006z/sources/G2CalendarHistoryBinding.lean",
verify	Recover stopped G5 original compiler diagnostics	2026-10-07T17:05:47.4889487Z       "sha256": "8827842d77dc5749d6db4114ef24d34cf85779a545628879a6ba6eaf3681b796",
verify	Recover stopped G5 original compiler diagnostics	2026-10-07T17:05:47.4889854Z       "authority": "research/2026-10-07-dot-g2-accepted-source-preservation-0006z/SOURCE-AND-DEPENDENCY-PINS.json",
verify	Recover stopped G5 original compiler diagnostics	2026-10-07T17:05:47.4890051Z       "imports": [
verify	Recover stopped G5 original compiler diagnostics	2026-10-07T17:05:47.4890153Z         "G2ActualCalendarTrace",
verify	Recover stopped G5 original compiler diagnostics	2026-10-07T17:05:47.4890254Z         "G2SourceFiniteHistory"
verify	Recover stopped G5 original compiler diagnostics	2026-10-07T17:05:47.4890330Z       ],
verify	Recover stopped G5 original compiler diagnostics	2026-10-07T17:05:47.4890491Z       "destination": "TimedG2/G2CalendarHistoryBinding.lean"
verify	Recover stopped G5 original compiler diagnostics	2026-10-07T17:05:47.4890569Z     },
verify	Recover stopped G5 original compiler diagnostics	2026-10-07T17:05:47.4890679Z     "G2CalendarPathProjection": {
verify	Recover stopped G5 original compiler diagnostics	2026-10-07T17:05:47.4891075Z       "source": "research/2026-10-07-dot-g2-calendar-tail-source-successor-0058z/sources/G2CalendarPathProjection.lean",
verify	Recover stopped G5 original compiler diagnostics	2026-10-07T17:05:47.4891311Z       "sha256": "af8a56136b53dafdb99b77de1f3e5ecdd5a5a6e7a70b39657650f9a364bd52c6",
verify	Recover stopped G5 original compiler diagnostics	2026-10-07T17:05:47.4891692Z       "authority": "research/2026-10-07-dot-g2-calendar-tail-source-successor-0058z/SOURCE-AND-DEPENDENCY-PINS.json",
verify	Recover stopped G5 original compiler diagnostics	2026-10-07T17:05:47.4891778Z       "imports": [
verify	Recover stopped G5 original compiler diagnostics	2026-10-07T17:05:47.4891883Z         "G2ActualSegmentPathLaw",
verify	Recover stopped G5 original compiler diagnostics	2026-10-07T17:05:47.4891986Z         "G2FiniteFibreTransport",
verify	Recover stopped G5 original compiler diagnostics	2026-10-07T17:05:47.4892090Z         "G2CalendarHistoryBinding"
verify	Recover stopped G5 original compiler diagnostics	2026-10-07T17:05:47.4892167Z       ],
verify	Recover stopped G5 original compiler diagnostics	2026-10-07T17:05:47.4892446Z       "destination": "TimedG2/G2CalendarPathProjection.lean"
verify	Recover stopped G5 original compiler diagnostics	2026-10-07T17:05:47.4892527Z     },
verify	Recover stopped G5 original compiler diagnostics	2026-10-07T17:05:47.4892636Z     "G2CompletedCalendarPathLaw": {
verify	Recover stopped G5 original compiler diagnostics	2026-10-07T17:05:47.4893038Z       "source": "research/2026-10-07-dot-g2-calendar-tail-source-successor-0058z/sources/G2CompletedCalendarPathLaw.lean",
verify	Recover stopped G5 original compiler diagnostics	2026-10-07T17:05:47.4893254Z       "sha256": "684487a6e3816a13a3b03b40550873fbfa7e3c920b1854e41f9951b17aba2a30",
verify	Recover stopped G5 original compiler diagnostics	2026-10-07T17:05:47.4893635Z       "authority": "research/2026-10-07-dot-g2-calendar-tail-source-successor-0058z/SOURCE-AND-DEPENDENCY-PINS.json",
verify	Recover stopped G5 original compiler diagnostics	2026-10-07T17:05:47.4893722Z       "imports": [
verify	Recover stopped G5 original compiler diagnostics	2026-10-07T17:05:47.4893830Z         "G2CalendarPathProjection"
verify	Recover stopped G5 original compiler diagnostics	2026-10-07T17:05:47.4893909Z       ],
verify	Recover stopped G5 original compiler diagnostics	2026-10-07T17:05:47.4894077Z       "destination": "TimedG2/G2CompletedCalendarPathLaw.lean"
verify	Recover stopped G5 original compiler diagnostics	2026-10-07T17:05:47.4894157Z     },
verify	Recover stopped G5 original compiler diagnostics	2026-10-07T17:05:47.4894261Z     "G2ChronologicalGluing": {
verify	Recover stopped G5 original compiler diagnostics	2026-10-07T17:05:47.4894634Z       "source": "research/2026-10-07-dot-g2-calendar-tail-source-successor-0058z/sources/G2ChronologicalGluing.lean",
verify	Recover stopped G5 original compiler diagnostics	2026-10-07T17:05:47.4894856Z       "sha256": "ca1b9f05a5f87556eb9a9dca93d160409a735d934d17d7c04e3ad0324520bfff",
verify	Recover stopped G5 original compiler diagnostics	2026-10-07T17:05:47.4895235Z       "authority": "research/2026-10-07-dot-g2-calendar-tail-source-successor-0058z/SOURCE-AND-DEPENDENCY-PINS.json",
verify	Recover stopped G5 original compiler diagnostics	2026-10-07T17:05:47.4895320Z       "imports": [
verify	Recover stopped G5 original compiler diagnostics	2026-10-07T17:05:47.4895422Z         "G2CalendarPathProjection"
verify	Recover stopped G5 original compiler diagnostics	2026-10-07T17:05:47.4895500Z       ],
verify	Recover stopped G5 original compiler diagnostics	2026-10-07T17:05:47.4895647Z       "destination": "TimedG2/G2ChronologicalGluing.lean"
verify	Recover stopped G5 original compiler diagnostics	2026-10-07T17:05:47.4895726Z     },
verify	Recover stopped G5 original compiler diagnostics	2026-10-07T17:05:47.4895840Z     "G2ActualChronologicalPathLaw": {
verify	Recover stopped G5 original compiler diagnostics	2026-10-07T17:05:47.4896376Z       "source": "research/2026-10-07-dot-g2-chronological-decoration-integration-0139z/sources/G2ActualChronologicalPathLaw.lean",
verify	Recover stopped G5 original compiler diagnostics	2026-10-07T17:05:47.4896735Z       "sha256": "a4a018b7eb33f2cb0bd12e70b0c16d0664c8de26a4d87c0eab046d2bf47d6a18",
verify	Recover stopped G5 original compiler diagnostics	2026-10-07T17:05:47.4897155Z       "authority": "research/2026-10-07-dot-g2-chronological-decoration-integration-0139z/SOURCE-AND-DEPENDENCY-PINS.json",
verify	Recover stopped G5 original compiler diagnostics	2026-10-07T17:05:47.4897243Z       "imports": [
verify	Recover stopped G5 original compiler diagnostics	2026-10-07T17:05:47.4897352Z         "G2CompletedCalendarPathLaw",
verify	Recover stopped G5 original compiler diagnostics	2026-10-07T17:05:47.4897453Z         "G2ChronologicalGluing"
verify	Recover stopped G5 original compiler diagnostics	2026-10-07T17:05:47.4897533Z       ],
verify	Recover stopped G5 original compiler diagnostics	2026-10-07T17:05:47.4897709Z       "destination": "TimedG2/G2ActualChronologicalPathLaw.lean"
verify	Recover stopped G5 original compiler diagnostics	2026-10-07T17:05:47.4897789Z     },
verify	Recover stopped G5 original compiler diagnostics	2026-10-07T17:05:47.4897890Z     "G2EventualPathReadout": {
verify	Recover stopped G5 original compiler diagnostics	2026-10-07T17:05:47.4898269Z       "source": "research/2026-10-07-dot-g2-age-reader-source-preservation-0253z/sources/G2EventualPathReadout.lean",
verify	Recover stopped G5 original compiler diagnostics	2026-10-07T17:05:47.4898485Z       "sha256": "14e0ef3bb6ff1c45875092e6a474063178fe78977f24c0dfdb055887693690eb",
verify	Recover stopped G5 original compiler diagnostics	2026-10-07T17:05:47.4898867Z       "authority": "research/2026-10-07-dot-g2-age-reader-source-preservation-0253z/SOURCE-AND-DEPENDENCY-PINS.json",
verify	Recover stopped G5 original compiler diagnostics	2026-10-07T17:05:47.4899081Z       "imports": [
verify	Recover stopped G5 original compiler diagnostics	2026-10-07T17:05:47.4899178Z         "G2CompleteDecoration",
verify	Recover stopped G5 original compiler diagnostics	2026-10-07T17:05:47.4899294Z         "G2ActualChronologicalPathLaw"
verify	Recover stopped G5 original compiler diagnostics	2026-10-07T17:05:47.4899371Z       ],
verify	Recover stopped G5 original compiler diagnostics	2026-10-07T17:05:47.4899522Z       "destination": "TimedG2/G2EventualPathReadout.lean"
verify	Recover stopped G5 original compiler diagnostics	2026-10-07T17:05:47.4899596Z     },
verify	Recover stopped G5 original compiler diagnostics	2026-10-07T17:05:47.4899710Z     "G2ActualPairCoalescence": {
verify	Recover stopped G5 original compiler diagnostics	2026-10-07T17:05:47.4900143Z       "source": "research/2026-10-06-dot-timed-g2-partial-preservation-and-priority-0714z/sources/G2ActualPairCoalescence.lean",
verify	Recover stopped G5 original compiler diagnostics	2026-10-07T17:05:47.4900378Z       "sha256": "991ce81e7de2a9012bdb9aa311cb3fbc8cfcbda39843af725c0fdd09617d261d",
verify	Recover stopped G5 original compiler diagnostics	2026-10-07T17:05:47.4900760Z       "authority": "research/2026-10-07-dot-g2-age-reader-source-preservation-0253z/SOURCE-AND-DEPENDENCY-PINS.json",
verify	Recover stopped G5 original compiler diagnostics	2026-10-07T17:05:47.4900845Z       "imports": [
verify	Recover stopped G5 original compiler diagnostics	2026-10-07T17:05:47.4900950Z         "G2EventualPathReadout"
verify	Recover stopped G5 original compiler diagnostics	2026-10-07T17:05:47.4901026Z       ],
verify	Recover stopped G5 original compiler diagnostics	2026-10-07T17:05:47.4901183Z       "destination": "TimedG2/G2ActualPairCoalescence.lean"
verify	Recover stopped G5 original compiler diagnostics	2026-10-07T17:05:47.4901261Z     },
verify	Recover stopped G5 original compiler diagnostics	2026-10-07T17:05:47.4901366Z     "G2CalendarPairSupport": {
verify	Recover stopped G5 original compiler diagnostics	2026-10-07T17:05:47.4901708Z       "source": "research/2026-10-07-dot-g2-actual-calendar-pair-support-0456z/G2CalendarPairSupport.lean",
verify	Recover stopped G5 original compiler diagnostics	2026-10-07T17:05:47.4901932Z       "sha256": "2cc04aae4479af39fa315e50d959963db84959ae11b21f40cf7608dcfd516b1c",
verify	Recover stopped G5 original compiler diagnostics	2026-10-07T17:05:47.4902294Z       "authority": "research/2026-10-07-dot-g2-actual-age-support-certificate-0723z/PUBLIC-SOURCE-CONTEXT.json",
verify	Recover stopped G5 original compiler diagnostics	2026-10-07T17:05:47.4902376Z       "imports": [
verify	Recover stopped G5 original compiler diagnostics	2026-10-07T17:05:47.4902475Z         "G2WholeMatrixAges",
verify	Recover stopped G5 original compiler diagnostics	2026-10-07T17:05:47.4902578Z         "G2ActualPairCoalescence"
verify	Recover stopped G5 original compiler diagnostics	2026-10-07T17:05:47.4902656Z       ],
verify	Recover stopped G5 original compiler diagnostics	2026-10-07T17:05:47.4902806Z       "destination": "TimedG2/G2CalendarPairSupport.lean"
verify	Recover stopped G5 original compiler diagnostics	2026-10-07T17:05:47.4902886Z     },
verify	Recover stopped G5 original compiler diagnostics	2026-10-07T17:05:47.4902990Z     "G2RationalAgeReadout": {
verify	Recover stopped G5 original compiler diagnostics	2026-10-07T17:05:47.4903360Z       "source": "research/2026-10-07-dot-g2-age-reader-source-preservation-0253z/sources/G2RationalAgeReadout.lean",
verify	Recover stopped G5 original compiler diagnostics	2026-10-07T17:05:47.4903588Z       "sha256": "64c47ce766266fabb405fa51a223f16ed45b80d13c2f6dd31604fd8387a5e274",
verify	Recover stopped G5 original compiler diagnostics	2026-10-07T17:05:47.4903963Z       "authority": "research/2026-10-07-dot-g2-age-reader-source-preservation-0253z/SOURCE-AND-DEPENDENCY-PINS.json",
verify	Recover stopped G5 original compiler diagnostics	2026-10-07T17:05:47.4904052Z       "imports": [
verify	Recover stopped G5 original compiler diagnostics	2026-10-07T17:05:47.4904237Z         "Mathlib.MeasureTheory.Constructions.BorelSpace.Real",
verify	Recover stopped G5 original compiler diagnostics	2026-10-07T17:05:47.4904380Z         "Mathlib.MeasureTheory.MeasurableSpace.Pi"
verify	Recover stopped G5 original compiler diagnostics	2026-10-07T17:05:47.4904458Z       ],
verify	Recover stopped G5 original compiler diagnostics	2026-10-07T17:05:47.4904604Z       "destination": "TimedG2/G2RationalAgeReadout.lean"
verify	Recover stopped G5 original compiler diagnostics	2026-10-07T17:05:47.4904681Z     },
verify	Recover stopped G5 original compiler diagnostics	2026-10-07T17:05:47.4904781Z     "G2PairBirthThreshold": {
verify	Recover stopped G5 original compiler diagnostics	2026-10-07T17:05:47.4905150Z       "source": "research/2026-10-07-dot-g2-age-reader-source-preservation-0253z/sources/G2PairBirthThreshold.lean",
verify	Recover stopped G5 original compiler diagnostics	2026-10-07T17:05:47.4905492Z       "sha256": "303f43bb7b14c324d27c9cff82c7173cf08b9e97d98517d58e4dab2713bc7ca0",
verify	Recover stopped G5 original compiler diagnostics	2026-10-07T17:05:47.4905868Z       "authority": "research/2026-10-07-dot-g2-age-reader-source-preservation-0253z/SOURCE-AND-DEPENDENCY-PINS.json",
verify	Recover stopped G5 original compiler diagnostics	2026-10-07T17:05:47.4905959Z       "imports": [
verify	Recover stopped G5 original compiler diagnostics	2026-10-07T17:05:47.4906052Z         "G2PairBirthFold",
verify	Recover stopped G5 original compiler diagnostics	2026-10-07T17:05:47.4906155Z         "G2EpochHistoryReadout",
verify	Recover stopped G5 original compiler diagnostics	2026-10-07T17:05:47.4906250Z         "G2RationalAgeReadout",
verify	Recover stopped G5 original compiler diagnostics	2026-10-07T17:05:47.4906357Z         "Mathlib.Data.List.OfFn"
verify	Recover stopped G5 original compiler diagnostics	2026-10-07T17:05:47.4906435Z       ],
verify	Recover stopped G5 original compiler diagnostics	2026-10-07T17:05:47.4906580Z       "destination": "TimedG2/G2PairBirthThreshold.lean"
verify	Recover stopped G5 original compiler diagnostics	2026-10-07T17:05:47.4906780Z     },
verify	Recover stopped G5 original compiler diagnostics	2026-10-07T17:05:47.4906887Z     "G2AncestralPairSupport": {
verify	Recover stopped G5 original compiler diagnostics	2026-10-07T17:05:47.4907264Z       "source": "research/2026-10-07-dot-g2-matrix-and-ancestral-support-0418z/sources/G2AncestralPairSupport.lean",
verify	Recover stopped G5 original compiler diagnostics	2026-10-07T17:05:47.4907491Z       "sha256": "964b830ccc15e18b02cc3c3d7c5e4d1f98d9c4d532cd59fb2a486289dabd0ef8",
verify	Recover stopped G5 original compiler diagnostics	2026-10-07T17:05:47.4907853Z       "authority": "research/2026-10-07-dot-g2-matrix-and-ancestral-support-0418z/SOURCE-AND-REVIEW-PINS.json",
verify	Recover stopped G5 original compiler diagnostics	2026-10-07T17:05:47.4908059Z       "imports": [
verify	Recover stopped G5 original compiler diagnostics	2026-10-07T17:05:47.4908174Z         "G2CompleteCalendarAttachment",
verify	Recover stopped G5 original compiler diagnostics	2026-10-07T17:05:47.4908269Z         "G2PairBirthFold"
verify	Recover stopped G5 original compiler diagnostics	2026-10-07T17:05:47.4908348Z       ],
verify	Recover stopped G5 original compiler diagnostics	2026-10-07T17:05:47.4908507Z       "destination": "TimedG2/G2AncestralPairSupport.lean"
verify	Recover stopped G5 original compiler diagnostics	2026-10-07T17:05:47.4908583Z     },
verify	Recover stopped G5 original compiler diagnostics	2026-10-07T17:05:47.4908693Z     "G2AncestralAgeCertificate": {
verify	Recover stopped G5 original compiler diagnostics	2026-10-07T17:05:47.4909060Z       "source": "research/2026-10-07-dot-g2-actual-age-support-certificate-0723z/G2AncestralAgeCertificate.lean",
verify	Recover stopped G5 original compiler diagnostics	2026-10-07T17:05:47.4909291Z       "sha256": "af6fcaa8a27194d676b676a4c1fc4135dd783353d8aa8e9dc42f3d2a545ecade",
verify	Recover stopped G5 original compiler diagnostics	2026-10-07T17:05:47.4909647Z       "authority": "research/2026-10-07-dot-g2-actual-age-support-certificate-0723z/PUBLIC-SOURCE-CONTEXT.json",
verify	Recover stopped G5 original compiler diagnostics	2026-10-07T17:05:47.4909736Z       "imports": [
verify	Recover stopped G5 original compiler diagnostics	2026-10-07T17:05:47.4913437Z         "G2CalendarPairSupport",
verify	Recover stopped G5 original compiler diagnostics	2026-10-07T17:05:47.4913585Z         "G2PairBirthThreshold",
verify	Recover stopped G5 original compiler diagnostics	2026-10-07T17:05:47.4913697Z         "G2AncestralPairSupport"
verify	Recover stopped G5 original compiler diagnostics	2026-10-07T17:05:47.4913783Z       ],
verify	Recover stopped G5 original compiler diagnostics	2026-10-07T17:05:47.4913967Z       "destination": "TimedG2/G2AncestralAgeCertificate.lean"
verify	Recover stopped G5 original compiler diagnostics	2026-10-07T17:05:47.4914045Z     },
verify	Recover stopped G5 original compiler diagnostics	2026-10-07T17:05:47.4914180Z     "G2ChronologicalTraceCompatibility": {
verify	Recover stopped G5 original compiler diagnostics	2026-10-07T17:05:47.4914640Z       "source": "research/2026-10-07-dot-g2-age-reader-source-preservation-0253z/sources/G2ChronologicalTraceCompatibility.lean",
verify	Recover stopped G5 original compiler diagnostics	2026-10-07T17:05:47.4914884Z       "sha256": "47ac354705e6df0bbbb081852abcd48e584514a473a91a129fa6d8a9dcd3a93b",
verify	Recover stopped G5 original compiler diagnostics	2026-10-07T17:05:47.4915284Z       "authority": "research/2026-10-07-dot-g2-age-reader-source-preservation-0253z/SOURCE-AND-DEPENDENCY-PINS.json",
verify	Recover stopped G5 original compiler diagnostics	2026-10-07T17:05:47.4915373Z       "imports": [
verify	Recover stopped G5 original compiler diagnostics	2026-10-07T17:05:47.4915486Z         "G2ChronologicalPathReadout"
verify	Recover stopped G5 original compiler diagnostics	2026-10-07T17:05:47.4915564Z       ],
verify	Recover stopped G5 original compiler diagnostics	2026-10-07T17:05:47.4915776Z       "destination": "TimedG2/G2ChronologicalTraceCompatibility.lean"
verify	Recover stopped G5 original compiler diagnostics	2026-10-07T17:05:47.4915853Z     },
verify	Recover stopped G5 original compiler diagnostics	2026-10-07T17:05:47.4915961Z     "G2CalendarFirstAge": {
verify	Recover stopped G5 original compiler diagnostics	2026-10-07T17:05:47.4916294Z       "source": "research/2026-10-07-dot-g2-calendar-first-age-binding-0745z/G2CalendarFirstAge.lean",
verify	Recover stopped G5 original compiler diagnostics	2026-10-07T17:05:47.4916528Z       "sha256": "8d81c7505e95e60d10663da000754a4757b57f2eba6fde23df94c05bd4b06e6f",
verify	Recover stopped G5 original compiler diagnostics	2026-10-07T17:05:47.4917067Z       "authority": "research/2026-10-07-dot-g2-calendar-first-age-binding-0745z/PUBLIC-SOURCE-CONTEXT.json",
verify	Recover stopped G5 original compiler diagnostics	2026-10-07T17:05:47.4917156Z       "imports": [
verify	Recover stopped G5 original compiler diagnostics	2026-10-07T17:05:47.4917268Z         "G2AncestralAgeCertificate",
verify	Recover stopped G5 original compiler diagnostics	2026-10-07T17:05:47.4917393Z         "G2ChronologicalTraceCompatibility"
verify	Recover stopped G5 original compiler diagnostics	2026-10-07T17:05:47.4917476Z       ],
verify	Recover stopped G5 original compiler diagnostics	2026-10-07T17:05:47.4917623Z       "destination": "TimedG2/G2CalendarFirstAge.lean"
verify	Recover stopped G5 original compiler diagnostics	2026-10-07T17:05:47.4917700Z     },
verify	Recover stopped G5 original compiler diagnostics	2026-10-07T17:05:47.4917864Z     "UnifiedLean.Source.SourceCrossCarrierNatural": {
verify	Recover stopped G5 original compiler diagnostics	2026-10-07T17:05:47.4918512Z       "source": "research/2026-10-04-dot-verified-lean-825-0203z/package/baseline/UnifiedLean/Source/SourceCrossCarrierNatural.lean",
verify	Recover stopped G5 original compiler diagnostics	2026-10-07T17:05:47.4918750Z       "sha256": "1d4c912aade4355a65b017b7fc02cee977cf0567728cd488c97c9a6de76c439c",
verify	Recover stopped G5 original compiler diagnostics	2026-10-07T17:05:47.4918853Z       "authority": "baseline",
verify	Recover stopped G5 original compiler diagnostics	2026-10-07T17:05:47.4918942Z       "imports": [
verify	Recover stopped G5 original compiler diagnostics	2026-10-07T17:05:47.4919098Z         "UnifiedLean.Source.SourceCrossCarrierProgram"
verify	Recover stopped G5 original compiler diagnostics	2026-10-07T17:05:47.4919174Z       ],
verify	Recover stopped G5 original compiler diagnostics	2026-10-07T17:05:47.4919378Z       "destination": "UnifiedLean/Source/SourceCrossCarrierNatural.lean"
verify	Recover stopped G5 original compiler diagnostics	2026-10-07T17:05:47.4919455Z     },
verify	Recover stopped G5 original compiler diagnostics	2026-10-07T17:05:47.4919638Z     "UnifiedLean.Source.SourceUnrankedCopyProjectivity": {
verify	Recover stopped G5 original compiler diagnostics	2026-10-07T17:05:47.4920100Z       "source": "research/2026-10-04-dot-verified-lean-825-0203z/package/baseline/UnifiedLean/Source/SourceUnrankedCopyProjectivity.lean",
verify	Recover stopped G5 original compiler diagnostics	2026-10-07T17:05:47.4920328Z       "sha256": "ef2c49cbbbd519616e29f5e213e4e0e267626423b6c951d794647d2095eab55d",
verify	Recover stopped G5 original compiler diagnostics	2026-10-07T17:05:47.4920426Z       "authority": "baseline",
verify	Recover stopped G5 original compiler diagnostics	2026-10-07T17:05:47.4920512Z       "imports": [
verify	Recover stopped G5 original compiler diagnostics	2026-10-07T17:05:47.4920666Z         "UnifiedLean.Source.SourceCrossCarrierNatural"
verify	Recover stopped G5 original compiler diagnostics	2026-10-07T17:05:47.4920742Z       ],
verify	Recover stopped G5 original compiler diagnostics	2026-10-07T17:05:47.4921089Z       "destination": "UnifiedLean/Source/SourceUnrankedCopyProjectivity.lean"
verify	Recover stopped G5 original compiler diagnostics	2026-10-07T17:05:47.4921167Z     },
verify	Recover stopped G5 original compiler diagnostics	2026-10-07T17:05:47.4921321Z     "UnifiedLean.Source.SourceUnrankedAllPanels": {
verify	Recover stopped G5 original compiler diagnostics	2026-10-07T17:05:47.4921751Z       "source": "research/2026-10-04-dot-verified-lean-825-0203z/package/baseline/UnifiedLean/Source/SourceUnrankedAllPanels.lean",
verify	Recover stopped G5 original compiler diagnostics	2026-10-07T17:05:47.4921977Z       "sha256": "4936fb211505d9c5961256ba4f1a4c63db0065c7c94ccadf3fcd67a320f270c3",
verify	Recover stopped G5 original compiler diagnostics	2026-10-07T17:05:47.4922075Z       "authority": "baseline",
verify	Recover stopped G5 original compiler diagnostics	2026-10-07T17:05:47.4922160Z       "imports": [
verify	Recover stopped G5 original compiler diagnostics	2026-10-07T17:05:47.4922336Z         "UnifiedLean.Source.SourceUnrankedCopyProjectivity"
verify	Recover stopped G5 original compiler diagnostics	2026-10-07T17:05:47.4922414Z       ],
verify	Recover stopped G5 original compiler diagnostics	2026-10-07T17:05:47.4922612Z       "destination": "UnifiedLean/Source/SourceUnrankedAllPanels.lean"
verify	Recover stopped G5 original compiler diagnostics	2026-10-07T17:05:47.4922692Z     },
verify	Recover stopped G5 original compiler diagnostics	2026-10-07T17:05:47.4922840Z     "UnifiedLean.Source.OriginalFixedIDControls": {
verify	Recover stopped G5 original compiler diagnostics	2026-10-07T17:05:47.4923265Z       "source": "research/2026-10-04-dot-verified-lean-825-0203z/package/baseline/UnifiedLean/Source/OriginalFixedIDControls.lean",
verify	Recover stopped G5 original compiler diagnostics	2026-10-07T17:05:47.4923495Z       "sha256": "5b32ee2edff84d6ef7c75549b55e7368380fcff9dbb3b0cd4397584746bb224d",
verify	Recover stopped G5 original compiler diagnostics	2026-10-07T17:05:47.4923592Z       "authority": "baseline",
verify	Recover stopped G5 original compiler diagnostics	2026-10-07T17:05:47.4923676Z       "imports": [
verify	Recover stopped G5 original compiler diagnostics	2026-10-07T17:05:47.4923827Z         "UnifiedLean.Source.SourceUnrankedAllPanels"
verify	Recover stopped G5 original compiler diagnostics	2026-10-07T17:05:47.4923908Z       ],
verify	Recover stopped G5 original compiler diagnostics	2026-10-07T17:05:47.4924102Z       "destination": "UnifiedLean/Source/OriginalFixedIDControls.lean"
verify	Recover stopped G5 original compiler diagnostics	2026-10-07T17:05:47.4924180Z     },
verify	Recover stopped G5 original compiler diagnostics	2026-10-07T17:05:47.4924388Z     "UnifiedLean.Source.ControlledUnrankedSourceProjectivity": {
verify	Recover stopped G5 original compiler diagnostics	2026-10-07T17:05:47.4924875Z       "source": "research/2026-10-04-dot-verified-lean-825-0203z/package/baseline/UnifiedLean/Source/ControlledUnrankedSourceProjectivity.lean",
verify	Recover stopped G5 original compiler diagnostics	2026-10-07T17:05:47.4925104Z       "sha256": "6ba2f40bd84c286a6281335b26e9e96efd20e10e6ab6cca5919ddbb7b8f2a5e5",
verify	Recover stopped G5 original compiler diagnostics	2026-10-07T17:05:47.4925200Z       "authority": "baseline",
verify	Recover stopped G5 original compiler diagnostics	2026-10-07T17:05:47.4925285Z       "imports": [
verify	Recover stopped G5 original compiler diagnostics	2026-10-07T17:05:47.4925432Z         "UnifiedLean.Source.OriginalFixedIDControls"
verify	Recover stopped G5 original compiler diagnostics	2026-10-07T17:05:47.4925509Z       ],
verify	Recover stopped G5 original compiler diagnostics	2026-10-07T17:05:47.4925747Z       "destination": "UnifiedLean/Source/ControlledUnrankedSourceProjectivity.lean"
verify	Recover stopped G5 original compiler diagnostics	2026-10-07T17:05:47.4925823Z     },
verify	Recover stopped G5 original compiler diagnostics	2026-10-07T17:05:47.4925930Z     "G2ControlledTraceAssembly": {
verify	Recover stopped G5 original compiler diagnostics	2026-10-07T17:05:47.4926367Z       "source": "research/2026-10-07-dot-g2-chronological-decoration-integration-0139z/sources/G2ControlledTraceAssembly.lean",
verify	Recover stopped G5 original compiler diagnostics	2026-10-07T17:05:47.4926593Z       "sha256": "f02391f465c303efda7b11c035ed43a3f0724e8ad48a76d027cdfbe19a57519d",
verify	Recover stopped G5 original compiler diagnostics	2026-10-07T17:05:47.4927132Z       "authority": "research/2026-10-07-dot-g2-chronological-decoration-integration-0139z/SOURCE-AND-DEPENDENCY-PINS.json",
verify	Recover stopped G5 original compiler diagnostics	2026-10-07T17:05:47.4927218Z       "imports": [
verify	Recover stopped G5 original compiler diagnostics	2026-10-07T17:05:47.4927454Z         "G2CompleteCalendarAttachment",
verify	Recover stopped G5 original compiler diagnostics	2026-10-07T17:05:47.4927657Z         "UnifiedLean.Source.ControlledUnrankedSourceProjectivity"
verify	Recover stopped G5 original compiler diagnostics	2026-10-07T17:05:47.4927734Z       ],
verify	Recover stopped G5 original compiler diagnostics	2026-10-07T17:05:47.4927904Z       "destination": "TimedG2/G2ControlledTraceAssembly.lean"
verify	Recover stopped G5 original compiler diagnostics	2026-10-07T17:05:47.4927983Z     },
verify	Recover stopped G5 original compiler diagnostics	2026-10-07T17:05:47.4928096Z     "G2RegisteredPathProjection": {
verify	Recover stopped G5 original compiler diagnostics	2026-10-07T17:05:47.4928504Z       "source": "research/2026-10-07-dot-g2-age-reader-source-preservation-0253z/sources/G2RegisteredPathProjection.lean",
verify	Recover stopped G5 original compiler diagnostics	2026-10-07T17:05:47.4928729Z       "sha256": "5ea9209452a8f97971e27c431e9dba9a1edfc68f0b517909c67b0b7609add092",
verify	Recover stopped G5 original compiler diagnostics	2026-10-07T17:05:47.4929117Z       "authority": "research/2026-10-07-dot-g2-age-reader-source-preservation-0253z/SOURCE-AND-DEPENDENCY-PINS.json",
verify	Recover stopped G5 original compiler diagnostics	2026-10-07T17:05:47.4929199Z       "imports": [
verify	Recover stopped G5 original compiler diagnostics	2026-10-07T17:05:47.4929309Z         "G2ControlledTraceAssembly",
verify	Recover stopped G5 original compiler diagnostics	2026-10-07T17:05:47.4929427Z         "G2ActualChronologicalPathLaw"
verify	Recover stopped G5 original compiler diagnostics	2026-10-07T17:05:47.4929506Z       ],
verify	Recover stopped G5 original compiler diagnostics	2026-10-07T17:05:47.4929681Z       "destination": "TimedG2/G2RegisteredPathProjection.lean"
verify	Recover stopped G5 original compiler diagnostics	2026-10-07T17:05:47.4929755Z     },
verify	Recover stopped G5 original compiler diagnostics	2026-10-07T17:05:47.4929861Z     "G2OriginalAbsoluteAges": {
verify	Recover stopped G5 original compiler diagnostics	2026-10-07T17:05:47.4930294Z       "source": "research/2026-10-07-dot-g2-complete-timed-support-0858z/G2OriginalAbsoluteAges.lean",
verify	Recover stopped G5 original compiler diagnostics	2026-10-07T17:05:47.4930526Z       "sha256": "59576fad762d0b49d55d476fedf48d4d900a6de69d6ef5bf4d009d00b936eb35",
verify	Recover stopped G5 original compiler diagnostics	2026-10-07T17:05:47.4930851Z       "authority": "research/2026-10-07-dot-g2-complete-timed-support-0858z/PUBLIC-SOURCE-CONTEXT.json",
verify	Recover stopped G5 original compiler diagnostics	2026-10-07T17:05:47.4930934Z       "imports": [
verify	Recover stopped G5 original compiler diagnostics	2026-10-07T17:05:47.4931035Z         "G2CalendarFirstAge",
verify	Recover stopped G5 original compiler diagnostics	2026-10-07T17:05:47.4931144Z         "G2RegisteredPathProjection"
verify	Recover stopped G5 original compiler diagnostics	2026-10-07T17:05:47.4931222Z       ],
verify	Recover stopped G5 original compiler diagnostics	2026-10-07T17:05:47.4931374Z       "destination": "TimedG2/G2OriginalAbsoluteAges.lean"
verify	Recover stopped G5 original compiler diagnostics	2026-10-07T17:05:47.4931451Z     },
verify	Recover stopped G5 original compiler diagnostics	2026-10-07T17:05:47.4931562Z     "G2JointTimedObservation": {
verify	Recover stopped G5 original compiler diagnostics	2026-10-07T17:05:47.4932004Z       "source": "research/2026-10-06-dot-timed-g2-partial-preservation-and-priority-0714z/sources/G2JointTimedObservation.lean",
verify	Recover stopped G5 original compiler diagnostics	2026-10-07T17:05:47.4932238Z       "sha256": "c79e7949d340af9c5a5878ba6420f163133dd7f399a2f75cbdb698e13878ca04",
verify	Recover stopped G5 original compiler diagnostics	2026-10-07T17:05:47.4932567Z       "authority": "research/2026-10-07-dot-g2-complete-timed-support-0858z/PUBLIC-SOURCE-CONTEXT.json",
verify	Recover stopped G5 original compiler diagnostics	2026-10-07T17:05:47.4932656Z       "imports": [
verify	Recover stopped G5 original compiler diagnostics	2026-10-07T17:05:47.4932757Z         "G2OriginalAbsoluteAges"
verify	Recover stopped G5 original compiler diagnostics	2026-10-07T17:05:47.4932836Z       ],
verify	Recover stopped G5 original compiler diagnostics	2026-10-07T17:05:47.4932997Z       "destination": "TimedG2/G2JointTimedObservation.lean"
verify	Recover stopped G5 original compiler diagnostics	2026-10-07T17:05:47.4933073Z     },
verify	Recover stopped G5 original compiler diagnostics	2026-10-07T17:05:47.4933181Z     "G2CompleteTimedSupport": {
verify	Recover stopped G5 original compiler diagnostics	2026-10-07T17:05:47.4933502Z       "source": "research/2026-10-07-dot-g2-complete-timed-support-0858z/G2CompleteTimedSupport.lean",
verify	Recover stopped G5 original compiler diagnostics	2026-10-07T17:05:47.4933733Z       "sha256": "169d7ce5aca559aec2016f8fe50a26629b2a24d94b135885d148f78e4cecb808",
verify	Recover stopped G5 original compiler diagnostics	2026-10-07T17:05:47.4934051Z       "authority": "research/2026-10-07-dot-g2-complete-timed-support-0858z/PUBLIC-SOURCE-CONTEXT.json",
verify	Recover stopped G5 original compiler diagnostics	2026-10-07T17:05:47.4934143Z       "imports": [
verify	Recover stopped G5 original compiler diagnostics	2026-10-07T17:05:47.4934252Z         "G2TimedBoundMeasurability",
verify	Recover stopped G5 original compiler diagnostics	2026-10-07T17:05:47.4934355Z         "G2JointTimedObservation"
verify	Recover stopped G5 original compiler diagnostics	2026-10-07T17:05:47.4934435Z       ],
verify	Recover stopped G5 original compiler diagnostics	2026-10-07T17:05:47.4934587Z       "destination": "TimedG2/G2CompleteTimedSupport.lean"
verify	Recover stopped G5 original compiler diagnostics	2026-10-07T17:05:47.4934662Z     },
verify	Recover stopped G5 original compiler diagnostics	2026-10-07T17:05:47.4934768Z     "G2TimedDecorationPruning": {
verify	Recover stopped G5 original compiler diagnostics	2026-10-07T17:05:47.4935212Z       "source": "research/2026-10-06-dot-timed-g2-partial-preservation-and-priority-0714z/sources/G2TimedDecorationPruning.lean",
verify	Recover stopped G5 original compiler diagnostics	2026-10-07T17:05:47.4935433Z       "sha256": "1cdef90418524400b3fed31ff6426afca569e1677331553972c8a8e66401e56d",
verify	Recover stopped G5 original compiler diagnostics	2026-10-07T17:05:47.4935820Z       "authority": "research/2026-10-07-dot-g2-timed-endpoint-ordinary-integration-0941z/PUBLIC-SOURCE-CONTEXT.json",
verify	Recover stopped G5 original compiler diagnostics	2026-10-07T17:05:47.4935905Z       "imports": [
verify	Recover stopped G5 original compiler diagnostics	2026-10-07T17:05:47.4936018Z         "G2FaithfulPairAgeDecoration"
verify	Recover stopped G5 original compiler diagnostics	2026-10-07T17:05:47.4936096Z       ],
verify	Recover stopped G5 original compiler diagnostics	2026-10-07T17:05:47.4936347Z       "destination": "TimedG2/G2TimedDecorationPruning.lean"
verify	Recover stopped G5 original compiler diagnostics	2026-10-07T17:05:47.4936425Z     },
verify	Recover stopped G5 original compiler diagnostics	2026-10-07T17:05:47.4936525Z     "G2ChronologicalPruning": {
verify	Recover stopped G5 original compiler diagnostics	2026-10-07T17:05:47.4937025Z       "source": "research/2026-10-07-dot-g2-timed-endpoint-ordinary-integration-0941z/G2ChronologicalPruning.lean",
verify	Recover stopped G5 original compiler diagnostics	2026-10-07T17:05:47.4937251Z       "sha256": "7fb5a717568ac5c709663585ea55e994a8b98ac6e424848356024a68149c98d8",
verify	Recover stopped G5 original compiler diagnostics	2026-10-07T17:05:47.4937630Z       "authority": "research/2026-10-07-dot-g2-timed-endpoint-ordinary-integration-0941z/PUBLIC-SOURCE-CONTEXT.json",
verify	Recover stopped G5 original compiler diagnostics	2026-10-07T17:05:47.4937716Z       "imports": [
verify	Recover stopped G5 original compiler diagnostics	2026-10-07T17:05:47.4937818Z         "G2CompleteTimedSupport",
verify	Recover stopped G5 original compiler diagnostics	2026-10-07T17:05:47.4937926Z         "G2TimedDecorationPruning"
verify	Recover stopped G5 original compiler diagnostics	2026-10-07T17:05:47.4938001Z       ],
verify	Recover stopped G5 original compiler diagnostics	2026-10-07T17:05:47.4938154Z       "destination": "TimedG2/G2ChronologicalPruning.lean"
verify	Recover stopped G5 original compiler diagnostics	2026-10-07T17:05:47.4938237Z     },
verify	Recover stopped G5 original compiler diagnostics	2026-10-07T17:05:47.4938343Z     "G2SourcePairMatrixReadout": {
verify	Recover stopped G5 original compiler diagnostics	2026-10-07T17:05:47.4938731Z       "source": "research/2026-10-07-dot-g2-timed-endpoint-ordinary-integration-0941z/G2SourcePairMatrixReadout.lean",
verify	Recover stopped G5 original compiler diagnostics	2026-10-07T17:05:47.4938956Z       "sha256": "d2323c4797ac682927ab2e4008b803d701fc5ce8963a4ae0a89f9649fa7cddce",
verify	Recover stopped G5 original compiler diagnostics	2026-10-07T17:05:47.4939457Z       "authority": "research/2026-10-07-dot-g2-timed-endpoint-ordinary-integration-0941z/PUBLIC-SOURCE-CONTEXT.json",
verify	Recover stopped G5 original compiler diagnostics	2026-10-07T17:05:47.4939544Z       "imports": [
verify	Recover stopped G5 original compiler diagnostics	2026-10-07T17:05:47.4939646Z         "G2ChronologicalPruning"
verify	Recover stopped G5 original compiler diagnostics	2026-10-07T17:05:47.4939725Z       ],
verify	Recover stopped G5 original compiler diagnostics	2026-10-07T17:05:47.4939888Z       "destination": "TimedG2/G2SourcePairMatrixReadout.lean"
verify	Recover stopped G5 original compiler diagnostics	2026-10-07T17:05:47.4939966Z     },
verify	Recover stopped G5 original compiler diagnostics	2026-10-07T17:05:47.4940073Z     "G2CompleteTerminalReadout": {
verify	Recover stopped G5 original compiler diagnostics	2026-10-07T17:05:47.4940454Z       "source": "research/2026-10-07-dot-g2-timed-endpoint-ordinary-integration-0941z/G2CompleteTerminalReadout.lean",
verify	Recover stopped G5 original compiler diagnostics	2026-10-07T17:05:47.4940670Z       "sha256": "f7235d98732b30f3041e15d076ceb07771bd5c33879b8755550e724e0f0dfab8",
verify	Recover stopped G5 original compiler diagnostics	2026-10-07T17:05:47.4941044Z       "authority": "research/2026-10-07-dot-g2-timed-endpoint-ordinary-integration-0941z/PUBLIC-SOURCE-CONTEXT.json",
verify	Recover stopped G5 original compiler diagnostics	2026-10-07T17:05:47.4941135Z       "imports": [
verify	Recover stopped G5 original compiler diagnostics	2026-10-07T17:05:47.4941240Z         "G2SourcePairMatrixReadout"
verify	Recover stopped G5 original compiler diagnostics	2026-10-07T17:05:47.4941322Z       ],
verify	Recover stopped G5 original compiler diagnostics	2026-10-07T17:05:47.4941483Z       "destination": "TimedG2/G2CompleteTerminalReadout.lean"
verify	Recover stopped G5 original compiler diagnostics	2026-10-07T17:05:47.4941561Z     },
verify	Recover stopped G5 original compiler diagnostics	2026-10-07T17:05:47.4941663Z     "G2FaithfulTimedOutput": {
verify	Recover stopped G5 original compiler diagnostics	2026-10-07T17:05:47.4942038Z       "source": "research/2026-10-07-dot-g2-timed-endpoint-ordinary-integration-0941z/G2FaithfulTimedOutput.lean",
verify	Recover stopped G5 original compiler diagnostics	2026-10-07T17:05:47.4942268Z       "sha256": "476e2ef1e3bc0d3d14871fdde32852a310f27a4b9b36673f3e864b5d87f282ac",
verify	Recover stopped G5 original compiler diagnostics	2026-10-07T17:05:47.4942640Z       "authority": "research/2026-10-07-dot-g2-timed-endpoint-ordinary-integration-0941z/PUBLIC-SOURCE-CONTEXT.json",
verify	Recover stopped G5 original compiler diagnostics	2026-10-07T17:05:47.4942726Z       "imports": [
verify	Recover stopped G5 original compiler diagnostics	2026-10-07T17:05:47.4942830Z         "G2CompleteTerminalReadout"
verify	Recover stopped G5 original compiler diagnostics	2026-10-07T17:05:47.4942912Z       ],
verify	Recover stopped G5 original compiler diagnostics	2026-10-07T17:05:47.4943060Z       "destination": "TimedG2/G2FaithfulTimedOutput.lean"
verify	Recover stopped G5 original compiler diagnostics	2026-10-07T17:05:47.4943144Z     },
verify	Recover stopped G5 original compiler diagnostics	2026-10-07T17:05:47.4943273Z     "G2LiteralTimedObservationPruning": {
verify	Recover stopped G5 original compiler diagnostics	2026-10-07T17:05:47.4943696Z       "source": "research/2026-10-07-dot-g2-timed-endpoint-ordinary-integration-0941z/G2LiteralTimedObservationPruning.lean",
verify	Recover stopped G5 original compiler diagnostics	2026-10-07T17:05:47.4943921Z       "sha256": "223224ab6002d510076d99da42a11f8ca1724d8266b0fc7a5cdd2d25628c31b7",
verify	Recover stopped G5 original compiler diagnostics	2026-10-07T17:05:47.4944293Z       "authority": "research/2026-10-07-dot-g2-timed-endpoint-ordinary-integration-0941z/PUBLIC-SOURCE-CONTEXT.json",
verify	Recover stopped G5 original compiler diagnostics	2026-10-07T17:05:47.4944379Z       "imports": [
verify	Recover stopped G5 original compiler diagnostics	2026-10-07T17:05:47.4944481Z         "G2FaithfulTimedOutput"
verify	Recover stopped G5 original compiler diagnostics	2026-10-07T17:05:47.4944555Z       ],
verify	Recover stopped G5 original compiler diagnostics	2026-10-07T17:05:47.4944757Z       "destination": "TimedG2/G2LiteralTimedObservationPruning.lean"
verify	Recover stopped G5 original compiler diagnostics	2026-10-07T17:05:47.4944832Z     },
verify	Recover stopped G5 original compiler diagnostics	2026-10-07T17:05:47.4944944Z     "G2ActualTimedAllPanelLaw": {
verify	Recover stopped G5 original compiler diagnostics	2026-10-07T17:05:47.4945322Z       "source": "research/2026-10-07-dot-g2-timed-endpoint-ordinary-integration-0941z/G2ActualTimedAllPanelLaw.lean",
verify	Recover stopped G5 original compiler diagnostics	2026-10-07T17:05:47.4945670Z       "sha256": "05ca8311eb01110a0d01d1f12ef6fe744fef51b21f1c3592e90bad3b08f6c376",
verify	Recover stopped G5 original compiler diagnostics	2026-10-07T17:05:47.4946047Z       "authority": "research/2026-10-07-dot-g2-timed-endpoint-ordinary-integration-0941z/PUBLIC-SOURCE-CONTEXT.json",
verify	Recover stopped G5 original compiler diagnostics	2026-10-07T17:05:47.4946138Z       "imports": [
verify	Recover stopped G5 original compiler diagnostics	2026-10-07T17:05:47.4946268Z         "G2LiteralTimedObservationPruning"
verify	Recover stopped G5 original compiler diagnostics	2026-10-07T17:05:47.4946342Z       ],
verify	Recover stopped G5 original compiler diagnostics	2026-10-07T17:05:47.4946503Z       "destination": "TimedG2/G2ActualTimedAllPanelLaw.lean"
verify	Recover stopped G5 original compiler diagnostics	2026-10-07T17:05:47.4946578Z     },
verify	Recover stopped G5 original compiler diagnostics	2026-10-07T17:05:47.4946826Z     "G5HiddenRegisterTimedProjectivity": {
verify	Recover stopped G5 original compiler diagnostics	2026-10-07T17:05:47.4947144Z       "source": "research/2026-10-07-astra-g5-m3-7e3b/sources/G5HiddenRegisterTimedProjectivity.lean",
verify	Recover stopped G5 original compiler diagnostics	2026-10-07T17:05:47.4947368Z       "sha256": "a7e8ae569fc51d2d0365394e4776ab83c254a488ea507d2b582367f625c4acc2",
verify	Recover stopped G5 original compiler diagnostics	2026-10-07T17:05:47.4947471Z       "authority": "G5 assignment",
verify	Recover stopped G5 original compiler diagnostics	2026-10-07T17:05:47.4947553Z       "imports": [
verify	Recover stopped G5 original compiler diagnostics	2026-10-07T17:05:47.4947665Z         "G2ActualTimedAllPanelLaw"
verify	Recover stopped G5 original compiler diagnostics	2026-10-07T17:05:47.4947742Z       ],
verify	Recover stopped G5 original compiler diagnostics	2026-10-07T17:05:47.4947941Z       "destination": "CloudG5/G5HiddenRegisterTimedProjectivity.lean"
verify	Recover stopped G5 original compiler diagnostics	2026-10-07T17:05:47.4948142Z     },
verify	Recover stopped G5 original compiler diagnostics	2026-10-07T17:05:47.4948263Z     "G5FrozenTriplePolynomialKernel": {
verify	Recover stopped G5 original compiler diagnostics	2026-10-07T17:05:47.4948549Z       "source": "research/2026-10-07-codex-g5-lean/sources/G5FrozenTriplePolynomialKernel.lean",
verify	Recover stopped G5 original compiler diagnostics	2026-10-07T17:05:47.4948773Z       "sha256": "ba0c611a563318de5d2310b6620cae0899c77b9ead6cf690efd82af926c746a4",
verify	Recover stopped G5 original compiler diagnostics	2026-10-07T17:05:47.4948873Z       "authority": "G5 assignment",
verify	Recover stopped G5 original compiler diagnostics	2026-10-07T17:05:47.4948956Z       "imports": [
verify	Recover stopped G5 original compiler diagnostics	2026-10-07T17:05:47.4949093Z         "Mathlib.Analysis.SpecialFunctions.Exp",
verify	Recover stopped G5 original compiler diagnostics	2026-10-07T17:05:47.4949194Z         "Mathlib.Tactic.FinCases",
verify	Recover stopped G5 original compiler diagnostics	2026-10-07T17:05:47.4949299Z         "Mathlib.Tactic.NormNum",
verify	Recover stopped G5 original compiler diagnostics	2026-10-07T17:05:47.4949402Z         "Mathlib.Tactic.FunProp",
verify	Recover stopped G5 original compiler diagnostics	2026-10-07T17:05:47.4949509Z         "Mathlib.Tactic.Positivity",
verify	Recover stopped G5 original compiler diagnostics	2026-10-07T17:05:47.4949608Z         "Mathlib.Tactic.Ring"
verify	Recover stopped G5 original compiler diagnostics	2026-10-07T17:05:47.4949687Z       ],
verify	Recover stopped G5 original compiler diagnostics	2026-10-07T17:05:47.4949875Z       "destination": "CloudG5/G5FrozenTriplePolynomialKernel.lean"
verify	Recover stopped G5 original compiler diagnostics	2026-10-07T17:05:47.4949951Z     },
verify	Recover stopped G5 original compiler diagnostics	2026-10-07T17:05:47.4950073Z     "G5FrozenTripleAnalyticSupport": {
verify	Recover stopped G5 original compiler diagnostics	2026-10-07T17:05:47.4950405Z       "source": "research/2026-10-07-cloud-g5-sol-ultra-1557z/sources/G5FrozenTripleAnalyticSupport.lean",
verify	Recover stopped G5 original compiler diagnostics	2026-10-07T17:05:47.4950624Z       "sha256": "87679f3b02566a44efd25b3d275af458716c015b346e02bd9d513093e5787f4c",
verify	Recover stopped G5 original compiler diagnostics	2026-10-07T17:05:47.4950724Z       "authority": "G5 assignment",
verify	Recover stopped G5 original compiler diagnostics	2026-10-07T17:05:47.4950806Z       "imports": [
verify	Recover stopped G5 original compiler diagnostics	2026-10-07T17:05:47.4950925Z         "G5FrozenTriplePolynomialKernel",
verify	Recover stopped G5 original compiler diagnostics	2026-10-07T17:05:47.4951026Z         "G5UnknownRateSupport"
verify	Recover stopped G5 original compiler diagnostics	2026-10-07T17:05:47.4951103Z       ],
verify	Recover stopped G5 original compiler diagnostics	2026-10-07T17:05:47.4951285Z       "destination": "CloudG5/G5FrozenTripleAnalyticSupport.lean"
verify	Recover stopped G5 original compiler diagnostics	2026-10-07T17:05:47.4951361Z     }
verify	Recover stopped G5 original compiler diagnostics	2026-10-07T17:05:47.4951436Z   },
verify	Recover stopped G5 original compiler diagnostics	2026-10-07T17:05:47.4951526Z   "external_roots": [
verify	Recover stopped G5 original compiler diagnostics	2026-10-07T17:05:47.4951634Z     "Lean.Elab.Tactic.Omega",
verify	Recover stopped G5 original compiler diagnostics	2026-10-07T17:05:47.4951754Z     "Mathlib.Algebra.BigOperators.Field",
verify	Recover stopped G5 original compiler diagnostics	2026-10-07T17:05:47.4951875Z     "Mathlib.Algebra.BigOperators.Fin",
verify	Recover stopped G5 original compiler diagnostics	2026-10-07T17:05:47.4952022Z     "Mathlib.Algebra.BigOperators.Finsupp.Basic",
verify	Recover stopped G5 original compiler diagnostics	2026-10-07T17:05:47.4952195Z     "Mathlib.Algebra.BigOperators.Group.Finset.Basic",
verify	Recover stopped G5 original compiler diagnostics	2026-10-07T17:05:47.4952354Z     "Mathlib.Algebra.BigOperators.Group.Finset.Sigma",
verify	Recover stopped G5 original compiler diagnostics	2026-10-07T17:05:47.4952529Z     "Mathlib.Algebra.BigOperators.GroupWithZero.Finset",
verify	Recover stopped G5 original compiler diagnostics	2026-10-07T17:05:47.4952670Z     "Mathlib.Algebra.BigOperators.Ring.Finset",
verify	Recover stopped G5 original compiler diagnostics	2026-10-07T17:05:47.4952823Z     "Mathlib.Algebra.Order.BigOperators.Group.Finset",
verify	Recover stopped G5 original compiler diagnostics	2026-10-07T17:05:47.4953020Z     "Mathlib.Algebra.Order.BigOperators.GroupWithZero.Finset",
verify	Recover stopped G5 original compiler diagnostics	2026-10-07T17:05:47.4953183Z     "Mathlib.Analysis.Normed.Algebra.MatrixExponential",
verify	Recover stopped G5 original compiler diagnostics	2026-10-07T17:05:47.4953340Z     "Mathlib.Analysis.Normed.Module.FiniteDimension",
verify	Recover stopped G5 original compiler diagnostics	2026-10-07T17:05:47.4953472Z     "Mathlib.Analysis.SpecialFunctions.Exp",
verify	Recover stopped G5 original compiler diagnostics	2026-10-07T17:05:47.4953753Z     "Mathlib.Analysis.SpecialFunctions.Exponential",
verify	Recover stopped G5 original compiler diagnostics	2026-10-07T17:05:47.4953905Z     "Mathlib.Analysis.SpecialFunctions.Log.Basic",
verify	Recover stopped G5 original compiler diagnostics	2026-10-07T17:05:47.4954033Z     "Mathlib.Analysis.SpecificLimits.Basic",
verify	Recover stopped G5 original compiler diagnostics	2026-10-07T17:05:47.4954159Z     "Mathlib.Data.ENNReal.BigOperators",
verify	Recover stopped G5 original compiler diagnostics	2026-10-07T17:05:47.4954267Z     "Mathlib.Data.Fin.Tuple.Basic",
verify	Recover stopped G5 original compiler diagnostics	2026-10-07T17:05:47.4954370Z     "Mathlib.Data.Finset.Card",
verify	Recover stopped G5 original compiler diagnostics	2026-10-07T17:05:47.4954471Z     "Mathlib.Data.Finset.Max",
verify	Recover stopped G5 original compiler diagnostics	2026-10-07T17:05:47.4954574Z     "Mathlib.Data.Finset.Prod",
verify	Recover stopped G5 original compiler diagnostics	2026-10-07T17:05:47.4954675Z     "Mathlib.Data.Finset.Sort",
verify	Recover stopped G5 original compiler diagnostics	2026-10-07T17:05:47.4954777Z     "Mathlib.Data.Finset.Union",
verify	Recover stopped G5 original compiler diagnostics	2026-10-07T17:05:47.4954883Z     "Mathlib.Data.Fintype.Basic",
verify	Recover stopped G5 original compiler diagnostics	2026-10-07T17:05:47.4955000Z     "Mathlib.Data.Fintype.BigOperators",
verify	Recover stopped G5 original compiler diagnostics	2026-10-07T17:05:47.4955106Z     "Mathlib.Data.Fintype.Card",
verify	Recover stopped G5 original compiler diagnostics	2026-10-07T17:05:47.4955216Z     "Mathlib.Data.Fintype.EquivFin",
verify	Recover stopped G5 original compiler diagnostics	2026-10-07T17:05:47.4955327Z     "Mathlib.Data.Fintype.Powerset",
verify	Recover stopped G5 original compiler diagnostics	2026-10-07T17:05:47.4955428Z     "Mathlib.Data.Fintype.Sum",
verify	Recover stopped G5 original compiler diagnostics	2026-10-07T17:05:47.4955533Z     "Mathlib.Data.List.OfFn",
verify	Recover stopped G5 original compiler diagnostics	2026-10-07T17:05:47.4955639Z     "Mathlib.Data.Nat.Choose.Basic",
verify	Recover stopped G5 original compiler diagnostics	2026-10-07T17:05:47.4955744Z     "Mathlib.Data.Rat.BigOperators",
verify	Recover stopped G5 original compiler diagnostics	2026-10-07T17:05:47.4955929Z     "Mathlib.Data.Rat.Lemmas",
verify	Recover stopped G5 original compiler diagnostics	2026-10-07T17:05:47.4956029Z     "Mathlib.Data.Real.Basic",
verify	Recover stopped G5 original compiler diagnostics	2026-10-07T17:05:47.4956149Z     "Mathlib.LinearAlgebra.Vandermonde",
verify	Recover stopped G5 original compiler diagnostics	2026-10-07T17:05:47.4956247Z     "Mathlib.Logic.Relation",
verify	Recover stopped G5 original compiler diagnostics	2026-10-07T17:05:47.4956460Z     "Mathlib.MeasureTheory.Constructions.BorelSpace.Metrizable",
verify	Recover stopped G5 original compiler diagnostics	2026-10-07T17:05:47.4956760Z     "Mathlib.MeasureTheory.Constructions.BorelSpace.Order",
verify	Recover stopped G5 original compiler diagnostics	2026-10-07T17:05:47.4956940Z     "Mathlib.MeasureTheory.Constructions.BorelSpace.Real",
verify	Recover stopped G5 original compiler diagnostics	2026-10-07T17:05:47.4957077Z     "Mathlib.MeasureTheory.Constructions.Pi",
verify	Recover stopped G5 original compiler diagnostics	2026-10-07T17:05:47.4957233Z     "Mathlib.MeasureTheory.Constructions.Projective",
verify	Recover stopped G5 original compiler diagnostics	2026-10-07T17:05:47.4957388Z     "Mathlib.MeasureTheory.Integral.Bochner.Basic",
verify	Recover stopped G5 original compiler diagnostics	2026-10-07T17:05:47.4957620Z     "Mathlib.MeasureTheory.Integral.IntervalIntegral.FundThmCalculus",
verify	Recover stopped G5 original compiler diagnostics	2026-10-07T17:05:47.4957794Z     "Mathlib.MeasureTheory.Integral.Lebesgue.Countable",
verify	Recover stopped G5 original compiler diagnostics	2026-10-07T17:05:47.4958014Z     "Mathlib.MeasureTheory.Integral.Lebesgue.DominatedConvergence",
verify	Recover stopped G5 original compiler diagnostics	2026-10-07T17:05:47.4958164Z     "Mathlib.MeasureTheory.Integral.Lebesgue.Map",
verify	Recover stopped G5 original compiler diagnostics	2026-10-07T17:05:47.4958291Z     "Mathlib.MeasureTheory.Integral.Prod",
verify	Recover stopped G5 original compiler diagnostics	2026-10-07T17:05:47.4958430Z     "Mathlib.MeasureTheory.MeasurableSpace.Pi",
verify	Recover stopped G5 original compiler diagnostics	2026-10-07T17:05:47.4958555Z     "Mathlib.MeasureTheory.Measure.Prod",
verify	Recover stopped G5 original compiler diagnostics	2026-10-07T17:05:47.4958685Z     "Mathlib.MeasureTheory.Measure.Restrict",
verify	Recover stopped G5 original compiler diagnostics	2026-10-07T17:05:47.4958833Z     "Mathlib.Probability.Distributions.Bernoulli",
verify	Recover stopped G5 original compiler diagnostics	2026-10-07T17:05:47.4958989Z     "Mathlib.Probability.Distributions.Exponential",
verify	Recover stopped G5 original compiler diagnostics	2026-10-07T17:05:47.4959148Z     "Mathlib.Probability.Distributions.Poisson.Basic",
verify	Recover stopped G5 original compiler diagnostics	2026-10-07T17:05:47.4959290Z     "Mathlib.Probability.Distributions.Uniform",
verify	Recover stopped G5 original compiler diagnostics	2026-10-07T17:05:47.4959422Z     "Mathlib.Probability.Independence.Basic",
verify	Recover stopped G5 original compiler diagnostics	2026-10-07T17:05:47.4959634Z     "Mathlib.Probability.ProbabilityMassFunction.Constructions",
verify	Recover stopped G5 original compiler diagnostics	2026-10-07T17:05:47.4959819Z     "Mathlib.Probability.ProbabilityMassFunction.Integrals",
verify	Recover stopped G5 original compiler diagnostics	2026-10-07T17:05:47.4959915Z     "Mathlib.Tactic",
verify	Recover stopped G5 original compiler diagnostics	2026-10-07T17:05:47.4960022Z     "Mathlib.Tactic.FinCases",
verify	Recover stopped G5 original compiler diagnostics	2026-10-07T17:05:47.4960122Z     "Mathlib.Tactic.FunProp",
verify	Recover stopped G5 original compiler diagnostics	2026-10-07T17:05:47.4960225Z     "Mathlib.Tactic.Linarith",
verify	Recover stopped G5 original compiler diagnostics	2026-10-07T17:05:47.4960324Z     "Mathlib.Tactic.NormNum",
verify	Recover stopped G5 original compiler diagnostics	2026-10-07T17:05:47.4960429Z     "Mathlib.Tactic.Positivity",
verify	Recover stopped G5 original compiler diagnostics	2026-10-07T17:05:47.4960524Z     "Mathlib.Tactic.Ring"
verify	Recover stopped G5 original compiler diagnostics	2026-10-07T17:05:47.4960601Z   ],
verify	Recover stopped G5 original compiler diagnostics	2026-10-07T17:05:47.4960889Z   "scope": "Authenticated source selection only; compilation and complete audits are separate."
verify	Recover stopped G5 original compiler diagnostics	2026-10-07T17:05:47.4960969Z }
verify	Recover stopped G5 original compiler diagnostics	2026-10-07T17:05:47.4960979Z 
verify	Recover stopped G5 original compiler diagnostics	2026-10-07T17:05:47.4963797Z G5_ORIGINAL_RETRIEVAL {"source_run": 37650073193, "source_commit": "a5a80af1dedc53ff060f8d521b50596851261cd4", "artifact_id": 11496078569, "reported_artifact_zip_sha256": "439aac618c7896cd34a9b5365e8a9553a5389e451e527368c24e341ac7d20f12", "expected_failed_stdout_sha256": "34de6290607f742b7e7e67716ddf0a40bace5fcd605fcedac473905952442717", "start": "2026-10-07T17:05:44.185897+00:00", "command": ["gh", "run", "download", "37650073193", "--repo", "Sodelin/Research-Commons", "--name", "cloud-g5-37650073193", "--dir", "/home/runner/work/_temp/g6-cloud-build/g6-evidence/stopped-g5-original/artifact"], "retrieval_exit": 0, "diagnostic_found": true, "observed_failed_stdout_sha256": "34de6290607f742b7e7e67716ddf0a40bace5fcd605fcedac473905952442717", "original_hash_matches": true, "end": "2026-10-07T17:05:47.392363+00:00"}
verify	Verify G6 frozen sources serially	﻿2026-10-07T17:05:47.4996156Z ##[group]Run bash "$RUNNER_TEMP/research-commons/research/2026-10-07-cloud-g6-sol-ultra-1601z/verification/verify.sh"
verify	Verify G6 frozen sources serially	2026-10-07T17:05:47.4996573Z [36;1mbash "$RUNNER_TEMP/research-commons/research/2026-10-07-cloud-g6-sol-ultra-1601z/verification/verify.sh"[0m
verify	Verify G6 frozen sources serially	2026-10-07T17:05:47.5058752Z shell: /usr/bin/bash -e {0}
verify	Verify G6 frozen sources serially	2026-10-07T17:05:47.5058850Z ##[endgroup]
verify	Verify G6 frozen sources serially	2026-10-07T17:05:57.3438452Z info: toolchain not updated; already up-to-date
verify	Verify G6 frozen sources serially	2026-10-07T17:05:58.0638415Z info: plausible: cloning https://github.com/leanprover-community/plausible
verify	Verify G6 frozen sources serially	2026-10-07T17:05:58.8344084Z info: plausible: checking out revision 'b7eb3304aeae834b12dda98993a37f6a41f6f0bb'
verify	Verify G6 frozen sources serially	2026-10-07T17:05:58.8470461Z info: LeanSearchClient: cloning https://github.com/leanprover-community/LeanSearchClient
verify	Verify G6 frozen sources serially	2026-10-07T17:05:59.3169868Z info: LeanSearchClient: checking out revision '5f4d51b81cbd3f6b32b156bfad9056621a040404'
verify	Verify G6 frozen sources serially	2026-10-07T17:05:59.3292295Z info: importGraph: cloning https://github.com/leanprover-community/import-graph
verify	Verify G6 frozen sources serially	2026-10-07T17:06:00.9410257Z info: importGraph: checking out revision '16f02aa7642864af59f1ff0e384a015994db9118'
verify	Verify G6 frozen sources serially	2026-10-07T17:06:00.9585158Z info: proofwidgets: cloning https://github.com/leanprover-community/ProofWidgets4
verify	Verify G6 frozen sources serially	2026-10-07T17:06:01.8554315Z info: proofwidgets: checking out revision '4be2e3d5087eeb272cf5a8853b8f9dd025ef5957'
verify	Verify G6 frozen sources serially	2026-10-07T17:06:02.5405243Z info: aesop: cloning https://github.com/leanprover-community/aesop
verify	Verify G6 frozen sources serially	2026-10-07T17:06:03.3686032Z info: aesop: checking out revision '3448c0bcc5ce01b2d1546e483ec3620e32df3d0e'
verify	Verify G6 frozen sources serially	2026-10-07T17:06:03.3875073Z info: Qq: cloning https://github.com/leanprover-community/quote4
verify	Verify G6 frozen sources serially	2026-10-07T17:06:04.0606585Z info: Qq: checking out revision '92c15be17b7caf78c2ad767ec40f89052d908d81'
verify	Verify G6 frozen sources serially	2026-10-07T17:06:04.0732117Z info: batteries: cloning https://github.com/leanprover-community/batteries
verify	Verify G6 frozen sources serially	2026-10-07T17:06:06.7502542Z info: batteries: checking out revision '4488d40d070b9700d4d5a6aa342f0d40c31b2a2d'
verify	Verify G6 frozen sources serially	2026-10-07T17:06:06.7863599Z info: Cli: cloning https://github.com/leanprover/lean4-cli
verify	Verify G6 frozen sources serially	2026-10-07T17:06:07.4389179Z info: Cli: checking out revision '6130a47896ce867c6a4a55373441e59e565bad0f'
verify	Verify G6 frozen sources serially	2026-10-07T17:06:07.4523060Z info: mathlib: running post-update hooks
verify	Verify G6 frozen sources serially	2026-10-07T17:06:07.5160454Z {"version": "1.2.0",
verify	Verify G6 frozen sources serially	2026-10-07T17:06:07.5160865Z  "packagesDir": ".lake/packages",
verify	Verify G6 frozen sources serially	2026-10-07T17:06:07.5161205Z  "packages":
verify	Verify G6 frozen sources serially	2026-10-07T17:06:07.5161611Z  [{"type": "path",
verify	Verify G6 frozen sources serially	2026-10-07T17:06:07.5161907Z    "scope": "",
verify	Verify G6 frozen sources serially	2026-10-07T17:06:07.5162163Z    "name": "mathlib",
verify	Verify G6 frozen sources serially	2026-10-07T17:06:07.5162468Z    "manifestFile": "lake-manifest.json",
verify	Verify G6 frozen sources serially	2026-10-07T17:06:07.5162826Z    "inherited": false,
verify	Verify G6 frozen sources serially	2026-10-07T17:06:07.5163108Z    "dir": "deps/mathlib",
verify	Verify G6 frozen sources serially	2026-10-07T17:06:07.5163419Z    "configFile": "lakefile.lean"},
verify	Verify G6 frozen sources serially	2026-10-07T17:06:07.5163886Z   {"url": "https://github.com/leanprover-community/plausible",
verify	Verify G6 frozen sources serially	2026-10-07T17:06:07.5164362Z    "type": "git",
verify	Verify G6 frozen sources serially	2026-10-07T17:06:07.5164633Z    "subDir": null,
verify	Verify G6 frozen sources serially	2026-10-07T17:06:07.5164915Z    "scope": "leanprover-community",
verify	Verify G6 frozen sources serially	2026-10-07T17:06:07.5165304Z    "rev": "b7eb3304aeae834b12dda98993a37f6a41f6f0bb",
verify	Verify G6 frozen sources serially	2026-10-07T17:06:07.5165717Z    "name": "plausible",
verify	Verify G6 frozen sources serially	2026-10-07T17:06:07.5166020Z    "manifestFile": "lake-manifest.json",
verify	Verify G6 frozen sources serially	2026-10-07T17:06:07.5166370Z    "inputRev": "main",
verify	Verify G6 frozen sources serially	2026-10-07T17:06:07.5166910Z    "inherited": true,
verify	Verify G6 frozen sources serially	2026-10-07T17:06:07.5167234Z    "configFile": "lakefile.toml"},
verify	Verify G6 frozen sources serially	2026-10-07T17:06:07.5167632Z   {"url": "https://github.com/leanprover-community/LeanSearchClient",
verify	Verify G6 frozen sources serially	2026-10-07T17:06:07.5168299Z    "type": "git",
verify	Verify G6 frozen sources serially	2026-10-07T17:06:07.5168500Z    "subDir": null,
verify	Verify G6 frozen sources serially	2026-10-07T17:06:07.5168721Z    "scope": "leanprover-community",
verify	Verify G6 frozen sources serially	2026-10-07T17:06:07.5169020Z    "rev": "5f4d51b81cbd3f6b32b156bfad9056621a040404",
verify	Verify G6 frozen sources serially	2026-10-07T17:06:07.5169329Z    "name": "LeanSearchClient",
verify	Verify G6 frozen sources serially	2026-10-07T17:06:07.5169597Z    "manifestFile": "lake-manifest.json",
verify	Verify G6 frozen sources serially	2026-10-07T17:06:07.5169868Z    "inputRev": "main",
verify	Verify G6 frozen sources serially	2026-10-07T17:06:07.5170078Z    "inherited": true,
verify	Verify G6 frozen sources serially	2026-10-07T17:06:07.5170299Z    "configFile": "lakefile.toml"},
verify	Verify G6 frozen sources serially	2026-10-07T17:06:07.5170636Z   {"url": "https://github.com/leanprover-community/import-graph",
verify	Verify G6 frozen sources serially	2026-10-07T17:06:07.5171195Z    "type": "git",
verify	Verify G6 frozen sources serially	2026-10-07T17:06:07.5171395Z    "subDir": null,
verify	Verify G6 frozen sources serially	2026-10-07T17:06:07.5171614Z    "scope": "leanprover-community",
verify	Verify G6 frozen sources serially	2026-10-07T17:06:07.5171908Z    "rev": "16f02aa7642864af59f1ff0e384a015994db9118",
verify	Verify G6 frozen sources serially	2026-10-07T17:06:07.5172199Z    "name": "importGraph",
verify	Verify G6 frozen sources serially	2026-10-07T17:06:07.5172454Z    "manifestFile": "lake-manifest.json",
verify	Verify G6 frozen sources serially	2026-10-07T17:06:07.5172736Z    "inputRev": "main",
verify	Verify G6 frozen sources serially	2026-10-07T17:06:07.5172952Z    "inherited": true,
verify	Verify G6 frozen sources serially	2026-10-07T17:06:07.5173175Z    "configFile": "lakefile.toml"},
verify	Verify G6 frozen sources serially	2026-10-07T17:06:07.5173515Z   {"url": "https://github.com/leanprover-community/ProofWidgets4",
verify	Verify G6 frozen sources serially	2026-10-07T17:06:07.5173855Z    "type": "git",
verify	Verify G6 frozen sources serially	2026-10-07T17:06:07.5174048Z    "subDir": null,
verify	Verify G6 frozen sources serially	2026-10-07T17:06:07.5174261Z    "scope": "leanprover-community",
verify	Verify G6 frozen sources serially	2026-10-07T17:06:07.5174550Z    "rev": "4be2e3d5087eeb272cf5a8853b8f9dd025ef5957",
verify	Verify G6 frozen sources serially	2026-10-07T17:06:07.5174843Z    "name": "proofwidgets",
verify	Verify G6 frozen sources serially	2026-10-07T17:06:07.5175090Z    "manifestFile": "lake-manifest.json",
verify	Verify G6 frozen sources serially	2026-10-07T17:06:07.5175363Z    "inputRev": "main",
verify	Verify G6 frozen sources serially	2026-10-07T17:06:07.5175596Z    "inherited": true,
verify	Verify G6 frozen sources serially	2026-10-07T17:06:07.5175813Z    "configFile": "lakefile.lean"},
verify	Verify G6 frozen sources serially	2026-10-07T17:06:07.5176118Z   {"url": "https://github.com/leanprover-community/aesop",
verify	Verify G6 frozen sources serially	2026-10-07T17:06:07.5176431Z    "type": "git",
verify	Verify G6 frozen sources serially	2026-10-07T17:06:07.5176624Z    "subDir": null,
verify	Verify G6 frozen sources serially	2026-10-07T17:06:07.5177207Z    "scope": "leanprover-community",
verify	Verify G6 frozen sources serially	2026-10-07T17:06:07.5177505Z    "rev": "3448c0bcc5ce01b2d1546e483ec3620e32df3d0e",
verify	Verify G6 frozen sources serially	2026-10-07T17:06:07.5177789Z    "name": "aesop",
verify	Verify G6 frozen sources serially	2026-10-07T17:06:07.5178021Z    "manifestFile": "lake-manifest.json",
verify	Verify G6 frozen sources serially	2026-10-07T17:06:07.5178284Z    "inputRev": "master",
verify	Verify G6 frozen sources serially	2026-10-07T17:06:07.5178501Z    "inherited": true,
verify	Verify G6 frozen sources serially	2026-10-07T17:06:07.5178715Z    "configFile": "lakefile.toml"},
verify	Verify G6 frozen sources serially	2026-10-07T17:06:07.5179017Z   {"url": "https://github.com/leanprover-community/quote4",
verify	Verify G6 frozen sources serially	2026-10-07T17:06:07.5179324Z    "type": "git",
verify	Verify G6 frozen sources serially	2026-10-07T17:06:07.5179512Z    "subDir": null,
verify	Verify G6 frozen sources serially	2026-10-07T17:06:07.5179724Z    "scope": "leanprover-community",
verify	Verify G6 frozen sources serially	2026-10-07T17:06:07.5180013Z    "rev": "92c15be17b7caf78c2ad767ec40f89052d908d81",
verify	Verify G6 frozen sources serially	2026-10-07T17:06:07.5180294Z    "name": "Qq",
verify	Verify G6 frozen sources serially	2026-10-07T17:06:07.5180514Z    "manifestFile": "lake-manifest.json",
verify	Verify G6 frozen sources serially	2026-10-07T17:06:07.5180788Z    "inputRev": "master",
verify	Verify G6 frozen sources serially	2026-10-07T17:06:07.5181003Z    "inherited": true,
verify	Verify G6 frozen sources serially	2026-10-07T17:06:07.5181218Z    "configFile": "lakefile.toml"},
verify	Verify G6 frozen sources serially	2026-10-07T17:06:07.5181535Z   {"url": "https://github.com/leanprover-community/batteries",
verify	Verify G6 frozen sources serially	2026-10-07T17:06:07.5181851Z    "type": "git",
verify	Verify G6 frozen sources serially	2026-10-07T17:06:07.5182043Z    "subDir": null,
verify	Verify G6 frozen sources serially	2026-10-07T17:06:07.5182255Z    "scope": "leanprover-community",
verify	Verify G6 frozen sources serially	2026-10-07T17:06:07.5182534Z    "rev": "4488d40d070b9700d4d5a6aa342f0d40c31b2a2d",
verify	Verify G6 frozen sources serially	2026-10-07T17:06:07.5182858Z    "name": "batteries",
verify	Verify G6 frozen sources serially	2026-10-07T17:06:07.5183090Z    "manifestFile": "lake-manifest.json",
verify	Verify G6 frozen sources serially	2026-10-07T17:06:07.5183348Z    "inputRev": "main",
verify	Verify G6 frozen sources serially	2026-10-07T17:06:07.5183563Z    "inherited": true,
verify	Verify G6 frozen sources serially	2026-10-07T17:06:07.5183775Z    "configFile": "lakefile.toml"},
verify	Verify G6 frozen sources serially	2026-10-07T17:06:07.5184061Z   {"url": "https://github.com/leanprover/lean4-cli",
verify	Verify G6 frozen sources serially	2026-10-07T17:06:07.5184344Z    "type": "git",
verify	Verify G6 frozen sources serially	2026-10-07T17:06:07.5184532Z    "subDir": null,
verify	Verify G6 frozen sources serially	2026-10-07T17:06:07.5184731Z    "scope": "leanprover",
verify	Verify G6 frozen sources serially	2026-10-07T17:06:07.5184978Z    "rev": "6130a47896ce867c6a4a55373441e59e565bad0f",
verify	Verify G6 frozen sources serially	2026-10-07T17:06:07.5185248Z    "name": "Cli",
verify	Verify G6 frozen sources serially	2026-10-07T17:06:07.5185461Z    "manifestFile": "lake-manifest.json",
verify	Verify G6 frozen sources serially	2026-10-07T17:06:07.5185880Z    "inputRev": "v4.33.0",
verify	Verify G6 frozen sources serially	2026-10-07T17:06:07.5186101Z    "inherited": true,
verify	Verify G6 frozen sources serially	2026-10-07T17:06:07.5186323Z    "configFile": "lakefile.toml"}],
verify	Verify G6 frozen sources serially	2026-10-07T17:06:07.5186571Z  "name": "unifiedLean",
verify	Verify G6 frozen sources serially	2026-10-07T17:06:07.5187040Z  "lakeDir": ".lake",
verify	Verify G6 frozen sources serially	2026-10-07T17:06:07.5187258Z  "fixedToolchain": false}
verify	Verify G6 frozen sources serially	2026-10-07T17:06:07.6190509Z G6_INPUTS {"source_commit": "1eb4b9a7f39f50aa6bc59f2791e82d380764fdf5", "targets": ["G3ApproximateMomentBarrier", "UnifiedLean.G6.FiniteProbability", "UnifiedLean.G6.Conditioning", "UnifiedLean.G6.SourcePrefix", "UnifiedLean.G6.ProgramPrefix", "UnifiedLean.G6.TaylorCertificate", "G5FrozenTripleAnalyticSupport"], "modules": {"G3ApproximateMomentBarrier": {"path": "G3ApproximateMomentBarrier.lean", "sha256": "2f354386c7e8acb103c1665400f654a683aed6603175ddaf9f3451cf638a66b0", "imports": ["Mathlib.Data.Real.Basic", "Mathlib.Tactic.Ring", "Mathlib.Tactic.Linarith", "Mathlib.Tactic.Positivity"]}, "UnifiedLean.G6.FiniteProbability": {"path": "UnifiedLean/G6/FiniteProbability.lean", "sha256": "9a2bd3035539406b5ee5fafa08c7dca3d5bddbcbbbe1156d328ada81a37ba1c3", "imports": ["Mathlib.Probability.ProbabilityMassFunction.Constructions", "Mathlib.Tactic.Linarith", "Mathlib.Tactic.Ring"]}, "UnifiedLean.G6.Conditioning": {"path": "UnifiedLean/G6/Conditioning.lean", "sha256": "b12f8aaf83ff17b14f9d616dcbb906ae130a00d15685851c9b84eaf15ae95d91", "imports": ["UnifiedLean.G6.FiniteProbability"]}, "UnifiedLean.G6.SourcePrefix": {"path": "UnifiedLean/G6/SourcePrefix.lean", "sha256": "3541c469c821f9f61c3aeebe0baa99456bbfc6db95e4f47fc0cd7913da208314", "imports": ["UnifiedLean.G6.Conditioning", "UnifiedLean.Source.SourcePoissonExponential"]}, "UnifiedLean.Source.SourcePoissonExponential": {"path": "UnifiedLean/Source/SourcePoissonExponential.lean", "sha256": "463eb0e4a9cd9307898eface172100183b8ac9d412c1389a2c5b9ad4981c2d9a", "imports": ["UnifiedLean.Source.SourcePoissonKernel", "UnifiedLean.Source.SourceGeneratorExponential"]}, "UnifiedLean.Source.SourcePoissonKernel": {"path": "UnifiedLean/Source/SourcePoissonKernel.lean", "sha256": "13ab4d1a209554878e189061cbede00154c7b72548465757624cc2e4af66e98c", "imports": ["UnifiedLean.Source.SourceFiniteProjection", "Mathlib.Probability.Distributions.Poisson.Basic"]}, "UnifiedLean.Source.SourceFiniteProjection": {"path": "UnifiedLean/Source/SourceFiniteProjection.lean", "sha256": "09398c920468ba6ead16b523cecd9f86e7648e7063602256ee4634385df1cab3", "imports": ["UnifiedLean.Source.SourceStepGeneratorBinding", "UnifiedLean.Source.MatrixProjectionExponential", "Mathlib.Data.ENNReal.BigOperators"]}, "UnifiedLean.Source.SourceStepGeneratorBinding": {"path": "UnifiedLean/Source/SourceStepGeneratorBinding.lean", "sha256": "8021b8bddcc5cd070185843ca5454dfb289572a2592854efbbdd9e41d48396d0", "imports": ["UnifiedLean.Source.UniformizedSourceStep", "UnifiedLean.Source.SourceForestIntrinsicGenerator", "Mathlib.Probability.ProbabilityMassFunction.Integrals", "Mathlib.MeasureTheory.Integral.Bochner.Basic"]}, "UnifiedLean.Source.UniformizedSourceStep": {"path": "UnifiedLean/Source/UniformizedSourceStep.lean", "sha256": "9d5a95047e3c04f9e12334cd4b5569e36e1dfa2cd4b1573f217eeb559ff9691c", "imports": ["UnifiedLean.Source.FiniteSourceSnapshot", "UnifiedLean.Source.NativePairClockLaw", "SourceForestKingmanPopulationProjection", "Mathlib.Probability.ProbabilityMassFunction.Constructions", "Mathlib.Algebra.BigOperators.Field"]}, "UnifiedLean.Source.FiniteSourceSnapshot": {"path": "UnifiedLean/Source/FiniteSourceSnapshot.lean", "sha256": "4628112bbbc69528748bbc93f8a3f8200bc802a6e72417fb90c39e7acd49f744", "imports": ["UnifiedLean.Source.FiniteGenealogyEncoding", "UnifiedLean.Source.SourceForestSilentPruning"]}, "UnifiedLean.Source.FiniteGenealogyEncoding": {"path": "UnifiedLean/Source/FiniteGenealogyEncoding.lean", "sha256": "3d862f8d9f9a43aed6324954ebea749001fd2b221dd90dd7d58cf4e4419fbcac", "imports": ["UnifiedLean.Source.SourceForestSilentPruning", "Mathlib.Data.Fintype.Sum"]}, "UnifiedLean.Source.SourceForestSilentPruning": {"path": "UnifiedLean/Source/SourceForestSilentPruning.lean", "sha256": "86f61cc8ce06af574ee98b37db0ecd7c8cbc2df99e495ce1b9a66605ea8fb5c2", "imports": ["SourceForestKingmanPopulationProjection"]}, "SourceForestKingmanPopulationProjection": {"path": "Imported/SourceForestKingmanPopulationProjection.lean", "sha256": "e8733ab8e66c60f98cfcfcd56e703b55a5ad8674dc5361f4ac6cb0c35f80f6e4", "imports": ["SourceForestKingmanProjection"]}, "SourceForestKingmanProjection": {"path": "Imported/SourceForestKingmanProjection.lean", "sha256": "781d4a7ee62e5e98fa15e056e201a2c753a2f945bd536cf9df6cb04d906511a0", "imports": ["SourceLabelledForest", "Mathlib.Data.Real.Basic", "Mathlib.Data.Finset.Prod", "Mathlib.Algebra.BigOperators.Group.Finset.Basic", "Mathlib.Tactic.NormNum"]}, "SourceLabelledForest": {"path": "Imported/SourceLabelledForest.lean", "sha256": "d6e5b2b57cf03091f8b5b5a2c80cf49de39bab938c50a467b46b30e08f12871d", "imports": ["G2LiveLineageRouting", "Mathlib.Data.Finset.Card", "Mathlib.Data.Fintype.BigOperators", "Mathlib.Algebra.BigOperators.Ring.Finset", "Mathlib.Algebra.Order.BigOperators.GroupWithZero.Finset", "Mathlib.Algebra.Order.BigOperators.Group.Finset", "Mathlib.Algebra.BigOperators.GroupWithZero.Finset", "Lean.Elab.Tactic.Omega"]}, "G2LiveLineageRouting": {"path": "Imported/G2LiveLineageRouting.lean", "sha256": "bf33f6be93e61960aa637df34d1197316669d6f2ddde6d743ac405a010cb05af", "imports": ["SourceNetwork", "Mathlib.Data.Rat.Lemmas", "Mathlib.Tactic.Ring"]}, "SourceNetwork": {"path": "Imported/SourceNetwork.lean", "sha256": "0e0a2a3ed6bdbbd7242980a6428ebf8ec0ec85d077d2ccf9cd8dfef4e1bd2eb7", "imports": ["Mathlib.Data.Fintype.Card", "Mathlib.Logic.Relation"]}, "UnifiedLean.Source.NativePairClockLaw": {"path": "UnifiedLean/Source/NativePairClockLaw.lean", "sha256": "470738f7397f640a76374f791c485d757d1e2ac38769a11f05d0abc03c8aa9ae", "imports": ["UnifiedLean.Source.NativeParentRouting", "G4AllRootPairClocks", "Mathlib.Data.ENNReal.BigOperators"]}, "UnifiedLean.Source.NativeParentRouting": {"path": "UnifiedLean/Source/NativeParentRouting.lean", "sha256": "300d7216193e945ca26161535c1bc2ba75a128fe5c075b6a3567bbda66bfe0b6", "imports": ["G5OriginalRouteHazard", "G4PathResolvedMeasurement", "Mathlib.MeasureTheory.Constructions.Pi", "Mathlib.Data.Finset.Card"]}, "G5OriginalRouteHazard": {"path": "Imported/G5OriginalRouteHazard.lean", "sha256": "9cf84860342b132e474d034ae05034129b47aa116e8bcf0e965989e7e58e4e8a", "imports": ["G5SafePastMeetingPermanence", "G5UnknownRateSupport", "Mathlib.Data.Finset.Max"]}, "G5SafePastMeetingPermanence": {"path": "Imported/G5SafePastMeetingPermanence.lean", "sha256": "30864de3e16b9d9b9a80c0139ac2173e10cf71f4b30e2b324dee9d54d0eefc9e", "imports": ["G5PairOnlySureBlockChronology"]}, "G5PairOnlySureBlockChronology": {"path": "Imported/G5PairOnlySureBlockChronology.lean", "sha256": "1ac87b91536cbe08b2ec4afe4ca3ea28c21386b6c432c6bd81731a30ea39871b", "imports": ["G5SafePastHybridDisjointness"]}, "G5SafePastHybridDisjointness": {"path": "Imported/G5SafePastHybridDisjointness.lean", "sha256": "99c5803e9c056152a260eccff1b8351239c12ca9e5ef40b51a419419992efe97", "imports": ["G5ProtectiveBlock", "G5ParentPositionPushforward"]}, "G5ProtectiveBlock": {"path": "Imported/G5ProtectiveBlock.lean", "sha256": "45d1f8284504ee2b591c4d56654ce7375e3979b1a97495fc439c6f4477dcffe9", "imports": ["G5CalendarRoutes"]}, "G5CalendarRoutes": {"path": "Imported/G5CalendarRoutes.lean", "sha256": "db0e9421d59009e4119ac42e7e86517ada50f5007a314fd430f4b0937f6c80fd", "imports": ["G5BridgeBarrier", "Mathlib.Data.Real.Basic", "Mathlib.Tactic.Linarith"]}, "G5BridgeBarrier": {"path": "Imported/G5BridgeBarrier.lean", "sha256": "0e2af6987c473e34c09a74ab41b3ede45ce049cbc04fde42b1d2108162467f77", "imports": ["GraphCuts"]}, "GraphCuts": {"path": "Imported/GraphCuts.lean", "sha256": "a877489ce00643ef1bf96b14d484453797891c718445ce157aa7a54beefce2e5", "imports": ["GraphLeaves"]}, "GraphLeaves": {"path": "Imported/GraphLeaves.lean", "sha256": "9d7e0f1756768fe32d4b38514c36bd961a306fb21dcf6b7fb27f5e6285a5f49b", "imports": ["SourceNetwork", "Mathlib.Data.Fintype.EquivFin"]}, "G5ParentPositionPushforward": {"path": "Imported/G5ParentPositionPushforward.lean", "sha256": "4f81aef02bb0f225aea6b377757f9282d336da685eb3e728dad1cf133f83d8db", "imports": ["G5ParentChoiceCalendar", "G5OriginalCoinPMF"]}, "G5ParentChoiceCalendar": {"path": "Imported/G5ParentChoiceCalendar.lean", "sha256": "357d5e59016672583318546b03bebb04ccdd5fbf95247cab22c98465dbf715b9", "imports": ["G5OriginalTipCurrentSupport"]}, "G5OriginalTipCurrentSupport": {"path": "Imported/G5OriginalTipCurrentSupport.lean", "sha256": "4324f00cb8db4d3c6ab0bfaa5e7283fcde521568f40d95aaddb9e32f896cdba2", "imports": ["G5CurrentPortTwoPositions"]}, "G5CurrentPortTwoPositions": {"path": "Imported/G5CurrentPortTwoPositions.lean", "sha256": "c24d3d860a5369434f6d236c37003d3045e6452fd57dd21396dd877a5a452ce9", "imports": ["G5RootRouteCurrentSupport"]}, "G5RootRouteCurrentSupport": {"path": "Imported/G5RootRouteCurrentSupport.lean", "sha256": "c72a58ae14539e524c37c97193d2343158eff784557fef12a7e4b7360157b554", "imports": ["G5ActualComponentSupport"]}, "G5ActualComponentSupport": {"path": "Imported/G5ActualComponentSupport.lean", "sha256": "5da0a86f2d1caf9b3a78a0fd75765194fa5652ad1a55c09382502d8354faaec7", "imports": ["G5ComponentCalendarCoverage"]}, "G5ComponentCalendarCoverage": {"path": "Imported/G5ComponentCalendarCoverage.lean", "sha256": "3d73d592d4c129b1b06f2eccd48a94fd8afe1e50f030a5eb18e8c3ddb9f12c10", "imports": ["G5BridgeComponentEntries", "G5NonbridgeRouteBound", "Mathlib.Tactic"]}, "G5BridgeComponentEntries": {"path": "Imported/G5BridgeComponentEntries.lean", "sha256": "286bcf82d6f79056a8d0d443aa6d4f19c7ca5a72669e62d8f2f4868ef0d6acc6", "imports": ["G6BridgeCannotEnterHybrid", "G5CalendarRoutes"]}, "G6BridgeCannotEnterHybrid": {"path": "Imported/G6BridgeCannotEnterHybrid.lean", "sha256": "60befd0f3660e56b46ca80f17a0c11f8ecd415833d0d52fad5ecafef7df6389e", "imports": ["G5MinimalGraphInterface", "G2LiveLineageRouting"]}, "G5MinimalGraphInterface": {"path": "Imported/G5MinimalGraphInterface.lean", "sha256": "20e09481ee4518de56cf201c978d98b4cec0d94c0fbfebd40008d3a3fa799281", "imports": ["GraphCuts"]}, "G5NonbridgeRouteBound": {"path": "Imported/G5NonbridgeRouteBound.lean", "sha256": "7a0c7b0010fe42167fab26da7daf366f695c448b283a211751c5dd5416920525", "imports": ["G5CalendarRoutes", "Mathlib.Data.Fintype.Card"]}, "G5OriginalCoinPMF": {"path": "Imported/G5OriginalCoinPMF.lean", "sha256": "ae0e933761b49e5ca244a1756b77ba3c0e545bf1aa33ca75d51fc8caf8a1b5c1", "imports": ["G5FairOriginalCoinLaw"]}, "G5FairOriginalCoinLaw": {"path": "Imported/G5FairOriginalCoinLaw.lean", "sha256": "6a8905aa53481bdc37914e5d01197af12a9ddde1ffc42fc4b896603a6b61aa8e", "imports": ["SourceLabelledForest", "G5FairSelectorMoments", "Mathlib.Data.Rat.BigOperators", "Mathlib.Data.ENNReal.BigOperators", "Mathlib.Algebra.BigOperators.Group.Finset.Sigma"]}, "G5FairSelectorMoments": {"path": "Imported/G5FairSelectorMoments.lean", "sha256": "97a29621340a7dd103409ee8ce84675560f4b8e03aa7db63314ca24b337be71f", "imports": ["G5CoupledQuartetKernel", "Mathlib.Probability.Distributions.Uniform"]}, "G5CoupledQuartetKernel": {"path": "Imported/G5CoupledQuartetKernel.lean", "sha256": "f9275364f5777a968c37ce39c24ea95179d23b4e54414463a62a4860c33361c1", "imports": ["Mathlib.Tactic"]}, "G5UnknownRateSupport": {"path": "Imported/G5UnknownRateSupport.lean", "sha256": "5138246c24f49bc7b4b2adf28fd776b1b89f16e5cf7bc5bfa1b27c97afa7fa93", "imports": ["G5ExponentialGermIdentification", "Mathlib.Algebra.BigOperators.Finsupp.Basic"]}, "G5ExponentialGermIdentification": {"path": "Imported/G5ExponentialGermIdentification.lean", "sha256": "c87eb5933db663acbed6128f9898ed357c1c0ba9a8fbf287ebb04cbecffa13d0", "imports": ["Mathlib.LinearAlgebra.Vandermonde", "Mathlib.Analysis.SpecialFunctions.Exp", "Mathlib.Tactic.Linarith", "Mathlib.Tactic.Ring"]}, "G4PathResolvedMeasurement": {"path": "Imported/G4PathResolvedMeasurement.lean", "sha256": "af20fe6e206d9b407ad7b16310d75eb12191b0b7a137d189b466209ed02f0eb9", "imports": ["G4TwoRootSourceStopping", "G4AllRootPairClocks", "Mathlib.Probability.ProbabilityMassFunction.Constructions", "Mathlib.Algebra.BigOperators.Ring.Finset", "Mathlib.Algebra.Order.BigOperators.GroupWithZero.Finset"]}, "G4TwoRootSourceStopping": {"path": "Imported/G4TwoRootSourceStopping.lean", "sha256": "b5dd33d135fcb9267ae3297229e51434b5cfd434e08ef89ecacf34affd5e541d", "imports": ["Mathlib.Data.Real.Basic", "Mathlib.Data.Fintype.Basic", "Mathlib.Algebra.BigOperators.Group.Finset.Basic", "Mathlib.Tactic.Ring", "Mathlib.Tactic.Linarith", "Mathlib.Tactic.Positivity"]}, "G4AllRootPairClocks": {"path": "Imported/G4AllRootPairClocks.lean", "sha256": "149c8603c734e2ccb021963be42609698285033c1296b2bca18d0716f4258744", "imports": ["G4IndependentRoutingBridge", "Mathlib.MeasureTheory.Constructions.Pi", "Mathlib.Data.Fintype.Powerset", "Mathlib.Data.ENNReal.BigOperators"]}, "G4IndependentRoutingBridge": {"path": "Imported/G4IndependentRoutingBridge.lean", "sha256": "e30d82ea7e57138d463c779205dfcf686b520cb649d9d5767ee3c13853f19f6b", "imports": ["G2LiveLineageRouting", "G1SharedRegisterStress", "Mathlib.Data.Nat.Choose.Basic", "Lean.Elab.Tactic.Omega", "G4FourRootPositivity", "Mathlib.Data.Fin.Tuple.Basic", "Mathlib.Data.Fintype.BigOperators", "Mathlib.Algebra.BigOperators.Fin", "Mathlib.Algebra.Order.BigOperators.GroupWithZero.Finset", "Mathlib.Algebra.BigOperators.Ring.Finset", "Mathlib.Tactic.NormNum"]}, "G1SharedRegisterStress": {"path": "Imported/G1SharedRegisterStress.lean", "sha256": "d65004b11e07bb553637161bd7b1395186ea20e2c39e7c50c800af4871f018db", "imports": ["Mathlib.Probability.Distributions.Exponential", "Mathlib.Analysis.SpecialFunctions.Log.Basic", "Mathlib.Tactic.Ring", "Mathlib.Tactic.NormNum"]}, "G4FourRootPositivity": {"path": "Imported/G4FourRootPositivity.lean", "sha256": "24823aa835fb0649d8754777d975315e82ead74d3f065093e2d03c743f7356fa", "imports": ["Mathlib.Data.Real.Basic", "Mathlib.Tactic.Ring", "Mathlib.Tactic.Linarith", "Mathlib.Tactic.Positivity"]}, "UnifiedLean.Source.SourceForestIntrinsicGenerator": {"path": "UnifiedLean/Source/SourceForestIntrinsicGenerator.lean", "sha256": "b282351bf116ae756c7e9c6ee1e3cbace41a8d753b47cac7e53c4a918c82d16f", "imports": ["UnifiedLean.Source.SourceForestGeneratorIntertwining"]}, "UnifiedLean.Source.SourceForestGeneratorIntertwining": {"path": "UnifiedLean/Source/SourceForestGeneratorIntertwining.lean", "sha256": "b186f0d381b0e62078d887f90ce46ecbe91def99ec66ec51c98053b9d60c0f28", "imports": ["UnifiedLean.Source.SourceForestSilentPruning", "Mathlib.Algebra.BigOperators.Group.Finset.Basic"]}, "UnifiedLean.Source.MatrixProjectionExponential": {"path": "UnifiedLean/Source/MatrixProjectionExponential.lean", "sha256": "870438089e6cf05dd93761172ea1bf6b2aa96654708e97b9d348e0dfcb44dfa2", "imports": ["Mathlib.Analysis.Normed.Algebra.MatrixExponential"]}, "UnifiedLean.Source.SourceGeneratorExponential": {"path": "UnifiedLean/Source/SourceGeneratorExponential.lean", "sha256": "f761ddf2f5efb9906ec8f841567d02fae946cce763260f238834a147090e461d", "imports": ["UnifiedLean.Source.SourceFiniteProjection"]}, "UnifiedLean.G6.ProgramPrefix": {"path": "UnifiedLean/G6/ProgramPrefix.lean", "sha256": "a3abfb604730e227eb543faf2f280a656bab74d27787d87c3f2327082306a5bb", "imports": ["UnifiedLean.G6.SourcePrefix", "UnifiedLean.Source.SourceProgramTransport"]}, "UnifiedLean.Source.SourceProgramTransport": {"path": "UnifiedLean/Source/SourceProgramTransport.lean", "sha256": "d009fdfc510bfcaffaeea3bc241401eaf2996178ff4b82376eb22f1e49387831", "imports": ["UnifiedLean.Source.SourceBoundaryProjection", "UnifiedLean.Source.SourcePoissonKernel"]}, "UnifiedLean.Source.SourceBoundaryProjection": {"path": "UnifiedLean/Source/SourceBoundaryProjection.lean", "sha256": "f1cb1e557b5f08cba2d37465bc4386bc6adc2f19fd12a132f7d6f835b1e24f0f", "imports": ["UnifiedLean.Source.SourceBoundaryKernels"]}, "UnifiedLean.Source.SourceBoundaryKernels": {"path": "UnifiedLean/Source/SourceBoundaryKernels.lean", "sha256": "994b25e798e39889a56084b267c3e896580cd21e902764c3c6922d9bfdd6070d", "imports": ["UnifiedLean.Source.SourceFiniteProjection", "UnifiedLean.Source.SourceForestPulseMeasure", "UnifiedLean.Source.SourceForestCommonPulse"]}, "UnifiedLean.Source.SourceForestPulseMeasure": {"path": "UnifiedLean/Source/SourceForestPulseMeasure.lean", "sha256": "04a3a1c1f027903e62b77f966639c80da77aaa776871a0d9bd0657eac35b9e4f", "imports": ["UnifiedLean.Source.SourceForestPulseTransport", "Mathlib.Probability.Distributions.Bernoulli", "Mathlib.MeasureTheory.Constructions.Pi"]}, "UnifiedLean.Source.SourceForestPulseTransport": {"path": "UnifiedLean/Source/SourceForestPulseTransport.lean", "sha256": "8e1a3d62afab25247dd3a281d30f7dc20db1949ea1b589c2d77980b3b48874f1", "imports": ["UnifiedLean.Source.SourceForestIntrinsicGenerator", "G2LiveLineageRouting"]}, "UnifiedLean.Source.SourceForestCommonPulse": {"path": "UnifiedLean/Source/SourceForestCommonPulse.lean", "sha256": "cac1082f66a84b943dbc8ba9f2e8082ce12bbb42a4b1503e31722597b0faa138", "imports": ["UnifiedLean.Source.SourceForestPulseTransport"]}, "UnifiedLean.G6.TaylorCertificate": {"path": "UnifiedLean/G6/TaylorCertificate.lean", "sha256": "eac88ebb03ec5443cd12e95d9a95510eec2a1ca94396ddc8b3409882e1e9049b", "imports": ["UnifiedLean.G6.SourcePrefix", "Mathlib.Analysis.SpecificLimits.Basic", "Mathlib.Analysis.SpecificLimits.Normed"]}, "G5FrozenTripleAnalyticSupport": {"path": "G5FrozenTripleAnalyticSupport.lean", "sha256": "8735accdbce894200eba6bcc64f3a61c8870f3c7a24416114e6279debbb64ed5", "imports": ["G5FrozenTriplePolynomialKernel", "G5UnknownRateSupport"]}, "G5FrozenTriplePolynomialKernel": {"path": "G5FrozenTriplePolynomialKernel.lean", "sha256": "ba0c611a563318de5d2310b6620cae0899c77b9ead6cf690efd82af926c746a4", "imports": ["Mathlib.Analysis.SpecialFunctions.Exp", "Mathlib.Tactic.FinCases", "Mathlib.Tactic.NormNum", "Mathlib.Tactic.FunProp", "Mathlib.Tactic.Positivity", "Mathlib.Tactic.Ring"]}}, "topological_order": ["G3ApproximateMomentBarrier", "UnifiedLean.G6.FiniteProbability", "UnifiedLean.G6.Conditioning", "SourceNetwork", "G2LiveLineageRouting", "SourceLabelledForest", "SourceForestKingmanProjection", "SourceForestKingmanPopulationProjection", "UnifiedLean.Source.SourceForestSilentPruning", "UnifiedLean.Source.FiniteGenealogyEncoding", "UnifiedLean.Source.FiniteSourceSnapshot", "GraphLeaves", "GraphCuts", "G5BridgeBarrier", "G5CalendarRoutes", "G5ProtectiveBlock", "G5MinimalGraphInterface", "G6BridgeCannotEnterHybrid", "G5BridgeComponentEntries", "G5NonbridgeRouteBound", "G5ComponentCalendarCoverage", "G5ActualComponentSupport", "G5RootRouteCurrentSupport", "G5CurrentPortTwoPositions", "G5OriginalTipCurrentSupport", "G5ParentChoiceCalendar", "G5CoupledQuartetKernel", "G5FairSelectorMoments", "G5FairOriginalCoinLaw", "G5OriginalCoinPMF", "G5ParentPositionPushforward", "G5SafePastHybridDisjointness", "G5PairOnlySureBlockChronology", "G5SafePastMeetingPermanence", "G5ExponentialGermIdentification", "G5UnknownRateSupport", "G5OriginalRouteHazard", "G4TwoRootSourceStopping", "G1SharedRegisterStress", "G4FourRootPositivity", "G4IndependentRoutingBridge", "G4AllRootPairClocks", "G4PathResolvedMeasurement", "UnifiedLean.Source.NativeParentRouting", "UnifiedLean.Source.NativePairClockLaw", "UnifiedLean.Source.UniformizedSourceStep", "UnifiedLean.Source.SourceForestGeneratorIntertwining", "UnifiedLean.Source.SourceForestIntrinsicGenerator", "UnifiedLean.Source.SourceStepGeneratorBinding", "UnifiedLean.Source.MatrixProjectionExponential", "UnifiedLean.Source.SourceFiniteProjection", "UnifiedLean.Source.SourcePoissonKernel", "UnifiedLean.Source.SourceGeneratorExponential", "UnifiedLean.Source.SourcePoissonExponential", "UnifiedLean.G6.SourcePrefix", "UnifiedLean.Source.SourceForestPulseTransport", "UnifiedLean.Source.SourceForestPulseMeasure", "UnifiedLean.Source.SourceForestCommonPulse", "UnifiedLean.Source.SourceBoundaryKernels", "UnifiedLean.Source.SourceBoundaryProjection", "UnifiedLean.Source.SourceProgramTransport", "UnifiedLean.G6.ProgramPrefix", "UnifiedLean.G6.TaylorCertificate", "G5FrozenTriplePolynomialKernel", "G5FrozenTripleAnalyticSupport"], "mathlib_roots": ["Mathlib.Algebra.BigOperators.Field", "Mathlib.Algebra.BigOperators.Fin", "Mathlib.Algebra.BigOperators.Finsupp.Basic", "Mathlib.Algebra.BigOperators.Group.Finset.Basic", "Mathlib.Algebra.BigOperators.Group.Finset.Sigma", "Mathlib.Algebra.BigOperators.GroupWithZero.Finset", "Mathlib.Algebra.BigOperators.Ring.Finset", "Mathlib.Algebra.Order.BigOperators.Group.Finset", "Mathlib.Algebra.Order.BigOperators.GroupWithZero.Finset", "Mathlib.Analysis.Normed.Algebra.MatrixExponential", "Mathlib.Analysis.SpecialFunctions.Exp", "Mathlib.Analysis.SpecialFunctions.Log.Basic", "Mathlib.Analysis.SpecificLimits.Basic", "Mathlib.Analysis.SpecificLimits.Normed", "Mathlib.Data.ENNReal.BigOperators", "Mathlib.Data.Fin.Tuple.Basic", "Mathlib.Data.Finset.Card", "Mathlib.Data.Finset.Max", "Mathlib.Data.Finset.Prod", "Mathlib.Data.Fintype.Basic", "Mathlib.Data.Fintype.BigOperators", "Mathlib.Data.Fintype.Card", "Mathlib.Data.Fintype.EquivFin", "Mathlib.Data.Fintype.Powerset", "Mathlib.Data.Fintype.Sum", "Mathlib.Data.Nat.Choose.Basic", "Mathlib.Data.Rat.BigOperators", "Mathlib.Data.Rat.Lemmas", "Mathlib.Data.Real.Basic", "Mathlib.LinearAlgebra.Vandermonde", "Mathlib.Logic.Relation", "Mathlib.MeasureTheory.Constructions.Pi", "Mathlib.MeasureTheory.Integral.Bochner.Basic", "Mathlib.Probability.Distributions.Bernoulli", "Mathlib.Probability.Distributions.Exponential", "Mathlib.Probability.Distributions.Poisson.Basic", "Mathlib.Probability.Distributions.Uniform", "Mathlib.Probability.ProbabilityMassFunction.Constructions", "Mathlib.Probability.ProbabilityMassFunction.Integrals", "Mathlib.Tactic", "Mathlib.Tactic.FinCases", "Mathlib.Tactic.FunProp", "Mathlib.Tactic.Linarith", "Mathlib.Tactic.NormNum", "Mathlib.Tactic.Positivity", "Mathlib.Tactic.Ring"], "dependencies": {"lean_version": "Lean (version 4.33.1, x86_64-unknown-linux-gnu, commit 819816b2e0a3bf405af45ae5c7af2491d8f5bee6, Release)", "lean_executable_sha256": "e8baaa71855a616dc351028f3ad2200051b0671f423a1696a100e809302d5550", "mathlib_commit": "0df444a360eaa60ab8c11dca51a86af692955474", "lake_manifest_sha256": "3e6db0717fa282f57960b18408add3f7d7997226dd1889d362c66c16cb0f54f2", "lake_registration_sha256": "da34bf3320beb9482cdb7148daaf54e5a098ccef8dfeab40b764e97f11fd4a0c", "verification_script_sha256": "1d09dc75d499bf4bdcf187bc45a44583d7107fac96209fd9d3f46e4309d843da"}}
verify	Verify G6 frozen sources serially	2026-10-07T17:06:07.6289135Z G6_COMMAND {"argv": ["lake", "exe", "cache", "get", "Mathlib.Algebra.BigOperators.Field", "Mathlib.Algebra.BigOperators.Fin", "Mathlib.Algebra.BigOperators.Finsupp.Basic", "Mathlib.Algebra.BigOperators.Group.Finset.Basic", "Mathlib.Algebra.BigOperators.Group.Finset.Sigma", "Mathlib.Algebra.BigOperators.GroupWithZero.Finset", "Mathlib.Algebra.BigOperators.Ring.Finset", "Mathlib.Algebra.Order.BigOperators.Group.Finset", "Mathlib.Algebra.Order.BigOperators.GroupWithZero.Finset", "Mathlib.Analysis.Normed.Algebra.MatrixExponential", "Mathlib.Analysis.SpecialFunctions.Exp", "Mathlib.Analysis.SpecialFunctions.Log.Basic", "Mathlib.Analysis.SpecificLimits.Basic", "Mathlib.Analysis.SpecificLimits.Normed", "Mathlib.Data.ENNReal.BigOperators", "Mathlib.Data.Fin.Tuple.Basic", "Mathlib.Data.Finset.Card", "Mathlib.Data.Finset.Max", "Mathlib.Data.Finset.Prod", "Mathlib.Data.Fintype.Basic", "Mathlib.Data.Fintype.BigOperators", "Mathlib.Data.Fintype.Card", "Mathlib.Data.Fintype.EquivFin", "Mathlib.Data.Fintype.Powerset", "Mathlib.Data.Fintype.Sum", "Mathlib.Data.Nat.Choose.Basic", "Mathlib.Data.Rat.BigOperators", "Mathlib.Data.Rat.Lemmas", "Mathlib.Data.Real.Basic", "Mathlib.LinearAlgebra.Vandermonde", "Mathlib.Logic.Relation", "Mathlib.MeasureTheory.Constructions.Pi", "Mathlib.MeasureTheory.Integral.Bochner.Basic", "Mathlib.Probability.Distributions.Bernoulli", "Mathlib.Probability.Distributions.Exponential", "Mathlib.Probability.Distributions.Poisson.Basic", "Mathlib.Probability.Distributions.Uniform", "Mathlib.Probability.ProbabilityMassFunction.Constructions", "Mathlib.Probability.ProbabilityMassFunction.Integrals", "Mathlib.Tactic", "Mathlib.Tactic.FinCases", "Mathlib.Tactic.FunProp", "Mathlib.Tactic.Linarith", "Mathlib.Tactic.NormNum", "Mathlib.Tactic.Positivity", "Mathlib.Tactic.Ring"], "cwd": "/home/runner/work/_temp/g6-cloud-build", "start": "2026-10-07T17:06:07.604696+00:00"}
verify	Verify G6 frozen sources serially	2026-10-07T17:06:44.2129843Z ✔ [1/5] Built Cache.Cli (284ms)
verify	Verify G6 frozen sources serially	2026-10-07T17:06:44.2130538Z ✔ [3/10] Built Cache.Lean (343ms)
verify	Verify G6 frozen sources serially	2026-10-07T17:06:44.2131209Z ✔ [5/11] Built Batteries.Tactic.OpenPrivate (809ms)
verify	Verify G6 frozen sources serially	2026-10-07T17:06:44.2131956Z ✔ [6/11] Built Cache.Infra (341ms)
verify	Verify G6 frozen sources serially	2026-10-07T17:06:44.2132496Z ✔ [7/12] Built Cache.IO (1.3s)
verify	Verify G6 frozen sources serially	2026-10-07T17:06:44.2133050Z ✔ [9/26] Built Cache.Hashing (735ms)
verify	Verify G6 frozen sources serially	2026-10-07T17:06:44.2133607Z ✔ [10/26] Built Cache.Requests (1.9s)
verify	Verify G6 frozen sources serially	2026-10-07T17:06:44.2134168Z ✔ [11/26] Built Cache.Cli:c.o (133ms)
verify	Verify G6 frozen sources serially	2026-10-07T17:06:44.2134758Z ✔ [12/26] Built Cache.Lean:c.o (153ms)
verify	Verify G6 frozen sources serially	2026-10-07T17:06:44.2135437Z ✔ [13/26] Built Batteries.Tactic.OpenPrivate:c.o (1.2s)
verify	Verify G6 frozen sources serially	2026-10-07T17:06:44.2136466Z ✔ [14/26] Built Cache.IO:c.o (1.6s)
verify	Verify G6 frozen sources serially	2026-10-07T17:06:44.2137269Z ✔ [15/26] Built Cache.Hashing:c.o (439ms)
verify	Verify G6 frozen sources serially	2026-10-07T17:06:44.2137843Z ✔ [16/26] Built Cache.Infra:c.o (215ms)
verify	Verify G6 frozen sources serially	2026-10-07T17:06:44.2138433Z ✔ [17/26] Built Cache.Requests:c.o (2.9s)
verify	Verify G6 frozen sources serially	2026-10-07T17:06:44.2139007Z ✔ [18/26] Built Cache.Marker (545ms)
verify	Verify G6 frozen sources serially	2026-10-07T17:06:44.2139590Z ✔ [19/26] Built Cache.Marker:c.o (125ms)
verify	Verify G6 frozen sources serially	2026-10-07T17:06:44.2140147Z ✔ [20/26] Built Cache.Query (657ms)
verify	Verify G6 frozen sources serially	2026-10-07T17:06:44.2140691Z ✔ [21/26] Built Cache.Query:c.o (309ms)
verify	Verify G6 frozen sources serially	2026-10-07T17:06:44.2141250Z ✔ [22/26] Built Cache.Warning (621ms)
verify	Verify G6 frozen sources serially	2026-10-07T17:06:44.2141822Z ✔ [23/26] Built Cache.Warning:c.o (273ms)
verify	Verify G6 frozen sources serially	2026-10-07T17:06:44.2142383Z ✔ [24/26] Built Cache.Main (1.1s)
verify	Verify G6 frozen sources serially	2026-10-07T17:06:44.2142914Z ✔ [25/26] Built Cache.Main:c.o (993ms)
verify	Verify G6 frozen sources serially	2026-10-07T17:06:44.2143452Z ✔ [26/26] Built cache:exe (741ms)
verify	Verify G6 frozen sources serially	2026-10-07T17:06:44.2143896Z Current branch: HEAD
verify	Verify G6 frozen sources serially	2026-10-07T17:06:44.2144420Z Using cache from origin: (some leanprover-community/mathlib4)
verify	Verify G6 frozen sources serially	2026-10-07T17:06:44.2145730Z Attempting to download 3582 file(s) from leanprover-community/mathlib4 cache at https://lakecache.blob.core.windows.net/mathlib4-master
verify	Verify G6 frozen sources serially	2026-10-07T17:06:44.2146976Z 
verify	Verify G6 frozen sources serially	2026-10-07T17:06:44.2147312Z Downloaded: 1 file(s) [attempted 1/3582 = 0%, 20 KB/s], Decompressed: 0
verify	Verify G6 frozen sources serially	2026-10-07T17:06:44.2148132Z Downloaded: 69 file(s) [attempted 69/3582 = 1%, 95 KB/s], Decompressed: 10
verify	Verify G6 frozen sources serially	2026-10-07T17:06:44.2149000Z Downloaded: 159 file(s) [attempted 159/3582 = 4%, 1674 KB/s], Decompressed: 36
verify	Verify G6 frozen sources serially	2026-10-07T17:06:44.2149849Z Downloaded: 260 file(s) [attempted 260/3582 = 7%, 416 KB/s], Decompressed: 36
verify	Verify G6 frozen sources serially	2026-10-07T17:06:44.2150678Z Downloaded: 355 file(s) [attempted 355/3582 = 9%, 470 KB/s], Decompressed: 36
verify	Verify G6 frozen sources serially	2026-10-07T17:06:44.2151514Z Downloaded: 451 file(s) [attempted 451/3582 = 12%, 991 KB/s], Decompressed: 36
verify	Verify G6 frozen sources serially	2026-10-07T17:06:44.2152356Z Downloaded: 565 file(s) [attempted 565/3582 = 15%, 914 KB/s], Decompressed: 36
verify	Verify G6 frozen sources serially	2026-10-07T17:06:44.2153218Z Downloaded: 659 file(s) [attempted 659/3582 = 18%, 1626 KB/s], Decompressed: 36
verify	Verify G6 frozen sources serially	2026-10-07T17:06:44.2154093Z Downloaded: 754 file(s) [attempted 754/3582 = 21%, 268 KB/s], Decompressed: 154
verify	Verify G6 frozen sources serially	2026-10-07T17:06:44.2154977Z Downloaded: 831 file(s) [attempted 831/3582 = 23%, 2400 KB/s], Decompressed: 154
verify	Verify G6 frozen sources serially	2026-10-07T17:06:44.2155838Z Downloaded: 929 file(s) [attempted 929/3582 = 25%, 2693 KB/s], Decompressed: 154
verify	Verify G6 frozen sources serially	2026-10-07T17:06:44.2167032Z Downloaded: 1029 file(s) [attempted 1029/3582 = 28%, 809 KB/s], Decompressed: 154
verify	Verify G6 frozen sources serially	2026-10-07T17:06:44.2168059Z Downloaded: 1119 file(s) [attempted 1119/3582 = 31%, 637 KB/s], Decompressed: 154
verify	Verify G6 frozen sources serially	2026-10-07T17:06:44.2169006Z Downloaded: 1191 file(s) [attempted 1191/3582 = 33%, 1345 KB/s], Decompressed: 154
verify	Verify G6 frozen sources serially	2026-10-07T17:06:44.2169879Z Downloaded: 1276 file(s) [attempted 1276/3582 = 35%, 983 KB/s], Decompressed: 154
verify	Verify G6 frozen sources serially	2026-10-07T17:06:44.2170828Z Downloaded: 1335 file(s) [attempted 1335/3582 = 37%, 326 KB/s], Decompressed: 154
verify	Verify G6 frozen sources serially	2026-10-07T17:06:44.2171687Z Downloaded: 1428 file(s) [attempted 1428/3582 = 39%, 271 KB/s], Decompressed: 154
verify	Verify G6 frozen sources serially	2026-10-07T17:06:44.2172596Z Downloaded: 1516 file(s) [attempted 1516/3582 = 42%, 1035 KB/s], Decompressed: 154
verify	Verify G6 frozen sources serially	2026-10-07T17:06:44.2173475Z Downloaded: 1568 file(s) [attempted 1568/3582 = 43%, 2880 KB/s], Decompressed: 154
verify	Verify G6 frozen sources serially	2026-10-07T17:06:44.2174314Z Downloaded: 1658 file(s) [attempted 1658/3582 = 46%, 810 KB/s], Decompressed: 154
verify	Verify G6 frozen sources serially	2026-10-07T17:06:44.2175552Z Downloaded: 1710 file(s) [attempted 1710/3582 = 47%, 1590 KB/s], Decompressed: 154
verify	Verify G6 frozen sources serially	2026-10-07T17:06:44.2176423Z Downloaded: 1803 file(s) [attempted 1803/3582 = 50%, 388 KB/s], Decompressed: 154
verify	Verify G6 frozen sources serially	2026-10-07T17:06:44.2177538Z Downloaded: 1873 file(s) [attempted 1873/3582 = 52%, 59 KB/s], Decompressed: 154
verify	Verify G6 frozen sources serially	2026-10-07T17:06:44.2178412Z Downloaded: 1952 file(s) [attempted 1952/3582 = 54%, 3736 KB/s], Decompressed: 154
verify	Verify G6 frozen sources serially	2026-10-07T17:06:44.2179307Z Downloaded: 2052 file(s) [attempted 2052/3582 = 57%, 817 KB/s], Decompressed: 154
verify	Verify G6 frozen sources serially	2026-10-07T17:06:44.2180201Z Downloaded: 2142 file(s) [attempted 2142/3582 = 59%, 783 KB/s], Decompressed: 154
verify	Verify G6 frozen sources serially	2026-10-07T17:06:44.2181355Z Downloaded: 2201 file(s) [attempted 2201/3582 = 61%, 6186 KB/s], Decompressed: 154
verify	Verify G6 frozen sources serially	2026-10-07T17:06:44.2182239Z Downloaded: 2301 file(s) [attempted 2301/3582 = 64%, 1779 KB/s], Decompressed: 154
verify	Verify G6 frozen sources serially	2026-10-07T17:06:44.2183106Z Downloaded: 2398 file(s) [attempted 2398/3582 = 66%, 2579 KB/s], Decompressed: 154
verify	Verify G6 frozen sources serially	2026-10-07T17:06:44.2184000Z Downloaded: 2457 file(s) [attempted 2457/3582 = 68%, 132 KB/s], Decompressed: 666
verify	Verify G6 frozen sources serially	2026-10-07T17:06:44.2184872Z Downloaded: 2555 file(s) [attempted 2555/3582 = 71%, 221 KB/s], Decompressed: 666
verify	Verify G6 frozen sources serially	2026-10-07T17:06:44.2185756Z Downloaded: 2638 file(s) [attempted 2638/3582 = 73%, 1920 KB/s], Decompressed: 666
verify	Verify G6 frozen sources serially	2026-10-07T17:06:44.2187130Z Downloaded: 2707 file(s) [attempted 2707/3582 = 75%, 3956 KB/s], Decompressed: 666
verify	Verify G6 frozen sources serially	2026-10-07T17:06:44.2188087Z Downloaded: 2805 file(s) [attempted 2805/3582 = 78%, 3795 KB/s], Decompressed: 666
verify	Verify G6 frozen sources serially	2026-10-07T17:06:44.2188988Z Downloaded: 2909 file(s) [attempted 2909/3582 = 81%, 591 KB/s], Decompressed: 666
verify	Verify G6 frozen sources serially	2026-10-07T17:06:44.2189862Z Downloaded: 2963 file(s) [attempted 2963/3582 = 82%, 146 KB/s], Decompressed: 666
verify	Verify G6 frozen sources serially	2026-10-07T17:06:44.2190728Z Downloaded: 3065 file(s) [attempted 3065/3582 = 85%, 1871 KB/s], Decompressed: 666
verify	Verify G6 frozen sources serially	2026-10-07T17:06:44.2191621Z Downloaded: 3166 file(s) [attempted 3166/3582 = 88%, 199 KB/s], Decompressed: 666
verify	Verify G6 frozen sources serially	2026-10-07T17:06:44.2192487Z Downloaded: 3263 file(s) [attempted 3263/3582 = 91%, 985 KB/s], Decompressed: 666
verify	Verify G6 frozen sources serially	2026-10-07T17:06:44.2193374Z Downloaded: 3359 file(s) [attempted 3359/3582 = 93%, 4487 KB/s], Decompressed: 666
verify	Verify G6 frozen sources serially	2026-10-07T17:06:44.2194251Z Downloaded: 3415 file(s) [attempted 3415/3582 = 95%, 763 KB/s], Decompressed: 666
verify	Verify G6 frozen sources serially	2026-10-07T17:06:44.2195129Z Downloaded: 3517 file(s) [attempted 3517/3582 = 98%, 838 KB/s], Decompressed: 666
verify	Verify G6 frozen sources serially	2026-10-07T17:06:44.2195976Z Downloaded: 3580 file(s) [attempted 3580/3582 = 99%, 3257 KB/s], Decompressed: 666
verify	Verify G6 frozen sources serially	2026-10-07T17:06:44.2200542Z Downloaded: 3582 file(s) [attempted 3582/3582 = 100%, 3257 KB/s], Decompressed: 666
verify	Verify G6 frozen sources serially	2026-10-07T17:06:44.2209940Z Decompressed 3582 file(s)
verify	Verify G6 frozen sources serially	2026-10-07T17:06:44.2210394Z Already decompressed 3582 file(s)
verify	Verify G6 frozen sources serially	2026-10-07T17:06:44.2224749Z G6_RECEIPT {"argv": ["lake", "exe", "cache", "get", "Mathlib.Algebra.BigOperators.Field", "Mathlib.Algebra.BigOperators.Fin", "Mathlib.Algebra.BigOperators.Finsupp.Basic", "Mathlib.Algebra.BigOperators.Group.Finset.Basic", "Mathlib.Algebra.BigOperators.Group.Finset.Sigma", "Mathlib.Algebra.BigOperators.GroupWithZero.Finset", "Mathlib.Algebra.BigOperators.Ring.Finset", "Mathlib.Algebra.Order.BigOperators.Group.Finset", "Mathlib.Algebra.Order.BigOperators.GroupWithZero.Finset", "Mathlib.Analysis.Normed.Algebra.MatrixExponential", "Mathlib.Analysis.SpecialFunctions.Exp", "Mathlib.Analysis.SpecialFunctions.Log.Basic", "Mathlib.Analysis.SpecificLimits.Basic", "Mathlib.Analysis.SpecificLimits.Normed", "Mathlib.Data.ENNReal.BigOperators", "Mathlib.Data.Fin.Tuple.Basic", "Mathlib.Data.Finset.Card", "Mathlib.Data.Finset.Max", "Mathlib.Data.Finset.Prod", "Mathlib.Data.Fintype.Basic", "Mathlib.Data.Fintype.BigOperators", "Mathlib.Data.Fintype.Card", "Mathlib.Data.Fintype.EquivFin", "Mathlib.Data.Fintype.Powerset", "Mathlib.Data.Fintype.Sum", "Mathlib.Data.Nat.Choose.Basic", "Mathlib.Data.Rat.BigOperators", "Mathlib.Data.Rat.Lemmas", "Mathlib.Data.Real.Basic", "Mathlib.LinearAlgebra.Vandermonde", "Mathlib.Logic.Relation", "Mathlib.MeasureTheory.Constructions.Pi", "Mathlib.MeasureTheory.Integral.Bochner.Basic", "Mathlib.Probability.Distributions.Bernoulli", "Mathlib.Probability.Distributions.Exponential", "Mathlib.Probability.Distributions.Poisson.Basic", "Mathlib.Probability.Distributions.Uniform", "Mathlib.Probability.ProbabilityMassFunction.Constructions", "Mathlib.Probability.ProbabilityMassFunction.Integrals", "Mathlib.Tactic", "Mathlib.Tactic.FinCases", "Mathlib.Tactic.FunProp", "Mathlib.Tactic.Linarith", "Mathlib.Tactic.NormNum", "Mathlib.Tactic.Positivity", "Mathlib.Tactic.Ring"], "start": "2026-10-07T17:06:07.604696+00:00", "end": "2026-10-07T17:06:44.210796+00:00", "exit": 0, "output_sha256": "415aab2824d6eff75c9775647f13a138f31a9b56c04bf3f9023b46a1bbcaeb6c"}
verify	Verify G6 frozen sources serially	2026-10-07T17:06:44.2241825Z G6_COMMAND {"argv": ["lake", "env", "lean", "--trust=0", "-j1", "-M4096", "-o", "/home/runner/work/_temp/g6-cloud-build/.lake/build/lib/lean/G3ApproximateMomentBarrier.olean", "/home/runner/work/_temp/g6-cloud-build/G3ApproximateMomentBarrier.lean"], "cwd": "/home/runner/work/_temp/g6-cloud-build", "start": "2026-10-07T17:06:44.211419+00:00"}
verify	Verify G6 frozen sources serially	2026-10-07T17:06:46.9485431Z 'CloudG3.ApproximateMomentBarrier.approximate_coupled_barrier' depends on axioms: [propext,
verify	Verify G6 frozen sources serially	2026-10-07T17:06:46.9486250Z  Classical.choice,
verify	Verify G6 frozen sources serially	2026-10-07T17:06:46.9486543Z  Quot.sound]
verify	Verify G6 frozen sources serially	2026-10-07T17:06:46.9489334Z G6_RECEIPT {"argv": ["lake", "env", "lean", "--trust=0", "-j1", "-M4096", "-o", "/home/runner/work/_temp/g6-cloud-build/.lake/build/lib/lean/G3ApproximateMomentBarrier.olean", "/home/runner/work/_temp/g6-cloud-build/G3ApproximateMomentBarrier.lean"], "start": "2026-10-07T17:06:44.211419+00:00", "end": "2026-10-07T17:06:46.948297+00:00", "exit": 0, "output_sha256": "71fc27cb8111feebfb0c83c52f1424c6a487ea912cd898f35a69e296bb72dcf6"}
verify	Verify G6 frozen sources serially	2026-10-07T17:06:46.9494794Z G6_COMMAND {"argv": ["lake", "env", "lean", "--trust=0", "-j1", "-M4096", "-o", "/home/runner/work/_temp/g6-cloud-build/.lake/build/lib/lean/UnifiedLean/G6/FiniteProbability.olean", "/home/runner/work/_temp/g6-cloud-build/UnifiedLean/G6/FiniteProbability.lean"], "cwd": "/home/runner/work/_temp/g6-cloud-build", "start": "2026-10-07T17:06:46.948780+00:00"}
verify	Verify G6 frozen sources serially	2026-10-07T17:06:50.1256092Z /home/runner/work/_temp/g6-cloud-build/UnifiedLean/G6/FiniteProbability.lean:80:9: warning: Variable name `a` is not explicitly referenced.
verify	Verify G6 frozen sources serially	2026-10-07T17:06:50.1257401Z 
verify	Verify G6 frozen sources serially	2026-10-07T17:06:50.1258075Z Hint: The binding can be removed (if unused) or named `_` (if used implicitly). Alternatively, prefix the name with `_` to silence this warning:
verify	Verify G6 frozen sources serially	2026-10-07T17:06:50.1259392Z   [apply] _a
verify	Verify G6 frozen sources serially	2026-10-07T17:06:50.1259680Z 
verify	Verify G6 frozen sources serially	2026-10-07T17:06:50.1260006Z Note: This linter can be disabled with `set_option linter.unusedVariables false`
verify	Verify G6 frozen sources serially	2026-10-07T17:06:50.1261115Z 'UnifiedLean.G6.FiniteProbability.common_subprobability_tv' depends on axioms: [propext, Classical.choice, Quot.sound]
verify	Verify G6 frozen sources serially	2026-10-07T17:06:50.1262415Z 'UnifiedLean.G6.FiniteProbability.common_subprobability_mass' depends on axioms: [propext, Classical.choice, Quot.sound]
verify	Verify G6 frozen sources serially	2026-10-07T17:06:50.1263546Z 'UnifiedLean.G6.FiniteProbability.common_subprobability_event' depends on axioms: [propext,
verify	Verify G6 frozen sources serially	2026-10-07T17:06:50.1264248Z  Classical.choice,
verify	Verify G6 frozen sources serially	2026-10-07T17:06:50.1264537Z  Quot.sound]
verify	Verify G6 frozen sources serially	2026-10-07T17:06:50.1265224Z 'UnifiedLean.G6.FiniteProbability.scaled_domination_tv' depends on axioms: [propext, Classical.choice, Quot.sound]
verify	Verify G6 frozen sources serially	2026-10-07T17:06:50.1266374Z 'UnifiedLean.G6.FiniteProbability.pmf_sum_real' depends on axioms: [propext, Classical.choice, Quot.sound]
verify	Verify G6 frozen sources serially	2026-10-07T17:06:50.1267967Z 'UnifiedLean.G6.FiniteProbability.pmf_scaled_domination_tv' depends on axioms: [propext, Classical.choice, Quot.sound]
verify	Verify G6 frozen sources serially	2026-10-07T17:06:50.1269368Z 'UnifiedLean.G6.FiniteProbability.pmf_scaled_domination_event' depends on axioms: [propext,
verify	Verify G6 frozen sources serially	2026-10-07T17:06:50.1270236Z  Classical.choice,
verify	Verify G6 frozen sources serially	2026-10-07T17:06:50.1270600Z  Quot.sound]
verify	Verify G6 frozen sources serially	2026-10-07T17:06:50.1273323Z G6_RECEIPT {"argv": ["lake", "env", "lean", "--trust=0", "-j1", "-M4096", "-o", "/home/runner/work/_temp/g6-cloud-build/.lake/build/lib/lean/UnifiedLean/G6/FiniteProbability.olean", "/home/runner/work/_temp/g6-cloud-build/UnifiedLean/G6/FiniteProbability.lean"], "start": "2026-10-07T17:06:46.948780+00:00", "end": "2026-10-07T17:06:50.125344+00:00", "exit": 0, "output_sha256": "757498f226536e63546c9f57cb4e4328a4f178c0827c63b62563b24ae94b4f17"}
verify	Verify G6 frozen sources serially	2026-10-07T17:06:50.1278241Z G6_COMMAND {"argv": ["lake", "env", "lean", "--trust=0", "-j1", "-M4096", "-o", "/home/runner/work/_temp/g6-cloud-build/.lake/build/lib/lean/UnifiedLean/G6/Conditioning.olean", "/home/runner/work/_temp/g6-cloud-build/UnifiedLean/G6/Conditioning.lean"], "cwd": "/home/runner/work/_temp/g6-cloud-build", "start": "2026-10-07T17:06:50.125770+00:00"}
verify	Verify G6 frozen sources serially	2026-10-07T17:06:53.0354152Z 'UnifiedLean.G6.Conditioning.filter_scaled' depends on axioms: [propext, Classical.choice, Quot.sound]
verify	Verify G6 frozen sources serially	2026-10-07T17:06:53.0355621Z 'UnifiedLean.G6.Conditioning.filtered_bind_domination' depends on axioms: [propext, Classical.choice, Quot.sound]
verify	Verify G6 frozen sources serially	2026-10-07T17:06:53.0356938Z 'UnifiedLean.G6.Conditioning.filtered_bind_domination_real' depends on axioms: [propext, Classical.choice, Quot.sound]
verify	Verify G6 frozen sources serially	2026-10-07T17:06:53.0358000Z 'UnifiedLean.G6.Conditioning.conditioned_mixture_tv' depends on axioms: [propext, Classical.choice, Quot.sound]
verify	Verify G6 frozen sources serially	2026-10-07T17:06:53.0358899Z 'UnifiedLean.G6.Conditioning.conditioned_joint_observation_tv' depends on axioms: [propext,
verify	Verify G6 frozen sources serially	2026-10-07T17:06:53.0359476Z  Classical.choice,
verify	Verify G6 frozen sources serially	2026-10-07T17:06:53.0359729Z  Quot.sound]
verify	Verify G6 frozen sources serially	2026-10-07T17:06:53.0360216Z 'UnifiedLean.G6.Conditioning.conditioned_joint_observation_event' depends on axioms: [propext,
verify	Verify G6 frozen sources serially	2026-10-07T17:06:53.0360801Z  Classical.choice,
verify	Verify G6 frozen sources serially	2026-10-07T17:06:53.0361039Z  Quot.sound]
verify	Verify G6 frozen sources serially	2026-10-07T17:06:53.0362801Z G6_RECEIPT {"argv": ["lake", "env", "lean", "--trust=0", "-j1", "-M4096", "-o", "/home/runner/work/_temp/g6-cloud-build/.lake/build/lib/lean/UnifiedLean/G6/Conditioning.olean", "/home/runner/work/_temp/g6-cloud-build/UnifiedLean/G6/Conditioning.lean"], "start": "2026-10-07T17:06:50.125770+00:00", "end": "2026-10-07T17:06:53.033509+00:00", "exit": 0, "output_sha256": "100642588c988b86704d97294f48529a0a4ade99555c5c91f157156786932480"}
verify	Verify G6 frozen sources serially	2026-10-07T17:06:53.0365969Z G6_COMMAND {"argv": ["lake", "env", "lean", "--trust=0", "-j1", "-M4096", "-o", "/home/runner/work/_temp/g6-cloud-build/.lake/build/lib/lean/SourceNetwork.olean", "/home/runner/work/_temp/g6-cloud-build/Imported/SourceNetwork.lean"], "cwd": "/home/runner/work/_temp/g6-cloud-build", "start": "2026-10-07T17:06:53.033900+00:00"}
verify	Verify G6 frozen sources serially	2026-10-07T17:06:55.1328251Z 'Nanuq.Source.EdgeGraph.not_bridge_of_parallel' does not depend on any axioms
verify	Verify G6 frozen sources serially	2026-10-07T17:06:55.1329707Z 'Nanuq.Source.EdgeGraph.bridge_not_sameBlob' does not depend on any axioms
verify	Verify G6 frozen sources serially	2026-10-07T17:06:55.1330918Z 'Nanuq.Source.EdgeGraph.bridge_blob_ne' depends on axioms: [propext]
verify	Verify G6 frozen sources serially	2026-10-07T17:06:55.1332377Z 'Nanuq.Source.EdgeGraph.dreach_antisymm' depends on axioms: [propext, Classical.choice, Quot.sound]
verify	Verify G6 frozen sources serially	2026-10-07T17:06:55.1333670Z 'Nanuq.Source.RootedBinary.underlying_connected' depends on axioms: [propext, Classical.choice, Quot.sound]
verify	Verify G6 frozen sources serially	2026-10-07T17:06:55.1336580Z G6_RECEIPT {"argv": ["lake", "env", "lean", "--trust=0", "-j1", "-M4096", "-o", "/home/runner/work/_temp/g6-cloud-build/.lake/build/lib/lean/SourceNetwork.olean", "/home/runner/work/_temp/g6-cloud-build/Imported/SourceNetwork.lean"], "start": "2026-10-07T17:06:53.033900+00:00", "end": "2026-10-07T17:06:55.132619+00:00", "exit": 0, "output_sha256": "5465ecf96db0b49e53a81535e70658b235bd5d9816b211e5a2dd735b687cc24f"}
verify	Verify G6 frozen sources serially	2026-10-07T17:06:55.1340272Z G6_COMMAND {"argv": ["lake", "env", "lean", "--trust=0", "-j1", "-M4096", "-o", "/home/runner/work/_temp/g6-cloud-build/.lake/build/lib/lean/G2LiveLineageRouting.olean", "/home/runner/work/_temp/g6-cloud-build/Imported/G2LiveLineageRouting.lean"], "cwd": "/home/runner/work/_temp/g6-cloud-build", "start": "2026-10-07T17:06:55.133028+00:00"}
verify	Verify G6 frozen sources serially	2026-10-07T17:06:57.1538174Z 'GProgram.G2.coalesced_copies_cannot_split' depends on axioms: [propext, Classical.choice, Quot.sound]
verify	Verify G6 frozen sources serially	2026-10-07T17:06:57.1540043Z 'GProgram.G2.routed_parent_eq_iff_live_coin_eq' depends on axioms: [propext, Classical.choice, Quot.sound]
verify	Verify G6 frozen sources serially	2026-10-07T17:06:57.1541926Z 'GProgram.G2.opposite_copy_bits_are_not_a_live_pulse' does not depend on any axioms
verify	Verify G6 frozen sources serially	2026-10-07T17:06:57.1543354Z 'GProgram.G2.wrong_pulse_split_mass' depends on axioms: [propext, Classical.choice, Quot.sound]
verify	Verify G6 frozen sources serially	2026-10-07T17:06:57.1544876Z 'GProgram.G2.fair_copy_pulse_splits_merged_ancestor' depends on axioms: [propext, Classical.choice, Quot.sound]
verify	Verify G6 frozen sources serially	2026-10-07T17:06:57.1547747Z G6_RECEIPT {"argv": ["lake", "env", "lean", "--trust=0", "-j1", "-M4096", "-o", "/home/runner/work/_temp/g6-cloud-build/.lake/build/lib/lean/G2LiveLineageRouting.olean", "/home/runner/work/_temp/g6-cloud-build/Imported/G2LiveLineageRouting.lean"], "start": "2026-10-07T17:06:55.133028+00:00", "end": "2026-10-07T17:06:57.153566+00:00", "exit": 0, "output_sha256": "a80577f1d7135c5660613a0e39dcabd2f3198a9c7399d7632b4ef613e6fc9ebd"}
verify	Verify G6 frozen sources serially	2026-10-07T17:06:57.1551060Z G6_COMMAND {"argv": ["lake", "env", "lean", "--trust=0", "-j1", "-M4096", "-o", "/home/runner/work/_temp/g6-cloud-build/.lake/build/lib/lean/SourceLabelledForest.olean", "/home/runner/work/_temp/g6-cloud-build/Imported/SourceLabelledForest.lean"], "cwd": "/home/runner/work/_temp/g6-cloud-build", "start": "2026-10-07T17:06:57.153998+00:00"}
verify	Verify G6 frozen sources serially	2026-10-07T17:07:01.6866547Z /home/runner/work/_temp/g6-cloud-build/Imported/SourceLabelledForest.lean:108:0: warning: automatically included section variable(s) unused in theorem `GProgram.SourceForest.merged_copies_same_population`:
verify	Verify G6 frozen sources serially	2026-10-07T17:07:01.6869413Z   [Fintype Copy]
verify	Verify G6 frozen sources serially	2026-10-07T17:07:01.6869893Z   [Fintype V]
verify	Verify G6 frozen sources serially	2026-10-07T17:07:01.6870288Z   [Fintype E]
verify	Verify G6 frozen sources serially	2026-10-07T17:07:01.6870744Z   [DecidableEq V]
verify	Verify G6 frozen sources serially	2026-10-07T17:07:01.6871720Z consider restructuring your `variable` declarations so that the variables are not in scope or explicitly omit them:
verify	Verify G6 frozen sources serially	2026-10-07T17:07:01.6873179Z   omit [Fintype Copy] [Fintype V] [Fintype E] [DecidableEq V] in theorem ...
verify	Verify G6 frozen sources serially	2026-10-07T17:07:01.6873707Z 
verify	Verify G6 frozen sources serially	2026-10-07T17:07:01.6873996Z Note: This linter can be disabled with `set_option linter.unusedSectionVars false`
verify	Verify G6 frozen sources serially	2026-10-07T17:07:01.6875273Z /home/runner/work/_temp/g6-cloud-build/Imported/SourceLabelledForest.lean:112:0: warning: automatically included section variable(s) unused in theorem `GProgram.SourceForest.distinct_live_genealogies_disjoint`:
verify	Verify G6 frozen sources serially	2026-10-07T17:07:01.6896264Z   [Fintype Copy]
verify	Verify G6 frozen sources serially	2026-10-07T17:07:01.6896942Z   [Fintype V]
verify	Verify G6 frozen sources serially	2026-10-07T17:07:01.6897317Z   [Fintype E]
verify	Verify G6 frozen sources serially	2026-10-07T17:07:01.6897660Z   [DecidableEq V]
verify	Verify G6 frozen sources serially	2026-10-07T17:07:01.6898533Z consider restructuring your `variable` declarations so that the variables are not in scope or explicitly omit them:
verify	Verify G6 frozen sources serially	2026-10-07T17:07:01.6899729Z   omit [Fintype Copy] [Fintype V] [Fintype E] [DecidableEq V] in theorem ...
verify	Verify G6 frozen sources serially	2026-10-07T17:07:01.6900316Z 
verify	Verify G6 frozen sources serially	2026-10-07T17:07:01.6900749Z Note: This linter can be disabled with `set_option linter.unusedSectionVars false`
verify	Verify G6 frozen sources serially	2026-10-07T17:07:01.6902625Z /home/runner/work/_temp/g6-cloud-build/Imported/SourceLabelledForest.lean:175:0: warning: automatically included section variable(s) unused in theorem `GProgram.SourceForest.merge_coalesces_exact_fibers`:
verify	Verify G6 frozen sources serially	2026-10-07T17:07:01.6903657Z   [Fintype Copy]
verify	Verify G6 frozen sources serially	2026-10-07T17:07:01.6903859Z   [Fintype V]
verify	Verify G6 frozen sources serially	2026-10-07T17:07:01.6904054Z   [Fintype E]
verify	Verify G6 frozen sources serially	2026-10-07T17:07:01.6904241Z   [DecidableEq V]
verify	Verify G6 frozen sources serially	2026-10-07T17:07:01.6904701Z consider restructuring your `variable` declarations so that the variables are not in scope or explicitly omit them:
verify	Verify G6 frozen sources serially	2026-10-07T17:07:01.6905331Z   omit [Fintype Copy] [Fintype V] [Fintype E] [DecidableEq V] in theorem ...
verify	Verify G6 frozen sources serially	2026-10-07T17:07:01.6905635Z 
verify	Verify G6 frozen sources serially	2026-10-07T17:07:01.6905868Z Note: This linter can be disabled with `set_option linter.unusedSectionVars false`
verify	Verify G6 frozen sources serially	2026-10-07T17:07:01.6907170Z /home/runner/work/_temp/g6-cloud-build/Imported/SourceLabelledForest.lean:179:0: warning: automatically included section variable(s) unused in theorem `GProgram.SourceForest.merge_never_splits`:
verify	Verify G6 frozen sources serially	2026-10-07T17:07:01.6908001Z   [Fintype Copy]
verify	Verify G6 frozen sources serially	2026-10-07T17:07:01.6908192Z   [Fintype V]
verify	Verify G6 frozen sources serially	2026-10-07T17:07:01.6908376Z   [Fintype E]
verify	Verify G6 frozen sources serially	2026-10-07T17:07:01.6908556Z   [DecidableEq V]
verify	Verify G6 frozen sources serially	2026-10-07T17:07:01.6909001Z consider restructuring your `variable` declarations so that the variables are not in scope or explicitly omit them:
verify	Verify G6 frozen sources serially	2026-10-07T17:07:01.6909952Z   omit [Fintype Copy] [Fintype V] [Fintype E] [DecidableEq V] in theorem ...
verify	Verify G6 frozen sources serially	2026-10-07T17:07:01.6910241Z 
verify	Verify G6 frozen sources serially	2026-10-07T17:07:01.6910461Z Note: This linter can be disabled with `set_option linter.unusedSectionVars false`
verify	Verify G6 frozen sources serially	2026-10-07T17:07:01.6911416Z /home/runner/work/_temp/g6-cloud-build/Imported/SourceLabelledForest.lean:184:0: warning: automatically included section variable(s) unused in theorem `GProgram.SourceForest.merge_population_preserved`:
verify	Verify G6 frozen sources serially	2026-10-07T17:07:01.6912263Z   [Fintype Copy]
verify	Verify G6 frozen sources serially	2026-10-07T17:07:01.6912467Z   [Fintype V]
verify	Verify G6 frozen sources serially	2026-10-07T17:07:01.6912818Z   [Fintype E]
verify	Verify G6 frozen sources serially	2026-10-07T17:07:01.6913002Z   [DecidableEq V]
verify	Verify G6 frozen sources serially	2026-10-07T17:07:01.6913445Z consider restructuring your `variable` declarations so that the variables are not in scope or explicitly omit them:
verify	Verify G6 frozen sources serially	2026-10-07T17:07:01.6914065Z   omit [Fintype Copy] [Fintype V] [Fintype E] [DecidableEq V] in theorem ...
verify	Verify G6 frozen sources serially	2026-10-07T17:07:01.6914353Z 
verify	Verify G6 frozen sources serially	2026-10-07T17:07:01.6914587Z Note: This linter can be disabled with `set_option linter.unusedSectionVars false`
verify	Verify G6 frozen sources serially	2026-10-07T17:07:01.6915510Z /home/runner/work/_temp/g6-cloud-build/Imported/SourceLabelledForest.lean:192:0: warning: automatically included section variable(s) unused in theorem `GProgram.SourceForest.merge_live_card`:
verify	Verify G6 frozen sources serially	2026-10-07T17:07:01.6916288Z   [Fintype Copy]
verify	Verify G6 frozen sources serially	2026-10-07T17:07:01.6916481Z   [Fintype V]
verify	Verify G6 frozen sources serially	2026-10-07T17:07:01.6916906Z   [Fintype E]
verify	Verify G6 frozen sources serially	2026-10-07T17:07:01.6917199Z   [DecidableEq V]
verify	Verify G6 frozen sources serially	2026-10-07T17:07:01.6917930Z consider restructuring your `variable` declarations so that the variables are not in scope or explicitly omit them:
verify	Verify G6 frozen sources serially	2026-10-07T17:07:01.6918994Z   omit [Fintype Copy] [Fintype V] [Fintype E] [DecidableEq V] in theorem ...
verify	Verify G6 frozen sources serially	2026-10-07T17:07:01.6919454Z 
verify	Verify G6 frozen sources serially	2026-10-07T17:07:01.6919793Z Note: This linter can be disabled with `set_option linter.unusedSectionVars false`
verify	Verify G6 frozen sources serially	2026-10-07T17:07:01.6921423Z /home/runner/work/_temp/g6-cloud-build/Imported/SourceLabelledForest.lean:196:0: warning: automatically included section variable(s) unused in theorem `GProgram.SourceForest.original_copy_cap`:
verify	Verify G6 frozen sources serially	2026-10-07T17:07:01.6922851Z   [Fintype V]
verify	Verify G6 frozen sources serially	2026-10-07T17:07:01.6923184Z   [Fintype E]
verify	Verify G6 frozen sources serially	2026-10-07T17:07:01.6923488Z   [DecidableEq V]
verify	Verify G6 frozen sources serially	2026-10-07T17:07:01.6924201Z consider restructuring your `variable` declarations so that the variables are not in scope or explicitly omit them:
verify	Verify G6 frozen sources serially	2026-10-07T17:07:01.6925245Z   omit [Fintype V] [Fintype E] [DecidableEq V] in theorem ...
verify	Verify G6 frozen sources serially	2026-10-07T17:07:01.6925704Z 
verify	Verify G6 frozen sources serially	2026-10-07T17:07:01.6926101Z Note: This linter can be disabled with `set_option linter.unusedSectionVars false`
verify	Verify G6 frozen sources serially	2026-10-07T17:07:01.6928358Z /home/runner/work/_temp/g6-cloud-build/Imported/SourceLabelledForest.lean:204:0: warning: automatically included section variable(s) unused in theorem `GProgram.SourceForest.transport_valid`:
verify	Verify G6 frozen sources serially	2026-10-07T17:07:01.6929803Z   [Fintype Copy]
verify	Verify G6 frozen sources serially	2026-10-07T17:07:01.6930133Z   [Fintype V]
verify	Verify G6 frozen sources serially	2026-10-07T17:07:01.6930439Z   [Fintype E]
verify	Verify G6 frozen sources serially	2026-10-07T17:07:01.6930740Z   [DecidableEq V]
verify	Verify G6 frozen sources serially	2026-10-07T17:07:01.6931476Z consider restructuring your `variable` declarations so that the variables are not in scope or explicitly omit them:
verify	Verify G6 frozen sources serially	2026-10-07T17:07:01.6932571Z   omit [Fintype Copy] [Fintype V] [Fintype E] [DecidableEq V] in theorem ...
verify	Verify G6 frozen sources serially	2026-10-07T17:07:01.6933050Z 
verify	Verify G6 frozen sources serially	2026-10-07T17:07:01.6933418Z Note: This linter can be disabled with `set_option linter.unusedSectionVars false`
verify	Verify G6 frozen sources serially	2026-10-07T17:07:01.6935205Z /home/runner/work/_temp/g6-cloud-build/Imported/SourceLabelledForest.lean:227:0: warning: automatically included section variable(s) unused in theorem `GProgram.SourceForest.enterRoot_retains_original_root`:
verify	Verify G6 frozen sources serially	2026-10-07T17:07:01.6936996Z   [Fintype Copy]
verify	Verify G6 frozen sources serially	2026-10-07T17:07:01.6937811Z consider restructuring your `variable` declarations so that the variables are not in scope or explicitly omit them:
verify	Verify G6 frozen sources serially	2026-10-07T17:07:01.6938776Z   omit [Fintype Copy] in theorem ...
verify	Verify G6 frozen sources serially	2026-10-07T17:07:01.6939090Z 
verify	Verify G6 frozen sources serially	2026-10-07T17:07:01.6939483Z Note: This linter can be disabled with `set_option linter.unusedSectionVars false`
verify	Verify G6 frozen sources serially	2026-10-07T17:07:01.6941414Z /home/runner/work/_temp/g6-cloud-build/Imported/SourceLabelledForest.lean:258:0: warning: automatically included section variable(s) unused in theorem `GProgram.SourceForest.pulse_valid`:
verify	Verify G6 frozen sources serially	2026-10-07T17:07:01.6942721Z   [Fintype Copy]
verify	Verify G6 frozen sources serially	2026-10-07T17:07:01.6943516Z consider restructuring your `variable` declarations so that the variables are not in scope or explicitly omit them:
verify	Verify G6 frozen sources serially	2026-10-07T17:07:01.6944493Z   omit [Fintype Copy] in theorem ...
verify	Verify G6 frozen sources serially	2026-10-07T17:07:01.6944832Z 
verify	Verify G6 frozen sources serially	2026-10-07T17:07:01.6945220Z Note: This linter can be disabled with `set_option linter.unusedSectionVars false`
verify	Verify G6 frozen sources serially	2026-10-07T17:07:01.6947140Z /home/runner/work/_temp/g6-cloud-build/Imported/SourceLabelledForest.lean:263:0: warning: automatically included section variable(s) unused in theorem `GProgram.SourceForest.pulse_ancestor_unchanged`:
verify	Verify G6 frozen sources serially	2026-10-07T17:07:01.6948828Z   [Fintype Copy]
verify	Verify G6 frozen sources serially	2026-10-07T17:07:01.6949638Z consider restructuring your `variable` declarations so that the variables are not in scope or explicitly omit them:
verify	Verify G6 frozen sources serially	2026-10-07T17:07:01.6950577Z   omit [Fintype Copy] in theorem ...
verify	Verify G6 frozen sources serially	2026-10-07T17:07:01.6950885Z 
verify	Verify G6 frozen sources serially	2026-10-07T17:07:01.6951273Z Note: This linter can be disabled with `set_option linter.unusedSectionVars false`
verify	Verify G6 frozen sources serially	2026-10-07T17:07:01.6952982Z /home/runner/work/_temp/g6-cloud-build/Imported/SourceLabelledForest.lean:267:0: warning: automatically included section variable(s) unused in theorem `GProgram.SourceForest.pulse_genealogy_unchanged`:
verify	Verify G6 frozen sources serially	2026-10-07T17:07:01.6954451Z   [Fintype Copy]
verify	Verify G6 frozen sources serially	2026-10-07T17:07:01.6955262Z consider restructuring your `variable` declarations so that the variables are not in scope or explicitly omit them:
verify	Verify G6 frozen sources serially	2026-10-07T17:07:01.6956217Z   omit [Fintype Copy] in theorem ...
verify	Verify G6 frozen sources serially	2026-10-07T17:07:01.6956519Z 
verify	Verify G6 frozen sources serially	2026-10-07T17:07:01.6957094Z Note: This linter can be disabled with `set_option linter.unusedSectionVars false`
verify	Verify G6 frozen sources serially	2026-10-07T17:07:01.6958882Z /home/runner/work/_temp/g6-cloud-build/Imported/SourceLabelledForest.lean:271:0: warning: automatically included section variable(s) unused in theorem `GProgram.SourceForest.pulse_register_retained`:
verify	Verify G6 frozen sources serially	2026-10-07T17:07:01.6960378Z   [Fintype Copy]
verify	Verify G6 frozen sources serially	2026-10-07T17:07:01.6961171Z consider restructuring your `variable` declarations so that the variables are not in scope or explicitly omit them:
verify	Verify G6 frozen sources serially	2026-10-07T17:07:01.6962118Z   omit [Fintype Copy] in theorem ...
verify	Verify G6 frozen sources serially	2026-10-07T17:07:01.6962445Z 
verify	Verify G6 frozen sources serially	2026-10-07T17:07:01.6962843Z Note: This linter can be disabled with `set_option linter.unusedSectionVars false`
verify	Verify G6 frozen sources serially	2026-10-07T17:07:01.6964608Z /home/runner/work/_temp/g6-cloud-build/Imported/SourceLabelledForest.lean:275:0: warning: automatically included section variable(s) unused in theorem `GProgram.SourceForest.pulse_routes_current_ancestor`:
verify	Verify G6 frozen sources serially	2026-10-07T17:07:01.6966111Z   [Fintype Copy]
verify	Verify G6 frozen sources serially	2026-10-07T17:07:01.6967167Z consider restructuring your `variable` declarations so that the variables are not in scope or explicitly omit them:
verify	Verify G6 frozen sources serially	2026-10-07T17:07:01.6968080Z   omit [Fintype Copy] in theorem ...
verify	Verify G6 frozen sources serially	2026-10-07T17:07:01.6968361Z 
verify	Verify G6 frozen sources serially	2026-10-07T17:07:01.6968724Z Note: This linter can be disabled with `set_option linter.unusedSectionVars false`
verify	Verify G6 frozen sources serially	2026-10-07T17:07:01.6969961Z /home/runner/work/_temp/g6-cloud-build/Imported/SourceLabelledForest.lean:299:8: warning: This simp argument is unused:
verify	Verify G6 frozen sources serially	2026-10-07T17:07:01.6970971Z   Fintype.sum_bool
verify	Verify G6 frozen sources serially	2026-10-07T17:07:01.6971193Z 
verify	Verify G6 frozen sources serially	2026-10-07T17:07:01.6971385Z Hint: Omit it from the simp argument list.
verify	Verify G6 frozen sources serially	2026-10-07T17:07:01.6971864Z   [apply] simp [bitWeight]
verify	Verify G6 frozen sources serially	2026-10-07T17:07:01.6972122Z 
verify	Verify G6 frozen sources serially	2026-10-07T17:07:01.6972514Z Note: This linter can be disabled with `set_option linter.unusedSimpArgs false`
verify	Verify G6 frozen sources serially	2026-10-07T17:07:01.6974219Z /home/runner/work/_temp/g6-cloud-build/Imported/SourceLabelledForest.lean:323:0: warning: automatically included section variable(s) unused in theorem `GProgram.SourceForest.initial_source_valid`:
verify	Verify G6 frozen sources serially	2026-10-07T17:07:01.6975690Z   [DecidableEq E]
verify	Verify G6 frozen sources serially	2026-10-07T17:07:01.6976502Z consider restructuring your `variable` declarations so that the variables are not in scope or explicitly omit them:
verify	Verify G6 frozen sources serially	2026-10-07T17:07:01.6977709Z   omit [DecidableEq E] in theorem ...
verify	Verify G6 frozen sources serially	2026-10-07T17:07:01.6978279Z 
verify	Verify G6 frozen sources serially	2026-10-07T17:07:01.6978677Z Note: This linter can be disabled with `set_option linter.unusedSectionVars false`
verify	Verify G6 frozen sources serially	2026-10-07T17:07:01.6980264Z /home/runner/work/_temp/g6-cloud-build/Imported/SourceLabelledForest.lean:327:0: warning: automatically included section variable(s) unused in theorem `GProgram.SourceForest.merge_source_valid`:
verify	Verify G6 frozen sources serially	2026-10-07T17:07:01.6981741Z   [DecidableEq E]
verify	Verify G6 frozen sources serially	2026-10-07T17:07:01.6982864Z consider restructuring your `variable` declarations so that the variables are not in scope or explicitly omit them:
verify	Verify G6 frozen sources serially	2026-10-07T17:07:01.6983984Z   omit [DecidableEq E] in theorem ...
verify	Verify G6 frozen sources serially	2026-10-07T17:07:01.6984778Z 
verify	Verify G6 frozen sources serially	2026-10-07T17:07:01.6985281Z Note: This linter can be disabled with `set_option linter.unusedSectionVars false`
verify	Verify G6 frozen sources serially	2026-10-07T17:07:01.6987712Z /home/runner/work/_temp/g6-cloud-build/Imported/SourceLabelledForest.lean:368:0: warning: automatically included section variable(s) unused in theorem `GProgram.SourceForest.original_parent_targets_hybrid`:
verify	Verify G6 frozen sources serially	2026-10-07T17:07:01.6989539Z   [DecidableEq E]
verify	Verify G6 frozen sources serially	2026-10-07T17:07:01.7002223Z consider restructuring your `variable` declarations so that the variables are not in scope or explicitly omit them:
verify	Verify G6 frozen sources serially	2026-10-07T17:07:01.7003253Z   omit [DecidableEq E] in theorem ...
verify	Verify G6 frozen sources serially	2026-10-07T17:07:01.7003565Z 
verify	Verify G6 frozen sources serially	2026-10-07T17:07:01.7003948Z Note: This linter can be disabled with `set_option linter.unusedSectionVars false`
verify	Verify G6 frozen sources serially	2026-10-07T17:07:01.7005666Z /home/runner/work/_temp/g6-cloud-build/Imported/SourceLabelledForest.lean:407:0: warning: automatically included section variable(s) unused in theorem `GProgram.SourceForest.step_register_retained`:
verify	Verify G6 frozen sources serially	2026-10-07T17:07:01.7007334Z   [Fintype Copy]
verify	Verify G6 frozen sources serially	2026-10-07T17:07:01.7008156Z consider restructuring your `variable` declarations so that the variables are not in scope or explicitly omit them:
verify	Verify G6 frozen sources serially	2026-10-07T17:07:01.7009103Z   omit [Fintype Copy] in theorem ...
verify	Verify G6 frozen sources serially	2026-10-07T17:07:01.7009396Z 
verify	Verify G6 frozen sources serially	2026-10-07T17:07:01.7009781Z Note: This linter can be disabled with `set_option linter.unusedSectionVars false`
verify	Verify G6 frozen sources serially	2026-10-07T17:07:01.7011473Z /home/runner/work/_temp/g6-cloud-build/Imported/SourceLabelledForest.lean:411:0: warning: automatically included section variable(s) unused in theorem `GProgram.SourceForest.step_history_extends`:
verify	Verify G6 frozen sources serially	2026-10-07T17:07:01.7012909Z   [Fintype Copy]
verify	Verify G6 frozen sources serially	2026-10-07T17:07:01.7013685Z consider restructuring your `variable` declarations so that the variables are not in scope or explicitly omit them:
verify	Verify G6 frozen sources serially	2026-10-07T17:07:01.7014608Z   omit [Fintype Copy] in theorem ...
verify	Verify G6 frozen sources serially	2026-10-07T17:07:01.7014911Z 
verify	Verify G6 frozen sources serially	2026-10-07T17:07:01.7015279Z Note: This linter can be disabled with `set_option linter.unusedSectionVars false`
verify	Verify G6 frozen sources serially	2026-10-07T17:07:01.7017209Z /home/runner/work/_temp/g6-cloud-build/Imported/SourceLabelledForest.lean:472:0: warning: automatically included section variable(s) unused in theorem `GProgram.SourceForest.Genealogy.joinPruned_leaves`:
verify	Verify G6 frozen sources serially	2026-10-07T17:07:01.7018735Z   [Fintype Copy]
verify	Verify G6 frozen sources serially	2026-10-07T17:07:01.7019526Z consider restructuring your `variable` declarations so that the variables are not in scope or explicitly omit them:
verify	Verify G6 frozen sources serially	2026-10-07T17:07:01.7020456Z   omit [Fintype Copy] in theorem ...
verify	Verify G6 frozen sources serially	2026-10-07T17:07:01.7020757Z 
verify	Verify G6 frozen sources serially	2026-10-07T17:07:01.7021128Z Note: This linter can be disabled with `set_option linter.unusedSectionVars false`
verify	Verify G6 frozen sources serially	2026-10-07T17:07:01.7022808Z /home/runner/work/_temp/g6-cloud-build/Imported/SourceLabelledForest.lean:496:0: warning: automatically included section variable(s) unused in theorem `GProgram.SourceForest.mem_visibleAncestors`:
verify	Verify G6 frozen sources serially	2026-10-07T17:07:01.7024250Z   [Fintype Copy]
verify	Verify G6 frozen sources serially	2026-10-07T17:07:01.7024568Z   [Fintype V]
verify	Verify G6 frozen sources serially	2026-10-07T17:07:01.7024872Z   [Fintype E]
verify	Verify G6 frozen sources serially	2026-10-07T17:07:01.7025187Z   [DecidableEq V]
verify	Verify G6 frozen sources serially	2026-10-07T17:07:01.7025515Z   [DecidableEq E]
verify	Verify G6 frozen sources serially	2026-10-07T17:07:01.7026293Z consider restructuring your `variable` declarations so that the variables are not in scope or explicitly omit them:
verify	Verify G6 frozen sources serially	2026-10-07T17:07:01.7027650Z   omit [Fintype Copy] [Fintype V] [Fintype E] [DecidableEq V] [DecidableEq E] in theorem ...
verify	Verify G6 frozen sources serially	2026-10-07T17:07:01.7028246Z 
verify	Verify G6 frozen sources serially	2026-10-07T17:07:01.7028617Z Note: This linter can be disabled with `set_option linter.unusedSectionVars false`
verify	Verify G6 frozen sources serially	2026-10-07T17:07:01.7030559Z /home/runner/work/_temp/g6-cloud-build/Imported/SourceLabelledForest.lean:501:0: warning: automatically included section variable(s) unused in theorem `GProgram.SourceForest.selectedBlock_eq_fiber`:
verify	Verify G6 frozen sources serially	2026-10-07T17:07:01.7032005Z   [Fintype Copy]
verify	Verify G6 frozen sources serially	2026-10-07T17:07:01.7032326Z   [Fintype V]
verify	Verify G6 frozen sources serially	2026-10-07T17:07:01.7032627Z   [Fintype E]
verify	Verify G6 frozen sources serially	2026-10-07T17:07:01.7032928Z   [DecidableEq V]
verify	Verify G6 frozen sources serially	2026-10-07T17:07:01.7033251Z   [DecidableEq E]
verify	Verify G6 frozen sources serially	2026-10-07T17:07:01.7034028Z consider restructuring your `variable` declarations so that the variables are not in scope or explicitly omit them:
verify	Verify G6 frozen sources serially	2026-10-07T17:07:01.7035372Z   omit [Fintype Copy] [Fintype V] [Fintype E] [DecidableEq V] [DecidableEq E] in theorem ...
verify	Verify G6 frozen sources serially	2026-10-07T17:07:01.7035962Z 
verify	Verify G6 frozen sources serially	2026-10-07T17:07:01.7036335Z Note: This linter can be disabled with `set_option linter.unusedSectionVars false`
verify	Verify G6 frozen sources serially	2026-10-07T17:07:01.7038281Z /home/runner/work/_temp/g6-cloud-build/Imported/SourceLabelledForest.lean:527:0: warning: automatically included section variable(s) unused in theorem `GProgram.SourceForest.selectedBlock_merge_survivor`:
verify	Verify G6 frozen sources serially	2026-10-07T17:07:01.7039799Z   [Fintype Copy]
verify	Verify G6 frozen sources serially	2026-10-07T17:07:01.7040120Z   [Fintype V]
verify	Verify G6 frozen sources serially	2026-10-07T17:07:01.7040415Z   [Fintype E]
verify	Verify G6 frozen sources serially	2026-10-07T17:07:01.7040720Z   [DecidableEq V]
verify	Verify G6 frozen sources serially	2026-10-07T17:07:01.7041045Z   [DecidableEq E]
verify	Verify G6 frozen sources serially	2026-10-07T17:07:01.7041826Z consider restructuring your `variable` declarations so that the variables are not in scope or explicitly omit them:
verify	Verify G6 frozen sources serially	2026-10-07T17:07:01.7042994Z   omit [Fintype Copy] [Fintype V] [Fintype E] [DecidableEq V] [DecidableEq E] in theorem ...
verify	Verify G6 frozen sources serially	2026-10-07T17:07:01.7043587Z 
verify	Verify G6 frozen sources serially	2026-10-07T17:07:01.7043961Z Note: This linter can be disabled with `set_option linter.unusedSectionVars false`
verify	Verify G6 frozen sources serially	2026-10-07T17:07:01.7045686Z /home/runner/work/_temp/g6-cloud-build/Imported/SourceLabelledForest.lean:532:0: warning: automatically included section variable(s) unused in theorem `GProgram.SourceForest.selectedBlock_merge_other`:
verify	Verify G6 frozen sources serially	2026-10-07T17:07:01.7047324Z   [Fintype Copy]
verify	Verify G6 frozen sources serially	2026-10-07T17:07:01.7047650Z   [Fintype V]
verify	Verify G6 frozen sources serially	2026-10-07T17:07:01.7047951Z   [Fintype E]
verify	Verify G6 frozen sources serially	2026-10-07T17:07:01.7048250Z   [DecidableEq V]
verify	Verify G6 frozen sources serially	2026-10-07T17:07:01.7048577Z   [DecidableEq E]
verify	Verify G6 frozen sources serially	2026-10-07T17:07:01.7049355Z consider restructuring your `variable` declarations so that the variables are not in scope or explicitly omit them:
verify	Verify G6 frozen sources serially	2026-10-07T17:07:01.7050522Z   omit [Fintype Copy] [Fintype V] [Fintype E] [DecidableEq V] [DecidableEq E] in theorem ...
verify	Verify G6 frozen sources serially	2026-10-07T17:07:01.7051105Z 
verify	Verify G6 frozen sources serially	2026-10-07T17:07:01.7051485Z Note: This linter can be disabled with `set_option linter.unusedSectionVars false`
verify	Verify G6 frozen sources serially	2026-10-07T17:07:01.7053150Z /home/runner/work/_temp/g6-cloud-build/Imported/SourceLabelledForest.lean:537:0: warning: automatically included section variable(s) unused in theorem `GProgram.SourceForest.prune_merge_survivor`:
verify	Verify G6 frozen sources serially	2026-10-07T17:07:01.7054583Z   [Fintype Copy]
verify	Verify G6 frozen sources serially	2026-10-07T17:07:01.7054898Z   [Fintype V]
verify	Verify G6 frozen sources serially	2026-10-07T17:07:01.7055192Z   [Fintype E]
verify	Verify G6 frozen sources serially	2026-10-07T17:07:01.7055508Z   [DecidableEq V]
verify	Verify G6 frozen sources serially	2026-10-07T17:07:01.7055833Z   [DecidableEq E]
verify	Verify G6 frozen sources serially	2026-10-07T17:07:01.7056604Z consider restructuring your `variable` declarations so that the variables are not in scope or explicitly omit them:
verify	Verify G6 frozen sources serially	2026-10-07T17:07:01.7057911Z   omit [Fintype Copy] [Fintype V] [Fintype E] [DecidableEq V] [DecidableEq E] in theorem ...
verify	Verify G6 frozen sources serially	2026-10-07T17:07:01.7058493Z 
verify	Verify G6 frozen sources serially	2026-10-07T17:07:01.7058938Z Note: This linter can be disabled with `set_option linter.unusedSectionVars false`
verify	Verify G6 frozen sources serially	2026-10-07T17:07:01.7060714Z /home/runner/work/_temp/g6-cloud-build/Imported/SourceLabelledForest.lean:542:0: warning: automatically included section variable(s) unused in theorem `GProgram.SourceForest.pulse_selected_genealogy_unchanged`:
verify	Verify G6 frozen sources serially	2026-10-07T17:07:01.7062248Z   [Fintype Copy]
verify	Verify G6 frozen sources serially	2026-10-07T17:07:01.7063029Z consider restructuring your `variable` declarations so that the variables are not in scope or explicitly omit them:
verify	Verify G6 frozen sources serially	2026-10-07T17:07:01.7063958Z   omit [Fintype Copy] in theorem ...
verify	Verify G6 frozen sources serially	2026-10-07T17:07:01.7064252Z 
verify	Verify G6 frozen sources serially	2026-10-07T17:07:01.7064629Z Note: This linter can be disabled with `set_option linter.unusedSectionVars false`
verify	Verify G6 frozen sources serially	2026-10-07T17:07:01.7066588Z /home/runner/work/_temp/g6-cloud-build/Imported/SourceLabelledForest.lean:551:0: warning: automatically included section variable(s) unused in theorem `GProgram.SourceForest.Genealogy.joinPruned_wellLabelled`:
verify	Verify G6 frozen sources serially	2026-10-07T17:07:01.7068293Z   [Fintype Copy]
verify	Verify G6 frozen sources serially	2026-10-07T17:07:01.7069060Z consider restructuring your `variable` declarations so that the variables are not in scope or explicitly omit them:
verify	Verify G6 frozen sources serially	2026-10-07T17:07:01.7069964Z   omit [Fintype Copy] in theorem ...
verify	Verify G6 frozen sources serially	2026-10-07T17:07:01.7070255Z 
verify	Verify G6 frozen sources serially	2026-10-07T17:07:01.7070626Z Note: This linter can be disabled with `set_option linter.unusedSectionVars false`
verify	Verify G6 frozen sources serially	2026-10-07T17:07:01.7072464Z /home/runner/work/_temp/g6-cloud-build/Imported/SourceLabelledForest.lean:572:0: warning: automatically included section variable(s) unused in theorem `GProgram.SourceForest.unique_live_genealogy`:
verify	Verify G6 frozen sources serially	2026-10-07T17:07:01.7073884Z   [Fintype Copy]
verify	Verify G6 frozen sources serially	2026-10-07T17:07:01.7074199Z   [Fintype V]
verify	Verify G6 frozen sources serially	2026-10-07T17:07:01.7074508Z   [Fintype E]
verify	Verify G6 frozen sources serially	2026-10-07T17:07:01.7074812Z   [DecidableEq V]
verify	Verify G6 frozen sources serially	2026-10-07T17:07:01.7075131Z   [DecidableEq E]
verify	Verify G6 frozen sources serially	2026-10-07T17:07:01.7075897Z consider restructuring your `variable` declarations so that the variables are not in scope or explicitly omit them:
verify	Verify G6 frozen sources serially	2026-10-07T17:07:01.7077234Z   omit [Fintype Copy] [Fintype V] [Fintype E] [DecidableEq V] [DecidableEq E] in theorem ...
verify	Verify G6 frozen sources serially	2026-10-07T17:07:01.7077826Z 
verify	Verify G6 frozen sources serially	2026-10-07T17:07:01.7078197Z Note: This linter can be disabled with `set_option linter.unusedSectionVars false`
verify	Verify G6 frozen sources serially	2026-10-07T17:07:01.7079906Z /home/runner/work/_temp/g6-cloud-build/Imported/SourceLabelledForest.lean:580:0: warning: automatically included section variable(s) unused in theorem `GProgram.SourceForest.source_live_root_is_original`:
verify	Verify G6 frozen sources serially	2026-10-07T17:07:01.7081390Z   [Fintype Copy]
verify	Verify G6 frozen sources serially	2026-10-07T17:07:01.7081710Z   [DecidableEq E]
verify	Verify G6 frozen sources serially	2026-10-07T17:07:01.7082489Z consider restructuring your `variable` declarations so that the variables are not in scope or explicitly omit them:
verify	Verify G6 frozen sources serially	2026-10-07T17:07:01.7083467Z   omit [Fintype Copy] [DecidableEq E] in theorem ...
verify	Verify G6 frozen sources serially	2026-10-07T17:07:01.7083838Z 
verify	Verify G6 frozen sources serially	2026-10-07T17:07:01.7084204Z Note: This linter can be disabled with `set_option linter.unusedSectionVars false`
verify	Verify G6 frozen sources serially	2026-10-07T17:07:01.7085387Z /home/runner/work/_temp/g6-cloud-build/Imported/SourceLabelledForest.lean:645:10: warning: This simp argument is unused:
verify	Verify G6 frozen sources serially	2026-10-07T17:07:01.7086353Z   Fintype.sum_bool
verify	Verify G6 frozen sources serially	2026-10-07T17:07:01.7086554Z 
verify	Verify G6 frozen sources serially	2026-10-07T17:07:01.7086896Z Hint: Omit it from the simp argument list.
verify	Verify G6 frozen sources serially	2026-10-07T17:07:01.7087428Z   [apply] simp [cylinderFactor, bitWeight, ha, hw]
verify	Verify G6 frozen sources serially	2026-10-07T17:07:01.7087786Z 
verify	Verify G6 frozen sources serially	2026-10-07T17:07:01.7088148Z Note: This linter can be disabled with `set_option linter.unusedSimpArgs false`
verify	Verify G6 frozen sources serially	2026-10-07T17:07:01.7089276Z 'GProgram.SourceForest.pulse_selected_coin_marginal' depends on axioms: [propext, Classical.choice, Quot.sound]
verify	Verify G6 frozen sources serially	2026-10-07T17:07:01.7090697Z 'GProgram.SourceForest.coinCylinderMass_eq_retained_product' depends on axioms: [propext, Classical.choice, Quot.sound]
verify	Verify G6 frozen sources serially	2026-10-07T17:07:01.7092137Z 'GProgram.SourceForest.Genealogy.prune_wellLabelled' depends on axioms: [propext, Classical.choice, Quot.sound]
verify	Verify G6 frozen sources serially	2026-10-07T17:07:01.7093476Z 'GProgram.SourceForest.unique_live_genealogy' depends on axioms: [propext, Classical.choice, Quot.sound]
verify	Verify G6 frozen sources serially	2026-10-07T17:07:01.7094767Z 'GProgram.SourceForest.source_live_root_is_original' depends on axioms: [propext, Classical.choice, Quot.sound]
verify	Verify G6 frozen sources serially	2026-10-07T17:07:01.7096126Z 'GProgram.SourceForest.source_trace_original_copy_budget' depends on axioms: [propext, Classical.choice, Quot.sound]
verify	Verify G6 frozen sources serially	2026-10-07T17:07:01.7097692Z 'GProgram.SourceForest.source_trace_history_prefix' depends on axioms: [propext, Classical.choice, Quot.sound]
verify	Verify G6 frozen sources serially	2026-10-07T17:07:01.7099025Z 'GProgram.SourceForest.Genealogy.prune_leaves' depends on axioms: [propext, Classical.choice, Quot.sound]
verify	Verify G6 frozen sources serially	2026-10-07T17:07:01.7100407Z 'GProgram.SourceForest.selectedBlock_injective_on_visible' depends on axioms: [propext, Classical.choice, Quot.sound]
verify	Verify G6 frozen sources serially	2026-10-07T17:07:01.7101829Z 'GProgram.SourceForest.selectedBlock_merge_survivor' depends on axioms: [propext, Classical.choice, Quot.sound]
verify	Verify G6 frozen sources serially	2026-10-07T17:07:01.7103307Z 'GProgram.SourceForest.prune_merge_survivor' depends on axioms: [propext, Classical.choice, Quot.sound]
verify	Verify G6 frozen sources serially	2026-10-07T17:07:01.7104530Z 'GProgram.SourceForest.source_trace_valid' depends on axioms: [propext, Classical.choice, Quot.sound]
verify	Verify G6 frozen sources serially	2026-10-07T17:07:01.7105739Z 'GProgram.SourceForest.source_trace_register' depends on axioms: [propext, Classical.choice, Quot.sound]
verify	Verify G6 frozen sources serially	2026-10-07T17:07:01.7107104Z 'GProgram.SourceForest.step_history_extends' depends on axioms: [propext, Classical.choice, Quot.sound]
verify	Verify G6 frozen sources serially	2026-10-07T17:07:01.7108679Z 'GProgram.SourceForest.pulseExpectation_one' depends on axioms: [propext, Classical.choice, Quot.sound]
verify	Verify G6 frozen sources serially	2026-10-07T17:07:01.7109972Z 'GProgram.SourceForest.pulseExpectation_nonnegative' depends on axioms: [propext, Classical.choice, Quot.sound]
verify	Verify G6 frozen sources serially	2026-10-07T17:07:01.7111264Z 'GProgram.SourceForest.initial_valid' depends on axioms: [propext, Classical.choice, Quot.sound]
verify	Verify G6 frozen sources serially	2026-10-07T17:07:01.7112423Z 'GProgram.SourceForest.merge_valid' depends on axioms: [propext, Classical.choice, Quot.sound]
verify	Verify G6 frozen sources serially	2026-10-07T17:07:01.7113656Z 'GProgram.SourceForest.merge_population_preserved' depends on axioms: [propext, Classical.choice, Quot.sound]
verify	Verify G6 frozen sources serially	2026-10-07T17:07:01.7114966Z 'GProgram.SourceForest.merge_never_splits' depends on axioms: [propext, Classical.choice, Quot.sound]
verify	Verify G6 frozen sources serially	2026-10-07T17:07:01.7116200Z 'GProgram.SourceForest.merge_live_card' depends on axioms: [propext, Classical.choice, Quot.sound]
verify	Verify G6 frozen sources serially	2026-10-07T17:07:01.7117723Z 'GProgram.SourceForest.enterRoot_retains_original_root' depends on axioms: [propext, Classical.choice, Quot.sound]
verify	Verify G6 frozen sources serially	2026-10-07T17:07:01.7119053Z 'GProgram.SourceForest.pulse_valid' depends on axioms: [propext, Classical.choice, Quot.sound]
verify	Verify G6 frozen sources serially	2026-10-07T17:07:01.7120355Z 'GProgram.SourceForest.pulse_routes_current_ancestor' depends on axioms: [propext, Classical.choice, Quot.sound]
verify	Verify G6 frozen sources serially	2026-10-07T17:07:01.7121752Z 'GProgram.SourceForest.pulse_cannot_split_copies' depends on axioms: [propext, Classical.choice, Quot.sound]
verify	Verify G6 frozen sources serially	2026-10-07T17:07:01.7123192Z 'GProgram.SourceForest.independentWeight_normalized' depends on axioms: [propext, Classical.choice, Quot.sound]
verify	Verify G6 frozen sources serially	2026-10-07T17:07:01.7124685Z 'GProgram.SourceForest.independentWeight_nonnegative' depends on axioms: [propext, Classical.choice, Quot.sound]
verify	Verify G6 frozen sources serially	2026-10-07T17:07:01.7128100Z G6_RECEIPT {"argv": ["lake", "env", "lean", "--trust=0", "-j1", "-M4096", "-o", "/home/runner/work/_temp/g6-cloud-build/.lake/build/lib/lean/SourceLabelledForest.olean", "/home/runner/work/_temp/g6-cloud-build/Imported/SourceLabelledForest.lean"], "start": "2026-10-07T17:06:57.153998+00:00", "end": "2026-10-07T17:07:01.686313+00:00", "exit": 0, "output_sha256": "79ac7b957f8500fff5f2e97d6b4f5c421747bab05c34771d0de9451c972e26df"}
verify	Verify G6 frozen sources serially	2026-10-07T17:07:01.7132917Z G6_COMMAND {"argv": ["lake", "env", "lean", "--trust=0", "-j1", "-M4096", "-o", "/home/runner/work/_temp/g6-cloud-build/.lake/build/lib/lean/SourceForestKingmanProjection.olean", "/home/runner/work/_temp/g6-cloud-build/Imported/SourceForestKingmanProjection.lean"], "cwd": "/home/runner/work/_temp/g6-cloud-build", "start": "2026-10-07T17:07:01.687042+00:00"}
verify	Verify G6 frozen sources serially	2026-10-07T17:07:03.7370635Z /home/runner/work/_temp/g6-cloud-build/Imported/SourceForestKingmanProjection.lean:31:0: warning: automatically included section variable(s) unused in theorem `GProgram.SourceForestKingmanProjection.image_offDiag_eq`:
verify	Verify G6 frozen sources serially	2026-10-07T17:07:03.7372431Z   [DecidableEq α]
verify	Verify G6 frozen sources serially	2026-10-07T17:07:03.7373284Z consider restructuring your `variable` declarations so that the variables are not in scope or explicitly omit them:
verify	Verify G6 frozen sources serially	2026-10-07T17:07:03.7374601Z   omit [DecidableEq α] in theorem ...
verify	Verify G6 frozen sources serially	2026-10-07T17:07:03.7375041Z 
verify	Verify G6 frozen sources serially	2026-10-07T17:07:03.7375634Z Note: This linter can be disabled with `set_option linter.unusedSectionVars false`
verify	Verify G6 frozen sources serially	2026-10-07T17:07:03.7378586Z /home/runner/work/_temp/g6-cloud-build/Imported/SourceForestKingmanProjection.lean:57:0: warning: automatically included section variable(s) unused in theorem `GProgram.SourceForestKingmanProjection.pairMap_injective_on_offDiag`:
verify	Verify G6 frozen sources serially	2026-10-07T17:07:03.7381409Z   [DecidableEq α]
verify	Verify G6 frozen sources serially	2026-10-07T17:07:03.7381788Z   [DecidableEq β]
verify	Verify G6 frozen sources serially	2026-10-07T17:07:03.7382569Z consider restructuring your `variable` declarations so that the variables are not in scope or explicitly omit them:
verify	Verify G6 frozen sources serially	2026-10-07T17:07:03.7383640Z   omit [DecidableEq α] [DecidableEq β] in theorem ...
verify	Verify G6 frozen sources serially	2026-10-07T17:07:03.7384021Z 
verify	Verify G6 frozen sources serially	2026-10-07T17:07:03.7384408Z Note: This linter can be disabled with `set_option linter.unusedSectionVars false`
verify	Verify G6 frozen sources serially	2026-10-07T17:07:03.7385554Z 'GProgram.SourceForestKingmanProjection.source_visible_pair_unique_preimage' depends on axioms: [propext,
verify	Verify G6 frozen sources serially	2026-10-07T17:07:03.7386888Z  Classical.choice,
verify	Verify G6 frozen sources serially	2026-10-07T17:07:03.7387235Z  Quot.sound]
verify	Verify G6 frozen sources serially	2026-10-07T17:07:03.7388056Z 'GProgram.SourceForestKingmanProjection.actual_source_visible_generator_identity' depends on axioms: [propext,
verify	Verify G6 frozen sources serially	2026-10-07T17:07:03.7388999Z  Classical.choice,
verify	Verify G6 frozen sources serially	2026-10-07T17:07:03.7389323Z  Quot.sound]
verify	Verify G6 frozen sources serially	2026-10-07T17:07:03.7392377Z G6_RECEIPT {"argv": ["lake", "env", "lean", "--trust=0", "-j1", "-M4096", "-o", "/home/runner/work/_temp/g6-cloud-build/.lake/build/lib/lean/SourceForestKingmanProjection.olean", "/home/runner/work/_temp/g6-cloud-build/Imported/SourceForestKingmanProjection.lean"], "start": "2026-10-07T17:07:01.687042+00:00", "end": "2026-10-07T17:07:03.736812+00:00", "exit": 0, "output_sha256": "855843569cbe38777bb54221148423275400b580a00dfd6ed32803a8c1d11904"}
verify	Verify G6 frozen sources serially	2026-10-07T17:07:03.7397311Z G6_COMMAND {"argv": ["lake", "env", "lean", "--trust=0", "-j1", "-M4096", "-o", "/home/runner/work/_temp/g6-cloud-build/.lake/build/lib/lean/SourceForestKingmanPopulationProjection.olean", "/home/runner/work/_temp/g6-cloud-build/Imported/SourceForestKingmanPopulationProjection.lean"], "cwd": "/home/runner/work/_temp/g6-cloud-build", "start": "2026-10-07T17:07:03.737186+00:00"}
verify	Verify G6 frozen sources serially	2026-10-07T17:07:05.6949810Z /home/runner/work/_temp/g6-cloud-build/Imported/SourceForestKingmanPopulationProjection.lean:27:0: warning: automatically included section variable(s) unused in theorem `GProgram.SourceForestKingmanPopulationProjection.populationRoots_subset_live`:
verify	Verify G6 frozen sources serially	2026-10-07T17:07:05.6952633Z   [Fintype V]
verify	Verify G6 frozen sources serially	2026-10-07T17:07:05.6953068Z   [Fintype E]
verify	Verify G6 frozen sources serially	2026-10-07T17:07:05.6953497Z   [Fintype Copy]
verify	Verify G6 frozen sources serially	2026-10-07T17:07:05.6954583Z consider restructuring your `variable` declarations so that the variables are not in scope or explicitly omit them:
verify	Verify G6 frozen sources serially	2026-10-07T17:07:05.6955715Z   omit [Fintype V] [Fintype E] [Fintype Copy] in theorem ...
verify	Verify G6 frozen sources serially	2026-10-07T17:07:05.6956068Z 
verify	Verify G6 frozen sources serially	2026-10-07T17:07:05.6956396Z Note: This linter can be disabled with `set_option linter.unusedSectionVars false`
verify	Verify G6 frozen sources serially	2026-10-07T17:07:05.6958355Z /home/runner/work/_temp/g6-cloud-build/Imported/SourceForestKingmanPopulationProjection.lean:32:0: warning: automatically included section variable(s) unused in theorem `GProgram.SourceForestKingmanPopulationProjection.population_pair_is_source_legal`:
verify	Verify G6 frozen sources serially	2026-10-07T17:07:05.6959714Z   [Fintype V]
verify	Verify G6 frozen sources serially	2026-10-07T17:07:05.6959937Z   [Fintype E]
verify	Verify G6 frozen sources serially	2026-10-07T17:07:05.6960157Z   [Fintype Copy]
verify	Verify G6 frozen sources serially	2026-10-07T17:07:05.6960720Z consider restructuring your `variable` declarations so that the variables are not in scope or explicitly omit them:
verify	Verify G6 frozen sources serially	2026-10-07T17:07:05.6961442Z   omit [Fintype V] [Fintype E] [Fintype Copy] in theorem ...
verify	Verify G6 frozen sources serially	2026-10-07T17:07:05.6961736Z 
verify	Verify G6 frozen sources serially	2026-10-07T17:07:05.6962001Z Note: This linter can be disabled with `set_option linter.unusedSectionVars false`
verify	Verify G6 frozen sources serially	2026-10-07T17:07:05.6962927Z 'GProgram.SourceForestKingmanPopulationProjection.edge_projected_pair_has_unique_legal_preimage' depends on axioms: [propext,
verify	Verify G6 frozen sources serially	2026-10-07T17:07:05.6963679Z  Classical.choice,
verify	Verify G6 frozen sources serially	2026-10-07T17:07:05.6963916Z  Quot.sound]
verify	Verify G6 frozen sources serially	2026-10-07T17:07:05.6964571Z 'GProgram.SourceForestKingmanPopulationProjection.root_projected_pair_has_unique_legal_preimage' depends on axioms: [propext,
verify	Verify G6 frozen sources serially	2026-10-07T17:07:05.6965325Z  Classical.choice,
verify	Verify G6 frozen sources serially	2026-10-07T17:07:05.6965562Z  Quot.sound]
verify	Verify G6 frozen sources serially	2026-10-07T17:07:05.6966223Z 'GProgram.SourceForestKingmanPopulationProjection.actual_population_visible_generator_identity' depends on axioms: [propext,
verify	Verify G6 frozen sources serially	2026-10-07T17:07:05.6987884Z  Classical.choice,
verify	Verify G6 frozen sources serially	2026-10-07T17:07:05.6988408Z  Quot.sound]
verify	Verify G6 frozen sources serially	2026-10-07T17:07:05.6991144Z G6_RECEIPT {"argv": ["lake", "env", "lean", "--trust=0", "-j1", "-M4096", "-o", "/home/runner/work/_temp/g6-cloud-build/.lake/build/lib/lean/SourceForestKingmanPopulationProjection.olean", "/home/runner/work/_temp/g6-cloud-build/Imported/SourceForestKingmanPopulationProjection.lean"], "start": "2026-10-07T17:07:03.737186+00:00", "end": "2026-10-07T17:07:05.694618+00:00", "exit": 0, "output_sha256": "6a4ccf778e6523c1961b260dba053422caa41e2889a0a3f7fcb7c8dea5ab0805"}
verify	Verify G6 frozen sources serially	2026-10-07T17:07:05.6996036Z G6_COMMAND {"argv": ["lake", "env", "lean", "--trust=0", "-j1", "-M4096", "-o", "/home/runner/work/_temp/g6-cloud-build/.lake/build/lib/lean/UnifiedLean/Source/SourceForestSilentPruning.olean", "/home/runner/work/_temp/g6-cloud-build/UnifiedLean/Source/SourceForestSilentPruning.lean"], "cwd": "/home/runner/work/_temp/g6-cloud-build", "start": "2026-10-07T17:07:05.695046+00:00"}
verify	Verify G6 frozen sources serially	2026-10-07T17:07:07.7904644Z /home/runner/work/_temp/g6-cloud-build/UnifiedLean/Source/SourceForestSilentPruning.lean:21:0: warning: automatically included section variable(s) unused in theorem `UnifiedLean.Source.SourceForestSilentPruning.genealogy_leaves_nonempty`:
verify	Verify G6 frozen sources serially	2026-10-07T17:07:07.7907650Z   [Fintype Copy]
verify	Verify G6 frozen sources serially	2026-10-07T17:07:07.7908644Z consider restructuring your `variable` declarations so that the variables are not in scope or explicitly omit them:
verify	Verify G6 frozen sources serially	2026-10-07T17:07:07.7909779Z   omit [Fintype Copy] in theorem ...
verify	Verify G6 frozen sources serially	2026-10-07T17:07:07.7910165Z 
verify	Verify G6 frozen sources serially	2026-10-07T17:07:07.7910781Z Note: This linter can be disabled with `set_option linter.unusedSectionVars false`
verify	Verify G6 frozen sources serially	2026-10-07T17:07:07.7913167Z /home/runner/work/_temp/g6-cloud-build/UnifiedLean/Source/SourceForestSilentPruning.lean:60:0: warning: automatically included section variable(s) unused in theorem `UnifiedLean.Source.SourceForestSilentPruning.selected_label_not_in_invisible_operand`:
verify	Verify G6 frozen sources serially	2026-10-07T17:07:07.7915063Z   [DecidableEq V]
verify	Verify G6 frozen sources serially	2026-10-07T17:07:07.7915695Z   [DecidableEq E]
verify	Verify G6 frozen sources serially	2026-10-07T17:07:07.7916251Z   [Fintype V]
verify	Verify G6 frozen sources serially	2026-10-07T17:07:07.7917128Z   [Fintype E]
verify	Verify G6 frozen sources serially	2026-10-07T17:07:07.7918047Z consider restructuring your `variable` declarations so that the variables are not in scope or explicitly omit them:
verify	Verify G6 frozen sources serially	2026-10-07T17:07:07.7919184Z   omit [DecidableEq V] [DecidableEq E] [Fintype V] [Fintype E] in theorem ...
verify	Verify G6 frozen sources serially	2026-10-07T17:07:07.7919712Z 
verify	Verify G6 frozen sources serially	2026-10-07T17:07:07.7920101Z Note: This linter can be disabled with `set_option linter.unusedSectionVars false`
verify	Verify G6 frozen sources serially	2026-10-07T17:07:07.7921808Z /home/runner/work/_temp/g6-cloud-build/UnifiedLean/Source/SourceForestSilentPruning.lean:73:0: warning: automatically included section variable(s) unused in theorem `UnifiedLean.Source.SourceForestSilentPruning.invisible_operand_iff_pruned_none`:
verify	Verify G6 frozen sources serially	2026-10-07T17:07:07.7924037Z   [DecidableEq V]
verify	Verify G6 frozen sources serially	2026-10-07T17:07:07.7924252Z   [DecidableEq E]
verify	Verify G6 frozen sources serially	2026-10-07T17:07:07.7924449Z   [Fintype V]
verify	Verify G6 frozen sources serially	2026-10-07T17:07:07.7924631Z   [Fintype E]
verify	Verify G6 frozen sources serially	2026-10-07T17:07:07.7925081Z consider restructuring your `variable` declarations so that the variables are not in scope or explicitly omit them:
verify	Verify G6 frozen sources serially	2026-10-07T17:07:07.7925749Z   omit [DecidableEq V] [DecidableEq E] [Fintype V] [Fintype E] in theorem ...
verify	Verify G6 frozen sources serially	2026-10-07T17:07:07.7926072Z 
verify	Verify G6 frozen sources serially	2026-10-07T17:07:07.7926302Z Note: This linter can be disabled with `set_option linter.unusedSectionVars false`
verify	Verify G6 frozen sources serially	2026-10-07T17:07:07.7927331Z /home/runner/work/_temp/g6-cloud-build/UnifiedLean/Source/SourceForestSilentPruning.lean:95:25: warning: This simp argument is unused:
verify	Verify G6 frozen sources serially	2026-10-07T17:07:07.7927934Z   if_neg hxb
verify	Verify G6 frozen sources serially	2026-10-07T17:07:07.7928046Z 
verify	Verify G6 frozen sources serially	2026-10-07T17:07:07.7928150Z Hint: Omit it from the simp argument list.
verify	Verify G6 frozen sources serially	2026-10-07T17:07:07.7928483Z   [apply] simp only [merge, hxa, if_true, Genealogy.prune]
verify	Verify G6 frozen sources serially	2026-10-07T17:07:07.7928736Z 
verify	Verify G6 frozen sources serially	2026-10-07T17:07:07.7928958Z Note: This linter can be disabled with `set_option linter.unusedSimpArgs false`
verify	Verify G6 frozen sources serially	2026-10-07T17:07:07.7929685Z /home/runner/work/_temp/g6-cloud-build/UnifiedLean/Source/SourceForestSilentPruning.lean:95:40: warning: This simp argument is unused:
verify	Verify G6 frozen sources serially	2026-10-07T17:07:07.7930278Z   if_true
verify	Verify G6 frozen sources serially	2026-10-07T17:07:07.7930598Z 
verify	Verify G6 frozen sources serially	2026-10-07T17:07:07.7930704Z Hint: Omit it from the simp argument list.
verify	Verify G6 frozen sources serially	2026-10-07T17:07:07.7931042Z   [apply] simp only [merge, if_neg hxb, hxa, Genealogy.prune]
verify	Verify G6 frozen sources serially	2026-10-07T17:07:07.7931290Z 
verify	Verify G6 frozen sources serially	2026-10-07T17:07:07.7931490Z Note: This linter can be disabled with `set_option linter.unusedSimpArgs false`
verify	Verify G6 frozen sources serially	2026-10-07T17:07:07.7932198Z /home/runner/work/_temp/g6-cloud-build/UnifiedLean/Source/SourceForestSilentPruning.lean:95:48: warning: This simp argument is unused:
verify	Verify G6 frozen sources serially	2026-10-07T17:07:07.7932797Z   Genealogy.prune
verify	Verify G6 frozen sources serially	2026-10-07T17:07:07.7932919Z 
verify	Verify G6 frozen sources serially	2026-10-07T17:07:07.7933026Z Hint: Omit it from the simp argument list.
verify	Verify G6 frozen sources serially	2026-10-07T17:07:07.7933472Z   [apply] simp only [merge, if_neg hxb, hxa, if_true]
verify	Verify G6 frozen sources serially	2026-10-07T17:07:07.7933679Z 
verify	Verify G6 frozen sources serially	2026-10-07T17:07:07.7933883Z Note: This linter can be disabled with `set_option linter.unusedSimpArgs false`
verify	Verify G6 frozen sources serially	2026-10-07T17:07:07.7935015Z /home/runner/work/_temp/g6-cloud-build/UnifiedLean/Source/SourceForestSilentPruning.lean:103:0: warning: automatically included section variable(s) unused in theorem `UnifiedLean.Source.SourceForestSilentPruning.selectedLocation_merge_unchanged`:
verify	Verify G6 frozen sources serially	2026-10-07T17:07:07.7936240Z   [DecidableEq E]
verify	Verify G6 frozen sources serially	2026-10-07T17:07:07.7936856Z consider restructuring your `variable` declarations so that the variables are not in scope or explicitly omit them:
verify	Verify G6 frozen sources serially	2026-10-07T17:07:07.7937612Z   omit [DecidableEq E] in theorem ...
verify	Verify G6 frozen sources serially	2026-10-07T17:07:07.7937789Z 
verify	Verify G6 frozen sources serially	2026-10-07T17:07:07.7938013Z Note: This linter can be disabled with `set_option linter.unusedSectionVars false`
verify	Verify G6 frozen sources serially	2026-10-07T17:07:07.7938671Z 'UnifiedLean.Source.SourceForestSilentPruning.prune_none_iff_no_selected_leaves' depends on axioms: [propext,
verify	Verify G6 frozen sources serially	2026-10-07T17:07:07.7939214Z  Classical.choice,
verify	Verify G6 frozen sources serially	2026-10-07T17:07:07.7939414Z  Quot.sound]
verify	Verify G6 frozen sources serially	2026-10-07T17:07:07.7939893Z 'UnifiedLean.Source.SourceForestSilentPruning.selected_label_not_in_invisible_operand' depends on axioms: [propext,
verify	Verify G6 frozen sources serially	2026-10-07T17:07:07.7940441Z  Classical.choice,
verify	Verify G6 frozen sources serially	2026-10-07T17:07:07.7940634Z  Quot.sound]
verify	Verify G6 frozen sources serially	2026-10-07T17:07:07.7941093Z 'UnifiedLean.Source.SourceForestSilentPruning.invisible_operand_iff_pruned_none' depends on axioms: [propext,
verify	Verify G6 frozen sources serially	2026-10-07T17:07:07.7941635Z  Classical.choice,
verify	Verify G6 frozen sources serially	2026-10-07T17:07:07.7941825Z  Quot.sound]
verify	Verify G6 frozen sources serially	2026-10-07T17:07:07.7942276Z 'UnifiedLean.Source.SourceForestSilentPruning.selectedGenealogy_merge_silent' depends on axioms: [propext,
verify	Verify G6 frozen sources serially	2026-10-07T17:07:07.7942800Z  Classical.choice,
verify	Verify G6 frozen sources serially	2026-10-07T17:07:07.7942988Z  Quot.sound]
verify	Verify G6 frozen sources serially	2026-10-07T17:07:07.7943443Z 'UnifiedLean.Source.SourceForestSilentPruning.selectedLocation_merge_unchanged' depends on axioms: [propext,
verify	Verify G6 frozen sources serially	2026-10-07T17:07:07.7943972Z  Classical.choice,
verify	Verify G6 frozen sources serially	2026-10-07T17:07:07.7944160Z  Quot.sound]
verify	Verify G6 frozen sources serially	2026-10-07T17:07:07.7944596Z 'UnifiedLean.Source.SourceForestSilentPruning.selectedView_merge_silent' depends on axioms: [propext,
verify	Verify G6 frozen sources serially	2026-10-07T17:07:07.7945101Z  Classical.choice,
verify	Verify G6 frozen sources serially	2026-10-07T17:07:07.7945285Z  Quot.sound]
verify	Verify G6 frozen sources serially	2026-10-07T17:07:07.7945741Z 'UnifiedLean.Source.SourceForestSilentPruning.silent_merger_readout_increment_zero' depends on axioms: [propext,
verify	Verify G6 frozen sources serially	2026-10-07T17:07:07.7946273Z  Classical.choice,
verify	Verify G6 frozen sources serially	2026-10-07T17:07:07.7946470Z  Quot.sound]
verify	Verify G6 frozen sources serially	2026-10-07T17:07:07.7948137Z G6_RECEIPT {"argv": ["lake", "env", "lean", "--trust=0", "-j1", "-M4096", "-o", "/home/runner/work/_temp/g6-cloud-build/.lake/build/lib/lean/UnifiedLean/Source/SourceForestSilentPruning.olean", "/home/runner/work/_temp/g6-cloud-build/UnifiedLean/Source/SourceForestSilentPruning.lean"], "start": "2026-10-07T17:07:05.695046+00:00", "end": "2026-10-07T17:07:07.790114+00:00", "exit": 0, "output_sha256": "adfc8b82f9b633ac6e3a452cc1a196be3b5851497f2bb3303b17c4772cb602ba"}
verify	Verify G6 frozen sources serially	2026-10-07T17:07:07.7950801Z G6_COMMAND {"argv": ["lake", "env", "lean", "--trust=0", "-j1", "-M4096", "-o", "/home/runner/work/_temp/g6-cloud-build/.lake/build/lib/lean/UnifiedLean/Source/FiniteGenealogyEncoding.olean", "/home/runner/work/_temp/g6-cloud-build/UnifiedLean/Source/FiniteGenealogyEncoding.lean"], "cwd": "/home/runner/work/_temp/g6-cloud-build", "start": "2026-10-07T17:07:07.790568+00:00"}
verify	Verify G6 frozen sources serially	2026-10-07T17:07:10.0728980Z /home/runner/work/_temp/g6-cloud-build/UnifiedLean/Source/FiniteGenealogyEncoding.lean:38:4: warning: Variable name `n` is not explicitly referenced.
verify	Verify G6 frozen sources serially	2026-10-07T17:07:10.0731036Z 
verify	Verify G6 frozen sources serially	2026-10-07T17:07:10.0731960Z Hint: The binding can be removed (if unused) or named `_` (if used implicitly). Alternatively, prefix the name with `_` to silence this warning:
verify	Verify G6 frozen sources serially	2026-10-07T17:07:10.0733219Z   [apply] _n
verify	Verify G6 frozen sources serially	2026-10-07T17:07:10.0733734Z 
verify	Verify G6 frozen sources serially	2026-10-07T17:07:10.0734299Z Note: This linter can be disabled with `set_option linter.unusedVariables false`
verify	Verify G6 frozen sources serially	2026-10-07T17:07:10.0736393Z /home/runner/work/_temp/g6-cloud-build/UnifiedLean/Source/FiniteGenealogyEncoding.lean:49:0: warning: automatically included section variable(s) unused in theorem `UnifiedLean.Source.FiniteGenealogyEncoding.decode_encode`:
verify	Verify G6 frozen sources serially	2026-10-07T17:07:10.0738694Z   [DecidableEq Copy]
verify	Verify G6 frozen sources serially	2026-10-07T17:07:10.0739198Z   [Fintype Copy]
verify	Verify G6 frozen sources serially	2026-10-07T17:07:10.0740116Z consider restructuring your `variable` declarations so that the variables are not in scope or explicitly omit them:
verify	Verify G6 frozen sources serially	2026-10-07T17:07:10.0741475Z   omit [DecidableEq Copy] [Fintype Copy] in theorem ...
verify	Verify G6 frozen sources serially	2026-10-07T17:07:10.0742016Z 
verify	Verify G6 frozen sources serially	2026-10-07T17:07:10.0742528Z Note: This linter can be disabled with `set_option linter.unusedSectionVars false`
verify	Verify G6 frozen sources serially	2026-10-07T17:07:10.0744647Z /home/runner/work/_temp/g6-cloud-build/UnifiedLean/Source/FiniteGenealogyEncoding.lean:76:0: warning: automatically included section variable(s) unused in theorem `UnifiedLean.Source.FiniteGenealogyEncoding.wellLabelled_height_lt_leaves`:
verify	Verify G6 frozen sources serially	2026-10-07T17:07:10.0746512Z   [Fintype Copy]
verify	Verify G6 frozen sources serially	2026-10-07T17:07:10.0747623Z consider restructuring your `variable` declarations so that the variables are not in scope or explicitly omit them:
verify	Verify G6 frozen sources serially	2026-10-07T17:07:10.0748691Z   omit [Fintype Copy] in theorem ...
verify	Verify G6 frozen sources serially	2026-10-07T17:07:10.0749134Z 
verify	Verify G6 frozen sources serially	2026-10-07T17:07:10.0749636Z Note: This linter can be disabled with `set_option linter.unusedSectionVars false`
verify	Verify G6 frozen sources serially	2026-10-07T17:07:10.0750957Z 'UnifiedLean.Source.FiniteGenealogyEncoding.decode_encode' depends on axioms: [propext, Classical.choice, Quot.sound]
verify	Verify G6 frozen sources serially	2026-10-07T17:07:10.0752528Z 'UnifiedLean.Source.FiniteGenealogyEncoding.wellLabelled_height_lt_leaves' depends on axioms: [propext,
verify	Verify G6 frozen sources serially	2026-10-07T17:07:10.0753572Z  Classical.choice,
verify	Verify G6 frozen sources serially	2026-10-07T17:07:10.0754042Z  Quot.sound]
verify	Verify G6 frozen sources serially	2026-10-07T17:07:10.0754972Z 'UnifiedLean.Source.FiniteGenealogyEncoding.wellLabelled_height_below_copy_cap' depends on axioms: [propext,
verify	Verify G6 frozen sources serially	2026-10-07T17:07:10.0756032Z  Classical.choice,
verify	Verify G6 frozen sources serially	2026-10-07T17:07:10.0756500Z  Quot.sound]
verify	Verify G6 frozen sources serially	2026-10-07T17:07:10.0757732Z 'UnifiedLean.Source.FiniteGenealogyEncoding.liveGenealogyCode_decodes' depends on axioms: [propext,
verify	Verify G6 frozen sources serially	2026-10-07T17:07:10.0758733Z  Classical.choice,
verify	Verify G6 frozen sources serially	2026-10-07T17:07:10.0759095Z  Quot.sound]
verify	Verify G6 frozen sources serially	2026-10-07T17:07:10.0761948Z G6_RECEIPT {"argv": ["lake", "env", "lean", "--trust=0", "-j1", "-M4096", "-o", "/home/runner/work/_temp/g6-cloud-build/.lake/build/lib/lean/UnifiedLean/Source/FiniteGenealogyEncoding.olean", "/home/runner/work/_temp/g6-cloud-build/UnifiedLean/Source/FiniteGenealogyEncoding.lean"], "start": "2026-10-07T17:07:07.790568+00:00", "end": "2026-10-07T17:07:10.071949+00:00", "exit": 0, "output_sha256": "7381e57ae68117499d0e8f1416d2cdcc4df8bf51d261f2c1b5c8c57745663af4"}
verify	Verify G6 frozen sources serially	2026-10-07T17:07:10.0767097Z G6_COMMAND {"argv": ["lake", "env", "lean", "--trust=0", "-j1", "-M4096", "-o", "/home/runner/work/_temp/g6-cloud-build/.lake/build/lib/lean/UnifiedLean/Source/FiniteSourceSnapshot.olean", "/home/runner/work/_temp/g6-cloud-build/UnifiedLean/Source/FiniteSourceSnapshot.lean"], "cwd": "/home/runner/work/_temp/g6-cloud-build", "start": "2026-10-07T17:07:10.072374+00:00"}
verify	Verify G6 frozen sources serially	2026-10-07T17:07:12.3191980Z /home/runner/work/_temp/g6-cloud-build/UnifiedLean/Source/FiniteSourceSnapshot.lean:52:11: warning: Variable name `s` is not explicitly referenced.
verify	Verify G6 frozen sources serially	2026-10-07T17:07:12.3196381Z 
verify	Verify G6 frozen sources serially	2026-10-07T17:07:12.3197799Z Hint: The binding can be removed (if unused) or named `_` (if used implicitly). Alternatively, prefix the name with `_` to silence this warning:
verify	Verify G6 frozen sources serially	2026-10-07T17:07:12.3198982Z   [apply] _s
verify	Verify G6 frozen sources serially	2026-10-07T17:07:12.3199164Z 
verify	Verify G6 frozen sources serially	2026-10-07T17:07:12.3199523Z Note: This linter can be disabled with `set_option linter.unusedVariables false`
verify	Verify G6 frozen sources serially	2026-10-07T17:07:12.3201116Z /home/runner/work/_temp/g6-cloud-build/UnifiedLean/Source/FiniteSourceSnapshot.lean:53:12: warning: Variable name `s` is not explicitly referenced.
verify	Verify G6 frozen sources serially	2026-10-07T17:07:12.3202053Z 
verify	Verify G6 frozen sources serially	2026-10-07T17:07:12.3202609Z Hint: The binding can be removed (if unused) or named `_` (if used implicitly). Alternatively, prefix the name with `_` to silence this warning:
verify	Verify G6 frozen sources serially	2026-10-07T17:07:12.3203386Z   [apply] _s
verify	Verify G6 frozen sources serially	2026-10-07T17:07:12.3203532Z 
verify	Verify G6 frozen sources serially	2026-10-07T17:07:12.3203810Z Note: This linter can be disabled with `set_option linter.unusedVariables false`
verify	Verify G6 frozen sources serially	2026-10-07T17:07:12.3205456Z /home/runner/work/_temp/g6-cloud-build/UnifiedLean/Source/FiniteSourceSnapshot.lean:79:0: warning: automatically included section variable(s) unused in theorem `UnifiedLean.Source.FiniteSourceSnapshot.decode_encode_live_genealogy`:
verify	Verify G6 frozen sources serially	2026-10-07T17:07:12.3207146Z   [DecidableEq V]
verify	Verify G6 frozen sources serially	2026-10-07T17:07:12.3207415Z   [DecidableEq E]
verify	Verify G6 frozen sources serially	2026-10-07T17:07:12.3207671Z   [Fintype V]
verify	Verify G6 frozen sources serially	2026-10-07T17:07:12.3207919Z   [Fintype E]
verify	Verify G6 frozen sources serially	2026-10-07T17:07:12.3208164Z   [Fintype Copy]
verify	Verify G6 frozen sources serially	2026-10-07T17:07:12.3208783Z consider restructuring your `variable` declarations so that the variables are not in scope or explicitly omit them:
verify	Verify G6 frozen sources serially	2026-10-07T17:07:12.3209713Z   omit [DecidableEq V] [DecidableEq E] [Fintype V] [Fintype E] [Fintype Copy] in theorem ...
verify	Verify G6 frozen sources serially	2026-10-07T17:07:12.3210181Z 
verify	Verify G6 frozen sources serially	2026-10-07T17:07:12.3210476Z Note: This linter can be disabled with `set_option linter.unusedSectionVars false`
verify	Verify G6 frozen sources serially	2026-10-07T17:07:12.3211988Z /home/runner/work/_temp/g6-cloud-build/UnifiedLean/Source/FiniteSourceSnapshot.lean:84:0: warning: automatically included section variable(s) unused in theorem `UnifiedLean.Source.FiniteSourceSnapshot.decode_encode_live_population`:
verify	Verify G6 frozen sources serially	2026-10-07T17:07:12.3213901Z   [DecidableEq V]
verify	Verify G6 frozen sources serially	2026-10-07T17:07:12.3214242Z   [DecidableEq E]
verify	Verify G6 frozen sources serially	2026-10-07T17:07:12.3214570Z   [Fintype V]
verify	Verify G6 frozen sources serially	2026-10-07T17:07:12.3214900Z   [Fintype E]
verify	Verify G6 frozen sources serially	2026-10-07T17:07:12.3215213Z   [Fintype Copy]
verify	Verify G6 frozen sources serially	2026-10-07T17:07:12.3216052Z consider restructuring your `variable` declarations so that the variables are not in scope or explicitly omit them:
verify	Verify G6 frozen sources serially	2026-10-07T17:07:12.3217616Z   omit [DecidableEq V] [DecidableEq E] [Fintype V] [Fintype E] [Fintype Copy] in theorem ...
verify	Verify G6 frozen sources serially	2026-10-07T17:07:12.3218267Z 
verify	Verify G6 frozen sources serially	2026-10-07T17:07:12.3218679Z Note: This linter can be disabled with `set_option linter.unusedSectionVars false`
verify	Verify G6 frozen sources serially	2026-10-07T17:07:12.3220072Z 'UnifiedLean.Source.FiniteSourceSnapshot.decode_encode_valid' depends on axioms: [propext, Classical.choice, Quot.sound]
verify	Verify G6 frozen sources serially	2026-10-07T17:07:12.3221340Z 'UnifiedLean.Source.FiniteSourceSnapshot.decode_encode_sourceValid' depends on axioms: [propext,
verify	Verify G6 frozen sources serially	2026-10-07T17:07:12.3221902Z  Classical.choice,
verify	Verify G6 frozen sources serially	2026-10-07T17:07:12.3222139Z  Quot.sound]
verify	Verify G6 frozen sources serially	2026-10-07T17:07:12.3222564Z 'UnifiedLean.Source.FiniteSourceSnapshot.decode_encode_selectedView' depends on axioms: [propext,
verify	Verify G6 frozen sources serially	2026-10-07T17:07:12.3223067Z  Classical.choice,
verify	Verify G6 frozen sources serially	2026-10-07T17:07:12.3223277Z  Quot.sound]
verify	Verify G6 frozen sources serially	2026-10-07T17:07:12.3223711Z 'UnifiedLean.Source.FiniteSourceSnapshot.admittedSnapshotFintype' depends on axioms: [propext,
verify	Verify G6 frozen sources serially	2026-10-07T17:07:12.3224225Z  Classical.choice,
verify	Verify G6 frozen sources serially	2026-10-07T17:07:12.3224424Z  Quot.sound]
verify	Verify G6 frozen sources serially	2026-10-07T17:07:12.3225954Z G6_RECEIPT {"argv": ["lake", "env", "lean", "--trust=0", "-j1", "-M4096", "-o", "/home/runner/work/_temp/g6-cloud-build/.lake/build/lib/lean/UnifiedLean/Source/FiniteSourceSnapshot.olean", "/home/runner/work/_temp/g6-cloud-build/UnifiedLean/Source/FiniteSourceSnapshot.lean"], "start": "2026-10-07T17:07:10.072374+00:00", "end": "2026-10-07T17:07:12.318935+00:00", "exit": 0, "output_sha256": "7c69d6cb19a196df8084b1f9d00754f60ea82a9e10e00ddfd147f36fd9732095"}
verify	Verify G6 frozen sources serially	2026-10-07T17:07:12.3228683Z G6_COMMAND {"argv": ["lake", "env", "lean", "--trust=0", "-j1", "-M4096", "-o", "/home/runner/work/_temp/g6-cloud-build/.lake/build/lib/lean/GraphLeaves.olean", "/home/runner/work/_temp/g6-cloud-build/Imported/GraphLeaves.lean"], "cwd": "/home/runner/work/_temp/g6-cloud-build", "start": "2026-10-07T17:07:12.319423+00:00"}
verify	Verify G6 frozen sources serially	2026-10-07T17:07:14.1842960Z /home/runner/work/_temp/g6-cloud-build/Imported/GraphLeaves.lean:52:2: warning: Try this: 
verify	Verify G6 frozen sources serially	2026-10-07T17:07:14.1844457Z   haveI̵
verify	Verify G6 frozen sources serially	2026-10-07T17:07:14.1844640Z 
verify	Verify G6 frozen sources serially	2026-10-07T17:07:14.1844913Z The goal is a proposition, so `have` is preferred over `haveI`.
verify	Verify G6 frozen sources serially	2026-10-07T17:07:14.1845682Z The difference between `have` and `haveI` is that `haveI` inlines the value.
verify	Verify G6 frozen sources serially	2026-10-07T17:07:14.1846873Z But this is not relevant for proofs because of proof irrelevance.
verify	Verify G6 frozen sources serially	2026-10-07T17:07:14.1847534Z 
verify	Verify G6 frozen sources serially	2026-10-07T17:07:14.1848043Z Note: This linter can be disabled with `set_option linter.style.haveILetI false`
verify	Verify G6 frozen sources serially	2026-10-07T17:07:14.1849146Z /home/runner/work/_temp/g6-cloud-build/Imported/GraphLeaves.lean:53:2: warning: Try this: 
verify	Verify G6 frozen sources serially	2026-10-07T17:07:14.1850537Z   haveI̵
verify	Verify G6 frozen sources serially	2026-10-07T17:07:14.1850707Z 
verify	Verify G6 frozen sources serially	2026-10-07T17:07:14.1850950Z The goal is a proposition, so `have` is preferred over `haveI`.
verify	Verify G6 frozen sources serially	2026-10-07T17:07:14.1851791Z The difference between `have` and `haveI` is that `haveI` inlines the value.
verify	Verify G6 frozen sources serially	2026-10-07T17:07:14.1852801Z But this is not relevant for proofs because of proof irrelevance.
verify	Verify G6 frozen sources serially	2026-10-07T17:07:14.1853532Z 
verify	Verify G6 frozen sources serially	2026-10-07T17:07:14.1853983Z Note: This linter can be disabled with `set_option linter.style.haveILetI false`
verify	Verify G6 frozen sources serially	2026-10-07T17:07:14.1855453Z 'Nanuq.Source.RootedBinary.every_vertex_reaches_leaf' depends on axioms: [propext, Classical.choice, Quot.sound]
verify	Verify G6 frozen sources serially	2026-10-07T17:07:14.1857452Z 'Nanuq.Source.RootedBinary.forward_closed_contains_leaf' depends on axioms: [propext, Classical.choice, Quot.sound]
verify	Verify G6 frozen sources serially	2026-10-07T17:07:14.1858921Z 'Nanuq.Source.RootedBinary.exists_leaf_avoiding_of_ne_root' depends on axioms: [propext, Classical.choice, Quot.sound]
verify	Verify G6 frozen sources serially	2026-10-07T17:07:14.1861996Z G6_RECEIPT {"argv": ["lake", "env", "lean", "--trust=0", "-j1", "-M4096", "-o", "/home/runner/work/_temp/g6-cloud-build/.lake/build/lib/lean/GraphLeaves.olean", "/home/runner/work/_temp/g6-cloud-build/Imported/GraphLeaves.lean"], "start": "2026-10-07T17:07:12.319423+00:00", "end": "2026-10-07T17:07:14.184095+00:00", "exit": 0, "output_sha256": "5adc7ce31ed7f42e8e6c4f26cfd28d0d1f17ad137dc910ceb4bda2f50012c986"}
verify	Verify G6 frozen sources serially	2026-10-07T17:07:14.1865948Z G6_COMMAND {"argv": ["lake", "env", "lean", "--trust=0", "-j1", "-M4096", "-o", "/home/runner/work/_temp/g6-cloud-build/.lake/build/lib/lean/GraphCuts.olean", "/home/runner/work/_temp/g6-cloud-build/Imported/GraphCuts.lean"], "cwd": "/home/runner/work/_temp/g6-cloud-build", "start": "2026-10-07T17:07:14.184576+00:00"}
verify	Verify G6 frozen sources serially	2026-10-07T17:07:15.9459348Z 'Nanuq.Source.EdgeGraph.edge_side_cover' depends on axioms: [propext, Classical.choice, Quot.sound]
verify	Verify G6 frozen sources serially	2026-10-07T17:07:15.9460368Z 'Nanuq.Source.EdgeGraph.bridge_sides_disjoint' does not depend on any axioms
verify	Verify G6 frozen sources serially	2026-10-07T17:07:15.9461439Z 'Nanuq.Source.RootedBinary.bridge_both_sides_contain_taxa' depends on axioms: [propext, Classical.choice, Quot.sound]
verify	Verify G6 frozen sources serially	2026-10-07T17:07:15.9464312Z G6_RECEIPT {"argv": ["lake", "env", "lean", "--trust=0", "-j1", "-M4096", "-o", "/home/runner/work/_temp/g6-cloud-build/.lake/build/lib/lean/GraphCuts.olean", "/home/runner/work/_temp/g6-cloud-build/Imported/GraphCuts.lean"], "start": "2026-10-07T17:07:14.184576+00:00", "end": "2026-10-07T17:07:15.945780+00:00", "exit": 0, "output_sha256": "8308918b1d25a64ccaaa7ba648f875a6542b15a64c4c3240c366708243424b3c"}
verify	Verify G6 frozen sources serially	2026-10-07T17:07:15.9469577Z G6_COMMAND {"argv": ["lake", "env", "lean", "--trust=0", "-j1", "-M4096", "-o", "/home/runner/work/_temp/g6-cloud-build/.lake/build/lib/lean/G5BridgeBarrier.olean", "/home/runner/work/_temp/g6-cloud-build/Imported/G5BridgeBarrier.lean"], "cwd": "/home/runner/work/_temp/g6-cloud-build", "start": "2026-10-07T17:07:15.946152+00:00"}
verify	Verify G6 frozen sources serially	2026-10-07T17:07:17.6747802Z 'GProgram.G5.bridge_target_component_iff_descendant' depends on axioms: [propext, Classical.choice, Quot.sound]
verify	Verify G6 frozen sources serially	2026-10-07T17:07:17.6749896Z 'GProgram.G5.unique_child_edge' depends on axioms: [propext, Classical.choice, Quot.sound]
verify	Verify G6 frozen sources serially	2026-10-07T17:07:17.6751657Z 'GProgram.G5.descendant_via_unique_child' depends on axioms: [propext, Classical.choice, Quot.sound]
verify	Verify G6 frozen sources serially	2026-10-07T17:07:17.6753555Z 'GProgram.G5.hybrid_descendant_component' depends on axioms: [propext, Classical.choice, Quot.sound]
verify	Verify G6 frozen sources serially	2026-10-07T17:07:17.6757728Z G6_RECEIPT {"argv": ["lake", "env", "lean", "--trust=0", "-j1", "-M4096", "-o", "/home/runner/work/_temp/g6-cloud-build/.lake/build/lib/lean/G5BridgeBarrier.olean", "/home/runner/work/_temp/g6-cloud-build/Imported/G5BridgeBarrier.lean"], "start": "2026-10-07T17:07:15.946152+00:00", "end": "2026-10-07T17:07:17.674527+00:00", "exit": 0, "output_sha256": "b671ebf40ba6db3a1f68e8fef3ae7a928e9285f8917b828b081fca2110d6a00e"}
verify	Verify G6 frozen sources serially	2026-10-07T17:07:17.6761744Z G6_COMMAND {"argv": ["lake", "env", "lean", "--trust=0", "-j1", "-M4096", "-o", "/home/runner/work/_temp/g6-cloud-build/.lake/build/lib/lean/G5CalendarRoutes.olean", "/home/runner/work/_temp/g6-cloud-build/Imported/G5CalendarRoutes.lean"], "cwd": "/home/runner/work/_temp/g6-cloud-build", "start": "2026-10-07T17:07:17.674957+00:00"}
verify	Verify G6 frozen sources serially	2026-10-07T17:07:19.9071423Z 'GProgram.G5.bridge_mem_every_descendant_route' depends on axioms: [propext, Classical.choice, Quot.sound]
verify	Verify G6 frozen sources serially	2026-10-07T17:07:19.9073287Z 'GProgram.G5.original_tip_route_exists' depends on axioms: [propext, Classical.choice, Quot.sound]
verify	Verify G6 frozen sources serially	2026-10-07T17:07:19.9075043Z 'GProgram.G5.EdgePath.active_unique' depends on axioms: [propext, Classical.choice, Quot.sound]
verify	Verify G6 frozen sources serially	2026-10-07T17:07:19.9077072Z 'GProgram.G5.protective_edge_active_on_every_route' depends on axioms: [propext, Classical.choice, Quot.sound]
verify	Verify G6 frozen sources serially	2026-10-07T17:07:19.9078447Z 'GProgram.G5.protective_edge_absent_on_outside_route' depends on axioms: [propext, Classical.choice, Quot.sound]
verify	Verify G6 frozen sources serially	2026-10-07T17:07:19.9080055Z 'GProgram.G5.protective_interval_nonempty' depends on axioms: [propext, Classical.choice, Quot.sound]
verify	Verify G6 frozen sources serially	2026-10-07T17:07:19.9081319Z 'GProgram.G5.younger_side_open_interval_has_no_first' depends on axioms: [propext, Classical.choice, Quot.sound]
verify	Verify G6 frozen sources serially	2026-10-07T17:07:19.9084171Z G6_RECEIPT {"argv": ["lake", "env", "lean", "--trust=0", "-j1", "-M4096", "-o", "/home/runner/work/_temp/g6-cloud-build/.lake/build/lib/lean/G5CalendarRoutes.olean", "/home/runner/work/_temp/g6-cloud-build/Imported/G5CalendarRoutes.lean"], "start": "2026-10-07T17:07:17.674957+00:00", "end": "2026-10-07T17:07:19.906931+00:00", "exit": 0, "output_sha256": "deece5914567adae242b3d6d4f09f986b4b048e1fa3ca93a3b2762a5b13d79d9"}
verify	Verify G6 frozen sources serially	2026-10-07T17:07:19.9108127Z G6_COMMAND {"argv": ["lake", "env", "lean", "--trust=0", "-j1", "-M4096", "-o", "/home/runner/work/_temp/g6-cloud-build/.lake/build/lib/lean/G5ProtectiveBlock.olean", "/home/runner/work/_temp/g6-cloud-build/Imported/G5ProtectiveBlock.lean"], "cwd": "/home/runner/work/_temp/g6-cloud-build", "start": "2026-10-07T17:07:19.907382+00:00"}
verify	Verify G6 frozen sources serially	2026-10-07T17:07:21.8311300Z 'GProgram.G5.routeFamily_exists' depends on axioms: [propext, Classical.choice, Quot.sound]
verify	Verify G6 frozen sources serially	2026-10-07T17:07:21.8312514Z 'GProgram.G5.protective_population_block_eq' depends on axioms: [propext, Classical.choice, Quot.sound]
verify	Verify G6 frozen sources serially	2026-10-07T17:07:21.8315448Z G6_RECEIPT {"argv": ["lake", "env", "lean", "--trust=0", "-j1", "-M4096", "-o", "/home/runner/work/_temp/g6-cloud-build/.lake/build/lib/lean/G5ProtectiveBlock.olean", "/home/runner/work/_temp/g6-cloud-build/Imported/G5ProtectiveBlock.lean"], "start": "2026-10-07T17:07:19.907382+00:00", "end": "2026-10-07T17:07:21.830974+00:00", "exit": 0, "output_sha256": "1f89009dfa989b98d34ca85cff94dcefdf01ce9f9621688bb55e0c5ff508c4ed"}
verify	Verify G6 frozen sources serially	2026-10-07T17:07:21.8319756Z G6_COMMAND {"argv": ["lake", "env", "lean", "--trust=0", "-j1", "-M4096", "-o", "/home/runner/work/_temp/g6-cloud-build/.lake/build/lib/lean/G5MinimalGraphInterface.olean", "/home/runner/work/_temp/g6-cloud-build/Imported/G5MinimalGraphInterface.lean"], "cwd": "/home/runner/work/_temp/g6-cloud-build", "start": "2026-10-07T17:07:21.831352+00:00"}
verify	Verify G6 frozen sources serially	2026-10-07T17:07:23.4667963Z 'GProgram.G5.Minimal.root_source_side_of_rooted_acyclic' does not depend on any axioms
verify	Verify G6 frozen sources serially	2026-10-07T17:07:23.4669761Z 'GProgram.G5.Minimal.bridge_component_iff_descendant' depends on axioms: [propext, Classical.choice, Quot.sound]
verify	Verify G6 frozen sources serially	2026-10-07T17:07:23.4674076Z G6_RECEIPT {"argv": ["lake", "env", "lean", "--trust=0", "-j1", "-M4096", "-o", "/home/runner/work/_temp/g6-cloud-build/.lake/build/lib/lean/G5MinimalGraphInterface.olean", "/home/runner/work/_temp/g6-cloud-build/Imported/G5MinimalGraphInterface.lean"], "start": "2026-10-07T17:07:21.831352+00:00", "end": "2026-10-07T17:07:23.466594+00:00", "exit": 0, "output_sha256": "02b60e6ba4f33864b0915dc0f64099f4cd3f4ae63ed5e96ed6fa107ae92aa2fa"}
verify	Verify G6 frozen sources serially	2026-10-07T17:07:23.4679061Z G6_COMMAND {"argv": ["lake", "env", "lean", "--trust=0", "-j1", "-M4096", "-o", "/home/runner/work/_temp/g6-cloud-build/.lake/build/lib/lean/G6BridgeCannotEnterHybrid.olean", "/home/runner/work/_temp/g6-cloud-build/Imported/G6BridgeCannotEnterHybrid.lean"], "cwd": "/home/runner/work/_temp/g6-cloud-build", "start": "2026-10-07T17:07:23.466976+00:00"}
verify	Verify G6 frozen sources serially	2026-10-07T17:07:25.3552227Z 'GProgram.G6.BridgeEntry.bridge_targets_injective' depends on axioms: [propext, Classical.choice, Quot.sound]
verify	Verify G6 frozen sources serially	2026-10-07T17:07:25.3553698Z 'GProgram.G6.BridgeEntry.bridge_incoming_unique' depends on axioms: [propext, Classical.choice, Quot.sound]
verify	Verify G6 frozen sources serially	2026-10-07T17:07:25.3555120Z 'GProgram.G6.BridgeEntry.bridge_target_indegree_one' depends on axioms: [propext, Classical.choice, Quot.sound]
verify	Verify G6 frozen sources serially	2026-10-07T17:07:25.3556600Z 'GProgram.G6.BridgeEntry.two_incoming_occurrences_not_bridge' depends on axioms: [propext, Classical.choice, Quot.sound]
verify	Verify G6 frozen sources serially	2026-10-07T17:07:25.3558349Z 'GProgram.G6.BridgeEntry.original_bridge_target_not_hybrid' depends on axioms: [propext, Classical.choice, Quot.sound]
verify	Verify G6 frozen sources serially	2026-10-07T17:07:25.3559791Z 'GProgram.G6.BridgeEntry.original_hybrid_parents_nonbridge' depends on axioms: [propext, Classical.choice, Quot.sound]
verify	Verify G6 frozen sources serially	2026-10-07T17:07:25.3561941Z G6_RECEIPT {"argv": ["lake", "env", "lean", "--trust=0", "-j1", "-M4096", "-o", "/home/runner/work/_temp/g6-cloud-build/.lake/build/lib/lean/G6BridgeCannotEnterHybrid.olean", "/home/runner/work/_temp/g6-cloud-build/Imported/G6BridgeCannotEnterHybrid.lean"], "start": "2026-10-07T17:07:23.466976+00:00", "end": "2026-10-07T17:07:25.354984+00:00", "exit": 0, "output_sha256": "5ca22a54c496ca1b5b5b5d32dc422fe524e5a9f32a6a15512e8bf0d96bdcd054"}
verify	Verify G6 frozen sources serially	2026-10-07T17:07:25.3564703Z G6_COMMAND {"argv": ["lake", "env", "lean", "--trust=0", "-j1", "-M4096", "-o", "/home/runner/work/_temp/g6-cloud-build/.lake/build/lib/lean/G5BridgeComponentEntries.olean", "/home/runner/work/_temp/g6-cloud-build/Imported/G5BridgeComponentEntries.lean"], "cwd": "/home/runner/work/_temp/g6-cloud-build", "start": "2026-10-07T17:07:25.355463+00:00"}
verify	Verify G6 frozen sources serially	2026-10-07T17:07:27.1818841Z 'GProgram.G5.ComponentEntries.bridge_targets_sameBlob_iff_eq' depends on axioms: [propext, Classical.choice, Quot.sound]
verify	Verify G6 frozen sources serially	2026-10-07T17:07:27.1820205Z 'GProgram.G5.ComponentEntries.bridge_target_not_root_component' does not depend on any axioms
verify	Verify G6 frozen sources serially	2026-10-07T17:07:27.1821379Z 'GProgram.G5.ComponentEntries.nonroot_component_has_incoming_bridge' depends on axioms: [propext,
verify	Verify G6 frozen sources serially	2026-10-07T17:07:27.1822377Z  Classical.choice,
verify	Verify G6 frozen sources serially	2026-10-07T17:07:27.1822705Z  Quot.sound]
verify	Verify G6 frozen sources serially	2026-10-07T17:07:27.1823597Z 'GProgram.G5.ComponentEntries.nonroot_component_unique_entry' depends on axioms: [propext, Classical.choice, Quot.sound]
verify	Verify G6 frozen sources serially	2026-10-07T17:07:27.1828379Z G6_RECEIPT {"argv": ["lake", "env", "lean", "--trust=0", "-j1", "-M4096", "-o", "/home/runner/work/_temp/g6-cloud-build/.lake/build/lib/lean/G5BridgeComponentEntries.olean", "/home/runner/work/_temp/g6-cloud-build/Imported/G5BridgeComponentEntries.lean"], "start": "2026-10-07T17:07:25.355463+00:00", "end": "2026-10-07T17:07:27.181692+00:00", "exit": 0, "output_sha256": "6d923e42c6ddfa40997788a894f162bea001ccaa7af7033d8d1c1edfd6cef2b0"}
verify	Verify G6 frozen sources serially	2026-10-07T17:07:27.1833780Z G6_COMMAND {"argv": ["lake", "env", "lean", "--trust=0", "-j1", "-M4096", "-o", "/home/runner/work/_temp/g6-cloud-build/.lake/build/lib/lean/G5NonbridgeRouteBound.olean", "/home/runner/work/_temp/g6-cloud-build/Imported/G5NonbridgeRouteBound.lean"], "cwd": "/home/runner/work/_temp/g6-cloud-build", "start": "2026-10-07T17:07:27.182116+00:00"}
verify	Verify G6 frozen sources serially	2026-10-07T17:07:29.3017551Z 'GProgram.G5.NonbridgeRoutes.UpPath.unique_from_kept_source' does not depend on any axioms
verify	Verify G6 frozen sources serially	2026-10-07T17:07:29.3019181Z 'GProgram.G5.NonbridgeRoutes.UpPath.unique_of_same_first' does not depend on any axioms
verify	Verify G6 frozen sources serially	2026-10-07T17:07:29.3020850Z 'GProgram.G5.NonbridgeRoutes.cut_child_nonbridge_incoming_unique' depends on axioms: [propext,
verify	Verify G6 frozen sources serially	2026-10-07T17:07:29.3021801Z  Classical.choice,
verify	Verify G6 frozen sources serially	2026-10-07T17:07:29.3022178Z  Quot.sound]
verify	Verify G6 frozen sources serially	2026-10-07T17:07:29.3022968Z 'GProgram.G5.NonbridgeRoutes.original_nonbridge_route_unique_of_first' depends on axioms: [propext,
verify	Verify G6 frozen sources serially	2026-10-07T17:07:29.3024002Z  Classical.choice,
verify	Verify G6 frozen sources serially	2026-10-07T17:07:29.3024406Z  Quot.sound]
verify	Verify G6 frozen sources serially	2026-10-07T17:07:29.3025323Z 'GProgram.G5.NonbridgeRoutes.finite_nonbridge_route_family_card_le_indegree' depends on axioms: [propext,
verify	Verify G6 frozen sources serially	2026-10-07T17:07:29.3027027Z  Classical.choice,
verify	Verify G6 frozen sources serially	2026-10-07T17:07:29.3028683Z  Quot.sound]
verify	Verify G6 frozen sources serially	2026-10-07T17:07:29.3029575Z 'GProgram.G5.NonbridgeRoutes.hybrid_nonbridge_route_family_card_le_two' depends on axioms: [propext,
verify	Verify G6 frozen sources serially	2026-10-07T17:07:29.3030550Z  Classical.choice,
verify	Verify G6 frozen sources serially	2026-10-07T17:07:29.3030860Z  Quot.sound]
verify	Verify G6 frozen sources serially	2026-10-07T17:07:29.3031554Z 'GProgram.G5.NonbridgeRoutes.ordinary_nonbridge_route_family_card_le_one' depends on axioms: [propext,
verify	Verify G6 frozen sources serially	2026-10-07T17:07:29.3032378Z  Classical.choice,
verify	Verify G6 frozen sources serially	2026-10-07T17:07:29.3032698Z  Quot.sound]
verify	Verify G6 frozen sources serially	2026-10-07T17:07:29.3035112Z G6_RECEIPT {"argv": ["lake", "env", "lean", "--trust=0", "-j1", "-M4096", "-o", "/home/runner/work/_temp/g6-cloud-build/.lake/build/lib/lean/G5NonbridgeRouteBound.olean", "/home/runner/work/_temp/g6-cloud-build/Imported/G5NonbridgeRouteBound.lean"], "start": "2026-10-07T17:07:27.182116+00:00", "end": "2026-10-07T17:07:29.301559+00:00", "exit": 0, "output_sha256": "8e3c42ef93082abdd73408f9a985f34e0e80ce7c27b744e3f86f0914fad9a124"}
verify	Verify G6 frozen sources serially	2026-10-07T17:07:29.3039563Z G6_COMMAND {"argv": ["lake", "env", "lean", "--trust=0", "-j1", "-M4096", "-o", "/home/runner/work/_temp/g6-cloud-build/.lake/build/lib/lean/G5ComponentCalendarCoverage.olean", "/home/runner/work/_temp/g6-cloud-build/Imported/G5ComponentCalendarCoverage.lean"], "cwd": "/home/runner/work/_temp/g6-cloud-build", "start": "2026-10-07T17:07:29.301937+00:00"}
verify	Verify G6 frozen sources serially	2026-10-07T17:07:32.1811232Z 'GProgram.G5.ComponentCalendar.EdgePath.all_nonbridge_of_sameBlob' depends on axioms: [propext,
verify	Verify G6 frozen sources serially	2026-10-07T17:07:32.1812284Z  Classical.choice,
verify	Verify G6 frozen sources serially	2026-10-07T17:07:32.1812646Z  Quot.sound]
verify	Verify G6 frozen sources serially	2026-10-07T17:07:32.1813346Z 'GProgram.G5.ComponentCalendar.root_route_component_decomposition' depends on axioms: [propext,
verify	Verify G6 frozen sources serially	2026-10-07T17:07:32.1814209Z  Classical.choice,
verify	Verify G6 frozen sources serially	2026-10-07T17:07:32.1814550Z  Quot.sound]
verify	Verify G6 frozen sources serially	2026-10-07T17:07:32.1815439Z 'GProgram.G5.ComponentCalendar.EdgePath.unique_active_exists' depends on axioms: [propext, Classical.choice, Quot.sound]
verify	Verify G6 frozen sources serially	2026-10-07T17:07:32.1819033Z G6_RECEIPT {"argv": ["lake", "env", "lean", "--trust=0", "-j1", "-M4096", "-o", "/home/runner/work/_temp/g6-cloud-build/.lake/build/lib/lean/G5ComponentCalendarCoverage.olean", "/home/runner/work/_temp/g6-cloud-build/Imported/G5ComponentCalendarCoverage.lean"], "start": "2026-10-07T17:07:29.301937+00:00", "end": "2026-10-07T17:07:32.178259+00:00", "exit": 0, "output_sha256": "714308a14bb6b87b48aeb0d21ce60a61e7c97b2d635874091f3d69038ab6c94e"}
verify	Verify G6 frozen sources serially	2026-10-07T17:07:32.1824122Z G6_COMMAND {"argv": ["lake", "env", "lean", "--trust=0", "-j1", "-M4096", "-o", "/home/runner/work/_temp/g6-cloud-build/.lake/build/lib/lean/G5ActualComponentSupport.olean", "/home/runner/work/_temp/g6-cloud-build/Imported/G5ActualComponentSupport.lean"], "cwd": "/home/runner/work/_temp/g6-cloud-build", "start": "2026-10-07T17:07:32.178687+00:00"}
verify	Verify G6 frozen sources serially	2026-10-07T17:07:35.1956917Z 'GProgram.G5.NonbridgeRoutes.UpPath.append' does not depend on any axioms
verify	Verify G6 frozen sources serially	2026-10-07T17:07:35.1958357Z 'GProgram.G5.NonbridgeRoutes.EdgePath.to_upPath_reverse' depends on axioms: [propext]
verify	Verify G6 frozen sources serially	2026-10-07T17:07:35.1960442Z /home/runner/work/_temp/g6-cloud-build/Imported/G5ActualComponentSupport.lean:57:0: warning: automatically included section variable(s) unused in theorem `GProgram.G5.ComponentSupport.mem_activeComponentEdges_iff`:
verify	Verify G6 frozen sources serially	2026-10-07T17:07:35.1961860Z   [Fintype V]
verify	Verify G6 frozen sources serially	2026-10-07T17:07:35.1962137Z   [DecidableEq V]
verify	Verify G6 frozen sources serially	2026-10-07T17:07:35.1962812Z consider restructuring your `variable` declarations so that the variables are not in scope or explicitly omit them:
verify	Verify G6 frozen sources serially	2026-10-07T17:07:35.1963927Z   omit [Fintype V] [DecidableEq V] in theorem ...
verify	Verify G6 frozen sources serially	2026-10-07T17:07:35.1964236Z 
verify	Verify G6 frozen sources serially	2026-10-07T17:07:35.1964567Z Note: This linter can be disabled with `set_option linter.unusedSectionVars false`
verify	Verify G6 frozen sources serially	2026-10-07T17:07:35.1965537Z 'GProgram.G5.ComponentSupport.finite_active_nonbridge_edges_card_le_indegree' depends on axioms: [propext,
verify	Verify G6 frozen sources serially	2026-10-07T17:07:35.1966299Z  Classical.choice,
verify	Verify G6 frozen sources serially	2026-10-07T17:07:35.1966586Z  Quot.sound]
verify	Verify G6 frozen sources serially	2026-10-07T17:07:35.1967576Z 'GProgram.G5.ComponentSupport.activeComponentEdges_card_le_indegree' depends on axioms: [propext,
verify	Verify G6 frozen sources serially	2026-10-07T17:07:35.1968339Z  Classical.choice,
verify	Verify G6 frozen sources serially	2026-10-07T17:07:35.1968815Z  Quot.sound]
verify	Verify G6 frozen sources serially	2026-10-07T17:07:35.1970908Z G6_RECEIPT {"argv": ["lake", "env", "lean", "--trust=0", "-j1", "-M4096", "-o", "/home/runner/work/_temp/g6-cloud-build/.lake/build/lib/lean/G5ActualComponentSupport.olean", "/home/runner/work/_temp/g6-cloud-build/Imported/G5ActualComponentSupport.lean"], "start": "2026-10-07T17:07:32.178687+00:00", "end": "2026-10-07T17:07:35.195442+00:00", "exit": 0, "output_sha256": "efb330a0d75437ca65577489d3f70ce0a047d2046c91d312f71b536339b082d5"}
verify	Verify G6 frozen sources serially	2026-10-07T17:07:35.1973484Z G6_COMMAND {"argv": ["lake", "env", "lean", "--trust=0", "-j1", "-M4096", "-o", "/home/runner/work/_temp/g6-cloud-build/.lake/build/lib/lean/G5RootRouteCurrentSupport.olean", "/home/runner/work/_temp/g6-cloud-build/Imported/G5RootRouteCurrentSupport.lean"], "cwd": "/home/runner/work/_temp/g6-cloud-build", "start": "2026-10-07T17:07:35.195834+00:00"}
verify	Verify G6 frozen sources serially	2026-10-07T17:07:38.2697158Z /home/runner/work/_temp/g6-cloud-build/Imported/G5RootRouteCurrentSupport.lean:28:0: warning: automatically included section variable(s) unused in theorem `GProgram.G5.ComponentSupport.mem_activeRootRouteEdges_iff`:
verify	Verify G6 frozen sources serially	2026-10-07T17:07:38.2699933Z   [Fintype V]
verify	Verify G6 frozen sources serially	2026-10-07T17:07:38.2700488Z   [DecidableEq V]
verify	Verify G6 frozen sources serially	2026-10-07T17:07:38.2701839Z consider restructuring your `variable` declarations so that the variables are not in scope or explicitly omit them:
verify	Verify G6 frozen sources serially	2026-10-07T17:07:38.2703543Z   omit [Fintype V] [DecidableEq V] in theorem ...
verify	Verify G6 frozen sources serially	2026-10-07T17:07:38.2704219Z 
verify	Verify G6 frozen sources serially	2026-10-07T17:07:38.2704850Z Note: This linter can be disabled with `set_option linter.unusedSectionVars false`
verify	Verify G6 frozen sources serially	2026-10-07T17:07:38.2707038Z 'GProgram.G5.ComponentSupport.incoming_bridge_mem_root_route' depends on axioms: [propext, Classical.choice, Quot.sound]
verify	Verify G6 frozen sources serially	2026-10-07T17:07:38.2709010Z 'GProgram.G5.ComponentSupport.active_root_edge_has_nonbridge_suffix' depends on axioms: [propext,
verify	Verify G6 frozen sources serially	2026-10-07T17:07:38.2709904Z  Classical.choice,
verify	Verify G6 frozen sources serially	2026-10-07T17:07:38.2710283Z  Quot.sound]
verify	Verify G6 frozen sources serially	2026-10-07T17:07:38.2711073Z 'GProgram.G5.ComponentSupport.activeRootRouteEdges_eq_component' depends on axioms: [propext,
verify	Verify G6 frozen sources serially	2026-10-07T17:07:38.2712034Z  Classical.choice,
verify	Verify G6 frozen sources serially	2026-10-07T17:07:38.2712412Z  Quot.sound]
verify	Verify G6 frozen sources serially	2026-10-07T17:07:38.2713246Z 'GProgram.G5.ComponentSupport.activeRootRouteEdges_eq_root_component' depends on axioms: [propext,
verify	Verify G6 frozen sources serially	2026-10-07T17:07:38.2714199Z  Classical.choice,
verify	Verify G6 frozen sources serially	2026-10-07T17:07:38.2714640Z  Quot.sound]
verify	Verify G6 frozen sources serially	2026-10-07T17:07:38.2715520Z 'GProgram.G5.ComponentSupport.activeRootRouteEdges_card_le_indegree_of_entry' depends on axioms: [propext,
verify	Verify G6 frozen sources serially	2026-10-07T17:07:38.2716530Z  Classical.choice,
verify	Verify G6 frozen sources serially	2026-10-07T17:07:38.2717147Z  Quot.sound]
verify	Verify G6 frozen sources serially	2026-10-07T17:07:38.2719648Z G6_RECEIPT {"argv": ["lake", "env", "lean", "--trust=0", "-j1", "-M4096", "-o", "/home/runner/work/_temp/g6-cloud-build/.lake/build/lib/lean/G5RootRouteCurrentSupport.olean", "/home/runner/work/_temp/g6-cloud-build/Imported/G5RootRouteCurrentSupport.lean"], "start": "2026-10-07T17:07:35.195834+00:00", "end": "2026-10-07T17:07:38.269406+00:00", "exit": 0, "output_sha256": "88507ababbf0ff2fbb8cf10b16ad8c6a7f6dcc879fe1f5bc434e297a0f5a95e5"}
verify	Verify G6 frozen sources serially	2026-10-07T17:07:38.2723912Z G6_COMMAND {"argv": ["lake", "env", "lean", "--trust=0", "-j1", "-M4096", "-o", "/home/runner/work/_temp/g6-cloud-build/.lake/build/lib/lean/G5CurrentPortTwoPositions.olean", "/home/runner/work/_temp/g6-cloud-build/Imported/G5CurrentPortTwoPositions.lean"], "cwd": "/home/runner/work/_temp/g6-cloud-build", "start": "2026-10-07T17:07:38.269822+00:00"}
verify	Verify G6 frozen sources serially	2026-10-07T17:07:41.1422740Z 'GProgram.G5.ComponentSupport.binary_indegree_le_two' depends on axioms: [propext, Classical.choice, Quot.sound]
verify	Verify G6 frozen sources serially	2026-10-07T17:07:41.1423979Z 'GProgram.G5.ComponentSupport.current_port_support_card_le_indegree' depends on axioms: [propext,
verify	Verify G6 frozen sources serially	2026-10-07T17:07:41.1424760Z  Classical.choice,
verify	Verify G6 frozen sources serially	2026-10-07T17:07:41.1425240Z  Quot.sound]
verify	Verify G6 frozen sources serially	2026-10-07T17:07:41.1426071Z 'GProgram.G5.ComponentSupport.current_port_support_card_le_two' depends on axioms: [propext,
verify	Verify G6 frozen sources serially	2026-10-07T17:07:41.1427102Z  Classical.choice,
verify	Verify G6 frozen sources serially	2026-10-07T17:07:41.1427404Z  Quot.sound]
verify	Verify G6 frozen sources serially	2026-10-07T17:07:41.1428026Z 'GProgram.G5.ComponentSupport.current_ordinary_port_support_card_le_one' depends on axioms: [propext,
verify	Verify G6 frozen sources serially	2026-10-07T17:07:41.1429022Z  Classical.choice,
verify	Verify G6 frozen sources serially	2026-10-07T17:07:41.1429299Z  Quot.sound]
verify	Verify G6 frozen sources serially	2026-10-07T17:07:41.1430009Z 'GProgram.G5.ComponentSupport.current_port_support_nonempty' depends on axioms: [propext, Classical.choice, Quot.sound]
verify	Verify G6 frozen sources serially	2026-10-07T17:07:41.1431167Z 'GProgram.G5.ComponentSupport.current_ordinary_port_support_card_eq_one' depends on axioms: [propext,
verify	Verify G6 frozen sources serially	2026-10-07T17:07:41.1431915Z  Classical.choice,
verify	Verify G6 frozen sources serially	2026-10-07T17:07:41.1432191Z  Quot.sound]
verify	Verify G6 frozen sources serially	2026-10-07T17:07:41.1434019Z G6_RECEIPT {"argv": ["lake", "env", "lean", "--trust=0", "-j1", "-M4096", "-o", "/home/runner/work/_temp/g6-cloud-build/.lake/build/lib/lean/G5CurrentPortTwoPositions.olean", "/home/runner/work/_temp/g6-cloud-build/Imported/G5CurrentPortTwoPositions.lean"], "start": "2026-10-07T17:07:38.269822+00:00", "end": "2026-10-07T17:07:41.142080+00:00", "exit": 0, "output_sha256": "92a225f805943c35b10f34e345329759f40db5919b01f962d13c1c02fc0c2c61"}
verify	Verify G6 frozen sources serially	2026-10-07T17:07:41.1456533Z G6_COMMAND {"argv": ["lake", "env", "lean", "--trust=0", "-j1", "-M4096", "-o", "/home/runner/work/_temp/g6-cloud-build/.lake/build/lib/lean/G5OriginalTipCurrentSupport.olean", "/home/runner/work/_temp/g6-cloud-build/Imported/G5OriginalTipCurrentSupport.lean"], "cwd": "/home/runner/work/_temp/g6-cloud-build", "start": "2026-10-07T17:07:41.142415+00:00"}
verify	Verify G6 frozen sources serially	2026-10-07T17:07:43.9590552Z 'GProgram.G5.ComponentSupport.active_tip_edge_has_root_port_prefix' depends on axioms: [propext,
verify	Verify G6 frozen sources serially	2026-10-07T17:07:43.9591193Z  Classical.choice,
verify	Verify G6 frozen sources serially	2026-10-07T17:07:43.9591409Z  Quot.sound]
verify	Verify G6 frozen sources serially	2026-10-07T17:07:43.9591951Z 'GProgram.G5.ComponentSupport.original_tip_support_eq_port' depends on axioms: [propext, Classical.choice, Quot.sound]
verify	Verify G6 frozen sources serially	2026-10-07T17:07:43.9592832Z 'GProgram.G5.ComponentSupport.original_tip_current_support_nonempty_card_le_two' depends on axioms: [propext,
verify	Verify G6 frozen sources serially	2026-10-07T17:07:43.9593399Z  Classical.choice,
verify	Verify G6 frozen sources serially	2026-10-07T17:07:43.9593622Z  Quot.sound]
verify	Verify G6 frozen sources serially	2026-10-07T17:07:43.9594070Z 'GProgram.G5.ComponentSupport.original_tip_bridge_support_eq_singleton' depends on axioms: [propext,
verify	Verify G6 frozen sources serially	2026-10-07T17:07:43.9594628Z  Classical.choice,
verify	Verify G6 frozen sources serially	2026-10-07T17:07:43.9594831Z  Quot.sound]
verify	Verify G6 frozen sources serially	2026-10-07T17:07:43.9596359Z G6_RECEIPT {"argv": ["lake", "env", "lean", "--trust=0", "-j1", "-M4096", "-o", "/home/runner/work/_temp/g6-cloud-build/.lake/build/lib/lean/G5OriginalTipCurrentSupport.olean", "/home/runner/work/_temp/g6-cloud-build/Imported/G5OriginalTipCurrentSupport.lean"], "start": "2026-10-07T17:07:41.142415+00:00", "end": "2026-10-07T17:07:43.956002+00:00", "exit": 0, "output_sha256": "bf016b1de34fa1fcd3a79f6c846f1ce7a8c17ce7099b04edfb94b96b563c7d5f"}
verify	Verify G6 frozen sources serially	2026-10-07T17:07:43.9631409Z G6_COMMAND {"argv": ["lake", "env", "lean", "--trust=0", "-j1", "-M4096", "-o", "/home/runner/work/_temp/g6-cloud-build/.lake/build/lib/lean/G5ParentChoiceCalendar.olean", "/home/runner/work/_temp/g6-cloud-build/Imported/G5ParentChoiceCalendar.lean"], "cwd": "/home/runner/work/_temp/g6-cloud-build", "start": "2026-10-07T17:07:43.956293+00:00"}
verify	Verify G6 frozen sources serially	2026-10-07T17:07:47.0009059Z 'GProgram.G5.ParentCalendar.component_entry_reaches_sameBlob' depends on axioms: [propext, Classical.choice, Quot.sound]
verify	Verify G6 frozen sources serially	2026-10-07T17:07:47.0010516Z 'GProgram.G5.ParentCalendar.parent_route_prefix_exists' depends on axioms: [propext, Classical.choice, Quot.sound]
verify	Verify G6 frozen sources serially	2026-10-07T17:07:47.0011777Z 'GProgram.G5.ParentCalendar.parent_route_unique' depends on axioms: [propext, Classical.choice, Quot.sound]
verify	Verify G6 frozen sources serially	2026-10-07T17:07:47.0013231Z 'GProgram.G5.ParentCalendar.parentPosition_spec' depends on axioms: [propext, Classical.choice, Quot.sound]
verify	Verify G6 frozen sources serially	2026-10-07T17:07:47.0014946Z 'GProgram.G5.ParentCalendar.active_edge_eq_parentPosition' depends on axioms: [propext, Classical.choice, Quot.sound]
verify	Verify G6 frozen sources serially	2026-10-07T17:07:47.0019138Z G6_RECEIPT {"argv": ["lake", "env", "lean", "--trust=0", "-j1", "-M4096", "-o", "/home/runner/work/_temp/g6-cloud-build/.lake/build/lib/lean/G5ParentChoiceCalendar.olean", "/home/runner/work/_temp/g6-cloud-build/Imported/G5ParentChoiceCalendar.lean"], "start": "2026-10-07T17:07:43.956293+00:00", "end": "2026-10-07T17:07:47.000719+00:00", "exit": 0, "output_sha256": "8eb07c527af1306f84578a8a51aa5ba933b16ab465a187c3619b880a145cce8d"}
verify	Verify G6 frozen sources serially	2026-10-07T17:07:47.0024550Z G6_COMMAND {"argv": ["lake", "env", "lean", "--trust=0", "-j1", "-M4096", "-o", "/home/runner/work/_temp/g6-cloud-build/.lake/build/lib/lean/G5CoupledQuartetKernel.olean", "/home/runner/work/_temp/g6-cloud-build/Imported/G5CoupledQuartetKernel.lean"], "cwd": "/home/runner/work/_temp/g6-cloud-build", "start": "2026-10-07T17:07:47.001114+00:00"}
verify	Verify G6 frozen sources serially	2026-10-07T17:07:50.5901753Z /home/runner/work/_temp/g6-cloud-build/Imported/G5CoupledQuartetKernel.lean:97:25: warning: Used `tac1 <;> tac2` where `(tac1; tac2)` would suffice
verify	Verify G6 frozen sources serially	2026-10-07T17:07:50.5902605Z 
verify	Verify G6 frozen sources serially	2026-10-07T17:07:50.5902920Z Note: This linter can be disabled with `set_option linter.unnecessarySeqFocus false`
verify	Verify G6 frozen sources serially	2026-10-07T17:07:50.5903880Z 'GProgram.G5.QuartetKernel.selectorWitness_iff_blockWitness' depends on axioms: [propext, Classical.choice, Quot.sound]
verify	Verify G6 frozen sources serially	2026-10-07T17:07:50.5904993Z 'GProgram.G5.QuartetKernel.pairCount_four_iff' depends on axioms: [propext, Classical.choice, Quot.sound]
verify	Verify G6 frozen sources serially	2026-10-07T17:07:50.5906309Z 'GProgram.G5.QuartetKernel.pairCount_one_split' depends on axioms: [propext, Classical.choice, Quot.sound]
verify	Verify G6 frozen sources serially	2026-10-07T17:07:50.5910175Z G6_RECEIPT {"argv": ["lake", "env", "lean", "--trust=0", "-j1", "-M4096", "-o", "/home/runner/work/_temp/g6-cloud-build/.lake/build/lib/lean/G5CoupledQuartetKernel.olean", "/home/runner/work/_temp/g6-cloud-build/Imported/G5CoupledQuartetKernel.lean"], "start": "2026-10-07T17:07:47.001114+00:00", "end": "2026-10-07T17:07:50.589979+00:00", "exit": 0, "output_sha256": "345f1f363c83e2a84fdf11b5431ffa001012a8f8e49dc4e8197ecd89a725a5b0"}
verify	Verify G6 frozen sources serially	2026-10-07T17:07:50.5915483Z G6_COMMAND {"argv": ["lake", "env", "lean", "--trust=0", "-j1", "-M4096", "-o", "/home/runner/work/_temp/g6-cloud-build/.lake/build/lib/lean/G5FairSelectorMoments.olean", "/home/runner/work/_temp/g6-cloud-build/Imported/G5FairSelectorMoments.lean"], "cwd": "/home/runner/work/_temp/g6-cloud-build", "start": "2026-10-07T17:07:50.590349+00:00"}
verify	Verify G6 frozen sources serially	2026-10-07T17:07:53.5789629Z 'GProgram.G5.QuartetKernel.meetingChoices_card' depends on axioms: [propext, Classical.choice, Quot.sound]
verify	Verify G6 frozen sources serially	2026-10-07T17:07:53.5791453Z 'GProgram.G5.QuartetKernel.fairMeetingMass_eq_count' depends on axioms: [propext, Classical.choice, Quot.sound]
verify	Verify G6 frozen sources serially	2026-10-07T17:07:53.5795054Z G6_RECEIPT {"argv": ["lake", "env", "lean", "--trust=0", "-j1", "-M4096", "-o", "/home/runner/work/_temp/g6-cloud-build/.lake/build/lib/lean/G5FairSelectorMoments.olean", "/home/runner/work/_temp/g6-cloud-build/Imported/G5FairSelectorMoments.lean"], "start": "2026-10-07T17:07:50.590349+00:00", "end": "2026-10-07T17:07:53.577947+00:00", "exit": 0, "output_sha256": "c5d36016bc89bb883f01c4f4f152e4f9a4105dd7af316f5e2aea6ba848149852"}
verify	Verify G6 frozen sources serially	2026-10-07T17:07:53.5800404Z G6_COMMAND {"argv": ["lake", "env", "lean", "--trust=0", "-j1", "-M4096", "-o", "/home/runner/work/_temp/g6-cloud-build/.lake/build/lib/lean/G5FairOriginalCoinLaw.olean", "/home/runner/work/_temp/g6-cloud-build/Imported/G5FairOriginalCoinLaw.lean"], "cwd": "/home/runner/work/_temp/g6-cloud-build", "start": "2026-10-07T17:07:53.578300+00:00"}
verify	Verify G6 frozen sources serially	2026-10-07T17:07:56.7532065Z /home/runner/work/_temp/g6-cloud-build/Imported/G5FairOriginalCoinLaw.lean:43:18: warning: This simp argument is unused:
verify	Verify G6 frozen sources serially	2026-10-07T17:07:56.7533163Z   hne
verify	Verify G6 frozen sources serially	2026-10-07T17:07:56.7533348Z 
verify	Verify G6 frozen sources serially	2026-10-07T17:07:56.7533861Z Hint: Omit it from the simp argument list.
verify	Verify G6 frozen sources serially	2026-10-07T17:07:56.7534356Z   [apply] simp [wanted, hne.symm]
verify	Verify G6 frozen sources serially	2026-10-07T17:07:56.7534636Z 
verify	Verify G6 frozen sources serially	2026-10-07T17:07:56.7534999Z Note: This linter can be disabled with `set_option linter.unusedSimpArgs false`
verify	Verify G6 frozen sources serially	2026-10-07T17:07:56.7536137Z /home/runner/work/_temp/g6-cloud-build/Imported/G5FairOriginalCoinLaw.lean:69:54: warning: This simp argument is unused:
verify	Verify G6 frozen sources serially	2026-10-07T17:07:56.7537228Z   hu
verify	Verify G6 frozen sources serially	2026-10-07T17:07:56.7537389Z 
verify	Verify G6 frozen sources serially	2026-10-07T17:07:56.7537550Z Hint: Omit it from the simp argument list.
verify	Verify G6 frozen sources serially	2026-10-07T17:07:56.7537985Z   [apply] simp [hv]
verify	Verify G6 frozen sources serially	2026-10-07T17:07:56.7538188Z 
verify	Verify G6 frozen sources serially	2026-10-07T17:07:56.7538776Z Note: This linter can be disabled with `set_option linter.unusedSimpArgs false`
verify	Verify G6 frozen sources serially	2026-10-07T17:07:56.7539941Z /home/runner/work/_temp/g6-cloud-build/Imported/G5FairOriginalCoinLaw.lean:69:57: warning: This simp argument is unused:
verify	Verify G6 frozen sources serially	2026-10-07T17:07:56.7540847Z   hv
verify	Verify G6 frozen sources serially	2026-10-07T17:07:56.7540998Z 
verify	Verify G6 frozen sources serially	2026-10-07T17:07:56.7541168Z Hint: Omit it from the simp argument list.
verify	Verify G6 frozen sources serially	2026-10-07T17:07:56.7541610Z   [apply] simp [hu]
verify	Verify G6 frozen sources serially	2026-10-07T17:07:56.7541809Z 
verify	Verify G6 frozen sources serially	2026-10-07T17:07:56.7542147Z Note: This linter can be disabled with `set_option linter.unusedSimpArgs false`
verify	Verify G6 frozen sources serially	2026-10-07T17:07:56.7543238Z 'GProgram.G5.OriginalCoinLaw.jointBitMass_eq_quarter' depends on axioms: [propext, Classical.choice, Quot.sound]
verify	Verify G6 frozen sources serially	2026-10-07T17:07:56.7544587Z 'GProgram.G5.OriginalCoinLaw.fair_two_site_expectation' depends on axioms: [propext, Classical.choice, Quot.sound]
verify	Verify G6 frozen sources serially	2026-10-07T17:07:56.7545959Z 'GProgram.G5.OriginalCoinLaw.fair_source_meeting_weight' depends on axioms: [propext, Classical.choice, Quot.sound]
verify	Verify G6 frozen sources serially	2026-10-07T17:07:56.7549103Z G6_RECEIPT {"argv": ["lake", "env", "lean", "--trust=0", "-j1", "-M4096", "-o", "/home/runner/work/_temp/g6-cloud-build/.lake/build/lib/lean/G5FairOriginalCoinLaw.olean", "/home/runner/work/_temp/g6-cloud-build/Imported/G5FairOriginalCoinLaw.lean"], "start": "2026-10-07T17:07:53.578300+00:00", "end": "2026-10-07T17:07:56.753021+00:00", "exit": 0, "output_sha256": "271cf1f090f72b0841bc9aaffd0b76290a2b93492127891f04d2e5fdc4777e63"}
verify	Verify G6 frozen sources serially	2026-10-07T17:07:56.7553184Z G6_COMMAND {"argv": ["lake", "env", "lean", "--trust=0", "-j1", "-M4096", "-o", "/home/runner/work/_temp/g6-cloud-build/.lake/build/lib/lean/G5OriginalCoinPMF.olean", "/home/runner/work/_temp/g6-cloud-build/Imported/G5OriginalCoinPMF.lean"], "cwd": "/home/runner/work/_temp/g6-cloud-build", "start": "2026-10-07T17:07:56.753393+00:00"}
verify	Verify G6 frozen sources serially	2026-10-07T17:07:59.8823618Z /home/runner/work/_temp/g6-cloud-build/Imported/G5OriginalCoinPMF.lean:19:0: warning: automatically included section variable(s) unused in theorem `GProgram.G5.OriginalCoinLaw.independentWeight_real_nonnegative`:
verify	Verify G6 frozen sources serially	2026-10-07T17:07:59.8825505Z   [DecidableEq Site]
verify	Verify G6 frozen sources serially	2026-10-07T17:07:59.8826507Z consider restructuring your `variable` declarations so that the variables are not in scope or explicitly omit them:
verify	Verify G6 frozen sources serially	2026-10-07T17:07:59.8827952Z   omit [DecidableEq Site] in theorem ...
verify	Verify G6 frozen sources serially	2026-10-07T17:07:59.8828347Z 
verify	Verify G6 frozen sources serially	2026-10-07T17:07:59.8828807Z Note: This linter can be disabled with `set_option linter.unusedSectionVars false`
verify	Verify G6 frozen sources serially	2026-10-07T17:07:59.8830148Z 'GProgram.G5.OriginalCoinLaw.independentWeight_ennreal_normalized' depends on axioms: [propext,
verify	Verify G6 frozen sources serially	2026-10-07T17:07:59.8831177Z  Classical.choice,
verify	Verify G6 frozen sources serially	2026-10-07T17:07:59.8831461Z  Quot.sound]
verify	Verify G6 frozen sources serially	2026-10-07T17:07:59.8832076Z 'GProgram.G5.OriginalCoinLaw.independentPMF_event' depends on axioms: [propext, Classical.choice, Quot.sound]
verify	Verify G6 frozen sources serially	2026-10-07T17:07:59.8833194Z 'GProgram.G5.OriginalCoinLaw.fair_source_meeting_probability' depends on axioms: [propext, Classical.choice, Quot.sound]
verify	Verify G6 frozen sources serially	2026-10-07T17:07:59.8835123Z G6_RECEIPT {"argv": ["lake", "env", "lean", "--trust=0", "-j1", "-M4096", "-o", "/home/runner/work/_temp/g6-cloud-build/.lake/build/lib/lean/G5OriginalCoinPMF.olean", "/home/runner/work/_temp/g6-cloud-build/Imported/G5OriginalCoinPMF.lean"], "start": "2026-10-07T17:07:56.753393+00:00", "end": "2026-10-07T17:07:59.882116+00:00", "exit": 0, "output_sha256": "5ac4293a4581c7494a371e851faa0feb458d3dc5d65d9533ca23c25fa0b60934"}
verify	Verify G6 frozen sources serially	2026-10-07T17:07:59.8866430Z G6_COMMAND {"argv": ["lake", "env", "lean", "--trust=0", "-j1", "-M4096", "-o", "/home/runner/work/_temp/g6-cloud-build/.lake/build/lib/lean/G5ParentPositionPushforward.olean", "/home/runner/work/_temp/g6-cloud-build/Imported/G5ParentPositionPushforward.lean"], "cwd": "/home/runner/work/_temp/g6-cloud-build", "start": "2026-10-07T17:07:59.882479+00:00"}
verify	Verify G6 frozen sources serially	2026-10-07T17:08:03.0921921Z /home/runner/work/_temp/g6-cloud-build/Imported/G5ParentPositionPushforward.lean:52:0: warning: automatically included section variable(s) unused in theorem `GProgram.G5.ParentCalendar.EdgePath.empty_or_last`:
verify	Verify G6 frozen sources serially	2026-10-07T17:08:03.0923522Z   [Fintype V]
verify	Verify G6 frozen sources serially	2026-10-07T17:08:03.0924122Z   [Fintype E]
verify	Verify G6 frozen sources serially	2026-10-07T17:08:03.0924398Z   [DecidableEq V]
verify	Verify G6 frozen sources serially	2026-10-07T17:08:03.0925085Z consider restructuring your `variable` declarations so that the variables are not in scope or explicitly omit them:
verify	Verify G6 frozen sources serially	2026-10-07T17:08:03.0925962Z   omit [Fintype V] [Fintype E] [DecidableEq V] in theorem ...
verify	Verify G6 frozen sources serially	2026-10-07T17:08:03.0926325Z 
verify	Verify G6 frozen sources serially	2026-10-07T17:08:03.0926962Z Note: This linter can be disabled with `set_option linter.unusedSectionVars false`
verify	Verify G6 frozen sources serially	2026-10-07T17:08:03.0928579Z 'GProgram.G5.ParentCalendar.incoming_edge_is_original_parent' depends on axioms: [propext, Classical.choice, Quot.sound]
verify	Verify G6 frozen sources serially	2026-10-07T17:08:03.0930268Z 'GProgram.G5.ParentCalendar.EdgePath.empty_or_last' depends on axioms: [propext, Classical.choice, Quot.sound]
verify	Verify G6 frozen sources serially	2026-10-07T17:08:03.0932050Z 'GProgram.G5.ParentCalendar.activeComponentEdges_eq_parentPosition_image' depends on axioms: [propext,
verify	Verify G6 frozen sources serially	2026-10-07T17:08:03.0933247Z  Classical.choice,
verify	Verify G6 frozen sources serially	2026-10-07T17:08:03.0933651Z  Quot.sound]
verify	Verify G6 frozen sources serially	2026-10-07T17:08:03.0934354Z 'GProgram.G5.ParentCalendar.activeRootRouteEdges_eq_parentPosition_image' depends on axioms: [propext,
verify	Verify G6 frozen sources serially	2026-10-07T17:08:03.0935174Z  Classical.choice,
verify	Verify G6 frozen sources serially	2026-10-07T17:08:03.0935493Z  Quot.sound]
verify	Verify G6 frozen sources serially	2026-10-07T17:08:03.0936209Z 'GProgram.G5.ParentCalendar.actual_parent_position_fair_meeting_probability' depends on axioms: [propext,
verify	Verify G6 frozen sources serially	2026-10-07T17:08:03.0937277Z  Classical.choice,
verify	Verify G6 frozen sources serially	2026-10-07T17:08:03.0937608Z  Quot.sound]
verify	Verify G6 frozen sources serially	2026-10-07T17:08:03.0940100Z G6_RECEIPT {"argv": ["lake", "env", "lean", "--trust=0", "-j1", "-M4096", "-o", "/home/runner/work/_temp/g6-cloud-build/.lake/build/lib/lean/G5ParentPositionPushforward.olean", "/home/runner/work/_temp/g6-cloud-build/Imported/G5ParentPositionPushforward.lean"], "start": "2026-10-07T17:07:59.882479+00:00", "end": "2026-10-07T17:08:03.091930+00:00", "exit": 0, "output_sha256": "7a6173506e0448fa249a1b93a0bf727995ab29b5a43b369adf4169fe6a4879a4"}
verify	Verify G6 frozen sources serially	2026-10-07T17:08:03.0944317Z G6_COMMAND {"argv": ["lake", "env", "lean", "--trust=0", "-j1", "-M4096", "-o", "/home/runner/work/_temp/g6-cloud-build/.lake/build/lib/lean/G5SafePastHybridDisjointness.olean", "/home/runner/work/_temp/g6-cloud-build/Imported/G5SafePastHybridDisjointness.lean"], "cwd": "/home/runner/work/_temp/g6-cloud-build", "start": "2026-10-07T17:08:03.092275+00:00"}
verify	Verify G6 frozen sources serially	2026-10-07T17:08:06.1277481Z /home/runner/work/_temp/g6-cloud-build/Imported/G5SafePastHybridDisjointness.lean:60:5: warning: Variable name `hcard` is not explicitly referenced.
verify	Verify G6 frozen sources serially	2026-10-07T17:08:06.1278252Z 
verify	Verify G6 frozen sources serially	2026-10-07T17:08:06.1278719Z Hint: The binding can be removed (if unused) or named `_` (if used implicitly). Alternatively, prefix the name with `_` to silence this warning:
verify	Verify G6 frozen sources serially	2026-10-07T17:08:06.1279358Z   [apply] _hcard
verify	Verify G6 frozen sources serially	2026-10-07T17:08:06.1279494Z 
verify	Verify G6 frozen sources serially	2026-10-07T17:08:06.1279724Z Note: This linter can be disabled with `set_option linter.unusedVariables false`
verify	Verify G6 frozen sources serially	2026-10-07T17:08:06.1280433Z 'GProgram.G5.SafePast.protective_sure_exact_block' depends on axioms: [propext, Classical.choice, Quot.sound]
verify	Verify G6 frozen sources serially	2026-10-07T17:08:06.1281191Z 'GProgram.G5.SafePast.shared_hybrid_produces_earlier_sure_block' depends on axioms: [propext,
verify	Verify G6 frozen sources serially	2026-10-07T17:08:06.1281677Z  Classical.choice,
verify	Verify G6 frozen sources serially	2026-10-07T17:08:06.1281885Z  Quot.sound]
verify	Verify G6 frozen sources serially	2026-10-07T17:08:06.1282345Z 'GProgram.G5.SafePast.safeAt_of_no_earlier_sure_block' depends on axioms: [propext, Classical.choice, Quot.sound]
verify	Verify G6 frozen sources serially	2026-10-07T17:08:06.1283136Z 'GProgram.G5.SafePast.originalHybridPast_disjoint' depends on axioms: [propext, Classical.choice, Quot.sound]
verify	Verify G6 frozen sources serially	2026-10-07T17:08:06.1284174Z 'GProgram.G5.SafePast.originalHybridPast_disjoint_of_no_earlier_sure_block' depends on axioms: [propext,
verify	Verify G6 frozen sources serially	2026-10-07T17:08:06.1284679Z  Classical.choice,
verify	Verify G6 frozen sources serially	2026-10-07T17:08:06.1284874Z  Quot.sound]
verify	Verify G6 frozen sources serially	2026-10-07T17:08:06.1286405Z G6_RECEIPT {"argv": ["lake", "env", "lean", "--trust=0", "-j1", "-M4096", "-o", "/home/runner/work/_temp/g6-cloud-build/.lake/build/lib/lean/G5SafePastHybridDisjointness.olean", "/home/runner/work/_temp/g6-cloud-build/Imported/G5SafePastHybridDisjointness.lean"], "start": "2026-10-07T17:08:03.092275+00:00", "end": "2026-10-07T17:08:06.125639+00:00", "exit": 0, "output_sha256": "a1982d3aabed4c8a8098f185576b6089f298d3317834d44717e020dd16f46ee4"}
verify	Verify G6 frozen sources serially	2026-10-07T17:08:06.1289661Z G6_COMMAND {"argv": ["lake", "env", "lean", "--trust=0", "-j1", "-M4096", "-o", "/home/runner/work/_temp/g6-cloud-build/.lake/build/lib/lean/G5PairOnlySureBlockChronology.olean", "/home/runner/work/_temp/g6-cloud-build/Imported/G5PairOnlySureBlockChronology.lean"], "cwd": "/home/runner/work/_temp/g6-cloud-build", "start": "2026-10-07T17:08:06.125966+00:00"}
verify	Verify G6 frozen sources serially	2026-10-07T17:08:09.1452111Z 'GProgram.G5.SafePast.sureExactBlock_iff_distinct_pair_predicates' depends on axioms: [propext,
verify	Verify G6 frozen sources serially	2026-10-07T17:08:09.1452845Z  Classical.choice,
verify	Verify G6 frozen sources serially	2026-10-07T17:08:09.1453121Z  Quot.sound]
verify	Verify G6 frozen sources serially	2026-10-07T17:08:09.1453654Z 'GProgram.G5.SafePast.noSureNontrivialBlock_iff_pair_predicates' depends on axioms: [propext,
verify	Verify G6 frozen sources serially	2026-10-07T17:08:09.1454283Z  Classical.choice,
verify	Verify G6 frozen sources serially	2026-10-07T17:08:09.1454538Z  Quot.sound]
verify	Verify G6 frozen sources serially	2026-10-07T17:08:09.1455154Z 'GProgram.G5.SafePast.safeAt_of_no_earlier_pair_sure_block' depends on axioms: [propext, Classical.choice, Quot.sound]
verify	Verify G6 frozen sources serially	2026-10-07T17:08:09.1459181Z G6_RECEIPT {"argv": ["lake", "env", "lean", "--trust=0", "-j1", "-M4096", "-o", "/home/runner/work/_temp/g6-cloud-build/.lake/build/lib/lean/G5PairOnlySureBlockChronology.olean", "/home/runner/work/_temp/g6-cloud-build/Imported/G5PairOnlySureBlockChronology.lean"], "start": "2026-10-07T17:08:06.125966+00:00", "end": "2026-10-07T17:08:09.145062+00:00", "exit": 0, "output_sha256": "2102cb58c4b7a1a01d1b6cb27a2ff7b9ddfc470a9ec0faae7c75174677969e1b"}
verify	Verify G6 frozen sources serially	2026-10-07T17:08:09.1464757Z G6_COMMAND {"argv": ["lake", "env", "lean", "--trust=0", "-j1", "-M4096", "-o", "/home/runner/work/_temp/g6-cloud-build/.lake/build/lib/lean/G5SafePastMeetingPermanence.olean", "/home/runner/work/_temp/g6-cloud-build/Imported/G5SafePastMeetingPermanence.lean"], "cwd": "/home/runner/work/_temp/g6-cloud-build", "start": "2026-10-07T17:08:09.145496+00:00"}
verify	Verify G6 frozen sources serially	2026-10-07T17:08:12.2443652Z 'GProgram.G5.NonbridgeRoutes.UpPath.to_edgePath_reverse' depends on axioms: [propext]
verify	Verify G6 frozen sources serially	2026-10-07T17:08:12.2444633Z 'GProgram.G5.SafePast.shared_ancestor_not_hybrid' depends on axioms: [propext, Classical.choice, Quot.sound]
verify	Verify G6 frozen sources serially	2026-10-07T17:08:12.2445542Z 'GProgram.G5.SafePast.UpPath.active_edges_equal_of_no_processed_hybrid' depends on axioms: [propext,
verify	Verify G6 frozen sources serially	2026-10-07T17:08:12.2446291Z  Classical.choice,
verify	Verify G6 frozen sources serially	2026-10-07T17:08:12.2446540Z  Quot.sound]
verify	Verify G6 frozen sources serially	2026-10-07T17:08:12.2447409Z 'GProgram.G5.SafePast.coOccupy_persists_to_safe_age' depends on axioms: [propext, Classical.choice, Quot.sound]
verify	Verify G6 frozen sources serially	2026-10-07T17:08:12.2448438Z 'GProgram.G5.SafePast.separated_at_safe_age_never_previously_met' depends on axioms: [propext,
verify	Verify G6 frozen sources serially	2026-10-07T17:08:12.2449024Z  Classical.choice,
verify	Verify G6 frozen sources serially	2026-10-07T17:08:12.2449271Z  Quot.sound]
verify	Verify G6 frozen sources serially	2026-10-07T17:08:12.2451144Z G6_RECEIPT {"argv": ["lake", "env", "lean", "--trust=0", "-j1", "-M4096", "-o", "/home/runner/work/_temp/g6-cloud-build/.lake/build/lib/lean/G5SafePastMeetingPermanence.olean", "/home/runner/work/_temp/g6-cloud-build/Imported/G5SafePastMeetingPermanence.lean"], "start": "2026-10-07T17:08:09.145496+00:00", "end": "2026-10-07T17:08:12.244196+00:00", "exit": 0, "output_sha256": "c868ca1184d8588ef18b1478e00dc3285c7cc006207d1cdcf5d6a8a0a2d4b198"}
verify	Verify G6 frozen sources serially	2026-10-07T17:08:12.2454408Z G6_COMMAND {"argv": ["lake", "env", "lean", "--trust=0", "-j1", "-M4096", "-o", "/home/runner/work/_temp/g6-cloud-build/.lake/build/lib/lean/G5ExponentialGermIdentification.olean", "/home/runner/work/_temp/g6-cloud-build/Imported/G5ExponentialGermIdentification.lean"], "cwd": "/home/runner/work/_temp/g6-cloud-build", "start": "2026-10-07T17:08:12.244545+00:00"}
verify	Verify G6 frozen sources serially	2026-10-07T17:08:14.7151486Z 'GProgram.G5.ExponentialGerm.coefficient_zero_of_grid' depends on axioms: [propext, Classical.choice, Quot.sound]
verify	Verify G6 frozen sources serially	2026-10-07T17:08:14.7152496Z 'GProgram.G5.ExponentialGerm.coefficients_eq_of_right_germ' depends on axioms: [propext, Classical.choice, Quot.sound]
verify	Verify G6 frozen sources serially	2026-10-07T17:08:14.7153335Z 'GProgram.G5.ExponentialGerm.constant_coefficient_eq_of_right_germ' depends on axioms: [propext,
verify	Verify G6 frozen sources serially	2026-10-07T17:08:14.7153851Z  Classical.choice,
verify	Verify G6 frozen sources serially	2026-10-07T17:08:14.7154364Z  Quot.sound]
verify	Verify G6 frozen sources serially	2026-10-07T17:08:14.7157169Z G6_RECEIPT {"argv": ["lake", "env", "lean", "--trust=0", "-j1", "-M4096", "-o", "/home/runner/work/_temp/g6-cloud-build/.lake/build/lib/lean/G5ExponentialGermIdentification.olean", "/home/runner/work/_temp/g6-cloud-build/Imported/G5ExponentialGermIdentification.lean"], "start": "2026-10-07T17:08:12.244545+00:00", "end": "2026-10-07T17:08:14.714989+00:00", "exit": 0, "output_sha256": "43b8db7dd2022f81be166db6224a360defaf0709d2d333320680b065d5e0e567"}
verify	Verify G6 frozen sources serially	2026-10-07T17:08:14.7160145Z G6_COMMAND {"argv": ["lake", "env", "lean", "--trust=0", "-j1", "-M4096", "-o", "/home/runner/work/_temp/g6-cloud-build/.lake/build/lib/lean/G5UnknownRateSupport.olean", "/home/runner/work/_temp/g6-cloud-build/Imported/G5UnknownRateSupport.lean"], "cwd": "/home/runner/work/_temp/g6-cloud-build", "start": "2026-10-07T17:08:14.715319+00:00"}
verify	Verify G6 frozen sources serially	2026-10-07T17:08:17.2549040Z 'GProgram.G5.ExponentialGerm.finite_coefficients_zero_of_right_germ' depends on axioms: [propext,
verify	Verify G6 frozen sources serially	2026-10-07T17:08:17.2550090Z  Classical.choice,
verify	Verify G6 frozen sources serially	2026-10-07T17:08:17.2550798Z  Quot.sound]
verify	Verify G6 frozen sources serially	2026-10-07T17:08:17.2551950Z 'GProgram.G5.ExponentialGerm.finite_coefficients_eq_of_right_germ' depends on axioms: [propext,
verify	Verify G6 frozen sources serially	2026-10-07T17:08:17.2552582Z  Classical.choice,
verify	Verify G6 frozen sources serially	2026-10-07T17:08:17.2552892Z  Quot.sound]
verify	Verify G6 frozen sources serially	2026-10-07T17:08:17.2553457Z 'GProgram.G5.ExponentialGerm.finite_constant_mass_eq_of_right_germ' depends on axioms: [propext,
verify	Verify G6 frozen sources serially	2026-10-07T17:08:17.2554045Z  Classical.choice,
verify	Verify G6 frozen sources serially	2026-10-07T17:08:17.2554325Z  Quot.sound]
verify	Verify G6 frozen sources serially	2026-10-07T17:08:17.2555980Z G6_RECEIPT {"argv": ["lake", "env", "lean", "--trust=0", "-j1", "-M4096", "-o", "/home/runner/work/_temp/g6-cloud-build/.lake/build/lib/lean/G5UnknownRateSupport.olean", "/home/runner/work/_temp/g6-cloud-build/Imported/G5UnknownRateSupport.lean"], "start": "2026-10-07T17:08:14.715319+00:00", "end": "2026-10-07T17:08:17.251822+00:00", "exit": 0, "output_sha256": "36b339cbb814f07566d18ce6dd3e52801f2bffd23f1262b079fa7bef2cc6169f"}
verify	Verify G6 frozen sources serially	2026-10-07T17:08:17.2559294Z G6_COMMAND {"argv": ["lake", "env", "lean", "--trust=0", "-j1", "-M4096", "-o", "/home/runner/work/_temp/g6-cloud-build/.lake/build/lib/lean/G5OriginalRouteHazard.olean", "/home/runner/work/_temp/g6-cloud-build/Imported/G5OriginalRouteHazard.lean"], "cwd": "/home/runner/work/_temp/g6-cloud-build", "start": "2026-10-07T17:08:17.252130+00:00"}
verify	Verify G6 frozen sources serially	2026-10-07T17:08:20.6493899Z /home/runner/work/_temp/g6-cloud-build/Imported/G5OriginalRouteHazard.lean:174:48: warning: Used `tac1 <;> tac2` where `(tac1; tac2)` would suffice
verify	Verify G6 frozen sources serially	2026-10-07T17:08:20.6495109Z 
verify	Verify G6 frozen sources serially	2026-10-07T17:08:20.6495558Z Note: This linter can be disabled with `set_option linter.unnecessarySeqFocus false`
verify	Verify G6 frozen sources serially	2026-10-07T17:08:20.6497335Z 'GProgram.G5.RouteHazard.currentPairRate_zero_iff_separated' depends on axioms: [propext, Classical.choice, Quot.sound]
verify	Verify G6 frozen sources serially	2026-10-07T17:08:20.6498744Z 'GProgram.G5.RouteHazard.separated_safe_accumulatedHazard_zero' depends on axioms: [propext,
verify	Verify G6 frozen sources serially	2026-10-07T17:08:20.6509034Z  Classical.choice,
verify	Verify G6 frozen sources serially	2026-10-07T17:08:20.6509403Z  Quot.sound]
verify	Verify G6 frozen sources serially	2026-10-07T17:08:20.6510249Z 'GProgram.G5.RouteHazard.separated_safe_routeSurvival_one' depends on axioms: [propext, Classical.choice, Quot.sound]
verify	Verify G6 frozen sources serially	2026-10-07T17:08:20.6511664Z 'GProgram.G5.RouteHazard.positive_endpoint_gap_exists' depends on axioms: [propext, Classical.choice, Quot.sound]
verify	Verify G6 frozen sources serially	2026-10-07T17:08:20.6512999Z 'GProgram.G5.RouteHazard.exposure_add_on_endpoint_gap' depends on axioms: [propext, Classical.choice, Quot.sound]
verify	Verify G6 frozen sources serially	2026-10-07T17:08:20.6514518Z 'GProgram.G5.RouteHazard.accumulatedHazard_add_on_endpoint_gap' depends on axioms: [propext,
verify	Verify G6 frozen sources serially	2026-10-07T17:08:20.6515300Z  Classical.choice,
verify	Verify G6 frozen sources serially	2026-10-07T17:08:20.6515616Z  Quot.sound]
verify	Verify G6 frozen sources serially	2026-10-07T17:08:20.6516396Z 'GProgram.G5.RouteHazard.routeSurvival_add_on_endpoint_gap' depends on axioms: [propext, Classical.choice, Quot.sound]
verify	Verify G6 frozen sources serially	2026-10-07T17:08:20.6521664Z G6_RECEIPT {"argv": ["lake", "env", "lean", "--trust=0", "-j1", "-M4096", "-o", "/home/runner/work/_temp/g6-cloud-build/.lake/build/lib/lean/G5OriginalRouteHazard.olean", "/home/runner/work/_temp/g6-cloud-build/Imported/G5OriginalRouteHazard.lean"], "start": "2026-10-07T17:08:17.252130+00:00", "end": "2026-10-07T17:08:20.649180+00:00", "exit": 0, "output_sha256": "2e311bf90e01fad29579f832d25a1f11f5dad8b2c178253a86823dc2f7e59d1c"}
verify	Verify G6 frozen sources serially	2026-10-07T17:08:20.6526175Z G6_COMMAND {"argv": ["lake", "env", "lean", "--trust=0", "-j1", "-M4096", "-o", "/home/runner/work/_temp/g6-cloud-build/.lake/build/lib/lean/G4TwoRootSourceStopping.olean", "/home/runner/work/_temp/g6-cloud-build/Imported/G4TwoRootSourceStopping.lean"], "cwd": "/home/runner/work/_temp/g6-cloud-build", "start": "2026-10-07T17:08:20.649580+00:00"}
verify	Verify G6 frozen sources serially	2026-10-07T17:08:23.8156037Z /home/runner/work/_temp/g6-cloud-build/Imported/G4TwoRootSourceStopping.lean:54:2: warning: Used `tac1 <;> tac2` where `(tac1; tac2)` would suffice
verify	Verify G6 frozen sources serially	2026-10-07T17:08:23.8157185Z 
verify	Verify G6 frozen sources serially	2026-10-07T17:08:23.8157514Z Note: This linter can be disabled with `set_option linter.unnecessarySeqFocus false`
verify	Verify G6 frozen sources serially	2026-10-07T17:08:23.8158769Z /home/runner/work/_temp/g6-cloud-build/Imported/G4TwoRootSourceStopping.lean:59:2: warning: Used `tac1 <;> tac2` where `(tac1; tac2)` would suffice
verify	Verify G6 frozen sources serially	2026-10-07T17:08:23.8159575Z 
verify	Verify G6 frozen sources serially	2026-10-07T17:08:23.8159889Z Note: This linter can be disabled with `set_option linter.unnecessarySeqFocus false`
verify	Verify G6 frozen sources serially	2026-10-07T17:08:23.8161153Z 'G4TwoRootSourceStopping.bareSurvival_eq' depends on axioms: [propext, Classical.choice, Quot.sound]
verify	Verify G6 frozen sources serially	2026-10-07T17:08:23.8162464Z 'G4TwoRootSourceStopping.rootedACladeResponse_injective' depends on axioms: [propext, Classical.choice, Quot.sound]
verify	Verify G6 frozen sources serially	2026-10-07T17:08:23.8163979Z 'G4TwoRootSourceStopping.observable_finite_length_certificate' depends on axioms: [propext,
verify	Verify G6 frozen sources serially	2026-10-07T17:08:23.8164894Z  Classical.choice,
verify	Verify G6 frozen sources serially	2026-10-07T17:08:23.8165286Z  Quot.sound]
verify	Verify G6 frozen sources serially	2026-10-07T17:08:23.8168334Z G6_RECEIPT {"argv": ["lake", "env", "lean", "--trust=0", "-j1", "-M4096", "-o", "/home/runner/work/_temp/g6-cloud-build/.lake/build/lib/lean/G4TwoRootSourceStopping.olean", "/home/runner/work/_temp/g6-cloud-build/Imported/G4TwoRootSourceStopping.lean"], "start": "2026-10-07T17:08:20.649580+00:00", "end": "2026-10-07T17:08:23.815397+00:00", "exit": 0, "output_sha256": "dd78f608c3203ed2845672960fd4a8f009670f190c0de67b07c9c200b2a61910"}
verify	Verify G6 frozen sources serially	2026-10-07T17:08:23.8173134Z G6_COMMAND {"argv": ["lake", "env", "lean", "--trust=0", "-j1", "-M4096", "-o", "/home/runner/work/_temp/g6-cloud-build/.lake/build/lib/lean/G1SharedRegisterStress.olean", "/home/runner/work/_temp/g6-cloud-build/Imported/G1SharedRegisterStress.lean"], "cwd": "/home/runner/work/_temp/g6-cloud-build", "start": "2026-10-07T17:08:23.815788+00:00"}
verify	Verify G6 frozen sources serially	2026-10-07T17:08:26.8628089Z 'GProgram.G1.pairSurvival_eq_exp' depends on axioms: [propext, Classical.choice, Quot.sound]
verify	Verify G6 frozen sources serially	2026-10-07T17:08:26.8629731Z 'GProgram.G1.pairSurvival_log_two' depends on axioms: [propext, Classical.choice, Quot.sound]
verify	Verify G6 frozen sources serially	2026-10-07T17:08:26.8631045Z 'GProgram.G1.pairSurvival_log_four' depends on axioms: [propext, Classical.choice, Quot.sound]
verify	Verify G6 frozen sources serially	2026-10-07T17:08:26.8632455Z 'GProgram.G1.shared_register_exact_counterexample' depends on axioms: [propext, Classical.choice, Quot.sound]
verify	Verify G6 frozen sources serially	2026-10-07T17:08:26.8633984Z 'GProgram.G1.retained_register_joint_normalized' depends on axioms: [propext, Classical.choice, Quot.sound]
verify	Verify G6 frozen sources serially	2026-10-07T17:08:26.8635443Z 'GProgram.G1.retained_register_joint_nonnegative' depends on axioms: [propext, Classical.choice, Quot.sound]
verify	Verify G6 frozen sources serially	2026-10-07T17:08:26.8637073Z 'GProgram.G1.resampling_changes_exposed_context' depends on axioms: [propext, Classical.choice, Quot.sound]
verify	Verify G6 frozen sources serially	2026-10-07T17:08:26.8638966Z 'GProgram.G1.exposed_event_preserved_iff_equal_conditionals' depends on axioms: [propext, Classical.choice, Quot.sound]
verify	Verify G6 frozen sources serially	2026-10-07T17:08:26.8642277Z G6_RECEIPT {"argv": ["lake", "env", "lean", "--trust=0", "-j1", "-M4096", "-o", "/home/runner/work/_temp/g6-cloud-build/.lake/build/lib/lean/G1SharedRegisterStress.olean", "/home/runner/work/_temp/g6-cloud-build/Imported/G1SharedRegisterStress.lean"], "start": "2026-10-07T17:08:23.815788+00:00", "end": "2026-10-07T17:08:26.860017+00:00", "exit": 0, "output_sha256": "84a9c4ce9c952b0e458f2a61369c7b18a8e5a6298321cc94e9a865f61d98037b"}
verify	Verify G6 frozen sources serially	2026-10-07T17:08:26.8647264Z G6_COMMAND {"argv": ["lake", "env", "lean", "--trust=0", "-j1", "-M4096", "-o", "/home/runner/work/_temp/g6-cloud-build/.lake/build/lib/lean/G4FourRootPositivity.olean", "/home/runner/work/_temp/g6-cloud-build/Imported/G4FourRootPositivity.lean"], "cwd": "/home/runner/work/_temp/g6-cloud-build", "start": "2026-10-07T17:08:26.860365+00:00"}
verify	Verify G6 frozen sources serially	2026-10-07T17:08:30.4837379Z 'GProgram.G4.FourRoot.exact_defect_factorization' depends on axioms: [propext, Classical.choice, Quot.sound]
verify	Verify G6 frozen sources serially	2026-10-07T17:08:30.4838695Z 'GProgram.G4.FourRoot.zero_delta_forces_negative_defect3' depends on axioms: [propext, Classical.choice, Quot.sound]
verify	Verify G6 frozen sources serially	2026-10-07T17:08:30.4839849Z 'GProgram.G4.FourRoot.no_common_moment_signature' depends on axioms: [propext, Classical.choice, Quot.sound]
verify	Verify G6 frozen sources serially	2026-10-07T17:08:30.4840964Z 'GProgram.G4.FourRoot.rational_cap3_scalar_witness' depends on axioms: [propext, Classical.choice, Quot.sound]
verify	Verify G6 frozen sources serially	2026-10-07T17:08:30.4844497Z G6_RECEIPT {"argv": ["lake", "env", "lean", "--trust=0", "-j1", "-M4096", "-o", "/home/runner/work/_temp/g6-cloud-build/.lake/build/lib/lean/G4FourRootPositivity.olean", "/home/runner/work/_temp/g6-cloud-build/Imported/G4FourRootPositivity.lean"], "start": "2026-10-07T17:08:26.860365+00:00", "end": "2026-10-07T17:08:30.483553+00:00", "exit": 0, "output_sha256": "f5e1ecf7db1d697e09d60633e18d6b70c7cc7aa6ac9af0dc3eee533d76e5c582"}
verify	Verify G6 frozen sources serially	2026-10-07T17:08:30.4850224Z G6_COMMAND {"argv": ["lake", "env", "lean", "--trust=0", "-j1", "-M4096", "-o", "/home/runner/work/_temp/g6-cloud-build/.lake/build/lib/lean/G4IndependentRoutingBridge.olean", "/home/runner/work/_temp/g6-cloud-build/Imported/G4IndependentRoutingBridge.lean"], "cwd": "/home/runner/work/_temp/g6-cloud-build", "start": "2026-10-07T17:08:30.483965+00:00"}
verify	Verify G6 frozen sources serially	2026-10-07T17:08:35.0755878Z /home/runner/work/_temp/g6-cloud-build/Imported/G4IndependentRoutingBridge.lean:83:49: warning: This simp argument is unused:
verify	Verify G6 frozen sources serially	2026-10-07T17:08:35.0757476Z   Fintype.sum_bool
verify	Verify G6 frozen sources serially	2026-10-07T17:08:35.0757749Z 
verify	Verify G6 frozen sources serially	2026-10-07T17:08:35.0757965Z Hint: Omit it from the simp argument list.
verify	Verify G6 frozen sources serially	2026-10-07T17:08:35.0759106Z   [apply] simp [routingWeight_cons, ← Finset.mul_sum, ih, bitWeight]
verify	Verify G6 frozen sources serially	2026-10-07T17:08:35.0759707Z 
verify	Verify G6 frozen sources serially	2026-10-07T17:08:35.0760158Z Note: This linter can be disabled with `set_option linter.unusedSimpArgs false`
verify	Verify G6 frozen sources serially	2026-10-07T17:08:35.0761712Z /home/runner/work/_temp/g6-cloud-build/Imported/G4IndependentRoutingBridge.lean:157:4: warning: try 'simp' instead of 'simpa'
verify	Verify G6 frozen sources serially	2026-10-07T17:08:35.0762820Z 
verify	Verify G6 frozen sources serially	2026-10-07T17:08:35.0763287Z Note: This linter can be disabled with `set_option linter.unnecessarySimpa false`
verify	Verify G6 frozen sources serially	2026-10-07T17:08:35.0764553Z /home/runner/work/_temp/g6-cloud-build/Imported/G4IndependentRoutingBridge.lean:163:71: warning: This simp argument is unused:
verify	Verify G6 frozen sources serially	2026-10-07T17:08:35.0765546Z   hc
verify	Verify G6 frozen sources serially	2026-10-07T17:08:35.0765713Z 
verify	Verify G6 frozen sources serially	2026-10-07T17:08:35.0765885Z Hint: Omit it from the simp argument list.
verify	Verify G6 frozen sources serially	2026-10-07T17:08:35.0766820Z   [apply] simp [GProgram.G2.OriginalHybridParents.parent, H.different, H.different.symm]
verify	Verify G6 frozen sources serially	2026-10-07T17:08:35.0767466Z 
verify	Verify G6 frozen sources serially	2026-10-07T17:08:35.0767834Z Note: This linter can be disabled with `set_option linter.unusedSimpArgs false`
verify	Verify G6 frozen sources serially	2026-10-07T17:08:35.0769047Z /home/runner/work/_temp/g6-cloud-build/Imported/G4IndependentRoutingBridge.lean:164:4: warning: This simp argument is unused:
verify	Verify G6 frozen sources serially	2026-10-07T17:08:35.0770031Z   H.different
verify	Verify G6 frozen sources serially	2026-10-07T17:08:35.0770212Z 
verify	Verify G6 frozen sources serially	2026-10-07T17:08:35.0770391Z Hint: Omit it from the simp argument list.
verify	Verify G6 frozen sources serially	2026-10-07T17:08:35.0771685Z   [apply] simp [GProgram.G2.OriginalHybridParents.parent, hc, H.different.symm]
verify	Verify G6 frozen sources serially	2026-10-07T17:08:35.0772335Z 
verify	Verify G6 frozen sources serially	2026-10-07T17:08:35.0772946Z Note: This linter can be disabled with `set_option linter.unusedSimpArgs false`
verify	Verify G6 frozen sources serially	2026-10-07T17:08:35.0774225Z /home/runner/work/_temp/g6-cloud-build/Imported/G4IndependentRoutingBridge.lean:172:4: warning: try 'simp' instead of 'simpa'
verify	Verify G6 frozen sources serially	2026-10-07T17:08:35.0775147Z 
verify	Verify G6 frozen sources serially	2026-10-07T17:08:35.0777471Z Note: This linter can be disabled with `set_option linter.unnecessarySimpa false`
verify	Verify G6 frozen sources serially	2026-10-07T17:08:35.0778892Z /home/runner/work/_temp/g6-cloud-build/Imported/G4IndependentRoutingBridge.lean:178:71: warning: This simp argument is unused:
verify	Verify G6 frozen sources serially	2026-10-07T17:08:35.0780331Z   hc
verify	Verify G6 frozen sources serially	2026-10-07T17:08:35.0780667Z 
verify	Verify G6 frozen sources serially	2026-10-07T17:08:35.0781014Z Hint: Omit it from the simp argument list.
verify	Verify G6 frozen sources serially	2026-10-07T17:08:35.0781956Z   [apply] simp [GProgram.G2.OriginalHybridParents.parent, H.different, H.different.symm]
verify	Verify G6 frozen sources serially	2026-10-07T17:08:35.0782752Z 
verify	Verify G6 frozen sources serially	2026-10-07T17:08:35.0783296Z Note: This linter can be disabled with `set_option linter.unusedSimpArgs false`
verify	Verify G6 frozen sources serially	2026-10-07T17:08:35.0784710Z /home/runner/work/_temp/g6-cloud-build/Imported/G4IndependentRoutingBridge.lean:179:16: warning: This simp argument is unused:
verify	Verify G6 frozen sources serially	2026-10-07T17:08:35.0785879Z   H.different.symm
verify	Verify G6 frozen sources serially	2026-10-07T17:08:35.0786259Z 
verify	Verify G6 frozen sources serially	2026-10-07T17:08:35.0786607Z Hint: Omit it from the simp argument list.
verify	Verify G6 frozen sources serially	2026-10-07T17:08:35.0787704Z   [apply] simp [GProgram.G2.OriginalHybridParents.parent, hc, H.different]
verify	Verify G6 frozen sources serially	2026-10-07T17:08:35.0788415Z 
verify	Verify G6 frozen sources serially	2026-10-07T17:08:35.0788944Z Note: This linter can be disabled with `set_option linter.unusedSimpArgs false`
verify	Verify G6 frozen sources serially	2026-10-07T17:08:35.0790215Z 'GProgram.G4.IndependentRouting.exponential_model_original_coordinates' depends on axioms: [propext,
verify	Verify G6 frozen sources serially	2026-10-07T17:08:35.0791251Z  Classical.choice,
verify	Verify G6 frozen sources serially	2026-10-07T17:08:35.0791755Z  Quot.sound]
verify	Verify G6 frozen sources serially	2026-10-07T17:08:35.0792749Z 'GProgram.G4.IndependentRouting.original_source_coordinates' depends on axioms: [propext, Classical.choice, Quot.sound]
verify	Verify G6 frozen sources serially	2026-10-07T17:08:35.0794169Z 'GProgram.G4.IndependentRouting.exponential_four_root_arm_law' depends on axioms: [propext,
verify	Verify G6 frozen sources serially	2026-10-07T17:08:35.0795168Z  Classical.choice,
verify	Verify G6 frozen sources serially	2026-10-07T17:08:35.0795682Z  Quot.sound]
verify	Verify G6 frozen sources serially	2026-10-07T17:08:35.0796625Z 'GProgram.G4.IndependentRouting.actual_parent0_count' depends on axioms: [propext, Classical.choice, Quot.sound]
verify	Verify G6 frozen sources serially	2026-10-07T17:08:35.0798265Z 'GProgram.G4.IndependentRouting.generic_two' depends on axioms: [propext, Classical.choice, Quot.sound]
verify	Verify G6 frozen sources serially	2026-10-07T17:08:35.0799993Z 'GProgram.G4.IndependentRouting.generic_three' depends on axioms: [propext, Classical.choice, Quot.sound]
verify	Verify G6 frozen sources serially	2026-10-07T17:08:35.0801468Z 'GProgram.G4.IndependentRouting.generic_four' depends on axioms: [propext, Classical.choice, Quot.sound]
verify	Verify G6 frozen sources serially	2026-10-07T17:08:35.0803085Z 'GProgram.G4.IndependentRouting.routingWeight_normalized' depends on axioms: [propext, Classical.choice, Quot.sound]
verify	Verify G6 frozen sources serially	2026-10-07T17:08:35.0805961Z G6_RECEIPT {"argv": ["lake", "env", "lean", "--trust=0", "-j1", "-M4096", "-o", "/home/runner/work/_temp/g6-cloud-build/.lake/build/lib/lean/G4IndependentRoutingBridge.olean", "/home/runner/work/_temp/g6-cloud-build/Imported/G4IndependentRoutingBridge.lean"], "start": "2026-10-07T17:08:30.483965+00:00", "end": "2026-10-07T17:08:35.075377+00:00", "exit": 0, "output_sha256": "cbd76f1aff4dbea1797be18fb43b4ceb4bf5b1ba93f7c123d3b8173c15c87318"}
verify	Verify G6 frozen sources serially	2026-10-07T17:08:35.0809951Z G6_COMMAND {"argv": ["lake", "env", "lean", "--trust=0", "-j1", "-M4096", "-o", "/home/runner/work/_temp/g6-cloud-build/.lake/build/lib/lean/G4AllRootPairClocks.olean", "/home/runner/work/_temp/g6-cloud-build/Imported/G4AllRootPairClocks.lean"], "cwd": "/home/runner/work/_temp/g6-cloud-build", "start": "2026-10-07T17:08:35.075766+00:00"}
verify	Verify G6 frozen sources serially	2026-10-07T17:08:38.0721773Z /home/runner/work/_temp/g6-cloud-build/Imported/G4AllRootPairClocks.lean:67:2: warning: Try this: 
verify	Verify G6 frozen sources serially	2026-10-07T17:08:38.0722813Z   letI̵
verify	Verify G6 frozen sources serially	2026-10-07T17:08:38.0722967Z 
verify	Verify G6 frozen sources serially	2026-10-07T17:08:38.0723212Z The goal is a proposition, so `let` is preferred over `letI`.
verify	Verify G6 frozen sources serially	2026-10-07T17:08:38.0723868Z The difference between `let` and `letI` is that `letI` inlines the value.
verify	Verify G6 frozen sources serially	2026-10-07T17:08:38.0724882Z But this is not relevant for proofs because of proof irrelevance.
verify	Verify G6 frozen sources serially	2026-10-07T17:08:38.0725278Z 
verify	Verify G6 frozen sources serially	2026-10-07T17:08:38.0725593Z Note: This linter can be disabled with `set_option linter.style.haveILetI false`
verify	Verify G6 frozen sources serially	2026-10-07T17:08:38.0727730Z /home/runner/work/_temp/g6-cloud-build/Imported/G4AllRootPairClocks.lean:70:2: warning: Try this: 
verify	Verify G6 frozen sources serially	2026-10-07T17:08:38.0728607Z   letI̵
verify	Verify G6 frozen sources serially	2026-10-07T17:08:38.0728823Z 
verify	Verify G6 frozen sources serially	2026-10-07T17:08:38.0729147Z The goal is a proposition, so `let` is preferred over `letI`.
verify	Verify G6 frozen sources serially	2026-10-07T17:08:38.0730100Z The difference between `let` and `letI` is that `letI` inlines the value.
verify	Verify G6 frozen sources serially	2026-10-07T17:08:38.0731378Z But this is not relevant for proofs because of proof irrelevance.
verify	Verify G6 frozen sources serially	2026-10-07T17:08:38.0732075Z 
verify	Verify G6 frozen sources serially	2026-10-07T17:08:38.0732516Z Note: This linter can be disabled with `set_option linter.style.haveILetI false`
verify	Verify G6 frozen sources serially	2026-10-07T17:08:38.0734068Z 'GProgram.G4.PairClocks.private_arms_no_first_merge' depends on axioms: [propext, Classical.choice, Quot.sound]
verify	Verify G6 frozen sources serially	2026-10-07T17:08:38.0735853Z 'GProgram.G4.PairClocks.livePair_card' depends on axioms: [propext, Classical.choice, Quot.sound]
verify	Verify G6 frozen sources serially	2026-10-07T17:08:38.0737789Z 'GProgram.G4.PairClocks.all_root_no_first_merge' depends on axioms: [propext, Classical.choice, Quot.sound]
verify	Verify G6 frozen sources serially	2026-10-07T17:08:38.0739583Z 'GProgram.G4.PairClocks.product_clock_eq_holding_model' depends on axioms: [propext, Classical.choice, Quot.sound]
verify	Verify G6 frozen sources serially	2026-10-07T17:08:38.0742645Z G6_RECEIPT {"argv": ["lake", "env", "lean", "--trust=0", "-j1", "-M4096", "-o", "/home/runner/work/_temp/g6-cloud-build/.lake/build/lib/lean/G4AllRootPairClocks.olean", "/home/runner/work/_temp/g6-cloud-build/Imported/G4AllRootPairClocks.lean"], "start": "2026-10-07T17:08:35.075766+00:00", "end": "2026-10-07T17:08:38.071997+00:00", "exit": 0, "output_sha256": "7ab290630c57eec022c564a4e035d33e5101c865684b517a03dc71d5dcb0767d"}
verify	Verify G6 frozen sources serially	2026-10-07T17:08:38.0747799Z G6_COMMAND {"argv": ["lake", "env", "lean", "--trust=0", "-j1", "-M4096", "-o", "/home/runner/work/_temp/g6-cloud-build/.lake/build/lib/lean/G4PathResolvedMeasurement.olean", "/home/runner/work/_temp/g6-cloud-build/Imported/G4PathResolvedMeasurement.lean"], "cwd": "/home/runner/work/_temp/g6-cloud-build", "start": "2026-10-07T17:08:38.072387+00:00"}
verify	Verify G6 frozen sources serially	2026-10-07T17:09:03.0959192Z /home/runner/work/_temp/g6-cloud-build/Imported/G4PathResolvedMeasurement.lean:54:0: warning: automatically included section variable(s) unused in theorem `GProgram.G4.PathResolved.itineraryMass_pos`:
verify	Verify G6 frozen sources serially	2026-10-07T17:09:03.0960456Z   [DecidableEq Site]
verify	Verify G6 frozen sources serially	2026-10-07T17:09:03.0961137Z consider restructuring your `variable` declarations so that the variables are not in scope or explicitly omit them:
verify	Verify G6 frozen sources serially	2026-10-07T17:09:03.0962173Z   omit [DecidableEq Site] in theorem ...
verify	Verify G6 frozen sources serially	2026-10-07T17:09:03.0962502Z 
verify	Verify G6 frozen sources serially	2026-10-07T17:09:03.0962966Z Note: This linter can be disabled with `set_option linter.unusedSectionVars false`
verify	Verify G6 frozen sources serially	2026-10-07T17:09:03.0964851Z /home/runner/work/_temp/g6-cloud-build/Imported/G4PathResolvedMeasurement.lean:71:0: warning: automatically included section variable(s) unused in theorem `GProgram.G4.PathResolved.original_source_joint_itinerary_likelihood`:
verify	Verify G6 frozen sources serially	2026-10-07T17:09:03.0967126Z   [DecidableEq Site]
verify	Verify G6 frozen sources serially	2026-10-07T17:09:03.0968087Z consider restructuring your `variable` declarations so that the variables are not in scope or explicitly omit them:
verify	Verify G6 frozen sources serially	2026-10-07T17:09:03.0969158Z   omit [DecidableEq Site] in theorem ...
verify	Verify G6 frozen sources serially	2026-10-07T17:09:03.0969503Z 
verify	Verify G6 frozen sources serially	2026-10-07T17:09:03.0969903Z Note: This linter can be disabled with `set_option linter.unusedSectionVars false`
verify	Verify G6 frozen sources serially	2026-10-07T17:09:03.0971688Z /home/runner/work/_temp/g6-cloud-build/Imported/G4PathResolvedMeasurement.lean:107:0: warning: automatically included section variable(s) unused in theorem `GProgram.G4.PathResolved.totalNoMerger_pos`:
verify	Verify G6 frozen sources serially	2026-10-07T17:09:03.0973260Z   [DecidableEq Site]
verify	Verify G6 frozen sources serially	2026-10-07T17:09:03.0974112Z consider restructuring your `variable` declarations so that the variables are not in scope or explicitly omit them:
verify	Verify G6 frozen sources serially	2026-10-07T17:09:03.0975088Z   omit [DecidableEq Site] in theorem ...
verify	Verify G6 frozen sources serially	2026-10-07T17:09:03.0975731Z 
verify	Verify G6 frozen sources serially	2026-10-07T17:09:03.0976112Z Note: This linter can be disabled with `set_option linter.unusedSectionVars false`
verify	Verify G6 frozen sources serially	2026-10-07T17:09:03.0978142Z /home/runner/work/_temp/g6-cloud-build/Imported/G4PathResolvedMeasurement.lean:111:0: warning: automatically included section variable(s) unused in theorem `GProgram.G4.PathResolved.totalNoMerger_lt_one`:
verify	Verify G6 frozen sources serially	2026-10-07T17:09:03.0979695Z   [DecidableEq Site]
verify	Verify G6 frozen sources serially	2026-10-07T17:09:03.0980530Z consider restructuring your `variable` declarations so that the variables are not in scope or explicitly omit them:
verify	Verify G6 frozen sources serially	2026-10-07T17:09:03.0981497Z   omit [DecidableEq Site] in theorem ...
verify	Verify G6 frozen sources serially	2026-10-07T17:09:03.0982076Z 
verify	Verify G6 frozen sources serially	2026-10-07T17:09:03.0982470Z Note: This linter can be disabled with `set_option linter.unusedSectionVars false`
verify	Verify G6 frozen sources serially	2026-10-07T17:09:03.0984406Z /home/runner/work/_temp/g6-cloud-build/Imported/G4PathResolvedMeasurement.lean:199:0: warning: automatically included section variable(s) unused in theorem `GProgram.G4.PathResolved.complete_original_parent_readout_injective`:
verify	Verify G6 frozen sources serially	2026-10-07T17:09:03.0986094Z   [Fintype Site]
verify	Verify G6 frozen sources serially	2026-10-07T17:09:03.0986450Z   [DecidableEq Site]
verify	Verify G6 frozen sources serially	2026-10-07T17:09:03.1017402Z   [DecidableEq E]
verify	Verify G6 frozen sources serially	2026-10-07T17:09:03.1018235Z consider restructuring your `variable` declarations so that the variables are not in scope or explicitly omit them:
verify	Verify G6 frozen sources serially	2026-10-07T17:09:03.1019773Z   omit [Fintype Site] [DecidableEq Site] [DecidableEq E] in theorem ...
verify	Verify G6 frozen sources serially	2026-10-07T17:09:03.1020280Z 
verify	Verify G6 frozen sources serially	2026-10-07T17:09:03.1020680Z Note: This linter can be disabled with `set_option linter.unusedSectionVars false`
verify	Verify G6 frozen sources serially	2026-10-07T17:09:03.1022449Z /home/runner/work/_temp/g6-cloud-build/Imported/G4PathResolvedMeasurement.lean:296:0: warning: automatically included section variable(s) unused in theorem `GProgram.G4.PathResolved.cycle_term_factor`:
verify	Verify G6 frozen sources serially	2026-10-07T17:09:03.1023959Z   [DecidableEq Site]
verify	Verify G6 frozen sources serially	2026-10-07T17:09:03.1024776Z consider restructuring your `variable` declarations so that the variables are not in scope or explicitly omit them:
verify	Verify G6 frozen sources serially	2026-10-07T17:09:03.1025721Z   omit [DecidableEq Site] in theorem ...
verify	Verify G6 frozen sources serially	2026-10-07T17:09:03.1026063Z 
verify	Verify G6 frozen sources serially	2026-10-07T17:09:03.1026440Z Note: This linter can be disabled with `set_option linter.unusedSectionVars false`
verify	Verify G6 frozen sources serially	2026-10-07T17:09:03.1053718Z /home/runner/work/_temp/g6-cloud-build/Imported/G4PathResolvedMeasurement.lean:387:0: warning: automatically included section variable(s) unused in theorem `GProgram.G4.PathResolved.ordinaryScalar_pos`:
verify	Verify G6 frozen sources serially	2026-10-07T17:09:03.1055323Z   [DecidableEq Site]
verify	Verify G6 frozen sources serially	2026-10-07T17:09:03.1056148Z consider restructuring your `variable` declarations so that the variables are not in scope or explicitly omit them:
verify	Verify G6 frozen sources serially	2026-10-07T17:09:03.1057381Z   omit [DecidableEq Site] in theorem ...
verify	Verify G6 frozen sources serially	2026-10-07T17:09:03.1057743Z 
verify	Verify G6 frozen sources serially	2026-10-07T17:09:03.1058213Z Note: This linter can be disabled with `set_option linter.unusedSectionVars false`
verify	Verify G6 frozen sources serially	2026-10-07T17:09:03.1060063Z /home/runner/work/_temp/g6-cloud-build/Imported/G4PathResolvedMeasurement.lean:391:0: warning: automatically included section variable(s) unused in theorem `GProgram.G4.PathResolved.totalNoMerger_factorization`:
verify	Verify G6 frozen sources serially	2026-10-07T17:09:03.1061743Z   [DecidableEq Site]
verify	Verify G6 frozen sources serially	2026-10-07T17:09:03.1062612Z consider restructuring your `variable` declarations so that the variables are not in scope or explicitly omit them:
verify	Verify G6 frozen sources serially	2026-10-07T17:09:03.1063625Z   omit [DecidableEq Site] in theorem ...
verify	Verify G6 frozen sources serially	2026-10-07T17:09:03.1063972Z 
verify	Verify G6 frozen sources serially	2026-10-07T17:09:03.1064366Z Note: This linter can be disabled with `set_option linter.unusedSectionVars false`
verify	Verify G6 frozen sources serially	2026-10-07T17:09:03.1065499Z /home/runner/work/_temp/g6-cloud-build/Imported/G4PathResolvedMeasurement.lean:486:4: warning: Try this: 
verify	Verify G6 frozen sources serially	2026-10-07T17:09:03.1067938Z   letI̵
verify	Verify G6 frozen sources serially	2026-10-07T17:09:03.1073099Z 
verify	Verify G6 frozen sources serially	2026-10-07T17:09:03.1073551Z The goal is a proposition, so `let` is preferred over `letI`.
verify	Verify G6 frozen sources serially	2026-10-07T17:09:03.1074401Z The difference between `let` and `letI` is that `letI` inlines the value.
verify	Verify G6 frozen sources serially	2026-10-07T17:09:03.1075198Z But this is not relevant for proofs because of proof irrelevance.
verify	Verify G6 frozen sources serially	2026-10-07T17:09:03.1075677Z 
verify	Verify G6 frozen sources serially	2026-10-07T17:09:03.1076062Z Note: This linter can be disabled with `set_option linter.style.haveILetI false`
verify	Verify G6 frozen sources serially	2026-10-07T17:09:03.1077942Z /home/runner/work/_temp/g6-cloud-build/Imported/G4PathResolvedMeasurement.lean:492:4: warning: Try this: 
verify	Verify G6 frozen sources serially	2026-10-07T17:09:03.1078966Z   letI̵
verify	Verify G6 frozen sources serially	2026-10-07T17:09:03.1079143Z 
verify	Verify G6 frozen sources serially	2026-10-07T17:09:03.1079421Z The goal is a proposition, so `let` is preferred over `letI`.
verify	Verify G6 frozen sources serially	2026-10-07T17:09:03.1080177Z The difference between `let` and `letI` is that `letI` inlines the value.
verify	Verify G6 frozen sources serially	2026-10-07T17:09:03.1080989Z But this is not relevant for proofs because of proof irrelevance.
verify	Verify G6 frozen sources serially	2026-10-07T17:09:03.1081475Z 
verify	Verify G6 frozen sources serially	2026-10-07T17:09:03.1081862Z Note: This linter can be disabled with `set_option linter.style.haveILetI false`
verify	Verify G6 frozen sources serially	2026-10-07T17:09:03.1083240Z 'GProgram.G4.PathResolved.original_all_input_arm_clock_likelihood' depends on axioms: [propext,
verify	Verify G6 frozen sources serially	2026-10-07T17:09:03.1084080Z  Classical.choice,
verify	Verify G6 frozen sources serially	2026-10-07T17:09:03.1084426Z  Quot.sound]
verify	Verify G6 frozen sources serially	2026-10-07T17:09:03.1085092Z 'GProgram.G4.PathResolved.original_two_live_root_clock_branch' depends on axioms: [propext,
verify	Verify G6 frozen sources serially	2026-10-07T17:09:03.1085906Z  Classical.choice,
verify	Verify G6 frozen sources serially	2026-10-07T17:09:03.1086252Z  Quot.sound]
verify	Verify G6 frozen sources serially	2026-10-07T17:09:03.1087297Z 'GProgram.G4.PathResolved.joint_record_cons_recursion' depends on axioms: [propext, Classical.choice, Quot.sound]
verify	Verify G6 frozen sources serially	2026-10-07T17:09:03.1088693Z 'GProgram.G4.PathResolved.failure_cons_recursion' depends on axioms: [propext, Classical.choice, Quot.sound]
verify	Verify G6 frozen sources serially	2026-10-07T17:09:03.1090140Z 'GProgram.G4.PathResolved.path_resolved_ordinary_detection' depends on axioms: [propext, Classical.choice, Quot.sound]
verify	Verify G6 frozen sources serially	2026-10-07T17:09:03.1091482Z 'GProgram.G4.PathResolved.normalized_PMF_data_C4_reconstruction' depends on axioms: [propext,
verify	Verify G6 frozen sources serially	2026-10-07T17:09:03.1092297Z  Classical.choice,
verify	Verify G6 frozen sources serially	2026-10-07T17:09:03.1092665Z  Quot.sound]
verify	Verify G6 frozen sources serially	2026-10-07T17:09:03.1093482Z 'GProgram.G4.PathResolved.sourceC4_strict_of_genuine_bigon' depends on axioms: [propext, Classical.choice, Quot.sound]
verify	Verify G6 frozen sources serially	2026-10-07T17:09:03.1094896Z 'GProgram.G4.PathResolved.ordinary_no_bigon_scalar' depends on axioms: [propext, Classical.choice, Quot.sound]
verify	Verify G6 frozen sources serially	2026-10-07T17:09:03.1096311Z 'GProgram.G4.PathResolved.sourceC4_word_factorization' depends on axioms: [propext, Classical.choice, Quot.sound]
verify	Verify G6 frozen sources serially	2026-10-07T17:09:03.1098285Z 'GProgram.G4.PathResolved.positive_bigon_C4_strict' depends on axioms: [propext, Classical.choice, Quot.sound]
verify	Verify G6 frozen sources serially	2026-10-07T17:09:03.1099711Z 'GProgram.G4.PathResolved.sourcePairPMF_joint_record' depends on axioms: [propext, Classical.choice, Quot.sound]
verify	Verify G6 frozen sources serially	2026-10-07T17:09:03.1101140Z 'GProgram.G4.PathResolved.all_input_edge_clock_survival' depends on axioms: [propext, Classical.choice, Quot.sound]
verify	Verify G6 frozen sources serially	2026-10-07T17:09:03.1102575Z 'GProgram.G4.PathResolved.observed_mass_cons_recursion' depends on axioms: [propext, Classical.choice, Quot.sound]
verify	Verify G6 frozen sources serially	2026-10-07T17:09:03.1103943Z 'GProgram.G4.PathResolved.complete_original_parent_readout_injective' depends on axioms: [propext,
verify	Verify G6 frozen sources serially	2026-10-07T17:09:03.1104821Z  Classical.choice,
verify	Verify G6 frozen sources serially	2026-10-07T17:09:03.1105191Z  Quot.sound]
verify	Verify G6 frozen sources serially	2026-10-07T17:09:03.1105880Z 'GProgram.G4.PathResolved.original_source_joint_itinerary_likelihood' depends on axioms: [propext,
verify	Verify G6 frozen sources serially	2026-10-07T17:09:03.1107040Z  Classical.choice,
verify	Verify G6 frozen sources serially	2026-10-07T17:09:03.1107391Z  Quot.sound]
verify	Verify G6 frozen sources serially	2026-10-07T17:09:03.1108195Z 'GProgram.G4.PathResolved.complete_joint_no_merger_mass' depends on axioms: [propext, Classical.choice, Quot.sound]
verify	Verify G6 frozen sources serially	2026-10-07T17:09:03.1109680Z 'GProgram.G4.PathResolved.reconstructed_kernel_eq_original' depends on axioms: [propext, Classical.choice, Quot.sound]
verify	Verify G6 frozen sources serially	2026-10-07T17:09:03.1111157Z 'GProgram.G4.PathResolved.path_resolved_C4_reconstruction' depends on axioms: [propext, Classical.choice, Quot.sound]
verify	Verify G6 frozen sources serially	2026-10-07T17:09:03.1114403Z G6_RECEIPT {"argv": ["lake", "env", "lean", "--trust=0", "-j1", "-M4096", "-o", "/home/runner/work/_temp/g6-cloud-build/.lake/build/lib/lean/G4PathResolvedMeasurement.olean", "/home/runner/work/_temp/g6-cloud-build/Imported/G4PathResolvedMeasurement.lean"], "start": "2026-10-07T17:08:38.072387+00:00", "end": "2026-10-07T17:09:03.095625+00:00", "exit": 0, "output_sha256": "2ac48a7c4227c18065f922d1ca6d474e8bb595fba3ff63240a53f8d7e568407d"}
verify	Verify G6 frozen sources serially	2026-10-07T17:09:03.1119568Z G6_COMMAND {"argv": ["lake", "env", "lean", "--trust=0", "-j1", "-M4096", "-o", "/home/runner/work/_temp/g6-cloud-build/.lake/build/lib/lean/UnifiedLean/Source/NativeParentRouting.olean", "/home/runner/work/_temp/g6-cloud-build/UnifiedLean/Source/NativeParentRouting.lean"], "cwd": "/home/runner/work/_temp/g6-cloud-build", "start": "2026-10-07T17:09:03.096058+00:00"}
verify	Verify G6 frozen sources serially	2026-10-07T17:09:06.6870224Z /home/runner/work/_temp/g6-cloud-build/UnifiedLean/Source/NativeParentRouting.lean:30:0: warning: automatically included section variable(s) unused in theorem `UnifiedLean.Source.NativeParentRouting.original_incoming_exists`:
verify	Verify G6 frozen sources serially	2026-10-07T17:09:06.6872516Z   [DecidableEq E]
verify	Verify G6 frozen sources serially	2026-10-07T17:09:06.6873432Z consider restructuring your `variable` declarations so that the variables are not in scope or explicitly omit them:
verify	Verify G6 frozen sources serially	2026-10-07T17:09:06.6874466Z   omit [DecidableEq E] in theorem ...
verify	Verify G6 frozen sources serially	2026-10-07T17:09:06.6874802Z 
verify	Verify G6 frozen sources serially	2026-10-07T17:09:06.6875217Z Note: This linter can be disabled with `set_option linter.unusedSectionVars false`
verify	Verify G6 frozen sources serially	2026-10-07T17:09:06.6877021Z /home/runner/work/_temp/g6-cloud-build/UnifiedLean/Source/NativeParentRouting.lean:65:0: warning: automatically included section variable(s) unused in theorem `UnifiedLean.Source.NativeParentRouting.registry_parent_target`:
verify	Verify G6 frozen sources serially	2026-10-07T17:09:06.6878189Z   [DecidableEq E]
verify	Verify G6 frozen sources serially	2026-10-07T17:09:06.6878752Z consider restructuring your `variable` declarations so that the variables are not in scope or explicitly omit them:
verify	Verify G6 frozen sources serially	2026-10-07T17:09:06.6879412Z   omit [DecidableEq E] in theorem ...
verify	Verify G6 frozen sources serially	2026-10-07T17:09:06.6879633Z 
verify	Verify G6 frozen sources serially	2026-10-07T17:09:06.6879899Z Note: This linter can be disabled with `set_option linter.unusedSectionVars false`
verify	Verify G6 frozen sources serially	2026-10-07T17:09:06.6880851Z /home/runner/work/_temp/g6-cloud-build/UnifiedLean/Source/NativeParentRouting.lean:102:4: warning: Try `simp at hm` instead of `simpa using hm`
verify	Verify G6 frozen sources serially	2026-10-07T17:09:06.6881532Z 
verify	Verify G6 frozen sources serially	2026-10-07T17:09:06.6881793Z Note: This linter can be disabled with `set_option linter.unnecessarySimpa false`
verify	Verify G6 frozen sources serially	2026-10-07T17:09:06.6883133Z /home/runner/work/_temp/g6-cloud-build/UnifiedLean/Source/NativeParentRouting.lean:87:0: warning: automatically included section variable(s) unused in theorem `UnifiedLean.Source.NativeParentRouting.olderRank_edge_decreases`:
verify	Verify G6 frozen sources serially	2026-10-07T17:09:06.6884308Z   [DecidableEq E]
verify	Verify G6 frozen sources serially	2026-10-07T17:09:06.6884870Z consider restructuring your `variable` declarations so that the variables are not in scope or explicitly omit them:
verify	Verify G6 frozen sources serially	2026-10-07T17:09:06.6885528Z   omit [DecidableEq E] in theorem ...
verify	Verify G6 frozen sources serially	2026-10-07T17:09:06.6885743Z 
verify	Verify G6 frozen sources serially	2026-10-07T17:09:06.6885970Z Note: This linter can be disabled with `set_option linter.unusedSectionVars false`
verify	Verify G6 frozen sources serially	2026-10-07T17:09:06.6887567Z /home/runner/work/_temp/g6-cloud-build/UnifiedLean/Source/NativeParentRouting.lean:109:0: warning: automatically included section variable(s) unused in theorem `UnifiedLean.Source.NativeParentRouting.selector_edge_respects`:
verify	Verify G6 frozen sources serially	2026-10-07T17:09:06.6889128Z   [DecidableEq E]
verify	Verify G6 frozen sources serially	2026-10-07T17:09:06.6889865Z consider restructuring your `variable` declarations so that the variables are not in scope or explicitly omit them:
verify	Verify G6 frozen sources serially	2026-10-07T17:09:06.6890733Z   omit [DecidableEq E] in theorem ...
verify	Verify G6 frozen sources serially	2026-10-07T17:09:06.6891010Z 
verify	Verify G6 frozen sources serially	2026-10-07T17:09:06.6891380Z Note: This linter can be disabled with `set_option linter.unusedSectionVars false`
verify	Verify G6 frozen sources serially	2026-10-07T17:09:06.6892413Z 'UnifiedLean.Source.NativeParentRouting.original_incoming_exists' depends on axioms: [propext,
verify	Verify G6 frozen sources serially	2026-10-07T17:09:06.6893211Z  Classical.choice,
verify	Verify G6 frozen sources serially	2026-10-07T17:09:06.6893527Z  Quot.sound]
verify	Verify G6 frozen sources serially	2026-10-07T17:09:06.6894239Z 'UnifiedLean.Source.NativeParentRouting.original_parent_ordering_exists' depends on axioms: [propext,
verify	Verify G6 frozen sources serially	2026-10-07T17:09:06.6895082Z  Classical.choice,
verify	Verify G6 frozen sources serially	2026-10-07T17:09:06.6895401Z  Quot.sound]
verify	Verify G6 frozen sources serially	2026-10-07T17:09:06.6896040Z 'UnifiedLean.Source.NativeParentRouting.registry_parent_target' depends on axioms: [propext,
verify	Verify G6 frozen sources serially	2026-10-07T17:09:06.6896999Z  Classical.choice,
verify	Verify G6 frozen sources serially	2026-10-07T17:09:06.6897299Z  Quot.sound]
verify	Verify G6 frozen sources serially	2026-10-07T17:09:06.6897985Z 'UnifiedLean.Source.NativeParentRouting.olderRank_edge_decreases' depends on axioms: [propext,
verify	Verify G6 frozen sources serially	2026-10-07T17:09:06.6899097Z  Classical.choice,
verify	Verify G6 frozen sources serially	2026-10-07T17:09:06.6899409Z  Quot.sound]
verify	Verify G6 frozen sources serially	2026-10-07T17:09:06.6900152Z 'UnifiedLean.Source.NativeParentRouting.compiled_original_parent_consistency' depends on axioms: [propext,
verify	Verify G6 frozen sources serially	2026-10-07T17:09:06.6901025Z  Classical.choice,
verify	Verify G6 frozen sources serially	2026-10-07T17:09:06.6901338Z  Quot.sound]
verify	Verify G6 frozen sources serially	2026-10-07T17:09:06.6902030Z 'UnifiedLean.Source.NativeParentRouting.selected_original_path_exists' depends on axioms: [propext,
verify	Verify G6 frozen sources serially	2026-10-07T17:09:06.6902858Z  Classical.choice,
verify	Verify G6 frozen sources serially	2026-10-07T17:09:06.6903164Z  Quot.sound]
verify	Verify G6 frozen sources serially	2026-10-07T17:09:06.6903842Z 'UnifiedLean.Source.NativeParentRouting.compiledRoute_source_spec' depends on axioms: [propext,
verify	Verify G6 frozen sources serially	2026-10-07T17:09:06.6904815Z  Classical.choice,
verify	Verify G6 frozen sources serially	2026-10-07T17:09:06.6905115Z  Quot.sound]
verify	Verify G6 frozen sources serially	2026-10-07T17:09:06.6907744Z G6_RECEIPT {"argv": ["lake", "env", "lean", "--trust=0", "-j1", "-M4096", "-o", "/home/runner/work/_temp/g6-cloud-build/.lake/build/lib/lean/UnifiedLean/Source/NativeParentRouting.olean", "/home/runner/work/_temp/g6-cloud-build/UnifiedLean/Source/NativeParentRouting.lean"], "start": "2026-10-07T17:09:03.096058+00:00", "end": "2026-10-07T17:09:06.686753+00:00", "exit": 0, "output_sha256": "a5049abb6c9d63bac6c059a4061d30c30a1bd669d4061436004ea708a344374b"}
verify	Verify G6 frozen sources serially	2026-10-07T17:09:06.6912488Z G6_COMMAND {"argv": ["lake", "env", "lean", "--trust=0", "-j1", "-M4096", "-o", "/home/runner/work/_temp/g6-cloud-build/.lake/build/lib/lean/UnifiedLean/Source/NativePairClockLaw.olean", "/home/runner/work/_temp/g6-cloud-build/UnifiedLean/Source/NativePairClockLaw.lean"], "cwd": "/home/runner/work/_temp/g6-cloud-build", "start": "2026-10-07T17:09:06.687186+00:00"}
verify	Verify G6 frozen sources serially	2026-10-07T17:09:10.2387692Z /home/runner/work/_temp/g6-cloud-build/UnifiedLean/Source/NativePairClockLaw.lean:36:0: warning: automatically included section variable(s) unused in theorem `UnifiedLean.Source.NativePairClockLaw.pairRate_pos`:
verify	Verify G6 frozen sources serially	2026-10-07T17:09:10.2389103Z   [Fintype E]
verify	Verify G6 frozen sources serially	2026-10-07T17:09:10.2389359Z   [DecidableEq E]
verify	Verify G6 frozen sources serially	2026-10-07T17:09:10.2389982Z consider restructuring your `variable` declarations so that the variables are not in scope or explicitly omit them:
verify	Verify G6 frozen sources serially	2026-10-07T17:09:10.2391009Z   omit [Fintype E] [DecidableEq E] in theorem ...
verify	Verify G6 frozen sources serially	2026-10-07T17:09:10.2391447Z 
verify	Verify G6 frozen sources serially	2026-10-07T17:09:10.2391795Z Note: This linter can be disabled with `set_option linter.unusedSectionVars false`
verify	Verify G6 frozen sources serially	2026-10-07T17:09:10.2392675Z /home/runner/work/_temp/g6-cloud-build/UnifiedLean/Source/NativePairClockLaw.lean:77:2: warning: Try this: 
verify	Verify G6 frozen sources serially	2026-10-07T17:09:10.2393570Z   letI̵
verify	Verify G6 frozen sources serially	2026-10-07T17:09:10.2393712Z 
verify	Verify G6 frozen sources serially	2026-10-07T17:09:10.2393920Z The goal is a proposition, so `let` is preferred over `letI`.
verify	Verify G6 frozen sources serially	2026-10-07T17:09:10.2394689Z The difference between `let` and `letI` is that `letI` inlines the value.
verify	Verify G6 frozen sources serially	2026-10-07T17:09:10.2395587Z But this is not relevant for proofs because of proof irrelevance.
verify	Verify G6 frozen sources serially	2026-10-07T17:09:10.2395956Z 
verify	Verify G6 frozen sources serially	2026-10-07T17:09:10.2396249Z Note: This linter can be disabled with `set_option linter.style.haveILetI false`
verify	Verify G6 frozen sources serially	2026-10-07T17:09:10.2397389Z /home/runner/work/_temp/g6-cloud-build/UnifiedLean/Source/NativePairClockLaw.lean:89:2: warning: Try this: 
verify	Verify G6 frozen sources serially	2026-10-07T17:09:10.2398162Z   letI̵
verify	Verify G6 frozen sources serially	2026-10-07T17:09:10.2398295Z 
verify	Verify G6 frozen sources serially	2026-10-07T17:09:10.2398508Z The goal is a proposition, so `let` is preferred over `letI`.
verify	Verify G6 frozen sources serially	2026-10-07T17:09:10.2399096Z The difference between `let` and `letI` is that `letI` inlines the value.
verify	Verify G6 frozen sources serially	2026-10-07T17:09:10.2399695Z But this is not relevant for proofs because of proof irrelevance.
verify	Verify G6 frozen sources serially	2026-10-07T17:09:10.2400067Z 
verify	Verify G6 frozen sources serially	2026-10-07T17:09:10.2400360Z Note: This linter can be disabled with `set_option linter.style.haveILetI false`
verify	Verify G6 frozen sources serially	2026-10-07T17:09:10.2401268Z 'UnifiedLean.Source.NativePairClockLaw.pairRate_pos' depends on axioms: [propext, Classical.choice, Quot.sound]
verify	Verify G6 frozen sources serially	2026-10-07T17:09:10.2402609Z 'UnifiedLean.Source.NativePairClockLaw.noFirstMerger_iff' depends on axioms: [propext, Classical.choice, Quot.sound]
verify	Verify G6 frozen sources serially	2026-10-07T17:09:10.2403381Z 'UnifiedLean.Source.NativePairClockLaw.positive_exp_clock_tail' depends on axioms: [propext,
verify	Verify G6 frozen sources serially	2026-10-07T17:09:10.2403845Z  Classical.choice,
verify	Verify G6 frozen sources serially	2026-10-07T17:09:10.2404045Z  Quot.sound]
verify	Verify G6 frozen sources serially	2026-10-07T17:09:10.2404760Z 'UnifiedLean.Source.NativePairClockLaw.original_clock_no_merger_probability' depends on axioms: [propext,
verify	Verify G6 frozen sources serially	2026-10-07T17:09:10.2405292Z  Classical.choice,
verify	Verify G6 frozen sources serially	2026-10-07T17:09:10.2405485Z  Quot.sound]
verify	Verify G6 frozen sources serially	2026-10-07T17:09:10.2405891Z 'UnifiedLean.Source.NativePairClockLaw.native_hazard_decomposition' depends on axioms: [propext,
verify	Verify G6 frozen sources serially	2026-10-07T17:09:10.2406362Z  Classical.choice,
verify	Verify G6 frozen sources serially	2026-10-07T17:09:10.2406549Z  Quot.sound]
verify	Verify G6 frozen sources serially	2026-10-07T17:09:10.2407240Z 'UnifiedLean.Source.NativePairClockLaw.original_clock_survival_eq_routeSurvival' depends on axioms: [propext,
verify	Verify G6 frozen sources serially	2026-10-07T17:09:10.2407760Z  Classical.choice,
verify	Verify G6 frozen sources serially	2026-10-07T17:09:10.2408120Z  Quot.sound]
verify	Verify G6 frozen sources serially	2026-10-07T17:09:10.2408518Z 'UnifiedLean.Source.NativePairClockLaw.below_root_original_clock_law' depends on axioms: [propext,
verify	Verify G6 frozen sources serially	2026-10-07T17:09:10.2409006Z  Classical.choice,
verify	Verify G6 frozen sources serially	2026-10-07T17:09:10.2409199Z  Quot.sound]
verify	Verify G6 frozen sources serially	2026-10-07T17:09:10.2409621Z 'UnifiedLean.Source.NativePairClockLaw.compiled_original_pair_probability' depends on axioms: [propext,
verify	Verify G6 frozen sources serially	2026-10-07T17:09:10.2410123Z  Classical.choice,
verify	Verify G6 frozen sources serially	2026-10-07T17:09:10.2410308Z  Quot.sound]
verify	Verify G6 frozen sources serially	2026-10-07T17:09:10.2411791Z G6_RECEIPT {"argv": ["lake", "env", "lean", "--trust=0", "-j1", "-M4096", "-o", "/home/runner/work/_temp/g6-cloud-build/.lake/build/lib/lean/UnifiedLean/Source/NativePairClockLaw.olean", "/home/runner/work/_temp/g6-cloud-build/UnifiedLean/Source/NativePairClockLaw.lean"], "start": "2026-10-07T17:09:06.687186+00:00", "end": "2026-10-07T17:09:10.238466+00:00", "exit": 0, "output_sha256": "25def2788a1b75618f86cfa04e06b2140ecdadfcfe737a8ce3748f9a4be1906b"}
verify	Verify G6 frozen sources serially	2026-10-07T17:09:10.2414392Z G6_COMMAND {"argv": ["lake", "env", "lean", "--trust=0", "-j1", "-M4096", "-o", "/home/runner/work/_temp/g6-cloud-build/.lake/build/lib/lean/UnifiedLean/Source/UniformizedSourceStep.olean", "/home/runner/work/_temp/g6-cloud-build/UnifiedLean/Source/UniformizedSourceStep.lean"], "cwd": "/home/runner/work/_temp/g6-cloud-build", "start": "2026-10-07T17:09:10.238980+00:00"}
verify	Verify G6 frozen sources serially	2026-10-07T17:09:13.8995722Z /home/runner/work/_temp/g6-cloud-build/UnifiedLean/Source/UniformizedSourceStep.lean:37:0: warning: automatically included section variable(s) unused in theorem `UnifiedLean.Source.UniformizedSourceStep.originalPlace_not_node`:
verify	Verify G6 frozen sources serially	2026-10-07T17:09:13.8997921Z   [DecidableEq E]
verify	Verify G6 frozen sources serially	2026-10-07T17:09:13.8998746Z consider restructuring your `variable` declarations so that the variables are not in scope or explicitly omit them:
verify	Verify G6 frozen sources serially	2026-10-07T17:09:13.8999904Z   omit [DecidableEq E] in theorem ...
verify	Verify G6 frozen sources serially	2026-10-07T17:09:13.9000208Z 
verify	Verify G6 frozen sources serially	2026-10-07T17:09:13.9000605Z Note: This linter can be disabled with `set_option linter.unusedSectionVars false`
verify	Verify G6 frozen sources serially	2026-10-07T17:09:13.9002576Z /home/runner/work/_temp/g6-cloud-build/UnifiedLean/Source/UniformizedSourceStep.lean:60:0: warning: automatically included section variable(s) unused in theorem `UnifiedLean.Source.UniformizedSourceStep.globalRateBound_positive`:
verify	Verify G6 frozen sources serially	2026-10-07T17:09:13.9004303Z   [DecidableEq Copy]
verify	Verify G6 frozen sources serially	2026-10-07T17:09:13.9005113Z consider restructuring your `variable` declarations so that the variables are not in scope or explicitly omit them:
verify	Verify G6 frozen sources serially	2026-10-07T17:09:13.9006108Z   omit [DecidableEq Copy] in theorem ...
verify	Verify G6 frozen sources serially	2026-10-07T17:09:13.9006465Z 
verify	Verify G6 frozen sources serially	2026-10-07T17:09:13.9007150Z Note: This linter can be disabled with `set_option linter.unusedSectionVars false`
verify	Verify G6 frozen sources serially	2026-10-07T17:09:13.9009152Z /home/runner/work/_temp/g6-cloud-build/UnifiedLean/Source/UniformizedSourceStep.lean:67:0: warning: automatically included section variable(s) unused in theorem `UnifiedLean.Source.UniformizedSourceStep.totalRate_nonnegative`:
verify	Verify G6 frozen sources serially	2026-10-07T17:09:13.9010665Z   [Fintype Copy]
verify	Verify G6 frozen sources serially	2026-10-07T17:09:13.9011146Z consider restructuring your `variable` declarations so that the variables are not in scope or explicitly omit them:
verify	Verify G6 frozen sources serially	2026-10-07T17:09:13.9011687Z   omit [Fintype Copy] in theorem ...
verify	Verify G6 frozen sources serially	2026-10-07T17:09:13.9011969Z 
verify	Verify G6 frozen sources serially	2026-10-07T17:09:13.9012366Z Note: This linter can be disabled with `set_option linter.unusedSectionVars false`
verify	Verify G6 frozen sources serially	2026-10-07T17:09:13.9013203Z 'UnifiedLean.Source.UniformizedSourceStep.totalRate_le_globalRateBound' depends on axioms: [propext,
verify	Verify G6 frozen sources serially	2026-10-07T17:09:13.9013986Z  Classical.choice,
verify	Verify G6 frozen sources serially	2026-10-07T17:09:13.9014192Z  Quot.sound]
verify	Verify G6 frozen sources serially	2026-10-07T17:09:13.9014609Z 'UnifiedLean.Source.UniformizedSourceStep.choiceMass_nonnegative' depends on axioms: [propext,
verify	Verify G6 frozen sources serially	2026-10-07T17:09:13.9015085Z  Classical.choice,
verify	Verify G6 frozen sources serially	2026-10-07T17:09:13.9015279Z  Quot.sound]
verify	Verify G6 frozen sources serially	2026-10-07T17:09:13.9015673Z 'UnifiedLean.Source.UniformizedSourceStep.choiceMass_normalized' depends on axioms: [propext,
verify	Verify G6 frozen sources serially	2026-10-07T17:09:13.9016136Z  Classical.choice,
verify	Verify G6 frozen sources serially	2026-10-07T17:09:13.9016323Z  Quot.sound]
verify	Verify G6 frozen sources serially	2026-10-07T17:09:13.9017176Z 'UnifiedLean.Source.UniformizedSourceStep.sourceStep' depends on axioms: [propext, Classical.choice, Quot.sound]
verify	Verify G6 frozen sources serially	2026-10-07T17:09:13.9019255Z G6_RECEIPT {"argv": ["lake", "env", "lean", "--trust=0", "-j1", "-M4096", "-o", "/home/runner/work/_temp/g6-cloud-build/.lake/build/lib/lean/UnifiedLean/Source/UniformizedSourceStep.olean", "/home/runner/work/_temp/g6-cloud-build/UnifiedLean/Source/UniformizedSourceStep.lean"], "start": "2026-10-07T17:09:10.238980+00:00", "end": "2026-10-07T17:09:13.899290+00:00", "exit": 0, "output_sha256": "346f88f652e74ad882b359cf0a08f314efd22f89897313d6c88335edf2b1f59a"}
verify	Verify G6 frozen sources serially	2026-10-07T17:09:13.9021959Z G6_COMMAND {"argv": ["lake", "env", "lean", "--trust=0", "-j1", "-M4096", "-o", "/home/runner/work/_temp/g6-cloud-build/.lake/build/lib/lean/UnifiedLean/Source/SourceForestGeneratorIntertwining.olean", "/home/runner/work/_temp/g6-cloud-build/UnifiedLean/Source/SourceForestGeneratorIntertwining.lean"], "cwd": "/home/runner/work/_temp/g6-cloud-build", "start": "2026-10-07T17:09:13.900738+00:00"}
verify	Verify G6 frozen sources serially	2026-10-07T17:09:16.1327421Z /home/runner/work/_temp/g6-cloud-build/UnifiedLean/Source/SourceForestGeneratorIntertwining.lean:79:22: warning: This simp argument is unused:
verify	Verify G6 frozen sources serially	2026-10-07T17:09:16.1328423Z   hb
verify	Verify G6 frozen sources serially	2026-10-07T17:09:16.1328552Z 
verify	Verify G6 frozen sources serially	2026-10-07T17:09:16.1328680Z Hint: Omit it from the simp argument list.
verify	Verify G6 frozen sources serially	2026-10-07T17:09:16.1329046Z   [apply] simp [merge, ha, Genealogy.prune]
verify	Verify G6 frozen sources serially	2026-10-07T17:09:16.1329292Z 
verify	Verify G6 frozen sources serially	2026-10-07T17:09:16.1329553Z Note: This linter can be disabled with `set_option linter.unusedSimpArgs false`
verify	Verify G6 frozen sources serially	2026-10-07T17:09:16.1331493Z /home/runner/work/_temp/g6-cloud-build/UnifiedLean/Source/SourceForestGeneratorIntertwining.lean:110:0: warning: automatically included section variable(s) unused in theorem `UnifiedLean.Source.SourceForestGeneratorIntertwining.visible_offDiag_subset`:
verify	Verify G6 frozen sources serially	2026-10-07T17:09:16.1332865Z   [DecidableEq V]
verify	Verify G6 frozen sources serially	2026-10-07T17:09:16.1333107Z   [DecidableEq E]
verify	Verify G6 frozen sources serially	2026-10-07T17:09:16.1333341Z   [Fintype V]
verify	Verify G6 frozen sources serially	2026-10-07T17:09:16.1333561Z   [Fintype E]
verify	Verify G6 frozen sources serially	2026-10-07T17:09:16.1333782Z   [Fintype Copy]
verify	Verify G6 frozen sources serially	2026-10-07T17:09:16.1334341Z consider restructuring your `variable` declarations so that the variables are not in scope or explicitly omit them:
verify	Verify G6 frozen sources serially	2026-10-07T17:09:16.1335191Z   omit [DecidableEq V] [DecidableEq E] [Fintype V] [Fintype E] [Fintype Copy] in theorem ...
verify	Verify G6 frozen sources serially	2026-10-07T17:09:16.1335621Z 
verify	Verify G6 frozen sources serially	2026-10-07T17:09:16.1335893Z Note: This linter can be disabled with `set_option linter.unusedSectionVars false`
verify	Verify G6 frozen sources serially	2026-10-07T17:09:16.1358487Z 'UnifiedLean.Source.SourceForestGeneratorIntertwining.viewBlockTree_source' depends on axioms: [propext,
verify	Verify G6 frozen sources serially	2026-10-07T17:09:16.1359103Z  Classical.choice,
verify	Verify G6 frozen sources serially	2026-10-07T17:09:16.1359310Z  Quot.sound]
verify	Verify G6 frozen sources serially	2026-10-07T17:09:16.1359799Z 'UnifiedLean.Source.SourceForestGeneratorIntertwining.selectedView_merge_visible' depends on axioms: [propext,
verify	Verify G6 frozen sources serially	2026-10-07T17:09:16.1360373Z  Classical.choice,
verify	Verify G6 frozen sources serially	2026-10-07T17:09:16.1360568Z  Quot.sound]
verify	Verify G6 frozen sources serially	2026-10-07T17:09:16.1361096Z 'UnifiedLean.Source.SourceForestGeneratorIntertwining.actual_population_generator_intertwining' depends on axioms: [propext,
verify	Verify G6 frozen sources serially	2026-10-07T17:09:16.1361691Z  Classical.choice,
verify	Verify G6 frozen sources serially	2026-10-07T17:09:16.1361877Z  Quot.sound]
verify	Verify G6 frozen sources serially	2026-10-07T17:09:16.1363502Z G6_RECEIPT {"argv": ["lake", "env", "lean", "--trust=0", "-j1", "-M4096", "-o", "/home/runner/work/_temp/g6-cloud-build/.lake/build/lib/lean/UnifiedLean/Source/SourceForestGeneratorIntertwining.olean", "/home/runner/work/_temp/g6-cloud-build/UnifiedLean/Source/SourceForestGeneratorIntertwining.lean"], "start": "2026-10-07T17:09:13.900738+00:00", "end": "2026-10-07T17:09:16.132495+00:00", "exit": 0, "output_sha256": "26dd8be7168fb90f4335deb631222563633f66bcf1422d8f52c022253752102c"}
verify	Verify G6 frozen sources serially	2026-10-07T17:09:16.1366575Z G6_COMMAND {"argv": ["lake", "env", "lean", "--trust=0", "-j1", "-M4096", "-o", "/home/runner/work/_temp/g6-cloud-build/.lake/build/lib/lean/UnifiedLean/Source/SourceForestIntrinsicGenerator.olean", "/home/runner/work/_temp/g6-cloud-build/UnifiedLean/Source/SourceForestIntrinsicGenerator.lean"], "cwd": "/home/runner/work/_temp/g6-cloud-build", "start": "2026-10-07T17:09:16.132914+00:00"}
verify	Verify G6 frozen sources serially	2026-10-07T17:09:18.2069269Z /home/runner/work/_temp/g6-cloud-build/UnifiedLean/Source/SourceForestIntrinsicGenerator.lean:30:0: warning: automatically included section variable(s) unused in theorem `UnifiedLean.Source.SourceForestIntrinsicGenerator.selected_view_block_leaves`:
verify	Verify G6 frozen sources serially	2026-10-07T17:09:18.2072045Z   [DecidableEq V]
verify	Verify G6 frozen sources serially	2026-10-07T17:09:18.2073250Z   [DecidableEq E]
verify	Verify G6 frozen sources serially	2026-10-07T17:09:18.2073681Z   [Fintype V]
verify	Verify G6 frozen sources serially	2026-10-07T17:09:18.2074017Z   [Fintype E]
verify	Verify G6 frozen sources serially	2026-10-07T17:09:18.2074845Z consider restructuring your `variable` declarations so that the variables are not in scope or explicitly omit them:
verify	Verify G6 frozen sources serially	2026-10-07T17:09:18.2075998Z   omit [DecidableEq V] [DecidableEq E] [Fintype V] [Fintype E] in theorem ...
verify	Verify G6 frozen sources serially	2026-10-07T17:09:18.2076542Z 
verify	Verify G6 frozen sources serially	2026-10-07T17:09:18.2077180Z Note: This linter can be disabled with `set_option linter.unusedSectionVars false`
verify	Verify G6 frozen sources serially	2026-10-07T17:09:18.2078494Z 'UnifiedLean.Source.SourceForestIntrinsicGenerator.selected_active_blocks_eq_intrinsic' depends on axioms: [propext,
verify	Verify G6 frozen sources serially	2026-10-07T17:09:18.2079561Z  Classical.choice,
verify	Verify G6 frozen sources serially	2026-10-07T17:09:18.2079920Z  Quot.sound]
verify	Verify G6 frozen sources serially	2026-10-07T17:09:18.2080945Z 'UnifiedLean.Source.SourceForestIntrinsicGenerator.original_population_generator_factors_through_view' depends on axioms: [propext,
verify	Verify G6 frozen sources serially	2026-10-07T17:09:18.2082204Z  Classical.choice,
verify	Verify G6 frozen sources serially	2026-10-07T17:09:18.2082547Z  Quot.sound]
verify	Verify G6 frozen sources serially	2026-10-07T17:09:18.2083448Z 'UnifiedLean.Source.SourceForestIntrinsicGenerator.native_source_generator_intertwining' depends on axioms: [propext,
verify	Verify G6 frozen sources serially	2026-10-07T17:09:18.2084461Z  Classical.choice,
verify	Verify G6 frozen sources serially	2026-10-07T17:09:18.2084799Z  Quot.sound]
verify	Verify G6 frozen sources serially	2026-10-07T17:09:18.2085757Z 'UnifiedLean.Source.SourceForestIntrinsicGenerator.original_source_valid_generator_intertwining' depends on axioms: [propext,
verify	Verify G6 frozen sources serially	2026-10-07T17:09:18.2087035Z  Classical.choice,
verify	Verify G6 frozen sources serially	2026-10-07T17:09:18.2087376Z  Quot.sound]
verify	Verify G6 frozen sources serially	2026-10-07T17:09:18.2090241Z G6_RECEIPT {"argv": ["lake", "env", "lean", "--trust=0", "-j1", "-M4096", "-o", "/home/runner/work/_temp/g6-cloud-build/.lake/build/lib/lean/UnifiedLean/Source/SourceForestIntrinsicGenerator.olean", "/home/runner/work/_temp/g6-cloud-build/UnifiedLean/Source/SourceForestIntrinsicGenerator.lean"], "start": "2026-10-07T17:09:16.132914+00:00", "end": "2026-10-07T17:09:18.204907+00:00", "exit": 0, "output_sha256": "59059ab1195b7248ad6a584a11e8cc5a5340406aa1a81ab080157d89facb1ab6"}
verify	Verify G6 frozen sources serially	2026-10-07T17:09:18.2095165Z G6_COMMAND {"argv": ["lake", "env", "lean", "--trust=0", "-j1", "-M4096", "-o", "/home/runner/work/_temp/g6-cloud-build/.lake/build/lib/lean/UnifiedLean/Source/SourceStepGeneratorBinding.olean", "/home/runner/work/_temp/g6-cloud-build/UnifiedLean/Source/SourceStepGeneratorBinding.lean"], "cwd": "/home/runner/work/_temp/g6-cloud-build", "start": "2026-10-07T17:09:18.205248+00:00"}
verify	Verify G6 frozen sources serially	2026-10-07T17:09:21.9581360Z 'UnifiedLean.Source.SourceStepGeneratorBinding.sourceStep_expectation' depends on axioms: [propext,
verify	Verify G6 frozen sources serially	2026-10-07T17:09:21.9582525Z  Classical.choice,
verify	Verify G6 frozen sources serially	2026-10-07T17:09:21.9582944Z  Quot.sound]
verify	Verify G6 frozen sources serially	2026-10-07T17:09:21.9583851Z 'UnifiedLean.Source.SourceStepGeneratorBinding.merged_destination_selectedView' depends on axioms: [propext,
verify	Verify G6 frozen sources serially	2026-10-07T17:09:21.9584917Z  Classical.choice,
verify	Verify G6 frozen sources serially	2026-10-07T17:09:21.9585314Z  Quot.sound]
verify	Verify G6 frozen sources serially	2026-10-07T17:09:21.9586096Z 'UnifiedLean.Source.SourceStepGeneratorBinding.actual_choice_increment_eq_native_generator' depends on axioms: [propext,
verify	Verify G6 frozen sources serially	2026-10-07T17:09:21.9587133Z  Classical.choice,
verify	Verify G6 frozen sources serially	2026-10-07T17:09:21.9587372Z  Quot.sound]
verify	Verify G6 frozen sources serially	2026-10-07T17:09:21.9588108Z 'UnifiedLean.Source.SourceStepGeneratorBinding.sourceStep_expectation_eq_generator' depends on axioms: [propext,
verify	Verify G6 frozen sources serially	2026-10-07T17:09:21.9589250Z  Classical.choice,
verify	Verify G6 frozen sources serially	2026-10-07T17:09:21.9589504Z  Quot.sound]
verify	Verify G6 frozen sources serially	2026-10-07T17:09:21.9590137Z 'UnifiedLean.Source.SourceStepGeneratorBinding.sourceStep_selected_expectation_intrinsic' depends on axioms: [propext,
verify	Verify G6 frozen sources serially	2026-10-07T17:09:21.9590865Z  Classical.choice,
verify	Verify G6 frozen sources serially	2026-10-07T17:09:21.9591099Z  Quot.sound]
verify	Verify G6 frozen sources serially	2026-10-07T17:09:21.9592956Z G6_RECEIPT {"argv": ["lake", "env", "lean", "--trust=0", "-j1", "-M4096", "-o", "/home/runner/work/_temp/g6-cloud-build/.lake/build/lib/lean/UnifiedLean/Source/SourceStepGeneratorBinding.olean", "/home/runner/work/_temp/g6-cloud-build/UnifiedLean/Source/SourceStepGeneratorBinding.lean"], "start": "2026-10-07T17:09:18.205248+00:00", "end": "2026-10-07T17:09:21.957925+00:00", "exit": 0, "output_sha256": "639930aaac97f91ae5d88fc12a5034a0d45dafc36a7a797bacb1039d2e34fdc5"}
verify	Verify G6 frozen sources serially	2026-10-07T17:09:21.9595987Z G6_COMMAND {"argv": ["lake", "env", "lean", "--trust=0", "-j1", "-M4096", "-o", "/home/runner/work/_temp/g6-cloud-build/.lake/build/lib/lean/UnifiedLean/Source/MatrixProjectionExponential.olean", "/home/runner/work/_temp/g6-cloud-build/UnifiedLean/Source/MatrixProjectionExponential.lean"], "cwd": "/home/runner/work/_temp/g6-cloud-build", "start": "2026-10-07T17:09:21.958333+00:00"}
verify	Verify G6 frozen sources serially	2026-10-07T17:09:25.4073641Z 'UnifiedLean.Source.MatrixProjectionExponential.exp_fromBlocks_diagonal' depends on axioms: [propext,
verify	Verify G6 frozen sources serially	2026-10-07T17:09:25.4074809Z  Classical.choice,
verify	Verify G6 frozen sources serially	2026-10-07T17:09:25.4075181Z  Quot.sound]
verify	Verify G6 frozen sources serially	2026-10-07T17:09:25.4076098Z 'UnifiedLean.Source.MatrixProjectionExponential.rectangular_exp_intertwining' depends on axioms: [propext,
verify	Verify G6 frozen sources serially	2026-10-07T17:09:25.4077563Z  Classical.choice,
verify	Verify G6 frozen sources serially	2026-10-07T17:09:25.4077986Z  Quot.sound]
verify	Verify G6 frozen sources serially	2026-10-07T17:09:25.4078669Z 'UnifiedLean.Source.MatrixProjectionExponential.rectangular_scaled_exp_intertwining' depends on axioms: [propext,
verify	Verify G6 frozen sources serially	2026-10-07T17:09:25.4079452Z  Classical.choice,
verify	Verify G6 frozen sources serially	2026-10-07T17:09:25.4079709Z  Quot.sound]
verify	Verify G6 frozen sources serially	2026-10-07T17:09:25.4080549Z 'UnifiedLean.Source.MatrixProjectionExponential.rectangular_product_intertwining' depends on axioms: [propext,
verify	Verify G6 frozen sources serially	2026-10-07T17:09:25.4081444Z  Classical.choice,
verify	Verify G6 frozen sources serially	2026-10-07T17:09:25.4081702Z  Quot.sound]
verify	Verify G6 frozen sources serially	2026-10-07T17:09:25.4083869Z G6_RECEIPT {"argv": ["lake", "env", "lean", "--trust=0", "-j1", "-M4096", "-o", "/home/runner/work/_temp/g6-cloud-build/.lake/build/lib/lean/UnifiedLean/Source/MatrixProjectionExponential.olean", "/home/runner/work/_temp/g6-cloud-build/UnifiedLean/Source/MatrixProjectionExponential.lean"], "start": "2026-10-07T17:09:21.958333+00:00", "end": "2026-10-07T17:09:25.407160+00:00", "exit": 0, "output_sha256": "47deb8e9780af82ab7be6bebe5133a149bdb1e0b7ec006c299cb898952db9b85"}
verify	Verify G6 frozen sources serially	2026-10-07T17:09:25.4087980Z G6_COMMAND {"argv": ["lake", "env", "lean", "--trust=0", "-j1", "-M4096", "-o", "/home/runner/work/_temp/g6-cloud-build/.lake/build/lib/lean/UnifiedLean/Source/SourceFiniteProjection.olean", "/home/runner/work/_temp/g6-cloud-build/UnifiedLean/Source/SourceFiniteProjection.lean"], "cwd": "/home/runner/work/_temp/g6-cloud-build", "start": "2026-10-07T17:09:25.407531+00:00"}
verify	Verify G6 frozen sources serially	2026-10-07T17:09:29.1232343Z /home/runner/work/_temp/g6-cloud-build/UnifiedLean/Source/SourceFiniteProjection.lean:47:0: warning: automatically included section variable(s) unused in theorem `UnifiedLean.Source.SourceFiniteProjection.representative_view`:
verify	Verify G6 frozen sources serially	2026-10-07T17:09:29.1233681Z   [DecidableEq E]
verify	Verify G6 frozen sources serially	2026-10-07T17:09:29.1233923Z   [Fintype Copy]
verify	Verify G6 frozen sources serially	2026-10-07T17:09:29.1234502Z consider restructuring your `variable` declarations so that the variables are not in scope or explicitly omit them:
verify	Verify G6 frozen sources serially	2026-10-07T17:09:29.1235206Z   omit [DecidableEq E] [Fintype Copy] in theorem ...
verify	Verify G6 frozen sources serially	2026-10-07T17:09:29.1235475Z 
verify	Verify G6 frozen sources serially	2026-10-07T17:09:29.1235771Z Note: This linter can be disabled with `set_option linter.unusedSectionVars false`
verify	Verify G6 frozen sources serially	2026-10-07T17:09:29.1236886Z 'UnifiedLean.Source.SourceFiniteProjection.map_probability_real' depends on axioms: [propext,
verify	Verify G6 frozen sources serially	2026-10-07T17:09:29.1237744Z  Classical.choice,
verify	Verify G6 frozen sources serially	2026-10-07T17:09:29.1238059Z  Quot.sound]
verify	Verify G6 frozen sources serially	2026-10-07T17:09:29.1238682Z 'UnifiedLean.Source.SourceFiniteProjection.projectedStep_eq_of_same_view' depends on axioms: [propext,
verify	Verify G6 frozen sources serially	2026-10-07T17:09:29.1239957Z  Classical.choice,
verify	Verify G6 frozen sources serially	2026-10-07T17:09:29.1240301Z  Quot.sound]
verify	Verify G6 frozen sources serially	2026-10-07T17:09:29.1241223Z 'UnifiedLean.Source.SourceFiniteProjection.source_step_projection_law' depends on axioms: [propext,
verify	Verify G6 frozen sources serially	2026-10-07T17:09:29.1242169Z  Classical.choice,
verify	Verify G6 frozen sources serially	2026-10-07T17:09:29.1242539Z  Quot.sound]
verify	Verify G6 frozen sources serially	2026-10-07T17:09:29.1243430Z 'UnifiedLean.Source.SourceFiniteProjection.actual_source_transition_intertwining' depends on axioms: [propext,
verify	Verify G6 frozen sources serially	2026-10-07T17:09:29.1244515Z  Classical.choice,
verify	Verify G6 frozen sources serially	2026-10-07T17:09:29.1244894Z  Quot.sound]
verify	Verify G6 frozen sources serially	2026-10-07T17:09:29.1248051Z G6_RECEIPT {"argv": ["lake", "env", "lean", "--trust=0", "-j1", "-M4096", "-o", "/home/runner/work/_temp/g6-cloud-build/.lake/build/lib/lean/UnifiedLean/Source/SourceFiniteProjection.olean", "/home/runner/work/_temp/g6-cloud-build/UnifiedLean/Source/SourceFiniteProjection.lean"], "start": "2026-10-07T17:09:25.407531+00:00", "end": "2026-10-07T17:09:29.123011+00:00", "exit": 0, "output_sha256": "56bca2e016343d2c9128a1d170043753354e5b1efa49f41c8fb83c0eaa8555c8"}
verify	Verify G6 frozen sources serially	2026-10-07T17:09:29.1253035Z G6_COMMAND {"argv": ["lake", "env", "lean", "--trust=0", "-j1", "-M4096", "-o", "/home/runner/work/_temp/g6-cloud-build/.lake/build/lib/lean/UnifiedLean/Source/SourcePoissonKernel.olean", "/home/runner/work/_temp/g6-cloud-build/UnifiedLean/Source/SourcePoissonKernel.lean"], "cwd": "/home/runner/work/_temp/g6-cloud-build", "start": "2026-10-07T17:09:29.123417+00:00"}
verify	Verify G6 frozen sources serially	2026-10-07T17:09:32.4443236Z 'UnifiedLean.Source.SourcePoissonKernel.source_iteration_projection' depends on axioms: [propext,
verify	Verify G6 frozen sources serially	2026-10-07T17:09:32.4443936Z  Classical.choice,
verify	Verify G6 frozen sources serially	2026-10-07T17:09:32.4444190Z  Quot.sound]
verify	Verify G6 frozen sources serially	2026-10-07T17:09:32.4444742Z 'UnifiedLean.Source.SourcePoissonKernel.constructed_source_time_kernel_projection' depends on axioms: [propext,
verify	Verify G6 frozen sources serially	2026-10-07T17:09:32.4445385Z  Classical.choice,
verify	Verify G6 frozen sources serially	2026-10-07T17:09:32.4445611Z  Quot.sound]
verify	Verify G6 frozen sources serially	2026-10-07T17:09:32.4447661Z G6_RECEIPT {"argv": ["lake", "env", "lean", "--trust=0", "-j1", "-M4096", "-o", "/home/runner/work/_temp/g6-cloud-build/.lake/build/lib/lean/UnifiedLean/Source/SourcePoissonKernel.olean", "/home/runner/work/_temp/g6-cloud-build/UnifiedLean/Source/SourcePoissonKernel.lean"], "start": "2026-10-07T17:09:29.123417+00:00", "end": "2026-10-07T17:09:32.442568+00:00", "exit": 0, "output_sha256": "4ab2374dc12a6ec9dcb552f393f68c1a5e973ddffc308fa48d08a6979ca01515"}
verify	Verify G6 frozen sources serially	2026-10-07T17:09:32.4450583Z G6_COMMAND {"argv": ["lake", "env", "lean", "--trust=0", "-j1", "-M4096", "-o", "/home/runner/work/_temp/g6-cloud-build/.lake/build/lib/lean/UnifiedLean/Source/SourceGeneratorExponential.olean", "/home/runner/work/_temp/g6-cloud-build/UnifiedLean/Source/SourceGeneratorExponential.lean"], "cwd": "/home/runner/work/_temp/g6-cloud-build", "start": "2026-10-07T17:09:32.443186+00:00"}
verify	Verify G6 frozen sources serially	2026-10-07T17:09:35.8672806Z 'UnifiedLean.Source.SourceGeneratorExponential.actual_source_generator_matrix_intertwining' depends on axioms: [propext,
verify	Verify G6 frozen sources serially	2026-10-07T17:09:35.8673711Z  Classical.choice,
verify	Verify G6 frozen sources serially	2026-10-07T17:09:35.8673989Z  Quot.sound]
verify	Verify G6 frozen sources serially	2026-10-07T17:09:35.8674821Z 'UnifiedLean.Source.SourceGeneratorExponential.actual_source_exponential_projection' depends on axioms: [propext,
verify	Verify G6 frozen sources serially	2026-10-07T17:09:35.8675922Z  Classical.choice,
verify	Verify G6 frozen sources serially	2026-10-07T17:09:35.8676185Z  Quot.sound]
verify	Verify G6 frozen sources serially	2026-10-07T17:09:35.8693028Z G6_RECEIPT {"argv": ["lake", "env", "lean", "--trust=0", "-j1", "-M4096", "-o", "/home/runner/work/_temp/g6-cloud-build/.lake/build/lib/lean/UnifiedLean/Source/SourceGeneratorExponential.olean", "/home/runner/work/_temp/g6-cloud-build/UnifiedLean/Source/SourceGeneratorExponential.lean"], "start": "2026-10-07T17:09:32.443186+00:00", "end": "2026-10-07T17:09:35.867081+00:00", "exit": 0, "output_sha256": "9f7be220015bcaa23cac6e4dab4b6545500cd24429b9a0b0e111027bbf31af74"}
verify	Verify G6 frozen sources serially	2026-10-07T17:09:35.8696376Z G6_COMMAND {"argv": ["lake", "env", "lean", "--trust=0", "-j1", "-M4096", "-o", "/home/runner/work/_temp/g6-cloud-build/.lake/build/lib/lean/UnifiedLean/Source/SourcePoissonExponential.olean", "/home/runner/work/_temp/g6-cloud-build/UnifiedLean/Source/SourcePoissonExponential.lean"], "cwd": "/home/runner/work/_temp/g6-cloud-build", "start": "2026-10-07T17:09:35.867399+00:00"}
verify	Verify G6 frozen sources serially	2026-10-07T17:09:39.4812054Z 'UnifiedLean.Source.SourcePoissonExponential.bind_probability_real' depends on axioms: [propext,
verify	Verify G6 frozen sources serially	2026-10-07T17:09:39.4813133Z  Classical.choice,
verify	Verify G6 frozen sources serially	2026-10-07T17:09:39.4813514Z  Quot.sound]
verify	Verify G6 frozen sources serially	2026-10-07T17:09:39.4814352Z 'UnifiedLean.Source.SourcePoissonExponential.source_iteration_probability' depends on axioms: [propext,
verify	Verify G6 frozen sources serially	2026-10-07T17:09:39.4815299Z  Classical.choice,
verify	Verify G6 frozen sources serially	2026-10-07T17:09:39.4815734Z  Quot.sound]
verify	Verify G6 frozen sources serially	2026-10-07T17:09:39.4816490Z 'UnifiedLean.Source.SourcePoissonExponential.poisson_matrix_entry' depends on axioms: [propext,
verify	Verify G6 frozen sources serially	2026-10-07T17:09:39.4835745Z  Classical.choice,
verify	Verify G6 frozen sources serially	2026-10-07T17:09:39.4835956Z  Quot.sound]
verify	Verify G6 frozen sources serially	2026-10-07T17:09:39.4836424Z 'UnifiedLean.Source.SourcePoissonExponential.source_time_kernel_eq_exponential' depends on axioms: [propext,
verify	Verify G6 frozen sources serially	2026-10-07T17:09:39.4837243Z  Classical.choice,
verify	Verify G6 frozen sources serially	2026-10-07T17:09:39.4837447Z  Quot.sound]
verify	Verify G6 frozen sources serially	2026-10-07T17:09:39.4839014Z G6_RECEIPT {"argv": ["lake", "env", "lean", "--trust=0", "-j1", "-M4096", "-o", "/home/runner/work/_temp/g6-cloud-build/.lake/build/lib/lean/UnifiedLean/Source/SourcePoissonExponential.olean", "/home/runner/work/_temp/g6-cloud-build/UnifiedLean/Source/SourcePoissonExponential.lean"], "start": "2026-10-07T17:09:35.867399+00:00", "end": "2026-10-07T17:09:39.481016+00:00", "exit": 0, "output_sha256": "f5e21e3dff34b6ad5c40fb34ae33e8c75f0c223f9bd577d273c8eb53d4322e1f"}
verify	Verify G6 frozen sources serially	2026-10-07T17:09:39.4841543Z G6_COMMAND {"argv": ["lake", "env", "lean", "--trust=0", "-j1", "-M4096", "-o", "/home/runner/work/_temp/g6-cloud-build/.lake/build/lib/lean/UnifiedLean/G6/SourcePrefix.olean", "/home/runner/work/_temp/g6-cloud-build/UnifiedLean/G6/SourcePrefix.lean"], "cwd": "/home/runner/work/_temp/g6-cloud-build", "start": "2026-10-07T17:09:39.481418+00:00"}
verify	Verify G6 frozen sources serially	2026-10-07T17:09:42.7282478Z 'UnifiedLean.G6.SourcePrefix.prefixCount' depends on axioms: [propext, Classical.choice, Quot.sound]
verify	Verify G6 frozen sources serially	2026-10-07T17:09:42.7283605Z 'UnifiedLean.G6.SourcePrefix.prefixCount_support' depends on axioms: [propext, Classical.choice, Quot.sound]
verify	Verify G6 frozen sources serially	2026-10-07T17:09:42.7284616Z 'UnifiedLean.G6.SourcePrefix.prefixMass_taylor' depends on axioms: [propext, Classical.choice, Quot.sound]
verify	Verify G6 frozen sources serially	2026-10-07T17:09:42.7285989Z 'UnifiedLean.G6.SourcePrefix.prefixCount_real' depends on axioms: [propext, Classical.choice, Quot.sound]
verify	Verify G6 frozen sources serially	2026-10-07T17:09:42.7287335Z 'UnifiedLean.G6.SourcePrefix.actual_source_prefix_domination' depends on axioms: [propext, Classical.choice, Quot.sound]
verify	Verify G6 frozen sources serially	2026-10-07T17:09:42.7288354Z 'UnifiedLean.G6.SourcePrefix.actual_source_prefix_tv' depends on axioms: [propext, Classical.choice, Quot.sound]
verify	Verify G6 frozen sources serially	2026-10-07T17:09:42.7289359Z 'UnifiedLean.G6.SourcePrefix.actual_source_joint_readout_tv' depends on axioms: [propext, Classical.choice, Quot.sound]
verify	Verify G6 frozen sources serially	2026-10-07T17:09:42.7290264Z 'UnifiedLean.G6.SourcePrefix.actual_source_joint_readout_event' depends on axioms: [propext,
verify	Verify G6 frozen sources serially	2026-10-07T17:09:42.7290830Z  Classical.choice,
verify	Verify G6 frozen sources serially	2026-10-07T17:09:42.7291065Z  Quot.sound]
verify	Verify G6 frozen sources serially	2026-10-07T17:09:42.7292675Z G6_RECEIPT {"argv": ["lake", "env", "lean", "--trust=0", "-j1", "-M4096", "-o", "/home/runner/work/_temp/g6-cloud-build/.lake/build/lib/lean/UnifiedLean/G6/SourcePrefix.olean", "/home/runner/work/_temp/g6-cloud-build/UnifiedLean/G6/SourcePrefix.lean"], "start": "2026-10-07T17:09:39.481418+00:00", "end": "2026-10-07T17:09:42.728091+00:00", "exit": 0, "output_sha256": "74e089eae61883da5c4cfedea59111c40cd6a770f2cabc2e2562e8d192b5c062"}
verify	Verify G6 frozen sources serially	2026-10-07T17:09:42.7295485Z G6_COMMAND {"argv": ["lake", "env", "lean", "--trust=0", "-j1", "-M4096", "-o", "/home/runner/work/_temp/g6-cloud-build/.lake/build/lib/lean/UnifiedLean/Source/SourceForestPulseTransport.olean", "/home/runner/work/_temp/g6-cloud-build/UnifiedLean/Source/SourceForestPulseTransport.lean"], "cwd": "/home/runner/work/_temp/g6-cloud-build", "start": "2026-10-07T17:09:42.728431+00:00"}
verify	Verify G6 frozen sources serially	2026-10-07T17:09:45.0438767Z /home/runner/work/_temp/g6-cloud-build/UnifiedLean/Source/SourceForestPulseTransport.lean:94:68: warning: Variable name `hs` is not explicitly referenced.
verify	Verify G6 frozen sources serially	2026-10-07T17:09:45.0440696Z 
verify	Verify G6 frozen sources serially	2026-10-07T17:09:45.0441866Z Hint: The binding can be removed (if unused) or named `_` (if used implicitly). Alternatively, prefix the name with `_` to silence this warning:
verify	Verify G6 frozen sources serially	2026-10-07T17:09:45.0443159Z   [apply] _hs
verify	Verify G6 frozen sources serially	2026-10-07T17:09:45.0443365Z 
verify	Verify G6 frozen sources serially	2026-10-07T17:09:45.0443768Z Note: This linter can be disabled with `set_option linter.unusedVariables false`
verify	Verify G6 frozen sources serially	2026-10-07T17:09:45.0445444Z /home/runner/work/_temp/g6-cloud-build/UnifiedLean/Source/SourceForestPulseTransport.lean:103:0: warning: automatically included section variable(s) unused in theorem `UnifiedLean.Source.SourceForestPulseTransport.original_selected_location_outside_pulse`:
verify	Verify G6 frozen sources serially	2026-10-07T17:09:45.0447890Z   [Fintype Copy]
verify	Verify G6 frozen sources serially	2026-10-07T17:09:45.0448539Z consider restructuring your `variable` declarations so that the variables are not in scope or explicitly omit them:
verify	Verify G6 frozen sources serially	2026-10-07T17:09:45.0449534Z   omit [Fintype Copy] in theorem ...
verify	Verify G6 frozen sources serially	2026-10-07T17:09:45.0449829Z 
verify	Verify G6 frozen sources serially	2026-10-07T17:09:45.0450242Z Note: This linter can be disabled with `set_option linter.unusedSectionVars false`
verify	Verify G6 frozen sources serially	2026-10-07T17:09:45.0451445Z 'UnifiedLean.Source.SourceForestPulseTransport.ownerToBlock_injective' depends on axioms: [propext,
verify	Verify G6 frozen sources serially	2026-10-07T17:09:45.0452385Z  Classical.choice,
verify	Verify G6 frozen sources serially	2026-10-07T17:09:45.0452732Z  Quot.sound]
verify	Verify G6 frozen sources serially	2026-10-07T17:09:45.0453455Z 'UnifiedLean.Source.SourceForestPulseTransport.ownerToBlock_surjective' depends on axioms: [propext,
verify	Verify G6 frozen sources serially	2026-10-07T17:09:45.0454049Z  Classical.choice,
verify	Verify G6 frozen sources serially	2026-10-07T17:09:45.0454271Z  Quot.sound]
verify	Verify G6 frozen sources serially	2026-10-07T17:09:45.0454848Z 'UnifiedLean.Source.SourceForestPulseTransport.inducedBlockCoin_at_owner' depends on axioms: [propext,
verify	Verify G6 frozen sources serially	2026-10-07T17:09:45.0455442Z  Classical.choice,
verify	Verify G6 frozen sources serially	2026-10-07T17:09:45.0455641Z  Quot.sound]
verify	Verify G6 frozen sources serially	2026-10-07T17:09:45.0456099Z 'UnifiedLean.Source.SourceForestPulseTransport.original_pulse_selected_view' depends on axioms: [propext,
verify	Verify G6 frozen sources serially	2026-10-07T17:09:45.0456640Z  Classical.choice,
verify	Verify G6 frozen sources serially	2026-10-07T17:09:45.0457102Z  Quot.sound]
verify	Verify G6 frozen sources serially	2026-10-07T17:09:45.0458658Z G6_RECEIPT {"argv": ["lake", "env", "lean", "--trust=0", "-j1", "-M4096", "-o", "/home/runner/work/_temp/g6-cloud-build/.lake/build/lib/lean/UnifiedLean/Source/SourceForestPulseTransport.olean", "/home/runner/work/_temp/g6-cloud-build/UnifiedLean/Source/SourceForestPulseTransport.lean"], "start": "2026-10-07T17:09:42.728431+00:00", "end": "2026-10-07T17:09:45.043577+00:00", "exit": 0, "output_sha256": "5756fff62d9d0534bf5edebc428a2bf91c35a2536bdc40ad105cc9e11786fb19"}
verify	Verify G6 frozen sources serially	2026-10-07T17:09:45.0461327Z G6_COMMAND {"argv": ["lake", "env", "lean", "--trust=0", "-j1", "-M4096", "-o", "/home/runner/work/_temp/g6-cloud-build/.lake/build/lib/lean/UnifiedLean/Source/SourceForestPulseMeasure.olean", "/home/runner/work/_temp/g6-cloud-build/UnifiedLean/Source/SourceForestPulseMeasure.lean"], "cwd": "/home/runner/work/_temp/g6-cloud-build", "start": "2026-10-07T17:09:45.044142+00:00"}
verify	Verify G6 frozen sources serially	2026-10-07T17:09:47.7861389Z 'UnifiedLean.Source.SourceForestPulseMeasure.coin_restriction_measurePreserving' depends on axioms: [propext,
verify	Verify G6 frozen sources serially	2026-10-07T17:09:47.7862473Z  Classical.choice,
verify	Verify G6 frozen sources serially	2026-10-07T17:09:47.7862815Z  Quot.sound]
verify	Verify G6 frozen sources serially	2026-10-07T17:09:47.7863707Z 'UnifiedLean.Source.SourceForestPulseMeasure.induced_original_coin_measurePreserving' depends on axioms: [propext,
verify	Verify G6 frozen sources serially	2026-10-07T17:09:47.7864731Z  Classical.choice,
verify	Verify G6 frozen sources serially	2026-10-07T17:09:47.7865065Z  Quot.sound]
verify	Verify G6 frozen sources serially	2026-10-07T17:09:47.7865914Z 'UnifiedLean.Source.SourceForestPulseMeasure.actual_original_hybrid_pulse_projectivity' depends on axioms: [propext,
verify	Verify G6 frozen sources serially	2026-10-07T17:09:47.7867081Z  Classical.choice,
verify	Verify G6 frozen sources serially	2026-10-07T17:09:47.7867406Z  Quot.sound]
verify	Verify G6 frozen sources serially	2026-10-07T17:09:47.7869717Z G6_RECEIPT {"argv": ["lake", "env", "lean", "--trust=0", "-j1", "-M4096", "-o", "/home/runner/work/_temp/g6-cloud-build/.lake/build/lib/lean/UnifiedLean/Source/SourceForestPulseMeasure.olean", "/home/runner/work/_temp/g6-cloud-build/UnifiedLean/Source/SourceForestPulseMeasure.lean"], "start": "2026-10-07T17:09:45.044142+00:00", "end": "2026-10-07T17:09:47.782939+00:00", "exit": 0, "output_sha256": "94ae0c226c45a80056a0617962818bef7aa074ef4ebfe19078b50c0034306ae8"}
verify	Verify G6 frozen sources serially	2026-10-07T17:09:47.7872692Z G6_COMMAND {"argv": ["lake", "env", "lean", "--trust=0", "-j1", "-M4096", "-o", "/home/runner/work/_temp/g6-cloud-build/.lake/build/lib/lean/UnifiedLean/Source/SourceForestCommonPulse.olean", "/home/runner/work/_temp/g6-cloud-build/UnifiedLean/Source/SourceForestCommonPulse.lean"], "cwd": "/home/runner/work/_temp/g6-cloud-build", "start": "2026-10-07T17:09:47.783296+00:00"}
verify	Verify G6 frozen sources serially	2026-10-07T17:09:49.5842613Z 'UnifiedLean.Source.SourceForestCommonPulse.actual_common_pulse_pruning' depends on axioms: [propext,
verify	Verify G6 frozen sources serially	2026-10-07T17:09:49.5843714Z  Classical.choice,
verify	Verify G6 frozen sources serially	2026-10-07T17:09:49.5844106Z  Quot.sound]
verify	Verify G6 frozen sources serially	2026-10-07T17:09:49.5847598Z G6_RECEIPT {"argv": ["lake", "env", "lean", "--trust=0", "-j1", "-M4096", "-o", "/home/runner/work/_temp/g6-cloud-build/.lake/build/lib/lean/UnifiedLean/Source/SourceForestCommonPulse.olean", "/home/runner/work/_temp/g6-cloud-build/UnifiedLean/Source/SourceForestCommonPulse.lean"], "start": "2026-10-07T17:09:47.783296+00:00", "end": "2026-10-07T17:09:49.584069+00:00", "exit": 0, "output_sha256": "7b8aded7c2331926fabd2760aea65c0dbd892d86a3d86ec5f32ba30c700543ed"}
verify	Verify G6 frozen sources serially	2026-10-07T17:09:49.5851499Z G6_COMMAND {"argv": ["lake", "env", "lean", "--trust=0", "-j1", "-M4096", "-o", "/home/runner/work/_temp/g6-cloud-build/.lake/build/lib/lean/UnifiedLean/Source/SourceBoundaryKernels.olean", "/home/runner/work/_temp/g6-cloud-build/UnifiedLean/Source/SourceBoundaryKernels.lean"], "cwd": "/home/runner/work/_temp/g6-cloud-build", "start": "2026-10-07T17:09:49.584491+00:00"}
verify	Verify G6 frozen sources serially	2026-10-07T17:09:53.1995491Z /home/runner/work/_temp/g6-cloud-build/UnifiedLean/Source/SourceBoundaryKernels.lean:79:0: warning: automatically included section variable(s) unused in theorem `UnifiedLean.Source.SourceBoundaryKernels.actual_population_transport_view`:
verify	Verify G6 frozen sources serially	2026-10-07T17:09:53.1998002Z   [DecidableEq V]
verify	Verify G6 frozen sources serially	2026-10-07T17:09:53.1998424Z   [DecidableEq E]
verify	Verify G6 frozen sources serially	2026-10-07T17:09:53.1998806Z   [Fintype V]
verify	Verify G6 frozen sources serially	2026-10-07T17:09:53.1999192Z   [Fintype E]
verify	Verify G6 frozen sources serially	2026-10-07T17:09:53.1999572Z   [Fintype Copy]
verify	Verify G6 frozen sources serially	2026-10-07T17:09:53.2000441Z consider restructuring your `variable` declarations so that the variables are not in scope or explicitly omit them:
verify	Verify G6 frozen sources serially	2026-10-07T17:09:53.2001649Z   omit [DecidableEq V] [DecidableEq E] [Fintype V] [Fintype E] [Fintype Copy] in theorem ...
verify	Verify G6 frozen sources serially	2026-10-07T17:09:53.2002306Z 
verify	Verify G6 frozen sources serially	2026-10-07T17:09:53.2002899Z Note: This linter can be disabled with `set_option linter.unusedSectionVars false`
verify	Verify G6 frozen sources serially	2026-10-07T17:09:53.2004254Z 'UnifiedLean.Source.SourceBoundaryKernels.boundaryKernel' depends on axioms: [propext, Classical.choice, Quot.sound]
verify	Verify G6 frozen sources serially	2026-10-07T17:09:53.2005868Z 'UnifiedLean.Source.SourceBoundaryKernels.actual_population_transport_view' depends on axioms: [propext,
verify	Verify G6 frozen sources serially	2026-10-07T17:09:53.2007171Z  Classical.choice,
verify	Verify G6 frozen sources serially	2026-10-07T17:09:53.2007688Z  Quot.sound]
verify	Verify G6 frozen sources serially	2026-10-07T17:09:53.2008627Z 'UnifiedLean.Source.SourceBoundaryKernels.independent_pulse_kernel_view_measure' depends on axioms: [propext,
verify	Verify G6 frozen sources serially	2026-10-07T17:09:53.2009686Z  Classical.choice,
verify	Verify G6 frozen sources serially	2026-10-07T17:09:53.2010156Z  Quot.sound]
verify	Verify G6 frozen sources serially	2026-10-07T17:09:53.2010999Z 'UnifiedLean.Source.SourceBoundaryKernels.common_boundary_kernel_view' depends on axioms: [propext,
verify	Verify G6 frozen sources serially	2026-10-07T17:09:53.2011982Z  Classical.choice,
verify	Verify G6 frozen sources serially	2026-10-07T17:09:53.2012426Z  Quot.sound]
verify	Verify G6 frozen sources serially	2026-10-07T17:09:53.2015193Z G6_RECEIPT {"argv": ["lake", "env", "lean", "--trust=0", "-j1", "-M4096", "-o", "/home/runner/work/_temp/g6-cloud-build/.lake/build/lib/lean/UnifiedLean/Source/SourceBoundaryKernels.olean", "/home/runner/work/_temp/g6-cloud-build/UnifiedLean/Source/SourceBoundaryKernels.lean"], "start": "2026-10-07T17:09:49.584491+00:00", "end": "2026-10-07T17:09:53.199245+00:00", "exit": 0, "output_sha256": "7d6746994e806c9db5bbfa850f0896ff99c6b42af50febc1ad77579216913539"}
verify	Verify G6 frozen sources serially	2026-10-07T17:09:53.2020105Z G6_COMMAND {"argv": ["lake", "env", "lean", "--trust=0", "-j1", "-M4096", "-o", "/home/runner/work/_temp/g6-cloud-build/.lake/build/lib/lean/UnifiedLean/Source/SourceBoundaryProjection.olean", "/home/runner/work/_temp/g6-cloud-build/UnifiedLean/Source/SourceBoundaryProjection.lean"], "cwd": "/home/runner/work/_temp/g6-cloud-build", "start": "2026-10-07T17:09:53.199601+00:00"}
verify	Verify G6 frozen sources serially	2026-10-07T17:09:56.4468627Z 'UnifiedLean.Source.SourceBoundaryProjection.boundary_kernel_view_eq_of_same_view' depends on axioms: [propext,
verify	Verify G6 frozen sources serially	2026-10-07T17:09:56.4469992Z  Classical.choice,
verify	Verify G6 frozen sources serially	2026-10-07T17:09:56.4470569Z  Quot.sound]
verify	Verify G6 frozen sources serially	2026-10-07T17:09:56.4471446Z 'UnifiedLean.Source.SourceBoundaryProjection.projected_boundary_eq_of_same_view' depends on axioms: [propext,
verify	Verify G6 frozen sources serially	2026-10-07T17:09:56.4472413Z  Classical.choice,
verify	Verify G6 frozen sources serially	2026-10-07T17:09:56.4472739Z  Quot.sound]
verify	Verify G6 frozen sources serially	2026-10-07T17:09:56.4473494Z 'UnifiedLean.Source.SourceBoundaryProjection.actual_boundary_projection' depends on axioms: [propext,
verify	Verify G6 frozen sources serially	2026-10-07T17:09:56.4474672Z  Classical.choice,
verify	Verify G6 frozen sources serially	2026-10-07T17:09:56.4474994Z  Quot.sound]
verify	Verify G6 frozen sources serially	2026-10-07T17:09:56.4477912Z G6_RECEIPT {"argv": ["lake", "env", "lean", "--trust=0", "-j1", "-M4096", "-o", "/home/runner/work/_temp/g6-cloud-build/.lake/build/lib/lean/UnifiedLean/Source/SourceBoundaryProjection.olean", "/home/runner/work/_temp/g6-cloud-build/UnifiedLean/Source/SourceBoundaryProjection.lean"], "start": "2026-10-07T17:09:53.199601+00:00", "end": "2026-10-07T17:09:56.444912+00:00", "exit": 0, "output_sha256": "efe59f762bbcaea90fe3877fcf31476c8b5cc52fc3734484bc3baf1ffc7ef455"}
verify	Verify G6 frozen sources serially	2026-10-07T17:09:56.4482642Z G6_COMMAND {"argv": ["lake", "env", "lean", "--trust=0", "-j1", "-M4096", "-o", "/home/runner/work/_temp/g6-cloud-build/.lake/build/lib/lean/UnifiedLean/Source/SourceProgramTransport.olean", "/home/runner/work/_temp/g6-cloud-build/UnifiedLean/Source/SourceProgramTransport.lean"], "cwd": "/home/runner/work/_temp/g6-cloud-build", "start": "2026-10-07T17:09:56.445266+00:00"}
verify	Verify G6 frozen sources serially	2026-10-07T17:09:59.8128279Z 'UnifiedLean.Source.SourceProgramTransport.actual_program_step_projection' depends on axioms: [propext,
verify	Verify G6 frozen sources serially	2026-10-07T17:09:59.8129120Z  Classical.choice,
verify	Verify G6 frozen sources serially	2026-10-07T17:09:59.8129391Z  Quot.sound]
verify	Verify G6 frozen sources serially	2026-10-07T17:09:59.8130009Z 'UnifiedLean.Source.SourceProgramTransport.actual_source_program_projection' depends on axioms: [propext,
verify	Verify G6 frozen sources serially	2026-10-07T17:09:59.8131078Z  Classical.choice,
verify	Verify G6 frozen sources serially	2026-10-07T17:09:59.8131458Z  Quot.sound]
verify	Verify G6 frozen sources serially	2026-10-07T17:09:59.8132034Z 'UnifiedLean.Source.SourceProgramTransport.actual_program_endpoint_law' depends on axioms: [propext,
verify	Verify G6 frozen sources serially	2026-10-07T17:09:59.8132710Z  Classical.choice,
verify	Verify G6 frozen sources serially	2026-10-07T17:09:59.8132961Z  Quot.sound]
verify	Verify G6 frozen sources serially	2026-10-07T17:09:59.8135082Z G6_RECEIPT {"argv": ["lake", "env", "lean", "--trust=0", "-j1", "-M4096", "-o", "/home/runner/work/_temp/g6-cloud-build/.lake/build/lib/lean/UnifiedLean/Source/SourceProgramTransport.olean", "/home/runner/work/_temp/g6-cloud-build/UnifiedLean/Source/SourceProgramTransport.lean"], "start": "2026-10-07T17:09:56.445266+00:00", "end": "2026-10-07T17:09:59.812597+00:00", "exit": 0, "output_sha256": "03536d167bf27989e2507161f3d4a5c62e95f53a2b2a26bdafc3b2acc9103af7"}
verify	Verify G6 frozen sources serially	2026-10-07T17:09:59.8138883Z G6_COMMAND {"argv": ["lake", "env", "lean", "--trust=0", "-j1", "-M4096", "-o", "/home/runner/work/_temp/g6-cloud-build/.lake/build/lib/lean/UnifiedLean/G6/ProgramPrefix.olean", "/home/runner/work/_temp/g6-cloud-build/UnifiedLean/G6/ProgramPrefix.lean"], "cwd": "/home/runner/work/_temp/g6-cloud-build", "start": "2026-10-07T17:09:59.812961+00:00"}
verify	Verify G6 frozen sources serially	2026-10-07T17:10:03.8283059Z 'UnifiedLean.G6.ProgramPrefix.bind_scaled_domination' depends on axioms: [propext, Classical.choice, Quot.sound]
verify	Verify G6 frozen sources serially	2026-10-07T17:10:03.8284349Z 'UnifiedLean.G6.ProgramPrefix.map_scaled_domination' depends on axioms: [propext, Classical.choice, Quot.sound]
verify	Verify G6 frozen sources serially	2026-10-07T17:10:03.8285536Z 'UnifiedLean.G6.ProgramPrefix.actual_step_domination' depends on axioms: [propext, Classical.choice, Quot.sound]
verify	Verify G6 frozen sources serially	2026-10-07T17:10:03.8287046Z 'UnifiedLean.G6.ProgramPrefix.actual_program_domination' depends on axioms: [propext, Classical.choice, Quot.sound]
verify	Verify G6 frozen sources serially	2026-10-07T17:10:03.8288909Z 'UnifiedLean.G6.ProgramPrefix.same_initial_distribution_domination' depends on axioms: [propext,
verify	Verify G6 frozen sources serially	2026-10-07T17:10:03.8290051Z  Classical.choice,
verify	Verify G6 frozen sources serially	2026-10-07T17:10:03.8290516Z  Quot.sound]
verify	Verify G6 frozen sources serially	2026-10-07T17:10:03.8291655Z 'UnifiedLean.G6.ProgramPrefix.same_initial_distribution_tv' depends on axioms: [propext, Classical.choice, Quot.sound]
verify	Verify G6 frozen sources serially	2026-10-07T17:10:03.8293277Z 'UnifiedLean.G6.ProgramPrefix.same_initial_joint_readout_tv' depends on axioms: [propext, Classical.choice, Quot.sound]
verify	Verify G6 frozen sources serially	2026-10-07T17:10:03.8294379Z 'UnifiedLean.G6.ProgramPrefix.same_initial_joint_readout_event' depends on axioms: [propext,
verify	Verify G6 frozen sources serially	2026-10-07T17:10:03.8295061Z  Classical.choice,
verify	Verify G6 frozen sources serially	2026-10-07T17:10:03.8295345Z  Quot.sound]
verify	Verify G6 frozen sources serially	2026-10-07T17:10:03.8296008Z 'UnifiedLean.G6.ProgramPrefix.program_deficit_le_sum' depends on axioms: [propext, Classical.choice, Quot.sound]
verify	Verify G6 frozen sources serially	2026-10-07T17:10:03.8297452Z 'UnifiedLean.G6.ProgramPrefix.same_initial_distribution_tv_budget' depends on axioms: [propext,
verify	Verify G6 frozen sources serially	2026-10-07T17:10:03.8298124Z  Classical.choice,
verify	Verify G6 frozen sources serially	2026-10-07T17:10:03.8298323Z  Quot.sound]
verify	Verify G6 frozen sources serially	2026-10-07T17:10:03.8298715Z 'UnifiedLean.G6.ProgramPrefix.same_initial_joint_readout_tv_budget' depends on axioms: [propext,
verify	Verify G6 frozen sources serially	2026-10-07T17:10:03.8299170Z  Classical.choice,
verify	Verify G6 frozen sources serially	2026-10-07T17:10:03.8299363Z  Quot.sound]
verify	Verify G6 frozen sources serially	2026-10-07T17:10:03.8300782Z G6_RECEIPT {"argv": ["lake", "env", "lean", "--trust=0", "-j1", "-M4096", "-o", "/home/runner/work/_temp/g6-cloud-build/.lake/build/lib/lean/UnifiedLean/G6/ProgramPrefix.olean", "/home/runner/work/_temp/g6-cloud-build/UnifiedLean/G6/ProgramPrefix.lean"], "start": "2026-10-07T17:09:59.812961+00:00", "end": "2026-10-07T17:10:03.828132+00:00", "exit": 0, "output_sha256": "50f32b8f7e283dbd21e5e7d50cd059858b4dddb1a05a1eb7c0db1d671684d30d"}
verify	Verify G6 frozen sources serially	2026-10-07T17:10:03.8303240Z G6_COMMAND {"argv": ["lake", "env", "lean", "--trust=0", "-j1", "-M4096", "-o", "/home/runner/work/_temp/g6-cloud-build/.lake/build/lib/lean/UnifiedLean/G6/TaylorCertificate.olean", "/home/runner/work/_temp/g6-cloud-build/UnifiedLean/G6/TaylorCertificate.lean"], "cwd": "/home/runner/work/_temp/g6-cloud-build", "start": "2026-10-07T17:10:03.828521+00:00"}
verify	Verify G6 frozen sources serially	2026-10-07T17:10:07.8895814Z /home/runner/work/_temp/g6-cloud-build/UnifiedLean/G6/TaylorCertificate.lean:26:26: warning: this tactic is never executed
verify	Verify G6 frozen sources serially	2026-10-07T17:10:07.8897060Z 
verify	Verify G6 frozen sources serially	2026-10-07T17:10:07.8897408Z Note: This linter can be disabled with `set_option linter.unreachableTactic false`
verify	Verify G6 frozen sources serially	2026-10-07T17:10:07.8898544Z /home/runner/work/_temp/g6-cloud-build/UnifiedLean/G6/TaylorCertificate.lean:26:26: warning: Unused tactic linter: `ring` does nothing
verify	Verify G6 frozen sources serially	2026-10-07T17:10:07.8899817Z 
verify	Verify G6 frozen sources serially	2026-10-07T17:10:07.8900137Z Note: This linter can be disabled with `set_option linter.unusedTactic false`
verify	Verify G6 frozen sources serially	2026-10-07T17:10:07.8901107Z 'UnifiedLean.G6.TaylorCertificate.taylor_tail_bound' depends on axioms: [propext, Classical.choice, Quot.sound]
verify	Verify G6 frozen sources serially	2026-10-07T17:10:07.8902318Z 'UnifiedLean.G6.TaylorCertificate.exp_le_taylor_enclosure' depends on axioms: [propext, Classical.choice, Quot.sound]
verify	Verify G6 frozen sources serially	2026-10-07T17:10:07.8903453Z 'UnifiedLean.G6.TaylorCertificate.prefix_deficit_le_certificate' depends on axioms: [propext,
verify	Verify G6 frozen sources serially	2026-10-07T17:10:07.8904148Z  Classical.choice,
verify	Verify G6 frozen sources serially	2026-10-07T17:10:07.8904434Z  Quot.sound]
verify	Verify G6 frozen sources serially	2026-10-07T17:10:07.8905042Z 'UnifiedLean.G6.TaylorCertificate.actual_source_prefix_tv_certificate' depends on axioms: [propext,
verify	Verify G6 frozen sources serially	2026-10-07T17:10:07.8905764Z  Classical.choice,
verify	Verify G6 frozen sources serially	2026-10-07T17:10:07.8906051Z  Quot.sound]
verify	Verify G6 frozen sources serially	2026-10-07T17:10:07.8906899Z 'UnifiedLean.G6.TaylorCertificate.actual_source_joint_readout_tv_certificate' depends on axioms: [propext,
verify	Verify G6 frozen sources serially	2026-10-07T17:10:07.8907655Z  Classical.choice,
verify	Verify G6 frozen sources serially	2026-10-07T17:10:07.8907943Z  Quot.sound]
verify	Verify G6 frozen sources serially	2026-10-07T17:10:07.8910163Z G6_RECEIPT {"argv": ["lake", "env", "lean", "--trust=0", "-j1", "-M4096", "-o", "/home/runner/work/_temp/g6-cloud-build/.lake/build/lib/lean/UnifiedLean/G6/TaylorCertificate.olean", "/home/runner/work/_temp/g6-cloud-build/UnifiedLean/G6/TaylorCertificate.lean"], "start": "2026-10-07T17:10:03.828521+00:00", "end": "2026-10-07T17:10:07.889371+00:00", "exit": 0, "output_sha256": "f870964915e8f3d8efac4d3a1f5786e5f65b8e3869dae07200d626aa02487a62"}
verify	Verify G6 frozen sources serially	2026-10-07T17:10:07.8913842Z G6_COMMAND {"argv": ["lake", "env", "lean", "--trust=0", "-j1", "-M4096", "-o", "/home/runner/work/_temp/g6-cloud-build/.lake/build/lib/lean/G5FrozenTriplePolynomialKernel.olean", "/home/runner/work/_temp/g6-cloud-build/G5FrozenTriplePolynomialKernel.lean"], "cwd": "/home/runner/work/_temp/g6-cloud-build", "start": "2026-10-07T17:10:07.889798+00:00"}
verify	Verify G6 frozen sources serially	2026-10-07T17:10:12.9205125Z /home/runner/work/_temp/g6-cloud-build/G5FrozenTriplePolynomialKernel.lean:73:4: warning: this tactic is never executed
verify	Verify G6 frozen sources serially	2026-10-07T17:10:12.9205833Z 
verify	Verify G6 frozen sources serially	2026-10-07T17:10:12.9206114Z Note: This linter can be disabled with `set_option linter.unreachableTactic false`
verify	Verify G6 frozen sources serially	2026-10-07T17:10:12.9207475Z /home/runner/work/_temp/g6-cloud-build/G5FrozenTriplePolynomialKernel.lean:73:4: warning: Unused tactic linter: `exact sub_nonneg.mpr hq1` does nothing
verify	Verify G6 frozen sources serially	2026-10-07T17:10:12.9208530Z 
verify	Verify G6 frozen sources serially	2026-10-07T17:10:12.9208888Z Note: This linter can be disabled with `set_option linter.unusedTactic false`
verify	Verify G6 frozen sources serially	2026-10-07T17:10:12.9210044Z /home/runner/work/_temp/g6-cloud-build/G5FrozenTriplePolynomialKernel.lean:78:63: warning: Used `tac1 <;> tac2` where `(tac1; tac2)` would suffice
verify	Verify G6 frozen sources serially	2026-10-07T17:10:12.9210679Z 
verify	Verify G6 frozen sources serially	2026-10-07T17:10:12.9210934Z Note: This linter can be disabled with `set_option linter.unnecessarySeqFocus false`
verify	Verify G6 frozen sources serially	2026-10-07T17:10:12.9211760Z 'GProgram.G5.FrozenTriplePolynomialKernel.discrete3' depends on axioms: [propext, Classical.choice, Quot.sound]
verify	Verify G6 frozen sources serially	2026-10-07T17:10:12.9212703Z 'GProgram.G5.FrozenTriplePolynomialKernel.pair3' depends on axioms: [propext, Classical.choice, Quot.sound]
verify	Verify G6 frozen sources serially	2026-10-07T17:10:12.9213645Z 'GProgram.G5.FrozenTriplePolynomialKernel.together3' depends on axioms: [propext, Classical.choice, Quot.sound]
verify	Verify G6 frozen sources serially	2026-10-07T17:10:12.9214603Z 'GProgram.G5.FrozenTriplePolynomialKernel.pair3_factor' depends on axioms: [propext, Classical.choice, Quot.sound]
verify	Verify G6 frozen sources serially	2026-10-07T17:10:12.9215581Z 'GProgram.G5.FrozenTriplePolynomialKernel.together3_factor' depends on axioms: [propext, Classical.choice, Quot.sound]
verify	Verify G6 frozen sources serially	2026-10-07T17:10:12.9216502Z 'GProgram.G5.FrozenTriplePolynomialKernel.three_lineage_masses_sum' depends on axioms: [propext,
verify	Verify G6 frozen sources serially	2026-10-07T17:10:12.9217560Z  Classical.choice,
verify	Verify G6 frozen sources serially	2026-10-07T17:10:12.9217899Z  Quot.sound]
verify	Verify G6 frozen sources serially	2026-10-07T17:10:12.9218648Z 'GProgram.G5.FrozenTriplePolynomialKernel.three_lineage_masses_nonnegative' depends on axioms: [propext,
verify	Verify G6 frozen sources serially	2026-10-07T17:10:12.9219509Z  Classical.choice,
verify	Verify G6 frozen sources serially	2026-10-07T17:10:12.9230039Z  Quot.sound]
verify	Verify G6 frozen sources serially	2026-10-07T17:10:12.9230891Z 'GProgram.G5.FrozenTriplePolynomialKernel.row' depends on axioms: [propext, Classical.choice, Quot.sound]
verify	Verify G6 frozen sources serially	2026-10-07T17:10:12.9232251Z 'GProgram.G5.FrozenTriplePolynomialKernel.row_nonnegative' depends on axioms: [propext, Classical.choice, Quot.sound]
verify	Verify G6 frozen sources serially	2026-10-07T17:10:12.9233585Z 'GProgram.G5.FrozenTriplePolynomialKernel.row_sum' depends on axioms: [propext, Classical.choice, Quot.sound]
verify	Verify G6 frozen sources serially	2026-10-07T17:10:12.9234911Z 'GProgram.G5.FrozenTriplePolynomialKernel.row_initial' depends on axioms: [propext, Classical.choice, Quot.sound]
verify	Verify G6 frozen sources serially	2026-10-07T17:10:12.9236316Z 'GProgram.G5.FrozenTriplePolynomialKernel.row_endpoint' depends on axioms: [propext, Classical.choice, Quot.sound]
verify	Verify G6 frozen sources serially	2026-10-07T17:10:12.9237940Z 'GProgram.G5.FrozenTriplePolynomialKernel.row_continuous' depends on axioms: [propext, Classical.choice, Quot.sound]
verify	Verify G6 frozen sources serially	2026-10-07T17:10:12.9239237Z 'GProgram.G5.FrozenTriplePolynomialKernel.row_tendsto_endpoint' depends on axioms: [propext,
verify	Verify G6 frozen sources serially	2026-10-07T17:10:12.9240044Z  Classical.choice,
verify	Verify G6 frozen sources serially	2026-10-07T17:10:12.9240368Z  Quot.sound]
verify	Verify G6 frozen sources serially	2026-10-07T17:10:12.9241153Z 'GProgram.G5.FrozenTriplePolynomialKernel.mixture' depends on axioms: [propext, Classical.choice, Quot.sound]
verify	Verify G6 frozen sources serially	2026-10-07T17:10:12.9242572Z 'GProgram.G5.FrozenTriplePolynomialKernel.occupancyMass' depends on axioms: [propext, Classical.choice, Quot.sound]
verify	Verify G6 frozen sources serially	2026-10-07T17:10:12.9243830Z 'GProgram.G5.FrozenTriplePolynomialKernel.mixture_at_endpoint' depends on axioms: [propext,
verify	Verify G6 frozen sources serially	2026-10-07T17:10:12.9244599Z  Classical.choice,
verify	Verify G6 frozen sources serially	2026-10-07T17:10:12.9244938Z  Quot.sound]
verify	Verify G6 frozen sources serially	2026-10-07T17:10:12.9245712Z 'GProgram.G5.FrozenTriplePolynomialKernel.occupancy_mass_positive_iff' depends on axioms: [propext,
verify	Verify G6 frozen sources serially	2026-10-07T17:10:12.9246425Z  Classical.choice,
verify	Verify G6 frozen sources serially	2026-10-07T17:10:12.9246851Z  Quot.sound]
verify	Verify G6 frozen sources serially	2026-10-07T17:10:12.9248390Z G6_RECEIPT {"argv": ["lake", "env", "lean", "--trust=0", "-j1", "-M4096", "-o", "/home/runner/work/_temp/g6-cloud-build/.lake/build/lib/lean/G5FrozenTriplePolynomialKernel.olean", "/home/runner/work/_temp/g6-cloud-build/G5FrozenTriplePolynomialKernel.lean"], "start": "2026-10-07T17:10:07.889798+00:00", "end": "2026-10-07T17:10:12.920305+00:00", "exit": 0, "output_sha256": "3034ea337ddb405eb1f495e0f5a79a7a5eb603f4738be22a8ba1126e4a751d98"}
verify	Verify G6 frozen sources serially	2026-10-07T17:10:12.9251102Z G6_COMMAND {"argv": ["lake", "env", "lean", "--trust=0", "-j1", "-M4096", "-o", "/home/runner/work/_temp/g6-cloud-build/.lake/build/lib/lean/G5FrozenTripleAnalyticSupport.olean", "/home/runner/work/_temp/g6-cloud-build/G5FrozenTripleAnalyticSupport.lean"], "cwd": "/home/runner/work/_temp/g6-cloud-build", "start": "2026-10-07T17:10:12.920703+00:00"}
verify	Verify G6 frozen sources serially	2026-10-07T17:10:18.0898154Z 'GProgram.G5.FrozenTripleAnalyticSupport.exp_parameter_bounds' depends on axioms: [propext,
verify	Verify G6 frozen sources serially	2026-10-07T17:10:18.0898933Z  Classical.choice,
verify	Verify G6 frozen sources serially	2026-10-07T17:10:18.0899152Z  Quot.sound]
verify	Verify G6 frozen sources serially	2026-10-07T17:10:18.0899684Z 'GProgram.G5.FrozenTripleAnalyticSupport.exp_parameter_decay' depends on axioms: [propext, Classical.choice, Quot.sound]
verify	Verify G6 frozen sources serially	2026-10-07T17:10:18.0900602Z 'GProgram.G5.FrozenTripleAnalyticSupport.row_polynomial' depends on axioms: [propext, Classical.choice, Quot.sound]
verify	Verify G6 frozen sources serially	2026-10-07T17:10:18.0901403Z 'GProgram.G5.FrozenTripleAnalyticSupport.row_coefficients_evaluation' depends on axioms: [propext,
verify	Verify G6 frozen sources serially	2026-10-07T17:10:18.0901907Z  Classical.choice,
verify	Verify G6 frozen sources serially	2026-10-07T17:10:18.0902109Z  Quot.sound]
verify	Verify G6 frozen sources serially	2026-10-07T17:10:18.0902549Z 'GProgram.G5.FrozenTripleAnalyticSupport.frozen_coefficients_evaluation' depends on axioms: [propext,
verify	Verify G6 frozen sources serially	2026-10-07T17:10:18.0903068Z  Classical.choice,
verify	Verify G6 frozen sources serially	2026-10-07T17:10:18.0903265Z  Quot.sound]
verify	Verify G6 frozen sources serially	2026-10-07T17:10:18.0903674Z 'GProgram.G5.FrozenTripleAnalyticSupport.frozen_mixture_limit' depends on axioms: [propext,
verify	Verify G6 frozen sources serially	2026-10-07T17:10:18.0904161Z  Classical.choice,
verify	Verify G6 frozen sources serially	2026-10-07T17:10:18.0904353Z  Quot.sound]
verify	Verify G6 frozen sources serially	2026-10-07T17:10:18.0904793Z 'GProgram.G5.FrozenTripleAnalyticSupport.frozen_mixtures_eq_of_right_germ' depends on axioms: [propext,
verify	Verify G6 frozen sources serially	2026-10-07T17:10:18.0905313Z  Classical.choice,
verify	Verify G6 frozen sources serially	2026-10-07T17:10:18.0905511Z  Quot.sound]
verify	Verify G6 frozen sources serially	2026-10-07T17:10:18.0905938Z 'GProgram.G5.FrozenTripleAnalyticSupport.occupancy_masses_eq_of_right_germ' depends on axioms: [propext,
verify	Verify G6 frozen sources serially	2026-10-07T17:10:18.0906440Z  Classical.choice,
verify	Verify G6 frozen sources serially	2026-10-07T17:10:18.0907430Z  Quot.sound]
verify	Verify G6 frozen sources serially	2026-10-07T17:10:18.0907921Z 'GProgram.G5.FrozenTripleAnalyticSupport.occupancy_support_eq_of_right_germ' depends on axioms: [propext,
verify	Verify G6 frozen sources serially	2026-10-07T17:10:18.0908442Z  Classical.choice,
verify	Verify G6 frozen sources serially	2026-10-07T17:10:18.0908642Z  Quot.sound]
verify	Verify G6 frozen sources serially	2026-10-07T17:10:18.0910079Z G6_RECEIPT {"argv": ["lake", "env", "lean", "--trust=0", "-j1", "-M4096", "-o", "/home/runner/work/_temp/g6-cloud-build/.lake/build/lib/lean/G5FrozenTripleAnalyticSupport.olean", "/home/runner/work/_temp/g6-cloud-build/G5FrozenTripleAnalyticSupport.lean"], "start": "2026-10-07T17:10:12.920703+00:00", "end": "2026-10-07T17:10:18.085813+00:00", "exit": 0, "output_sha256": "47ca1a45a3440088ae38fa601816c8b6050a0f464bd69c436f3c0ef970edb26d"}
verify	Verify G6 frozen sources serially	2026-10-07T17:10:18.0912187Z G6_COMMAND {"argv": ["lake", "env", "lean", "--trust=0", "-j1", "-M4096", "/home/runner/work/_temp/g6-cloud-build/g6-evidence/DeclarationAudit.lean"], "cwd": "/home/runner/work/_temp/g6-cloud-build", "start": "2026-10-07T17:10:18.087325+00:00"}
verify	Verify G6 frozen sources serially	2026-10-07T17:10:20.9526228Z 'CloudG3.ApproximateMomentBarrier.approximate_coupled_barrier' depends on axioms: [propext,
verify	Verify G6 frozen sources serially	2026-10-07T17:10:20.9527507Z  Classical.choice,
verify	Verify G6 frozen sources serially	2026-10-07T17:10:20.9527888Z  Quot.sound]
verify	Verify G6 frozen sources serially	2026-10-07T17:10:20.9528576Z 'UnifiedLean.G6.FiniteProbability.tv' depends on axioms: [propext, Classical.choice, Quot.sound]
verify	Verify G6 frozen sources serially	2026-10-07T17:10:20.9529989Z 'UnifiedLean.G6.FiniteProbability.common_subprobability_tv' depends on axioms: [propext, Classical.choice, Quot.sound]
verify	Verify G6 frozen sources serially	2026-10-07T17:10:20.9531505Z 'UnifiedLean.G6.FiniteProbability.common_subprobability_mass' depends on axioms: [propext, Classical.choice, Quot.sound]
verify	Verify G6 frozen sources serially	2026-10-07T17:10:20.9532870Z 'UnifiedLean.G6.FiniteProbability.common_subprobability_event' depends on axioms: [propext,
verify	Verify G6 frozen sources serially	2026-10-07T17:10:20.9533708Z  Classical.choice,
verify	Verify G6 frozen sources serially	2026-10-07T17:10:20.9534421Z  Quot.sound]
verify	Verify G6 frozen sources serially	2026-10-07T17:10:20.9535229Z 'UnifiedLean.G6.FiniteProbability.scaled_domination_tv' depends on axioms: [propext, Classical.choice, Quot.sound]
verify	Verify G6 frozen sources serially	2026-10-07T17:10:20.9562690Z 'UnifiedLean.G6.FiniteProbability.pmf_sum_real' depends on axioms: [propext, Classical.choice, Quot.sound]
verify	Verify G6 frozen sources serially	2026-10-07T17:10:20.9564076Z 'UnifiedLean.G6.FiniteProbability.pmfTV' depends on axioms: [propext, Classical.choice, Quot.sound]
verify	Verify G6 frozen sources serially	2026-10-07T17:10:20.9565434Z 'UnifiedLean.G6.FiniteProbability.pmf_scaled_domination_tv' depends on axioms: [propext, Classical.choice, Quot.sound]
verify	Verify G6 frozen sources serially	2026-10-07T17:10:20.9566926Z 'UnifiedLean.G6.FiniteProbability.pmf_scaled_domination_event' depends on axioms: [propext,
verify	Verify G6 frozen sources serially	2026-10-07T17:10:20.9567967Z  Classical.choice,
verify	Verify G6 frozen sources serially	2026-10-07T17:10:20.9568294Z  Quot.sound]
verify	Verify G6 frozen sources serially	2026-10-07T17:10:20.9569007Z 'UnifiedLean.G6.Conditioning.retainedMass' depends on axioms: [propext, Classical.choice, Quot.sound]
verify	Verify G6 frozen sources serially	2026-10-07T17:10:20.9570302Z 'UnifiedLean.G6.Conditioning.retainedMass_ne_zero' depends on axioms: [propext, Classical.choice, Quot.sound]
verify	Verify G6 frozen sources serially	2026-10-07T17:10:20.9571663Z 'UnifiedLean.G6.Conditioning.retainedMass_ne_top' depends on axioms: [propext, Classical.choice, Quot.sound]
verify	Verify G6 frozen sources serially	2026-10-07T17:10:20.9572967Z 'UnifiedLean.G6.Conditioning.retainedMass_le_one' depends on axioms: [propext, Classical.choice, Quot.sound]
verify	Verify G6 frozen sources serially	2026-10-07T17:10:20.9574236Z 'UnifiedLean.G6.Conditioning.filter_scaled' depends on axioms: [propext, Classical.choice, Quot.sound]
verify	Verify G6 frozen sources serially	2026-10-07T17:10:20.9575529Z 'UnifiedLean.G6.Conditioning.filtered_bind_domination' depends on axioms: [propext, Classical.choice, Quot.sound]
verify	Verify G6 frozen sources serially	2026-10-07T17:10:20.9577206Z 'UnifiedLean.G6.Conditioning.filtered_bind_domination_real' depends on axioms: [propext, Classical.choice, Quot.sound]
verify	Verify G6 frozen sources serially	2026-10-07T17:10:20.9578655Z 'UnifiedLean.G6.Conditioning.retainedMass_real_bounds' depends on axioms: [propext, Classical.choice, Quot.sound]
verify	Verify G6 frozen sources serially	2026-10-07T17:10:20.9580031Z 'UnifiedLean.G6.Conditioning.retainedMass_finset' depends on axioms: [propext, Classical.choice, Quot.sound]
verify	Verify G6 frozen sources serially	2026-10-07T17:10:20.9581424Z 'UnifiedLean.G6.Conditioning.conditioned_mixture_tv' depends on axioms: [propext, Classical.choice, Quot.sound]
verify	Verify G6 frozen sources serially	2026-10-07T17:10:20.9582639Z 'UnifiedLean.G6.Conditioning.conditioned_joint_observation_tv' depends on axioms: [propext,
verify	Verify G6 frozen sources serially	2026-10-07T17:10:20.9583515Z  Classical.choice,
verify	Verify G6 frozen sources serially	2026-10-07T17:10:20.9583838Z  Quot.sound]
verify	Verify G6 frozen sources serially	2026-10-07T17:10:20.9584491Z 'UnifiedLean.G6.Conditioning.conditioned_joint_observation_event' depends on axioms: [propext,
verify	Verify G6 frozen sources serially	2026-10-07T17:10:20.9585276Z  Classical.choice,
verify	Verify G6 frozen sources serially	2026-10-07T17:10:20.9585592Z  Quot.sound]
verify	Verify G6 frozen sources serially	2026-10-07T17:10:20.9586283Z 'UnifiedLean.G6.SourcePrefix.taylorTerm' depends on axioms: [propext, Classical.choice, Quot.sound]
verify	Verify G6 frozen sources serially	2026-10-07T17:10:20.9587731Z 'UnifiedLean.G6.SourcePrefix.taylorPrefix' depends on axioms: [propext, Classical.choice, Quot.sound]
verify	Verify G6 frozen sources serially	2026-10-07T17:10:20.9588998Z 'UnifiedLean.G6.SourcePrefix.count_zero_ne_zero' depends on axioms: [propext, Classical.choice, Quot.sound]
verify	Verify G6 frozen sources serially	2026-10-07T17:10:20.9590046Z 'UnifiedLean.G6.SourcePrefix.prefix_has_support' depends on axioms: [propext, Classical.choice, Quot.sound]
verify	Verify G6 frozen sources serially	2026-10-07T17:10:20.9590802Z 'UnifiedLean.G6.SourcePrefix.prefixCount' depends on axioms: [propext, Classical.choice, Quot.sound]
verify	Verify G6 frozen sources serially	2026-10-07T17:10:20.9591516Z 'UnifiedLean.G6.SourcePrefix.prefixMass' depends on axioms: [propext, Classical.choice, Quot.sound]
verify	Verify G6 frozen sources serially	2026-10-07T17:10:20.9592236Z 'UnifiedLean.G6.SourcePrefix.prefixCount_support' depends on axioms: [propext, Classical.choice, Quot.sound]
verify	Verify G6 frozen sources serially	2026-10-07T17:10:20.9593011Z 'UnifiedLean.G6.SourcePrefix.prefixMass_bounds' depends on axioms: [propext, Classical.choice, Quot.sound]
verify	Verify G6 frozen sources serially	2026-10-07T17:10:20.9593755Z 'UnifiedLean.G6.SourcePrefix.prefixMass_taylor' depends on axioms: [propext, Classical.choice, Quot.sound]
verify	Verify G6 frozen sources serially	2026-10-07T17:10:20.9594480Z 'UnifiedLean.G6.SourcePrefix.taylorPrefix_pos' depends on axioms: [propext, Classical.choice, Quot.sound]
verify	Verify G6 frozen sources serially	2026-10-07T17:10:20.9595193Z 'UnifiedLean.G6.SourcePrefix.prefixCount_real' depends on axioms: [propext, Classical.choice, Quot.sound]
verify	Verify G6 frozen sources serially	2026-10-07T17:10:20.9596133Z 'UnifiedLean.G6.SourcePrefix.finiteSourcePrefix' depends on axioms: [propext, Classical.choice, Quot.sound]
verify	Verify G6 frozen sources serially	2026-10-07T17:10:20.9597359Z 'UnifiedLean.G6.SourcePrefix.actual_source_prefix_domination' depends on axioms: [propext, Classical.choice, Quot.sound]
verify	Verify G6 frozen sources serially	2026-10-07T17:10:20.9598435Z 'UnifiedLean.G6.SourcePrefix.actual_source_prefix_tv' depends on axioms: [propext, Classical.choice, Quot.sound]
verify	Verify G6 frozen sources serially	2026-10-07T17:10:20.9599219Z 'UnifiedLean.G6.SourcePrefix.actual_source_joint_readout_tv' depends on axioms: [propext, Classical.choice, Quot.sound]
verify	Verify G6 frozen sources serially	2026-10-07T17:10:20.9599941Z 'UnifiedLean.G6.SourcePrefix.actual_source_joint_readout_event' depends on axioms: [propext,
verify	Verify G6 frozen sources serially	2026-10-07T17:10:20.9600546Z  Classical.choice,
verify	Verify G6 frozen sources serially	2026-10-07T17:10:20.9600743Z  Quot.sound]
verify	Verify G6 frozen sources serially	2026-10-07T17:10:20.9601181Z 'UnifiedLean.G6.ProgramPrefix.bind_scaled_domination' depends on axioms: [propext, Classical.choice, Quot.sound]
verify	Verify G6 frozen sources serially	2026-10-07T17:10:20.9601931Z 'UnifiedLean.G6.ProgramPrefix.map_scaled_domination' depends on axioms: [propext, Classical.choice, Quot.sound]
verify	Verify G6 frozen sources serially	2026-10-07T17:10:20.9602675Z 'UnifiedLean.G6.ProgramPrefix.stepMass' depends on axioms: [propext, Classical.choice, Quot.sound]
verify	Verify G6 frozen sources serially	2026-10-07T17:10:20.9603521Z 'UnifiedLean.G6.ProgramPrefix.programMass' depends on axioms: [propext, Classical.choice, Quot.sound]
verify	Verify G6 frozen sources serially	2026-10-07T17:10:20.9604856Z 'UnifiedLean.G6.ProgramPrefix.finiteProgramStep' depends on axioms: [propext, Classical.choice, Quot.sound]
verify	Verify G6 frozen sources serially	2026-10-07T17:10:20.9606253Z 'UnifiedLean.G6.ProgramPrefix.finiteProgram' depends on axioms: [propext, Classical.choice, Quot.sound]
verify	Verify G6 frozen sources serially	2026-10-07T17:10:20.9607731Z 'UnifiedLean.G6.ProgramPrefix.stepMass_le_one' depends on axioms: [propext, Classical.choice, Quot.sound]
verify	Verify G6 frozen sources serially	2026-10-07T17:10:20.9608605Z 'UnifiedLean.G6.ProgramPrefix.programMass_le_one' depends on axioms: [propext, Classical.choice, Quot.sound]
verify	Verify G6 frozen sources serially	2026-10-07T17:10:20.9609372Z 'UnifiedLean.G6.ProgramPrefix.program_deficit_le_sum' depends on axioms: [propext, Classical.choice, Quot.sound]
verify	Verify G6 frozen sources serially	2026-10-07T17:10:20.9610130Z 'UnifiedLean.G6.ProgramPrefix.actual_step_domination' depends on axioms: [propext, Classical.choice, Quot.sound]
verify	Verify G6 frozen sources serially	2026-10-07T17:10:20.9610896Z 'UnifiedLean.G6.ProgramPrefix.actual_program_domination' depends on axioms: [propext, Classical.choice, Quot.sound]
verify	Verify G6 frozen sources serially	2026-10-07T17:10:20.9611624Z 'UnifiedLean.G6.ProgramPrefix.same_initial_distribution_domination' depends on axioms: [propext,
verify	Verify G6 frozen sources serially	2026-10-07T17:10:20.9612084Z  Classical.choice,
verify	Verify G6 frozen sources serially	2026-10-07T17:10:20.9612280Z  Quot.sound]
verify	Verify G6 frozen sources serially	2026-10-07T17:10:20.9612738Z 'UnifiedLean.G6.ProgramPrefix.same_initial_distribution_tv' depends on axioms: [propext, Classical.choice, Quot.sound]
verify	Verify G6 frozen sources serially	2026-10-07T17:10:20.9613538Z 'UnifiedLean.G6.ProgramPrefix.same_initial_joint_readout_tv' depends on axioms: [propext, Classical.choice, Quot.sound]
verify	Verify G6 frozen sources serially	2026-10-07T17:10:20.9614246Z 'UnifiedLean.G6.ProgramPrefix.same_initial_joint_readout_event' depends on axioms: [propext,
verify	Verify G6 frozen sources serially	2026-10-07T17:10:20.9614683Z  Classical.choice,
verify	Verify G6 frozen sources serially	2026-10-07T17:10:20.9614873Z  Quot.sound]
verify	Verify G6 frozen sources serially	2026-10-07T17:10:20.9615246Z 'UnifiedLean.G6.ProgramPrefix.same_initial_distribution_tv_budget' depends on axioms: [propext,
verify	Verify G6 frozen sources serially	2026-10-07T17:10:20.9615702Z  Classical.choice,
verify	Verify G6 frozen sources serially	2026-10-07T17:10:20.9615889Z  Quot.sound]
verify	Verify G6 frozen sources serially	2026-10-07T17:10:20.9616267Z 'UnifiedLean.G6.ProgramPrefix.same_initial_joint_readout_tv_budget' depends on axioms: [propext,
verify	Verify G6 frozen sources serially	2026-10-07T17:10:20.9616958Z  Classical.choice,
verify	Verify G6 frozen sources serially	2026-10-07T17:10:20.9617156Z  Quot.sound]
verify	Verify G6 frozen sources serially	2026-10-07T17:10:20.9617598Z 'UnifiedLean.G6.TaylorCertificate.taylorTerm_nonneg' depends on axioms: [propext, Classical.choice, Quot.sound]
verify	Verify G6 frozen sources serially	2026-10-07T17:10:20.9618388Z 'UnifiedLean.G6.TaylorCertificate.taylorTerm_succ' depends on axioms: [propext, Classical.choice, Quot.sound]
verify	Verify G6 frozen sources serially	2026-10-07T17:10:20.9619137Z 'UnifiedLean.G6.TaylorCertificate.taylor_hasSum' depends on axioms: [propext, Classical.choice, Quot.sound]
verify	Verify G6 frozen sources serially	2026-10-07T17:10:20.9619894Z 'UnifiedLean.G6.TaylorCertificate.taylor_tail_geometric' depends on axioms: [propext, Classical.choice, Quot.sound]
verify	Verify G6 frozen sources serially	2026-10-07T17:10:20.9620672Z 'UnifiedLean.G6.TaylorCertificate.taylor_tail_bound' depends on axioms: [propext, Classical.choice, Quot.sound]
verify	Verify G6 frozen sources serially	2026-10-07T17:10:20.9621648Z 'UnifiedLean.G6.TaylorCertificate.exp_le_taylor_enclosure' depends on axioms: [propext, Classical.choice, Quot.sound]
verify	Verify G6 frozen sources serially	2026-10-07T17:10:20.9622409Z 'UnifiedLean.G6.TaylorCertificate.errorBound' depends on axioms: [propext, Classical.choice, Quot.sound]
verify	Verify G6 frozen sources serially	2026-10-07T17:10:20.9623093Z 'UnifiedLean.G6.TaylorCertificate.prefix_deficit_le_certificate' depends on axioms: [propext,
verify	Verify G6 frozen sources serially	2026-10-07T17:10:20.9623540Z  Classical.choice,
verify	Verify G6 frozen sources serially	2026-10-07T17:10:20.9623730Z  Quot.sound]
verify	Verify G6 frozen sources serially	2026-10-07T17:10:20.9624124Z 'UnifiedLean.G6.TaylorCertificate.actual_source_prefix_tv_certificate' depends on axioms: [propext,
verify	Verify G6 frozen sources serially	2026-10-07T17:10:20.9624720Z  Classical.choice,
verify	Verify G6 frozen sources serially	2026-10-07T17:10:20.9624910Z  Quot.sound]
verify	Verify G6 frozen sources serially	2026-10-07T17:10:20.9625341Z 'UnifiedLean.G6.TaylorCertificate.actual_source_joint_readout_tv_certificate' depends on axioms: [propext,
verify	Verify G6 frozen sources serially	2026-10-07T17:10:20.9625844Z  Classical.choice,
verify	Verify G6 frozen sources serially	2026-10-07T17:10:20.9626032Z  Quot.sound]
verify	Verify G6 frozen sources serially	2026-10-07T17:10:20.9626505Z 'GProgram.G5.FrozenTripleAnalyticSupport.expParameter' depends on axioms: [propext, Classical.choice, Quot.sound]
verify	Verify G6 frozen sources serially	2026-10-07T17:10:20.9627463Z 'GProgram.G5.FrozenTripleAnalyticSupport.exp_parameter_bounds' depends on axioms: [propext,
verify	Verify G6 frozen sources serially	2026-10-07T17:10:20.9627920Z  Classical.choice,
verify	Verify G6 frozen sources serially	2026-10-07T17:10:20.9628113Z  Quot.sound]
verify	Verify G6 frozen sources serially	2026-10-07T17:10:20.9628590Z 'GProgram.G5.FrozenTripleAnalyticSupport.exp_parameter_decay' depends on axioms: [propext, Classical.choice, Quot.sound]
verify	Verify G6 frozen sources serially	2026-10-07T17:10:20.9629438Z 'GProgram.G5.FrozenTripleAnalyticSupport.linearCoefficient' depends on axioms: [propext, Classical.choice, Quot.sound]
verify	Verify G6 frozen sources serially	2026-10-07T17:10:20.9630295Z 'GProgram.G5.FrozenTripleAnalyticSupport.cubicCoefficient' depends on axioms: [propext, Classical.choice, Quot.sound]
verify	Verify G6 frozen sources serially	2026-10-07T17:10:20.9631113Z 'GProgram.G5.FrozenTripleAnalyticSupport.row_polynomial' depends on axioms: [propext, Classical.choice, Quot.sound]
verify	Verify G6 frozen sources serially	2026-10-07T17:10:20.9631932Z 'GProgram.G5.FrozenTripleAnalyticSupport.rowCoefficients' depends on axioms: [propext, Classical.choice, Quot.sound]
verify	Verify G6 frozen sources serially	2026-10-07T17:10:20.9632696Z 'GProgram.G5.FrozenTripleAnalyticSupport.row_coefficients_evaluation' depends on axioms: [propext,
verify	Verify G6 frozen sources serially	2026-10-07T17:10:20.9633174Z  Classical.choice,
verify	Verify G6 frozen sources serially	2026-10-07T17:10:20.9633370Z  Quot.sound]
verify	Verify G6 frozen sources serially	2026-10-07T17:10:20.9633842Z 'GProgram.G5.FrozenTripleAnalyticSupport.frozenMixture' depends on axioms: [propext, Classical.choice, Quot.sound]
verify	Verify G6 frozen sources serially	2026-10-07T17:10:20.9634686Z 'GProgram.G5.FrozenTripleAnalyticSupport.frozenCoefficients' depends on axioms: [propext, Classical.choice, Quot.sound]
verify	Verify G6 frozen sources serially	2026-10-07T17:10:20.9635479Z 'GProgram.G5.FrozenTripleAnalyticSupport.frozen_coefficients_evaluation' depends on axioms: [propext,
verify	Verify G6 frozen sources serially	2026-10-07T17:10:20.9635974Z  Classical.choice,
verify	Verify G6 frozen sources serially	2026-10-07T17:10:20.9636163Z  Quot.sound]
verify	Verify G6 frozen sources serially	2026-10-07T17:10:20.9636539Z 'GProgram.G5.FrozenTripleAnalyticSupport.frozen_mixture_limit' depends on axioms: [propext,
verify	Verify G6 frozen sources serially	2026-10-07T17:10:20.9637231Z  Classical.choice,
verify	Verify G6 frozen sources serially	2026-10-07T17:10:20.9637424Z  Quot.sound]
verify	Verify G6 frozen sources serially	2026-10-07T17:10:20.9637852Z 'GProgram.G5.FrozenTripleAnalyticSupport.frozen_mixtures_eq_of_right_germ' depends on axioms: [propext,
verify	Verify G6 frozen sources serially	2026-10-07T17:10:20.9638353Z  Classical.choice,
verify	Verify G6 frozen sources serially	2026-10-07T17:10:20.9638538Z  Quot.sound]
verify	Verify G6 frozen sources serially	2026-10-07T17:10:20.9638967Z 'GProgram.G5.FrozenTripleAnalyticSupport.occupancy_masses_eq_of_right_germ' depends on axioms: [propext,
verify	Verify G6 frozen sources serially	2026-10-07T17:10:20.9639461Z  Classical.choice,
verify	Verify G6 frozen sources serially	2026-10-07T17:10:20.9639647Z  Quot.sound]
verify	Verify G6 frozen sources serially	2026-10-07T17:10:20.9640072Z 'GProgram.G5.FrozenTripleAnalyticSupport.occupancy_support_eq_of_right_germ' depends on axioms: [propext,
verify	Verify G6 frozen sources serially	2026-10-07T17:10:20.9640570Z  Classical.choice,
verify	Verify G6 frozen sources serially	2026-10-07T17:10:20.9640753Z  Quot.sound]
verify	Verify G6 frozen sources serially	2026-10-07T17:10:20.9641813Z G6_RECEIPT {"argv": ["lake", "env", "lean", "--trust=0", "-j1", "-M4096", "/home/runner/work/_temp/g6-cloud-build/g6-evidence/DeclarationAudit.lean"], "start": "2026-10-07T17:10:18.087325+00:00", "end": "2026-10-07T17:10:20.952450+00:00", "exit": 0, "output_sha256": "af9c8dc3e782f3212aabe85fd4bd5f76eaa887a1e5a89045a1019bf7f3d553e5"}
verify	Verify G6 frozen sources serially	2026-10-07T17:10:20.9643947Z CLOUD_SELECTED_AXIOM_AUDIT_PASSED {"G3ApproximateMomentBarrier": 1, "UnifiedLean.G6.FiniteProbability": 9, "UnifiedLean.G6.Conditioning": 12, "UnifiedLean.G6.SourcePrefix": 16, "UnifiedLean.G6.ProgramPrefix": 17, "UnifiedLean.G6.TaylorCertificate": 10, "G5FrozenTripleAnalyticSupport": 15}
verify	Verify G6 frozen sources serially	2026-10-07T17:10:20.9645079Z G6_AXIOM_AUDIT_PASSED declarations=64
verify	Verify G6 frozen sources serially	2026-10-07T17:10:20.9645460Z G6_SELECTED_COMPONENTS_PASSED commit=1eb4b9a7f39f50aa6bc59f2791e82d380764fdf5
verify	Verify G6 frozen sources serially	2026-10-07T17:10:20.9646030Z CLOUD_TARGET_PASSED G3ApproximateMomentBarrier commit=1eb4b9a7f39f50aa6bc59f2791e82d380764fdf5
verify	Verify G6 frozen sources serially	2026-10-07T17:10:20.9646900Z CLOUD_TARGET_PASSED UnifiedLean.G6.FiniteProbability commit=1eb4b9a7f39f50aa6bc59f2791e82d380764fdf5
verify	Verify G6 frozen sources serially	2026-10-07T17:10:20.9647700Z CLOUD_TARGET_PASSED UnifiedLean.G6.Conditioning commit=1eb4b9a7f39f50aa6bc59f2791e82d380764fdf5
verify	Verify G6 frozen sources serially	2026-10-07T17:10:20.9648338Z CLOUD_TARGET_PASSED UnifiedLean.G6.SourcePrefix commit=1eb4b9a7f39f50aa6bc59f2791e82d380764fdf5
verify	Verify G6 frozen sources serially	2026-10-07T17:10:20.9648976Z CLOUD_TARGET_PASSED UnifiedLean.G6.ProgramPrefix commit=1eb4b9a7f39f50aa6bc59f2791e82d380764fdf5
verify	Verify G6 frozen sources serially	2026-10-07T17:10:20.9649638Z CLOUD_TARGET_PASSED UnifiedLean.G6.TaylorCertificate commit=1eb4b9a7f39f50aa6bc59f2791e82d380764fdf5
verify	Verify G6 frozen sources serially	2026-10-07T17:10:20.9650302Z CLOUD_TARGET_PASSED G5FrozenTripleAnalyticSupport commit=1eb4b9a7f39f50aa6bc59f2791e82d380764fdf5
verify	Preserve actual success and failure evidence	﻿2026-10-07T17:10:20.9755021Z ##[group]Run actions/upload-artifact@ea165f8d65b6e75b540449e92b4886f43607fa02
verify	Preserve actual success and failure evidence	2026-10-07T17:10:20.9755457Z with:
verify	Preserve actual success and failure evidence	2026-10-07T17:10:20.9755668Z   name: g6-cloud-evidence-37655542723
verify	Preserve actual success and failure evidence	2026-10-07T17:10:20.9756402Z   path: /home/runner/work/_temp/g6-cloud-build/g6-evidence/
verify	Preserve actual success and failure evidence	/home/runner/work/_temp/g567-lean-4.33.1/lean-version.txt
verify	Preserve actual success and failure evidence	/home/runner/work/_temp/g567-lean-4.33.1/runtime-smoke.log
verify	Preserve actual success and failure evidence	
verify	Preserve actual success and failure evidence	2026-10-07T17:10:20.9757473Z   if-no-files-found: warn
verify	Preserve actual success and failure evidence	2026-10-07T17:10:20.9757707Z   retention-days: 30
verify	Preserve actual success and failure evidence	2026-10-07T17:10:20.9757919Z   compression-level: 6
verify	Preserve actual success and failure evidence	2026-10-07T17:10:20.9758141Z   overwrite: false
verify	Preserve actual success and failure evidence	2026-10-07T17:10:20.9758349Z   include-hidden-files: false
verify	Preserve actual success and failure evidence	2026-10-07T17:10:20.9758618Z ##[endgroup]
verify	Preserve actual success and failure evidence	2026-10-07T17:10:21.1466222Z (node:5663) [DEP0040] DeprecationWarning: The `punycode` module is deprecated. Please use a userland alternative instead.
verify	Preserve actual success and failure evidence	2026-10-07T17:10:21.1467680Z (Use `node --trace-deprecation ...` to show where the warning was created)
verify	Preserve actual success and failure evidence	2026-10-07T17:10:21.1999044Z Multiple search paths detected. Calculating the least common ancestor of all paths
verify	Preserve actual success and failure evidence	2026-10-07T17:10:21.2001981Z The least common ancestor is /home/runner/work/_temp. This will be the root directory of the artifact
verify	Preserve actual success and failure evidence	2026-10-07T17:10:21.2002992Z With the provided path, there will be 242 files uploaded
verify	Preserve actual success and failure evidence	2026-10-07T17:10:21.2009090Z Artifact name is valid!
verify	Preserve actual success and failure evidence	2026-10-07T17:10:21.2009525Z Root directory input is valid!
verify	Preserve actual success and failure evidence	2026-10-07T17:10:21.5958638Z Beginning upload of artifact content to blob storage
verify	Preserve actual success and failure evidence	2026-10-07T17:10:21.8116440Z (node:5663) [DEP0169] DeprecationWarning: `url.parse()` behavior is not standardized and prone to errors that have security implications. Use the WHATWG URL API instead. CVEs are not issued for `url.parse()` vulnerabilities.
verify	Preserve actual success and failure evidence	2026-10-07T17:10:22.2513196Z Uploaded bytes 183218
verify	Preserve actual success and failure evidence	2026-10-07T17:10:22.3236606Z Finished uploading artifact content to blob storage!
verify	Preserve actual success and failure evidence	2026-10-07T17:10:22.3237744Z SHA256 digest of uploaded artifact zip is 470fadecbd4364cf545016a5fce0ca1e01b9c47297ded5784d2e16243a63bc42
verify	Preserve actual success and failure evidence	2026-10-07T17:10:22.3239848Z Finalizing artifact upload
verify	Preserve actual success and failure evidence	2026-10-07T17:10:22.6395399Z Artifact g6-cloud-evidence-37655542723.zip successfully finalized. Artifact ID 11499930148
verify	Preserve actual success and failure evidence	2026-10-07T17:10:22.6397572Z Artifact g6-cloud-evidence-37655542723 has been successfully uploaded! Final size is 183218 bytes. Artifact ID is 11499930148
verify	Preserve actual success and failure evidence	2026-10-07T17:10:22.6402666Z Artifact download URL: https://github.com/Sodelin/Research-Commons/actions/runs/37655542723/artifacts/11499930148
verify	Complete job	﻿2026-10-07T17:10:22.6588626Z Cleaning up orphan processes
verify	Complete job	2026-10-07T17:10:22.6915444Z ##[warning]Node.js 20 is deprecated. The following actions target Node.js 20 but are being forced to run on Node.js 24: actions/upload-artifact@ea165f8d65b6e75b540449e92b4886f43607fa02. For more information see: https://github.blog/changelog/2025-09-19-deprecation-of-node-20-on-github-actions-runners/
