verify	Set up job	﻿2026-10-07T16:44:59.4916578Z Current runner version: '2.337.0'
verify	Set up job	2026-10-07T16:44:59.4944596Z ##[group]Runner Image Provisioner
verify	Set up job	2026-10-07T16:44:59.4945487Z Hosted Compute Agent
verify	Set up job	2026-10-07T16:44:59.4946298Z Version: 20260901.588
verify	Set up job	2026-10-07T16:44:59.4946939Z Commit: f88ec8081b781fac6c440065ac7ff9e710ce3d0b
verify	Set up job	2026-10-07T16:44:59.4948114Z Build Date: 2026-09-01T19:56:44Z
verify	Set up job	2026-10-07T16:44:59.4948827Z Worker ID: {dcfb2141-edd3-4d14-bac5-3e4116e1832a}
verify	Set up job	2026-10-07T16:44:59.4949586Z Azure Region: northcentralus
verify	Set up job	2026-10-07T16:44:59.4950288Z ##[endgroup]
verify	Set up job	2026-10-07T16:44:59.4951834Z ##[group]Operating System
verify	Set up job	2026-10-07T16:44:59.4952556Z Ubuntu
verify	Set up job	2026-10-07T16:44:59.4953114Z 24.04.5
verify	Set up job	2026-10-07T16:44:59.4953669Z LTS
verify	Set up job	2026-10-07T16:44:59.4954274Z ##[endgroup]
verify	Set up job	2026-10-07T16:44:59.4954833Z ##[group]Runner Image
verify	Set up job	2026-10-07T16:44:59.4955466Z Image: ubuntu-24.04
verify	Set up job	2026-10-07T16:44:59.4956063Z Version: 20260927.320.1
verify	Set up job	2026-10-07T16:44:59.4957520Z Included Software: https://github.com/actions/runner-images/blob/ubuntu24/20260927.320/images/ubuntu/Ubuntu2404-Readme.md
verify	Set up job	2026-10-07T16:44:59.4959508Z Image Release: https://github.com/actions/runner-images/releases/tag/ubuntu24%2F20260927.320
verify	Set up job	2026-10-07T16:44:59.4960914Z ##[endgroup]
verify	Set up job	2026-10-07T16:44:59.4962160Z ##[group]GITHUB_TOKEN Permissions
verify	Set up job	2026-10-07T16:44:59.4964405Z Actions: read
verify	Set up job	2026-10-07T16:44:59.4965058Z Contents: read
verify	Set up job	2026-10-07T16:44:59.4965620Z Metadata: read
verify	Set up job	2026-10-07T16:44:59.4966224Z ##[endgroup]
verify	Set up job	2026-10-07T16:44:59.4969102Z Secret source: Actions
verify	Set up job	2026-10-07T16:44:59.4970187Z Cache mode: write
verify	Set up job	2026-10-07T16:44:59.4971097Z Prepare workflow directory
verify	Set up job	2026-10-07T16:44:59.5317841Z Prepare all required actions
verify	Set up job	2026-10-07T16:44:59.5366422Z Getting action download info
verify	Set up job	2026-10-07T16:44:59.8140770Z Download action repository 'actions/upload-artifact@ea165f8d65b6e75b540449e92b4886f43607fa02' (SHA:ea165f8d65b6e75b540449e92b4886f43607fa02)
verify	Set up job	2026-10-07T16:45:00.0752865Z Complete job name: verify
verify	Fetch frozen public input	﻿2026-10-07T16:45:00.1582822Z ##[group]Run set -euo pipefail
verify	Fetch frozen public input	2026-10-07T16:45:00.1583529Z [36;1mset -euo pipefail[0m
verify	Fetch frozen public input	2026-10-07T16:45:00.1584190Z [36;1mgit init --quiet "$RUNNER_TEMP/research-commons"[0m
verify	Fetch frozen public input	2026-10-07T16:45:00.1585259Z [36;1mgit -C "$RUNNER_TEMP/research-commons" remote add origin "https://github.com/$GITHUB_REPOSITORY.git"[0m
verify	Fetch frozen public input	2026-10-07T16:45:00.1586513Z [36;1mgit -C "$RUNNER_TEMP/research-commons" fetch --no-tags --depth=1 origin "$GITHUB_SHA"[0m
verify	Fetch frozen public input	2026-10-07T16:45:00.1587771Z [36;1mgit -C "$RUNNER_TEMP/research-commons" checkout --detach FETCH_HEAD[0m
verify	Fetch frozen public input	2026-10-07T16:45:00.1588789Z [36;1mtest "$(git -C "$RUNNER_TEMP/research-commons" rev-parse HEAD)" = "$GITHUB_SHA"[0m
verify	Fetch frozen public input	2026-10-07T16:45:00.1885197Z shell: /usr/bin/bash -e {0}
verify	Fetch frozen public input	2026-10-07T16:45:00.1886176Z ##[endgroup]
verify	Fetch frozen public input	2026-10-07T16:45:03.8823950Z From https://github.com/Sodelin/Research-Commons
verify	Fetch frozen public input	2026-10-07T16:45:03.8824834Z  * branch            eac8195827c1f8075f6946fc160634ec440b0d02 -> FETCH_HEAD
verify	Fetch frozen public input	2026-10-07T16:45:05.3185108Z HEAD is now at eac8195 G6: preserve complete source/program PASS and freeze Taylor, budget, G3 checks
verify	Verify existing pinned runtime	﻿2026-10-07T16:45:05.3365970Z ##[group]Run bash "$RUNNER_TEMP/research-commons/handoffs/2026-10-07-astra-g5-g6-g7-lean/codex-lean/verify-runtime.sh"
verify	Verify existing pinned runtime	2026-10-07T16:45:05.3366978Z [36;1mbash "$RUNNER_TEMP/research-commons/handoffs/2026-10-07-astra-g5-g6-g7-lean/codex-lean/verify-runtime.sh"[0m
verify	Verify existing pinned runtime	2026-10-07T16:45:05.3432656Z shell: /usr/bin/bash -e {0}
verify	Verify existing pinned runtime	2026-10-07T16:45:05.3433005Z ##[endgroup]
verify	Verify existing pinned runtime	2026-10-07T16:45:05.3634996Z   % Total    % Received % Xferd  Average Speed   Time    Time     Time  Current
verify	Verify existing pinned runtime	2026-10-07T16:45:05.3639757Z                                  Dload  Upload   Total   Spent    Left  Speed
verify	Verify existing pinned runtime	2026-10-07T16:45:05.3640363Z 
verify	Verify existing pinned runtime	2026-10-07T16:45:05.5178163Z   0     0    0     0    0     0      0      0 --:--:-- --:--:-- --:--:--     0
verify	Verify existing pinned runtime	2026-10-07T16:45:05.5179127Z   0     0    0     0    0     0      0      0 --:--:-- --:--:-- --:--:--     0
verify	Verify existing pinned runtime	2026-10-07T16:45:05.5871016Z 
verify	Verify existing pinned runtime	2026-10-07T16:45:06.5868714Z   1  543M    1 7470k    0     0  32.6M      0  0:00:16 --:--:--  0:00:16 32.6M
verify	Verify existing pinned runtime	2026-10-07T16:45:06.8455492Z  78  543M   78  426M    0     0   348M      0  0:00:01  0:00:01 --:--:--  419M
verify	Verify existing pinned runtime	2026-10-07T16:45:06.8457446Z 100  543M  100  543M    0     0   367M      0  0:00:01  0:00:01 --:--:--  426M
verify	Verify existing pinned runtime	2026-10-07T16:45:07.2671868Z lean.tar.zst: OK
verify	Verify existing pinned runtime	2026-10-07T16:45:12.6791347Z Lean (version 4.33.1, x86_64-unknown-linux-gnu, commit 819816b2e0a3bf405af45ae5c7af2491d8f5bee6, Release)
verify	Verify existing pinned runtime	2026-10-07T16:45:12.6836936Z Lean (version 4.33.1, x86_64-unknown-linux-gnu, commit 819816b2e0a3bf405af45ae5c7af2491d8f5bee6, Release)
verify	Verify existing pinned runtime	2026-10-07T16:45:12.6852566Z Lean (version 4.33.1, x86_64-unknown-linux-gnu, commit 819816b2e0a3bf405af45ae5c7af2491d8f5bee6, Release)
verify	Verify existing pinned runtime	2026-10-07T16:45:12.6869273Z e8baaa71855a616dc351028f3ad2200051b0671f423a1696a100e809302d5550  /home/runner/work/_temp/g567-lean-4.33.1/lean-4.33.1-linux/bin/lean
verify	Verify existing pinned runtime	2026-10-07T16:45:12.6886107Z 5114a5b2e77fa40336ddd9491ebc5f04e767a5c299b7ebdd637104b1f96d2758  /home/runner/work/_temp/research-commons/handoffs/2026-10-07-astra-g5-g6-g7-lean/codex-lean/RuntimeSmoke.lean
verify	Verify existing pinned runtime	2026-10-07T16:45:12.8899169Z 'ResearchCommonsRuntime.runtimeSmoke' does not depend on any axioms
verify	Verify existing pinned runtime	2026-10-07T16:45:12.9108742Z RUNTIME_SMOKE_PASSED source_commit=eac8195827c1f8075f6946fc160634ec440b0d02
verify	Recover stopped G5 original compiler diagnostics	﻿2026-10-07T16:45:13.1079546Z ##[group]Run python "$RUNNER_TEMP/research-commons/research/2026-10-07-cloud-g6-sol-ultra-1601z/verification/recover_stopped_g5.py" "$RUNNER_TEMP/g6-cloud-build/g6-evidence/stopped-g5-original"
verify	Recover stopped G5 original compiler diagnostics	2026-10-07T16:45:13.1082001Z [36;1mpython "$RUNNER_TEMP/research-commons/research/2026-10-07-cloud-g6-sol-ultra-1601z/verification/recover_stopped_g5.py" "$RUNNER_TEMP/g6-cloud-build/g6-evidence/stopped-g5-original"[0m
verify	Recover stopped G5 original compiler diagnostics	2026-10-07T16:45:13.1152565Z shell: /usr/bin/bash -e {0}
verify	Recover stopped G5 original compiler diagnostics	2026-10-07T16:45:13.1152887Z env:
verify	Recover stopped G5 original compiler diagnostics	2026-10-07T16:45:13.1155899Z   GH_TOKEN: ***
verify	Recover stopped G5 original compiler diagnostics	2026-10-07T16:45:13.1156148Z ##[endgroup]
verify	Recover stopped G5 original compiler diagnostics	2026-10-07T16:45:16.7066726Z G5_ORIGINAL_FAILED_DIAGNOSTIC_BEGIN
verify	Recover stopped G5 original compiler diagnostics	2026-10-07T16:45:16.7067871Z Try this:
verify	Recover stopped G5 original compiler diagnostics	2026-10-07T16:45:16.7068412Z   [apply] ring_nf
verify	Recover stopped G5 original compiler diagnostics	2026-10-07T16:45:16.7068958Z   
verify	Recover stopped G5 original compiler diagnostics	2026-10-07T16:45:16.7069734Z   The `ring` tactic failed to close the goal. Use `ring_nf` to obtain a normal form.
verify	Recover stopped G5 original compiler diagnostics	2026-10-07T16:45:16.7070401Z     
verify	Recover stopped G5 original compiler diagnostics	2026-10-07T16:45:16.7071461Z   Note that `ring` works primarily in *commutative* rings. If you have a noncommutative ring, abelian group or module, consider using `noncomm_ring`, `abel` or `module` instead.
verify	Recover stopped G5 original compiler diagnostics	2026-10-07T16:45:16.7073634Z Try this:
verify	Recover stopped G5 original compiler diagnostics	2026-10-07T16:45:16.7074056Z   [apply] ring_nf
verify	Recover stopped G5 original compiler diagnostics	2026-10-07T16:45:16.7074386Z   
verify	Recover stopped G5 original compiler diagnostics	2026-10-07T16:45:16.7074933Z   The `ring` tactic failed to close the goal. Use `ring_nf` to obtain a normal form.
verify	Recover stopped G5 original compiler diagnostics	2026-10-07T16:45:16.7075671Z     
verify	Recover stopped G5 original compiler diagnostics	2026-10-07T16:45:16.7076936Z   Note that `ring` works primarily in *commutative* rings. If you have a noncommutative ring, abelian group or module, consider using `noncomm_ring`, `abel` or `module` instead.
verify	Recover stopped G5 original compiler diagnostics	2026-10-07T16:45:16.7078553Z Try this:
verify	Recover stopped G5 original compiler diagnostics	2026-10-07T16:45:16.7078877Z   [apply] ring_nf
verify	Recover stopped G5 original compiler diagnostics	2026-10-07T16:45:16.7079206Z   
verify	Recover stopped G5 original compiler diagnostics	2026-10-07T16:45:16.7079755Z   The `ring` tactic failed to close the goal. Use `ring_nf` to obtain a normal form.
verify	Recover stopped G5 original compiler diagnostics	2026-10-07T16:45:16.7080433Z     
verify	Recover stopped G5 original compiler diagnostics	2026-10-07T16:45:16.7081589Z   Note that `ring` works primarily in *commutative* rings. If you have a noncommutative ring, abelian group or module, consider using `noncomm_ring`, `abel` or `module` instead.
verify	Recover stopped G5 original compiler diagnostics	2026-10-07T16:45:16.7083737Z Try this:
verify	Recover stopped G5 original compiler diagnostics	2026-10-07T16:45:16.7084078Z   [apply] ring_nf
verify	Recover stopped G5 original compiler diagnostics	2026-10-07T16:45:16.7084400Z   
verify	Recover stopped G5 original compiler diagnostics	2026-10-07T16:45:16.7084985Z   The `ring` tactic failed to close the goal. Use `ring_nf` to obtain a normal form.
verify	Recover stopped G5 original compiler diagnostics	2026-10-07T16:45:16.7085717Z     
verify	Recover stopped G5 original compiler diagnostics	2026-10-07T16:45:16.7086878Z   Note that `ring` works primarily in *commutative* rings. If you have a noncommutative ring, abelian group or module, consider using `noncomm_ring`, `abel` or `module` instead.
verify	Recover stopped G5 original compiler diagnostics	2026-10-07T16:45:16.7088348Z Try this:
verify	Recover stopped G5 original compiler diagnostics	2026-10-07T16:45:16.7088662Z   [apply] ring_nf
verify	Recover stopped G5 original compiler diagnostics	2026-10-07T16:45:16.7088982Z   
verify	Recover stopped G5 original compiler diagnostics	2026-10-07T16:45:16.7089520Z   The `ring` tactic failed to close the goal. Use `ring_nf` to obtain a normal form.
verify	Recover stopped G5 original compiler diagnostics	2026-10-07T16:45:16.7090221Z     
verify	Recover stopped G5 original compiler diagnostics	2026-10-07T16:45:16.7091346Z   Note that `ring` works primarily in *commutative* rings. If you have a noncommutative ring, abelian group or module, consider using `noncomm_ring`, `abel` or `module` instead.
verify	Recover stopped G5 original compiler diagnostics	2026-10-07T16:45:16.7092894Z Try this:
verify	Recover stopped G5 original compiler diagnostics	2026-10-07T16:45:16.7093219Z   [apply] ring_nf
verify	Recover stopped G5 original compiler diagnostics	2026-10-07T16:45:16.7093554Z   
verify	Recover stopped G5 original compiler diagnostics	2026-10-07T16:45:16.7094086Z   The `ring` tactic failed to close the goal. Use `ring_nf` to obtain a normal form.
verify	Recover stopped G5 original compiler diagnostics	2026-10-07T16:45:16.7094748Z     
verify	Recover stopped G5 original compiler diagnostics	2026-10-07T16:45:16.7095857Z   Note that `ring` works primarily in *commutative* rings. If you have a noncommutative ring, abelian group or module, consider using `noncomm_ring`, `abel` or `module` instead.
verify	Recover stopped G5 original compiler diagnostics	2026-10-07T16:45:16.7097870Z Try this:
verify	Recover stopped G5 original compiler diagnostics	2026-10-07T16:45:16.7098236Z   [apply] ring_nf
verify	Recover stopped G5 original compiler diagnostics	2026-10-07T16:45:16.7098585Z   
verify	Recover stopped G5 original compiler diagnostics	2026-10-07T16:45:16.7099598Z   The `ring` tactic failed to close the goal. Use `ring_nf` to obtain a normal form.
verify	Recover stopped G5 original compiler diagnostics	2026-10-07T16:45:16.7100342Z     
verify	Recover stopped G5 original compiler diagnostics	2026-10-07T16:45:16.7101511Z   Note that `ring` works primarily in *commutative* rings. If you have a noncommutative ring, abelian group or module, consider using `noncomm_ring`, `abel` or `module` instead.
verify	Recover stopped G5 original compiler diagnostics	2026-10-07T16:45:16.7102795Z Try this:
verify	Recover stopped G5 original compiler diagnostics	2026-10-07T16:45:16.7103128Z   [apply] ring_nf
verify	Recover stopped G5 original compiler diagnostics	2026-10-07T16:45:16.7103480Z   
verify	Recover stopped G5 original compiler diagnostics	2026-10-07T16:45:16.7104423Z   The `ring` tactic failed to close the goal. Use `ring_nf` to obtain a normal form.
verify	Recover stopped G5 original compiler diagnostics	2026-10-07T16:45:16.7105126Z     
verify	Recover stopped G5 original compiler diagnostics	2026-10-07T16:45:16.7105950Z   Note that `ring` works primarily in *commutative* rings. If you have a noncommutative ring, abelian group or module, consider using `noncomm_ring`, `abel` or `module` instead.
verify	Recover stopped G5 original compiler diagnostics	2026-10-07T16:45:16.7106660Z Try this:
verify	Recover stopped G5 original compiler diagnostics	2026-10-07T16:45:16.7106841Z   [apply] ring_nf
verify	Recover stopped G5 original compiler diagnostics	2026-10-07T16:45:16.7107304Z   
verify	Recover stopped G5 original compiler diagnostics	2026-10-07T16:45:16.7107895Z   The `ring` tactic failed to close the goal. Use `ring_nf` to obtain a normal form.
verify	Recover stopped G5 original compiler diagnostics	2026-10-07T16:45:16.7108585Z     
verify	Recover stopped G5 original compiler diagnostics	2026-10-07T16:45:16.7109698Z   Note that `ring` works primarily in *commutative* rings. If you have a noncommutative ring, abelian group or module, consider using `noncomm_ring`, `abel` or `module` instead.
verify	Recover stopped G5 original compiler diagnostics	2026-10-07T16:45:16.7110994Z Try this:
verify	Recover stopped G5 original compiler diagnostics	2026-10-07T16:45:16.7111213Z   [apply] ring_nf
verify	Recover stopped G5 original compiler diagnostics	2026-10-07T16:45:16.7111618Z   
verify	Recover stopped G5 original compiler diagnostics	2026-10-07T16:45:16.7112190Z   The `ring` tactic failed to close the goal. Use `ring_nf` to obtain a normal form.
verify	Recover stopped G5 original compiler diagnostics	2026-10-07T16:45:16.7112931Z     
verify	Recover stopped G5 original compiler diagnostics	2026-10-07T16:45:16.7114099Z   Note that `ring` works primarily in *commutative* rings. If you have a noncommutative ring, abelian group or module, consider using `noncomm_ring`, `abel` or `module` instead.
verify	Recover stopped G5 original compiler diagnostics	2026-10-07T16:45:16.7116069Z Try this:
verify	Recover stopped G5 original compiler diagnostics	2026-10-07T16:45:16.7116428Z   [apply] ring_nf
verify	Recover stopped G5 original compiler diagnostics	2026-10-07T16:45:16.7116766Z   
verify	Recover stopped G5 original compiler diagnostics	2026-10-07T16:45:16.7117505Z   The `ring` tactic failed to close the goal. Use `ring_nf` to obtain a normal form.
verify	Recover stopped G5 original compiler diagnostics	2026-10-07T16:45:16.7118181Z     
verify	Recover stopped G5 original compiler diagnostics	2026-10-07T16:45:16.7119299Z   Note that `ring` works primarily in *commutative* rings. If you have a noncommutative ring, abelian group or module, consider using `noncomm_ring`, `abel` or `module` instead.
verify	Recover stopped G5 original compiler diagnostics	2026-10-07T16:45:16.7120583Z Try this:
verify	Recover stopped G5 original compiler diagnostics	2026-10-07T16:45:16.7120917Z   [apply] ring_nf
verify	Recover stopped G5 original compiler diagnostics	2026-10-07T16:45:16.7121252Z   
verify	Recover stopped G5 original compiler diagnostics	2026-10-07T16:45:16.7121806Z   The `ring` tactic failed to close the goal. Use `ring_nf` to obtain a normal form.
verify	Recover stopped G5 original compiler diagnostics	2026-10-07T16:45:16.7122440Z     
verify	Recover stopped G5 original compiler diagnostics	2026-10-07T16:45:16.7123483Z   Note that `ring` works primarily in *commutative* rings. If you have a noncommutative ring, abelian group or module, consider using `noncomm_ring`, `abel` or `module` instead.
verify	Recover stopped G5 original compiler diagnostics	2026-10-07T16:45:16.7124627Z Try this:
verify	Recover stopped G5 original compiler diagnostics	2026-10-07T16:45:16.7124912Z   [apply] ring_nf
verify	Recover stopped G5 original compiler diagnostics	2026-10-07T16:45:16.7125209Z   
verify	Recover stopped G5 original compiler diagnostics	2026-10-07T16:45:16.7125695Z   The `ring` tactic failed to close the goal. Use `ring_nf` to obtain a normal form.
verify	Recover stopped G5 original compiler diagnostics	2026-10-07T16:45:16.7126281Z     
verify	Recover stopped G5 original compiler diagnostics	2026-10-07T16:45:16.7128291Z   Note that `ring` works primarily in *commutative* rings. If you have a noncommutative ring, abelian group or module, consider using `noncomm_ring`, `abel` or `module` instead.
verify	Recover stopped G5 original compiler diagnostics	2026-10-07T16:45:16.7129434Z Try this:
verify	Recover stopped G5 original compiler diagnostics	2026-10-07T16:45:16.7129720Z   [apply] ring_nf
verify	Recover stopped G5 original compiler diagnostics	2026-10-07T16:45:16.7130013Z   
verify	Recover stopped G5 original compiler diagnostics	2026-10-07T16:45:16.7130507Z   The `ring` tactic failed to close the goal. Use `ring_nf` to obtain a normal form.
verify	Recover stopped G5 original compiler diagnostics	2026-10-07T16:45:16.7131346Z     
verify	Recover stopped G5 original compiler diagnostics	2026-10-07T16:45:16.7132467Z   Note that `ring` works primarily in *commutative* rings. If you have a noncommutative ring, abelian group or module, consider using `noncomm_ring`, `abel` or `module` instead.
verify	Recover stopped G5 original compiler diagnostics	2026-10-07T16:45:16.7133750Z Try this:
verify	Recover stopped G5 original compiler diagnostics	2026-10-07T16:45:16.7134079Z   [apply] ring_nf
verify	Recover stopped G5 original compiler diagnostics	2026-10-07T16:45:16.7134414Z   
verify	Recover stopped G5 original compiler diagnostics	2026-10-07T16:45:16.7135003Z   The `ring` tactic failed to close the goal. Use `ring_nf` to obtain a normal form.
verify	Recover stopped G5 original compiler diagnostics	2026-10-07T16:45:16.7135697Z     
verify	Recover stopped G5 original compiler diagnostics	2026-10-07T16:45:16.7136884Z   Note that `ring` works primarily in *commutative* rings. If you have a noncommutative ring, abelian group or module, consider using `noncomm_ring`, `abel` or `module` instead.
verify	Recover stopped G5 original compiler diagnostics	2026-10-07T16:45:16.7138371Z Try this:
verify	Recover stopped G5 original compiler diagnostics	2026-10-07T16:45:16.7138649Z   [apply] ring_nf
verify	Recover stopped G5 original compiler diagnostics	2026-10-07T16:45:16.7138939Z   
verify	Recover stopped G5 original compiler diagnostics	2026-10-07T16:45:16.7139505Z   The `ring` tactic failed to close the goal. Use `ring_nf` to obtain a normal form.
verify	Recover stopped G5 original compiler diagnostics	2026-10-07T16:45:16.7140209Z     
verify	Recover stopped G5 original compiler diagnostics	2026-10-07T16:45:16.7141450Z   Note that `ring` works primarily in *commutative* rings. If you have a noncommutative ring, abelian group or module, consider using `noncomm_ring`, `abel` or `module` instead.
verify	Recover stopped G5 original compiler diagnostics	2026-10-07T16:45:16.7142987Z Try this:
verify	Recover stopped G5 original compiler diagnostics	2026-10-07T16:45:16.7143319Z   [apply] ring_nf
verify	Recover stopped G5 original compiler diagnostics	2026-10-07T16:45:16.7143662Z   
verify	Recover stopped G5 original compiler diagnostics	2026-10-07T16:45:16.7144259Z   The `ring` tactic failed to close the goal. Use `ring_nf` to obtain a normal form.
verify	Recover stopped G5 original compiler diagnostics	2026-10-07T16:45:16.7144947Z     
verify	Recover stopped G5 original compiler diagnostics	2026-10-07T16:45:16.7146159Z   Note that `ring` works primarily in *commutative* rings. If you have a noncommutative ring, abelian group or module, consider using `noncomm_ring`, `abel` or `module` instead.
verify	Recover stopped G5 original compiler diagnostics	2026-10-07T16:45:16.7147594Z Try this:
verify	Recover stopped G5 original compiler diagnostics	2026-10-07T16:45:16.7147898Z   [apply] ring_nf
verify	Recover stopped G5 original compiler diagnostics	2026-10-07T16:45:16.7148184Z   
verify	Recover stopped G5 original compiler diagnostics	2026-10-07T16:45:16.7148758Z   The `ring` tactic failed to close the goal. Use `ring_nf` to obtain a normal form.
verify	Recover stopped G5 original compiler diagnostics	2026-10-07T16:45:16.7149437Z     
verify	Recover stopped G5 original compiler diagnostics	2026-10-07T16:45:16.7150647Z   Note that `ring` works primarily in *commutative* rings. If you have a noncommutative ring, abelian group or module, consider using `noncomm_ring`, `abel` or `module` instead.
verify	Recover stopped G5 original compiler diagnostics	2026-10-07T16:45:16.7151827Z Try this:
verify	Recover stopped G5 original compiler diagnostics	2026-10-07T16:45:16.7152150Z   [apply] ring_nf
verify	Recover stopped G5 original compiler diagnostics	2026-10-07T16:45:16.7152474Z   
verify	Recover stopped G5 original compiler diagnostics	2026-10-07T16:45:16.7153031Z   The `ring` tactic failed to close the goal. Use `ring_nf` to obtain a normal form.
verify	Recover stopped G5 original compiler diagnostics	2026-10-07T16:45:16.7153693Z     
verify	Recover stopped G5 original compiler diagnostics	2026-10-07T16:45:16.7154863Z   Note that `ring` works primarily in *commutative* rings. If you have a noncommutative ring, abelian group or module, consider using `noncomm_ring`, `abel` or `module` instead.
verify	Recover stopped G5 original compiler diagnostics	2026-10-07T16:45:16.7156095Z Try this:
verify	Recover stopped G5 original compiler diagnostics	2026-10-07T16:45:16.7156406Z   [apply] ring_nf
verify	Recover stopped G5 original compiler diagnostics	2026-10-07T16:45:16.7156723Z   
verify	Recover stopped G5 original compiler diagnostics	2026-10-07T16:45:16.7157537Z   The `ring` tactic failed to close the goal. Use `ring_nf` to obtain a normal form.
verify	Recover stopped G5 original compiler diagnostics	2026-10-07T16:45:16.7158292Z     
verify	Recover stopped G5 original compiler diagnostics	2026-10-07T16:45:16.7159460Z   Note that `ring` works primarily in *commutative* rings. If you have a noncommutative ring, abelian group or module, consider using `noncomm_ring`, `abel` or `module` instead.
verify	Recover stopped G5 original compiler diagnostics	2026-10-07T16:45:16.7160739Z Try this:
verify	Recover stopped G5 original compiler diagnostics	2026-10-07T16:45:16.7161082Z   [apply] ring_nf
verify	Recover stopped G5 original compiler diagnostics	2026-10-07T16:45:16.7161425Z   
verify	Recover stopped G5 original compiler diagnostics	2026-10-07T16:45:16.7162045Z   The `ring` tactic failed to close the goal. Use `ring_nf` to obtain a normal form.
verify	Recover stopped G5 original compiler diagnostics	2026-10-07T16:45:16.7162748Z     
verify	Recover stopped G5 original compiler diagnostics	2026-10-07T16:45:16.7163906Z   Note that `ring` works primarily in *commutative* rings. If you have a noncommutative ring, abelian group or module, consider using `noncomm_ring`, `abel` or `module` instead.
verify	Recover stopped G5 original compiler diagnostics	2026-10-07T16:45:16.7165140Z Try this:
verify	Recover stopped G5 original compiler diagnostics	2026-10-07T16:45:16.7165468Z   [apply] ring_nf
verify	Recover stopped G5 original compiler diagnostics	2026-10-07T16:45:16.7165796Z   
verify	Recover stopped G5 original compiler diagnostics	2026-10-07T16:45:16.7166376Z   The `ring` tactic failed to close the goal. Use `ring_nf` to obtain a normal form.
verify	Recover stopped G5 original compiler diagnostics	2026-10-07T16:45:16.7167258Z     
verify	Recover stopped G5 original compiler diagnostics	2026-10-07T16:45:16.7168536Z   Note that `ring` works primarily in *commutative* rings. If you have a noncommutative ring, abelian group or module, consider using `noncomm_ring`, `abel` or `module` instead.
verify	Recover stopped G5 original compiler diagnostics	2026-10-07T16:45:16.7170040Z Try this:
verify	Recover stopped G5 original compiler diagnostics	2026-10-07T16:45:16.7170374Z   [apply] ring_nf
verify	Recover stopped G5 original compiler diagnostics	2026-10-07T16:45:16.7170700Z   
verify	Recover stopped G5 original compiler diagnostics	2026-10-07T16:45:16.7171290Z   The `ring` tactic failed to close the goal. Use `ring_nf` to obtain a normal form.
verify	Recover stopped G5 original compiler diagnostics	2026-10-07T16:45:16.7171962Z     
verify	Recover stopped G5 original compiler diagnostics	2026-10-07T16:45:16.7173104Z   Note that `ring` works primarily in *commutative* rings. If you have a noncommutative ring, abelian group or module, consider using `noncomm_ring`, `abel` or `module` instead.
verify	Recover stopped G5 original compiler diagnostics	2026-10-07T16:45:16.7174288Z Try this:
verify	Recover stopped G5 original compiler diagnostics	2026-10-07T16:45:16.7174587Z   [apply] ring_nf
verify	Recover stopped G5 original compiler diagnostics	2026-10-07T16:45:16.7174895Z   
verify	Recover stopped G5 original compiler diagnostics	2026-10-07T16:45:16.7175465Z   The `ring` tactic failed to close the goal. Use `ring_nf` to obtain a normal form.
verify	Recover stopped G5 original compiler diagnostics	2026-10-07T16:45:16.7176239Z     
verify	Recover stopped G5 original compiler diagnostics	2026-10-07T16:45:16.7177526Z   Note that `ring` works primarily in *commutative* rings. If you have a noncommutative ring, abelian group or module, consider using `noncomm_ring`, `abel` or `module` instead.
verify	Recover stopped G5 original compiler diagnostics	2026-10-07T16:45:16.7178745Z Try this:
verify	Recover stopped G5 original compiler diagnostics	2026-10-07T16:45:16.7179035Z   [apply] ring_nf
verify	Recover stopped G5 original compiler diagnostics	2026-10-07T16:45:16.7179325Z   
verify	Recover stopped G5 original compiler diagnostics	2026-10-07T16:45:16.7179866Z   The `ring` tactic failed to close the goal. Use `ring_nf` to obtain a normal form.
verify	Recover stopped G5 original compiler diagnostics	2026-10-07T16:45:16.7180453Z     
verify	Recover stopped G5 original compiler diagnostics	2026-10-07T16:45:16.7181750Z   Note that `ring` works primarily in *commutative* rings. If you have a noncommutative ring, abelian group or module, consider using `noncomm_ring`, `abel` or `module` instead.
verify	Recover stopped G5 original compiler diagnostics	2026-10-07T16:45:16.7183439Z /home/runner/work/_temp/cloud-g5-build/CloudG5/G5FrozenTripleAnalyticSupport.lean:46:88: error: unsolved goals
verify	Recover stopped G5 original compiler diagnostics	2026-10-07T16:45:16.7184542Z case «0».«0»
verify	Recover stopped G5 original compiler diagnostics	2026-10-07T16:45:16.7184880Z q : ℝ
verify	Recover stopped G5 original compiler diagnostics	2026-10-07T16:45:16.7185217Z ⊢ 0 = 4 → q = 0
verify	Recover stopped G5 original compiler diagnostics	2026-10-07T16:45:16.7185405Z 
verify	Recover stopped G5 original compiler diagnostics	2026-10-07T16:45:16.7185566Z case «0».«1»
verify	Recover stopped G5 original compiler diagnostics	2026-10-07T16:45:16.7185872Z q : ℝ
verify	Recover stopped G5 original compiler diagnostics	2026-10-07T16:45:16.7186389Z ⊢ 0 = 4 → 0 = if 1 = 4 then q ^ 3 * (1 / 2) else q ^ 3 * (-1 / 2)
verify	Recover stopped G5 original compiler diagnostics	2026-10-07T16:45:16.7186789Z 
verify	Recover stopped G5 original compiler diagnostics	2026-10-07T16:45:16.7186965Z case «0».«2»
verify	Recover stopped G5 original compiler diagnostics	2026-10-07T16:45:16.7187603Z q : ℝ
verify	Recover stopped G5 original compiler diagnostics	2026-10-07T16:45:16.7188334Z ⊢ 0 = 4 → 0 = if ⟨2, ⋯⟩ = 4 then q ^ 3 * (1 / 2) else q ^ 3 * (-1 / 2)
verify	Recover stopped G5 original compiler diagnostics	2026-10-07T16:45:16.7188775Z 
verify	Recover stopped G5 original compiler diagnostics	2026-10-07T16:45:16.7188959Z case «0».«3»
verify	Recover stopped G5 original compiler diagnostics	2026-10-07T16:45:16.7189282Z q : ℝ
verify	Recover stopped G5 original compiler diagnostics	2026-10-07T16:45:16.7189770Z ⊢ 0 = 4 → 0 = if ⟨3, ⋯⟩ = 4 then q ^ 3 * (1 / 2) else q ^ 3 * (-1 / 2)
verify	Recover stopped G5 original compiler diagnostics	2026-10-07T16:45:16.7190193Z 
verify	Recover stopped G5 original compiler diagnostics	2026-10-07T16:45:16.7190364Z case «0».«4»
verify	Recover stopped G5 original compiler diagnostics	2026-10-07T16:45:16.7190683Z q : ℝ
verify	Recover stopped G5 original compiler diagnostics	2026-10-07T16:45:16.7191163Z ⊢ 0 = 4 → 0 = if ⟨4, ⋯⟩ = 4 then q ^ 3 * (1 / 2) else q ^ 3 * (-1 / 2)
verify	Recover stopped G5 original compiler diagnostics	2026-10-07T16:45:16.7191543Z 
verify	Recover stopped G5 original compiler diagnostics	2026-10-07T16:45:16.7191719Z case «1».«0»
verify	Recover stopped G5 original compiler diagnostics	2026-10-07T16:45:16.7192050Z q : ℝ
verify	Recover stopped G5 original compiler diagnostics	2026-10-07T16:45:16.7192628Z ⊢ (if 1 = 4 then q ^ 3 else q) = (if 1 = 4 then 0 else q) + if 1 = 4 then q ^ 3 else 0
verify	Recover stopped G5 original compiler diagnostics	2026-10-07T16:45:16.7193000Z 
verify	Recover stopped G5 original compiler diagnostics	2026-10-07T16:45:16.7193111Z case «1».«1»
verify	Recover stopped G5 original compiler diagnostics	2026-10-07T16:45:16.7193304Z q : ℝ
verify	Recover stopped G5 original compiler diagnostics	2026-10-07T16:45:16.7193719Z ⊢ (if 1 = 4 then if 1 = 4 then 1 + q * (-3 / 2) + q ^ 3 * (1 / 2) else q * (1 / 2) + q ^ 3 * (-1 / 2) else 1 - q) =
verify	Recover stopped G5 original compiler diagnostics	2026-10-07T16:45:16.7194320Z     ((if 1 = 4 then if 1 = 4 then 1 else 0 else 1) +
verify	Recover stopped G5 original compiler diagnostics	2026-10-07T16:45:16.7195004Z         if 1 = 4 then if 1 = 4 then q * (-3 / 2) else q * (1 / 2) else -q) +
verify	Recover stopped G5 original compiler diagnostics	2026-10-07T16:45:16.7195763Z       if 1 = 4 then if 1 = 4 then q ^ 3 * (1 / 2) else q ^ 3 * (-1 / 2) else 0
verify	Recover stopped G5 original compiler diagnostics	2026-10-07T16:45:16.7196216Z 
verify	Recover stopped G5 original compiler diagnostics	2026-10-07T16:45:16.7196404Z case «1».«2»
verify	Recover stopped G5 original compiler diagnostics	2026-10-07T16:45:16.7196609Z q : ℝ
verify	Recover stopped G5 original compiler diagnostics	2026-10-07T16:45:16.7197352Z ⊢ (if 1 = 4 then if ⟨2, ⋯⟩ = 4 then 1 + q * (-3 / 2) + q ^ 3 * (1 / 2) else q * (1 / 2) + q ^ 3 * (-1 / 2) else 0) =
verify	Recover stopped G5 original compiler diagnostics	2026-10-07T16:45:16.7198245Z     ((if 1 = 4 then if ⟨2, ⋯⟩ = 4 then 1 else 0 else 0) +
verify	Recover stopped G5 original compiler diagnostics	2026-10-07T16:45:16.7198833Z         if 1 = 4 then if ⟨2, ⋯⟩ = 4 then q * (-3 / 2) else q * (1 / 2) else 0) +
verify	Recover stopped G5 original compiler diagnostics	2026-10-07T16:45:16.7199323Z       if 1 = 4 then if ⟨2, ⋯⟩ = 4 then q ^ 3 * (1 / 2) else q ^ 3 * (-1 / 2) else 0
verify	Recover stopped G5 original compiler diagnostics	2026-10-07T16:45:16.7199590Z 
verify	Recover stopped G5 original compiler diagnostics	2026-10-07T16:45:16.7199693Z case «1».«3»
verify	Recover stopped G5 original compiler diagnostics	2026-10-07T16:45:16.7199892Z q : ℝ
verify	Recover stopped G5 original compiler diagnostics	2026-10-07T16:45:16.7200307Z ⊢ (if 1 = 4 then if ⟨3, ⋯⟩ = 4 then 1 + q * (-3 / 2) + q ^ 3 * (1 / 2) else q * (1 / 2) + q ^ 3 * (-1 / 2) else 0) =
verify	Recover stopped G5 original compiler diagnostics	2026-10-07T16:45:16.7200839Z     ((if 1 = 4 then if ⟨3, ⋯⟩ = 4 then 1 else 0 else 0) +
verify	Recover stopped G5 original compiler diagnostics	2026-10-07T16:45:16.7201487Z         if 1 = 4 then if ⟨3, ⋯⟩ = 4 then q * (-3 / 2) else q * (1 / 2) else 0) +
verify	Recover stopped G5 original compiler diagnostics	2026-10-07T16:45:16.7201988Z       if 1 = 4 then if ⟨3, ⋯⟩ = 4 then q ^ 3 * (1 / 2) else q ^ 3 * (-1 / 2) else 0
verify	Recover stopped G5 original compiler diagnostics	2026-10-07T16:45:16.7202243Z 
verify	Recover stopped G5 original compiler diagnostics	2026-10-07T16:45:16.7202352Z case «1».«4»
verify	Recover stopped G5 original compiler diagnostics	2026-10-07T16:45:16.7202545Z q : ℝ
verify	Recover stopped G5 original compiler diagnostics	2026-10-07T16:45:16.7202946Z ⊢ (if 1 = 4 then if ⟨4, ⋯⟩ = 4 then 1 + q * (-3 / 2) + q ^ 3 * (1 / 2) else q * (1 / 2) + q ^ 3 * (-1 / 2) else 0) =
verify	Recover stopped G5 original compiler diagnostics	2026-10-07T16:45:16.7203455Z     ((if 1 = 4 then if ⟨4, ⋯⟩ = 4 then 1 else 0 else 0) +
verify	Recover stopped G5 original compiler diagnostics	2026-10-07T16:45:16.7203893Z         if 1 = 4 then if ⟨4, ⋯⟩ = 4 then q * (-3 / 2) else q * (1 / 2) else 0) +
verify	Recover stopped G5 original compiler diagnostics	2026-10-07T16:45:16.7204370Z       if 1 = 4 then if ⟨4, ⋯⟩ = 4 then q ^ 3 * (1 / 2) else q ^ 3 * (-1 / 2) else 0
verify	Recover stopped G5 original compiler diagnostics	2026-10-07T16:45:16.7204634Z 
verify	Recover stopped G5 original compiler diagnostics	2026-10-07T16:45:16.7204746Z case «2».«0»
verify	Recover stopped G5 original compiler diagnostics	2026-10-07T16:45:16.7204935Z q : ℝ
verify	Recover stopped G5 original compiler diagnostics	2026-10-07T16:45:16.7205316Z ⊢ (if ⟨2, ⋯⟩ = 4 then q ^ 3 else q) = (if ⟨2, ⋯⟩ = 4 then 0 else q) + if ⟨2, ⋯⟩ = 4 then q ^ 3 else 0
verify	Recover stopped G5 original compiler diagnostics	2026-10-07T16:45:16.7205636Z 
verify	Recover stopped G5 original compiler diagnostics	2026-10-07T16:45:16.7205741Z case «2».«1»
verify	Recover stopped G5 original compiler diagnostics	2026-10-07T16:45:16.7205926Z q : ℝ
verify	Recover stopped G5 original compiler diagnostics	2026-10-07T16:45:16.7206460Z ⊢ (if ⟨2, ⋯⟩ = 4 then if 1 = 4 then 1 + q * (-3 / 2) + q ^ 3 * (1 / 2) else q * (1 / 2) + q ^ 3 * (-1 / 2) else 0) =
verify	Recover stopped G5 original compiler diagnostics	2026-10-07T16:45:16.7206955Z     ((if ⟨2, ⋯⟩ = 4 then if 1 = 4 then 1 else 0 else 0) +
verify	Recover stopped G5 original compiler diagnostics	2026-10-07T16:45:16.7207646Z         if ⟨2, ⋯⟩ = 4 then if 1 = 4 then q * (-3 / 2) else q * (1 / 2) else 0) +
verify	Recover stopped G5 original compiler diagnostics	2026-10-07T16:45:16.7208121Z       if ⟨2, ⋯⟩ = 4 then if 1 = 4 then q ^ 3 * (1 / 2) else q ^ 3 * (-1 / 2) else 0
verify	Recover stopped G5 original compiler diagnostics	2026-10-07T16:45:16.7208378Z 
verify	Recover stopped G5 original compiler diagnostics	2026-10-07T16:45:16.7208481Z case «2».«2»
verify	Recover stopped G5 original compiler diagnostics	2026-10-07T16:45:16.7208666Z q : ℝ
verify	Recover stopped G5 original compiler diagnostics	2026-10-07T16:45:16.7209061Z ⊢ (if ⟨2, ⋯⟩ = 4 then if ⟨2, ⋯⟩ = 4 then 1 + q * (-3 / 2) + q ^ 3 * (1 / 2) else q * (1 / 2) + q ^ 3 * (-1 / 2)
verify	Recover stopped G5 original compiler diagnostics	2026-10-07T16:45:16.7209471Z     else 1 - q) =
verify	Recover stopped G5 original compiler diagnostics	2026-10-07T16:45:16.7209782Z     ((if ⟨2, ⋯⟩ = 4 then if ⟨2, ⋯⟩ = 4 then 1 else 0 else 1) +
verify	Recover stopped G5 original compiler diagnostics	2026-10-07T16:45:16.7210244Z         if ⟨2, ⋯⟩ = 4 then if ⟨2, ⋯⟩ = 4 then q * (-3 / 2) else q * (1 / 2) else -q) +
verify	Recover stopped G5 original compiler diagnostics	2026-10-07T16:45:16.7210741Z       if ⟨2, ⋯⟩ = 4 then if ⟨2, ⋯⟩ = 4 then q ^ 3 * (1 / 2) else q ^ 3 * (-1 / 2) else 0
verify	Recover stopped G5 original compiler diagnostics	2026-10-07T16:45:16.7211022Z 
verify	Recover stopped G5 original compiler diagnostics	2026-10-07T16:45:16.7211129Z case «2».«3»
verify	Recover stopped G5 original compiler diagnostics	2026-10-07T16:45:16.7211317Z q : ℝ
verify	Recover stopped G5 original compiler diagnostics	2026-10-07T16:45:16.7211706Z ⊢ (if ⟨2, ⋯⟩ = 4 then if ⟨3, ⋯⟩ = 4 then 1 + q * (-3 / 2) + q ^ 3 * (1 / 2) else q * (1 / 2) + q ^ 3 * (-1 / 2)
verify	Recover stopped G5 original compiler diagnostics	2026-10-07T16:45:16.7212092Z     else 0) =
verify	Recover stopped G5 original compiler diagnostics	2026-10-07T16:45:16.7212381Z     ((if ⟨2, ⋯⟩ = 4 then if ⟨3, ⋯⟩ = 4 then 1 else 0 else 0) +
verify	Recover stopped G5 original compiler diagnostics	2026-10-07T16:45:16.7212820Z         if ⟨2, ⋯⟩ = 4 then if ⟨3, ⋯⟩ = 4 then q * (-3 / 2) else q * (1 / 2) else 0) +
verify	Recover stopped G5 original compiler diagnostics	2026-10-07T16:45:16.7282075Z       if ⟨2, ⋯⟩ = 4 then if ⟨3, ⋯⟩ = 4 then q ^ 3 * (1 / 2) else q ^ 3 * (-1 / 2) else 0
verify	Recover stopped G5 original compiler diagnostics	2026-10-07T16:45:16.7282680Z 
verify	Recover stopped G5 original compiler diagnostics	2026-10-07T16:45:16.7282950Z case «2».«4»
verify	Recover stopped G5 original compiler diagnostics	2026-10-07T16:45:16.7283337Z q : ℝ
verify	Recover stopped G5 original compiler diagnostics	2026-10-07T16:45:16.7284207Z ⊢ (if ⟨2, ⋯⟩ = 4 then if ⟨4, ⋯⟩ = 4 then 1 + q * (-3 / 2) + q ^ 3 * (1 / 2) else q * (1 / 2) + q ^ 3 * (-1 / 2)
verify	Recover stopped G5 original compiler diagnostics	2026-10-07T16:45:16.7285041Z     else 0) =
verify	Recover stopped G5 original compiler diagnostics	2026-10-07T16:45:16.7285556Z     ((if ⟨2, ⋯⟩ = 4 then if ⟨4, ⋯⟩ = 4 then 1 else 0 else 0) +
verify	Recover stopped G5 original compiler diagnostics	2026-10-07T16:45:16.7286299Z         if ⟨2, ⋯⟩ = 4 then if ⟨4, ⋯⟩ = 4 then q * (-3 / 2) else q * (1 / 2) else 0) +
verify	Recover stopped G5 original compiler diagnostics	2026-10-07T16:45:16.7287423Z       if ⟨2, ⋯⟩ = 4 then if ⟨4, ⋯⟩ = 4 then q ^ 3 * (1 / 2) else q ^ 3 * (-1 / 2) else 0
verify	Recover stopped G5 original compiler diagnostics	2026-10-07T16:45:16.7287889Z 
verify	Recover stopped G5 original compiler diagnostics	2026-10-07T16:45:16.7288082Z case «3».«0»
verify	Recover stopped G5 original compiler diagnostics	2026-10-07T16:45:16.7288438Z q : ℝ
verify	Recover stopped G5 original compiler diagnostics	2026-10-07T16:45:16.7289192Z ⊢ (if ⟨3, ⋯⟩ = 4 then q ^ 3 else q) = (if ⟨3, ⋯⟩ = 4 then 0 else q) + if ⟨3, ⋯⟩ = 4 then q ^ 3 else 0
verify	Recover stopped G5 original compiler diagnostics	2026-10-07T16:45:16.7289738Z 
verify	Recover stopped G5 original compiler diagnostics	2026-10-07T16:45:16.7289938Z case «3».«1»
verify	Recover stopped G5 original compiler diagnostics	2026-10-07T16:45:16.7290284Z q : ℝ
verify	Recover stopped G5 original compiler diagnostics	2026-10-07T16:45:16.7291035Z ⊢ (if ⟨3, ⋯⟩ = 4 then if 1 = 4 then 1 + q * (-3 / 2) + q ^ 3 * (1 / 2) else q * (1 / 2) + q ^ 3 * (-1 / 2) else 0) =
verify	Recover stopped G5 original compiler diagnostics	2026-10-07T16:45:16.7291957Z     ((if ⟨3, ⋯⟩ = 4 then if 1 = 4 then 1 else 0 else 0) +
verify	Recover stopped G5 original compiler diagnostics	2026-10-07T16:45:16.7293168Z         if ⟨3, ⋯⟩ = 4 then if 1 = 4 then q * (-3 / 2) else q * (1 / 2) else 0) +
verify	Recover stopped G5 original compiler diagnostics	2026-10-07T16:45:16.7294046Z       if ⟨3, ⋯⟩ = 4 then if 1 = 4 then q ^ 3 * (1 / 2) else q ^ 3 * (-1 / 2) else 0
verify	Recover stopped G5 original compiler diagnostics	2026-10-07T16:45:16.7294522Z 
verify	Recover stopped G5 original compiler diagnostics	2026-10-07T16:45:16.7294724Z case «3».«2»
verify	Recover stopped G5 original compiler diagnostics	2026-10-07T16:45:16.7295064Z q : ℝ
verify	Recover stopped G5 original compiler diagnostics	2026-10-07T16:45:16.7295789Z ⊢ (if ⟨3, ⋯⟩ = 4 then if ⟨2, ⋯⟩ = 4 then 1 + q * (-3 / 2) + q ^ 3 * (1 / 2) else q * (1 / 2) + q ^ 3 * (-1 / 2)
verify	Recover stopped G5 original compiler diagnostics	2026-10-07T16:45:16.7296504Z     else 0) =
verify	Recover stopped G5 original compiler diagnostics	2026-10-07T16:45:16.7297298Z     ((if ⟨3, ⋯⟩ = 4 then if ⟨2, ⋯⟩ = 4 then 1 else 0 else 0) +
verify	Recover stopped G5 original compiler diagnostics	2026-10-07T16:45:16.7298149Z         if ⟨3, ⋯⟩ = 4 then if ⟨2, ⋯⟩ = 4 then q * (-3 / 2) else q * (1 / 2) else 0) +
verify	Recover stopped G5 original compiler diagnostics	2026-10-07T16:45:16.7299044Z       if ⟨3, ⋯⟩ = 4 then if ⟨2, ⋯⟩ = 4 then q ^ 3 * (1 / 2) else q ^ 3 * (-1 / 2) else 0
verify	Recover stopped G5 original compiler diagnostics	2026-10-07T16:45:16.7299601Z 
verify	Recover stopped G5 original compiler diagnostics	2026-10-07T16:45:16.7299837Z case «3».«3»
verify	Recover stopped G5 original compiler diagnostics	2026-10-07T16:45:16.7300223Z q : ℝ
verify	Recover stopped G5 original compiler diagnostics	2026-10-07T16:45:16.7300999Z ⊢ (if ⟨3, ⋯⟩ = 4 then if ⟨3, ⋯⟩ = 4 then 1 + q * (-3 / 2) + q ^ 3 * (1 / 2) else q * (1 / 2) + q ^ 3 * (-1 / 2)
verify	Recover stopped G5 original compiler diagnostics	2026-10-07T16:45:16.7301812Z     else 1 - q) =
verify	Recover stopped G5 original compiler diagnostics	2026-10-07T16:45:16.7302399Z     ((if ⟨3, ⋯⟩ = 4 then if ⟨3, ⋯⟩ = 4 then 1 else 0 else 1) +
verify	Recover stopped G5 original compiler diagnostics	2026-10-07T16:45:16.7303531Z         if ⟨3, ⋯⟩ = 4 then if ⟨3, ⋯⟩ = 4 then q * (-3 / 2) else q * (1 / 2) else -q) +
verify	Recover stopped G5 original compiler diagnostics	2026-10-07T16:45:16.7304481Z       if ⟨3, ⋯⟩ = 4 then if ⟨3, ⋯⟩ = 4 then q ^ 3 * (1 / 2) else q ^ 3 * (-1 / 2) else 0
verify	Recover stopped G5 original compiler diagnostics	2026-10-07T16:45:16.7305000Z 
verify	Recover stopped G5 original compiler diagnostics	2026-10-07T16:45:16.7305234Z case «3».«4»
verify	Recover stopped G5 original compiler diagnostics	2026-10-07T16:45:16.7305624Z q : ℝ
verify	Recover stopped G5 original compiler diagnostics	2026-10-07T16:45:16.7306340Z ⊢ (if ⟨3, ⋯⟩ = 4 then if ⟨4, ⋯⟩ = 4 then 1 + q * (-3 / 2) + q ^ 3 * (1 / 2) else q * (1 / 2) + q ^ 3 * (-1 / 2)
verify	Recover stopped G5 original compiler diagnostics	2026-10-07T16:45:16.7306816Z     else 0) =
verify	Recover stopped G5 original compiler diagnostics	2026-10-07T16:45:16.7307463Z     ((if ⟨3, ⋯⟩ = 4 then if ⟨4, ⋯⟩ = 4 then 1 else 0 else 0) +
verify	Recover stopped G5 original compiler diagnostics	2026-10-07T16:45:16.7307939Z         if ⟨3, ⋯⟩ = 4 then if ⟨4, ⋯⟩ = 4 then q * (-3 / 2) else q * (1 / 2) else 0) +
verify	Recover stopped G5 original compiler diagnostics	2026-10-07T16:45:16.7308436Z       if ⟨3, ⋯⟩ = 4 then if ⟨4, ⋯⟩ = 4 then q ^ 3 * (1 / 2) else q ^ 3 * (-1 / 2) else 0
verify	Recover stopped G5 original compiler diagnostics	2026-10-07T16:45:16.7308723Z 
verify	Recover stopped G5 original compiler diagnostics	2026-10-07T16:45:16.7308837Z case «4».«0»
verify	Recover stopped G5 original compiler diagnostics	2026-10-07T16:45:16.7309037Z q : ℝ
verify	Recover stopped G5 original compiler diagnostics	2026-10-07T16:45:16.7309438Z ⊢ (if ⟨4, ⋯⟩ = 4 then q ^ 3 else q) = (if ⟨4, ⋯⟩ = 4 then 0 else q) + if ⟨4, ⋯⟩ = 4 then q ^ 3 else 0
verify	Recover stopped G5 original compiler diagnostics	2026-10-07T16:45:16.7309782Z 
verify	Recover stopped G5 original compiler diagnostics	2026-10-07T16:45:16.7309884Z case «4».«1»
verify	Recover stopped G5 original compiler diagnostics	2026-10-07T16:45:16.7310083Z q : ℝ
verify	Recover stopped G5 original compiler diagnostics	2026-10-07T16:45:16.7310493Z ⊢ (if ⟨4, ⋯⟩ = 4 then if 1 = 4 then 1 + q * (-3 / 2) + q ^ 3 * (1 / 2) else q * (1 / 2) + q ^ 3 * (-1 / 2) else 0) =
verify	Recover stopped G5 original compiler diagnostics	2026-10-07T16:45:16.7311002Z     ((if ⟨4, ⋯⟩ = 4 then if 1 = 4 then 1 else 0 else 0) +
verify	Recover stopped G5 original compiler diagnostics	2026-10-07T16:45:16.7311446Z         if ⟨4, ⋯⟩ = 4 then if 1 = 4 then q * (-3 / 2) else q * (1 / 2) else 0) +
verify	Recover stopped G5 original compiler diagnostics	2026-10-07T16:45:16.7311942Z       if ⟨4, ⋯⟩ = 4 then if 1 = 4 then q ^ 3 * (1 / 2) else q ^ 3 * (-1 / 2) else 0
verify	Recover stopped G5 original compiler diagnostics	2026-10-07T16:45:16.7312202Z 
verify	Recover stopped G5 original compiler diagnostics	2026-10-07T16:45:16.7312310Z case «4».«2»
verify	Recover stopped G5 original compiler diagnostics	2026-10-07T16:45:16.7312503Z q : ℝ
verify	Recover stopped G5 original compiler diagnostics	2026-10-07T16:45:16.7312893Z ⊢ (if ⟨4, ⋯⟩ = 4 then if ⟨2, ⋯⟩ = 4 then 1 + q * (-3 / 2) + q ^ 3 * (1 / 2) else q * (1 / 2) + q ^ 3 * (-1 / 2)
verify	Recover stopped G5 original compiler diagnostics	2026-10-07T16:45:16.7313294Z     else 0) =
verify	Recover stopped G5 original compiler diagnostics	2026-10-07T16:45:16.7313587Z     ((if ⟨4, ⋯⟩ = 4 then if ⟨2, ⋯⟩ = 4 then 1 else 0 else 0) +
verify	Recover stopped G5 original compiler diagnostics	2026-10-07T16:45:16.7314043Z         if ⟨4, ⋯⟩ = 4 then if ⟨2, ⋯⟩ = 4 then q * (-3 / 2) else q * (1 / 2) else 0) +
verify	Recover stopped G5 original compiler diagnostics	2026-10-07T16:45:16.7314531Z       if ⟨4, ⋯⟩ = 4 then if ⟨2, ⋯⟩ = 4 then q ^ 3 * (1 / 2) else q ^ 3 * (-1 / 2) else 0
verify	Recover stopped G5 original compiler diagnostics	2026-10-07T16:45:16.7314794Z 
verify	Recover stopped G5 original compiler diagnostics	2026-10-07T16:45:16.7314895Z case «4».«3»
verify	Recover stopped G5 original compiler diagnostics	2026-10-07T16:45:16.7315086Z q : ℝ
verify	Recover stopped G5 original compiler diagnostics	2026-10-07T16:45:16.7315466Z ⊢ (if ⟨4, ⋯⟩ = 4 then if ⟨3, ⋯⟩ = 4 then 1 + q * (-3 / 2) + q ^ 3 * (1 / 2) else q * (1 / 2) + q ^ 3 * (-1 / 2)
verify	Recover stopped G5 original compiler diagnostics	2026-10-07T16:45:16.7315865Z     else 0) =
verify	Recover stopped G5 original compiler diagnostics	2026-10-07T16:45:16.7316159Z     ((if ⟨4, ⋯⟩ = 4 then if ⟨3, ⋯⟩ = 4 then 1 else 0 else 0) +
verify	Recover stopped G5 original compiler diagnostics	2026-10-07T16:45:16.7316593Z         if ⟨4, ⋯⟩ = 4 then if ⟨3, ⋯⟩ = 4 then q * (-3 / 2) else q * (1 / 2) else 0) +
verify	Recover stopped G5 original compiler diagnostics	2026-10-07T16:45:16.7317296Z       if ⟨4, ⋯⟩ = 4 then if ⟨3, ⋯⟩ = 4 then q ^ 3 * (1 / 2) else q ^ 3 * (-1 / 2) else 0
verify	Recover stopped G5 original compiler diagnostics	2026-10-07T16:45:16.7317818Z 
verify	Recover stopped G5 original compiler diagnostics	2026-10-07T16:45:16.7317942Z case «4».«4»
verify	Recover stopped G5 original compiler diagnostics	2026-10-07T16:45:16.7318133Z q : ℝ
verify	Recover stopped G5 original compiler diagnostics	2026-10-07T16:45:16.7318526Z ⊢ (if ⟨4, ⋯⟩ = 4 then if ⟨4, ⋯⟩ = 4 then 1 + q * (-3 / 2) + q ^ 3 * (1 / 2) else q * (1 / 2) + q ^ 3 * (-1 / 2)
verify	Recover stopped G5 original compiler diagnostics	2026-10-07T16:45:16.7318929Z     else 1 - q) =
verify	Recover stopped G5 original compiler diagnostics	2026-10-07T16:45:16.7319234Z     ((if ⟨4, ⋯⟩ = 4 then if ⟨4, ⋯⟩ = 4 then 1 else 0 else 1) +
verify	Recover stopped G5 original compiler diagnostics	2026-10-07T16:45:16.7319691Z         if ⟨4, ⋯⟩ = 4 then if ⟨4, ⋯⟩ = 4 then q * (-3 / 2) else q * (1 / 2) else -q) +
verify	Recover stopped G5 original compiler diagnostics	2026-10-07T16:45:16.7320185Z       if ⟨4, ⋯⟩ = 4 then if ⟨4, ⋯⟩ = 4 then q ^ 3 * (1 / 2) else q ^ 3 * (-1 / 2) else 0
verify	Recover stopped G5 original compiler diagnostics	2026-10-07T16:45:16.7320825Z /home/runner/work/_temp/cloud-g5-build/CloudG5/G5FrozenTripleAnalyticSupport.lean:66:45: error: Type mismatch
verify	Recover stopped G5 original compiler diagnostics	2026-10-07T16:45:16.7321368Z   zero_mul ?m.69
verify	Recover stopped G5 original compiler diagnostics	2026-10-07T16:45:16.7321565Z has type
verify	Recover stopped G5 original compiler diagnostics	2026-10-07T16:45:16.7321751Z   0 * ?m.69 = 0
verify	Recover stopped G5 original compiler diagnostics	2026-10-07T16:45:16.7321973Z but is expected to have type
verify	Recover stopped G5 original compiler diagnostics	2026-10-07T16:45:16.7322492Z   x✝ ∈ Finsupp.support ?m.63 ∪ Finsupp.support ?m.64 → ?m.65 x✝ 0 = 0
verify	Recover stopped G5 original compiler diagnostics	2026-10-07T16:45:16.7323166Z /home/runner/work/_temp/cloud-g5-build/CloudG5/G5FrozenTripleAnalyticSupport.lean:67:20: error: Type mismatch
verify	Recover stopped G5 original compiler diagnostics	2026-10-07T16:45:16.7323833Z   add_mul ?m.78 ?m.79 ?m.80
verify	Recover stopped G5 original compiler diagnostics	2026-10-07T16:45:16.7324057Z has type
verify	Recover stopped G5 original compiler diagnostics	2026-10-07T16:45:16.7324300Z   (?m.78 + ?m.79) * ?m.80 = ?m.78 * ?m.80 + ?m.79 * ?m.80
verify	Recover stopped G5 original compiler diagnostics	2026-10-07T16:45:16.7324605Z but is expected to have type
verify	Recover stopped G5 original compiler diagnostics	2026-10-07T16:45:16.7324979Z   ∀ (b₂ : ?m.58), ?m.65 x✝² (x✝ + b₂) = ?m.65 x✝² x✝ + ?m.65 x✝² b₂
verify	Recover stopped G5 original compiler diagnostics	2026-10-07T16:45:16.7325696Z /home/runner/work/_temp/cloud-g5-build/CloudG5/G5FrozenTripleAnalyticSupport.lean:67:61: error: Application type mismatch: The argument
verify	Recover stopped G5 original compiler diagnostics	2026-10-07T16:45:16.7326307Z   zero_mul ?m.67
verify	Recover stopped G5 original compiler diagnostics	2026-10-07T16:45:16.7326502Z has type
verify	Recover stopped G5 original compiler diagnostics	2026-10-07T16:45:16.7326683Z   0 * ?m.67 = 0
verify	Recover stopped G5 original compiler diagnostics	2026-10-07T16:45:16.7326898Z but is expected to have type
verify	Recover stopped G5 original compiler diagnostics	2026-10-07T16:45:16.7327406Z   ?m.64 ?m.62 0 = 0
verify	Recover stopped G5 original compiler diagnostics	2026-10-07T16:45:16.7327619Z in the application
verify	Recover stopped G5 original compiler diagnostics	2026-10-07T16:45:16.7327863Z   Finsupp.sum_single_index (zero_mul ?m.67)
verify	Recover stopped G5 original compiler diagnostics	2026-10-07T16:45:16.7328450Z /home/runner/work/_temp/cloud-g5-build/CloudG5/G5FrozenTripleAnalyticSupport.lean:59:50: error: unsolved goals
verify	Recover stopped G5 original compiler diagnostics	2026-10-07T16:45:16.7328984Z rate u : ℝ
verify	Recover stopped G5 original compiler diagnostics	2026-10-07T16:45:16.7329198Z occupancy gene : Fin 5
verify	Recover stopped G5 original compiler diagnostics	2026-10-07T16:45:16.7329481Z hc : Real.exp (-rate * u) ^ 3 = Real.exp (-3 * rate * u)
verify	Recover stopped G5 original compiler diagnostics	2026-10-07T16:45:16.7330074Z ⊢ ((Finsupp.single 0 (row 0 occupancy gene) + Finsupp.single (-rate) (linearCoefficient occupancy gene) +
verify	Recover stopped G5 original compiler diagnostics	2026-10-07T16:45:16.7330672Z           Finsupp.single (-3 * rate) (cubicCoefficient occupancy gene)).sum
verify	Recover stopped G5 original compiler diagnostics	2026-10-07T16:45:16.7331100Z       fun rate weight => weight * Real.exp (rate * u)) =
verify	Recover stopped G5 original compiler diagnostics	2026-10-07T16:45:16.7331563Z     row 0 occupancy gene + linearCoefficient occupancy gene * Real.exp (-rate * u) +
verify	Recover stopped G5 original compiler diagnostics	2026-10-07T16:45:16.7332053Z       cubicCoefficient occupancy gene * Real.exp (-3 * rate * u)
verify	Recover stopped G5 original compiler diagnostics	2026-10-07T16:45:16.7332782Z /home/runner/work/_temp/cloud-g5-build/CloudG5/G5FrozenTripleAnalyticSupport.lean:68:4: warning: This simp argument is unused:
verify	Recover stopped G5 original compiler diagnostics	2026-10-07T16:45:16.7333362Z   zero_mul
verify	Recover stopped G5 original compiler diagnostics	2026-10-07T16:45:16.7333476Z 
verify	Recover stopped G5 original compiler diagnostics	2026-10-07T16:45:16.7333606Z Hint: Omit it from the simp argument list.
verify	Recover stopped G5 original compiler diagnostics	2026-10-07T16:45:16.7334071Z   [apply] simp only [Finsupp.sum_add_index (fun _ => zero_mul _) (fun _ _ _ => add_mul _ _ _),
verify	Recover stopped G5 original compiler diagnostics	2026-10-07T16:45:16.7334618Z     Finsupp.sum_single_index (zero_mul _), Real.exp_zero, mul_one, hc]
verify	Recover stopped G5 original compiler diagnostics	2026-10-07T16:45:16.7334900Z 
verify	Recover stopped G5 original compiler diagnostics	2026-10-07T16:45:16.7335144Z Note: This linter can be disabled with `set_option linter.unusedSimpArgs false`
verify	Recover stopped G5 original compiler diagnostics	2026-10-07T16:45:16.7335895Z /home/runner/work/_temp/cloud-g5-build/CloudG5/G5FrozenTripleAnalyticSupport.lean:68:14: warning: This simp argument is unused:
verify	Recover stopped G5 original compiler diagnostics	2026-10-07T16:45:16.7336478Z   Real.exp_zero
verify	Recover stopped G5 original compiler diagnostics	2026-10-07T16:45:16.7336603Z 
verify	Recover stopped G5 original compiler diagnostics	2026-10-07T16:45:16.7336726Z Hint: Omit it from the simp argument list.
verify	Recover stopped G5 original compiler diagnostics	2026-10-07T16:45:16.7337487Z   [apply] simp only [Finsupp.sum_add_index (fun _ => zero_mul _) (fun _ _ _ => add_mul _ _ _),
verify	Recover stopped G5 original compiler diagnostics	2026-10-07T16:45:16.7338014Z     Finsupp.sum_single_index (zero_mul _), zero_mul, mul_one, hc]
verify	Recover stopped G5 original compiler diagnostics	2026-10-07T16:45:16.7338430Z 
verify	Recover stopped G5 original compiler diagnostics	2026-10-07T16:45:16.7338673Z Note: This linter can be disabled with `set_option linter.unusedSimpArgs false`
verify	Recover stopped G5 original compiler diagnostics	2026-10-07T16:45:16.7339416Z /home/runner/work/_temp/cloud-g5-build/CloudG5/G5FrozenTripleAnalyticSupport.lean:68:29: warning: This simp argument is unused:
verify	Recover stopped G5 original compiler diagnostics	2026-10-07T16:45:16.7339992Z   mul_one
verify	Recover stopped G5 original compiler diagnostics	2026-10-07T16:45:16.7340104Z 
verify	Recover stopped G5 original compiler diagnostics	2026-10-07T16:45:16.7340229Z Hint: Omit it from the simp argument list.
verify	Recover stopped G5 original compiler diagnostics	2026-10-07T16:45:16.7340697Z   [apply] simp only [Finsupp.sum_add_index (fun _ => zero_mul _) (fun _ _ _ => add_mul _ _ _),
verify	Recover stopped G5 original compiler diagnostics	2026-10-07T16:45:16.7341238Z     Finsupp.sum_single_index (zero_mul _), zero_mul, Real.exp_zero, hc]
verify	Recover stopped G5 original compiler diagnostics	2026-10-07T16:45:16.7341512Z 
verify	Recover stopped G5 original compiler diagnostics	2026-10-07T16:45:16.7341751Z Note: This linter can be disabled with `set_option linter.unusedSimpArgs false`
verify	Recover stopped G5 original compiler diagnostics	2026-10-07T16:45:16.7342367Z 'GProgram.G5.FrozenTripleAnalyticSupport.exp_parameter_bounds' depends on axioms: [propext,
verify	Recover stopped G5 original compiler diagnostics	2026-10-07T16:45:16.7342839Z  Classical.choice,
verify	Recover stopped G5 original compiler diagnostics	2026-10-07T16:45:16.7343046Z  Quot.sound]
verify	Recover stopped G5 original compiler diagnostics	2026-10-07T16:45:16.7343584Z 'GProgram.G5.FrozenTripleAnalyticSupport.exp_parameter_decay' depends on axioms: [propext, Classical.choice, Quot.sound]
verify	Recover stopped G5 original compiler diagnostics	2026-10-07T16:45:16.7344347Z 'GProgram.G5.FrozenTripleAnalyticSupport.row_polynomial' depends on axioms: [propext,
verify	Recover stopped G5 original compiler diagnostics	2026-10-07T16:45:16.7344902Z  sorryAx,
verify	Recover stopped G5 original compiler diagnostics	2026-10-07T16:45:16.7345091Z  Classical.choice,
verify	Recover stopped G5 original compiler diagnostics	2026-10-07T16:45:16.7345301Z  Quot.sound]
verify	Recover stopped G5 original compiler diagnostics	2026-10-07T16:45:16.7345737Z 'GProgram.G5.FrozenTripleAnalyticSupport.row_coefficients_evaluation' depends on axioms: [propext,
verify	Recover stopped G5 original compiler diagnostics	2026-10-07T16:45:16.7346214Z  sorryAx,
verify	Recover stopped G5 original compiler diagnostics	2026-10-07T16:45:16.7346402Z  Classical.choice,
verify	Recover stopped G5 original compiler diagnostics	2026-10-07T16:45:16.7346605Z  Quot.sound]
verify	Recover stopped G5 original compiler diagnostics	2026-10-07T16:45:16.7347278Z 'GProgram.G5.FrozenTripleAnalyticSupport.frozen_coefficients_evaluation' depends on axioms: [propext,
verify	Recover stopped G5 original compiler diagnostics	2026-10-07T16:45:16.7347802Z  sorryAx,
verify	Recover stopped G5 original compiler diagnostics	2026-10-07T16:45:16.7347997Z  Classical.choice,
verify	Recover stopped G5 original compiler diagnostics	2026-10-07T16:45:16.7348202Z  Quot.sound]
verify	Recover stopped G5 original compiler diagnostics	2026-10-07T16:45:16.7348622Z 'GProgram.G5.FrozenTripleAnalyticSupport.frozen_mixture_limit' depends on axioms: [propext,
verify	Recover stopped G5 original compiler diagnostics	2026-10-07T16:45:16.7349092Z  Classical.choice,
verify	Recover stopped G5 original compiler diagnostics	2026-10-07T16:45:16.7349296Z  Quot.sound]
verify	Recover stopped G5 original compiler diagnostics	2026-10-07T16:45:16.7349758Z 'GProgram.G5.FrozenTripleAnalyticSupport.frozen_mixtures_eq_of_right_germ' depends on axioms: [propext,
verify	Recover stopped G5 original compiler diagnostics	2026-10-07T16:45:16.7350256Z  sorryAx,
verify	Recover stopped G5 original compiler diagnostics	2026-10-07T16:45:16.7350443Z  Classical.choice,
verify	Recover stopped G5 original compiler diagnostics	2026-10-07T16:45:16.7350641Z  Quot.sound]
verify	Recover stopped G5 original compiler diagnostics	2026-10-07T16:45:16.7351109Z 'GProgram.G5.FrozenTripleAnalyticSupport.occupancy_masses_eq_of_right_germ' depends on axioms: [propext,
verify	Recover stopped G5 original compiler diagnostics	2026-10-07T16:45:16.7351612Z  sorryAx,
verify	Recover stopped G5 original compiler diagnostics	2026-10-07T16:45:16.7351794Z  Classical.choice,
verify	Recover stopped G5 original compiler diagnostics	2026-10-07T16:45:16.7351994Z  Quot.sound]
verify	Recover stopped G5 original compiler diagnostics	2026-10-07T16:45:16.7352466Z 'GProgram.G5.FrozenTripleAnalyticSupport.occupancy_support_eq_of_right_germ' depends on axioms: [propext,
verify	Recover stopped G5 original compiler diagnostics	2026-10-07T16:45:16.7352980Z  sorryAx,
verify	Recover stopped G5 original compiler diagnostics	2026-10-07T16:45:16.7353167Z  Classical.choice,
verify	Recover stopped G5 original compiler diagnostics	2026-10-07T16:45:16.7353363Z  Quot.sound]
verify	Recover stopped G5 original compiler diagnostics	2026-10-07T16:45:16.7353574Z G5_ORIGINAL_FAILED_DIAGNOSTIC_END
verify	Recover stopped G5 original compiler diagnostics	2026-10-07T16:45:16.7353851Z G5_ORIGINAL_module-results.json {
verify	Recover stopped G5 original compiler diagnostics	2026-10-07T16:45:16.7354141Z   "G5FrozenTriplePolynomialKernel": {
verify	Recover stopped G5 original compiler diagnostics	2026-10-07T16:45:16.7354428Z     "status": "PASS",
verify	Recover stopped G5 original compiler diagnostics	2026-10-07T16:45:16.7354646Z     "exit": 0,
verify	Recover stopped G5 original compiler diagnostics	2026-10-07T16:45:16.7355029Z     "source_sha256": "ba0c611a563318de5d2310b6620cae0899c77b9ead6cf690efd82af926c746a4",
verify	Recover stopped G5 original compiler diagnostics	2026-10-07T16:45:16.7355646Z     "artifact_sha256": "c7fe5b50a3bdabe11128e6628c9f4fe5c744a42692a1f72e12bac57ae897f610"
verify	Recover stopped G5 original compiler diagnostics	2026-10-07T16:45:16.7356068Z   },
verify	Recover stopped G5 original compiler diagnostics	2026-10-07T16:45:16.7356293Z   "G5ExponentialGermIdentification": {
verify	Recover stopped G5 original compiler diagnostics	2026-10-07T16:45:16.7356568Z     "status": "PASS",
verify	Recover stopped G5 original compiler diagnostics	2026-10-07T16:45:16.7356777Z     "exit": 0,
verify	Recover stopped G5 original compiler diagnostics	2026-10-07T16:45:16.7357378Z     "source_sha256": "c87eb5933db663acbed6128f9898ed357c1c0ba9a8fbf287ebb04cbecffa13d0",
verify	Recover stopped G5 original compiler diagnostics	2026-10-07T16:45:16.7357992Z     "artifact_sha256": "f5871e7e0c92132cfd8ffd2aa2aee62fd531a8135d709fc502f1f81767317fdc"
verify	Recover stopped G5 original compiler diagnostics	2026-10-07T16:45:16.7358406Z   },
verify	Recover stopped G5 original compiler diagnostics	2026-10-07T16:45:16.7358607Z   "G5UnknownRateSupport": {
verify	Recover stopped G5 original compiler diagnostics	2026-10-07T16:45:16.7358848Z     "status": "PASS",
verify	Recover stopped G5 original compiler diagnostics	2026-10-07T16:45:16.7359054Z     "exit": 0,
verify	Recover stopped G5 original compiler diagnostics	2026-10-07T16:45:16.7359424Z     "source_sha256": "5138246c24f49bc7b4b2adf28fd776b1b89f16e5cf7bc5bfa1b27c97afa7fa93",
verify	Recover stopped G5 original compiler diagnostics	2026-10-07T16:45:16.7360181Z     "artifact_sha256": "6c9eab9d43b38f9f40f1ad205e7108c2a66178abca4f457f9f1fb343dfc2dd9e"
verify	Recover stopped G5 original compiler diagnostics	2026-10-07T16:45:16.7360592Z   },
verify	Recover stopped G5 original compiler diagnostics	2026-10-07T16:45:16.7360803Z   "G5FrozenTripleAnalyticSupport": {
verify	Recover stopped G5 original compiler diagnostics	2026-10-07T16:45:16.7361069Z     "status": "FAIL",
verify	Recover stopped G5 original compiler diagnostics	2026-10-07T16:45:16.7361263Z     "exit": 1,
verify	Recover stopped G5 original compiler diagnostics	2026-10-07T16:45:16.7361612Z     "source_sha256": "87679f3b02566a44efd25b3d275af458716c015b346e02bd9d513093e5787f4c"
verify	Recover stopped G5 original compiler diagnostics	2026-10-07T16:45:16.7362001Z   },
verify	Recover stopped G5 original compiler diagnostics	2026-10-07T16:45:16.7362177Z   "SourceNetwork": {
verify	Recover stopped G5 original compiler diagnostics	2026-10-07T16:45:16.7362386Z     "status": "PASS",
verify	Recover stopped G5 original compiler diagnostics	2026-10-07T16:45:16.7362591Z     "exit": 0,
verify	Recover stopped G5 original compiler diagnostics	2026-10-07T16:45:16.7362961Z     "source_sha256": "0e0a2a3ed6bdbbd7242980a6428ebf8ec0ec85d077d2ccf9cd8dfef4e1bd2eb7",
verify	Recover stopped G5 original compiler diagnostics	2026-10-07T16:45:16.7363549Z     "artifact_sha256": "5839e58243c6e4e4998b43a12b25e263da4f390ba9507a1cd165b3660df6bd7a"
verify	Recover stopped G5 original compiler diagnostics	2026-10-07T16:45:16.7363943Z   },
verify	Recover stopped G5 original compiler diagnostics	2026-10-07T16:45:16.7364137Z   "G2LiveLineageRouting": {
verify	Recover stopped G5 original compiler diagnostics	2026-10-07T16:45:16.7364377Z     "status": "PASS",
verify	Recover stopped G5 original compiler diagnostics	2026-10-07T16:45:16.7364575Z     "exit": 0,
verify	Recover stopped G5 original compiler diagnostics	2026-10-07T16:45:16.7364932Z     "source_sha256": "bf33f6be93e61960aa637df34d1197316669d6f2ddde6d743ac405a010cb05af",
verify	Recover stopped G5 original compiler diagnostics	2026-10-07T16:45:16.7365666Z     "artifact_sha256": "af00bd42555ed1078283b2cfe09904e77490eec1f6a0416d223aba949d4880ce"
verify	Recover stopped G5 original compiler diagnostics	2026-10-07T16:45:16.7366070Z   },
verify	Recover stopped G5 original compiler diagnostics	2026-10-07T16:45:16.7366273Z   "SourceLabelledForest": {
verify	Recover stopped G5 original compiler diagnostics	2026-10-07T16:45:16.7366509Z     "status": "PASS",
verify	Recover stopped G5 original compiler diagnostics	2026-10-07T16:45:16.7366713Z     "exit": 0,
verify	Recover stopped G5 original compiler diagnostics	2026-10-07T16:45:16.7367287Z     "source_sha256": "d6e5b2b57cf03091f8b5b5a2c80cf49de39bab938c50a467b46b30e08f12871d",
verify	Recover stopped G5 original compiler diagnostics	2026-10-07T16:45:16.7367894Z     "artifact_sha256": "f2a5b4e2dd8a0b55c67f59e1c1bfe7850a6d4197c5f362cee74d4f60348b9f43"
verify	Recover stopped G5 original compiler diagnostics	2026-10-07T16:45:16.7368301Z   },
verify	Recover stopped G5 original compiler diagnostics	2026-10-07T16:45:16.7368515Z   "SourceForestKingmanProjection": {
verify	Recover stopped G5 original compiler diagnostics	2026-10-07T16:45:16.7368787Z     "status": "PASS",
verify	Recover stopped G5 original compiler diagnostics	2026-10-07T16:45:16.7368991Z     "exit": 0,
verify	Recover stopped G5 original compiler diagnostics	2026-10-07T16:45:16.7369363Z     "source_sha256": "781d4a7ee62e5e98fa15e056e201a2c753a2f945bd536cf9df6cb04d906511a0",
verify	Recover stopped G5 original compiler diagnostics	2026-10-07T16:45:16.7369958Z     "artifact_sha256": "4c6757229e839b14c0efa66fad816dd02adb85cc1a4db269293502ed3399442a"
verify	Recover stopped G5 original compiler diagnostics	2026-10-07T16:45:16.7370371Z   },
verify	Recover stopped G5 original compiler diagnostics	2026-10-07T16:45:16.7370619Z   "SourceForestKingmanPopulationProjection": {
verify	Recover stopped G5 original compiler diagnostics	2026-10-07T16:45:16.7370928Z     "status": "PASS",
verify	Recover stopped G5 original compiler diagnostics	2026-10-07T16:45:16.7371134Z     "exit": 0,
verify	Recover stopped G5 original compiler diagnostics	2026-10-07T16:45:16.7371509Z     "source_sha256": "e8733ab8e66c60f98cfcfcd56e703b55a5ad8674dc5361f4ac6cb0c35f80f6e4",
verify	Recover stopped G5 original compiler diagnostics	2026-10-07T16:45:16.7372103Z     "artifact_sha256": "731eef4f7f6f2ec68b5fbe95ec350cb407633a03e5f52a77665f5ad806c7ae30"
verify	Recover stopped G5 original compiler diagnostics	2026-10-07T16:45:16.7372517Z   },
verify	Recover stopped G5 original compiler diagnostics	2026-10-07T16:45:16.7372778Z   "UnifiedLean.Source.SourceForestSilentPruning": {
verify	Recover stopped G5 original compiler diagnostics	2026-10-07T16:45:16.7373106Z     "status": "PASS",
verify	Recover stopped G5 original compiler diagnostics	2026-10-07T16:45:16.7373318Z     "exit": 0,
verify	Recover stopped G5 original compiler diagnostics	2026-10-07T16:45:16.7373694Z     "source_sha256": "86f61cc8ce06af574ee98b37db0ecd7c8cbc2df99e495ce1b9a66605ea8fb5c2",
verify	Recover stopped G5 original compiler diagnostics	2026-10-07T16:45:16.7374290Z     "artifact_sha256": "5dc9544d1e4111dbf9c3214a8bd274e18af367a572fb3d2adea13141402402e6"
verify	Recover stopped G5 original compiler diagnostics	2026-10-07T16:45:16.7374701Z   },
verify	Recover stopped G5 original compiler diagnostics	2026-10-07T16:45:16.7374911Z   "G2FaithfulPairAgeDecoration": {
verify	Recover stopped G5 original compiler diagnostics	2026-10-07T16:45:16.7375169Z     "status": "PASS",
verify	Recover stopped G5 original compiler diagnostics	2026-10-07T16:45:16.7375378Z     "exit": 0,
verify	Recover stopped G5 original compiler diagnostics	2026-10-07T16:45:16.7375750Z     "source_sha256": "c82708abcdae2e3e174f245dccca811881b5149f1acb69b12700850b307b5735",
verify	Recover stopped G5 original compiler diagnostics	2026-10-07T16:45:16.7376391Z     "artifact_sha256": "aaae4b75efbd4a5340d5a6eb5ba0c4ee67ee139b78bdb2d359ec9bcd5c6d3ba3"
verify	Recover stopped G5 original compiler diagnostics	2026-10-07T16:45:16.7376823Z   },
verify	Recover stopped G5 original compiler diagnostics	2026-10-07T16:45:16.7377475Z   "UnifiedLean.Source.FiniteGenealogyEncoding": {
verify	Recover stopped G5 original compiler diagnostics	2026-10-07T16:45:16.7377815Z     "status": "PASS",
verify	Recover stopped G5 original compiler diagnostics	2026-10-07T16:45:16.7378026Z     "exit": 0,
verify	Recover stopped G5 original compiler diagnostics	2026-10-07T16:45:16.7378401Z     "source_sha256": "3d862f8d9f9a43aed6324954ebea749001fd2b221dd90dd7d58cf4e4419fbcac",
verify	Recover stopped G5 original compiler diagnostics	2026-10-07T16:45:16.7378986Z     "artifact_sha256": "350a72a7a56d3739f8872385b9226e60779ee9281660689d6ee7a0854dcb31da"
verify	Recover stopped G5 original compiler diagnostics	2026-10-07T16:45:16.7379380Z   },
verify	Recover stopped G5 original compiler diagnostics	2026-10-07T16:45:16.7379620Z   "UnifiedLean.Source.FiniteSourceSnapshot": {
verify	Recover stopped G5 original compiler diagnostics	2026-10-07T16:45:16.7379927Z     "status": "PASS",
verify	Recover stopped G5 original compiler diagnostics	2026-10-07T16:45:16.7380284Z     "exit": 0,
verify	Recover stopped G5 original compiler diagnostics	2026-10-07T16:45:16.7380648Z     "source_sha256": "4628112bbbc69528748bbc93f8a3f8200bc802a6e72417fb90c39e7acd49f744",
verify	Recover stopped G5 original compiler diagnostics	2026-10-07T16:45:16.7381254Z     "artifact_sha256": "acecbfa7e7c54592eb43a2451f5171ec5f6e3ac30ff6376bf482b3dc765f06b8"
verify	Recover stopped G5 original compiler diagnostics	2026-10-07T16:45:16.7381665Z   },
verify	Recover stopped G5 original compiler diagnostics	2026-10-07T16:45:16.7381849Z   "GraphLeaves": {
verify	Recover stopped G5 original compiler diagnostics	2026-10-07T16:45:16.7382062Z     "status": "PASS",
verify	Recover stopped G5 original compiler diagnostics	2026-10-07T16:45:16.7382267Z     "exit": 0,
verify	Recover stopped G5 original compiler diagnostics	2026-10-07T16:45:16.7382631Z     "source_sha256": "9d7e0f1756768fe32d4b38514c36bd961a306fb21dcf6b7fb27f5e6285a5f49b",
verify	Recover stopped G5 original compiler diagnostics	2026-10-07T16:45:16.7383215Z     "artifact_sha256": "535306348d70a72205667fc478f9db4c00fa79c5c94db3d32c2088d90b176b6b"
verify	Recover stopped G5 original compiler diagnostics	2026-10-07T16:45:16.7383612Z   },
verify	Recover stopped G5 original compiler diagnostics	2026-10-07T16:45:16.7383793Z   "GraphCuts": {
verify	Recover stopped G5 original compiler diagnostics	2026-10-07T16:45:16.7383997Z     "status": "PASS",
verify	Recover stopped G5 original compiler diagnostics	2026-10-07T16:45:16.7384200Z     "exit": 0,
verify	Recover stopped G5 original compiler diagnostics	2026-10-07T16:45:16.7384563Z     "source_sha256": "a877489ce00643ef1bf96b14d484453797891c718445ce157aa7a54beefce2e5",
verify	Recover stopped G5 original compiler diagnostics	2026-10-07T16:45:16.7385151Z     "artifact_sha256": "8c70b5566b0d9bdc4a0fb67b16250948ff4f373dff9f70aa12a9fc19f01c17d9"
verify	Recover stopped G5 original compiler diagnostics	2026-10-07T16:45:16.7385566Z   },
verify	Recover stopped G5 original compiler diagnostics	2026-10-07T16:45:16.7385754Z   "G5BridgeBarrier": {
verify	Recover stopped G5 original compiler diagnostics	2026-10-07T16:45:16.7386092Z     "status": "PASS",
verify	Recover stopped G5 original compiler diagnostics	2026-10-07T16:45:16.7386296Z     "exit": 0,
verify	Recover stopped G5 original compiler diagnostics	2026-10-07T16:45:16.7386659Z     "source_sha256": "0e2af6987c473e34c09a74ab41b3ede45ce049cbc04fde42b1d2108162467f77",
verify	Recover stopped G5 original compiler diagnostics	2026-10-07T16:45:16.7387469Z     "artifact_sha256": "8f45e753481ec724dfdeb53c07ef94692b282ca39ea202759513e7b6355df159"
verify	Recover stopped G5 original compiler diagnostics	2026-10-07T16:45:16.7387877Z   },
verify	Recover stopped G5 original compiler diagnostics	2026-10-07T16:45:16.7388065Z   "G5CalendarRoutes": {
verify	Recover stopped G5 original compiler diagnostics	2026-10-07T16:45:16.7388295Z     "status": "PASS",
verify	Recover stopped G5 original compiler diagnostics	2026-10-07T16:45:16.7388503Z     "exit": 0,
verify	Recover stopped G5 original compiler diagnostics	2026-10-07T16:45:16.7388863Z     "source_sha256": "db0e9421d59009e4119ac42e7e86517ada50f5007a314fd430f4b0937f6c80fd",
verify	Recover stopped G5 original compiler diagnostics	2026-10-07T16:45:16.7389442Z     "artifact_sha256": "1e9d5ff7367926c2d7309e8f433676203a9c1b7217e6ba86a06b12c10ae3285f"
verify	Recover stopped G5 original compiler diagnostics	2026-10-07T16:45:16.7389843Z   },
verify	Recover stopped G5 original compiler diagnostics	2026-10-07T16:45:16.7390039Z   "G5ProtectiveBlock": {
verify	Recover stopped G5 original compiler diagnostics	2026-10-07T16:45:16.7390278Z     "status": "PASS",
verify	Recover stopped G5 original compiler diagnostics	2026-10-07T16:45:16.7390484Z     "exit": 0,
verify	Recover stopped G5 original compiler diagnostics	2026-10-07T16:45:16.7390846Z     "source_sha256": "45d1f8284504ee2b591c4d56654ce7375e3979b1a97495fc439c6f4477dcffe9",
verify	Recover stopped G5 original compiler diagnostics	2026-10-07T16:45:16.7391435Z     "artifact_sha256": "676fb92eb76bfe71080770a8febc16331128e0a7f9464ea501e3d8c46e498831"
verify	Recover stopped G5 original compiler diagnostics	2026-10-07T16:45:16.7391849Z   },
verify	Recover stopped G5 original compiler diagnostics	2026-10-07T16:45:16.7392054Z   "G5MinimalGraphInterface": {
verify	Recover stopped G5 original compiler diagnostics	2026-10-07T16:45:16.7392302Z     "status": "PASS",
verify	Recover stopped G5 original compiler diagnostics	2026-10-07T16:45:16.7392508Z     "exit": 0,
verify	Recover stopped G5 original compiler diagnostics	2026-10-07T16:45:16.7392875Z     "source_sha256": "20e09481ee4518de56cf201c978d98b4cec0d94c0fbfebd40008d3a3fa799281",
verify	Recover stopped G5 original compiler diagnostics	2026-10-07T16:45:16.7393460Z     "artifact_sha256": "3791db6ded4c2c40b5f23a39fe51b8d8066a9d29082ae0e2ead4778b702bba8e"
verify	Recover stopped G5 original compiler diagnostics	2026-10-07T16:45:16.7393863Z   },
verify	Recover stopped G5 original compiler diagnostics	2026-10-07T16:45:16.7394065Z   "G6BridgeCannotEnterHybrid": {
verify	Recover stopped G5 original compiler diagnostics	2026-10-07T16:45:16.7394318Z     "status": "PASS",
verify	Recover stopped G5 original compiler diagnostics	2026-10-07T16:45:16.7394520Z     "exit": 0,
verify	Recover stopped G5 original compiler diagnostics	2026-10-07T16:45:16.7394891Z     "source_sha256": "60befd0f3660e56b46ca80f17a0c11f8ecd415833d0d52fad5ecafef7df6389e",
verify	Recover stopped G5 original compiler diagnostics	2026-10-07T16:45:16.7395512Z     "artifact_sha256": "80d41efb239a84ca63808d998beb6e9cff5134f273309285ed6f2126900e66a7"
verify	Recover stopped G5 original compiler diagnostics	2026-10-07T16:45:16.7395917Z   },
verify	Recover stopped G5 original compiler diagnostics	2026-10-07T16:45:16.7396119Z   "G5BridgeComponentEntries": {
verify	Recover stopped G5 original compiler diagnostics	2026-10-07T16:45:16.7396370Z     "status": "PASS",
verify	Recover stopped G5 original compiler diagnostics	2026-10-07T16:45:16.7396574Z     "exit": 0,
verify	Recover stopped G5 original compiler diagnostics	2026-10-07T16:45:16.7396933Z     "source_sha256": "286bcf82d6f79056a8d0d443aa6d4f19c7ca5a72669e62d8f2f4868ef0d6acc6",
verify	Recover stopped G5 original compiler diagnostics	2026-10-07T16:45:16.7397747Z     "artifact_sha256": "5bdc5ec595a8e41594610a53aad2b89f1eb452ebc277c707329a5c8bb0ea2904"
verify	Recover stopped G5 original compiler diagnostics	2026-10-07T16:45:16.7398156Z   },
verify	Recover stopped G5 original compiler diagnostics	2026-10-07T16:45:16.7398357Z   "G5NonbridgeRouteBound": {
verify	Recover stopped G5 original compiler diagnostics	2026-10-07T16:45:16.7398603Z     "status": "PASS",
verify	Recover stopped G5 original compiler diagnostics	2026-10-07T16:45:16.7398808Z     "exit": 0,
verify	Recover stopped G5 original compiler diagnostics	2026-10-07T16:45:16.7399162Z     "source_sha256": "7a0c7b0010fe42167fab26da7daf366f695c448b283a211751c5dd5416920525",
verify	Recover stopped G5 original compiler diagnostics	2026-10-07T16:45:16.7399750Z     "artifact_sha256": "ba03bc2bfb8bc59f0bde22b4e03f49457cc4481bf23d28aace13f5d9a1bcbfe2"
verify	Recover stopped G5 original compiler diagnostics	2026-10-07T16:45:16.7400310Z   },
verify	Recover stopped G5 original compiler diagnostics	2026-10-07T16:45:16.7400519Z   "G5ComponentCalendarCoverage": {
verify	Recover stopped G5 original compiler diagnostics	2026-10-07T16:45:16.7400781Z     "status": "PASS",
verify	Recover stopped G5 original compiler diagnostics	2026-10-07T16:45:16.7400981Z     "exit": 0,
verify	Recover stopped G5 original compiler diagnostics	2026-10-07T16:45:16.7401349Z     "source_sha256": "3d73d592d4c129b1b06f2eccd48a94fd8afe1e50f030a5eb18e8c3ddb9f12c10",
verify	Recover stopped G5 original compiler diagnostics	2026-10-07T16:45:16.7401936Z     "artifact_sha256": "ae92a483b3b13a6a3e2ef9278add0198f9ddc0c42480367ad95498e329b328e6"
verify	Recover stopped G5 original compiler diagnostics	2026-10-07T16:45:16.7402348Z   },
verify	Recover stopped G5 original compiler diagnostics	2026-10-07T16:45:16.7402554Z   "G5ActualComponentSupport": {
verify	Recover stopped G5 original compiler diagnostics	2026-10-07T16:45:16.7402805Z     "status": "PASS",
verify	Recover stopped G5 original compiler diagnostics	2026-10-07T16:45:16.7403008Z     "exit": 0,
verify	Recover stopped G5 original compiler diagnostics	2026-10-07T16:45:16.7403374Z     "source_sha256": "5da0a86f2d1caf9b3a78a0fd75765194fa5652ad1a55c09382502d8354faaec7",
verify	Recover stopped G5 original compiler diagnostics	2026-10-07T16:45:16.7403957Z     "artifact_sha256": "7a271c24e06f6f8ddf101b353851e9e905be249d92702f296ef8a387a5411ee9"
verify	Recover stopped G5 original compiler diagnostics	2026-10-07T16:45:16.7404358Z   },
verify	Recover stopped G5 original compiler diagnostics	2026-10-07T16:45:16.7404563Z   "G5RootRouteCurrentSupport": {
verify	Recover stopped G5 original compiler diagnostics	2026-10-07T16:45:16.7404823Z     "status": "PASS",
verify	Recover stopped G5 original compiler diagnostics	2026-10-07T16:45:16.7405031Z     "exit": 0,
verify	Recover stopped G5 original compiler diagnostics	2026-10-07T16:45:16.7405390Z     "source_sha256": "c72a58ae14539e524c37c97193d2343158eff784557fef12a7e4b7360157b554",
verify	Recover stopped G5 original compiler diagnostics	2026-10-07T16:45:16.7405973Z     "artifact_sha256": "fee3ada7da81b03dbc416c3f603ee2ea16cc95cf1f075251d0879e471b1c3d67"
verify	Recover stopped G5 original compiler diagnostics	2026-10-07T16:45:16.7406507Z   },
verify	Recover stopped G5 original compiler diagnostics	2026-10-07T16:45:16.7406710Z   "G5CurrentPortTwoPositions": {
verify	Recover stopped G5 original compiler diagnostics	2026-10-07T16:45:16.7406962Z     "status": "PASS",
verify	Recover stopped G5 original compiler diagnostics	2026-10-07T16:45:16.7407387Z     "exit": 0,
verify	Recover stopped G5 original compiler diagnostics	2026-10-07T16:45:16.7407743Z     "source_sha256": "c24d3d860a5369434f6d236c37003d3045e6452fd57dd21396dd877a5a452ce9",
verify	Recover stopped G5 original compiler diagnostics	2026-10-07T16:45:16.7408327Z     "artifact_sha256": "b6fc628aaa5eed0e0aa015f12dbfce350db21735eb0aec3539254f9f9c686a42"
verify	Recover stopped G5 original compiler diagnostics	2026-10-07T16:45:16.7408738Z   },
verify	Recover stopped G5 original compiler diagnostics	2026-10-07T16:45:16.7408945Z   "G5OriginalTipCurrentSupport": {
verify	Recover stopped G5 original compiler diagnostics	2026-10-07T16:45:16.7409210Z     "status": "PASS",
verify	Recover stopped G5 original compiler diagnostics	2026-10-07T16:45:16.7409412Z     "exit": 0,
verify	Recover stopped G5 original compiler diagnostics	2026-10-07T16:45:16.7409776Z     "source_sha256": "4324f00cb8db4d3c6ab0bfaa5e7283fcde521568f40d95aaddb9e32f896cdba2",
verify	Recover stopped G5 original compiler diagnostics	2026-10-07T16:45:16.7410363Z     "artifact_sha256": "488ff035b67e8b685e2c6ed4db6b06da1d6f416c07172a00b42a549c7b1b077b"
verify	Recover stopped G5 original compiler diagnostics	2026-10-07T16:45:16.7410769Z   },
verify	Recover stopped G5 original compiler diagnostics	2026-10-07T16:45:16.7410966Z   "G5ParentChoiceCalendar": {
verify	Recover stopped G5 original compiler diagnostics	2026-10-07T16:45:16.7411213Z     "status": "PASS",
verify	Recover stopped G5 original compiler diagnostics	2026-10-07T16:45:16.7411414Z     "exit": 0,
verify	Recover stopped G5 original compiler diagnostics	2026-10-07T16:45:16.7411766Z     "source_sha256": "357d5e59016672583318546b03bebb04ccdd5fbf95247cab22c98465dbf715b9",
verify	Recover stopped G5 original compiler diagnostics	2026-10-07T16:45:16.7412344Z     "artifact_sha256": "f309b5bb2cd35b9de626f951a477cc087fc884fe18ed56f776e1bfa15c2bb5e7"
verify	Recover stopped G5 original compiler diagnostics	2026-10-07T16:45:16.7412755Z   },
verify	Recover stopped G5 original compiler diagnostics	2026-10-07T16:45:16.7412949Z   "G5CoupledQuartetKernel": {
verify	Recover stopped G5 original compiler diagnostics	2026-10-07T16:45:16.7413188Z     "status": "PASS",
verify	Recover stopped G5 original compiler diagnostics	2026-10-07T16:45:16.7413387Z     "exit": 0,
verify	Recover stopped G5 original compiler diagnostics	2026-10-07T16:45:16.7413734Z     "source_sha256": "f9275364f5777a968c37ce39c24ea95179d23b4e54414463a62a4860c33361c1",
verify	Recover stopped G5 original compiler diagnostics	2026-10-07T16:45:16.7414310Z     "artifact_sha256": "0edcbd95560eff207f89ba863d93e23f84ec27acc1b1ec1e025b36d2ed089d2e"
verify	Recover stopped G5 original compiler diagnostics	2026-10-07T16:45:16.7414717Z   },
verify	Recover stopped G5 original compiler diagnostics	2026-10-07T16:45:16.7414914Z   "G5FairSelectorMoments": {
verify	Recover stopped G5 original compiler diagnostics	2026-10-07T16:45:16.7415163Z     "status": "PASS",
verify	Recover stopped G5 original compiler diagnostics	2026-10-07T16:45:16.7415365Z     "exit": 0,
verify	Recover stopped G5 original compiler diagnostics	2026-10-07T16:45:16.7415723Z     "source_sha256": "97a29621340a7dd103409ee8ce84675560f4b8e03aa7db63314ca24b337be71f",
verify	Recover stopped G5 original compiler diagnostics	2026-10-07T16:45:16.7416294Z     "artifact_sha256": "d41cd28c82783369567cea0aa7f694f0e8859d92a0f81397f5a270e6a5ef9a75"
verify	Recover stopped G5 original compiler diagnostics	2026-10-07T16:45:16.7416693Z   },
verify	Recover stopped G5 original compiler diagnostics	2026-10-07T16:45:16.7416890Z   "G5FairOriginalCoinLaw": {
verify	Recover stopped G5 original compiler diagnostics	2026-10-07T16:45:16.7417366Z     "status": "PASS",
verify	Recover stopped G5 original compiler diagnostics	2026-10-07T16:45:16.7417578Z     "exit": 0,
verify	Recover stopped G5 original compiler diagnostics	2026-10-07T16:45:16.7417946Z     "source_sha256": "6a8905aa53481bdc37914e5d01197af12a9ddde1ffc42fc4b896603a6b61aa8e",
verify	Recover stopped G5 original compiler diagnostics	2026-10-07T16:45:16.7418541Z     "artifact_sha256": "f19f9cf43b016d347a75cb63041b4de9e98d9cedfa7dbba86249dbba71f50d1f"
verify	Recover stopped G5 original compiler diagnostics	2026-10-07T16:45:16.7418951Z   },
verify	Recover stopped G5 original compiler diagnostics	2026-10-07T16:45:16.7419149Z   "G5OriginalCoinPMF": {
verify	Recover stopped G5 original compiler diagnostics	2026-10-07T16:45:16.7419386Z     "status": "PASS",
verify	Recover stopped G5 original compiler diagnostics	2026-10-07T16:45:16.7419589Z     "exit": 0,
verify	Recover stopped G5 original compiler diagnostics	2026-10-07T16:45:16.7419953Z     "source_sha256": "ae0e933761b49e5ca244a1756b77ba3c0e545bf1aa33ca75d51fc8caf8a1b5c1",
verify	Recover stopped G5 original compiler diagnostics	2026-10-07T16:45:16.7420694Z     "artifact_sha256": "efa11b7f45ca3339917403e9c87de37e5656fd4cdb37e4cebce8e2cd3349da95"
verify	Recover stopped G5 original compiler diagnostics	2026-10-07T16:45:16.7421105Z   },
verify	Recover stopped G5 original compiler diagnostics	2026-10-07T16:45:16.7421314Z   "G5ParentPositionPushforward": {
verify	Recover stopped G5 original compiler diagnostics	2026-10-07T16:45:16.7421577Z     "status": "PASS",
verify	Recover stopped G5 original compiler diagnostics	2026-10-07T16:45:16.7421779Z     "exit": 0,
verify	Recover stopped G5 original compiler diagnostics	2026-10-07T16:45:16.7422140Z     "source_sha256": "4f81aef02bb0f225aea6b377757f9282d336da685eb3e728dad1cf133f83d8db",
verify	Recover stopped G5 original compiler diagnostics	2026-10-07T16:45:16.7422722Z     "artifact_sha256": "45aed0d79bc7248731ee4a6ba081c6ddb555f23e21330415755c8ba4bb505060"
verify	Recover stopped G5 original compiler diagnostics	2026-10-07T16:45:16.7423131Z   },
verify	Recover stopped G5 original compiler diagnostics	2026-10-07T16:45:16.7423342Z   "G5SafePastHybridDisjointness": {
verify	Recover stopped G5 original compiler diagnostics	2026-10-07T16:45:16.7423607Z     "status": "PASS",
verify	Recover stopped G5 original compiler diagnostics	2026-10-07T16:45:16.7423808Z     "exit": 0,
verify	Recover stopped G5 original compiler diagnostics	2026-10-07T16:45:16.7424162Z     "source_sha256": "99c5803e9c056152a260eccff1b8351239c12ca9e5ef40b51a419419992efe97",
verify	Recover stopped G5 original compiler diagnostics	2026-10-07T16:45:16.7424730Z     "artifact_sha256": "db990c77d19b78c225ef33469189dae3787832912340a3c9be06f31f045f356d"
verify	Recover stopped G5 original compiler diagnostics	2026-10-07T16:45:16.7425129Z   },
verify	Recover stopped G5 original compiler diagnostics	2026-10-07T16:45:16.7425344Z   "G5PairOnlySureBlockChronology": {
verify	Recover stopped G5 original compiler diagnostics	2026-10-07T16:45:16.7425615Z     "status": "PASS",
verify	Recover stopped G5 original compiler diagnostics	2026-10-07T16:45:16.7425820Z     "exit": 0,
verify	Recover stopped G5 original compiler diagnostics	2026-10-07T16:45:16.7426315Z     "source_sha256": "1ac87b91536cbe08b2ec4afe4ca3ea28c21386b6c432c6bd81731a30ea39871b",
verify	Recover stopped G5 original compiler diagnostics	2026-10-07T16:45:16.7426906Z     "artifact_sha256": "a25210ec4033964a4008d4a709ad1334f5934fbacb8329613050f4fda5e98f2d"
verify	Recover stopped G5 original compiler diagnostics	2026-10-07T16:45:16.7427527Z   },
verify	Recover stopped G5 original compiler diagnostics	2026-10-07T16:45:16.7427743Z   "G5SafePastMeetingPermanence": {
verify	Recover stopped G5 original compiler diagnostics	2026-10-07T16:45:16.7428005Z     "status": "PASS",
verify	Recover stopped G5 original compiler diagnostics	2026-10-07T16:45:16.7428211Z     "exit": 0,
verify	Recover stopped G5 original compiler diagnostics	2026-10-07T16:45:16.7428574Z     "source_sha256": "30864de3e16b9d9b9a80c0139ac2173e10cf71f4b30e2b324dee9d54d0eefc9e",
verify	Recover stopped G5 original compiler diagnostics	2026-10-07T16:45:16.7429150Z     "artifact_sha256": "11755b327f5e0219b9459898d97d9ad6745bf7fdaf2b8fbfe6704d30a601fe6a"
verify	Recover stopped G5 original compiler diagnostics	2026-10-07T16:45:16.7429546Z   },
verify	Recover stopped G5 original compiler diagnostics	2026-10-07T16:45:16.7429743Z   "G5OriginalRouteHazard": {
verify	Recover stopped G5 original compiler diagnostics	2026-10-07T16:45:16.7429987Z     "status": "PASS",
verify	Recover stopped G5 original compiler diagnostics	2026-10-07T16:45:16.7430196Z     "exit": 0,
verify	Recover stopped G5 original compiler diagnostics	2026-10-07T16:45:16.7430544Z     "source_sha256": "9cf84860342b132e474d034ae05034129b47aa116e8bcf0e965989e7e58e4e8a",
verify	Recover stopped G5 original compiler diagnostics	2026-10-07T16:45:16.7431121Z     "artifact_sha256": "b94bfb47f8082c9cc7ce8a435aec37d8a86b109a190f380ebe3075e70757d734"
verify	Recover stopped G5 original compiler diagnostics	2026-10-07T16:45:16.7431531Z   },
verify	Recover stopped G5 original compiler diagnostics	2026-10-07T16:45:16.7431734Z   "G4TwoRootSourceStopping": {
verify	Recover stopped G5 original compiler diagnostics	2026-10-07T16:45:16.7431986Z     "status": "PASS",
verify	Recover stopped G5 original compiler diagnostics	2026-10-07T16:45:16.7432197Z     "exit": 0,
verify	Recover stopped G5 original compiler diagnostics	2026-10-07T16:45:16.7432592Z     "source_sha256": "b5dd33d135fcb9267ae3297229e51434b5cfd434e08ef89ecacf34affd5e541d",
verify	Recover stopped G5 original compiler diagnostics	2026-10-07T16:45:16.7433176Z     "artifact_sha256": "8f8be29284c9ede0910949548309d6dba3298efbf015481371efe9c7827b2d7a"
verify	Recover stopped G5 original compiler diagnostics	2026-10-07T16:45:16.7433585Z   },
verify	Recover stopped G5 original compiler diagnostics	2026-10-07T16:45:16.7433781Z   "G1SharedRegisterStress": {
verify	Recover stopped G5 original compiler diagnostics	2026-10-07T16:45:16.7434022Z     "status": "PASS",
verify	Recover stopped G5 original compiler diagnostics	2026-10-07T16:45:16.7434229Z     "exit": 0,
verify	Recover stopped G5 original compiler diagnostics	2026-10-07T16:45:16.7434580Z     "source_sha256": "d65004b11e07bb553637161bd7b1395186ea20e2c39e7c50c800af4871f018db",
verify	Recover stopped G5 original compiler diagnostics	2026-10-07T16:45:16.7435168Z     "artifact_sha256": "4c6a8d0c66d2af1efd5436d7dea15908fa31da9f3baf141bd36f7b96d4c7d18a"
verify	Recover stopped G5 original compiler diagnostics	2026-10-07T16:45:16.7435583Z   },
verify	Recover stopped G5 original compiler diagnostics	2026-10-07T16:45:16.7435775Z   "G4FourRootPositivity": {
verify	Recover stopped G5 original compiler diagnostics	2026-10-07T16:45:16.7436016Z     "status": "PASS",
verify	Recover stopped G5 original compiler diagnostics	2026-10-07T16:45:16.7436218Z     "exit": 0,
verify	Recover stopped G5 original compiler diagnostics	2026-10-07T16:45:16.7436562Z     "source_sha256": "24823aa835fb0649d8754777d975315e82ead74d3f065093e2d03c743f7356fa",
verify	Recover stopped G5 original compiler diagnostics	2026-10-07T16:45:16.7437377Z     "artifact_sha256": "18753586e88359c7aab1ae2afa008f077c5b9472fb6eabb2668e6d49a97d34f5"
verify	Recover stopped G5 original compiler diagnostics	2026-10-07T16:45:16.7437793Z   },
verify	Recover stopped G5 original compiler diagnostics	2026-10-07T16:45:16.7438000Z   "G4IndependentRoutingBridge": {
verify	Recover stopped G5 original compiler diagnostics	2026-10-07T16:45:16.7438260Z     "status": "PASS",
verify	Recover stopped G5 original compiler diagnostics	2026-10-07T16:45:16.7438460Z     "exit": 0,
verify	Recover stopped G5 original compiler diagnostics	2026-10-07T16:45:16.7438817Z     "source_sha256": "e30d82ea7e57138d463c779205dfcf686b520cb649d9d5767ee3c13853f19f6b",
verify	Recover stopped G5 original compiler diagnostics	2026-10-07T16:45:16.7439401Z     "artifact_sha256": "ead242633abb1a0fde9c7027812480bf0ddd9d87264b678cc06e4880d6e02509"
verify	Recover stopped G5 original compiler diagnostics	2026-10-07T16:45:16.7439805Z   },
verify	Recover stopped G5 original compiler diagnostics	2026-10-07T16:45:16.7440002Z   "G4AllRootPairClocks": {
verify	Recover stopped G5 original compiler diagnostics	2026-10-07T16:45:16.7440397Z     "status": "PASS",
verify	Recover stopped G5 original compiler diagnostics	2026-10-07T16:45:16.7440604Z     "exit": 0,
verify	Recover stopped G5 original compiler diagnostics	2026-10-07T16:45:16.7440950Z     "source_sha256": "149c8603c734e2ccb021963be42609698285033c1296b2bca18d0716f4258744",
verify	Recover stopped G5 original compiler diagnostics	2026-10-07T16:45:16.7441526Z     "artifact_sha256": "692b56faecda471c6c76ce6c27c5cd935e9733259e68c53c91594a41d69d77e9"
verify	Recover stopped G5 original compiler diagnostics	2026-10-07T16:45:16.7441931Z   },
verify	Recover stopped G5 original compiler diagnostics	2026-10-07T16:45:16.7442135Z   "G4PathResolvedMeasurement": {
verify	Recover stopped G5 original compiler diagnostics	2026-10-07T16:45:16.7442385Z     "status": "PASS",
verify	Recover stopped G5 original compiler diagnostics	2026-10-07T16:45:16.7442585Z     "exit": 0,
verify	Recover stopped G5 original compiler diagnostics	2026-10-07T16:45:16.7442947Z     "source_sha256": "af20fe6e206d9b407ad7b16310d75eb12191b0b7a137d189b466209ed02f0eb9",
verify	Recover stopped G5 original compiler diagnostics	2026-10-07T16:45:16.7443545Z     "artifact_sha256": "effe6adad889257f9d4902afc5276ccf5b5d496e4cbfa67add8e18c6fffaa3c3"
verify	Recover stopped G5 original compiler diagnostics	2026-10-07T16:45:16.7443969Z   },
verify	Recover stopped G5 original compiler diagnostics	2026-10-07T16:45:16.7444211Z   "UnifiedLean.Source.NativeParentRouting": {
verify	Recover stopped G5 original compiler diagnostics	2026-10-07T16:45:16.7444513Z     "status": "PASS",
verify	Recover stopped G5 original compiler diagnostics	2026-10-07T16:45:16.7444718Z     "exit": 0,
verify	Recover stopped G5 original compiler diagnostics	2026-10-07T16:45:16.7445074Z     "source_sha256": "300d7216193e945ca26161535c1bc2ba75a128fe5c075b6a3567bbda66bfe0b6",
verify	Recover stopped G5 original compiler diagnostics	2026-10-07T16:45:16.7445660Z     "artifact_sha256": "8d9ffae0e0c9c6fb163152f2a24cb80c158440f366c0bd846e979638c19d67bb"
verify	Recover stopped G5 original compiler diagnostics	2026-10-07T16:45:16.7446182Z   },
verify	Recover stopped G5 original compiler diagnostics	2026-10-07T16:45:16.7446410Z   "UnifiedLean.Source.NativePairClockLaw": {
verify	Recover stopped G5 original compiler diagnostics	2026-10-07T16:45:16.7446705Z     "status": "PASS",
verify	Recover stopped G5 original compiler diagnostics	2026-10-07T16:45:16.7446906Z     "exit": 0,
verify	Recover stopped G5 original compiler diagnostics	2026-10-07T16:45:16.7447474Z     "source_sha256": "470738f7397f640a76374f791c485d757d1e2ac38769a11f05d0abc03c8aa9ae",
verify	Recover stopped G5 original compiler diagnostics	2026-10-07T16:45:16.7448061Z     "artifact_sha256": "78dc1487fe8c47e485940409b65cf182b9af935d53af37855f96aee1740a2619"
verify	Recover stopped G5 original compiler diagnostics	2026-10-07T16:45:16.7448458Z   },
verify	Recover stopped G5 original compiler diagnostics	2026-10-07T16:45:16.7448703Z   "UnifiedLean.Source.UniformizedSourceStep": {
verify	Recover stopped G5 original compiler diagnostics	2026-10-07T16:45:16.7449015Z     "status": "PASS",
verify	Recover stopped G5 original compiler diagnostics	2026-10-07T16:45:16.7449219Z     "exit": 0,
verify	Recover stopped G5 original compiler diagnostics	2026-10-07T16:45:16.7449577Z     "source_sha256": "9d5a95047e3c04f9e12334cd4b5569e36e1dfa2cd4b1573f217eeb559ff9691c",
verify	Recover stopped G5 original compiler diagnostics	2026-10-07T16:45:16.7450172Z     "artifact_sha256": "9be26472feeb92f1407fe50280ee091a39be1b2f98f75eccbcc5c29c78b70f91"
verify	Recover stopped G5 original compiler diagnostics	2026-10-07T16:45:16.7450586Z   },
verify	Recover stopped G5 original compiler diagnostics	2026-10-07T16:45:16.7450788Z   "G2SourceGraftDecoration": {
verify	Recover stopped G5 original compiler diagnostics	2026-10-07T16:45:16.7451038Z     "status": "PASS",
verify	Recover stopped G5 original compiler diagnostics	2026-10-07T16:45:16.7451250Z     "exit": 0,
verify	Recover stopped G5 original compiler diagnostics	2026-10-07T16:45:16.7451608Z     "source_sha256": "c8da578dde3fdf049e4075a39292979bbb5936bd9c754d743072420a91c07ddd",
verify	Recover stopped G5 original compiler diagnostics	2026-10-07T16:45:16.7452175Z     "artifact_sha256": "2546616f561a65b3740bc72f3f8d5a736c0896d5156e22e544905e6bd0b94053"
verify	Recover stopped G5 original compiler diagnostics	2026-10-07T16:45:16.7452570Z   },
verify	Recover stopped G5 original compiler diagnostics	2026-10-07T16:45:16.7452860Z   "UnifiedLean.Source.SourceForestGeneratorIntertwining": {
verify	Recover stopped G5 original compiler diagnostics	2026-10-07T16:45:16.7453224Z     "status": "PASS",
verify	Recover stopped G5 original compiler diagnostics	2026-10-07T16:45:16.7453427Z     "exit": 0,
verify	Recover stopped G5 original compiler diagnostics	2026-10-07T16:45:16.7453792Z     "source_sha256": "b186f0d381b0e62078d887f90ce46ecbe91def99ec66ec51c98053b9d60c0f28",
verify	Recover stopped G5 original compiler diagnostics	2026-10-07T16:45:16.7454369Z     "artifact_sha256": "d878c8c8994814b6ea203d0f122536b995045244f99fa0bb7d51e65ec1b55f4e"
verify	Recover stopped G5 original compiler diagnostics	2026-10-07T16:45:16.7454774Z   },
verify	Recover stopped G5 original compiler diagnostics	2026-10-07T16:45:16.7455049Z   "UnifiedLean.Source.SourceForestIntrinsicGenerator": {
verify	Recover stopped G5 original compiler diagnostics	2026-10-07T16:45:16.7455396Z     "status": "PASS",
verify	Recover stopped G5 original compiler diagnostics	2026-10-07T16:45:16.7455600Z     "exit": 0,
verify	Recover stopped G5 original compiler diagnostics	2026-10-07T16:45:16.7455962Z     "source_sha256": "b282351bf116ae756c7e9c6ee1e3cbace41a8d753b47cac7e53c4a918c82d16f",
verify	Recover stopped G5 original compiler diagnostics	2026-10-07T16:45:16.7456554Z     "artifact_sha256": "f5cda06f5330f88edb5d3d7c42fb707376fd86655cd0206005eeab486a5bdf9d"
verify	Recover stopped G5 original compiler diagnostics	2026-10-07T16:45:16.7456960Z   },
verify	Recover stopped G5 original compiler diagnostics	2026-10-07T16:45:16.7457458Z   "UnifiedLean.Source.SourceStepGeneratorBinding": {
verify	Recover stopped G5 original compiler diagnostics	2026-10-07T16:45:16.7457785Z     "status": "PASS",
verify	Recover stopped G5 original compiler diagnostics	2026-10-07T16:45:16.7457987Z     "exit": 0,
verify	Recover stopped G5 original compiler diagnostics	2026-10-07T16:45:16.7458345Z     "source_sha256": "8021b8bddcc5cd070185843ca5454dfb289572a2592854efbbdd9e41d48396d0",
verify	Recover stopped G5 original compiler diagnostics	2026-10-07T16:45:16.7458931Z     "artifact_sha256": "f502ffc9997cf20c0c605f7228ccfd04624e5c1b2084bb7b56da0300cba36ae5"
verify	Recover stopped G5 original compiler diagnostics	2026-10-07T16:45:16.7459336Z   },
verify	Recover stopped G5 original compiler diagnostics	2026-10-07T16:45:16.7459595Z   "UnifiedLean.Source.MatrixProjectionExponential": {
verify	Recover stopped G5 original compiler diagnostics	2026-10-07T16:45:16.7459925Z     "status": "PASS",
verify	Recover stopped G5 original compiler diagnostics	2026-10-07T16:45:16.7460129Z     "exit": 0,
verify	Recover stopped G5 original compiler diagnostics	2026-10-07T16:45:16.7460673Z     "source_sha256": "870438089e6cf05dd93761172ea1bf6b2aa96654708e97b9d348e0dfcb44dfa2",
verify	Recover stopped G5 original compiler diagnostics	2026-10-07T16:45:16.7461235Z     "artifact_sha256": "e24e92c1384b212e3678380a101429246c2183147d3861747023282210300bc4"
verify	Recover stopped G5 original compiler diagnostics	2026-10-07T16:45:16.7461622Z   },
verify	Recover stopped G5 original compiler diagnostics	2026-10-07T16:45:16.7461871Z   "UnifiedLean.Source.SourceFiniteProjection": {
verify	Recover stopped G5 original compiler diagnostics	2026-10-07T16:45:16.7462191Z     "status": "PASS",
verify	Recover stopped G5 original compiler diagnostics	2026-10-07T16:45:16.7462394Z     "exit": 0,
verify	Recover stopped G5 original compiler diagnostics	2026-10-07T16:45:16.7462756Z     "source_sha256": "09398c920468ba6ead16b523cecd9f86e7648e7063602256ee4634385df1cab3",
verify	Recover stopped G5 original compiler diagnostics	2026-10-07T16:45:16.7463338Z     "artifact_sha256": "856b4ed645ae1545eee15f7e163e307936fc0a41de38cd53ff48571feb4de3e1"
verify	Recover stopped G5 original compiler diagnostics	2026-10-07T16:45:16.7463739Z   },
verify	Recover stopped G5 original compiler diagnostics	2026-10-07T16:45:16.7463971Z   "UnifiedLean.Source.SourcePoissonKernel": {
verify	Recover stopped G5 original compiler diagnostics	2026-10-07T16:45:16.7464273Z     "status": "PASS",
verify	Recover stopped G5 original compiler diagnostics	2026-10-07T16:45:16.7464474Z     "exit": 0,
verify	Recover stopped G5 original compiler diagnostics	2026-10-07T16:45:16.7464821Z     "source_sha256": "13ab4d1a209554878e189061cbede00154c7b72548465757624cc2e4af66e98c",
verify	Recover stopped G5 original compiler diagnostics	2026-10-07T16:45:16.7465392Z     "artifact_sha256": "3b0da3727d3a9a7fb05d9091b46b9b8e343bf6d24ea24d5367eb317933de4885"
verify	Recover stopped G5 original compiler diagnostics	2026-10-07T16:45:16.7465797Z   },
verify	Recover stopped G5 original compiler diagnostics	2026-10-07T16:45:16.7466055Z   "UnifiedLean.Source.SourceGeneratorExponential": {
verify	Recover stopped G5 original compiler diagnostics	2026-10-07T16:45:16.7466492Z     "status": "PASS",
verify	Recover stopped G5 original compiler diagnostics	2026-10-07T16:45:16.7466693Z     "exit": 0,
verify	Recover stopped G5 original compiler diagnostics	2026-10-07T16:45:16.7467256Z     "source_sha256": "f761ddf2f5efb9906ec8f841567d02fae946cce763260f238834a147090e461d",
verify	Recover stopped G5 original compiler diagnostics	2026-10-07T16:45:16.7467845Z     "artifact_sha256": "c01909e0f75b00803d88bf272b2cda39c7fd67865add941e835ec0070430e986"
verify	Recover stopped G5 original compiler diagnostics	2026-10-07T16:45:16.7468246Z   },
verify	Recover stopped G5 original compiler diagnostics	2026-10-07T16:45:16.7468488Z   "UnifiedLean.Source.SourcePoissonExponential": {
verify	Recover stopped G5 original compiler diagnostics	2026-10-07T16:45:16.7468799Z     "status": "PASS",
verify	Recover stopped G5 original compiler diagnostics	2026-10-07T16:45:16.7469000Z     "exit": 0,
verify	Recover stopped G5 original compiler diagnostics	2026-10-07T16:45:16.7469357Z     "source_sha256": "463eb0e4a9cd9307898eface172100183b8ac9d412c1389a2c5b9ad4981c2d9a",
verify	Recover stopped G5 original compiler diagnostics	2026-10-07T16:45:16.7469942Z     "artifact_sha256": "f0601779ad0cda5b2374179ebee20ed4a4dd41e48ba745f2db346258e938b716"
verify	Recover stopped G5 original compiler diagnostics	2026-10-07T16:45:16.7470345Z   },
verify	Recover stopped G5 original compiler diagnostics	2026-10-07T16:45:16.7470584Z   "UnifiedLean.Source.SourceEpochSemigroup": {
verify	Recover stopped G5 original compiler diagnostics	2026-10-07T16:45:16.7470886Z     "status": "PASS",
verify	Recover stopped G5 original compiler diagnostics	2026-10-07T16:45:16.7471086Z     "exit": 0,
verify	Recover stopped G5 original compiler diagnostics	2026-10-07T16:45:16.7471436Z     "source_sha256": "845739bc6b110eadd611e0133906ec3f9b036d66f17902f46885c660213b179f",
verify	Recover stopped G5 original compiler diagnostics	2026-10-07T16:45:16.7472004Z     "artifact_sha256": "70f6e0ad18053f2801a94eca8e297ddc798aea7f6774beac76be12d7935f8e7c"
verify	Recover stopped G5 original compiler diagnostics	2026-10-07T16:45:16.7472406Z   },
verify	Recover stopped G5 original compiler diagnostics	2026-10-07T16:45:16.7472664Z   "UnifiedLean.Source.SourceCalendarCompatibility": {
verify	Recover stopped G5 original compiler diagnostics	2026-10-07T16:45:16.7472995Z     "status": "PASS",
verify	Recover stopped G5 original compiler diagnostics	2026-10-07T16:45:16.7473195Z     "exit": 0,
verify	Recover stopped G5 original compiler diagnostics	2026-10-07T16:45:16.7473556Z     "source_sha256": "98abb2982bcd061f931ed4a55816f00d54d4ce2c73c29e036dbd29ede303b3dc",
verify	Recover stopped G5 original compiler diagnostics	2026-10-07T16:45:16.7474139Z     "artifact_sha256": "9f8462ad34cd0b0152faa09fa0cab229982aaf3581873159d2d4beee25147b60"
verify	Recover stopped G5 original compiler diagnostics	2026-10-07T16:45:16.7474538Z   },
verify	Recover stopped G5 original compiler diagnostics	2026-10-07T16:45:16.7474795Z   "UnifiedLean.Source.SourceForestPulseTransport": {
verify	Recover stopped G5 original compiler diagnostics	2026-10-07T16:45:16.7475115Z     "status": "PASS",
verify	Recover stopped G5 original compiler diagnostics	2026-10-07T16:45:16.7475319Z     "exit": 0,
verify	Recover stopped G5 original compiler diagnostics	2026-10-07T16:45:16.7475680Z     "source_sha256": "8e1a3d62afab25247dd3a281d30f7dc20db1949ea1b589c2d77980b3b48874f1",
verify	Recover stopped G5 original compiler diagnostics	2026-10-07T16:45:16.7476268Z     "artifact_sha256": "db757269684be9a5356269a91bc6d86f4d5f0c7d0be31d561e773dd4a57ed600"
verify	Recover stopped G5 original compiler diagnostics	2026-10-07T16:45:16.7476677Z   },
verify	Recover stopped G5 original compiler diagnostics	2026-10-07T16:45:16.7476926Z   "UnifiedLean.Source.SourceForestPulseMeasure": {
verify	Recover stopped G5 original compiler diagnostics	2026-10-07T16:45:16.7477470Z     "status": "PASS",
verify	Recover stopped G5 original compiler diagnostics	2026-10-07T16:45:16.7477672Z     "exit": 0,
verify	Recover stopped G5 original compiler diagnostics	2026-10-07T16:45:16.7478027Z     "source_sha256": "04a3a1c1f027903e62b77f966639c80da77aaa776871a0d9bd0657eac35b9e4f",
verify	Recover stopped G5 original compiler diagnostics	2026-10-07T16:45:16.7478598Z     "artifact_sha256": "312ff4f1956b5ebb48ee2e0509767b04b51b10c479c0d7be032a65452015db30"
verify	Recover stopped G5 original compiler diagnostics	2026-10-07T16:45:16.7478998Z   },
verify	Recover stopped G5 original compiler diagnostics	2026-10-07T16:45:16.7479241Z   "UnifiedLean.Source.SourceForestCommonPulse": {
verify	Recover stopped G5 original compiler diagnostics	2026-10-07T16:45:16.7479553Z     "status": "PASS",
verify	Recover stopped G5 original compiler diagnostics	2026-10-07T16:45:16.7479756Z     "exit": 0,
verify	Recover stopped G5 original compiler diagnostics	2026-10-07T16:45:16.7480115Z     "source_sha256": "cac1082f66a84b943dbc8ba9f2e8082ce12bbb42a4b1503e31722597b0faa138",
verify	Recover stopped G5 original compiler diagnostics	2026-10-07T16:45:16.7480848Z     "artifact_sha256": "ed89f02a1dcbc927285eec75cdf2b5bd80a35a73ba88b2a36ec44eff9d79c030"
verify	Recover stopped G5 original compiler diagnostics	2026-10-07T16:45:16.7481260Z   },
verify	Recover stopped G5 original compiler diagnostics	2026-10-07T16:45:16.7481506Z   "UnifiedLean.Source.SourceBoundaryKernels": {
verify	Recover stopped G5 original compiler diagnostics	2026-10-07T16:45:16.7481814Z     "status": "PASS",
verify	Recover stopped G5 original compiler diagnostics	2026-10-07T16:45:16.7482013Z     "exit": 0,
verify	Recover stopped G5 original compiler diagnostics	2026-10-07T16:45:16.7482358Z     "source_sha256": "994b25e798e39889a56084b267c3e896580cd21e902764c3c6922d9bfdd6070d",
verify	Recover stopped G5 original compiler diagnostics	2026-10-07T16:45:16.7482919Z     "artifact_sha256": "a7cb09f045651cab62c381bf30e00448258b950e27b20e2a855dc04a13ec7f0c"
verify	Recover stopped G5 original compiler diagnostics	2026-10-07T16:45:16.7483315Z   },
verify	Recover stopped G5 original compiler diagnostics	2026-10-07T16:45:16.7483567Z   "UnifiedLean.Source.SourceBoundaryProjection": {
verify	Recover stopped G5 original compiler diagnostics	2026-10-07T16:45:16.7483879Z     "status": "PASS",
verify	Recover stopped G5 original compiler diagnostics	2026-10-07T16:45:16.7484078Z     "exit": 0,
verify	Recover stopped G5 original compiler diagnostics	2026-10-07T16:45:16.7484452Z     "source_sha256": "f1cb1e557b5f08cba2d37465bc4386bc6adc2f19fd12a132f7d6f835b1e24f0f",
verify	Recover stopped G5 original compiler diagnostics	2026-10-07T16:45:16.7485049Z     "artifact_sha256": "5aceb85c5f7dab2985a6a9fe14ddb346a15e88c219673aceecb0d769d3e918da"
verify	Recover stopped G5 original compiler diagnostics	2026-10-07T16:45:16.7485469Z   },
verify	Recover stopped G5 original compiler diagnostics	2026-10-07T16:45:16.7485717Z   "UnifiedLean.Source.SourceProgramTransport": {
verify	Recover stopped G5 original compiler diagnostics	2026-10-07T16:45:16.7486030Z     "status": "PASS",
verify	Recover stopped G5 original compiler diagnostics	2026-10-07T16:45:16.7486354Z     "exit": 0,
verify	Recover stopped G5 original compiler diagnostics	2026-10-07T16:45:16.7486724Z     "source_sha256": "d009fdfc510bfcaffaeea3bc241401eaf2996178ff4b82376eb22f1e49387831",
verify	Recover stopped G5 original compiler diagnostics	2026-10-07T16:45:16.7487575Z     "artifact_sha256": "759ca24ce43c3c7e6c03eaeebbeafbe6e24cd90018a1a62cee18317ccd72a701"
verify	Recover stopped G5 original compiler diagnostics	2026-10-07T16:45:16.7488002Z   },
verify	Recover stopped G5 original compiler diagnostics	2026-10-07T16:45:16.7488249Z   "UnifiedLean.Source.SourceCalendarCompiler": {
verify	Recover stopped G5 original compiler diagnostics	2026-10-07T16:45:16.7488561Z     "status": "PASS",
verify	Recover stopped G5 original compiler diagnostics	2026-10-07T16:45:16.7488770Z     "exit": 0,
verify	Recover stopped G5 original compiler diagnostics	2026-10-07T16:45:16.7489127Z     "source_sha256": "9974446d99fa344593d294e315e349ab71fdbe7574e932bb8b1a16ee1b2369fd",
verify	Recover stopped G5 original compiler diagnostics	2026-10-07T16:45:16.7489696Z     "artifact_sha256": "24f40c6f1525d7747d1e01a65537621b4d535f17a7a1779c451270c0976545a4"
verify	Recover stopped G5 original compiler diagnostics	2026-10-07T16:45:16.7490091Z   },
verify	Recover stopped G5 original compiler diagnostics	2026-10-07T16:45:16.7490338Z   "UnifiedLean.Source.SourceBoundaryLocations": {
verify	Recover stopped G5 original compiler diagnostics	2026-10-07T16:45:16.7490657Z     "status": "PASS",
verify	Recover stopped G5 original compiler diagnostics	2026-10-07T16:45:16.7490869Z     "exit": 0,
verify	Recover stopped G5 original compiler diagnostics	2026-10-07T16:45:16.7491228Z     "source_sha256": "f7c050056e121c7e0e12eb071383cb1369e8fe9de887d7ad875a76904d48de5b",
verify	Recover stopped G5 original compiler diagnostics	2026-10-07T16:45:16.7491810Z     "artifact_sha256": "f927f05e6d1ee61d712c382f7b9fcc2d2464ea69fdffa7669000857aeb6e5ddb"
verify	Recover stopped G5 original compiler diagnostics	2026-10-07T16:45:16.7492215Z   },
verify	Recover stopped G5 original compiler diagnostics	2026-10-07T16:45:16.7492452Z   "UnifiedLean.Source.SourceCalendarTiming": {
verify	Recover stopped G5 original compiler diagnostics	2026-10-07T16:45:16.7492758Z     "status": "PASS",
verify	Recover stopped G5 original compiler diagnostics	2026-10-07T16:45:16.7492963Z     "exit": 0,
verify	Recover stopped G5 original compiler diagnostics	2026-10-07T16:45:16.7493322Z     "source_sha256": "5e534089f17dc7d9ab40338cb0ca75789e0951bb6b5893ba24d514b8cd07d4f8",
verify	Recover stopped G5 original compiler diagnostics	2026-10-07T16:45:16.7493897Z     "artifact_sha256": "2b6f68f7912257c528f04792cddc5f304fabddb7959e330535ab02aaa6d3d74e"
verify	Recover stopped G5 original compiler diagnostics	2026-10-07T16:45:16.7494301Z   },
verify	Recover stopped G5 original compiler diagnostics	2026-10-07T16:45:16.7494580Z   "UnifiedLean.Source.SourceCalendarPhysicalSupport": {
verify	Recover stopped G5 original compiler diagnostics	2026-10-07T16:45:16.7494915Z     "status": "PASS",
verify	Recover stopped G5 original compiler diagnostics	2026-10-07T16:45:16.7495117Z     "exit": 0,
verify	Recover stopped G5 original compiler diagnostics	2026-10-07T16:45:16.7495475Z     "source_sha256": "e725dd61c850d3f5f92925c0de08122dd25f9d1660d9264d1ac47eb4d2bc88bf",
verify	Recover stopped G5 original compiler diagnostics	2026-10-07T16:45:16.7496060Z     "artifact_sha256": "4abd8a3049ff8d5e1207411be8ba31dbe6e837091da31ff002974ccd6dcbb83a"
verify	Recover stopped G5 original compiler diagnostics	2026-10-07T16:45:16.7496470Z   },
verify	Recover stopped G5 original compiler diagnostics	2026-10-07T16:45:16.7496725Z   "UnifiedLean.Source.SourceInitializedCalendar": {
verify	Recover stopped G5 original compiler diagnostics	2026-10-07T16:45:16.7497262Z     "status": "PASS",
verify	Recover stopped G5 original compiler diagnostics	2026-10-07T16:45:16.7497475Z     "exit": 0,
verify	Recover stopped G5 original compiler diagnostics	2026-10-07T16:45:16.7497835Z     "source_sha256": "47ea73231fbfa732495e4fc5f42f1374e2ef505bfe3d4073b6cc2bed3fcc5535",
verify	Recover stopped G5 original compiler diagnostics	2026-10-07T16:45:16.7498418Z     "artifact_sha256": "8856b94029f8a25bcda3c75c8e81b046aea662697dd47f3620f74874a672a344"
verify	Recover stopped G5 original compiler diagnostics	2026-10-07T16:45:16.7498820Z   },
verify	Recover stopped G5 original compiler diagnostics	2026-10-07T16:45:16.7499068Z   "UnifiedLean.Source.SourceActualHoldingClocks": {
verify	Recover stopped G5 original compiler diagnostics	2026-10-07T16:45:16.7499383Z     "status": "PASS",
verify	Recover stopped G5 original compiler diagnostics	2026-10-07T16:45:16.7499587Z     "exit": 0,
verify	Recover stopped G5 original compiler diagnostics	2026-10-07T16:45:16.7499934Z     "source_sha256": "498417275660b696c24f4c8cd83d84532a96f14b82f35bc3e49217c154e8c677",
verify	Recover stopped G5 original compiler diagnostics	2026-10-07T16:45:16.7500503Z     "artifact_sha256": "5b99071a50668564bc675703b18ef4e99edef2fa590fb5d33d321bc9652a685c"
verify	Recover stopped G5 original compiler diagnostics	2026-10-07T16:45:16.7501066Z   },
verify	Recover stopped G5 original compiler diagnostics	2026-10-07T16:45:16.7501311Z   "UnifiedLean.Source.SourceFirstMergerMark": {
verify	Recover stopped G5 original compiler diagnostics	2026-10-07T16:45:16.7501632Z     "status": "PASS",
verify	Recover stopped G5 original compiler diagnostics	2026-10-07T16:45:16.7501832Z     "exit": 0,
verify	Recover stopped G5 original compiler diagnostics	2026-10-07T16:45:16.7502200Z     "source_sha256": "2bc08f45d7ea76476f6fe485cdce68293a3d44cbc3b2aa108b6b45ce5d1182d1",
verify	Recover stopped G5 original compiler diagnostics	2026-10-07T16:45:16.7502793Z     "artifact_sha256": "30ca3cb4d5e60e1f418ed580d12af50bd036432d46ff5202953246c8cacf5125"
verify	Recover stopped G5 original compiler diagnostics	2026-10-07T16:45:16.7503199Z   },
verify	Recover stopped G5 original compiler diagnostics	2026-10-07T16:45:16.7503460Z   "UnifiedLean.Source.SourceFirstMarkDistribution": {
verify	Recover stopped G5 original compiler diagnostics	2026-10-07T16:45:16.7503786Z     "status": "PASS",
verify	Recover stopped G5 original compiler diagnostics	2026-10-07T16:45:16.7503988Z     "exit": 0,
verify	Recover stopped G5 original compiler diagnostics	2026-10-07T16:45:16.7504356Z     "source_sha256": "abd6230f1155ab6cf73bf3d4b55bbe04df408ca73caee81a8807b15b17e9ad29",
verify	Recover stopped G5 original compiler diagnostics	2026-10-07T16:45:16.7504937Z     "artifact_sha256": "f5195145bc7152d21dd36ba949f5f865624f3c34085f0252fd082a3e229b3f98"
verify	Recover stopped G5 original compiler diagnostics	2026-10-07T16:45:16.7505344Z   },
verify	Recover stopped G5 original compiler diagnostics	2026-10-07T16:45:16.7505584Z   "UnifiedLean.Source.SourceExponentialRace": {
verify	Recover stopped G5 original compiler diagnostics	2026-10-07T16:45:16.7505896Z     "status": "PASS",
verify	Recover stopped G5 original compiler diagnostics	2026-10-07T16:45:16.7506100Z     "exit": 0,
verify	Recover stopped G5 original compiler diagnostics	2026-10-07T16:45:16.7506463Z     "source_sha256": "d979f1bf3bbbac3eb3c396991a513a3624f310bf03273890e13c6d5029931afe",
verify	Recover stopped G5 original compiler diagnostics	2026-10-07T16:45:16.7507433Z     "artifact_sha256": "36cfe9ca2899e35b3391dcaf8649bbe2fb909dcf45097f90c96385ee7a4de7fe"
verify	Recover stopped G5 original compiler diagnostics	2026-10-07T16:45:16.7507854Z   },
verify	Recover stopped G5 original compiler diagnostics	2026-10-07T16:45:16.7508127Z   "UnifiedLean.Source.SourceExponentialRaceDensity": {
verify	Recover stopped G5 original compiler diagnostics	2026-10-07T16:45:16.7508468Z     "status": "PASS",
verify	Recover stopped G5 original compiler diagnostics	2026-10-07T16:45:16.7508671Z     "exit": 0,
verify	Recover stopped G5 original compiler diagnostics	2026-10-07T16:45:16.7509030Z     "source_sha256": "3fa36827b3553923fa1c1d48db4b2823c7b53e589696c3a1476f9aac8f760c29",
verify	Recover stopped G5 original compiler diagnostics	2026-10-07T16:45:16.7509614Z     "artifact_sha256": "1270d7d847ba9b87b40c061ed5c5b09aa380de72959b2642af1882ca37c7f092"
verify	Recover stopped G5 original compiler diagnostics	2026-10-07T16:45:16.7510015Z   },
verify	Recover stopped G5 original compiler diagnostics	2026-10-07T16:45:16.7510276Z   "UnifiedLean.Source.SourceExponentialResiduals": {
verify	Recover stopped G5 original compiler diagnostics	2026-10-07T16:45:16.7510601Z     "status": "PASS",
verify	Recover stopped G5 original compiler diagnostics	2026-10-07T16:45:16.7510805Z     "exit": 0,
verify	Recover stopped G5 original compiler diagnostics	2026-10-07T16:45:16.7511154Z     "source_sha256": "8861858b9309fd43e22424382c1f1513111514ef792354c7cf4b48a0ae4b19e7",
verify	Recover stopped G5 original compiler diagnostics	2026-10-07T16:45:16.7511729Z     "artifact_sha256": "2b3e357b723b7f549def12f6fa31af7d1bb32fbbb795995aa45cd39fd94a4f44"
verify	Recover stopped G5 original compiler diagnostics	2026-10-07T16:45:16.7512143Z   },
verify	Recover stopped G5 original compiler diagnostics	2026-10-07T16:45:16.7512390Z   "UnifiedLean.Source.SourceWinningClockReset": {
verify	Recover stopped G5 original compiler diagnostics	2026-10-07T16:45:16.7512706Z     "status": "PASS",
verify	Recover stopped G5 original compiler diagnostics	2026-10-07T16:45:16.7512905Z     "exit": 0,
verify	Recover stopped G5 original compiler diagnostics	2026-10-07T16:45:16.7513260Z     "source_sha256": "7a831640fec35d92f99e65e6f98e2874602fb5b040ff6b112c16b77a271f2038",
verify	Recover stopped G5 original compiler diagnostics	2026-10-07T16:45:16.7513842Z     "artifact_sha256": "ef2a7c2797cd3c6594e99d0fee4204a1a07be991ae8cf5ef74f6216ffb2f1c14"
verify	Recover stopped G5 original compiler diagnostics	2026-10-07T16:45:16.7514249Z   },
verify	Recover stopped G5 original compiler diagnostics	2026-10-07T16:45:16.7514506Z   "UnifiedLean.Source.SourceMergerClockCatalogue": {
verify	Recover stopped G5 original compiler diagnostics	2026-10-07T16:45:16.7514825Z     "status": "PASS",
verify	Recover stopped G5 original compiler diagnostics	2026-10-07T16:45:16.7515025Z     "exit": 0,
verify	Recover stopped G5 original compiler diagnostics	2026-10-07T16:45:16.7515378Z     "source_sha256": "147da19d2d89135e00c140b3a7a88cd3d53271954e5752a23e5e0ff30376a147",
verify	Recover stopped G5 original compiler diagnostics	2026-10-07T16:45:16.7515956Z     "artifact_sha256": "bb5d8c9658792871ffbee4e6244b8a9b8912be47d1e7667d7f97ff1ad92ccc54"
verify	Recover stopped G5 original compiler diagnostics	2026-10-07T16:45:16.7516367Z   },
verify	Recover stopped G5 original compiler diagnostics	2026-10-07T16:45:16.7516626Z   "UnifiedLean.Source.SourceDestinationClockReset": {
verify	Recover stopped G5 original compiler diagnostics	2026-10-07T16:45:16.7516957Z     "status": "PASS",
verify	Recover stopped G5 original compiler diagnostics	2026-10-07T16:45:16.7517414Z     "exit": 0,
verify	Recover stopped G5 original compiler diagnostics	2026-10-07T16:45:16.7517781Z     "source_sha256": "ec910abde269d665081f7c064b6567f45fca58ba26e183ab29e21037fb84344a",
verify	Recover stopped G5 original compiler diagnostics	2026-10-07T16:45:16.7518359Z     "artifact_sha256": "a195e9c765a6b591c114819ed0a1fd534640ce2a8738a0cabec62653a21433e9"
verify	Recover stopped G5 original compiler diagnostics	2026-10-07T16:45:16.7518760Z   },
verify	Recover stopped G5 original compiler diagnostics	2026-10-07T16:45:16.7518992Z   "UnifiedLean.Source.SourceEpochRenewal": {
verify	Recover stopped G5 original compiler diagnostics	2026-10-07T16:45:16.7519289Z     "status": "PASS",
verify	Recover stopped G5 original compiler diagnostics	2026-10-07T16:45:16.7519495Z     "exit": 0,
verify	Recover stopped G5 original compiler diagnostics	2026-10-07T16:45:16.7519858Z     "source_sha256": "5035fb830ed695b7aac5525c28f24d528be3c1b9a2c2c6f831f23b3cc6692bef",
verify	Recover stopped G5 original compiler diagnostics	2026-10-07T16:45:16.7520439Z     "artifact_sha256": "94e384e3b3027c69f46e7b4599c1b326b13568cca0ba130cbbd434243703b598"
verify	Recover stopped G5 original compiler diagnostics	2026-10-07T16:45:16.7520842Z   },
verify	Recover stopped G5 original compiler diagnostics	2026-10-07T16:45:16.7521254Z   "UnifiedLean.Source.SourceFiniteJumpExpansion": {
verify	Recover stopped G5 original compiler diagnostics	2026-10-07T16:45:16.7521576Z     "status": "PASS",
verify	Recover stopped G5 original compiler diagnostics	2026-10-07T16:45:16.7521775Z     "exit": 0,
verify	Recover stopped G5 original compiler diagnostics	2026-10-07T16:45:16.7522146Z     "source_sha256": "6a14b2de7bcdf28ae3293a23adde3234da7adb5dd503cfd007b711f1a52d786b",
verify	Recover stopped G5 original compiler diagnostics	2026-10-07T16:45:16.7522740Z     "artifact_sha256": "70fed4be6adc8d8ebb82a669ae7918b0345f124913c76baa447d0736b3e1d2b9"
verify	Recover stopped G5 original compiler diagnostics	2026-10-07T16:45:16.7523149Z   },
verify	Recover stopped G5 original compiler diagnostics	2026-10-07T16:45:16.7523399Z   "UnifiedLean.Source.SourceRaceWinnerSelection": {
verify	Recover stopped G5 original compiler diagnostics	2026-10-07T16:45:16.7523724Z     "status": "PASS",
verify	Recover stopped G5 original compiler diagnostics	2026-10-07T16:45:16.7523926Z     "exit": 0,
verify	Recover stopped G5 original compiler diagnostics	2026-10-07T16:45:16.7524291Z     "source_sha256": "ad882b44f7fd97f5ac7e5b7e125cce7e7f6640c065ff616f08c85b26dd9d4caf",
verify	Recover stopped G5 original compiler diagnostics	2026-10-07T16:45:16.7524874Z     "artifact_sha256": "14887b18954a796f3ecc4234ffd6d3c2ae5e7bd4a479306374a400949886c931"
verify	Recover stopped G5 original compiler diagnostics	2026-10-07T16:45:16.7525272Z   },
verify	Recover stopped G5 original compiler diagnostics	2026-10-07T16:45:16.7525529Z   "UnifiedLean.Source.SourceLiteralClockEndpoint": {
verify	Recover stopped G5 original compiler diagnostics	2026-10-07T16:45:16.7525851Z     "status": "PASS",
verify	Recover stopped G5 original compiler diagnostics	2026-10-07T16:45:16.7526057Z     "exit": 0,
verify	Recover stopped G5 original compiler diagnostics	2026-10-07T16:45:16.7526410Z     "source_sha256": "2f2f39f1ea044932788b412d32e3454bf8ff1ff1d65f48431e975352fbc9e7ba",
verify	Recover stopped G5 original compiler diagnostics	2026-10-07T16:45:16.7527321Z     "artifact_sha256": "1e696e29ec40e387a806db9afab5a877fc3878409029ab8b3b08a57b827b39dc"
verify	Recover stopped G5 original compiler diagnostics	2026-10-07T16:45:16.7527732Z   },
verify	Recover stopped G5 original compiler diagnostics	2026-10-07T16:45:16.7527936Z   "G2LiteralMarkedClockTrace": {
verify	Recover stopped G5 original compiler diagnostics	2026-10-07T16:45:16.7528191Z     "status": "PASS",
verify	Recover stopped G5 original compiler diagnostics	2026-10-07T16:45:16.7528391Z     "exit": 0,
verify	Recover stopped G5 original compiler diagnostics	2026-10-07T16:45:16.7528750Z     "source_sha256": "c7360a7aad72b8f8a2fb4864ff4e9b6e7d576e01e68c8a7c1a594ef2d9e57b9a",
verify	Recover stopped G5 original compiler diagnostics	2026-10-07T16:45:16.7529337Z     "artifact_sha256": "7b9d03b1440194089f51f9484a1bfba3969dc87780c18ee0b6a112c901fab3d8"
verify	Recover stopped G5 original compiler diagnostics	2026-10-07T16:45:16.7529737Z   },
verify	Recover stopped G5 original compiler diagnostics	2026-10-07T16:45:16.7529936Z   "G2ActualDecorationFold": {
verify	Recover stopped G5 original compiler diagnostics	2026-10-07T16:45:16.7530188Z     "status": "PASS",
verify	Recover stopped G5 original compiler diagnostics	2026-10-07T16:45:16.7530393Z     "exit": 0,
verify	Recover stopped G5 original compiler diagnostics	2026-10-07T16:45:16.7530766Z     "source_sha256": "8ca5f51130da2c7b513e70cd0b0d93a22fe9c4e706a63b590cab5407258f55be",
verify	Recover stopped G5 original compiler diagnostics	2026-10-07T16:45:16.7531351Z     "artifact_sha256": "68e226c1ed349c06fbf4ec88a08246d580358e89481cfd453c50836d110e2667"
verify	Recover stopped G5 original compiler diagnostics	2026-10-07T16:45:16.7531751Z   },
verify	Recover stopped G5 original compiler diagnostics	2026-10-07T16:45:16.7531955Z   "G2DecorationMeasurability": {
verify	Recover stopped G5 original compiler diagnostics	2026-10-07T16:45:16.7532217Z     "status": "PASS",
verify	Recover stopped G5 original compiler diagnostics	2026-10-07T16:45:16.7532420Z     "exit": 0,
verify	Recover stopped G5 original compiler diagnostics	2026-10-07T16:45:16.7532802Z     "source_sha256": "a016097f843583052f5c2b8a4c19899cb97d78052779c4771e22aa9603104338",
verify	Recover stopped G5 original compiler diagnostics	2026-10-07T16:45:16.7533373Z     "artifact_sha256": "8e6f4a4e662ac79257619bbb155396f157f07e74679ca1bb7593fbd98ba1e0a7"
verify	Recover stopped G5 original compiler diagnostics	2026-10-07T16:45:16.7533775Z   },
verify	Recover stopped G5 original compiler diagnostics	2026-10-07T16:45:16.7533969Z   "G2MarkedTraceRenewal": {
verify	Recover stopped G5 original compiler diagnostics	2026-10-07T16:45:16.7534213Z     "status": "PASS",
verify	Recover stopped G5 original compiler diagnostics	2026-10-07T16:45:16.7534416Z     "exit": 0,
verify	Recover stopped G5 original compiler diagnostics	2026-10-07T16:45:16.7534780Z     "source_sha256": "edbabf47f1429b8747c5d49a7d00d2762ad47ece635dfe00f1c59280a0b29603",
verify	Recover stopped G5 original compiler diagnostics	2026-10-07T16:45:16.7535366Z     "artifact_sha256": "e4055dce8880a551bd659d3bce76daa8dab943f2c7ddf80526098737b9c183c9"
verify	Recover stopped G5 original compiler diagnostics	2026-10-07T16:45:16.7535768Z   },
verify	Recover stopped G5 original compiler diagnostics	2026-10-07T16:45:16.7551746Z   "G2LiteralEpochLaw": {
verify	Recover stopped G5 original compiler diagnostics	2026-10-07T16:45:16.7552045Z     "status": "PASS",
verify	Recover stopped G5 original compiler diagnostics	2026-10-07T16:45:16.7552267Z     "exit": 0,
verify	Recover stopped G5 original compiler diagnostics	2026-10-07T16:45:16.7552654Z     "source_sha256": "9020ef5baaf8955097e69efac86b552cf80540211125d8f215bf1ca0bcecba7a",
verify	Recover stopped G5 original compiler diagnostics	2026-10-07T16:45:16.7553288Z     "artifact_sha256": "d3aab9fdfb767eebecb42f952e70c771c7dadb11b4be347cf0af21411a99f1dc"
verify	Recover stopped G5 original compiler diagnostics	2026-10-07T16:45:16.7553733Z   },
verify	Recover stopped G5 original compiler diagnostics	2026-10-07T16:45:16.7553938Z   "G2ActualCalendarTrace": {
verify	Recover stopped G5 original compiler diagnostics	2026-10-07T16:45:16.7554185Z     "status": "PASS",
verify	Recover stopped G5 original compiler diagnostics	2026-10-07T16:45:16.7554401Z     "exit": 0,
verify	Recover stopped G5 original compiler diagnostics	2026-10-07T16:45:16.7554782Z     "source_sha256": "cf709bcf2b686619c6f378dbe1a7690b6a19012a82a541ed34f3b0ff4af07ddd",
verify	Recover stopped G5 original compiler diagnostics	2026-10-07T16:45:16.7555403Z     "artifact_sha256": "a6c3ddee7a91cd815daa1bcfe7b888c800ed98f247aa1ef85489c656560762dc"
verify	Recover stopped G5 original compiler diagnostics	2026-10-07T16:45:16.7555836Z   },
verify	Recover stopped G5 original compiler diagnostics	2026-10-07T16:45:16.7556093Z   "UnifiedLean.Source.SourceEmbeddedJumpLaw": {
verify	Recover stopped G5 original compiler diagnostics	2026-10-07T16:45:16.7556408Z     "status": "PASS",
verify	Recover stopped G5 original compiler diagnostics	2026-10-07T16:45:16.7556619Z     "exit": 0,
verify	Recover stopped G5 original compiler diagnostics	2026-10-07T16:45:16.7557201Z     "source_sha256": "560f2174634b137eca95c83616b2b50a4e7671f51cfd62c275a7f7c206890d37",
verify	Recover stopped G5 original compiler diagnostics	2026-10-07T16:45:16.7558091Z     "artifact_sha256": "3300200d68248d866bc1b16a3bf1c04450c67bf0f1b47c8e8e9aeedcbcffc82d"
verify	Recover stopped G5 original compiler diagnostics	2026-10-07T16:45:16.7558508Z   },
verify	Recover stopped G5 original compiler diagnostics	2026-10-07T16:45:16.7558786Z   "UnifiedLean.Source.NativeIndependentPairMixture": {
verify	Recover stopped G5 original compiler diagnostics	2026-10-07T16:45:16.7559131Z     "status": "PASS",
verify	Recover stopped G5 original compiler diagnostics	2026-10-07T16:45:16.7559339Z     "exit": 0,
verify	Recover stopped G5 original compiler diagnostics	2026-10-07T16:45:16.7559689Z     "source_sha256": "4e1107890e0e36967898c06251a1a7ed3305721860534b902a87b04d434e4c31",
verify	Recover stopped G5 original compiler diagnostics	2026-10-07T16:45:16.7560263Z     "artifact_sha256": "acdba48e78b667e5e4cb1a907925a5369f4d6d55da475b404fa3dd65fd2538eb"
verify	Recover stopped G5 original compiler diagnostics	2026-10-07T16:45:16.7560673Z   },
verify	Recover stopped G5 original compiler diagnostics	2026-10-07T16:45:16.7560934Z   "UnifiedLean.Source.SourceNaturalInitialization": {
verify	Recover stopped G5 original compiler diagnostics	2026-10-07T16:45:16.7561263Z     "status": "PASS",
verify	Recover stopped G5 original compiler diagnostics	2026-10-07T16:45:16.7561470Z     "exit": 0,
verify	Recover stopped G5 original compiler diagnostics	2026-10-07T16:45:16.7561832Z     "source_sha256": "18050e86ebeb2d11ced94d0e3a2199f0c58b7ae4d7029288c28b0c893ec159e1",
verify	Recover stopped G5 original compiler diagnostics	2026-10-07T16:45:16.7562409Z     "artifact_sha256": "fffe97d14e0248ab2f06da424d0c4543bbd809384f956c4f9f7d4b9064144797"
verify	Recover stopped G5 original compiler diagnostics	2026-10-07T16:45:16.7562821Z   },
verify	Recover stopped G5 original compiler diagnostics	2026-10-07T16:45:16.7563080Z   "UnifiedLean.Source.SourceAncestralCompletion": {
verify	Recover stopped G5 original compiler diagnostics	2026-10-07T16:45:16.7563526Z     "status": "PASS",
verify	Recover stopped G5 original compiler diagnostics	2026-10-07T16:45:16.7563732Z     "exit": 0,
verify	Recover stopped G5 original compiler diagnostics	2026-10-07T16:45:16.7564091Z     "source_sha256": "da44afa6b8039afb1f90128af2f1b62234f3dfd0197ef9399c52873bf865caa5",
verify	Recover stopped G5 original compiler diagnostics	2026-10-07T16:45:16.7564671Z     "artifact_sha256": "b49a97e4f29e1fd6a83f51da72c0a721d690a123787ff49dbc5c0d6bcca0edc3"
verify	Recover stopped G5 original compiler diagnostics	2026-10-07T16:45:16.7565084Z   }
verify	Recover stopped G5 original compiler diagnostics	2026-10-07T16:45:16.7565253Z }
verify	Recover stopped G5 original compiler diagnostics	2026-10-07T16:45:16.7565351Z 
verify	Recover stopped G5 original compiler diagnostics	2026-10-07T16:45:16.7565459Z G5_ORIGINAL_commands.json [
verify	Recover stopped G5 original compiler diagnostics	2026-10-07T16:45:16.7565682Z   {
verify	Recover stopped G5 original compiler diagnostics	2026-10-07T16:45:16.7565867Z     "name": "reconstruct",
verify	Recover stopped G5 original compiler diagnostics	2026-10-07T16:45:16.7566088Z     "command": [
verify	Recover stopped G5 original compiler diagnostics	2026-10-07T16:45:16.7566291Z       "/usr/bin/python",
verify	Recover stopped G5 original compiler diagnostics	2026-10-07T16:45:16.7566843Z       "/home/runner/work/_temp/research-commons/research/2026-10-07-cloud-g5-sol-ultra-1557z/scripts/reconstruct_context.py",
verify	Recover stopped G5 original compiler diagnostics	2026-10-07T16:45:16.7567725Z       "/home/runner/work/_temp/research-commons",
verify	Recover stopped G5 original compiler diagnostics	2026-10-07T16:45:16.7568052Z       "/home/runner/work/_temp/cloud-g5-build"
verify	Recover stopped G5 original compiler diagnostics	2026-10-07T16:45:16.7568332Z     ],
verify	Recover stopped G5 original compiler diagnostics	2026-10-07T16:45:16.7568530Z     "start_unix": 1791389501.299625,
verify	Recover stopped G5 original compiler diagnostics	2026-10-07T16:45:16.7568784Z     "end_unix": 1791389501.6639557,
verify	Recover stopped G5 original compiler diagnostics	2026-10-07T16:45:16.7569025Z     "exit": 0,
verify	Recover stopped G5 original compiler diagnostics	2026-10-07T16:45:16.7569368Z     "log_sha256": "4530ef4046618583934f14300febf212c0303e4c4c29dd121edead604f609bb1"
verify	Recover stopped G5 original compiler diagnostics	2026-10-07T16:45:16.7569766Z   },
verify	Recover stopped G5 original compiler diagnostics	2026-10-07T16:45:16.7569937Z   {
verify	Recover stopped G5 original compiler diagnostics	2026-10-07T16:45:16.7570127Z     "name": "lake-update",
verify	Recover stopped G5 original compiler diagnostics	2026-10-07T16:45:16.7570351Z     "command": [
verify	Recover stopped G5 original compiler diagnostics	2026-10-07T16:45:16.7570547Z       "lake",
verify	Recover stopped G5 original compiler diagnostics	2026-10-07T16:45:16.7570736Z       "update"
verify	Recover stopped G5 original compiler diagnostics	2026-10-07T16:45:16.7570926Z     ],
verify	Recover stopped G5 original compiler diagnostics	2026-10-07T16:45:16.7571120Z     "start_unix": 1791389501.6654856,
verify	Recover stopped G5 original compiler diagnostics	2026-10-07T16:45:16.7571374Z     "end_unix": 1791389538.7070515,
verify	Recover stopped G5 original compiler diagnostics	2026-10-07T16:45:16.7571610Z     "exit": 0,
verify	Recover stopped G5 original compiler diagnostics	2026-10-07T16:45:16.7571966Z     "log_sha256": "d22526fb45865d22f03197aea2d7a3e8efbdfcf8772b1f45a8ebfcfd18bb222d"
verify	Recover stopped G5 original compiler diagnostics	2026-10-07T16:45:16.7572379Z   },
verify	Recover stopped G5 original compiler diagnostics	2026-10-07T16:45:16.7572547Z   {
verify	Recover stopped G5 original compiler diagnostics	2026-10-07T16:45:16.7572740Z     "name": "mathlib-cache",
verify	Recover stopped G5 original compiler diagnostics	2026-10-07T16:45:16.7572979Z     "command": [
verify	Recover stopped G5 original compiler diagnostics	2026-10-07T16:45:16.7573172Z       "lake",
verify	Recover stopped G5 original compiler diagnostics	2026-10-07T16:45:16.7573387Z       "exe",
verify	Recover stopped G5 original compiler diagnostics	2026-10-07T16:45:16.7573571Z       "cache",
verify	Recover stopped G5 original compiler diagnostics	2026-10-07T16:45:16.7573762Z       "get",
verify	Recover stopped G5 original compiler diagnostics	2026-10-07T16:45:16.7573991Z       "Mathlib.Algebra.BigOperators.Field",
verify	Recover stopped G5 original compiler diagnostics	2026-10-07T16:45:16.7574315Z       "Mathlib.Algebra.BigOperators.Fin",
verify	Recover stopped G5 original compiler diagnostics	2026-10-07T16:45:16.7574666Z       "Mathlib.Algebra.BigOperators.Finsupp.Basic",
verify	Recover stopped G5 original compiler diagnostics	2026-10-07T16:45:16.7575064Z       "Mathlib.Algebra.BigOperators.Group.Finset.Basic",
verify	Recover stopped G5 original compiler diagnostics	2026-10-07T16:45:16.7575470Z       "Mathlib.Algebra.BigOperators.Group.Finset.Sigma",
verify	Recover stopped G5 original compiler diagnostics	2026-10-07T16:45:16.7575877Z       "Mathlib.Algebra.BigOperators.GroupWithZero.Finset",
verify	Recover stopped G5 original compiler diagnostics	2026-10-07T16:45:16.7576264Z       "Mathlib.Algebra.BigOperators.Ring.Finset",
verify	Recover stopped G5 original compiler diagnostics	2026-10-07T16:45:16.7576639Z       "Mathlib.Algebra.Order.BigOperators.Group.Finset",
verify	Recover stopped G5 original compiler diagnostics	2026-10-07T16:45:16.7577390Z       "Mathlib.Algebra.Order.BigOperators.GroupWithZero.Finset",
verify	Recover stopped G5 original compiler diagnostics	2026-10-07T16:45:16.7577845Z       "Mathlib.Analysis.Normed.Algebra.MatrixExponential",
verify	Recover stopped G5 original compiler diagnostics	2026-10-07T16:45:16.7578255Z       "Mathlib.Analysis.Normed.Module.FiniteDimension",
verify	Recover stopped G5 original compiler diagnostics	2026-10-07T16:45:16.7578619Z       "Mathlib.Analysis.SpecialFunctions.Exp",
verify	Recover stopped G5 original compiler diagnostics	2026-10-07T16:45:16.7578983Z       "Mathlib.Analysis.SpecialFunctions.Exponential",
verify	Recover stopped G5 original compiler diagnostics	2026-10-07T16:45:16.7579365Z       "Mathlib.Analysis.SpecialFunctions.Log.Basic",
verify	Recover stopped G5 original compiler diagnostics	2026-10-07T16:45:16.7579717Z       "Mathlib.Analysis.SpecificLimits.Basic",
verify	Recover stopped G5 original compiler diagnostics	2026-10-07T16:45:16.7580041Z       "Mathlib.Data.ENNReal.BigOperators",
verify	Recover stopped G5 original compiler diagnostics	2026-10-07T16:45:16.7580343Z       "Mathlib.Data.Fin.Tuple.Basic",
verify	Recover stopped G5 original compiler diagnostics	2026-10-07T16:45:16.7580625Z       "Mathlib.Data.Finset.Card",
verify	Recover stopped G5 original compiler diagnostics	2026-10-07T16:45:16.7580899Z       "Mathlib.Data.Finset.Max",
verify	Recover stopped G5 original compiler diagnostics	2026-10-07T16:45:16.7581163Z       "Mathlib.Data.Finset.Prod",
verify	Recover stopped G5 original compiler diagnostics	2026-10-07T16:45:16.7581427Z       "Mathlib.Data.Finset.Sort",
verify	Recover stopped G5 original compiler diagnostics	2026-10-07T16:45:16.7581689Z       "Mathlib.Data.Finset.Union",
verify	Recover stopped G5 original compiler diagnostics	2026-10-07T16:45:16.7581972Z       "Mathlib.Data.Fintype.Basic",
verify	Recover stopped G5 original compiler diagnostics	2026-10-07T16:45:16.7582264Z       "Mathlib.Data.Fintype.BigOperators",
verify	Recover stopped G5 original compiler diagnostics	2026-10-07T16:45:16.7582691Z       "Mathlib.Data.Fintype.Card",
verify	Recover stopped G5 original compiler diagnostics	2026-10-07T16:45:16.7582973Z       "Mathlib.Data.Fintype.EquivFin",
verify	Recover stopped G5 original compiler diagnostics	2026-10-07T16:45:16.7583267Z       "Mathlib.Data.Fintype.Powerset",
verify	Recover stopped G5 original compiler diagnostics	2026-10-07T16:45:16.7583550Z       "Mathlib.Data.Fintype.Sum",
verify	Recover stopped G5 original compiler diagnostics	2026-10-07T16:45:16.7583815Z       "Mathlib.Data.List.OfFn",
verify	Recover stopped G5 original compiler diagnostics	2026-10-07T16:45:16.7584092Z       "Mathlib.Data.Nat.Choose.Basic",
verify	Recover stopped G5 original compiler diagnostics	2026-10-07T16:45:16.7584374Z       "Mathlib.Data.Rat.BigOperators",
verify	Recover stopped G5 original compiler diagnostics	2026-10-07T16:45:16.7584651Z       "Mathlib.Data.Rat.Lemmas",
verify	Recover stopped G5 original compiler diagnostics	2026-10-07T16:45:16.7584910Z       "Mathlib.Data.Real.Basic",
verify	Recover stopped G5 original compiler diagnostics	2026-10-07T16:45:16.7585186Z       "Mathlib.LinearAlgebra.Vandermonde",
verify	Recover stopped G5 original compiler diagnostics	2026-10-07T16:45:16.7585479Z       "Mathlib.Logic.Relation",
verify	Recover stopped G5 original compiler diagnostics	2026-10-07T16:45:16.7585843Z       "Mathlib.MeasureTheory.Constructions.BorelSpace.Metrizable",
verify	Recover stopped G5 original compiler diagnostics	2026-10-07T16:45:16.7586322Z       "Mathlib.MeasureTheory.Constructions.BorelSpace.Order",
verify	Recover stopped G5 original compiler diagnostics	2026-10-07T16:45:16.7586773Z       "Mathlib.MeasureTheory.Constructions.BorelSpace.Real",
verify	Recover stopped G5 original compiler diagnostics	2026-10-07T16:45:16.7587292Z       "Mathlib.MeasureTheory.Constructions.Pi",
verify	Recover stopped G5 original compiler diagnostics	2026-10-07T16:45:16.7587687Z       "Mathlib.MeasureTheory.Constructions.Projective",
verify	Recover stopped G5 original compiler diagnostics	2026-10-07T16:45:16.7588076Z       "Mathlib.MeasureTheory.Integral.Bochner.Basic",
verify	Recover stopped G5 original compiler diagnostics	2026-10-07T16:45:16.7588541Z       "Mathlib.MeasureTheory.Integral.IntervalIntegral.FundThmCalculus",
verify	Recover stopped G5 original compiler diagnostics	2026-10-07T16:45:16.7589028Z       "Mathlib.MeasureTheory.Integral.Lebesgue.Countable",
verify	Recover stopped G5 original compiler diagnostics	2026-10-07T16:45:16.7589497Z       "Mathlib.MeasureTheory.Integral.Lebesgue.DominatedConvergence",
verify	Recover stopped G5 original compiler diagnostics	2026-10-07T16:45:16.7589958Z       "Mathlib.MeasureTheory.Integral.Lebesgue.Map",
verify	Recover stopped G5 original compiler diagnostics	2026-10-07T16:45:16.7590318Z       "Mathlib.MeasureTheory.Integral.Prod",
verify	Recover stopped G5 original compiler diagnostics	2026-10-07T16:45:16.7590661Z       "Mathlib.MeasureTheory.MeasurableSpace.Pi",
verify	Recover stopped G5 original compiler diagnostics	2026-10-07T16:45:16.7590999Z       "Mathlib.MeasureTheory.Measure.Prod",
verify	Recover stopped G5 original compiler diagnostics	2026-10-07T16:45:16.7591337Z       "Mathlib.MeasureTheory.Measure.Restrict",
verify	Recover stopped G5 original compiler diagnostics	2026-10-07T16:45:16.7591702Z       "Mathlib.Probability.Distributions.Bernoulli",
verify	Recover stopped G5 original compiler diagnostics	2026-10-07T16:45:16.7592085Z       "Mathlib.Probability.Distributions.Exponential",
verify	Recover stopped G5 original compiler diagnostics	2026-10-07T16:45:16.7592519Z       "Mathlib.Probability.Distributions.Poisson.Basic",
verify	Recover stopped G5 original compiler diagnostics	2026-10-07T16:45:16.7592896Z       "Mathlib.Probability.Distributions.Uniform",
verify	Recover stopped G5 original compiler diagnostics	2026-10-07T16:45:16.7593250Z       "Mathlib.Probability.Independence.Basic",
verify	Recover stopped G5 original compiler diagnostics	2026-10-07T16:45:16.7593669Z       "Mathlib.Probability.ProbabilityMassFunction.Constructions",
verify	Recover stopped G5 original compiler diagnostics	2026-10-07T16:45:16.7594143Z       "Mathlib.Probability.ProbabilityMassFunction.Integrals",
verify	Recover stopped G5 original compiler diagnostics	2026-10-07T16:45:16.7594496Z       "Mathlib.Tactic",
verify	Recover stopped G5 original compiler diagnostics	2026-10-07T16:45:16.7594738Z       "Mathlib.Tactic.FinCases",
verify	Recover stopped G5 original compiler diagnostics	2026-10-07T16:45:16.7594998Z       "Mathlib.Tactic.FunProp",
verify	Recover stopped G5 original compiler diagnostics	2026-10-07T16:45:16.7595255Z       "Mathlib.Tactic.Linarith",
verify	Recover stopped G5 original compiler diagnostics	2026-10-07T16:45:16.7595511Z       "Mathlib.Tactic.NormNum",
verify	Recover stopped G5 original compiler diagnostics	2026-10-07T16:45:16.7595770Z       "Mathlib.Tactic.Positivity",
verify	Recover stopped G5 original compiler diagnostics	2026-10-07T16:45:16.7596032Z       "Mathlib.Tactic.Ring"
verify	Recover stopped G5 original compiler diagnostics	2026-10-07T16:45:16.7596393Z     ],
verify	Recover stopped G5 original compiler diagnostics	2026-10-07T16:45:16.7596591Z     "start_unix": 1791389538.7099423,
verify	Recover stopped G5 original compiler diagnostics	2026-10-07T16:45:16.7596844Z     "end_unix": 1791389561.922325,
verify	Recover stopped G5 original compiler diagnostics	2026-10-07T16:45:16.7597200Z     "exit": 0,
verify	Recover stopped G5 original compiler diagnostics	2026-10-07T16:45:16.7597557Z     "log_sha256": "c22081565a979c0f1bfd058b54fa84cddb41641b9f15bb76dd5bb4bc168efcef"
verify	Recover stopped G5 original compiler diagnostics	2026-10-07T16:45:16.7597955Z   },
verify	Recover stopped G5 original compiler diagnostics	2026-10-07T16:45:16.7598125Z   {
verify	Recover stopped G5 original compiler diagnostics	2026-10-07T16:45:16.7598349Z     "name": "G5FrozenTriplePolynomialKernel",
verify	Recover stopped G5 original compiler diagnostics	2026-10-07T16:45:16.7598633Z     "command": [
verify	Recover stopped G5 original compiler diagnostics	2026-10-07T16:45:16.7598827Z       "lake",
verify	Recover stopped G5 original compiler diagnostics	2026-10-07T16:45:16.7599011Z       "env",
verify	Recover stopped G5 original compiler diagnostics	2026-10-07T16:45:16.7599191Z       "lean",
verify	Recover stopped G5 original compiler diagnostics	2026-10-07T16:45:16.7599411Z       "--trust=0",
verify	Recover stopped G5 original compiler diagnostics	2026-10-07T16:45:16.7599608Z       "-j1",
verify	Recover stopped G5 original compiler diagnostics	2026-10-07T16:45:16.7599792Z       "-M4096",
verify	Recover stopped G5 original compiler diagnostics	2026-10-07T16:45:16.7599979Z       "-R",
verify	Recover stopped G5 original compiler diagnostics	2026-10-07T16:45:16.7600220Z       "/home/runner/work/_temp/cloud-g5-build/CloudG5",
verify	Recover stopped G5 original compiler diagnostics	2026-10-07T16:45:16.7600515Z       "-o",
verify	Recover stopped G5 original compiler diagnostics	2026-10-07T16:45:16.7600952Z       "/home/runner/work/_temp/cloud-g5-build/.lake/build/lib/lean/G5FrozenTriplePolynomialKernel.olean",
verify	Recover stopped G5 original compiler diagnostics	2026-10-07T16:45:16.7601436Z       "-i",
verify	Recover stopped G5 original compiler diagnostics	2026-10-07T16:45:16.7601758Z       "/home/runner/work/_temp/cloud-g5-build/.lake/build/lib/lean/G5FrozenTriplePolynomialKernel.ilean",
verify	Recover stopped G5 original compiler diagnostics	2026-10-07T16:45:16.7602179Z       "/home/runner/work/_temp/cloud-g5-build/CloudG5/G5FrozenTriplePolynomialKernel.lean"
verify	Recover stopped G5 original compiler diagnostics	2026-10-07T16:45:16.7602266Z     ],
verify	Recover stopped G5 original compiler diagnostics	2026-10-07T16:45:16.7602372Z     "start_unix": 1791389561.9381628,
verify	Recover stopped G5 original compiler diagnostics	2026-10-07T16:45:16.7602472Z     "end_unix": 1791389566.411894,
verify	Recover stopped G5 original compiler diagnostics	2026-10-07T16:45:16.7602552Z     "exit": 0,
verify	Recover stopped G5 original compiler diagnostics	2026-10-07T16:45:16.7602804Z     "log_sha256": "65ab247d47a643d3f071e6fbf9f35c3290446a23df06a72b39a252aa2279e37e"
verify	Recover stopped G5 original compiler diagnostics	2026-10-07T16:45:16.7602880Z   },
verify	Recover stopped G5 original compiler diagnostics	2026-10-07T16:45:16.7602963Z   {
verify	Recover stopped G5 original compiler diagnostics	2026-10-07T16:45:16.7603099Z     "name": "G5ExponentialGermIdentification",
verify	Recover stopped G5 original compiler diagnostics	2026-10-07T16:45:16.7603192Z     "command": [
verify	Recover stopped G5 original compiler diagnostics	2026-10-07T16:45:16.7603277Z       "lake",
verify	Recover stopped G5 original compiler diagnostics	2026-10-07T16:45:16.7603360Z       "env",
verify	Recover stopped G5 original compiler diagnostics	2026-10-07T16:45:16.7603444Z       "lean",
verify	Recover stopped G5 original compiler diagnostics	2026-10-07T16:45:16.7603531Z       "--trust=0",
verify	Recover stopped G5 original compiler diagnostics	2026-10-07T16:45:16.7603618Z       "-j1",
verify	Recover stopped G5 original compiler diagnostics	2026-10-07T16:45:16.7603698Z       "-M4096",
verify	Recover stopped G5 original compiler diagnostics	2026-10-07T16:45:16.7603784Z       "-R",
verify	Recover stopped G5 original compiler diagnostics	2026-10-07T16:45:16.7603939Z       "/home/runner/work/_temp/cloud-g5-build/Imported",
verify	Recover stopped G5 original compiler diagnostics	2026-10-07T16:45:16.7604023Z       "-o",
verify	Recover stopped G5 original compiler diagnostics	2026-10-07T16:45:16.7604368Z       "/home/runner/work/_temp/cloud-g5-build/.lake/build/lib/lean/G5ExponentialGermIdentification.olean",
verify	Recover stopped G5 original compiler diagnostics	2026-10-07T16:45:16.7604446Z       "-i",
verify	Recover stopped G5 original compiler diagnostics	2026-10-07T16:45:16.7604775Z       "/home/runner/work/_temp/cloud-g5-build/.lake/build/lib/lean/G5ExponentialGermIdentification.ilean",
verify	Recover stopped G5 original compiler diagnostics	2026-10-07T16:45:16.7605052Z       "/home/runner/work/_temp/cloud-g5-build/Imported/G5ExponentialGermIdentification.lean"
verify	Recover stopped G5 original compiler diagnostics	2026-10-07T16:45:16.7605133Z     ],
verify	Recover stopped G5 original compiler diagnostics	2026-10-07T16:45:16.7605235Z     "start_unix": 1791389566.439328,
verify	Recover stopped G5 original compiler diagnostics	2026-10-07T16:45:16.7605329Z     "end_unix": 1791389568.9584136,
verify	Recover stopped G5 original compiler diagnostics	2026-10-07T16:45:16.7605415Z     "exit": 0,
verify	Recover stopped G5 original compiler diagnostics	2026-10-07T16:45:16.7605663Z     "log_sha256": "43b8db7dd2022f81be166db6224a360defaf0709d2d333320680b065d5e0e567"
verify	Recover stopped G5 original compiler diagnostics	2026-10-07T16:45:16.7605745Z   },
verify	Recover stopped G5 original compiler diagnostics	2026-10-07T16:45:16.7605819Z   {
verify	Recover stopped G5 original compiler diagnostics	2026-10-07T16:45:16.7605937Z     "name": "G5UnknownRateSupport",
verify	Recover stopped G5 original compiler diagnostics	2026-10-07T16:45:16.7606029Z     "command": [
verify	Recover stopped G5 original compiler diagnostics	2026-10-07T16:45:16.7606106Z       "lake",
verify	Recover stopped G5 original compiler diagnostics	2026-10-07T16:45:16.7606189Z       "env",
verify	Recover stopped G5 original compiler diagnostics	2026-10-07T16:45:16.7606268Z       "lean",
verify	Recover stopped G5 original compiler diagnostics	2026-10-07T16:45:16.7606356Z       "--trust=0",
verify	Recover stopped G5 original compiler diagnostics	2026-10-07T16:45:16.7606435Z       "-j1",
verify	Recover stopped G5 original compiler diagnostics	2026-10-07T16:45:16.7606519Z       "-M4096",
verify	Recover stopped G5 original compiler diagnostics	2026-10-07T16:45:16.7606596Z       "-R",
verify	Recover stopped G5 original compiler diagnostics	2026-10-07T16:45:16.7606744Z       "/home/runner/work/_temp/cloud-g5-build/Imported",
verify	Recover stopped G5 original compiler diagnostics	2026-10-07T16:45:16.7606821Z       "-o",
verify	Recover stopped G5 original compiler diagnostics	2026-10-07T16:45:16.7607224Z       "/home/runner/work/_temp/cloud-g5-build/.lake/build/lib/lean/G5UnknownRateSupport.olean",
verify	Recover stopped G5 original compiler diagnostics	2026-10-07T16:45:16.7607310Z       "-i",
verify	Recover stopped G5 original compiler diagnostics	2026-10-07T16:45:16.7607581Z       "/home/runner/work/_temp/cloud-g5-build/.lake/build/lib/lean/G5UnknownRateSupport.ilean",
verify	Recover stopped G5 original compiler diagnostics	2026-10-07T16:45:16.7607812Z       "/home/runner/work/_temp/cloud-g5-build/Imported/G5UnknownRateSupport.lean"
verify	Recover stopped G5 original compiler diagnostics	2026-10-07T16:45:16.7608020Z     ],
verify	Recover stopped G5 original compiler diagnostics	2026-10-07T16:45:16.7608123Z     "start_unix": 1791389568.9768963,
verify	Recover stopped G5 original compiler diagnostics	2026-10-07T16:45:16.7608215Z     "end_unix": 1791389571.4457214,
verify	Recover stopped G5 original compiler diagnostics	2026-10-07T16:45:16.7608303Z     "exit": 0,
verify	Recover stopped G5 original compiler diagnostics	2026-10-07T16:45:16.7609330Z     "log_sha256": "36b339cbb814f07566d18ce6dd3e52801f2bffd23f1262b079fa7bef2cc6169f"
verify	Recover stopped G5 original compiler diagnostics	2026-10-07T16:45:16.7609408Z   },
verify	Recover stopped G5 original compiler diagnostics	2026-10-07T16:45:16.7609486Z   {
verify	Recover stopped G5 original compiler diagnostics	2026-10-07T16:45:16.7609613Z     "name": "G5FrozenTripleAnalyticSupport",
verify	Recover stopped G5 original compiler diagnostics	2026-10-07T16:45:16.7609700Z     "command": [
verify	Recover stopped G5 original compiler diagnostics	2026-10-07T16:45:16.7609779Z       "lake",
verify	Recover stopped G5 original compiler diagnostics	2026-10-07T16:45:16.7609860Z       "env",
verify	Recover stopped G5 original compiler diagnostics	2026-10-07T16:45:16.7609943Z       "lean",
verify	Recover stopped G5 original compiler diagnostics	2026-10-07T16:45:16.7610025Z       "--trust=0",
verify	Recover stopped G5 original compiler diagnostics	2026-10-07T16:45:16.7610109Z       "-j1",
verify	Recover stopped G5 original compiler diagnostics	2026-10-07T16:45:16.7610189Z       "-M4096",
verify	Recover stopped G5 original compiler diagnostics	2026-10-07T16:45:16.7610271Z       "-R",
verify	Recover stopped G5 original compiler diagnostics	2026-10-07T16:45:16.7610411Z       "/home/runner/work/_temp/cloud-g5-build/CloudG5",
verify	Recover stopped G5 original compiler diagnostics	2026-10-07T16:45:16.7610493Z       "-o",
verify	Recover stopped G5 original compiler diagnostics	2026-10-07T16:45:16.7610815Z       "/home/runner/work/_temp/cloud-g5-build/.lake/build/lib/lean/G5FrozenTripleAnalyticSupport.olean",
verify	Recover stopped G5 original compiler diagnostics	2026-10-07T16:45:16.7610903Z       "-i",
verify	Recover stopped G5 original compiler diagnostics	2026-10-07T16:45:16.7611224Z       "/home/runner/work/_temp/cloud-g5-build/.lake/build/lib/lean/G5FrozenTripleAnalyticSupport.ilean",
verify	Recover stopped G5 original compiler diagnostics	2026-10-07T16:45:16.7611648Z       "/home/runner/work/_temp/cloud-g5-build/CloudG5/G5FrozenTripleAnalyticSupport.lean"
verify	Recover stopped G5 original compiler diagnostics	2026-10-07T16:45:16.7611729Z     ],
verify	Recover stopped G5 original compiler diagnostics	2026-10-07T16:45:16.7611829Z     "start_unix": 1791389571.4959178,
verify	Recover stopped G5 original compiler diagnostics	2026-10-07T16:45:16.7611930Z     "end_unix": 1791389577.8238816,
verify	Recover stopped G5 original compiler diagnostics	2026-10-07T16:45:16.7612013Z     "exit": 1,
verify	Recover stopped G5 original compiler diagnostics	2026-10-07T16:45:16.7612255Z     "log_sha256": "34de6290607f742b7e7e67716ddf0a40bace5fcd605fcedac473905952442717"
verify	Recover stopped G5 original compiler diagnostics	2026-10-07T16:45:16.7612336Z   },
verify	Recover stopped G5 original compiler diagnostics	2026-10-07T16:45:16.7612411Z   {
verify	Recover stopped G5 original compiler diagnostics	2026-10-07T16:45:16.7612513Z     "name": "SourceNetwork",
verify	Recover stopped G5 original compiler diagnostics	2026-10-07T16:45:16.7612594Z     "command": [
verify	Recover stopped G5 original compiler diagnostics	2026-10-07T16:45:16.7612680Z       "lake",
verify	Recover stopped G5 original compiler diagnostics	2026-10-07T16:45:16.7612758Z       "env",
verify	Recover stopped G5 original compiler diagnostics	2026-10-07T16:45:16.7612842Z       "lean",
verify	Recover stopped G5 original compiler diagnostics	2026-10-07T16:45:16.7612924Z       "--trust=0",
verify	Recover stopped G5 original compiler diagnostics	2026-10-07T16:45:16.7613011Z       "-j1",
verify	Recover stopped G5 original compiler diagnostics	2026-10-07T16:45:16.7613095Z       "-M4096",
verify	Recover stopped G5 original compiler diagnostics	2026-10-07T16:45:16.7613172Z       "-R",
verify	Recover stopped G5 original compiler diagnostics	2026-10-07T16:45:16.7613318Z       "/home/runner/work/_temp/cloud-g5-build/Imported",
verify	Recover stopped G5 original compiler diagnostics	2026-10-07T16:45:16.7613401Z       "-o",
verify	Recover stopped G5 original compiler diagnostics	2026-10-07T16:45:16.7613650Z       "/home/runner/work/_temp/cloud-g5-build/.lake/build/lib/lean/SourceNetwork.olean",
verify	Recover stopped G5 original compiler diagnostics	2026-10-07T16:45:16.7613730Z       "-i",
verify	Recover stopped G5 original compiler diagnostics	2026-10-07T16:45:16.7613974Z       "/home/runner/work/_temp/cloud-g5-build/.lake/build/lib/lean/SourceNetwork.ilean",
verify	Recover stopped G5 original compiler diagnostics	2026-10-07T16:45:16.7614175Z       "/home/runner/work/_temp/cloud-g5-build/Imported/SourceNetwork.lean"
verify	Recover stopped G5 original compiler diagnostics	2026-10-07T16:45:16.7614254Z     ],
verify	Recover stopped G5 original compiler diagnostics	2026-10-07T16:45:16.7614357Z     "start_unix": 1791389577.8273194,
verify	Recover stopped G5 original compiler diagnostics	2026-10-07T16:45:16.7614453Z     "end_unix": 1791389579.84544,
verify	Recover stopped G5 original compiler diagnostics	2026-10-07T16:45:16.7614539Z     "exit": 0,
verify	Recover stopped G5 original compiler diagnostics	2026-10-07T16:45:16.7614771Z     "log_sha256": "5465ecf96db0b49e53a81535e70658b235bd5d9816b211e5a2dd735b687cc24f"
verify	Recover stopped G5 original compiler diagnostics	2026-10-07T16:45:16.7614851Z   },
verify	Recover stopped G5 original compiler diagnostics	2026-10-07T16:45:16.7614925Z   {
verify	Recover stopped G5 original compiler diagnostics	2026-10-07T16:45:16.7615036Z     "name": "G2LiveLineageRouting",
verify	Recover stopped G5 original compiler diagnostics	2026-10-07T16:45:16.7615125Z     "command": [
verify	Recover stopped G5 original compiler diagnostics	2026-10-07T16:45:16.7615202Z       "lake",
verify	Recover stopped G5 original compiler diagnostics	2026-10-07T16:45:16.7615287Z       "env",
verify	Recover stopped G5 original compiler diagnostics	2026-10-07T16:45:16.7615364Z       "lean",
verify	Recover stopped G5 original compiler diagnostics	2026-10-07T16:45:16.7615449Z       "--trust=0",
verify	Recover stopped G5 original compiler diagnostics	2026-10-07T16:45:16.7615526Z       "-j1",
verify	Recover stopped G5 original compiler diagnostics	2026-10-07T16:45:16.7615608Z       "-M4096",
verify	Recover stopped G5 original compiler diagnostics	2026-10-07T16:45:16.7615693Z       "-R",
verify	Recover stopped G5 original compiler diagnostics	2026-10-07T16:45:16.7615836Z       "/home/runner/work/_temp/cloud-g5-build/TimedG2",
verify	Recover stopped G5 original compiler diagnostics	2026-10-07T16:45:16.7615914Z       "-o",
verify	Recover stopped G5 original compiler diagnostics	2026-10-07T16:45:16.7616196Z       "/home/runner/work/_temp/cloud-g5-build/.lake/build/lib/lean/G2LiveLineageRouting.olean",
verify	Recover stopped G5 original compiler diagnostics	2026-10-07T16:45:16.7616277Z       "-i",
verify	Recover stopped G5 original compiler diagnostics	2026-10-07T16:45:16.7616546Z       "/home/runner/work/_temp/cloud-g5-build/.lake/build/lib/lean/G2LiveLineageRouting.ilean",
verify	Recover stopped G5 original compiler diagnostics	2026-10-07T16:45:16.7616771Z       "/home/runner/work/_temp/cloud-g5-build/TimedG2/G2LiveLineageRouting.lean"
verify	Recover stopped G5 original compiler diagnostics	2026-10-07T16:45:16.7616845Z     ],
verify	Recover stopped G5 original compiler diagnostics	2026-10-07T16:45:16.7616946Z     "start_unix": 1791389579.8568027,
verify	Recover stopped G5 original compiler diagnostics	2026-10-07T16:45:16.7617319Z     "end_unix": 1791389581.9247127,
verify	Recover stopped G5 original compiler diagnostics	2026-10-07T16:45:16.7617412Z     "exit": 0,
verify	Recover stopped G5 original compiler diagnostics	2026-10-07T16:45:16.7617654Z     "log_sha256": "a80577f1d7135c5660613a0e39dcabd2f3198a9c7399d7632b4ef613e6fc9ebd"
verify	Recover stopped G5 original compiler diagnostics	2026-10-07T16:45:16.7617733Z   },
verify	Recover stopped G5 original compiler diagnostics	2026-10-07T16:45:16.7617814Z   {
verify	Recover stopped G5 original compiler diagnostics	2026-10-07T16:45:16.7617916Z     "name": "SourceLabelledForest",
verify	Recover stopped G5 original compiler diagnostics	2026-10-07T16:45:16.7618005Z     "command": [
verify	Recover stopped G5 original compiler diagnostics	2026-10-07T16:45:16.7618083Z       "lake",
verify	Recover stopped G5 original compiler diagnostics	2026-10-07T16:45:16.7618167Z       "env",
verify	Recover stopped G5 original compiler diagnostics	2026-10-07T16:45:16.7618244Z       "lean",
verify	Recover stopped G5 original compiler diagnostics	2026-10-07T16:45:16.7618327Z       "--trust=0",
verify	Recover stopped G5 original compiler diagnostics	2026-10-07T16:45:16.7618408Z       "-j1",
verify	Recover stopped G5 original compiler diagnostics	2026-10-07T16:45:16.7618487Z       "-M4096",
verify	Recover stopped G5 original compiler diagnostics	2026-10-07T16:45:16.7618570Z       "-R",
verify	Recover stopped G5 original compiler diagnostics	2026-10-07T16:45:16.7618712Z       "/home/runner/work/_temp/cloud-g5-build/Imported",
verify	Recover stopped G5 original compiler diagnostics	2026-10-07T16:45:16.7618794Z       "-o",
verify	Recover stopped G5 original compiler diagnostics	2026-10-07T16:45:16.7619066Z       "/home/runner/work/_temp/cloud-g5-build/.lake/build/lib/lean/SourceLabelledForest.olean",
verify	Recover stopped G5 original compiler diagnostics	2026-10-07T16:45:16.7619148Z       "-i",
verify	Recover stopped G5 original compiler diagnostics	2026-10-07T16:45:16.7619423Z       "/home/runner/work/_temp/cloud-g5-build/.lake/build/lib/lean/SourceLabelledForest.ilean",
verify	Recover stopped G5 original compiler diagnostics	2026-10-07T16:45:16.7619650Z       "/home/runner/work/_temp/cloud-g5-build/Imported/SourceLabelledForest.lean"
verify	Recover stopped G5 original compiler diagnostics	2026-10-07T16:45:16.7619844Z     ],
verify	Recover stopped G5 original compiler diagnostics	2026-10-07T16:45:16.7619941Z     "start_unix": 1791389581.9308631,
verify	Recover stopped G5 original compiler diagnostics	2026-10-07T16:45:16.7620038Z     "end_unix": 1791389585.9026165,
verify	Recover stopped G5 original compiler diagnostics	2026-10-07T16:45:16.7620117Z     "exit": 0,
verify	Recover stopped G5 original compiler diagnostics	2026-10-07T16:45:16.7620360Z     "log_sha256": "01c9e2e6e0885ae025fdf9147e22cd3ad1b3acc8a44eb8ae3239ac861575dbc2"
verify	Recover stopped G5 original compiler diagnostics	2026-10-07T16:45:16.7620435Z   },
verify	Recover stopped G5 original compiler diagnostics	2026-10-07T16:45:16.7620515Z   {
verify	Recover stopped G5 original compiler diagnostics	2026-10-07T16:45:16.7620648Z     "name": "SourceForestKingmanProjection",
verify	Recover stopped G5 original compiler diagnostics	2026-10-07T16:45:16.7620732Z     "command": [
verify	Recover stopped G5 original compiler diagnostics	2026-10-07T16:45:16.7620816Z       "lake",
verify	Recover stopped G5 original compiler diagnostics	2026-10-07T16:45:16.7620895Z       "env",
verify	Recover stopped G5 original compiler diagnostics	2026-10-07T16:45:16.7620977Z       "lean",
verify	Recover stopped G5 original compiler diagnostics	2026-10-07T16:45:16.7621059Z       "--trust=0",
verify	Recover stopped G5 original compiler diagnostics	2026-10-07T16:45:16.7621140Z       "-j1",
verify	Recover stopped G5 original compiler diagnostics	2026-10-07T16:45:16.7621220Z       "-M4096",
verify	Recover stopped G5 original compiler diagnostics	2026-10-07T16:45:16.7621307Z       "-R",
verify	Recover stopped G5 original compiler diagnostics	2026-10-07T16:45:16.7621455Z       "/home/runner/work/_temp/cloud-g5-build/Imported",
verify	Recover stopped G5 original compiler diagnostics	2026-10-07T16:45:16.7621532Z       "-o",
verify	Recover stopped G5 original compiler diagnostics	2026-10-07T16:45:16.7621853Z       "/home/runner/work/_temp/cloud-g5-build/.lake/build/lib/lean/SourceForestKingmanProjection.olean",
verify	Recover stopped G5 original compiler diagnostics	2026-10-07T16:45:16.7621932Z       "-i",
verify	Recover stopped G5 original compiler diagnostics	2026-10-07T16:45:16.7622247Z       "/home/runner/work/_temp/cloud-g5-build/.lake/build/lib/lean/SourceForestKingmanProjection.ilean",
verify	Recover stopped G5 original compiler diagnostics	2026-10-07T16:45:16.7622512Z       "/home/runner/work/_temp/cloud-g5-build/Imported/SourceForestKingmanProjection.lean"
verify	Recover stopped G5 original compiler diagnostics	2026-10-07T16:45:16.7622593Z     ],
verify	Recover stopped G5 original compiler diagnostics	2026-10-07T16:45:16.7622695Z     "start_unix": 1791389585.905796,
verify	Recover stopped G5 original compiler diagnostics	2026-10-07T16:45:16.7622793Z     "end_unix": 1791389587.974256,
verify	Recover stopped G5 original compiler diagnostics	2026-10-07T16:45:16.7622879Z     "exit": 0,
verify	Recover stopped G5 original compiler diagnostics	2026-10-07T16:45:16.7623111Z     "log_sha256": "8dc9cfa5c8c6385fb83c21a36870410506196c9981a8fdec8e20492e8758b620"
verify	Recover stopped G5 original compiler diagnostics	2026-10-07T16:45:16.7623190Z   },
verify	Recover stopped G5 original compiler diagnostics	2026-10-07T16:45:16.7623264Z   {
verify	Recover stopped G5 original compiler diagnostics	2026-10-07T16:45:16.7623430Z     "name": "SourceForestKingmanPopulationProjection",
verify	Recover stopped G5 original compiler diagnostics	2026-10-07T16:45:16.7623516Z     "command": [
verify	Recover stopped G5 original compiler diagnostics	2026-10-07T16:45:16.7623602Z       "lake",
verify	Recover stopped G5 original compiler diagnostics	2026-10-07T16:45:16.7623684Z       "env",
verify	Recover stopped G5 original compiler diagnostics	2026-10-07T16:45:16.7623764Z       "lean",
verify	Recover stopped G5 original compiler diagnostics	2026-10-07T16:45:16.7623852Z       "--trust=0",
verify	Recover stopped G5 original compiler diagnostics	2026-10-07T16:45:16.7623930Z       "-j1",
verify	Recover stopped G5 original compiler diagnostics	2026-10-07T16:45:16.7624012Z       "-M4096",
verify	Recover stopped G5 original compiler diagnostics	2026-10-07T16:45:16.7624092Z       "-R",
verify	Recover stopped G5 original compiler diagnostics	2026-10-07T16:45:16.7624238Z       "/home/runner/work/_temp/cloud-g5-build/Imported",
verify	Recover stopped G5 original compiler diagnostics	2026-10-07T16:45:16.7624318Z       "-o",
verify	Recover stopped G5 original compiler diagnostics	2026-10-07T16:45:16.7624699Z       "/home/runner/work/_temp/cloud-g5-build/.lake/build/lib/lean/SourceForestKingmanPopulationProjection.olean",
verify	Recover stopped G5 original compiler diagnostics	2026-10-07T16:45:16.7624785Z       "-i",
verify	Recover stopped G5 original compiler diagnostics	2026-10-07T16:45:16.7625146Z       "/home/runner/work/_temp/cloud-g5-build/.lake/build/lib/lean/SourceForestKingmanPopulationProjection.ilean",
verify	Recover stopped G5 original compiler diagnostics	2026-10-07T16:45:16.7625470Z       "/home/runner/work/_temp/cloud-g5-build/Imported/SourceForestKingmanPopulationProjection.lean"
verify	Recover stopped G5 original compiler diagnostics	2026-10-07T16:45:16.7625547Z     ],
verify	Recover stopped G5 original compiler diagnostics	2026-10-07T16:45:16.7625777Z     "start_unix": 1791389587.9755433,
verify	Recover stopped G5 original compiler diagnostics	2026-10-07T16:45:16.7625871Z     "end_unix": 1791389589.9438045,
verify	Recover stopped G5 original compiler diagnostics	2026-10-07T16:45:16.7625958Z     "exit": 0,
verify	Recover stopped G5 original compiler diagnostics	2026-10-07T16:45:16.7626202Z     "log_sha256": "b1c63ba279a357fa22709ed7ac5977611c4f68d4d8d3ff24026f3e4e3400c844"
verify	Recover stopped G5 original compiler diagnostics	2026-10-07T16:45:16.7626276Z   },
verify	Recover stopped G5 original compiler diagnostics	2026-10-07T16:45:16.7626354Z   {
verify	Recover stopped G5 original compiler diagnostics	2026-10-07T16:45:16.7626533Z     "name": "UnifiedLean.Source.SourceForestSilentPruning",
verify	Recover stopped G5 original compiler diagnostics	2026-10-07T16:45:16.7626623Z     "command": [
verify	Recover stopped G5 original compiler diagnostics	2026-10-07T16:45:16.7626701Z       "lake",
verify	Recover stopped G5 original compiler diagnostics	2026-10-07T16:45:16.7626784Z       "env",
verify	Recover stopped G5 original compiler diagnostics	2026-10-07T16:45:16.7626869Z       "lean",
verify	Recover stopped G5 original compiler diagnostics	2026-10-07T16:45:16.7626951Z       "--trust=0",
verify	Recover stopped G5 original compiler diagnostics	2026-10-07T16:45:16.7627155Z       "-j1",
verify	Recover stopped G5 original compiler diagnostics	2026-10-07T16:45:16.7627238Z       "-M4096",
verify	Recover stopped G5 original compiler diagnostics	2026-10-07T16:45:16.7627320Z       "-R",
verify	Recover stopped G5 original compiler diagnostics	2026-10-07T16:45:16.7627446Z       "/home/runner/work/_temp/cloud-g5-build",
verify	Recover stopped G5 original compiler diagnostics	2026-10-07T16:45:16.7627530Z       "-o",
verify	Recover stopped G5 original compiler diagnostics	2026-10-07T16:45:16.7627911Z       "/home/runner/work/_temp/cloud-g5-build/.lake/build/lib/lean/UnifiedLean/Source/SourceForestSilentPruning.olean",
verify	Recover stopped G5 original compiler diagnostics	2026-10-07T16:45:16.7628005Z       "-i",
verify	Recover stopped G5 original compiler diagnostics	2026-10-07T16:45:16.7628384Z       "/home/runner/work/_temp/cloud-g5-build/.lake/build/lib/lean/UnifiedLean/Source/SourceForestSilentPruning.ilean",
verify	Recover stopped G5 original compiler diagnostics	2026-10-07T16:45:16.7628794Z       "/home/runner/work/_temp/cloud-g5-build/UnifiedLean/Source/SourceForestSilentPruning.lean"
verify	Recover stopped G5 original compiler diagnostics	2026-10-07T16:45:16.7628876Z     ],
verify	Recover stopped G5 original compiler diagnostics	2026-10-07T16:45:16.7628973Z     "start_unix": 1791389589.9450765,
verify	Recover stopped G5 original compiler diagnostics	2026-10-07T16:45:16.7629072Z     "end_unix": 1791389592.0133755,
verify	Recover stopped G5 original compiler diagnostics	2026-10-07T16:45:16.7629151Z     "exit": 0,
verify	Recover stopped G5 original compiler diagnostics	2026-10-07T16:45:16.7629398Z     "log_sha256": "b90ab47ee2db34615bb8cc7f64ce682c5bb857b707b922f70edb100ad2bd7088"
verify	Recover stopped G5 original compiler diagnostics	2026-10-07T16:45:16.7629477Z   },
verify	Recover stopped G5 original compiler diagnostics	2026-10-07T16:45:16.7629551Z   {
verify	Recover stopped G5 original compiler diagnostics	2026-10-07T16:45:16.7629676Z     "name": "G2FaithfulPairAgeDecoration",
verify	Recover stopped G5 original compiler diagnostics	2026-10-07T16:45:16.7629760Z     "command": [
verify	Recover stopped G5 original compiler diagnostics	2026-10-07T16:45:16.7629842Z       "lake",
verify	Recover stopped G5 original compiler diagnostics	2026-10-07T16:45:16.7629922Z       "env",
verify	Recover stopped G5 original compiler diagnostics	2026-10-07T16:45:16.7630005Z       "lean",
verify	Recover stopped G5 original compiler diagnostics	2026-10-07T16:45:16.7630085Z       "--trust=0",
verify	Recover stopped G5 original compiler diagnostics	2026-10-07T16:45:16.7630172Z       "-j1",
verify	Recover stopped G5 original compiler diagnostics	2026-10-07T16:45:16.7630256Z       "-M4096",
verify	Recover stopped G5 original compiler diagnostics	2026-10-07T16:45:16.7630336Z       "-R",
verify	Recover stopped G5 original compiler diagnostics	2026-10-07T16:45:16.7630483Z       "/home/runner/work/_temp/cloud-g5-build/TimedG2",
verify	Recover stopped G5 original compiler diagnostics	2026-10-07T16:45:16.7630567Z       "-o",
verify	Recover stopped G5 original compiler diagnostics	2026-10-07T16:45:16.7630883Z       "/home/runner/work/_temp/cloud-g5-build/.lake/build/lib/lean/G2FaithfulPairAgeDecoration.olean",
verify	Recover stopped G5 original compiler diagnostics	2026-10-07T16:45:16.7630965Z       "-i",
verify	Recover stopped G5 original compiler diagnostics	2026-10-07T16:45:16.7631271Z       "/home/runner/work/_temp/cloud-g5-build/.lake/build/lib/lean/G2FaithfulPairAgeDecoration.ilean",
verify	Recover stopped G5 original compiler diagnostics	2026-10-07T16:45:16.7631525Z       "/home/runner/work/_temp/cloud-g5-build/TimedG2/G2FaithfulPairAgeDecoration.lean"
verify	Recover stopped G5 original compiler diagnostics	2026-10-07T16:45:16.7631610Z     ],
verify	Recover stopped G5 original compiler diagnostics	2026-10-07T16:45:16.7631716Z     "start_unix": 1791389592.0148096,
verify	Recover stopped G5 original compiler diagnostics	2026-10-07T16:45:16.7631813Z     "end_unix": 1791389594.5844069,
verify	Recover stopped G5 original compiler diagnostics	2026-10-07T16:45:16.7631898Z     "exit": 0,
verify	Recover stopped G5 original compiler diagnostics	2026-10-07T16:45:16.7632134Z     "log_sha256": "58c378ffef4614d99f5c2589903c1215cb8b65f20e67508da673b17f0a1d8ec9"
verify	Recover stopped G5 original compiler diagnostics	2026-10-07T16:45:16.7632218Z   },
verify	Recover stopped G5 original compiler diagnostics	2026-10-07T16:45:16.7632291Z   {
verify	Recover stopped G5 original compiler diagnostics	2026-10-07T16:45:16.7632462Z     "name": "UnifiedLean.Source.FiniteGenealogyEncoding",
verify	Recover stopped G5 original compiler diagnostics	2026-10-07T16:45:16.7632586Z     "command": [
verify	Recover stopped G5 original compiler diagnostics	2026-10-07T16:45:16.7632671Z       "lake",
verify	Recover stopped G5 original compiler diagnostics	2026-10-07T16:45:16.7632754Z       "env",
verify	Recover stopped G5 original compiler diagnostics	2026-10-07T16:45:16.7632832Z       "lean",
verify	Recover stopped G5 original compiler diagnostics	2026-10-07T16:45:16.7632918Z       "--trust=0",
verify	Recover stopped G5 original compiler diagnostics	2026-10-07T16:45:16.7632998Z       "-j1",
verify	Recover stopped G5 original compiler diagnostics	2026-10-07T16:45:16.7633081Z       "-M4096",
verify	Recover stopped G5 original compiler diagnostics	2026-10-07T16:45:16.7633158Z       "-R",
verify	Recover stopped G5 original compiler diagnostics	2026-10-07T16:45:16.7633290Z       "/home/runner/work/_temp/cloud-g5-build",
verify	Recover stopped G5 original compiler diagnostics	2026-10-07T16:45:16.7633370Z       "-o",
verify	Recover stopped G5 original compiler diagnostics	2026-10-07T16:45:16.7633737Z       "/home/runner/work/_temp/cloud-g5-build/.lake/build/lib/lean/UnifiedLean/Source/FiniteGenealogyEncoding.olean",
verify	Recover stopped G5 original compiler diagnostics	2026-10-07T16:45:16.7633820Z       "-i",
verify	Recover stopped G5 original compiler diagnostics	2026-10-07T16:45:16.7634177Z       "/home/runner/work/_temp/cloud-g5-build/.lake/build/lib/lean/UnifiedLean/Source/FiniteGenealogyEncoding.ilean",
verify	Recover stopped G5 original compiler diagnostics	2026-10-07T16:45:16.7634462Z       "/home/runner/work/_temp/cloud-g5-build/UnifiedLean/Source/FiniteGenealogyEncoding.lean"
verify	Recover stopped G5 original compiler diagnostics	2026-10-07T16:45:16.7634667Z     ],
verify	Recover stopped G5 original compiler diagnostics	2026-10-07T16:45:16.7634767Z     "start_unix": 1791389594.58577,
verify	Recover stopped G5 original compiler diagnostics	2026-10-07T16:45:16.7634865Z     "end_unix": 1791389596.804332,
verify	Recover stopped G5 original compiler diagnostics	2026-10-07T16:45:16.7634949Z     "exit": 0,
verify	Recover stopped G5 original compiler diagnostics	2026-10-07T16:45:16.7635186Z     "log_sha256": "1ac5311ec42d979bd62460c05cf3e859102a5c03815f872a3d21d89a455304dd"
verify	Recover stopped G5 original compiler diagnostics	2026-10-07T16:45:16.7635260Z   },
verify	Recover stopped G5 original compiler diagnostics	2026-10-07T16:45:16.7635335Z   {
verify	Recover stopped G5 original compiler diagnostics	2026-10-07T16:45:16.7635493Z     "name": "UnifiedLean.Source.FiniteSourceSnapshot",
verify	Recover stopped G5 original compiler diagnostics	2026-10-07T16:45:16.7635581Z     "command": [
verify	Recover stopped G5 original compiler diagnostics	2026-10-07T16:45:16.7635661Z       "lake",
verify	Recover stopped G5 original compiler diagnostics	2026-10-07T16:45:16.7635744Z       "env",
verify	Recover stopped G5 original compiler diagnostics	2026-10-07T16:45:16.7635827Z       "lean",
verify	Recover stopped G5 original compiler diagnostics	2026-10-07T16:45:16.7635908Z       "--trust=0",
verify	Recover stopped G5 original compiler diagnostics	2026-10-07T16:45:16.7635992Z       "-j1",
verify	Recover stopped G5 original compiler diagnostics	2026-10-07T16:45:16.7636072Z       "-M4096",
verify	Recover stopped G5 original compiler diagnostics	2026-10-07T16:45:16.7636153Z       "-R",
verify	Recover stopped G5 original compiler diagnostics	2026-10-07T16:45:16.7636273Z       "/home/runner/work/_temp/cloud-g5-build",
verify	Recover stopped G5 original compiler diagnostics	2026-10-07T16:45:16.7636356Z       "-o",
verify	Recover stopped G5 original compiler diagnostics	2026-10-07T16:45:16.7636709Z       "/home/runner/work/_temp/cloud-g5-build/.lake/build/lib/lean/UnifiedLean/Source/FiniteSourceSnapshot.olean",
verify	Recover stopped G5 original compiler diagnostics	2026-10-07T16:45:16.7636797Z       "-i",
verify	Recover stopped G5 original compiler diagnostics	2026-10-07T16:45:16.7637282Z       "/home/runner/work/_temp/cloud-g5-build/.lake/build/lib/lean/UnifiedLean/Source/FiniteSourceSnapshot.ilean",
verify	Recover stopped G5 original compiler diagnostics	2026-10-07T16:45:16.7637668Z       "/home/runner/work/_temp/cloud-g5-build/UnifiedLean/Source/FiniteSourceSnapshot.lean"
verify	Recover stopped G5 original compiler diagnostics	2026-10-07T16:45:16.7637750Z     ],
verify	Recover stopped G5 original compiler diagnostics	2026-10-07T16:45:16.7637849Z     "start_unix": 1791389596.8058445,
verify	Recover stopped G5 original compiler diagnostics	2026-10-07T16:45:16.7637948Z     "end_unix": 1791389598.9750087,
verify	Recover stopped G5 original compiler diagnostics	2026-10-07T16:45:16.7638029Z     "exit": 0,
verify	Recover stopped G5 original compiler diagnostics	2026-10-07T16:45:16.7638277Z     "log_sha256": "9d8f1548817dd3bd53c5aa2ffff4610a16eebfcc95057d019e0e75280e57c673"
verify	Recover stopped G5 original compiler diagnostics	2026-10-07T16:45:16.7638357Z   },
verify	Recover stopped G5 original compiler diagnostics	2026-10-07T16:45:16.7638431Z   {
verify	Recover stopped G5 original compiler diagnostics	2026-10-07T16:45:16.7638533Z     "name": "GraphLeaves",
verify	Recover stopped G5 original compiler diagnostics	2026-10-07T16:45:16.7638616Z     "command": [
verify	Recover stopped G5 original compiler diagnostics	2026-10-07T16:45:16.7638698Z       "lake",
verify	Recover stopped G5 original compiler diagnostics	2026-10-07T16:45:16.7638776Z       "env",
verify	Recover stopped G5 original compiler diagnostics	2026-10-07T16:45:16.7638859Z       "lean",
verify	Recover stopped G5 original compiler diagnostics	2026-10-07T16:45:16.7638944Z       "--trust=0",
verify	Recover stopped G5 original compiler diagnostics	2026-10-07T16:45:16.7639027Z       "-j1",
verify	Recover stopped G5 original compiler diagnostics	2026-10-07T16:45:16.7639116Z       "-M4096",
verify	Recover stopped G5 original compiler diagnostics	2026-10-07T16:45:16.7639193Z       "-R",
verify	Recover stopped G5 original compiler diagnostics	2026-10-07T16:45:16.7639344Z       "/home/runner/work/_temp/cloud-g5-build/Imported",
verify	Recover stopped G5 original compiler diagnostics	2026-10-07T16:45:16.7639422Z       "-o",
verify	Recover stopped G5 original compiler diagnostics	2026-10-07T16:45:16.7639659Z       "/home/runner/work/_temp/cloud-g5-build/.lake/build/lib/lean/GraphLeaves.olean",
verify	Recover stopped G5 original compiler diagnostics	2026-10-07T16:45:16.7639736Z       "-i",
verify	Recover stopped G5 original compiler diagnostics	2026-10-07T16:45:16.7639973Z       "/home/runner/work/_temp/cloud-g5-build/.lake/build/lib/lean/GraphLeaves.ilean",
verify	Recover stopped G5 original compiler diagnostics	2026-10-07T16:45:16.7640167Z       "/home/runner/work/_temp/cloud-g5-build/Imported/GraphLeaves.lean"
verify	Recover stopped G5 original compiler diagnostics	2026-10-07T16:45:16.7640248Z     ],
verify	Recover stopped G5 original compiler diagnostics	2026-10-07T16:45:16.7640352Z     "start_unix": 1791389598.9765627,
verify	Recover stopped G5 original compiler diagnostics	2026-10-07T16:45:16.7640445Z     "end_unix": 1791389600.7944505,
verify	Recover stopped G5 original compiler diagnostics	2026-10-07T16:45:16.7640529Z     "exit": 0,
verify	Recover stopped G5 original compiler diagnostics	2026-10-07T16:45:16.7640758Z     "log_sha256": "602313dd4ff44af797849469a903abce2592c2759c0bfeb4925d047e255791eb"
verify	Recover stopped G5 original compiler diagnostics	2026-10-07T16:45:16.7640839Z   },
verify	Recover stopped G5 original compiler diagnostics	2026-10-07T16:45:16.7640912Z   {
verify	Recover stopped G5 original compiler diagnostics	2026-10-07T16:45:16.7641013Z     "name": "GraphCuts",
verify	Recover stopped G5 original compiler diagnostics	2026-10-07T16:45:16.7641101Z     "command": [
verify	Recover stopped G5 original compiler diagnostics	2026-10-07T16:45:16.7641186Z       "lake",
verify	Recover stopped G5 original compiler diagnostics	2026-10-07T16:45:16.7641269Z       "env",
verify	Recover stopped G5 original compiler diagnostics	2026-10-07T16:45:16.7641345Z       "lean",
verify	Recover stopped G5 original compiler diagnostics	2026-10-07T16:45:16.7641432Z       "--trust=0",
verify	Recover stopped G5 original compiler diagnostics	2026-10-07T16:45:16.7641511Z       "-j1",
verify	Recover stopped G5 original compiler diagnostics	2026-10-07T16:45:16.7641596Z       "-M4096",
verify	Recover stopped G5 original compiler diagnostics	2026-10-07T16:45:16.7641673Z       "-R",
verify	Recover stopped G5 original compiler diagnostics	2026-10-07T16:45:16.7641820Z       "/home/runner/work/_temp/cloud-g5-build/Imported",
verify	Recover stopped G5 original compiler diagnostics	2026-10-07T16:45:16.7641903Z       "-o",
verify	Recover stopped G5 original compiler diagnostics	2026-10-07T16:45:16.7642126Z       "/home/runner/work/_temp/cloud-g5-build/.lake/build/lib/lean/GraphCuts.olean",
verify	Recover stopped G5 original compiler diagnostics	2026-10-07T16:45:16.7642208Z       "-i",
verify	Recover stopped G5 original compiler diagnostics	2026-10-07T16:45:16.7642427Z       "/home/runner/work/_temp/cloud-g5-build/.lake/build/lib/lean/GraphCuts.ilean",
verify	Recover stopped G5 original compiler diagnostics	2026-10-07T16:45:16.7642616Z       "/home/runner/work/_temp/cloud-g5-build/Imported/GraphCuts.lean"
verify	Recover stopped G5 original compiler diagnostics	2026-10-07T16:45:16.7642693Z     ],
verify	Recover stopped G5 original compiler diagnostics	2026-10-07T16:45:16.7642792Z     "start_unix": 1791389600.795766,
verify	Recover stopped G5 original compiler diagnostics	2026-10-07T16:45:16.7643025Z     "end_unix": 1791389602.6134136,
verify	Recover stopped G5 original compiler diagnostics	2026-10-07T16:45:16.7643115Z     "exit": 0,
verify	Recover stopped G5 original compiler diagnostics	2026-10-07T16:45:16.7643345Z     "log_sha256": "8308918b1d25a64ccaaa7ba648f875a6542b15a64c4c3240c366708243424b3c"
verify	Recover stopped G5 original compiler diagnostics	2026-10-07T16:45:16.7643423Z   },
verify	Recover stopped G5 original compiler diagnostics	2026-10-07T16:45:16.7643500Z   {
verify	Recover stopped G5 original compiler diagnostics	2026-10-07T16:45:16.7643599Z     "name": "G5BridgeBarrier",
verify	Recover stopped G5 original compiler diagnostics	2026-10-07T16:45:16.7643686Z     "command": [
verify	Recover stopped G5 original compiler diagnostics	2026-10-07T16:45:16.7643762Z       "lake",
verify	Recover stopped G5 original compiler diagnostics	2026-10-07T16:45:16.7643846Z       "env",
verify	Recover stopped G5 original compiler diagnostics	2026-10-07T16:45:16.7643923Z       "lean",
verify	Recover stopped G5 original compiler diagnostics	2026-10-07T16:45:16.7644009Z       "--trust=0",
verify	Recover stopped G5 original compiler diagnostics	2026-10-07T16:45:16.7644093Z       "-j1",
verify	Recover stopped G5 original compiler diagnostics	2026-10-07T16:45:16.7644173Z       "-M4096",
verify	Recover stopped G5 original compiler diagnostics	2026-10-07T16:45:16.7644257Z       "-R",
verify	Recover stopped G5 original compiler diagnostics	2026-10-07T16:45:16.7644395Z       "/home/runner/work/_temp/cloud-g5-build/Imported",
verify	Recover stopped G5 original compiler diagnostics	2026-10-07T16:45:16.7644480Z       "-o",
verify	Recover stopped G5 original compiler diagnostics	2026-10-07T16:45:16.7644730Z       "/home/runner/work/_temp/cloud-g5-build/.lake/build/lib/lean/G5BridgeBarrier.olean",
verify	Recover stopped G5 original compiler diagnostics	2026-10-07T16:45:16.7644817Z       "-i",
verify	Recover stopped G5 original compiler diagnostics	2026-10-07T16:45:16.7645072Z       "/home/runner/work/_temp/cloud-g5-build/.lake/build/lib/lean/G5BridgeBarrier.ilean",
verify	Recover stopped G5 original compiler diagnostics	2026-10-07T16:45:16.7645282Z       "/home/runner/work/_temp/cloud-g5-build/Imported/G5BridgeBarrier.lean"
verify	Recover stopped G5 original compiler diagnostics	2026-10-07T16:45:16.7645449Z     ],
verify	Recover stopped G5 original compiler diagnostics	2026-10-07T16:45:16.7645550Z     "start_unix": 1791389602.6148672,
verify	Recover stopped G5 original compiler diagnostics	2026-10-07T16:45:16.7645651Z     "end_unix": 1791389604.3836184,
verify	Recover stopped G5 original compiler diagnostics	2026-10-07T16:45:16.7645733Z     "exit": 0,
verify	Recover stopped G5 original compiler diagnostics	2026-10-07T16:45:16.7646006Z     "log_sha256": "b671ebf40ba6db3a1f68e8fef3ae7a928e9285f8917b828b081fca2110d6a00e"
verify	Recover stopped G5 original compiler diagnostics	2026-10-07T16:45:16.7646093Z   },
verify	Recover stopped G5 original compiler diagnostics	2026-10-07T16:45:16.7646181Z   {
verify	Recover stopped G5 original compiler diagnostics	2026-10-07T16:45:16.7646299Z     "name": "G5CalendarRoutes",
verify	Recover stopped G5 original compiler diagnostics	2026-10-07T16:45:16.7646383Z     "command": [
verify	Recover stopped G5 original compiler diagnostics	2026-10-07T16:45:16.7646468Z       "lake",
verify	Recover stopped G5 original compiler diagnostics	2026-10-07T16:45:16.7646551Z       "env",
verify	Recover stopped G5 original compiler diagnostics	2026-10-07T16:45:16.7646636Z       "lean",
verify	Recover stopped G5 original compiler diagnostics	2026-10-07T16:45:16.7646720Z       "--trust=0",
verify	Recover stopped G5 original compiler diagnostics	2026-10-07T16:45:16.7646809Z       "-j1",
verify	Recover stopped G5 original compiler diagnostics	2026-10-07T16:45:16.7646889Z       "-M4096",
verify	Recover stopped G5 original compiler diagnostics	2026-10-07T16:45:16.7647101Z       "-R",
verify	Recover stopped G5 original compiler diagnostics	2026-10-07T16:45:16.7647254Z       "/home/runner/work/_temp/cloud-g5-build/Imported",
verify	Recover stopped G5 original compiler diagnostics	2026-10-07T16:45:16.7647334Z       "-o",
verify	Recover stopped G5 original compiler diagnostics	2026-10-07T16:45:16.7647595Z       "/home/runner/work/_temp/cloud-g5-build/.lake/build/lib/lean/G5CalendarRoutes.olean",
verify	Recover stopped G5 original compiler diagnostics	2026-10-07T16:45:16.7647679Z       "-i",
verify	Recover stopped G5 original compiler diagnostics	2026-10-07T16:45:16.7647938Z       "/home/runner/work/_temp/cloud-g5-build/.lake/build/lib/lean/G5CalendarRoutes.ilean",
verify	Recover stopped G5 original compiler diagnostics	2026-10-07T16:45:16.7648153Z       "/home/runner/work/_temp/cloud-g5-build/Imported/G5CalendarRoutes.lean"
verify	Recover stopped G5 original compiler diagnostics	2026-10-07T16:45:16.7648234Z     ],
verify	Recover stopped G5 original compiler diagnostics	2026-10-07T16:45:16.7648336Z     "start_unix": 1791389604.3849332,
verify	Recover stopped G5 original compiler diagnostics	2026-10-07T16:45:16.7648431Z     "end_unix": 1791389606.5536475,
verify	Recover stopped G5 original compiler diagnostics	2026-10-07T16:45:16.7648518Z     "exit": 0,
verify	Recover stopped G5 original compiler diagnostics	2026-10-07T16:45:16.7648758Z     "log_sha256": "deece5914567adae242b3d6d4f09f986b4b048e1fa3ca93a3b2762a5b13d79d9"
verify	Recover stopped G5 original compiler diagnostics	2026-10-07T16:45:16.7648839Z   },
verify	Recover stopped G5 original compiler diagnostics	2026-10-07T16:45:16.7648914Z   {
verify	Recover stopped G5 original compiler diagnostics	2026-10-07T16:45:16.7649024Z     "name": "G5ProtectiveBlock",
verify	Recover stopped G5 original compiler diagnostics	2026-10-07T16:45:16.7649106Z     "command": [
verify	Recover stopped G5 original compiler diagnostics	2026-10-07T16:45:16.7649193Z       "lake",
verify	Recover stopped G5 original compiler diagnostics	2026-10-07T16:45:16.7649278Z       "env",
verify	Recover stopped G5 original compiler diagnostics	2026-10-07T16:45:16.7649356Z       "lean",
verify	Recover stopped G5 original compiler diagnostics	2026-10-07T16:45:16.7649443Z       "--trust=0",
verify	Recover stopped G5 original compiler diagnostics	2026-10-07T16:45:16.7649524Z       "-j1",
verify	Recover stopped G5 original compiler diagnostics	2026-10-07T16:45:16.7649609Z       "-M4096",
verify	Recover stopped G5 original compiler diagnostics	2026-10-07T16:45:16.7649686Z       "-R",
verify	Recover stopped G5 original compiler diagnostics	2026-10-07T16:45:16.7649829Z       "/home/runner/work/_temp/cloud-g5-build/Imported",
verify	Recover stopped G5 original compiler diagnostics	2026-10-07T16:45:16.7649908Z       "-o",
verify	Recover stopped G5 original compiler diagnostics	2026-10-07T16:45:16.7650178Z       "/home/runner/work/_temp/cloud-g5-build/.lake/build/lib/lean/G5ProtectiveBlock.olean",
verify	Recover stopped G5 original compiler diagnostics	2026-10-07T16:45:16.7650260Z       "-i",
verify	Recover stopped G5 original compiler diagnostics	2026-10-07T16:45:16.7650513Z       "/home/runner/work/_temp/cloud-g5-build/.lake/build/lib/lean/G5ProtectiveBlock.ilean",
verify	Recover stopped G5 original compiler diagnostics	2026-10-07T16:45:16.7650733Z       "/home/runner/work/_temp/cloud-g5-build/Imported/G5ProtectiveBlock.lean"
verify	Recover stopped G5 original compiler diagnostics	2026-10-07T16:45:16.7650809Z     ],
verify	Recover stopped G5 original compiler diagnostics	2026-10-07T16:45:16.7650915Z     "start_unix": 1791389606.5551064,
verify	Recover stopped G5 original compiler diagnostics	2026-10-07T16:45:16.7651009Z     "end_unix": 1791389608.4229753,
verify	Recover stopped G5 original compiler diagnostics	2026-10-07T16:45:16.7651097Z     "exit": 0,
verify	Recover stopped G5 original compiler diagnostics	2026-10-07T16:45:16.7651475Z     "log_sha256": "1f89009dfa989b98d34ca85cff94dcefdf01ce9f9621688bb55e0c5ff508c4ed"
verify	Recover stopped G5 original compiler diagnostics	2026-10-07T16:45:16.7651550Z   },
verify	Recover stopped G5 original compiler diagnostics	2026-10-07T16:45:16.7651632Z   {
verify	Recover stopped G5 original compiler diagnostics	2026-10-07T16:45:16.7651745Z     "name": "G5MinimalGraphInterface",
verify	Recover stopped G5 original compiler diagnostics	2026-10-07T16:45:16.7651834Z     "command": [
verify	Recover stopped G5 original compiler diagnostics	2026-10-07T16:45:16.7651912Z       "lake",
verify	Recover stopped G5 original compiler diagnostics	2026-10-07T16:45:16.7651995Z       "env",
verify	Recover stopped G5 original compiler diagnostics	2026-10-07T16:45:16.7652073Z       "lean",
verify	Recover stopped G5 original compiler diagnostics	2026-10-07T16:45:16.7652160Z       "--trust=0",
verify	Recover stopped G5 original compiler diagnostics	2026-10-07T16:45:16.7652243Z       "-j1",
verify	Recover stopped G5 original compiler diagnostics	2026-10-07T16:45:16.7652323Z       "-M4096",
verify	Recover stopped G5 original compiler diagnostics	2026-10-07T16:45:16.7652406Z       "-R",
verify	Recover stopped G5 original compiler diagnostics	2026-10-07T16:45:16.7652547Z       "/home/runner/work/_temp/cloud-g5-build/Imported",
verify	Recover stopped G5 original compiler diagnostics	2026-10-07T16:45:16.7652631Z       "-o",
verify	Recover stopped G5 original compiler diagnostics	2026-10-07T16:45:16.7652918Z       "/home/runner/work/_temp/cloud-g5-build/.lake/build/lib/lean/G5MinimalGraphInterface.olean",
verify	Recover stopped G5 original compiler diagnostics	2026-10-07T16:45:16.7653000Z       "-i",
verify	Recover stopped G5 original compiler diagnostics	2026-10-07T16:45:16.7653282Z       "/home/runner/work/_temp/cloud-g5-build/.lake/build/lib/lean/G5MinimalGraphInterface.ilean",
verify	Recover stopped G5 original compiler diagnostics	2026-10-07T16:45:16.7653527Z       "/home/runner/work/_temp/cloud-g5-build/Imported/G5MinimalGraphInterface.lean"
verify	Recover stopped G5 original compiler diagnostics	2026-10-07T16:45:16.7653610Z     ],
verify	Recover stopped G5 original compiler diagnostics	2026-10-07T16:45:16.7653824Z     "start_unix": 1791389608.424372,
verify	Recover stopped G5 original compiler diagnostics	2026-10-07T16:45:16.7653920Z     "end_unix": 1791389610.1419106,
verify	Recover stopped G5 original compiler diagnostics	2026-10-07T16:45:16.7654001Z     "exit": 0,
verify	Recover stopped G5 original compiler diagnostics	2026-10-07T16:45:16.7654241Z     "log_sha256": "02b60e6ba4f33864b0915dc0f64099f4cd3f4ae63ed5e96ed6fa107ae92aa2fa"
verify	Recover stopped G5 original compiler diagnostics	2026-10-07T16:45:16.7654316Z   },
verify	Recover stopped G5 original compiler diagnostics	2026-10-07T16:45:16.7654394Z   {
verify	Recover stopped G5 original compiler diagnostics	2026-10-07T16:45:16.7654515Z     "name": "G6BridgeCannotEnterHybrid",
verify	Recover stopped G5 original compiler diagnostics	2026-10-07T16:45:16.7654598Z     "command": [
verify	Recover stopped G5 original compiler diagnostics	2026-10-07T16:45:16.7654680Z       "lake",
verify	Recover stopped G5 original compiler diagnostics	2026-10-07T16:45:16.7654758Z       "env",
verify	Recover stopped G5 original compiler diagnostics	2026-10-07T16:45:16.7654841Z       "lean",
verify	Recover stopped G5 original compiler diagnostics	2026-10-07T16:45:16.7654923Z       "--trust=0",
verify	Recover stopped G5 original compiler diagnostics	2026-10-07T16:45:16.7655010Z       "-j1",
verify	Recover stopped G5 original compiler diagnostics	2026-10-07T16:45:16.7655090Z       "-M4096",
verify	Recover stopped G5 original compiler diagnostics	2026-10-07T16:45:16.7655171Z       "-R",
verify	Recover stopped G5 original compiler diagnostics	2026-10-07T16:45:16.7655315Z       "/home/runner/work/_temp/cloud-g5-build/Imported",
verify	Recover stopped G5 original compiler diagnostics	2026-10-07T16:45:16.7655397Z       "-o",
verify	Recover stopped G5 original compiler diagnostics	2026-10-07T16:45:16.7655702Z       "/home/runner/work/_temp/cloud-g5-build/.lake/build/lib/lean/G6BridgeCannotEnterHybrid.olean",
verify	Recover stopped G5 original compiler diagnostics	2026-10-07T16:45:16.7655785Z       "-i",
verify	Recover stopped G5 original compiler diagnostics	2026-10-07T16:45:16.7656078Z       "/home/runner/work/_temp/cloud-g5-build/.lake/build/lib/lean/G6BridgeCannotEnterHybrid.ilean",
verify	Recover stopped G5 original compiler diagnostics	2026-10-07T16:45:16.7656321Z       "/home/runner/work/_temp/cloud-g5-build/Imported/G6BridgeCannotEnterHybrid.lean"
verify	Recover stopped G5 original compiler diagnostics	2026-10-07T16:45:16.7656404Z     ],
verify	Recover stopped G5 original compiler diagnostics	2026-10-07T16:45:16.7656503Z     "start_unix": 1791389610.1432774,
verify	Recover stopped G5 original compiler diagnostics	2026-10-07T16:45:16.7656603Z     "end_unix": 1791389612.011446,
verify	Recover stopped G5 original compiler diagnostics	2026-10-07T16:45:16.7656689Z     "exit": 0,
verify	Recover stopped G5 original compiler diagnostics	2026-10-07T16:45:16.7656927Z     "log_sha256": "5ca22a54c496ca1b5b5b5d32dc422fe524e5a9f32a6a15512e8bf0d96bdcd054"
verify	Recover stopped G5 original compiler diagnostics	2026-10-07T16:45:16.7657127Z   },
verify	Recover stopped G5 original compiler diagnostics	2026-10-07T16:45:16.7657206Z   {
verify	Recover stopped G5 original compiler diagnostics	2026-10-07T16:45:16.7657329Z     "name": "G5BridgeComponentEntries",
verify	Recover stopped G5 original compiler diagnostics	2026-10-07T16:45:16.7657410Z     "command": [
verify	Recover stopped G5 original compiler diagnostics	2026-10-07T16:45:16.7657495Z       "lake",
verify	Recover stopped G5 original compiler diagnostics	2026-10-07T16:45:16.7657583Z       "env",
verify	Recover stopped G5 original compiler diagnostics	2026-10-07T16:45:16.7657662Z       "lean",
verify	Recover stopped G5 original compiler diagnostics	2026-10-07T16:45:16.7657749Z       "--trust=0",
verify	Recover stopped G5 original compiler diagnostics	2026-10-07T16:45:16.7657827Z       "-j1",
verify	Recover stopped G5 original compiler diagnostics	2026-10-07T16:45:16.7657918Z       "-M4096",
verify	Recover stopped G5 original compiler diagnostics	2026-10-07T16:45:16.7657995Z       "-R",
verify	Recover stopped G5 original compiler diagnostics	2026-10-07T16:45:16.7658140Z       "/home/runner/work/_temp/cloud-g5-build/Imported",
verify	Recover stopped G5 original compiler diagnostics	2026-10-07T16:45:16.7658218Z       "-o",
verify	Recover stopped G5 original compiler diagnostics	2026-10-07T16:45:16.7658521Z       "/home/runner/work/_temp/cloud-g5-build/.lake/build/lib/lean/G5BridgeComponentEntries.olean",
verify	Recover stopped G5 original compiler diagnostics	2026-10-07T16:45:16.7658606Z       "-i",
verify	Recover stopped G5 original compiler diagnostics	2026-10-07T16:45:16.7658892Z       "/home/runner/work/_temp/cloud-g5-build/.lake/build/lib/lean/G5BridgeComponentEntries.ilean",
verify	Recover stopped G5 original compiler diagnostics	2026-10-07T16:45:16.7659138Z       "/home/runner/work/_temp/cloud-g5-build/Imported/G5BridgeComponentEntries.lean"
verify	Recover stopped G5 original compiler diagnostics	2026-10-07T16:45:16.7659214Z     ],
verify	Recover stopped G5 original compiler diagnostics	2026-10-07T16:45:16.7659319Z     "start_unix": 1791389612.0127401,
verify	Recover stopped G5 original compiler diagnostics	2026-10-07T16:45:16.7659415Z     "end_unix": 1791389613.8805351,
verify	Recover stopped G5 original compiler diagnostics	2026-10-07T16:45:16.7659501Z     "exit": 0,
verify	Recover stopped G5 original compiler diagnostics	2026-10-07T16:45:16.7659740Z     "log_sha256": "6d923e42c6ddfa40997788a894f162bea001ccaa7af7033d8d1c1edfd6cef2b0"
verify	Recover stopped G5 original compiler diagnostics	2026-10-07T16:45:16.7659948Z   },
verify	Recover stopped G5 original compiler diagnostics	2026-10-07T16:45:16.7660027Z   {
verify	Recover stopped G5 original compiler diagnostics	2026-10-07T16:45:16.7660135Z     "name": "G5NonbridgeRouteBound",
verify	Recover stopped G5 original compiler diagnostics	2026-10-07T16:45:16.7660226Z     "command": [
verify	Recover stopped G5 original compiler diagnostics	2026-10-07T16:45:16.7660304Z       "lake",
verify	Recover stopped G5 original compiler diagnostics	2026-10-07T16:45:16.7660386Z       "env",
verify	Recover stopped G5 original compiler diagnostics	2026-10-07T16:45:16.7660464Z       "lean",
verify	Recover stopped G5 original compiler diagnostics	2026-10-07T16:45:16.7660549Z       "--trust=0",
verify	Recover stopped G5 original compiler diagnostics	2026-10-07T16:45:16.7660632Z       "-j1",
verify	Recover stopped G5 original compiler diagnostics	2026-10-07T16:45:16.7660711Z       "-M4096",
verify	Recover stopped G5 original compiler diagnostics	2026-10-07T16:45:16.7660793Z       "-R",
verify	Recover stopped G5 original compiler diagnostics	2026-10-07T16:45:16.7660931Z       "/home/runner/work/_temp/cloud-g5-build/Imported",
verify	Recover stopped G5 original compiler diagnostics	2026-10-07T16:45:16.7661015Z       "-o",
verify	Recover stopped G5 original compiler diagnostics	2026-10-07T16:45:16.7661292Z       "/home/runner/work/_temp/cloud-g5-build/.lake/build/lib/lean/G5NonbridgeRouteBound.olean",
verify	Recover stopped G5 original compiler diagnostics	2026-10-07T16:45:16.7661374Z       "-i",
verify	Recover stopped G5 original compiler diagnostics	2026-10-07T16:45:16.7661646Z       "/home/runner/work/_temp/cloud-g5-build/.lake/build/lib/lean/G5NonbridgeRouteBound.ilean",
verify	Recover stopped G5 original compiler diagnostics	2026-10-07T16:45:16.7661883Z       "/home/runner/work/_temp/cloud-g5-build/Imported/G5NonbridgeRouteBound.lean"
verify	Recover stopped G5 original compiler diagnostics	2026-10-07T16:45:16.7661969Z     ],
verify	Recover stopped G5 original compiler diagnostics	2026-10-07T16:45:16.7662064Z     "start_unix": 1791389613.8818939,
verify	Recover stopped G5 original compiler diagnostics	2026-10-07T16:45:16.7662276Z     "end_unix": 1791389615.9559958,
verify	Recover stopped G5 original compiler diagnostics	2026-10-07T16:45:16.7662356Z     "exit": 0,
verify	Recover stopped G5 original compiler diagnostics	2026-10-07T16:45:16.7662595Z     "log_sha256": "8e3c42ef93082abdd73408f9a985f34e0e80ce7c27b744e3f86f0914fad9a124"
verify	Recover stopped G5 original compiler diagnostics	2026-10-07T16:45:16.7662671Z   },
verify	Recover stopped G5 original compiler diagnostics	2026-10-07T16:45:16.7662749Z   {
verify	Recover stopped G5 original compiler diagnostics	2026-10-07T16:45:16.7662878Z     "name": "G5ComponentCalendarCoverage",
verify	Recover stopped G5 original compiler diagnostics	2026-10-07T16:45:16.7662960Z     "command": [
verify	Recover stopped G5 original compiler diagnostics	2026-10-07T16:45:16.7663044Z       "lake",
verify	Recover stopped G5 original compiler diagnostics	2026-10-07T16:45:16.7663121Z       "env",
verify	Recover stopped G5 original compiler diagnostics	2026-10-07T16:45:16.7663205Z       "lean",
verify	Recover stopped G5 original compiler diagnostics	2026-10-07T16:45:16.7663288Z       "--trust=0",
verify	Recover stopped G5 original compiler diagnostics	2026-10-07T16:45:16.7663370Z       "-j1",
verify	Recover stopped G5 original compiler diagnostics	2026-10-07T16:45:16.7663450Z       "-M4096",
verify	Recover stopped G5 original compiler diagnostics	2026-10-07T16:45:16.7663534Z       "-R",
verify	Recover stopped G5 original compiler diagnostics	2026-10-07T16:45:16.7663673Z       "/home/runner/work/_temp/cloud-g5-build/Imported",
verify	Recover stopped G5 original compiler diagnostics	2026-10-07T16:45:16.7663757Z       "-o",
verify	Recover stopped G5 original compiler diagnostics	2026-10-07T16:45:16.7664070Z       "/home/runner/work/_temp/cloud-g5-build/.lake/build/lib/lean/G5ComponentCalendarCoverage.olean",
verify	Recover stopped G5 original compiler diagnostics	2026-10-07T16:45:16.7664149Z       "-i",
verify	Recover stopped G5 original compiler diagnostics	2026-10-07T16:45:16.7664457Z       "/home/runner/work/_temp/cloud-g5-build/.lake/build/lib/lean/G5ComponentCalendarCoverage.ilean",
verify	Recover stopped G5 original compiler diagnostics	2026-10-07T16:45:16.7664710Z       "/home/runner/work/_temp/cloud-g5-build/Imported/G5ComponentCalendarCoverage.lean"
verify	Recover stopped G5 original compiler diagnostics	2026-10-07T16:45:16.7664791Z     ],
verify	Recover stopped G5 original compiler diagnostics	2026-10-07T16:45:16.7664887Z     "start_unix": 1791389615.957536,
verify	Recover stopped G5 original compiler diagnostics	2026-10-07T16:45:16.7664989Z     "end_unix": 1791389618.727444,
verify	Recover stopped G5 original compiler diagnostics	2026-10-07T16:45:16.7665076Z     "exit": 0,
verify	Recover stopped G5 original compiler diagnostics	2026-10-07T16:45:16.7665307Z     "log_sha256": "714308a14bb6b87b48aeb0d21ce60a61e7c97b2d635874091f3d69038ab6c94e"
verify	Recover stopped G5 original compiler diagnostics	2026-10-07T16:45:16.7665388Z   },
verify	Recover stopped G5 original compiler diagnostics	2026-10-07T16:45:16.7665461Z   {
verify	Recover stopped G5 original compiler diagnostics	2026-10-07T16:45:16.7665584Z     "name": "G5ActualComponentSupport",
verify	Recover stopped G5 original compiler diagnostics	2026-10-07T16:45:16.7665668Z     "command": [
verify	Recover stopped G5 original compiler diagnostics	2026-10-07T16:45:16.7665754Z       "lake",
verify	Recover stopped G5 original compiler diagnostics	2026-10-07T16:45:16.7665837Z       "env",
verify	Recover stopped G5 original compiler diagnostics	2026-10-07T16:45:16.7665919Z       "lean",
verify	Recover stopped G5 original compiler diagnostics	2026-10-07T16:45:16.7666006Z       "--trust=0",
verify	Recover stopped G5 original compiler diagnostics	2026-10-07T16:45:16.7666086Z       "-j1",
verify	Recover stopped G5 original compiler diagnostics	2026-10-07T16:45:16.7666173Z       "-M4096",
verify	Recover stopped G5 original compiler diagnostics	2026-10-07T16:45:16.7666259Z       "-R",
verify	Recover stopped G5 original compiler diagnostics	2026-10-07T16:45:16.7666402Z       "/home/runner/work/_temp/cloud-g5-build/Imported",
verify	Recover stopped G5 original compiler diagnostics	2026-10-07T16:45:16.7666479Z       "-o",
verify	Recover stopped G5 original compiler diagnostics	2026-10-07T16:45:16.7666778Z       "/home/runner/work/_temp/cloud-g5-build/.lake/build/lib/lean/G5ActualComponentSupport.olean",
verify	Recover stopped G5 original compiler diagnostics	2026-10-07T16:45:16.7666865Z       "-i",
verify	Recover stopped G5 original compiler diagnostics	2026-10-07T16:45:16.7667270Z       "/home/runner/work/_temp/cloud-g5-build/.lake/build/lib/lean/G5ActualComponentSupport.ilean",
verify	Recover stopped G5 original compiler diagnostics	2026-10-07T16:45:16.7667519Z       "/home/runner/work/_temp/cloud-g5-build/Imported/G5ActualComponentSupport.lean"
verify	Recover stopped G5 original compiler diagnostics	2026-10-07T16:45:16.7667596Z     ],
verify	Recover stopped G5 original compiler diagnostics	2026-10-07T16:45:16.7667697Z     "start_unix": 1791389618.7287917,
verify	Recover stopped G5 original compiler diagnostics	2026-10-07T16:45:16.7667790Z     "end_unix": 1791389621.5489433,
verify	Recover stopped G5 original compiler diagnostics	2026-10-07T16:45:16.7667877Z     "exit": 0,
verify	Recover stopped G5 original compiler diagnostics	2026-10-07T16:45:16.7668107Z     "log_sha256": "b60a03151ec1471137de0d6ca21abe22bf48250e424851409b2aa1c8ee2c018f"
verify	Recover stopped G5 original compiler diagnostics	2026-10-07T16:45:16.7668320Z   },
verify	Recover stopped G5 original compiler diagnostics	2026-10-07T16:45:16.7668403Z   {
verify	Recover stopped G5 original compiler diagnostics	2026-10-07T16:45:16.7668525Z     "name": "G5RootRouteCurrentSupport",
verify	Recover stopped G5 original compiler diagnostics	2026-10-07T16:45:16.7668617Z     "command": [
verify	Recover stopped G5 original compiler diagnostics	2026-10-07T16:45:16.7668695Z       "lake",
verify	Recover stopped G5 original compiler diagnostics	2026-10-07T16:45:16.7668777Z       "env",
verify	Recover stopped G5 original compiler diagnostics	2026-10-07T16:45:16.7668859Z       "lean",
verify	Recover stopped G5 original compiler diagnostics	2026-10-07T16:45:16.7668948Z       "--trust=0",
verify	Recover stopped G5 original compiler diagnostics	2026-10-07T16:45:16.7669026Z       "-j1",
verify	Recover stopped G5 original compiler diagnostics	2026-10-07T16:45:16.7669106Z       "-M4096",
verify	Recover stopped G5 original compiler diagnostics	2026-10-07T16:45:16.7669186Z       "-R",
verify	Recover stopped G5 original compiler diagnostics	2026-10-07T16:45:16.7669322Z       "/home/runner/work/_temp/cloud-g5-build/Imported",
verify	Recover stopped G5 original compiler diagnostics	2026-10-07T16:45:16.7669402Z       "-o",
verify	Recover stopped G5 original compiler diagnostics	2026-10-07T16:45:16.7669694Z       "/home/runner/work/_temp/cloud-g5-build/.lake/build/lib/lean/G5RootRouteCurrentSupport.olean",
verify	Recover stopped G5 original compiler diagnostics	2026-10-07T16:45:16.7669778Z       "-i",
verify	Recover stopped G5 original compiler diagnostics	2026-10-07T16:45:16.7670067Z       "/home/runner/work/_temp/cloud-g5-build/.lake/build/lib/lean/G5RootRouteCurrentSupport.ilean",
verify	Recover stopped G5 original compiler diagnostics	2026-10-07T16:45:16.7670318Z       "/home/runner/work/_temp/cloud-g5-build/Imported/G5RootRouteCurrentSupport.lean"
verify	Recover stopped G5 original compiler diagnostics	2026-10-07T16:45:16.7670403Z     ],
verify	Recover stopped G5 original compiler diagnostics	2026-10-07T16:45:16.7670499Z     "start_unix": 1791389621.5504515,
verify	Recover stopped G5 original compiler diagnostics	2026-10-07T16:45:16.7670714Z     "end_unix": 1791389624.370531,
verify	Recover stopped G5 original compiler diagnostics	2026-10-07T16:45:16.7670796Z     "exit": 0,
verify	Recover stopped G5 original compiler diagnostics	2026-10-07T16:45:16.7671029Z     "log_sha256": "698bcba86142f062fef076cf9260893b7c237594433d886959325fa7c54d6676"
verify	Recover stopped G5 original compiler diagnostics	2026-10-07T16:45:16.7671105Z   },
verify	Recover stopped G5 original compiler diagnostics	2026-10-07T16:45:16.7671184Z   {
verify	Recover stopped G5 original compiler diagnostics	2026-10-07T16:45:16.7671298Z     "name": "G5CurrentPortTwoPositions",
verify	Recover stopped G5 original compiler diagnostics	2026-10-07T16:45:16.7671386Z     "command": [
verify	Recover stopped G5 original compiler diagnostics	2026-10-07T16:45:16.7671470Z       "lake",
verify	Recover stopped G5 original compiler diagnostics	2026-10-07T16:45:16.7671548Z       "env",
verify	Recover stopped G5 original compiler diagnostics	2026-10-07T16:45:16.7671630Z       "lean",
verify	Recover stopped G5 original compiler diagnostics	2026-10-07T16:45:16.7671712Z       "--trust=0",
verify	Recover stopped G5 original compiler diagnostics	2026-10-07T16:45:16.7671795Z       "-j1",
verify	Recover stopped G5 original compiler diagnostics	2026-10-07T16:45:16.7671873Z       "-M4096",
verify	Recover stopped G5 original compiler diagnostics	2026-10-07T16:45:16.7671954Z       "-R",
verify	Recover stopped G5 original compiler diagnostics	2026-10-07T16:45:16.7672095Z       "/home/runner/work/_temp/cloud-g5-build/Imported",
verify	Recover stopped G5 original compiler diagnostics	2026-10-07T16:45:16.7672179Z       "-o",
verify	Recover stopped G5 original compiler diagnostics	2026-10-07T16:45:16.7672478Z       "/home/runner/work/_temp/cloud-g5-build/.lake/build/lib/lean/G5CurrentPortTwoPositions.olean",
verify	Recover stopped G5 original compiler diagnostics	2026-10-07T16:45:16.7672561Z       "-i",
verify	Recover stopped G5 original compiler diagnostics	2026-10-07T16:45:16.7672854Z       "/home/runner/work/_temp/cloud-g5-build/.lake/build/lib/lean/G5CurrentPortTwoPositions.ilean",
verify	Recover stopped G5 original compiler diagnostics	2026-10-07T16:45:16.7673100Z       "/home/runner/work/_temp/cloud-g5-build/Imported/G5CurrentPortTwoPositions.lean"
verify	Recover stopped G5 original compiler diagnostics	2026-10-07T16:45:16.7673186Z     ],
verify	Recover stopped G5 original compiler diagnostics	2026-10-07T16:45:16.7673285Z     "start_unix": 1791389624.3720305,
verify	Recover stopped G5 original compiler diagnostics	2026-10-07T16:45:16.7673384Z     "end_unix": 1791389627.1420074,
verify	Recover stopped G5 original compiler diagnostics	2026-10-07T16:45:16.7673470Z     "exit": 0,
verify	Recover stopped G5 original compiler diagnostics	2026-10-07T16:45:16.7673695Z     "log_sha256": "92a225f805943c35b10f34e345329759f40db5919b01f962d13c1c02fc0c2c61"
verify	Recover stopped G5 original compiler diagnostics	2026-10-07T16:45:16.7673774Z   },
verify	Recover stopped G5 original compiler diagnostics	2026-10-07T16:45:16.7673848Z   {
verify	Recover stopped G5 original compiler diagnostics	2026-10-07T16:45:16.7673975Z     "name": "G5OriginalTipCurrentSupport",
verify	Recover stopped G5 original compiler diagnostics	2026-10-07T16:45:16.7674059Z     "command": [
verify	Recover stopped G5 original compiler diagnostics	2026-10-07T16:45:16.7674144Z       "lake",
verify	Recover stopped G5 original compiler diagnostics	2026-10-07T16:45:16.7674222Z       "env",
verify	Recover stopped G5 original compiler diagnostics	2026-10-07T16:45:16.7674305Z       "lean",
verify	Recover stopped G5 original compiler diagnostics	2026-10-07T16:45:16.7674396Z       "--trust=0",
verify	Recover stopped G5 original compiler diagnostics	2026-10-07T16:45:16.7674474Z       "-j1",
verify	Recover stopped G5 original compiler diagnostics	2026-10-07T16:45:16.7674560Z       "-M4096",
verify	Recover stopped G5 original compiler diagnostics	2026-10-07T16:45:16.7674639Z       "-R",
verify	Recover stopped G5 original compiler diagnostics	2026-10-07T16:45:16.7674785Z       "/home/runner/work/_temp/cloud-g5-build/Imported",
verify	Recover stopped G5 original compiler diagnostics	2026-10-07T16:45:16.7674863Z       "-o",
verify	Recover stopped G5 original compiler diagnostics	2026-10-07T16:45:16.7675171Z       "/home/runner/work/_temp/cloud-g5-build/.lake/build/lib/lean/G5OriginalTipCurrentSupport.olean",
verify	Recover stopped G5 original compiler diagnostics	2026-10-07T16:45:16.7675255Z       "-i",
verify	Recover stopped G5 original compiler diagnostics	2026-10-07T16:45:16.7675552Z       "/home/runner/work/_temp/cloud-g5-build/.lake/build/lib/lean/G5OriginalTipCurrentSupport.ilean",
verify	Recover stopped G5 original compiler diagnostics	2026-10-07T16:45:16.7675816Z       "/home/runner/work/_temp/cloud-g5-build/Imported/G5OriginalTipCurrentSupport.lean"
verify	Recover stopped G5 original compiler diagnostics	2026-10-07T16:45:16.7675892Z     ],
verify	Recover stopped G5 original compiler diagnostics	2026-10-07T16:45:16.7675990Z     "start_unix": 1791389627.1435196,
verify	Recover stopped G5 original compiler diagnostics	2026-10-07T16:45:16.7676082Z     "end_unix": 1791389629.9132588,
verify	Recover stopped G5 original compiler diagnostics	2026-10-07T16:45:16.7676174Z     "exit": 0,
verify	Recover stopped G5 original compiler diagnostics	2026-10-07T16:45:16.7676415Z     "log_sha256": "bf016b1de34fa1fcd3a79f6c846f1ce7a8c17ce7099b04edfb94b96b563c7d5f"
verify	Recover stopped G5 original compiler diagnostics	2026-10-07T16:45:16.7676659Z   },
verify	Recover stopped G5 original compiler diagnostics	2026-10-07T16:45:16.7676739Z   {
verify	Recover stopped G5 original compiler diagnostics	2026-10-07T16:45:16.7676847Z     "name": "G5ParentChoiceCalendar",
verify	Recover stopped G5 original compiler diagnostics	2026-10-07T16:45:16.7676937Z     "command": [
verify	Recover stopped G5 original compiler diagnostics	2026-10-07T16:45:16.7677144Z       "lake",
verify	Recover stopped G5 original compiler diagnostics	2026-10-07T16:45:16.7677231Z       "env",
verify	Recover stopped G5 original compiler diagnostics	2026-10-07T16:45:16.7677308Z       "lean",
verify	Recover stopped G5 original compiler diagnostics	2026-10-07T16:45:16.7677395Z       "--trust=0",
verify	Recover stopped G5 original compiler diagnostics	2026-10-07T16:45:16.7677473Z       "-j1",
verify	Recover stopped G5 original compiler diagnostics	2026-10-07T16:45:16.7677563Z       "-M4096",
verify	Recover stopped G5 original compiler diagnostics	2026-10-07T16:45:16.7677646Z       "-R",
verify	Recover stopped G5 original compiler diagnostics	2026-10-07T16:45:16.7677787Z       "/home/runner/work/_temp/cloud-g5-build/Imported",
verify	Recover stopped G5 original compiler diagnostics	2026-10-07T16:45:16.7677872Z       "-o",
verify	Recover stopped G5 original compiler diagnostics	2026-10-07T16:45:16.7678155Z       "/home/runner/work/_temp/cloud-g5-build/.lake/build/lib/lean/G5ParentChoiceCalendar.olean",
verify	Recover stopped G5 original compiler diagnostics	2026-10-07T16:45:16.7678243Z       "-i",
verify	Recover stopped G5 original compiler diagnostics	2026-10-07T16:45:16.7678521Z       "/home/runner/work/_temp/cloud-g5-build/.lake/build/lib/lean/G5ParentChoiceCalendar.ilean",
verify	Recover stopped G5 original compiler diagnostics	2026-10-07T16:45:16.7678766Z       "/home/runner/work/_temp/cloud-g5-build/Imported/G5ParentChoiceCalendar.lean"
verify	Recover stopped G5 original compiler diagnostics	2026-10-07T16:45:16.7678855Z     ],
verify	Recover stopped G5 original compiler diagnostics	2026-10-07T16:45:16.7678951Z     "start_unix": 1791389629.914668,
verify	Recover stopped G5 original compiler diagnostics	2026-10-07T16:45:16.7679053Z     "end_unix": 1791389632.8349972,
verify	Recover stopped G5 original compiler diagnostics	2026-10-07T16:45:16.7679254Z     "exit": 0,
verify	Recover stopped G5 original compiler diagnostics	2026-10-07T16:45:16.7679493Z     "log_sha256": "8eb07c527af1306f84578a8a51aa5ba933b16ab465a187c3619b880a145cce8d"
verify	Recover stopped G5 original compiler diagnostics	2026-10-07T16:45:16.7679566Z   },
verify	Recover stopped G5 original compiler diagnostics	2026-10-07T16:45:16.7679645Z   {
verify	Recover stopped G5 original compiler diagnostics	2026-10-07T16:45:16.7679754Z     "name": "G5CoupledQuartetKernel",
verify	Recover stopped G5 original compiler diagnostics	2026-10-07T16:45:16.7679842Z     "command": [
verify	Recover stopped G5 original compiler diagnostics	2026-10-07T16:45:16.7679926Z       "lake",
verify	Recover stopped G5 original compiler diagnostics	2026-10-07T16:45:16.7680008Z       "env",
verify	Recover stopped G5 original compiler diagnostics	2026-10-07T16:45:16.7680089Z       "lean",
verify	Recover stopped G5 original compiler diagnostics	2026-10-07T16:45:16.7680170Z       "--trust=0",
verify	Recover stopped G5 original compiler diagnostics	2026-10-07T16:45:16.7680252Z       "-j1",
verify	Recover stopped G5 original compiler diagnostics	2026-10-07T16:45:16.7680331Z       "-M4096",
verify	Recover stopped G5 original compiler diagnostics	2026-10-07T16:45:16.7680412Z       "-R",
verify	Recover stopped G5 original compiler diagnostics	2026-10-07T16:45:16.7680547Z       "/home/runner/work/_temp/cloud-g5-build/Imported",
verify	Recover stopped G5 original compiler diagnostics	2026-10-07T16:45:16.7680631Z       "-o",
verify	Recover stopped G5 original compiler diagnostics	2026-10-07T16:45:16.7680914Z       "/home/runner/work/_temp/cloud-g5-build/.lake/build/lib/lean/G5CoupledQuartetKernel.olean",
verify	Recover stopped G5 original compiler diagnostics	2026-10-07T16:45:16.7680997Z       "-i",
verify	Recover stopped G5 original compiler diagnostics	2026-10-07T16:45:16.7681274Z       "/home/runner/work/_temp/cloud-g5-build/.lake/build/lib/lean/G5CoupledQuartetKernel.ilean",
verify	Recover stopped G5 original compiler diagnostics	2026-10-07T16:45:16.7681510Z       "/home/runner/work/_temp/cloud-g5-build/Imported/G5CoupledQuartetKernel.lean"
verify	Recover stopped G5 original compiler diagnostics	2026-10-07T16:45:16.7681592Z     ],
verify	Recover stopped G5 original compiler diagnostics	2026-10-07T16:45:16.7681690Z     "start_unix": 1791389632.8364394,
verify	Recover stopped G5 original compiler diagnostics	2026-10-07T16:45:16.7681786Z     "end_unix": 1791389636.2646081,
verify	Recover stopped G5 original compiler diagnostics	2026-10-07T16:45:16.7681870Z     "exit": 0,
verify	Recover stopped G5 original compiler diagnostics	2026-10-07T16:45:16.7682110Z     "log_sha256": "6c4aa68da89a6f8df1b9c13fe66731bcdb1f439d8fe1f5da731d4b5febeeb045"
verify	Recover stopped G5 original compiler diagnostics	2026-10-07T16:45:16.7682188Z   },
verify	Recover stopped G5 original compiler diagnostics	2026-10-07T16:45:16.7682262Z   {
verify	Recover stopped G5 original compiler diagnostics	2026-10-07T16:45:16.7682373Z     "name": "G5FairSelectorMoments",
verify	Recover stopped G5 original compiler diagnostics	2026-10-07T16:45:16.7682456Z     "command": [
verify	Recover stopped G5 original compiler diagnostics	2026-10-07T16:45:16.7682536Z       "lake",
verify	Recover stopped G5 original compiler diagnostics	2026-10-07T16:45:16.7682614Z       "env",
verify	Recover stopped G5 original compiler diagnostics	2026-10-07T16:45:16.7682697Z       "lean",
verify	Recover stopped G5 original compiler diagnostics	2026-10-07T16:45:16.7682781Z       "--trust=0",
verify	Recover stopped G5 original compiler diagnostics	2026-10-07T16:45:16.7682862Z       "-j1",
verify	Recover stopped G5 original compiler diagnostics	2026-10-07T16:45:16.7682946Z       "-M4096",
verify	Recover stopped G5 original compiler diagnostics	2026-10-07T16:45:16.7683023Z       "-R",
verify	Recover stopped G5 original compiler diagnostics	2026-10-07T16:45:16.7683168Z       "/home/runner/work/_temp/cloud-g5-build/Imported",
verify	Recover stopped G5 original compiler diagnostics	2026-10-07T16:45:16.7683250Z       "-o",
verify	Recover stopped G5 original compiler diagnostics	2026-10-07T16:45:16.7683530Z       "/home/runner/work/_temp/cloud-g5-build/.lake/build/lib/lean/G5FairSelectorMoments.olean",
verify	Recover stopped G5 original compiler diagnostics	2026-10-07T16:45:16.7683608Z       "-i",
verify	Recover stopped G5 original compiler diagnostics	2026-10-07T16:45:16.7683883Z       "/home/runner/work/_temp/cloud-g5-build/.lake/build/lib/lean/G5FairSelectorMoments.ilean",
verify	Recover stopped G5 original compiler diagnostics	2026-10-07T16:45:16.7684120Z       "/home/runner/work/_temp/cloud-g5-build/Imported/G5FairSelectorMoments.lean"
verify	Recover stopped G5 original compiler diagnostics	2026-10-07T16:45:16.7684197Z     ],
verify	Recover stopped G5 original compiler diagnostics	2026-10-07T16:45:16.7684298Z     "start_unix": 1791389636.2663345,
verify	Recover stopped G5 original compiler diagnostics	2026-10-07T16:45:16.7684394Z     "end_unix": 1791389639.1868176,
verify	Recover stopped G5 original compiler diagnostics	2026-10-07T16:45:16.7684477Z     "exit": 0,
verify	Recover stopped G5 original compiler diagnostics	2026-10-07T16:45:16.7684715Z     "log_sha256": "c5d36016bc89bb883f01c4f4f152e4f9a4105dd7af316f5e2aea6ba848149852"
verify	Recover stopped G5 original compiler diagnostics	2026-10-07T16:45:16.7684794Z   },
verify	Recover stopped G5 original compiler diagnostics	2026-10-07T16:45:16.7684998Z   {
verify	Recover stopped G5 original compiler diagnostics	2026-10-07T16:45:16.7685102Z     "name": "G5FairOriginalCoinLaw",
verify	Recover stopped G5 original compiler diagnostics	2026-10-07T16:45:16.7685191Z     "command": [
verify	Recover stopped G5 original compiler diagnostics	2026-10-07T16:45:16.7685270Z       "lake",
verify	Recover stopped G5 original compiler diagnostics	2026-10-07T16:45:16.7685356Z       "env",
verify	Recover stopped G5 original compiler diagnostics	2026-10-07T16:45:16.7685433Z       "lean",
verify	Recover stopped G5 original compiler diagnostics	2026-10-07T16:45:16.7685520Z       "--trust=0",
verify	Recover stopped G5 original compiler diagnostics	2026-10-07T16:45:16.7685600Z       "-j1",
verify	Recover stopped G5 original compiler diagnostics	2026-10-07T16:45:16.7685684Z       "-M4096",
verify	Recover stopped G5 original compiler diagnostics	2026-10-07T16:45:16.7685765Z       "-R",
verify	Recover stopped G5 original compiler diagnostics	2026-10-07T16:45:16.7685910Z       "/home/runner/work/_temp/cloud-g5-build/Imported",
verify	Recover stopped G5 original compiler diagnostics	2026-10-07T16:45:16.7685992Z       "-o",
verify	Recover stopped G5 original compiler diagnostics	2026-10-07T16:45:16.7686266Z       "/home/runner/work/_temp/cloud-g5-build/.lake/build/lib/lean/G5FairOriginalCoinLaw.olean",
verify	Recover stopped G5 original compiler diagnostics	2026-10-07T16:45:16.7686348Z       "-i",
verify	Recover stopped G5 original compiler diagnostics	2026-10-07T16:45:16.7686619Z       "/home/runner/work/_temp/cloud-g5-build/.lake/build/lib/lean/G5FairOriginalCoinLaw.ilean",
verify	Recover stopped G5 original compiler diagnostics	2026-10-07T16:45:16.7686849Z       "/home/runner/work/_temp/cloud-g5-build/Imported/G5FairOriginalCoinLaw.lean"
verify	Recover stopped G5 original compiler diagnostics	2026-10-07T16:45:16.7686929Z     ],
verify	Recover stopped G5 original compiler diagnostics	2026-10-07T16:45:16.7687192Z     "start_unix": 1791389639.1884496,
verify	Recover stopped G5 original compiler diagnostics	2026-10-07T16:45:16.7687294Z     "end_unix": 1791389642.3593566,
verify	Recover stopped G5 original compiler diagnostics	2026-10-07T16:45:16.7687376Z     "exit": 0,
verify	Recover stopped G5 original compiler diagnostics	2026-10-07T16:45:16.7687725Z     "log_sha256": "691827e9f1d13c9c5561839a960068f5af663db188ad18cd5327915cb5ede75f"
verify	Recover stopped G5 original compiler diagnostics	2026-10-07T16:45:16.7687799Z   },
verify	Recover stopped G5 original compiler diagnostics	2026-10-07T16:45:16.7687879Z   {
verify	Recover stopped G5 original compiler diagnostics	2026-10-07T16:45:16.7687986Z     "name": "G5OriginalCoinPMF",
verify	Recover stopped G5 original compiler diagnostics	2026-10-07T16:45:16.7688075Z     "command": [
verify	Recover stopped G5 original compiler diagnostics	2026-10-07T16:45:16.7688158Z       "lake",
verify	Recover stopped G5 original compiler diagnostics	2026-10-07T16:45:16.7688238Z       "env",
verify	Recover stopped G5 original compiler diagnostics	2026-10-07T16:45:16.7688322Z       "lean",
verify	Recover stopped G5 original compiler diagnostics	2026-10-07T16:45:16.7688404Z       "--trust=0",
verify	Recover stopped G5 original compiler diagnostics	2026-10-07T16:45:16.7688487Z       "-j1",
verify	Recover stopped G5 original compiler diagnostics	2026-10-07T16:45:16.7688566Z       "-M4096",
verify	Recover stopped G5 original compiler diagnostics	2026-10-07T16:45:16.7688648Z       "-R",
verify	Recover stopped G5 original compiler diagnostics	2026-10-07T16:45:16.7688787Z       "/home/runner/work/_temp/cloud-g5-build/Imported",
verify	Recover stopped G5 original compiler diagnostics	2026-10-07T16:45:16.7688871Z       "-o",
verify	Recover stopped G5 original compiler diagnostics	2026-10-07T16:45:16.7689138Z       "/home/runner/work/_temp/cloud-g5-build/.lake/build/lib/lean/G5OriginalCoinPMF.olean",
verify	Recover stopped G5 original compiler diagnostics	2026-10-07T16:45:16.7689220Z       "-i",
verify	Recover stopped G5 original compiler diagnostics	2026-10-07T16:45:16.7689483Z       "/home/runner/work/_temp/cloud-g5-build/.lake/build/lib/lean/G5OriginalCoinPMF.ilean",
verify	Recover stopped G5 original compiler diagnostics	2026-10-07T16:45:16.7689699Z       "/home/runner/work/_temp/cloud-g5-build/Imported/G5OriginalCoinPMF.lean"
verify	Recover stopped G5 original compiler diagnostics	2026-10-07T16:45:16.7689788Z     ],
verify	Recover stopped G5 original compiler diagnostics	2026-10-07T16:45:16.7689885Z     "start_unix": 1791389642.3610084,
verify	Recover stopped G5 original compiler diagnostics	2026-10-07T16:45:16.7689985Z     "end_unix": 1791389645.4319525,
verify	Recover stopped G5 original compiler diagnostics	2026-10-07T16:45:16.7690074Z     "exit": 0,
verify	Recover stopped G5 original compiler diagnostics	2026-10-07T16:45:16.7690307Z     "log_sha256": "90632a18e1b7e8f5005a2193a0d40dec8d20ed6d37d8a8e7e07c2ce1a27cc808"
verify	Recover stopped G5 original compiler diagnostics	2026-10-07T16:45:16.7690386Z   },
verify	Recover stopped G5 original compiler diagnostics	2026-10-07T16:45:16.7690459Z   {
verify	Recover stopped G5 original compiler diagnostics	2026-10-07T16:45:16.7690585Z     "name": "G5ParentPositionPushforward",
verify	Recover stopped G5 original compiler diagnostics	2026-10-07T16:45:16.7690666Z     "command": [
verify	Recover stopped G5 original compiler diagnostics	2026-10-07T16:45:16.7690749Z       "lake",
verify	Recover stopped G5 original compiler diagnostics	2026-10-07T16:45:16.7690826Z       "env",
verify	Recover stopped G5 original compiler diagnostics	2026-10-07T16:45:16.7690913Z       "lean",
verify	Recover stopped G5 original compiler diagnostics	2026-10-07T16:45:16.7690998Z       "--trust=0",
verify	Recover stopped G5 original compiler diagnostics	2026-10-07T16:45:16.7691076Z       "-j1",
verify	Recover stopped G5 original compiler diagnostics	2026-10-07T16:45:16.7691162Z       "-M4096",
verify	Recover stopped G5 original compiler diagnostics	2026-10-07T16:45:16.7691244Z       "-R",
verify	Recover stopped G5 original compiler diagnostics	2026-10-07T16:45:16.7691387Z       "/home/runner/work/_temp/cloud-g5-build/Imported",
verify	Recover stopped G5 original compiler diagnostics	2026-10-07T16:45:16.7691465Z       "-o",
verify	Recover stopped G5 original compiler diagnostics	2026-10-07T16:45:16.7691782Z       "/home/runner/work/_temp/cloud-g5-build/.lake/build/lib/lean/G5ParentPositionPushforward.olean",
verify	Recover stopped G5 original compiler diagnostics	2026-10-07T16:45:16.7691861Z       "-i",
verify	Recover stopped G5 original compiler diagnostics	2026-10-07T16:45:16.7692167Z       "/home/runner/work/_temp/cloud-g5-build/.lake/build/lib/lean/G5ParentPositionPushforward.ilean",
verify	Recover stopped G5 original compiler diagnostics	2026-10-07T16:45:16.7692424Z       "/home/runner/work/_temp/cloud-g5-build/Imported/G5ParentPositionPushforward.lean"
verify	Recover stopped G5 original compiler diagnostics	2026-10-07T16:45:16.7692500Z     ],
verify	Recover stopped G5 original compiler diagnostics	2026-10-07T16:45:16.7692601Z     "start_unix": 1791389645.4335506,
verify	Recover stopped G5 original compiler diagnostics	2026-10-07T16:45:16.7692693Z     "end_unix": 1791389648.5541837,
verify	Recover stopped G5 original compiler diagnostics	2026-10-07T16:45:16.7692779Z     "exit": 0,
verify	Recover stopped G5 original compiler diagnostics	2026-10-07T16:45:16.7693008Z     "log_sha256": "d8567844be8491538a67c14b0ee00db429ec3db3d9e027c93179917a68c00be8"
verify	Recover stopped G5 original compiler diagnostics	2026-10-07T16:45:16.7693090Z   },
verify	Recover stopped G5 original compiler diagnostics	2026-10-07T16:45:16.7693169Z   {
verify	Recover stopped G5 original compiler diagnostics	2026-10-07T16:45:16.7693293Z     "name": "G5SafePastHybridDisjointness",
verify	Recover stopped G5 original compiler diagnostics	2026-10-07T16:45:16.7693509Z     "command": [
verify	Recover stopped G5 original compiler diagnostics	2026-10-07T16:45:16.7693587Z       "lake",
verify	Recover stopped G5 original compiler diagnostics	2026-10-07T16:45:16.7693668Z       "env",
verify	Recover stopped G5 original compiler diagnostics	2026-10-07T16:45:16.7693748Z       "lean",
verify	Recover stopped G5 original compiler diagnostics	2026-10-07T16:45:16.7693835Z       "--trust=0",
verify	Recover stopped G5 original compiler diagnostics	2026-10-07T16:45:16.7693914Z       "-j1",
verify	Recover stopped G5 original compiler diagnostics	2026-10-07T16:45:16.7694000Z       "-M4096",
verify	Recover stopped G5 original compiler diagnostics	2026-10-07T16:45:16.7694082Z       "-R",
verify	Recover stopped G5 original compiler diagnostics	2026-10-07T16:45:16.7694222Z       "/home/runner/work/_temp/cloud-g5-build/Imported",
verify	Recover stopped G5 original compiler diagnostics	2026-10-07T16:45:16.7694307Z       "-o",
verify	Recover stopped G5 original compiler diagnostics	2026-10-07T16:45:16.7694620Z       "/home/runner/work/_temp/cloud-g5-build/.lake/build/lib/lean/G5SafePastHybridDisjointness.olean",
verify	Recover stopped G5 original compiler diagnostics	2026-10-07T16:45:16.7694704Z       "-i",
verify	Recover stopped G5 original compiler diagnostics	2026-10-07T16:45:16.7695007Z       "/home/runner/work/_temp/cloud-g5-build/.lake/build/lib/lean/G5SafePastHybridDisjointness.ilean",
verify	Recover stopped G5 original compiler diagnostics	2026-10-07T16:45:16.7695271Z       "/home/runner/work/_temp/cloud-g5-build/Imported/G5SafePastHybridDisjointness.lean"
verify	Recover stopped G5 original compiler diagnostics	2026-10-07T16:45:16.7695356Z     ],
verify	Recover stopped G5 original compiler diagnostics	2026-10-07T16:45:16.7695453Z     "start_unix": 1791389648.5558171,
verify	Recover stopped G5 original compiler diagnostics	2026-10-07T16:45:16.7695556Z     "end_unix": 1791389651.526485,
verify	Recover stopped G5 original compiler diagnostics	2026-10-07T16:45:16.7695636Z     "exit": 0,
verify	Recover stopped G5 original compiler diagnostics	2026-10-07T16:45:16.7695886Z     "log_sha256": "06fb37241de54ede9ecd62bb16c1a73c6ce07580b5c8c3a779f3baad95efb36f"
verify	Recover stopped G5 original compiler diagnostics	2026-10-07T16:45:16.7696044Z   },
verify	Recover stopped G5 original compiler diagnostics	2026-10-07T16:45:16.7696126Z   {
verify	Recover stopped G5 original compiler diagnostics	2026-10-07T16:45:16.7696252Z     "name": "G5PairOnlySureBlockChronology",
verify	Recover stopped G5 original compiler diagnostics	2026-10-07T16:45:16.7696341Z     "command": [
verify	Recover stopped G5 original compiler diagnostics	2026-10-07T16:45:16.7696425Z       "lake",
verify	Recover stopped G5 original compiler diagnostics	2026-10-07T16:45:16.7696504Z       "env",
verify	Recover stopped G5 original compiler diagnostics	2026-10-07T16:45:16.7696588Z       "lean",
verify	Recover stopped G5 original compiler diagnostics	2026-10-07T16:45:16.7696671Z       "--trust=0",
verify	Recover stopped G5 original compiler diagnostics	2026-10-07T16:45:16.7696757Z       "-j1",
verify	Recover stopped G5 original compiler diagnostics	2026-10-07T16:45:16.7696836Z       "-M4096",
verify	Recover stopped G5 original compiler diagnostics	2026-10-07T16:45:16.7696922Z       "-R",
verify	Recover stopped G5 original compiler diagnostics	2026-10-07T16:45:16.7697187Z       "/home/runner/work/_temp/cloud-g5-build/Imported",
verify	Recover stopped G5 original compiler diagnostics	2026-10-07T16:45:16.7697276Z       "-o",
verify	Recover stopped G5 original compiler diagnostics	2026-10-07T16:45:16.7697599Z       "/home/runner/work/_temp/cloud-g5-build/.lake/build/lib/lean/G5PairOnlySureBlockChronology.olean",
verify	Recover stopped G5 original compiler diagnostics	2026-10-07T16:45:16.7697678Z       "-i",
verify	Recover stopped G5 original compiler diagnostics	2026-10-07T16:45:16.7697996Z       "/home/runner/work/_temp/cloud-g5-build/.lake/build/lib/lean/G5PairOnlySureBlockChronology.ilean",
verify	Recover stopped G5 original compiler diagnostics	2026-10-07T16:45:16.7698260Z       "/home/runner/work/_temp/cloud-g5-build/Imported/G5PairOnlySureBlockChronology.lean"
verify	Recover stopped G5 original compiler diagnostics	2026-10-07T16:45:16.7698346Z     ],
verify	Recover stopped G5 original compiler diagnostics	2026-10-07T16:45:16.7698443Z     "start_unix": 1791389651.5280986,
verify	Recover stopped G5 original compiler diagnostics	2026-10-07T16:45:16.7698542Z     "end_unix": 1791389654.4997427,
verify	Recover stopped G5 original compiler diagnostics	2026-10-07T16:45:16.7698630Z     "exit": 0,
verify	Recover stopped G5 original compiler diagnostics	2026-10-07T16:45:16.7698869Z     "log_sha256": "2102cb58c4b7a1a01d1b6cb27a2ff7b9ddfc470a9ec0faae7c75174677969e1b"
verify	Recover stopped G5 original compiler diagnostics	2026-10-07T16:45:16.7698951Z   },
verify	Recover stopped G5 original compiler diagnostics	2026-10-07T16:45:16.7699025Z   {
verify	Recover stopped G5 original compiler diagnostics	2026-10-07T16:45:16.7699147Z     "name": "G5SafePastMeetingPermanence",
verify	Recover stopped G5 original compiler diagnostics	2026-10-07T16:45:16.7699229Z     "command": [
verify	Recover stopped G5 original compiler diagnostics	2026-10-07T16:45:16.7699316Z       "lake",
verify	Recover stopped G5 original compiler diagnostics	2026-10-07T16:45:16.7699393Z       "env",
verify	Recover stopped G5 original compiler diagnostics	2026-10-07T16:45:16.7699478Z       "lean",
verify	Recover stopped G5 original compiler diagnostics	2026-10-07T16:45:16.7699570Z       "--trust=0",
verify	Recover stopped G5 original compiler diagnostics	2026-10-07T16:45:16.7699651Z       "-j1",
verify	Recover stopped G5 original compiler diagnostics	2026-10-07T16:45:16.7699734Z       "-M4096",
verify	Recover stopped G5 original compiler diagnostics	2026-10-07T16:45:16.7699814Z       "-R",
verify	Recover stopped G5 original compiler diagnostics	2026-10-07T16:45:16.7699959Z       "/home/runner/work/_temp/cloud-g5-build/Imported",
verify	Recover stopped G5 original compiler diagnostics	2026-10-07T16:45:16.7700038Z       "-o",
verify	Recover stopped G5 original compiler diagnostics	2026-10-07T16:45:16.7700348Z       "/home/runner/work/_temp/cloud-g5-build/.lake/build/lib/lean/G5SafePastMeetingPermanence.olean",
verify	Recover stopped G5 original compiler diagnostics	2026-10-07T16:45:16.7700428Z       "-i",
verify	Recover stopped G5 original compiler diagnostics	2026-10-07T16:45:16.7700733Z       "/home/runner/work/_temp/cloud-g5-build/.lake/build/lib/lean/G5SafePastMeetingPermanence.ilean",
verify	Recover stopped G5 original compiler diagnostics	2026-10-07T16:45:16.7700989Z       "/home/runner/work/_temp/cloud-g5-build/Imported/G5SafePastMeetingPermanence.lean"
verify	Recover stopped G5 original compiler diagnostics	2026-10-07T16:45:16.7701065Z     ],
verify	Recover stopped G5 original compiler diagnostics	2026-10-07T16:45:16.7701167Z     "start_unix": 1791389654.5013201,
verify	Recover stopped G5 original compiler diagnostics	2026-10-07T16:45:16.7701260Z     "end_unix": 1791389657.5220942,
verify	Recover stopped G5 original compiler diagnostics	2026-10-07T16:45:16.7701345Z     "exit": 0,
verify	Recover stopped G5 original compiler diagnostics	2026-10-07T16:45:16.7701577Z     "log_sha256": "c868ca1184d8588ef18b1478e00dc3285c7cc006207d1cdcf5d6a8a0a2d4b198"
verify	Recover stopped G5 original compiler diagnostics	2026-10-07T16:45:16.7701656Z   },
verify	Recover stopped G5 original compiler diagnostics	2026-10-07T16:45:16.7701736Z   {
verify	Recover stopped G5 original compiler diagnostics	2026-10-07T16:45:16.7701843Z     "name": "G5OriginalRouteHazard",
verify	Recover stopped G5 original compiler diagnostics	2026-10-07T16:45:16.7702064Z     "command": [
verify	Recover stopped G5 original compiler diagnostics	2026-10-07T16:45:16.7702146Z       "lake",
verify	Recover stopped G5 original compiler diagnostics	2026-10-07T16:45:16.7702226Z       "env",
verify	Recover stopped G5 original compiler diagnostics	2026-10-07T16:45:16.7702309Z       "lean",
verify	Recover stopped G5 original compiler diagnostics	2026-10-07T16:45:16.7702398Z       "--trust=0",
verify	Recover stopped G5 original compiler diagnostics	2026-10-07T16:45:16.7702478Z       "-j1",
verify	Recover stopped G5 original compiler diagnostics	2026-10-07T16:45:16.7702562Z       "-M4096",
verify	Recover stopped G5 original compiler diagnostics	2026-10-07T16:45:16.7702644Z       "-R",
verify	Recover stopped G5 original compiler diagnostics	2026-10-07T16:45:16.7702784Z       "/home/runner/work/_temp/cloud-g5-build/Imported",
verify	Recover stopped G5 original compiler diagnostics	2026-10-07T16:45:16.7702868Z       "-o",
verify	Recover stopped G5 original compiler diagnostics	2026-10-07T16:45:16.7703145Z       "/home/runner/work/_temp/cloud-g5-build/.lake/build/lib/lean/G5OriginalRouteHazard.olean",
verify	Recover stopped G5 original compiler diagnostics	2026-10-07T16:45:16.7703229Z       "-i",
verify	Recover stopped G5 original compiler diagnostics	2026-10-07T16:45:16.7703501Z       "/home/runner/work/_temp/cloud-g5-build/.lake/build/lib/lean/G5OriginalRouteHazard.ilean",
verify	Recover stopped G5 original compiler diagnostics	2026-10-07T16:45:16.7703739Z       "/home/runner/work/_temp/cloud-g5-build/Imported/G5OriginalRouteHazard.lean"
verify	Recover stopped G5 original compiler diagnostics	2026-10-07T16:45:16.7703821Z     ],
verify	Recover stopped G5 original compiler diagnostics	2026-10-07T16:45:16.7703918Z     "start_unix": 1791389657.5237937,
verify	Recover stopped G5 original compiler diagnostics	2026-10-07T16:45:16.7704020Z     "end_unix": 1791389660.8449533,
verify	Recover stopped G5 original compiler diagnostics	2026-10-07T16:45:16.7704103Z     "exit": 0,
verify	Recover stopped G5 original compiler diagnostics	2026-10-07T16:45:16.7704338Z     "log_sha256": "fc54f3e5a8661465646147e8ade6163b3e2a612e177c11092b9e4e2ef425b9ee"
verify	Recover stopped G5 original compiler diagnostics	2026-10-07T16:45:16.7704532Z   },
verify	Recover stopped G5 original compiler diagnostics	2026-10-07T16:45:16.7704612Z   {
verify	Recover stopped G5 original compiler diagnostics	2026-10-07T16:45:16.7704725Z     "name": "G4TwoRootSourceStopping",
verify	Recover stopped G5 original compiler diagnostics	2026-10-07T16:45:16.7704811Z     "command": [
verify	Recover stopped G5 original compiler diagnostics	2026-10-07T16:45:16.7704895Z       "lake",
verify	Recover stopped G5 original compiler diagnostics	2026-10-07T16:45:16.7704972Z       "env",
verify	Recover stopped G5 original compiler diagnostics	2026-10-07T16:45:16.7705059Z       "lean",
verify	Recover stopped G5 original compiler diagnostics	2026-10-07T16:45:16.7705142Z       "--trust=0",
verify	Recover stopped G5 original compiler diagnostics	2026-10-07T16:45:16.7705225Z       "-j1",
verify	Recover stopped G5 original compiler diagnostics	2026-10-07T16:45:16.7705305Z       "-M4096",
verify	Recover stopped G5 original compiler diagnostics	2026-10-07T16:45:16.7705390Z       "-R",
verify	Recover stopped G5 original compiler diagnostics	2026-10-07T16:45:16.7705528Z       "/home/runner/work/_temp/cloud-g5-build/Imported",
verify	Recover stopped G5 original compiler diagnostics	2026-10-07T16:45:16.7705619Z       "-o",
verify	Recover stopped G5 original compiler diagnostics	2026-10-07T16:45:16.7705911Z       "/home/runner/work/_temp/cloud-g5-build/.lake/build/lib/lean/G4TwoRootSourceStopping.olean",
verify	Recover stopped G5 original compiler diagnostics	2026-10-07T16:45:16.7705989Z       "-i",
verify	Recover stopped G5 original compiler diagnostics	2026-10-07T16:45:16.7706280Z       "/home/runner/work/_temp/cloud-g5-build/.lake/build/lib/lean/G4TwoRootSourceStopping.ilean",
verify	Recover stopped G5 original compiler diagnostics	2026-10-07T16:45:16.7706513Z       "/home/runner/work/_temp/cloud-g5-build/Imported/G4TwoRootSourceStopping.lean"
verify	Recover stopped G5 original compiler diagnostics	2026-10-07T16:45:16.7706598Z     ],
verify	Recover stopped G5 original compiler diagnostics	2026-10-07T16:45:16.7706694Z     "start_unix": 1791389660.8467767,
verify	Recover stopped G5 original compiler diagnostics	2026-10-07T16:45:16.7706794Z     "end_unix": 1791389663.7168007,
verify	Recover stopped G5 original compiler diagnostics	2026-10-07T16:45:16.7706880Z     "exit": 0,
verify	Recover stopped G5 original compiler diagnostics	2026-10-07T16:45:16.7707235Z     "log_sha256": "25e8d8c8651f61fbf26f2fb29b2fc1f63c2233c186598c29dc9a133e2a24c41f"
verify	Recover stopped G5 original compiler diagnostics	2026-10-07T16:45:16.7707320Z   },
verify	Recover stopped G5 original compiler diagnostics	2026-10-07T16:45:16.7707395Z   {
verify	Recover stopped G5 original compiler diagnostics	2026-10-07T16:45:16.7707506Z     "name": "G1SharedRegisterStress",
verify	Recover stopped G5 original compiler diagnostics	2026-10-07T16:45:16.7707590Z     "command": [
verify	Recover stopped G5 original compiler diagnostics	2026-10-07T16:45:16.7707675Z       "lake",
verify	Recover stopped G5 original compiler diagnostics	2026-10-07T16:45:16.7707753Z       "env",
verify	Recover stopped G5 original compiler diagnostics	2026-10-07T16:45:16.7707837Z       "lean",
verify	Recover stopped G5 original compiler diagnostics	2026-10-07T16:45:16.7707925Z       "--trust=0",
verify	Recover stopped G5 original compiler diagnostics	2026-10-07T16:45:16.7708006Z       "-j1",
verify	Recover stopped G5 original compiler diagnostics	2026-10-07T16:45:16.7708090Z       "-M4096",
verify	Recover stopped G5 original compiler diagnostics	2026-10-07T16:45:16.7708168Z       "-R",
verify	Recover stopped G5 original compiler diagnostics	2026-10-07T16:45:16.7708316Z       "/home/runner/work/_temp/cloud-g5-build/Imported",
verify	Recover stopped G5 original compiler diagnostics	2026-10-07T16:45:16.7708394Z       "-o",
verify	Recover stopped G5 original compiler diagnostics	2026-10-07T16:45:16.7708681Z       "/home/runner/work/_temp/cloud-g5-build/.lake/build/lib/lean/G1SharedRegisterStress.olean",
verify	Recover stopped G5 original compiler diagnostics	2026-10-07T16:45:16.7708764Z       "-i",
verify	Recover stopped G5 original compiler diagnostics	2026-10-07T16:45:16.7709045Z       "/home/runner/work/_temp/cloud-g5-build/.lake/build/lib/lean/G1SharedRegisterStress.ilean",
verify	Recover stopped G5 original compiler diagnostics	2026-10-07T16:45:16.7709288Z       "/home/runner/work/_temp/cloud-g5-build/Imported/G1SharedRegisterStress.lean"
verify	Recover stopped G5 original compiler diagnostics	2026-10-07T16:45:16.7709366Z     ],
verify	Recover stopped G5 original compiler diagnostics	2026-10-07T16:45:16.7709466Z     "start_unix": 1791389663.7187982,
verify	Recover stopped G5 original compiler diagnostics	2026-10-07T16:45:16.7709560Z     "end_unix": 1791389666.6896298,
verify	Recover stopped G5 original compiler diagnostics	2026-10-07T16:45:16.7709647Z     "exit": 0,
verify	Recover stopped G5 original compiler diagnostics	2026-10-07T16:45:16.7709878Z     "log_sha256": "84a9c4ce9c952b0e458f2a61369c7b18a8e5a6298321cc94e9a865f61d98037b"
verify	Recover stopped G5 original compiler diagnostics	2026-10-07T16:45:16.7709959Z   },
verify	Recover stopped G5 original compiler diagnostics	2026-10-07T16:45:16.7710038Z   {
verify	Recover stopped G5 original compiler diagnostics	2026-10-07T16:45:16.7710141Z     "name": "G4FourRootPositivity",
verify	Recover stopped G5 original compiler diagnostics	2026-10-07T16:45:16.7710228Z     "command": [
verify	Recover stopped G5 original compiler diagnostics	2026-10-07T16:45:16.7710438Z       "lake",
verify	Recover stopped G5 original compiler diagnostics	2026-10-07T16:45:16.7710525Z       "env",
verify	Recover stopped G5 original compiler diagnostics	2026-10-07T16:45:16.7710604Z       "lean",
verify	Recover stopped G5 original compiler diagnostics	2026-10-07T16:45:16.7710693Z       "--trust=0",
verify	Recover stopped G5 original compiler diagnostics	2026-10-07T16:45:16.7710776Z       "-j1",
verify	Recover stopped G5 original compiler diagnostics	2026-10-07T16:45:16.7710862Z       "-M4096",
verify	Recover stopped G5 original compiler diagnostics	2026-10-07T16:45:16.7710939Z       "-R",
verify	Recover stopped G5 original compiler diagnostics	2026-10-07T16:45:16.7711085Z       "/home/runner/work/_temp/cloud-g5-build/Imported",
verify	Recover stopped G5 original compiler diagnostics	2026-10-07T16:45:16.7711171Z       "-o",
verify	Recover stopped G5 original compiler diagnostics	2026-10-07T16:45:16.7711444Z       "/home/runner/work/_temp/cloud-g5-build/.lake/build/lib/lean/G4FourRootPositivity.olean",
verify	Recover stopped G5 original compiler diagnostics	2026-10-07T16:45:16.7711530Z       "-i",
verify	Recover stopped G5 original compiler diagnostics	2026-10-07T16:45:16.7711799Z       "/home/runner/work/_temp/cloud-g5-build/.lake/build/lib/lean/G4FourRootPositivity.ilean",
verify	Recover stopped G5 original compiler diagnostics	2026-10-07T16:45:16.7712030Z       "/home/runner/work/_temp/cloud-g5-build/Imported/G4FourRootPositivity.lean"
verify	Recover stopped G5 original compiler diagnostics	2026-10-07T16:45:16.7712107Z     ],
verify	Recover stopped G5 original compiler diagnostics	2026-10-07T16:45:16.7712210Z     "start_unix": 1791389666.6913428,
verify	Recover stopped G5 original compiler diagnostics	2026-10-07T16:45:16.7712312Z     "end_unix": 1791389669.8154576,
verify	Recover stopped G5 original compiler diagnostics	2026-10-07T16:45:16.7712396Z     "exit": 0,
verify	Recover stopped G5 original compiler diagnostics	2026-10-07T16:45:16.7712643Z     "log_sha256": "f5e1ecf7db1d697e09d60633e18d6b70c7cc7aa6ac9af0dc3eee533d76e5c582"
verify	Recover stopped G5 original compiler diagnostics	2026-10-07T16:45:16.7712829Z   },
verify	Recover stopped G5 original compiler diagnostics	2026-10-07T16:45:16.7712908Z   {
verify	Recover stopped G5 original compiler diagnostics	2026-10-07T16:45:16.7713026Z     "name": "G4IndependentRoutingBridge",
verify	Recover stopped G5 original compiler diagnostics	2026-10-07T16:45:16.7713116Z     "command": [
verify	Recover stopped G5 original compiler diagnostics	2026-10-07T16:45:16.7713197Z       "lake",
verify	Recover stopped G5 original compiler diagnostics	2026-10-07T16:45:16.7713274Z       "env",
verify	Recover stopped G5 original compiler diagnostics	2026-10-07T16:45:16.7713357Z       "lean",
verify	Recover stopped G5 original compiler diagnostics	2026-10-07T16:45:16.7713438Z       "--trust=0",
verify	Recover stopped G5 original compiler diagnostics	2026-10-07T16:45:16.7713522Z       "-j1",
verify	Recover stopped G5 original compiler diagnostics	2026-10-07T16:45:16.7713605Z       "-M4096",
verify	Recover stopped G5 original compiler diagnostics	2026-10-07T16:45:16.7713688Z       "-R",
verify	Recover stopped G5 original compiler diagnostics	2026-10-07T16:45:16.7713826Z       "/home/runner/work/_temp/cloud-g5-build/Imported",
verify	Recover stopped G5 original compiler diagnostics	2026-10-07T16:45:16.7713909Z       "-o",
verify	Recover stopped G5 original compiler diagnostics	2026-10-07T16:45:16.7714208Z       "/home/runner/work/_temp/cloud-g5-build/.lake/build/lib/lean/G4IndependentRoutingBridge.olean",
verify	Recover stopped G5 original compiler diagnostics	2026-10-07T16:45:16.7714293Z       "-i",
verify	Recover stopped G5 original compiler diagnostics	2026-10-07T16:45:16.7714593Z       "/home/runner/work/_temp/cloud-g5-build/.lake/build/lib/lean/G4IndependentRoutingBridge.ilean",
verify	Recover stopped G5 original compiler diagnostics	2026-10-07T16:45:16.7714843Z       "/home/runner/work/_temp/cloud-g5-build/Imported/G4IndependentRoutingBridge.lean"
verify	Recover stopped G5 original compiler diagnostics	2026-10-07T16:45:16.7714929Z     ],
verify	Recover stopped G5 original compiler diagnostics	2026-10-07T16:45:16.7715025Z     "start_unix": 1791389669.8191755,
verify	Recover stopped G5 original compiler diagnostics	2026-10-07T16:45:16.7715126Z     "end_unix": 1791389673.794361,
verify	Recover stopped G5 original compiler diagnostics	2026-10-07T16:45:16.7715209Z     "exit": 0,
verify	Recover stopped G5 original compiler diagnostics	2026-10-07T16:45:16.7715445Z     "log_sha256": "a20247a4205e073ecbaf02497a2411bdac34d424acb34aaf80e96d9717fe3ad9"
verify	Recover stopped G5 original compiler diagnostics	2026-10-07T16:45:16.7715528Z   },
verify	Recover stopped G5 original compiler diagnostics	2026-10-07T16:45:16.7715602Z   {
verify	Recover stopped G5 original compiler diagnostics	2026-10-07T16:45:16.7715710Z     "name": "G4AllRootPairClocks",
verify	Recover stopped G5 original compiler diagnostics	2026-10-07T16:45:16.7715792Z     "command": [
verify	Recover stopped G5 original compiler diagnostics	2026-10-07T16:45:16.7715876Z       "lake",
verify	Recover stopped G5 original compiler diagnostics	2026-10-07T16:45:16.7715961Z       "env",
verify	Recover stopped G5 original compiler diagnostics	2026-10-07T16:45:16.7716044Z       "lean",
verify	Recover stopped G5 original compiler diagnostics	2026-10-07T16:45:16.7716128Z       "--trust=0",
verify	Recover stopped G5 original compiler diagnostics	2026-10-07T16:45:16.7716212Z       "-j1",
verify	Recover stopped G5 original compiler diagnostics	2026-10-07T16:45:16.7716296Z       "-M4096",
verify	Recover stopped G5 original compiler diagnostics	2026-10-07T16:45:16.7716374Z       "-R",
verify	Recover stopped G5 original compiler diagnostics	2026-10-07T16:45:16.7716516Z       "/home/runner/work/_temp/cloud-g5-build/Imported",
verify	Recover stopped G5 original compiler diagnostics	2026-10-07T16:45:16.7716597Z       "-o",
verify	Recover stopped G5 original compiler diagnostics	2026-10-07T16:45:16.7716874Z       "/home/runner/work/_temp/cloud-g5-build/.lake/build/lib/lean/G4AllRootPairClocks.olean",
verify	Recover stopped G5 original compiler diagnostics	2026-10-07T16:45:16.7716957Z       "-i",
verify	Recover stopped G5 original compiler diagnostics	2026-10-07T16:45:16.7717354Z       "/home/runner/work/_temp/cloud-g5-build/.lake/build/lib/lean/G4AllRootPairClocks.ilean",
verify	Recover stopped G5 original compiler diagnostics	2026-10-07T16:45:16.7717584Z       "/home/runner/work/_temp/cloud-g5-build/Imported/G4AllRootPairClocks.lean"
verify	Recover stopped G5 original compiler diagnostics	2026-10-07T16:45:16.7717660Z     ],
verify	Recover stopped G5 original compiler diagnostics	2026-10-07T16:45:16.7717765Z     "start_unix": 1791389673.7968404,
verify	Recover stopped G5 original compiler diagnostics	2026-10-07T16:45:16.7717860Z     "end_unix": 1791389676.6196024,
verify	Recover stopped G5 original compiler diagnostics	2026-10-07T16:45:16.7717945Z     "exit": 0,
verify	Recover stopped G5 original compiler diagnostics	2026-10-07T16:45:16.7718186Z     "log_sha256": "3a1d328dd3451eea80d85d84d3ac3fcdefcfb0b9dbd1d7c8b924183f7f5a1eb9"
verify	Recover stopped G5 original compiler diagnostics	2026-10-07T16:45:16.7718268Z   },
verify	Recover stopped G5 original compiler diagnostics	2026-10-07T16:45:16.7718342Z   {
verify	Recover stopped G5 original compiler diagnostics	2026-10-07T16:45:16.7718464Z     "name": "G4PathResolvedMeasurement",
verify	Recover stopped G5 original compiler diagnostics	2026-10-07T16:45:16.7718552Z     "command": [
verify	Recover stopped G5 original compiler diagnostics	2026-10-07T16:45:16.7718631Z       "lake",
verify	Recover stopped G5 original compiler diagnostics	2026-10-07T16:45:16.7718845Z       "env",
verify	Recover stopped G5 original compiler diagnostics	2026-10-07T16:45:16.7718925Z       "lean",
verify	Recover stopped G5 original compiler diagnostics	2026-10-07T16:45:16.7719013Z       "--trust=0",
verify	Recover stopped G5 original compiler diagnostics	2026-10-07T16:45:16.7719094Z       "-j1",
verify	Recover stopped G5 original compiler diagnostics	2026-10-07T16:45:16.7719184Z       "-M4096",
verify	Recover stopped G5 original compiler diagnostics	2026-10-07T16:45:16.7719262Z       "-R",
verify	Recover stopped G5 original compiler diagnostics	2026-10-07T16:45:16.7719408Z       "/home/runner/work/_temp/cloud-g5-build/Imported",
verify	Recover stopped G5 original compiler diagnostics	2026-10-07T16:45:16.7719494Z       "-o",
verify	Recover stopped G5 original compiler diagnostics	2026-10-07T16:45:16.7719794Z       "/home/runner/work/_temp/cloud-g5-build/.lake/build/lib/lean/G4PathResolvedMeasurement.olean",
verify	Recover stopped G5 original compiler diagnostics	2026-10-07T16:45:16.7719878Z       "-i",
verify	Recover stopped G5 original compiler diagnostics	2026-10-07T16:45:16.7720168Z       "/home/runner/work/_temp/cloud-g5-build/.lake/build/lib/lean/G4PathResolvedMeasurement.ilean",
verify	Recover stopped G5 original compiler diagnostics	2026-10-07T16:45:16.7720421Z       "/home/runner/work/_temp/cloud-g5-build/Imported/G4PathResolvedMeasurement.lean"
verify	Recover stopped G5 original compiler diagnostics	2026-10-07T16:45:16.7720497Z     ],
verify	Recover stopped G5 original compiler diagnostics	2026-10-07T16:45:16.7720600Z     "start_unix": 1791389676.621214,
verify	Recover stopped G5 original compiler diagnostics	2026-10-07T16:45:16.7720701Z     "end_unix": 1791389695.6260467,
verify	Recover stopped G5 original compiler diagnostics	2026-10-07T16:45:16.7720783Z     "exit": 0,
verify	Recover stopped G5 original compiler diagnostics	2026-10-07T16:45:16.7721025Z     "log_sha256": "39aa1a9b7d3a29684709fa2faff093d1f403ea79e6ea2910fa766eee4ce2ffd3"
verify	Recover stopped G5 original compiler diagnostics	2026-10-07T16:45:16.7721100Z   },
verify	Recover stopped G5 original compiler diagnostics	2026-10-07T16:45:16.7721181Z   {
verify	Recover stopped G5 original compiler diagnostics	2026-10-07T16:45:16.7721451Z     "name": "UnifiedLean.Source.NativeParentRouting",
verify	Recover stopped G5 original compiler diagnostics	2026-10-07T16:45:16.7721541Z     "command": [
verify	Recover stopped G5 original compiler diagnostics	2026-10-07T16:45:16.7721619Z       "lake",
verify	Recover stopped G5 original compiler diagnostics	2026-10-07T16:45:16.7721702Z       "env",
verify	Recover stopped G5 original compiler diagnostics	2026-10-07T16:45:16.7721785Z       "lean",
verify	Recover stopped G5 original compiler diagnostics	2026-10-07T16:45:16.7721867Z       "--trust=0",
verify	Recover stopped G5 original compiler diagnostics	2026-10-07T16:45:16.7721951Z       "-j1",
verify	Recover stopped G5 original compiler diagnostics	2026-10-07T16:45:16.7722031Z       "-M4096",
verify	Recover stopped G5 original compiler diagnostics	2026-10-07T16:45:16.7722116Z       "-R",
verify	Recover stopped G5 original compiler diagnostics	2026-10-07T16:45:16.7722238Z       "/home/runner/work/_temp/cloud-g5-build",
verify	Recover stopped G5 original compiler diagnostics	2026-10-07T16:45:16.7722321Z       "-o",
verify	Recover stopped G5 original compiler diagnostics	2026-10-07T16:45:16.7722666Z       "/home/runner/work/_temp/cloud-g5-build/.lake/build/lib/lean/UnifiedLean/Source/NativeParentRouting.olean",
verify	Recover stopped G5 original compiler diagnostics	2026-10-07T16:45:16.7722749Z       "-i",
verify	Recover stopped G5 original compiler diagnostics	2026-10-07T16:45:16.7723091Z       "/home/runner/work/_temp/cloud-g5-build/.lake/build/lib/lean/UnifiedLean/Source/NativeParentRouting.ilean",
verify	Recover stopped G5 original compiler diagnostics	2026-10-07T16:45:16.7723352Z       "/home/runner/work/_temp/cloud-g5-build/UnifiedLean/Source/NativeParentRouting.lean"
verify	Recover stopped G5 original compiler diagnostics	2026-10-07T16:45:16.7723436Z     ],
verify	Recover stopped G5 original compiler diagnostics	2026-10-07T16:45:16.7723533Z     "start_unix": 1791389695.6328924,
verify	Recover stopped G5 original compiler diagnostics	2026-10-07T16:45:16.7723635Z     "end_unix": 1791389699.054486,
verify	Recover stopped G5 original compiler diagnostics	2026-10-07T16:45:16.7723716Z     "exit": 0,
verify	Recover stopped G5 original compiler diagnostics	2026-10-07T16:45:16.7723947Z     "log_sha256": "66668f52fd9c3c330c919a3923d196142f81b4910f166f31ed3a84cf5b9d48d1"
verify	Recover stopped G5 original compiler diagnostics	2026-10-07T16:45:16.7724026Z   },
verify	Recover stopped G5 original compiler diagnostics	2026-10-07T16:45:16.7724098Z   {
verify	Recover stopped G5 original compiler diagnostics	2026-10-07T16:45:16.7724251Z     "name": "UnifiedLean.Source.NativePairClockLaw",
verify	Recover stopped G5 original compiler diagnostics	2026-10-07T16:45:16.7724332Z     "command": [
verify	Recover stopped G5 original compiler diagnostics	2026-10-07T16:45:16.7724415Z       "lake",
verify	Recover stopped G5 original compiler diagnostics	2026-10-07T16:45:16.7724492Z       "env",
verify	Recover stopped G5 original compiler diagnostics	2026-10-07T16:45:16.7724573Z       "lean",
verify	Recover stopped G5 original compiler diagnostics	2026-10-07T16:45:16.7724653Z       "--trust=0",
verify	Recover stopped G5 original compiler diagnostics	2026-10-07T16:45:16.7724736Z       "-j1",
verify	Recover stopped G5 original compiler diagnostics	2026-10-07T16:45:16.7724820Z       "-M4096",
verify	Recover stopped G5 original compiler diagnostics	2026-10-07T16:45:16.7724898Z       "-R",
verify	Recover stopped G5 original compiler diagnostics	2026-10-07T16:45:16.7725022Z       "/home/runner/work/_temp/cloud-g5-build",
verify	Recover stopped G5 original compiler diagnostics	2026-10-07T16:45:16.7725107Z       "-o",
verify	Recover stopped G5 original compiler diagnostics	2026-10-07T16:45:16.7725451Z       "/home/runner/work/_temp/cloud-g5-build/.lake/build/lib/lean/UnifiedLean/Source/NativePairClockLaw.olean",
verify	Recover stopped G5 original compiler diagnostics	2026-10-07T16:45:16.7725533Z       "-i",
verify	Recover stopped G5 original compiler diagnostics	2026-10-07T16:45:16.7725875Z       "/home/runner/work/_temp/cloud-g5-build/.lake/build/lib/lean/UnifiedLean/Source/NativePairClockLaw.ilean",
verify	Recover stopped G5 original compiler diagnostics	2026-10-07T16:45:16.7726128Z       "/home/runner/work/_temp/cloud-g5-build/UnifiedLean/Source/NativePairClockLaw.lean"
verify	Recover stopped G5 original compiler diagnostics	2026-10-07T16:45:16.7726204Z     ],
verify	Recover stopped G5 original compiler diagnostics	2026-10-07T16:45:16.7726303Z     "start_unix": 1791389699.0562558,
verify	Recover stopped G5 original compiler diagnostics	2026-10-07T16:45:16.7726396Z     "end_unix": 1791389702.477557,
verify	Recover stopped G5 original compiler diagnostics	2026-10-07T16:45:16.7726482Z     "exit": 0,
verify	Recover stopped G5 original compiler diagnostics	2026-10-07T16:45:16.7726721Z     "log_sha256": "fce55e5cce295cb816772a4fef52a4eb127ea7ef8820a7f4d392b284090ec6ab"
verify	Recover stopped G5 original compiler diagnostics	2026-10-07T16:45:16.7726800Z   },
verify	Recover stopped G5 original compiler diagnostics	2026-10-07T16:45:16.7726880Z   {
verify	Recover stopped G5 original compiler diagnostics	2026-10-07T16:45:16.7727163Z     "name": "UnifiedLean.Source.UniformizedSourceStep",
verify	Recover stopped G5 original compiler diagnostics	2026-10-07T16:45:16.7727255Z     "command": [
verify	Recover stopped G5 original compiler diagnostics	2026-10-07T16:45:16.7727464Z       "lake",
verify	Recover stopped G5 original compiler diagnostics	2026-10-07T16:45:16.7727547Z       "env",
verify	Recover stopped G5 original compiler diagnostics	2026-10-07T16:45:16.7727624Z       "lean",
verify	Recover stopped G5 original compiler diagnostics	2026-10-07T16:45:16.7727712Z       "--trust=0",
verify	Recover stopped G5 original compiler diagnostics	2026-10-07T16:45:16.7727795Z       "-j1",
verify	Recover stopped G5 original compiler diagnostics	2026-10-07T16:45:16.7727879Z       "-M4096",
verify	Recover stopped G5 original compiler diagnostics	2026-10-07T16:45:16.7727955Z       "-R",
verify	Recover stopped G5 original compiler diagnostics	2026-10-07T16:45:16.7728079Z       "/home/runner/work/_temp/cloud-g5-build",
verify	Recover stopped G5 original compiler diagnostics	2026-10-07T16:45:16.7728162Z       "-o",
verify	Recover stopped G5 original compiler diagnostics	2026-10-07T16:45:16.7728520Z       "/home/runner/work/_temp/cloud-g5-build/.lake/build/lib/lean/UnifiedLean/Source/UniformizedSourceStep.olean",
verify	Recover stopped G5 original compiler diagnostics	2026-10-07T16:45:16.7728606Z       "-i",
verify	Recover stopped G5 original compiler diagnostics	2026-10-07T16:45:16.7728951Z       "/home/runner/work/_temp/cloud-g5-build/.lake/build/lib/lean/UnifiedLean/Source/UniformizedSourceStep.ilean",
verify	Recover stopped G5 original compiler diagnostics	2026-10-07T16:45:16.7729222Z       "/home/runner/work/_temp/cloud-g5-build/UnifiedLean/Source/UniformizedSourceStep.lean"
verify	Recover stopped G5 original compiler diagnostics	2026-10-07T16:45:16.7729303Z     ],
verify	Recover stopped G5 original compiler diagnostics	2026-10-07T16:45:16.7729400Z     "start_unix": 1791389702.479755,
verify	Recover stopped G5 original compiler diagnostics	2026-10-07T16:45:16.7729500Z     "end_unix": 1791389706.0021544,
verify	Recover stopped G5 original compiler diagnostics	2026-10-07T16:45:16.7729583Z     "exit": 0,
verify	Recover stopped G5 original compiler diagnostics	2026-10-07T16:45:16.7730055Z     "log_sha256": "dc285ec7c00fe938d283b4c73fd9d57990326302bcc01bfc5ffcf82c79178017"
verify	Recover stopped G5 original compiler diagnostics	2026-10-07T16:45:16.7730371Z   },
verify	Recover stopped G5 original compiler diagnostics	2026-10-07T16:45:16.7730478Z   {
verify	Recover stopped G5 original compiler diagnostics	2026-10-07T16:45:16.7730646Z     "name": "G2SourceGraftDecoration",
verify	Recover stopped G5 original compiler diagnostics	2026-10-07T16:45:16.7735725Z     "command": [
verify	Recover stopped G5 original compiler diagnostics	2026-10-07T16:45:16.7735858Z       "lake",
verify	Recover stopped G5 original compiler diagnostics	2026-10-07T16:45:16.7735944Z       "env",
verify	Recover stopped G5 original compiler diagnostics	2026-10-07T16:45:16.7736023Z       "lean",
verify	Recover stopped G5 original compiler diagnostics	2026-10-07T16:45:16.7736116Z       "--trust=0",
verify	Recover stopped G5 original compiler diagnostics	2026-10-07T16:45:16.7736200Z       "-j1",
verify	Recover stopped G5 original compiler diagnostics	2026-10-07T16:45:16.7736280Z       "-M4096",
verify	Recover stopped G5 original compiler diagnostics	2026-10-07T16:45:16.7736363Z       "-R",
verify	Recover stopped G5 original compiler diagnostics	2026-10-07T16:45:16.7736523Z       "/home/runner/work/_temp/cloud-g5-build/TimedG2",
verify	Recover stopped G5 original compiler diagnostics	2026-10-07T16:45:16.7736607Z       "-o",
verify	Recover stopped G5 original compiler diagnostics	2026-10-07T16:45:16.7736924Z       "/home/runner/work/_temp/cloud-g5-build/.lake/build/lib/lean/G2SourceGraftDecoration.olean",
verify	Recover stopped G5 original compiler diagnostics	2026-10-07T16:45:16.7737259Z       "-i",
verify	Recover stopped G5 original compiler diagnostics	2026-10-07T16:45:16.7737559Z       "/home/runner/work/_temp/cloud-g5-build/.lake/build/lib/lean/G2SourceGraftDecoration.ilean",
verify	Recover stopped G5 original compiler diagnostics	2026-10-07T16:45:16.7737815Z       "/home/runner/work/_temp/cloud-g5-build/TimedG2/G2SourceGraftDecoration.lean"
verify	Recover stopped G5 original compiler diagnostics	2026-10-07T16:45:16.7737902Z     ],
verify	Recover stopped G5 original compiler diagnostics	2026-10-07T16:45:16.7738008Z     "start_unix": 1791389706.0040412,
verify	Recover stopped G5 original compiler diagnostics	2026-10-07T16:45:16.7738111Z     "end_unix": 1791389709.2748506,
verify	Recover stopped G5 original compiler diagnostics	2026-10-07T16:45:16.7738193Z     "exit": 0,
verify	Recover stopped G5 original compiler diagnostics	2026-10-07T16:45:16.7738448Z     "log_sha256": "fc6c795e102ee91ff951bf6b7a4de260a67ffeab942b9420f60939118305cd91"
verify	Recover stopped G5 original compiler diagnostics	2026-10-07T16:45:16.7738527Z   },
verify	Recover stopped G5 original compiler diagnostics	2026-10-07T16:45:16.7738607Z   {
verify	Recover stopped G5 original compiler diagnostics	2026-10-07T16:45:16.7738826Z     "name": "UnifiedLean.Source.SourceForestGeneratorIntertwining",
verify	Recover stopped G5 original compiler diagnostics	2026-10-07T16:45:16.7738912Z     "command": [
verify	Recover stopped G5 original compiler diagnostics	2026-10-07T16:45:16.7738996Z       "lake",
verify	Recover stopped G5 original compiler diagnostics	2026-10-07T16:45:16.7739075Z       "env",
verify	Recover stopped G5 original compiler diagnostics	2026-10-07T16:45:16.7739160Z       "lean",
verify	Recover stopped G5 original compiler diagnostics	2026-10-07T16:45:16.7739244Z       "--trust=0",
verify	Recover stopped G5 original compiler diagnostics	2026-10-07T16:45:16.7739328Z       "-j1",
verify	Recover stopped G5 original compiler diagnostics	2026-10-07T16:45:16.7739407Z       "-M4096",
verify	Recover stopped G5 original compiler diagnostics	2026-10-07T16:45:16.7739491Z       "-R",
verify	Recover stopped G5 original compiler diagnostics	2026-10-07T16:45:16.7739625Z       "/home/runner/work/_temp/cloud-g5-build",
verify	Recover stopped G5 original compiler diagnostics	2026-10-07T16:45:16.7739705Z       "-o",
verify	Recover stopped G5 original compiler diagnostics	2026-10-07T16:45:16.7740147Z       "/home/runner/work/_temp/cloud-g5-build/.lake/build/lib/lean/UnifiedLean/Source/SourceForestGeneratorIntertwining.olean",
verify	Recover stopped G5 original compiler diagnostics	2026-10-07T16:45:16.7740232Z       "-i",
verify	Recover stopped G5 original compiler diagnostics	2026-10-07T16:45:16.7740648Z       "/home/runner/work/_temp/cloud-g5-build/.lake/build/lib/lean/UnifiedLean/Source/SourceForestGeneratorIntertwining.ilean",
verify	Recover stopped G5 original compiler diagnostics	2026-10-07T16:45:16.7740979Z       "/home/runner/work/_temp/cloud-g5-build/UnifiedLean/Source/SourceForestGeneratorIntertwining.lean"
verify	Recover stopped G5 original compiler diagnostics	2026-10-07T16:45:16.7741061Z     ],
verify	Recover stopped G5 original compiler diagnostics	2026-10-07T16:45:16.7741170Z     "start_unix": 1791389709.2765498,
verify	Recover stopped G5 original compiler diagnostics	2026-10-07T16:45:16.7741267Z     "end_unix": 1791389711.3950155,
verify	Recover stopped G5 original compiler diagnostics	2026-10-07T16:45:16.7741355Z     "exit": 0,
verify	Recover stopped G5 original compiler diagnostics	2026-10-07T16:45:16.7741591Z     "log_sha256": "13ab703c41c27367158c0b98882b2f3b5d0004c88e1a50ec28fde6dd99318c08"
verify	Recover stopped G5 original compiler diagnostics	2026-10-07T16:45:16.7741672Z   },
verify	Recover stopped G5 original compiler diagnostics	2026-10-07T16:45:16.7741745Z   {
verify	Recover stopped G5 original compiler diagnostics	2026-10-07T16:45:16.7742137Z     "name": "UnifiedLean.Source.SourceForestIntrinsicGenerator",
verify	Recover stopped G5 original compiler diagnostics	2026-10-07T16:45:16.7742227Z     "command": [
verify	Recover stopped G5 original compiler diagnostics	2026-10-07T16:45:16.7742310Z       "lake",
verify	Recover stopped G5 original compiler diagnostics	2026-10-07T16:45:16.7742397Z       "env",
verify	Recover stopped G5 original compiler diagnostics	2026-10-07T16:45:16.7742473Z       "lean",
verify	Recover stopped G5 original compiler diagnostics	2026-10-07T16:45:16.7742559Z       "--trust=0",
verify	Recover stopped G5 original compiler diagnostics	2026-10-07T16:45:16.7742639Z       "-j1",
verify	Recover stopped G5 original compiler diagnostics	2026-10-07T16:45:16.7742723Z       "-M4096",
verify	Recover stopped G5 original compiler diagnostics	2026-10-07T16:45:16.7742800Z       "-R",
verify	Recover stopped G5 original compiler diagnostics	2026-10-07T16:45:16.7742931Z       "/home/runner/work/_temp/cloud-g5-build",
verify	Recover stopped G5 original compiler diagnostics	2026-10-07T16:45:16.7743009Z       "-o",
verify	Recover stopped G5 original compiler diagnostics	2026-10-07T16:45:16.7743418Z       "/home/runner/work/_temp/cloud-g5-build/.lake/build/lib/lean/UnifiedLean/Source/SourceForestIntrinsicGenerator.olean",
verify	Recover stopped G5 original compiler diagnostics	2026-10-07T16:45:16.7743504Z       "-i",
verify	Recover stopped G5 original compiler diagnostics	2026-10-07T16:45:16.7743892Z       "/home/runner/work/_temp/cloud-g5-build/.lake/build/lib/lean/UnifiedLean/Source/SourceForestIntrinsicGenerator.ilean",
verify	Recover stopped G5 original compiler diagnostics	2026-10-07T16:45:16.7744208Z       "/home/runner/work/_temp/cloud-g5-build/UnifiedLean/Source/SourceForestIntrinsicGenerator.lean"
verify	Recover stopped G5 original compiler diagnostics	2026-10-07T16:45:16.7744287Z     ],
verify	Recover stopped G5 original compiler diagnostics	2026-10-07T16:45:16.7744392Z     "start_unix": 1791389711.3968418,
verify	Recover stopped G5 original compiler diagnostics	2026-10-07T16:45:16.7744484Z     "end_unix": 1791389713.4190316,
verify	Recover stopped G5 original compiler diagnostics	2026-10-07T16:45:16.7744685Z     "exit": 0,
verify	Recover stopped G5 original compiler diagnostics	2026-10-07T16:45:16.7744934Z     "log_sha256": "381eaf55059d941b91553c2b560b5ca93cb4fbea826817f724fe1c9cf4def4a2"
verify	Recover stopped G5 original compiler diagnostics	2026-10-07T16:45:16.7745009Z   },
verify	Recover stopped G5 original compiler diagnostics	2026-10-07T16:45:16.7745086Z   {
verify	Recover stopped G5 original compiler diagnostics	2026-10-07T16:45:16.7745269Z     "name": "UnifiedLean.Source.SourceStepGeneratorBinding",
verify	Recover stopped G5 original compiler diagnostics	2026-10-07T16:45:16.7745360Z     "command": [
verify	Recover stopped G5 original compiler diagnostics	2026-10-07T16:45:16.7745438Z       "lake",
verify	Recover stopped G5 original compiler diagnostics	2026-10-07T16:45:16.7745521Z       "env",
verify	Recover stopped G5 original compiler diagnostics	2026-10-07T16:45:16.7745598Z       "lean",
verify	Recover stopped G5 original compiler diagnostics	2026-10-07T16:45:16.7745687Z       "--trust=0",
verify	Recover stopped G5 original compiler diagnostics	2026-10-07T16:45:16.7745775Z       "-j1",
verify	Recover stopped G5 original compiler diagnostics	2026-10-07T16:45:16.7745853Z       "-M4096",
verify	Recover stopped G5 original compiler diagnostics	2026-10-07T16:45:16.7745936Z       "-R",
verify	Recover stopped G5 original compiler diagnostics	2026-10-07T16:45:16.7746057Z       "/home/runner/work/_temp/cloud-g5-build",
verify	Recover stopped G5 original compiler diagnostics	2026-10-07T16:45:16.7746141Z       "-o",
verify	Recover stopped G5 original compiler diagnostics	2026-10-07T16:45:16.7746533Z       "/home/runner/work/_temp/cloud-g5-build/.lake/build/lib/lean/UnifiedLean/Source/SourceStepGeneratorBinding.olean",
verify	Recover stopped G5 original compiler diagnostics	2026-10-07T16:45:16.7746622Z       "-i",
verify	Recover stopped G5 original compiler diagnostics	2026-10-07T16:45:16.7747137Z       "/home/runner/work/_temp/cloud-g5-build/.lake/build/lib/lean/UnifiedLean/Source/SourceStepGeneratorBinding.ilean",
verify	Recover stopped G5 original compiler diagnostics	2026-10-07T16:45:16.7747463Z       "/home/runner/work/_temp/cloud-g5-build/UnifiedLean/Source/SourceStepGeneratorBinding.lean"
verify	Recover stopped G5 original compiler diagnostics	2026-10-07T16:45:16.7747545Z     ],
verify	Recover stopped G5 original compiler diagnostics	2026-10-07T16:45:16.7747643Z     "start_unix": 1791389713.4207542,
verify	Recover stopped G5 original compiler diagnostics	2026-10-07T16:45:16.7747744Z     "end_unix": 1791389716.8421624,
verify	Recover stopped G5 original compiler diagnostics	2026-10-07T16:45:16.7747824Z     "exit": 0,
verify	Recover stopped G5 original compiler diagnostics	2026-10-07T16:45:16.7748069Z     "log_sha256": "639930aaac97f91ae5d88fc12a5034a0d45dafc36a7a797bacb1039d2e34fdc5"
verify	Recover stopped G5 original compiler diagnostics	2026-10-07T16:45:16.7748147Z   },
verify	Recover stopped G5 original compiler diagnostics	2026-10-07T16:45:16.7748220Z   {
verify	Recover stopped G5 original compiler diagnostics	2026-10-07T16:45:16.7748420Z     "name": "UnifiedLean.Source.MatrixProjectionExponential",
verify	Recover stopped G5 original compiler diagnostics	2026-10-07T16:45:16.7748504Z     "command": [
verify	Recover stopped G5 original compiler diagnostics	2026-10-07T16:45:16.7748587Z       "lake",
verify	Recover stopped G5 original compiler diagnostics	2026-10-07T16:45:16.7748664Z       "env",
verify	Recover stopped G5 original compiler diagnostics	2026-10-07T16:45:16.7748752Z       "lean",
verify	Recover stopped G5 original compiler diagnostics	2026-10-07T16:45:16.7748834Z       "--trust=0",
verify	Recover stopped G5 original compiler diagnostics	2026-10-07T16:45:16.7748921Z       "-j1",
verify	Recover stopped G5 original compiler diagnostics	2026-10-07T16:45:16.7749000Z       "-M4096",
verify	Recover stopped G5 original compiler diagnostics	2026-10-07T16:45:16.7749085Z       "-R",
verify	Recover stopped G5 original compiler diagnostics	2026-10-07T16:45:16.7749213Z       "/home/runner/work/_temp/cloud-g5-build",
verify	Recover stopped G5 original compiler diagnostics	2026-10-07T16:45:16.7749291Z       "-o",
verify	Recover stopped G5 original compiler diagnostics	2026-10-07T16:45:16.7749696Z       "/home/runner/work/_temp/cloud-g5-build/.lake/build/lib/lean/UnifiedLean/Source/MatrixProjectionExponential.olean",
verify	Recover stopped G5 original compiler diagnostics	2026-10-07T16:45:16.7749775Z       "-i",
verify	Recover stopped G5 original compiler diagnostics	2026-10-07T16:45:16.7750164Z       "/home/runner/work/_temp/cloud-g5-build/.lake/build/lib/lean/UnifiedLean/Source/MatrixProjectionExponential.ilean",
verify	Recover stopped G5 original compiler diagnostics	2026-10-07T16:45:16.7750466Z       "/home/runner/work/_temp/cloud-g5-build/UnifiedLean/Source/MatrixProjectionExponential.lean"
verify	Recover stopped G5 original compiler diagnostics	2026-10-07T16:45:16.7750549Z     ],
verify	Recover stopped G5 original compiler diagnostics	2026-10-07T16:45:16.7750651Z     "start_unix": 1791389716.843893,
verify	Recover stopped G5 original compiler diagnostics	2026-10-07T16:45:16.7750744Z     "end_unix": 1791389720.0146616,
verify	Recover stopped G5 original compiler diagnostics	2026-10-07T16:45:16.7750830Z     "exit": 0,
verify	Recover stopped G5 original compiler diagnostics	2026-10-07T16:45:16.7751074Z     "log_sha256": "47deb8e9780af82ab7be6bebe5133a149bdb1e0b7ec006c299cb898952db9b85"
verify	Recover stopped G5 original compiler diagnostics	2026-10-07T16:45:16.7751284Z   },
verify	Recover stopped G5 original compiler diagnostics	2026-10-07T16:45:16.7751360Z   {
verify	Recover stopped G5 original compiler diagnostics	2026-10-07T16:45:16.7751534Z     "name": "UnifiedLean.Source.SourceFiniteProjection",
verify	Recover stopped G5 original compiler diagnostics	2026-10-07T16:45:16.7751619Z     "command": [
verify	Recover stopped G5 original compiler diagnostics	2026-10-07T16:45:16.7751699Z       "lake",
verify	Recover stopped G5 original compiler diagnostics	2026-10-07T16:45:16.7751779Z       "env",
verify	Recover stopped G5 original compiler diagnostics	2026-10-07T16:45:16.7751855Z       "lean",
verify	Recover stopped G5 original compiler diagnostics	2026-10-07T16:45:16.7751941Z       "--trust=0",
verify	Recover stopped G5 original compiler diagnostics	2026-10-07T16:45:16.7752018Z       "-j1",
verify	Recover stopped G5 original compiler diagnostics	2026-10-07T16:45:16.7752104Z       "-M4096",
verify	Recover stopped G5 original compiler diagnostics	2026-10-07T16:45:16.7752179Z       "-R",
verify	Recover stopped G5 original compiler diagnostics	2026-10-07T16:45:16.7752302Z       "/home/runner/work/_temp/cloud-g5-build",
verify	Recover stopped G5 original compiler diagnostics	2026-10-07T16:45:16.7752385Z       "-o",
verify	Recover stopped G5 original compiler diagnostics	2026-10-07T16:45:16.7752746Z       "/home/runner/work/_temp/cloud-g5-build/.lake/build/lib/lean/UnifiedLean/Source/SourceFiniteProjection.olean",
verify	Recover stopped G5 original compiler diagnostics	2026-10-07T16:45:16.7752829Z       "-i",
verify	Recover stopped G5 original compiler diagnostics	2026-10-07T16:45:16.7753175Z       "/home/runner/work/_temp/cloud-g5-build/.lake/build/lib/lean/UnifiedLean/Source/SourceFiniteProjection.ilean",
verify	Recover stopped G5 original compiler diagnostics	2026-10-07T16:45:16.7753460Z       "/home/runner/work/_temp/cloud-g5-build/UnifiedLean/Source/SourceFiniteProjection.lean"
verify	Recover stopped G5 original compiler diagnostics	2026-10-07T16:45:16.7753537Z     ],
verify	Recover stopped G5 original compiler diagnostics	2026-10-07T16:45:16.7753751Z     "start_unix": 1791389720.0164764,
verify	Recover stopped G5 original compiler diagnostics	2026-10-07T16:45:16.7753848Z     "end_unix": 1791389723.387544,
verify	Recover stopped G5 original compiler diagnostics	2026-10-07T16:45:16.7753930Z     "exit": 0,
verify	Recover stopped G5 original compiler diagnostics	2026-10-07T16:45:16.7754165Z     "log_sha256": "03eeb639b6e74ac75fa578881b59878b6fd6829b08734b5e1d7a677295a1f9e3"
verify	Recover stopped G5 original compiler diagnostics	2026-10-07T16:45:16.7754239Z   },
verify	Recover stopped G5 original compiler diagnostics	2026-10-07T16:45:16.7754321Z   {
verify	Recover stopped G5 original compiler diagnostics	2026-10-07T16:45:16.7754474Z     "name": "UnifiedLean.Source.SourcePoissonKernel",
verify	Recover stopped G5 original compiler diagnostics	2026-10-07T16:45:16.7754562Z     "command": [
verify	Recover stopped G5 original compiler diagnostics	2026-10-07T16:45:16.7754640Z       "lake",
verify	Recover stopped G5 original compiler diagnostics	2026-10-07T16:45:16.7754724Z       "env",
verify	Recover stopped G5 original compiler diagnostics	2026-10-07T16:45:16.7754806Z       "lean",
verify	Recover stopped G5 original compiler diagnostics	2026-10-07T16:45:16.7754888Z       "--trust=0",
verify	Recover stopped G5 original compiler diagnostics	2026-10-07T16:45:16.7754973Z       "-j1",
verify	Recover stopped G5 original compiler diagnostics	2026-10-07T16:45:16.7755051Z       "-M4096",
verify	Recover stopped G5 original compiler diagnostics	2026-10-07T16:45:16.7755138Z       "-R",
verify	Recover stopped G5 original compiler diagnostics	2026-10-07T16:45:16.7755255Z       "/home/runner/work/_temp/cloud-g5-build",
verify	Recover stopped G5 original compiler diagnostics	2026-10-07T16:45:16.7755341Z       "-o",
verify	Recover stopped G5 original compiler diagnostics	2026-10-07T16:45:16.7755693Z       "/home/runner/work/_temp/cloud-g5-build/.lake/build/lib/lean/UnifiedLean/Source/SourcePoissonKernel.olean",
verify	Recover stopped G5 original compiler diagnostics	2026-10-07T16:45:16.7755780Z       "-i",
verify	Recover stopped G5 original compiler diagnostics	2026-10-07T16:45:16.7756121Z       "/home/runner/work/_temp/cloud-g5-build/.lake/build/lib/lean/UnifiedLean/Source/SourcePoissonKernel.ilean",
verify	Recover stopped G5 original compiler diagnostics	2026-10-07T16:45:16.7756379Z       "/home/runner/work/_temp/cloud-g5-build/UnifiedLean/Source/SourcePoissonKernel.lean"
verify	Recover stopped G5 original compiler diagnostics	2026-10-07T16:45:16.7756459Z     ],
verify	Recover stopped G5 original compiler diagnostics	2026-10-07T16:45:16.7756556Z     "start_unix": 1791389723.389272,
verify	Recover stopped G5 original compiler diagnostics	2026-10-07T16:45:16.7756652Z     "end_unix": 1791389726.5111573,
verify	Recover stopped G5 original compiler diagnostics	2026-10-07T16:45:16.7756732Z     "exit": 0,
verify	Recover stopped G5 original compiler diagnostics	2026-10-07T16:45:16.7757101Z     "log_sha256": "4ab2374dc12a6ec9dcb552f393f68c1a5e973ddffc308fa48d08a6979ca01515"
verify	Recover stopped G5 original compiler diagnostics	2026-10-07T16:45:16.7757184Z   },
verify	Recover stopped G5 original compiler diagnostics	2026-10-07T16:45:16.7757257Z   {
verify	Recover stopped G5 original compiler diagnostics	2026-10-07T16:45:16.7757443Z     "name": "UnifiedLean.Source.SourceGeneratorExponential",
verify	Recover stopped G5 original compiler diagnostics	2026-10-07T16:45:16.7757525Z     "command": [
verify	Recover stopped G5 original compiler diagnostics	2026-10-07T16:45:16.7757611Z       "lake",
verify	Recover stopped G5 original compiler diagnostics	2026-10-07T16:45:16.7757688Z       "env",
verify	Recover stopped G5 original compiler diagnostics	2026-10-07T16:45:16.7757769Z       "lean",
verify	Recover stopped G5 original compiler diagnostics	2026-10-07T16:45:16.7757851Z       "--trust=0",
verify	Recover stopped G5 original compiler diagnostics	2026-10-07T16:45:16.7757938Z       "-j1",
verify	Recover stopped G5 original compiler diagnostics	2026-10-07T16:45:16.7758024Z       "-M4096",
verify	Recover stopped G5 original compiler diagnostics	2026-10-07T16:45:16.7758100Z       "-R",
verify	Recover stopped G5 original compiler diagnostics	2026-10-07T16:45:16.7758224Z       "/home/runner/work/_temp/cloud-g5-build",
verify	Recover stopped G5 original compiler diagnostics	2026-10-07T16:45:16.7758301Z       "-o",
verify	Recover stopped G5 original compiler diagnostics	2026-10-07T16:45:16.7758679Z       "/home/runner/work/_temp/cloud-g5-build/.lake/build/lib/lean/UnifiedLean/Source/SourceGeneratorExponential.olean",
verify	Recover stopped G5 original compiler diagnostics	2026-10-07T16:45:16.7758756Z       "-i",
verify	Recover stopped G5 original compiler diagnostics	2026-10-07T16:45:16.7759126Z       "/home/runner/work/_temp/cloud-g5-build/.lake/build/lib/lean/UnifiedLean/Source/SourceGeneratorExponential.ilean",
verify	Recover stopped G5 original compiler diagnostics	2026-10-07T16:45:16.7759420Z       "/home/runner/work/_temp/cloud-g5-build/UnifiedLean/Source/SourceGeneratorExponential.lean"
verify	Recover stopped G5 original compiler diagnostics	2026-10-07T16:45:16.7759494Z     ],
verify	Recover stopped G5 original compiler diagnostics	2026-10-07T16:45:16.7759596Z     "start_unix": 1791389726.5130422,
verify	Recover stopped G5 original compiler diagnostics	2026-10-07T16:45:16.7759825Z     "end_unix": 1791389729.684152,
verify	Recover stopped G5 original compiler diagnostics	2026-10-07T16:45:16.7759911Z     "exit": 0,
verify	Recover stopped G5 original compiler diagnostics	2026-10-07T16:45:16.7760144Z     "log_sha256": "9f7be220015bcaa23cac6e4dab4b6545500cd24429b9a0b0e111027bbf31af74"
verify	Recover stopped G5 original compiler diagnostics	2026-10-07T16:45:16.7760229Z   },
verify	Recover stopped G5 original compiler diagnostics	2026-10-07T16:45:16.7760302Z   {
verify	Recover stopped G5 original compiler diagnostics	2026-10-07T16:45:16.7760479Z     "name": "UnifiedLean.Source.SourcePoissonExponential",
verify	Recover stopped G5 original compiler diagnostics	2026-10-07T16:45:16.7760570Z     "command": [
verify	Recover stopped G5 original compiler diagnostics	2026-10-07T16:45:16.7760649Z       "lake",
verify	Recover stopped G5 original compiler diagnostics	2026-10-07T16:45:16.7760732Z       "env",
verify	Recover stopped G5 original compiler diagnostics	2026-10-07T16:45:16.7760808Z       "lean",
verify	Recover stopped G5 original compiler diagnostics	2026-10-07T16:45:16.7760895Z       "--trust=0",
verify	Recover stopped G5 original compiler diagnostics	2026-10-07T16:45:16.7760972Z       "-j1",
verify	Recover stopped G5 original compiler diagnostics	2026-10-07T16:45:16.7761058Z       "-M4096",
verify	Recover stopped G5 original compiler diagnostics	2026-10-07T16:45:16.7761135Z       "-R",
verify	Recover stopped G5 original compiler diagnostics	2026-10-07T16:45:16.7761256Z       "/home/runner/work/_temp/cloud-g5-build",
verify	Recover stopped G5 original compiler diagnostics	2026-10-07T16:45:16.7761337Z       "-o",
verify	Recover stopped G5 original compiler diagnostics	2026-10-07T16:45:16.7761705Z       "/home/runner/work/_temp/cloud-g5-build/.lake/build/lib/lean/UnifiedLean/Source/SourcePoissonExponential.olean",
verify	Recover stopped G5 original compiler diagnostics	2026-10-07T16:45:16.7761788Z       "-i",
verify	Recover stopped G5 original compiler diagnostics	2026-10-07T16:45:16.7762148Z       "/home/runner/work/_temp/cloud-g5-build/.lake/build/lib/lean/UnifiedLean/Source/SourcePoissonExponential.ilean",
verify	Recover stopped G5 original compiler diagnostics	2026-10-07T16:45:16.7762435Z       "/home/runner/work/_temp/cloud-g5-build/UnifiedLean/Source/SourcePoissonExponential.lean"
verify	Recover stopped G5 original compiler diagnostics	2026-10-07T16:45:16.7762648Z     ],
verify	Recover stopped G5 original compiler diagnostics	2026-10-07T16:45:16.7762749Z     "start_unix": 1791389729.6858058,
verify	Recover stopped G5 original compiler diagnostics	2026-10-07T16:45:16.7762846Z     "end_unix": 1791389733.1573493,
verify	Recover stopped G5 original compiler diagnostics	2026-10-07T16:45:16.7762927Z     "exit": 0,
verify	Recover stopped G5 original compiler diagnostics	2026-10-07T16:45:16.7763174Z     "log_sha256": "f5e21e3dff34b6ad5c40fb34ae33e8c75f0c223f9bd577d273c8eb53d4322e1f"
verify	Recover stopped G5 original compiler diagnostics	2026-10-07T16:45:16.7763248Z   },
verify	Recover stopped G5 original compiler diagnostics	2026-10-07T16:45:16.7763330Z   {
verify	Recover stopped G5 original compiler diagnostics	2026-10-07T16:45:16.7763486Z     "name": "UnifiedLean.Source.SourceEpochSemigroup",
verify	Recover stopped G5 original compiler diagnostics	2026-10-07T16:45:16.7763582Z     "command": [
verify	Recover stopped G5 original compiler diagnostics	2026-10-07T16:45:16.7763669Z       "lake",
verify	Recover stopped G5 original compiler diagnostics	2026-10-07T16:45:16.7763746Z       "env",
verify	Recover stopped G5 original compiler diagnostics	2026-10-07T16:45:16.7763832Z       "lean",
verify	Recover stopped G5 original compiler diagnostics	2026-10-07T16:45:16.7763915Z       "--trust=0",
verify	Recover stopped G5 original compiler diagnostics	2026-10-07T16:45:16.7764000Z       "-j1",
verify	Recover stopped G5 original compiler diagnostics	2026-10-07T16:45:16.7764084Z       "-M4096",
verify	Recover stopped G5 original compiler diagnostics	2026-10-07T16:45:16.7764169Z       "-R",
verify	Recover stopped G5 original compiler diagnostics	2026-10-07T16:45:16.7764287Z       "/home/runner/work/_temp/cloud-g5-build",
verify	Recover stopped G5 original compiler diagnostics	2026-10-07T16:45:16.7764368Z       "-o",
verify	Recover stopped G5 original compiler diagnostics	2026-10-07T16:45:16.7764720Z       "/home/runner/work/_temp/cloud-g5-build/.lake/build/lib/lean/UnifiedLean/Source/SourceEpochSemigroup.olean",
verify	Recover stopped G5 original compiler diagnostics	2026-10-07T16:45:16.7764805Z       "-i",
verify	Recover stopped G5 original compiler diagnostics	2026-10-07T16:45:16.7765152Z       "/home/runner/work/_temp/cloud-g5-build/.lake/build/lib/lean/UnifiedLean/Source/SourceEpochSemigroup.ilean",
verify	Recover stopped G5 original compiler diagnostics	2026-10-07T16:45:16.7765416Z       "/home/runner/work/_temp/cloud-g5-build/UnifiedLean/Source/SourceEpochSemigroup.lean"
verify	Recover stopped G5 original compiler diagnostics	2026-10-07T16:45:16.7765497Z     ],
verify	Recover stopped G5 original compiler diagnostics	2026-10-07T16:45:16.7765594Z     "start_unix": 1791389733.159196,
verify	Recover stopped G5 original compiler diagnostics	2026-10-07T16:45:16.7765689Z     "end_unix": 1791389736.4325204,
verify	Recover stopped G5 original compiler diagnostics	2026-10-07T16:45:16.7765774Z     "exit": 0,
verify	Recover stopped G5 original compiler diagnostics	2026-10-07T16:45:16.7766016Z     "log_sha256": "4a95d1361a2aed25fbf707daf634dd249b3ec14849d79cc5e3ebb8b2b3041eb8"
verify	Recover stopped G5 original compiler diagnostics	2026-10-07T16:45:16.7766096Z   },
verify	Recover stopped G5 original compiler diagnostics	2026-10-07T16:45:16.7766169Z   {
verify	Recover stopped G5 original compiler diagnostics	2026-10-07T16:45:16.7766356Z     "name": "UnifiedLean.Source.SourceCalendarCompatibility",
verify	Recover stopped G5 original compiler diagnostics	2026-10-07T16:45:16.7766439Z     "command": [
verify	Recover stopped G5 original compiler diagnostics	2026-10-07T16:45:16.7766522Z       "lake",
verify	Recover stopped G5 original compiler diagnostics	2026-10-07T16:45:16.7766602Z       "env",
verify	Recover stopped G5 original compiler diagnostics	2026-10-07T16:45:16.7766686Z       "lean",
verify	Recover stopped G5 original compiler diagnostics	2026-10-07T16:45:16.7766772Z       "--trust=0",
verify	Recover stopped G5 original compiler diagnostics	2026-10-07T16:45:16.7766849Z       "-j1",
verify	Recover stopped G5 original compiler diagnostics	2026-10-07T16:45:16.7766932Z       "-M4096",
verify	Recover stopped G5 original compiler diagnostics	2026-10-07T16:45:16.7767124Z       "-R",
verify	Recover stopped G5 original compiler diagnostics	2026-10-07T16:45:16.7767246Z       "/home/runner/work/_temp/cloud-g5-build",
verify	Recover stopped G5 original compiler diagnostics	2026-10-07T16:45:16.7767324Z       "-o",
verify	Recover stopped G5 original compiler diagnostics	2026-10-07T16:45:16.7767710Z       "/home/runner/work/_temp/cloud-g5-build/.lake/build/lib/lean/UnifiedLean/Source/SourceCalendarCompatibility.olean",
verify	Recover stopped G5 original compiler diagnostics	2026-10-07T16:45:16.7767787Z       "-i",
verify	Recover stopped G5 original compiler diagnostics	2026-10-07T16:45:16.7768164Z       "/home/runner/work/_temp/cloud-g5-build/.lake/build/lib/lean/UnifiedLean/Source/SourceCalendarCompatibility.ilean",
verify	Recover stopped G5 original compiler diagnostics	2026-10-07T16:45:16.7768459Z       "/home/runner/work/_temp/cloud-g5-build/UnifiedLean/Source/SourceCalendarCompatibility.lean"
verify	Recover stopped G5 original compiler diagnostics	2026-10-07T16:45:16.7768668Z     ],
verify	Recover stopped G5 original compiler diagnostics	2026-10-07T16:45:16.7768769Z     "start_unix": 1791389736.434368,
verify	Recover stopped G5 original compiler diagnostics	2026-10-07T16:45:16.7768862Z     "end_unix": 1791389739.655107,
verify	Recover stopped G5 original compiler diagnostics	2026-10-07T16:45:16.7768950Z     "exit": 0,
verify	Recover stopped G5 original compiler diagnostics	2026-10-07T16:45:16.7769179Z     "log_sha256": "2c13ce207f94dd146844610b9678edb95a61dd6e7cf6b64f2a39426bacfe0fe5"
verify	Recover stopped G5 original compiler diagnostics	2026-10-07T16:45:16.7769259Z   },
verify	Recover stopped G5 original compiler diagnostics	2026-10-07T16:45:16.7769340Z   {
verify	Recover stopped G5 original compiler diagnostics	2026-10-07T16:45:16.7769518Z     "name": "UnifiedLean.Source.SourceForestPulseTransport",
verify	Recover stopped G5 original compiler diagnostics	2026-10-07T16:45:16.7769605Z     "command": [
verify	Recover stopped G5 original compiler diagnostics	2026-10-07T16:45:16.7769683Z       "lake",
verify	Recover stopped G5 original compiler diagnostics	2026-10-07T16:45:16.7769765Z       "env",
verify	Recover stopped G5 original compiler diagnostics	2026-10-07T16:45:16.7769842Z       "lean",
verify	Recover stopped G5 original compiler diagnostics	2026-10-07T16:45:16.7769929Z       "--trust=0",
verify	Recover stopped G5 original compiler diagnostics	2026-10-07T16:45:16.7770007Z       "-j1",
verify	Recover stopped G5 original compiler diagnostics	2026-10-07T16:45:16.7770091Z       "-M4096",
verify	Recover stopped G5 original compiler diagnostics	2026-10-07T16:45:16.7770172Z       "-R",
verify	Recover stopped G5 original compiler diagnostics	2026-10-07T16:45:16.7770286Z       "/home/runner/work/_temp/cloud-g5-build",
verify	Recover stopped G5 original compiler diagnostics	2026-10-07T16:45:16.7770369Z       "-o",
verify	Recover stopped G5 original compiler diagnostics	2026-10-07T16:45:16.7770743Z       "/home/runner/work/_temp/cloud-g5-build/.lake/build/lib/lean/UnifiedLean/Source/SourceForestPulseTransport.olean",
verify	Recover stopped G5 original compiler diagnostics	2026-10-07T16:45:16.7770832Z       "-i",
verify	Recover stopped G5 original compiler diagnostics	2026-10-07T16:45:16.7771199Z       "/home/runner/work/_temp/cloud-g5-build/.lake/build/lib/lean/UnifiedLean/Source/SourceForestPulseTransport.ilean",
verify	Recover stopped G5 original compiler diagnostics	2026-10-07T16:45:16.7771604Z       "/home/runner/work/_temp/cloud-g5-build/UnifiedLean/Source/SourceForestPulseTransport.lean"
verify	Recover stopped G5 original compiler diagnostics	2026-10-07T16:45:16.7771685Z     ],
verify	Recover stopped G5 original compiler diagnostics	2026-10-07T16:45:16.7771778Z     "start_unix": 1791389739.656967,
verify	Recover stopped G5 original compiler diagnostics	2026-10-07T16:45:16.7771875Z     "end_unix": 1791389741.875634,
verify	Recover stopped G5 original compiler diagnostics	2026-10-07T16:45:16.7771955Z     "exit": 0,
verify	Recover stopped G5 original compiler diagnostics	2026-10-07T16:45:16.7772200Z     "log_sha256": "0117db13bdb95c5ccb6f610ee2fb0e1b62bea55704cafa2b193547af673687a6"
verify	Recover stopped G5 original compiler diagnostics	2026-10-07T16:45:16.7772274Z   },
verify	Recover stopped G5 original compiler diagnostics	2026-10-07T16:45:16.7772354Z   {
verify	Recover stopped G5 original compiler diagnostics	2026-10-07T16:45:16.7772521Z     "name": "UnifiedLean.Source.SourceForestPulseMeasure",
verify	Recover stopped G5 original compiler diagnostics	2026-10-07T16:45:16.7772610Z     "command": [
verify	Recover stopped G5 original compiler diagnostics	2026-10-07T16:45:16.7772694Z       "lake",
verify	Recover stopped G5 original compiler diagnostics	2026-10-07T16:45:16.7772777Z       "env",
verify	Recover stopped G5 original compiler diagnostics	2026-10-07T16:45:16.7772862Z       "lean",
verify	Recover stopped G5 original compiler diagnostics	2026-10-07T16:45:16.7772945Z       "--trust=0",
verify	Recover stopped G5 original compiler diagnostics	2026-10-07T16:45:16.7773026Z       "-j1",
verify	Recover stopped G5 original compiler diagnostics	2026-10-07T16:45:16.7773106Z       "-M4096",
verify	Recover stopped G5 original compiler diagnostics	2026-10-07T16:45:16.7773192Z       "-R",
verify	Recover stopped G5 original compiler diagnostics	2026-10-07T16:45:16.7773309Z       "/home/runner/work/_temp/cloud-g5-build",
verify	Recover stopped G5 original compiler diagnostics	2026-10-07T16:45:16.7773391Z       "-o",
verify	Recover stopped G5 original compiler diagnostics	2026-10-07T16:45:16.7773757Z       "/home/runner/work/_temp/cloud-g5-build/.lake/build/lib/lean/UnifiedLean/Source/SourceForestPulseMeasure.olean",
verify	Recover stopped G5 original compiler diagnostics	2026-10-07T16:45:16.7773837Z       "-i",
verify	Recover stopped G5 original compiler diagnostics	2026-10-07T16:45:16.7774197Z       "/home/runner/work/_temp/cloud-g5-build/.lake/build/lib/lean/UnifiedLean/Source/SourceForestPulseMeasure.ilean",
verify	Recover stopped G5 original compiler diagnostics	2026-10-07T16:45:16.7774478Z       "/home/runner/work/_temp/cloud-g5-build/UnifiedLean/Source/SourceForestPulseMeasure.lean"
verify	Recover stopped G5 original compiler diagnostics	2026-10-07T16:45:16.7774560Z     ],
verify	Recover stopped G5 original compiler diagnostics	2026-10-07T16:45:16.7774658Z     "start_unix": 1791389741.8775396,
verify	Recover stopped G5 original compiler diagnostics	2026-10-07T16:45:16.7774757Z     "end_unix": 1791389744.5473711,
verify	Recover stopped G5 original compiler diagnostics	2026-10-07T16:45:16.7774843Z     "exit": 0,
verify	Recover stopped G5 original compiler diagnostics	2026-10-07T16:45:16.7775068Z     "log_sha256": "94ae0c226c45a80056a0617962818bef7aa074ef4ebfe19078b50c0034306ae8"
verify	Recover stopped G5 original compiler diagnostics	2026-10-07T16:45:16.7775151Z   },
verify	Recover stopped G5 original compiler diagnostics	2026-10-07T16:45:16.7775223Z   {
verify	Recover stopped G5 original compiler diagnostics	2026-10-07T16:45:16.7775398Z     "name": "UnifiedLean.Source.SourceForestCommonPulse",
verify	Recover stopped G5 original compiler diagnostics	2026-10-07T16:45:16.7775483Z     "command": [
verify	Recover stopped G5 original compiler diagnostics	2026-10-07T16:45:16.7775568Z       "lake",
verify	Recover stopped G5 original compiler diagnostics	2026-10-07T16:45:16.7775646Z       "env",
verify	Recover stopped G5 original compiler diagnostics	2026-10-07T16:45:16.7775729Z       "lean",
verify	Recover stopped G5 original compiler diagnostics	2026-10-07T16:45:16.7775817Z       "--trust=0",
verify	Recover stopped G5 original compiler diagnostics	2026-10-07T16:45:16.7775895Z       "-j1",
verify	Recover stopped G5 original compiler diagnostics	2026-10-07T16:45:16.7775987Z       "-M4096",
verify	Recover stopped G5 original compiler diagnostics	2026-10-07T16:45:16.7776065Z       "-R",
verify	Recover stopped G5 original compiler diagnostics	2026-10-07T16:45:16.7776189Z       "/home/runner/work/_temp/cloud-g5-build",
verify	Recover stopped G5 original compiler diagnostics	2026-10-07T16:45:16.7776267Z       "-o",
verify	Recover stopped G5 original compiler diagnostics	2026-10-07T16:45:16.7776627Z       "/home/runner/work/_temp/cloud-g5-build/.lake/build/lib/lean/UnifiedLean/Source/SourceForestCommonPulse.olean",
verify	Recover stopped G5 original compiler diagnostics	2026-10-07T16:45:16.7776710Z       "-i",
verify	Recover stopped G5 original compiler diagnostics	2026-10-07T16:45:16.7777240Z       "/home/runner/work/_temp/cloud-g5-build/.lake/build/lib/lean/UnifiedLean/Source/SourceForestCommonPulse.ilean",
verify	Recover stopped G5 original compiler diagnostics	2026-10-07T16:45:16.7777677Z       "/home/runner/work/_temp/cloud-g5-build/UnifiedLean/Source/SourceForestCommonPulse.lean"
verify	Recover stopped G5 original compiler diagnostics	2026-10-07T16:45:16.7777753Z     ],
verify	Recover stopped G5 original compiler diagnostics	2026-10-07T16:45:16.7777861Z     "start_unix": 1791389744.5494223,
verify	Recover stopped G5 original compiler diagnostics	2026-10-07T16:45:16.7777955Z     "end_unix": 1791389746.3676414,
verify	Recover stopped G5 original compiler diagnostics	2026-10-07T16:45:16.7778041Z     "exit": 0,
verify	Recover stopped G5 original compiler diagnostics	2026-10-07T16:45:16.7778283Z     "log_sha256": "7b8aded7c2331926fabd2760aea65c0dbd892d86a3d86ec5f32ba30c700543ed"
verify	Recover stopped G5 original compiler diagnostics	2026-10-07T16:45:16.7778364Z   },
verify	Recover stopped G5 original compiler diagnostics	2026-10-07T16:45:16.7778444Z   {
verify	Recover stopped G5 original compiler diagnostics	2026-10-07T16:45:16.7778601Z     "name": "UnifiedLean.Source.SourceBoundaryKernels",
verify	Recover stopped G5 original compiler diagnostics	2026-10-07T16:45:16.7778688Z     "command": [
verify	Recover stopped G5 original compiler diagnostics	2026-10-07T16:45:16.7778767Z       "lake",
verify	Recover stopped G5 original compiler diagnostics	2026-10-07T16:45:16.7778849Z       "env",
verify	Recover stopped G5 original compiler diagnostics	2026-10-07T16:45:16.7778928Z       "lean",
verify	Recover stopped G5 original compiler diagnostics	2026-10-07T16:45:16.7779015Z       "--trust=0",
verify	Recover stopped G5 original compiler diagnostics	2026-10-07T16:45:16.7779098Z       "-j1",
verify	Recover stopped G5 original compiler diagnostics	2026-10-07T16:45:16.7779176Z       "-M4096",
verify	Recover stopped G5 original compiler diagnostics	2026-10-07T16:45:16.7779258Z       "-R",
verify	Recover stopped G5 original compiler diagnostics	2026-10-07T16:45:16.7779373Z       "/home/runner/work/_temp/cloud-g5-build",
verify	Recover stopped G5 original compiler diagnostics	2026-10-07T16:45:16.7779459Z       "-o",
verify	Recover stopped G5 original compiler diagnostics	2026-10-07T16:45:16.7779826Z       "/home/runner/work/_temp/cloud-g5-build/.lake/build/lib/lean/UnifiedLean/Source/SourceBoundaryKernels.olean",
verify	Recover stopped G5 original compiler diagnostics	2026-10-07T16:45:16.7780017Z       "-i",
verify	Recover stopped G5 original compiler diagnostics	2026-10-07T16:45:16.7780368Z       "/home/runner/work/_temp/cloud-g5-build/.lake/build/lib/lean/UnifiedLean/Source/SourceBoundaryKernels.ilean",
verify	Recover stopped G5 original compiler diagnostics	2026-10-07T16:45:16.7780632Z       "/home/runner/work/_temp/cloud-g5-build/UnifiedLean/Source/SourceBoundaryKernels.lean"
verify	Recover stopped G5 original compiler diagnostics	2026-10-07T16:45:16.7780713Z     ],
verify	Recover stopped G5 original compiler diagnostics	2026-10-07T16:45:16.7780812Z     "start_unix": 1791389746.3694992,
verify	Recover stopped G5 original compiler diagnostics	2026-10-07T16:45:16.7780909Z     "end_unix": 1791389749.8409207,
verify	Recover stopped G5 original compiler diagnostics	2026-10-07T16:45:16.7780991Z     "exit": 0,
verify	Recover stopped G5 original compiler diagnostics	2026-10-07T16:45:16.7781222Z     "log_sha256": "3278de1ee31a8540d3025e91ff66e0469a5e3205618c4ebadff366b282ff7d90"
verify	Recover stopped G5 original compiler diagnostics	2026-10-07T16:45:16.7781300Z   },
verify	Recover stopped G5 original compiler diagnostics	2026-10-07T16:45:16.7781372Z   {
verify	Recover stopped G5 original compiler diagnostics	2026-10-07T16:45:16.7781543Z     "name": "UnifiedLean.Source.SourceBoundaryProjection",
verify	Recover stopped G5 original compiler diagnostics	2026-10-07T16:45:16.7781629Z     "command": [
verify	Recover stopped G5 original compiler diagnostics	2026-10-07T16:45:16.7781712Z       "lake",
verify	Recover stopped G5 original compiler diagnostics	2026-10-07T16:45:16.7781791Z       "env",
verify	Recover stopped G5 original compiler diagnostics	2026-10-07T16:45:16.7781874Z       "lean",
verify	Recover stopped G5 original compiler diagnostics	2026-10-07T16:45:16.7781963Z       "--trust=0",
verify	Recover stopped G5 original compiler diagnostics	2026-10-07T16:45:16.7782040Z       "-j1",
verify	Recover stopped G5 original compiler diagnostics	2026-10-07T16:45:16.7782125Z       "-M4096",
verify	Recover stopped G5 original compiler diagnostics	2026-10-07T16:45:16.7782201Z       "-R",
verify	Recover stopped G5 original compiler diagnostics	2026-10-07T16:45:16.7782319Z       "/home/runner/work/_temp/cloud-g5-build",
verify	Recover stopped G5 original compiler diagnostics	2026-10-07T16:45:16.7782396Z       "-o",
verify	Recover stopped G5 original compiler diagnostics	2026-10-07T16:45:16.7782759Z       "/home/runner/work/_temp/cloud-g5-build/.lake/build/lib/lean/UnifiedLean/Source/SourceBoundaryProjection.olean",
verify	Recover stopped G5 original compiler diagnostics	2026-10-07T16:45:16.7782836Z       "-i",
verify	Recover stopped G5 original compiler diagnostics	2026-10-07T16:45:16.7783196Z       "/home/runner/work/_temp/cloud-g5-build/.lake/build/lib/lean/UnifiedLean/Source/SourceBoundaryProjection.ilean",
verify	Recover stopped G5 original compiler diagnostics	2026-10-07T16:45:16.7783477Z       "/home/runner/work/_temp/cloud-g5-build/UnifiedLean/Source/SourceBoundaryProjection.lean"
verify	Recover stopped G5 original compiler diagnostics	2026-10-07T16:45:16.7783553Z     ],
verify	Recover stopped G5 original compiler diagnostics	2026-10-07T16:45:16.7783652Z     "start_unix": 1791389749.8431149,
verify	Recover stopped G5 original compiler diagnostics	2026-10-07T16:45:16.7783746Z     "end_unix": 1791389752.9147856,
verify	Recover stopped G5 original compiler diagnostics	2026-10-07T16:45:16.7783831Z     "exit": 0,
verify	Recover stopped G5 original compiler diagnostics	2026-10-07T16:45:16.7784072Z     "log_sha256": "efe59f762bbcaea90fe3877fcf31476c8b5cc52fc3734484bc3baf1ffc7ef455"
verify	Recover stopped G5 original compiler diagnostics	2026-10-07T16:45:16.7784154Z   },
verify	Recover stopped G5 original compiler diagnostics	2026-10-07T16:45:16.7784229Z   {
verify	Recover stopped G5 original compiler diagnostics	2026-10-07T16:45:16.7784390Z     "name": "UnifiedLean.Source.SourceProgramTransport",
verify	Recover stopped G5 original compiler diagnostics	2026-10-07T16:45:16.7784476Z     "command": [
verify	Recover stopped G5 original compiler diagnostics	2026-10-07T16:45:16.7784553Z       "lake",
verify	Recover stopped G5 original compiler diagnostics	2026-10-07T16:45:16.7784635Z       "env",
verify	Recover stopped G5 original compiler diagnostics	2026-10-07T16:45:16.7784710Z       "lean",
verify	Recover stopped G5 original compiler diagnostics	2026-10-07T16:45:16.7784793Z       "--trust=0",
verify	Recover stopped G5 original compiler diagnostics	2026-10-07T16:45:16.7784869Z       "-j1",
verify	Recover stopped G5 original compiler diagnostics	2026-10-07T16:45:16.7784952Z       "-M4096",
verify	Recover stopped G5 original compiler diagnostics	2026-10-07T16:45:16.7785033Z       "-R",
verify	Recover stopped G5 original compiler diagnostics	2026-10-07T16:45:16.7785147Z       "/home/runner/work/_temp/cloud-g5-build",
verify	Recover stopped G5 original compiler diagnostics	2026-10-07T16:45:16.7785227Z       "-o",
verify	Recover stopped G5 original compiler diagnostics	2026-10-07T16:45:16.7785577Z       "/home/runner/work/_temp/cloud-g5-build/.lake/build/lib/lean/UnifiedLean/Source/SourceProgramTransport.olean",
verify	Recover stopped G5 original compiler diagnostics	2026-10-07T16:45:16.7785657Z       "-i",
verify	Recover stopped G5 original compiler diagnostics	2026-10-07T16:45:16.7786104Z       "/home/runner/work/_temp/cloud-g5-build/.lake/build/lib/lean/UnifiedLean/Source/SourceProgramTransport.ilean",
verify	Recover stopped G5 original compiler diagnostics	2026-10-07T16:45:16.7786377Z       "/home/runner/work/_temp/cloud-g5-build/UnifiedLean/Source/SourceProgramTransport.lean"
verify	Recover stopped G5 original compiler diagnostics	2026-10-07T16:45:16.7786460Z     ],
verify	Recover stopped G5 original compiler diagnostics	2026-10-07T16:45:16.7786556Z     "start_unix": 1791389752.9165466,
verify	Recover stopped G5 original compiler diagnostics	2026-10-07T16:45:16.7786656Z     "end_unix": 1791389756.1919475,
verify	Recover stopped G5 original compiler diagnostics	2026-10-07T16:45:16.7786734Z     "exit": 0,
verify	Recover stopped G5 original compiler diagnostics	2026-10-07T16:45:16.7786966Z     "log_sha256": "03536d167bf27989e2507161f3d4a5c62e95f53a2b2a26bdafc3b2acc9103af7"
verify	Recover stopped G5 original compiler diagnostics	2026-10-07T16:45:16.7787163Z   },
verify	Recover stopped G5 original compiler diagnostics	2026-10-07T16:45:16.7787241Z   {
verify	Recover stopped G5 original compiler diagnostics	2026-10-07T16:45:16.7787399Z     "name": "UnifiedLean.Source.SourceCalendarCompiler",
verify	Recover stopped G5 original compiler diagnostics	2026-10-07T16:45:16.7787486Z     "command": [
verify	Recover stopped G5 original compiler diagnostics	2026-10-07T16:45:16.7787566Z       "lake",
verify	Recover stopped G5 original compiler diagnostics	2026-10-07T16:45:16.7787645Z       "env",
verify	Recover stopped G5 original compiler diagnostics	2026-10-07T16:45:16.7787726Z       "lean",
verify	Recover stopped G5 original compiler diagnostics	2026-10-07T16:45:16.7787806Z       "--trust=0",
verify	Recover stopped G5 original compiler diagnostics	2026-10-07T16:45:16.7787886Z       "-j1",
verify	Recover stopped G5 original compiler diagnostics	2026-10-07T16:45:16.7787968Z       "-M4096",
verify	Recover stopped G5 original compiler diagnostics	2026-10-07T16:45:16.7788047Z       "-R",
verify	Recover stopped G5 original compiler diagnostics	2026-10-07T16:45:16.7788162Z       "/home/runner/work/_temp/cloud-g5-build",
verify	Recover stopped G5 original compiler diagnostics	2026-10-07T16:45:16.7788246Z       "-o",
verify	Recover stopped G5 original compiler diagnostics	2026-10-07T16:45:16.7788754Z       "/home/runner/work/_temp/cloud-g5-build/.lake/build/lib/lean/UnifiedLean/Source/SourceCalendarCompiler.olean",
verify	Recover stopped G5 original compiler diagnostics	2026-10-07T16:45:16.7788833Z       "-i",
verify	Recover stopped G5 original compiler diagnostics	2026-10-07T16:45:16.7789180Z       "/home/runner/work/_temp/cloud-g5-build/.lake/build/lib/lean/UnifiedLean/Source/SourceCalendarCompiler.ilean",
verify	Recover stopped G5 original compiler diagnostics	2026-10-07T16:45:16.7789446Z       "/home/runner/work/_temp/cloud-g5-build/UnifiedLean/Source/SourceCalendarCompiler.lean"
verify	Recover stopped G5 original compiler diagnostics	2026-10-07T16:45:16.7789525Z     ],
verify	Recover stopped G5 original compiler diagnostics	2026-10-07T16:45:16.7789619Z     "start_unix": 1791389756.1946177,
verify	Recover stopped G5 original compiler diagnostics	2026-10-07T16:45:16.7789719Z     "end_unix": 1791389759.616004,
verify	Recover stopped G5 original compiler diagnostics	2026-10-07T16:45:16.7789802Z     "exit": 0,
verify	Recover stopped G5 original compiler diagnostics	2026-10-07T16:45:16.7790026Z     "log_sha256": "512c3629c6ba152b45b81707529a257f141ec0b29ce982fb5361344786b4bb92"
verify	Recover stopped G5 original compiler diagnostics	2026-10-07T16:45:16.7790105Z   },
verify	Recover stopped G5 original compiler diagnostics	2026-10-07T16:45:16.7790182Z   {
verify	Recover stopped G5 original compiler diagnostics	2026-10-07T16:45:16.7790353Z     "name": "UnifiedLean.Source.SourceBoundaryLocations",
verify	Recover stopped G5 original compiler diagnostics	2026-10-07T16:45:16.7790435Z     "command": [
verify	Recover stopped G5 original compiler diagnostics	2026-10-07T16:45:16.7790515Z       "lake",
verify	Recover stopped G5 original compiler diagnostics	2026-10-07T16:45:16.7790601Z       "env",
verify	Recover stopped G5 original compiler diagnostics	2026-10-07T16:45:16.7790679Z       "lean",
verify	Recover stopped G5 original compiler diagnostics	2026-10-07T16:45:16.7790763Z       "--trust=0",
verify	Recover stopped G5 original compiler diagnostics	2026-10-07T16:45:16.7790840Z       "-j1",
verify	Recover stopped G5 original compiler diagnostics	2026-10-07T16:45:16.7790922Z       "-M4096",
verify	Recover stopped G5 original compiler diagnostics	2026-10-07T16:45:16.7790999Z       "-R",
verify	Recover stopped G5 original compiler diagnostics	2026-10-07T16:45:16.7791115Z       "/home/runner/work/_temp/cloud-g5-build",
verify	Recover stopped G5 original compiler diagnostics	2026-10-07T16:45:16.7791191Z       "-o",
verify	Recover stopped G5 original compiler diagnostics	2026-10-07T16:45:16.7791548Z       "/home/runner/work/_temp/cloud-g5-build/.lake/build/lib/lean/UnifiedLean/Source/SourceBoundaryLocations.olean",
verify	Recover stopped G5 original compiler diagnostics	2026-10-07T16:45:16.7791631Z       "-i",
verify	Recover stopped G5 original compiler diagnostics	2026-10-07T16:45:16.7791978Z       "/home/runner/work/_temp/cloud-g5-build/.lake/build/lib/lean/UnifiedLean/Source/SourceBoundaryLocations.ilean",
verify	Recover stopped G5 original compiler diagnostics	2026-10-07T16:45:16.7792257Z       "/home/runner/work/_temp/cloud-g5-build/UnifiedLean/Source/SourceBoundaryLocations.lean"
verify	Recover stopped G5 original compiler diagnostics	2026-10-07T16:45:16.7792335Z     ],
verify	Recover stopped G5 original compiler diagnostics	2026-10-07T16:45:16.7792436Z     "start_unix": 1791389759.6180995,
verify	Recover stopped G5 original compiler diagnostics	2026-10-07T16:45:16.7792526Z     "end_unix": 1791389762.9393375,
verify	Recover stopped G5 original compiler diagnostics	2026-10-07T16:45:16.7792612Z     "exit": 0,
verify	Recover stopped G5 original compiler diagnostics	2026-10-07T16:45:16.7792840Z     "log_sha256": "213803aab26a654285e4c457342bdcee7fd75177a47fd1863602158d0903e7a4"
verify	Recover stopped G5 original compiler diagnostics	2026-10-07T16:45:16.7792913Z   },
verify	Recover stopped G5 original compiler diagnostics	2026-10-07T16:45:16.7792991Z   {
verify	Recover stopped G5 original compiler diagnostics	2026-10-07T16:45:16.7793142Z     "name": "UnifiedLean.Source.SourceCalendarTiming",
verify	Recover stopped G5 original compiler diagnostics	2026-10-07T16:45:16.7793227Z     "command": [
verify	Recover stopped G5 original compiler diagnostics	2026-10-07T16:45:16.7793306Z       "lake",
verify	Recover stopped G5 original compiler diagnostics	2026-10-07T16:45:16.7793387Z       "env",
verify	Recover stopped G5 original compiler diagnostics	2026-10-07T16:45:16.7793464Z       "lean",
verify	Recover stopped G5 original compiler diagnostics	2026-10-07T16:45:16.7793548Z       "--trust=0",
verify	Recover stopped G5 original compiler diagnostics	2026-10-07T16:45:16.7793628Z       "-j1",
verify	Recover stopped G5 original compiler diagnostics	2026-10-07T16:45:16.7793705Z       "-M4096",
verify	Recover stopped G5 original compiler diagnostics	2026-10-07T16:45:16.7793785Z       "-R",
verify	Recover stopped G5 original compiler diagnostics	2026-10-07T16:45:16.7793901Z       "/home/runner/work/_temp/cloud-g5-build",
verify	Recover stopped G5 original compiler diagnostics	2026-10-07T16:45:16.7793983Z       "-o",
verify	Recover stopped G5 original compiler diagnostics	2026-10-07T16:45:16.7794330Z       "/home/runner/work/_temp/cloud-g5-build/.lake/build/lib/lean/UnifiedLean/Source/SourceCalendarTiming.olean",
verify	Recover stopped G5 original compiler diagnostics	2026-10-07T16:45:16.7794545Z       "-i",
verify	Recover stopped G5 original compiler diagnostics	2026-10-07T16:45:16.7794887Z       "/home/runner/work/_temp/cloud-g5-build/.lake/build/lib/lean/UnifiedLean/Source/SourceCalendarTiming.ilean",
verify	Recover stopped G5 original compiler diagnostics	2026-10-07T16:45:16.7795152Z       "/home/runner/work/_temp/cloud-g5-build/UnifiedLean/Source/SourceCalendarTiming.lean"
verify	Recover stopped G5 original compiler diagnostics	2026-10-07T16:45:16.7795231Z     ],
verify	Recover stopped G5 original compiler diagnostics	2026-10-07T16:45:16.7795326Z     "start_unix": 1791389762.9412856,
verify	Recover stopped G5 original compiler diagnostics	2026-10-07T16:45:16.7795420Z     "end_unix": 1791389765.9135501,
verify	Recover stopped G5 original compiler diagnostics	2026-10-07T16:45:16.7795500Z     "exit": 0,
verify	Recover stopped G5 original compiler diagnostics	2026-10-07T16:45:16.7795726Z     "log_sha256": "5697a349825a27a0b264e49c1657ffa131285253f91a7eb340eb6158cb5b111d"
verify	Recover stopped G5 original compiler diagnostics	2026-10-07T16:45:16.7795799Z   },
verify	Recover stopped G5 original compiler diagnostics	2026-10-07T16:45:16.7795875Z   {
verify	Recover stopped G5 original compiler diagnostics	2026-10-07T16:45:16.7796070Z     "name": "UnifiedLean.Source.SourceCalendarPhysicalSupport",
verify	Recover stopped G5 original compiler diagnostics	2026-10-07T16:45:16.7796152Z     "command": [
verify	Recover stopped G5 original compiler diagnostics	2026-10-07T16:45:16.7796233Z       "lake",
verify	Recover stopped G5 original compiler diagnostics	2026-10-07T16:45:16.7796308Z       "env",
verify	Recover stopped G5 original compiler diagnostics	2026-10-07T16:45:16.7796389Z       "lean",
verify	Recover stopped G5 original compiler diagnostics	2026-10-07T16:45:16.7796473Z       "--trust=0",
verify	Recover stopped G5 original compiler diagnostics	2026-10-07T16:45:16.7796556Z       "-j1",
verify	Recover stopped G5 original compiler diagnostics	2026-10-07T16:45:16.7796635Z       "-M4096",
verify	Recover stopped G5 original compiler diagnostics	2026-10-07T16:45:16.7796716Z       "-R",
verify	Recover stopped G5 original compiler diagnostics	2026-10-07T16:45:16.7796923Z       "/home/runner/work/_temp/cloud-g5-build",
verify	Recover stopped G5 original compiler diagnostics	2026-10-07T16:45:16.7797137Z       "-o",
verify	Recover stopped G5 original compiler diagnostics	2026-10-07T16:45:16.7797540Z       "/home/runner/work/_temp/cloud-g5-build/.lake/build/lib/lean/UnifiedLean/Source/SourceCalendarPhysicalSupport.olean",
verify	Recover stopped G5 original compiler diagnostics	2026-10-07T16:45:16.7797618Z       "-i",
verify	Recover stopped G5 original compiler diagnostics	2026-10-07T16:45:16.7798008Z       "/home/runner/work/_temp/cloud-g5-build/.lake/build/lib/lean/UnifiedLean/Source/SourceCalendarPhysicalSupport.ilean",
verify	Recover stopped G5 original compiler diagnostics	2026-10-07T16:45:16.7798311Z       "/home/runner/work/_temp/cloud-g5-build/UnifiedLean/Source/SourceCalendarPhysicalSupport.lean"
verify	Recover stopped G5 original compiler diagnostics	2026-10-07T16:45:16.7798391Z     ],
verify	Recover stopped G5 original compiler diagnostics	2026-10-07T16:45:16.7798492Z     "start_unix": 1791389765.9154959,
verify	Recover stopped G5 original compiler diagnostics	2026-10-07T16:45:16.7798660Z     "end_unix": 1791389769.83807,
verify	Recover stopped G5 original compiler diagnostics	2026-10-07T16:45:16.7798797Z     "exit": 0,
verify	Recover stopped G5 original compiler diagnostics	2026-10-07T16:45:16.7799195Z     "log_sha256": "224dc108583c730d8ecbd9687b0d67b43a38730f0f792f394773b47f3956bf0c"
verify	Recover stopped G5 original compiler diagnostics	2026-10-07T16:45:16.7799916Z   },
verify	Recover stopped G5 original compiler diagnostics	2026-10-07T16:45:16.7800182Z   {
verify	Recover stopped G5 original compiler diagnostics	2026-10-07T16:45:16.7800610Z     "name": "UnifiedLean.Source.SourceInitializedCalendar",
verify	Recover stopped G5 original compiler diagnostics	2026-10-07T16:45:16.7801192Z     "command": [
verify	Recover stopped G5 original compiler diagnostics	2026-10-07T16:45:16.7801494Z       "lake",
verify	Recover stopped G5 original compiler diagnostics	2026-10-07T16:45:16.7801769Z       "env",
verify	Recover stopped G5 original compiler diagnostics	2026-10-07T16:45:16.7802041Z       "lean",
verify	Recover stopped G5 original compiler diagnostics	2026-10-07T16:45:16.7802325Z       "--trust=0",
verify	Recover stopped G5 original compiler diagnostics	2026-10-07T16:45:16.7802624Z       "-j1",
verify	Recover stopped G5 original compiler diagnostics	2026-10-07T16:45:16.7802918Z       "-M4096",
verify	Recover stopped G5 original compiler diagnostics	2026-10-07T16:45:16.7803238Z       "-R",
verify	Recover stopped G5 original compiler diagnostics	2026-10-07T16:45:16.7803659Z       "/home/runner/work/_temp/cloud-g5-build",
verify	Recover stopped G5 original compiler diagnostics	2026-10-07T16:45:16.7804174Z       "-o",
verify	Recover stopped G5 original compiler diagnostics	2026-10-07T16:45:16.7805085Z       "/home/runner/work/_temp/cloud-g5-build/.lake/build/lib/lean/UnifiedLean/Source/SourceInitializedCalendar.olean",
verify	Recover stopped G5 original compiler diagnostics	2026-10-07T16:45:16.7806129Z       "-i",
verify	Recover stopped G5 original compiler diagnostics	2026-10-07T16:45:16.7807295Z       "/home/runner/work/_temp/cloud-g5-build/.lake/build/lib/lean/UnifiedLean/Source/SourceInitializedCalendar.ilean",
verify	Recover stopped G5 original compiler diagnostics	2026-10-07T16:45:16.7808751Z       "/home/runner/work/_temp/cloud-g5-build/UnifiedLean/Source/SourceInitializedCalendar.lean"
verify	Recover stopped G5 original compiler diagnostics	2026-10-07T16:45:16.7809587Z     ],
verify	Recover stopped G5 original compiler diagnostics	2026-10-07T16:45:16.7809936Z     "start_unix": 1791389769.8402085,
verify	Recover stopped G5 original compiler diagnostics	2026-10-07T16:45:16.7810418Z     "end_unix": 1791389773.0632966,
verify	Recover stopped G5 original compiler diagnostics	2026-10-07T16:45:16.7810859Z     "exit": 0,
verify	Recover stopped G5 original compiler diagnostics	2026-10-07T16:45:16.7811484Z     "log_sha256": "e9d75008b4716f668127ecf36f4cb6f602844f08f91d3d29edcb3c6faf5e9863"
verify	Recover stopped G5 original compiler diagnostics	2026-10-07T16:45:16.7812214Z   },
verify	Recover stopped G5 original compiler diagnostics	2026-10-07T16:45:16.7812523Z   {
verify	Recover stopped G5 original compiler diagnostics	2026-10-07T16:45:16.7813016Z     "name": "UnifiedLean.Source.SourceActualHoldingClocks",
verify	Recover stopped G5 original compiler diagnostics	2026-10-07T16:45:16.7813611Z     "command": [
verify	Recover stopped G5 original compiler diagnostics	2026-10-07T16:45:16.7813937Z       "lake",
verify	Recover stopped G5 original compiler diagnostics	2026-10-07T16:45:16.7814243Z       "env",
verify	Recover stopped G5 original compiler diagnostics	2026-10-07T16:45:16.7814563Z       "lean",
verify	Recover stopped G5 original compiler diagnostics	2026-10-07T16:45:16.7814807Z       "--trust=0",
verify	Recover stopped G5 original compiler diagnostics	2026-10-07T16:45:16.7815002Z       "-j1",
verify	Recover stopped G5 original compiler diagnostics	2026-10-07T16:45:16.7815181Z       "-M4096",
verify	Recover stopped G5 original compiler diagnostics	2026-10-07T16:45:16.7815367Z       "-R",
verify	Recover stopped G5 original compiler diagnostics	2026-10-07T16:45:16.7815587Z       "/home/runner/work/_temp/cloud-g5-build",
verify	Recover stopped G5 original compiler diagnostics	2026-10-07T16:45:16.7816056Z       "-o",
verify	Recover stopped G5 original compiler diagnostics	2026-10-07T16:45:16.7816549Z       "/home/runner/work/_temp/cloud-g5-build/.lake/build/lib/lean/UnifiedLean/Source/SourceActualHoldingClocks.olean",
verify	Recover stopped G5 original compiler diagnostics	2026-10-07T16:45:16.7817372Z       "-i",
verify	Recover stopped G5 original compiler diagnostics	2026-10-07T16:45:16.7817864Z       "/home/runner/work/_temp/cloud-g5-build/.lake/build/lib/lean/UnifiedLean/Source/SourceActualHoldingClocks.ilean",
verify	Recover stopped G5 original compiler diagnostics	2026-10-07T16:45:16.7818587Z       "/home/runner/work/_temp/cloud-g5-build/UnifiedLean/Source/SourceActualHoldingClocks.lean"
verify	Recover stopped G5 original compiler diagnostics	2026-10-07T16:45:16.7819020Z     ],
verify	Recover stopped G5 original compiler diagnostics	2026-10-07T16:45:16.7819216Z     "start_unix": 1791389773.066862,
verify	Recover stopped G5 original compiler diagnostics	2026-10-07T16:45:16.7819471Z     "end_unix": 1791389776.6380193,
verify	Recover stopped G5 original compiler diagnostics	2026-10-07T16:45:16.7819705Z     "exit": 0,
verify	Recover stopped G5 original compiler diagnostics	2026-10-07T16:45:16.7820065Z     "log_sha256": "95abd03dd7f3756d6d72811ccac82e5ade2b8dfd7a1a4dfd8eb0a3a0e1c8a99f"
verify	Recover stopped G5 original compiler diagnostics	2026-10-07T16:45:16.7820468Z   },
verify	Recover stopped G5 original compiler diagnostics	2026-10-07T16:45:16.7820634Z   {
verify	Recover stopped G5 original compiler diagnostics	2026-10-07T16:45:16.7820885Z     "name": "UnifiedLean.Source.SourceFirstMergerMark",
verify	Recover stopped G5 original compiler diagnostics	2026-10-07T16:45:16.7821201Z     "command": [
verify	Recover stopped G5 original compiler diagnostics	2026-10-07T16:45:16.7821391Z       "lake",
verify	Recover stopped G5 original compiler diagnostics	2026-10-07T16:45:16.7821573Z       "env",
verify	Recover stopped G5 original compiler diagnostics	2026-10-07T16:45:16.7821749Z       "lean",
verify	Recover stopped G5 original compiler diagnostics	2026-10-07T16:45:16.7822067Z       "--trust=0",
verify	Recover stopped G5 original compiler diagnostics	2026-10-07T16:45:16.7822258Z       "-j1",
verify	Recover stopped G5 original compiler diagnostics	2026-10-07T16:45:16.7822437Z       "-M4096",
verify	Recover stopped G5 original compiler diagnostics	2026-10-07T16:45:16.7822622Z       "-R",
verify	Recover stopped G5 original compiler diagnostics	2026-10-07T16:45:16.7822841Z       "/home/runner/work/_temp/cloud-g5-build",
verify	Recover stopped G5 original compiler diagnostics	2026-10-07T16:45:16.7823117Z       "-o",
verify	Recover stopped G5 original compiler diagnostics	2026-10-07T16:45:16.7823574Z       "/home/runner/work/_temp/cloud-g5-build/.lake/build/lib/lean/UnifiedLean/Source/SourceFirstMergerMark.olean",
verify	Recover stopped G5 original compiler diagnostics	2026-10-07T16:45:16.7824071Z       "-i",
verify	Recover stopped G5 original compiler diagnostics	2026-10-07T16:45:16.7824513Z       "/home/runner/work/_temp/cloud-g5-build/.lake/build/lib/lean/UnifiedLean/Source/SourceFirstMergerMark.ilean",
verify	Recover stopped G5 original compiler diagnostics	2026-10-07T16:45:16.7825192Z       "/home/runner/work/_temp/cloud-g5-build/UnifiedLean/Source/SourceFirstMergerMark.lean"
verify	Recover stopped G5 original compiler diagnostics	2026-10-07T16:45:16.7825609Z     ],
verify	Recover stopped G5 original compiler diagnostics	2026-10-07T16:45:16.7825802Z     "start_unix": 1791389776.6400464,
verify	Recover stopped G5 original compiler diagnostics	2026-10-07T16:45:16.7826070Z     "end_unix": 1791389780.1114905,
verify	Recover stopped G5 original compiler diagnostics	2026-10-07T16:45:16.7826303Z     "exit": 0,
verify	Recover stopped G5 original compiler diagnostics	2026-10-07T16:45:16.7826653Z     "log_sha256": "e8cd222b59cdb5ac63c535b667507077914271ec0f843fa388837c9a478e3982"
verify	Recover stopped G5 original compiler diagnostics	2026-10-07T16:45:16.7827196Z   },
verify	Recover stopped G5 original compiler diagnostics	2026-10-07T16:45:16.7827365Z   {
verify	Recover stopped G5 original compiler diagnostics	2026-10-07T16:45:16.7827638Z     "name": "UnifiedLean.Source.SourceFirstMarkDistribution",
verify	Recover stopped G5 original compiler diagnostics	2026-10-07T16:45:16.7827975Z     "command": [
verify	Recover stopped G5 original compiler diagnostics	2026-10-07T16:45:16.7828166Z       "lake",
verify	Recover stopped G5 original compiler diagnostics	2026-10-07T16:45:16.7828345Z       "env",
verify	Recover stopped G5 original compiler diagnostics	2026-10-07T16:45:16.7828524Z       "lean",
verify	Recover stopped G5 original compiler diagnostics	2026-10-07T16:45:16.7828706Z       "--trust=0",
verify	Recover stopped G5 original compiler diagnostics	2026-10-07T16:45:16.7828896Z       "-j1",
verify	Recover stopped G5 original compiler diagnostics	2026-10-07T16:45:16.7829077Z       "-M4096",
verify	Recover stopped G5 original compiler diagnostics	2026-10-07T16:45:16.7829259Z       "-R",
verify	Recover stopped G5 original compiler diagnostics	2026-10-07T16:45:16.7829476Z       "/home/runner/work/_temp/cloud-g5-build",
verify	Recover stopped G5 original compiler diagnostics	2026-10-07T16:45:16.7829744Z       "-o",
verify	Recover stopped G5 original compiler diagnostics	2026-10-07T16:45:16.7830215Z       "/home/runner/work/_temp/cloud-g5-build/.lake/build/lib/lean/UnifiedLean/Source/SourceFirstMarkDistribution.olean",
verify	Recover stopped G5 original compiler diagnostics	2026-10-07T16:45:16.7830741Z       "-i",
verify	Recover stopped G5 original compiler diagnostics	2026-10-07T16:45:16.7831223Z       "/home/runner/work/_temp/cloud-g5-build/.lake/build/lib/lean/UnifiedLean/Source/SourceFirstMarkDistribution.ilean",
verify	Recover stopped G5 original compiler diagnostics	2026-10-07T16:45:16.7832009Z       "/home/runner/work/_temp/cloud-g5-build/UnifiedLean/Source/SourceFirstMarkDistribution.lean"
verify	Recover stopped G5 original compiler diagnostics	2026-10-07T16:45:16.7832451Z     ],
verify	Recover stopped G5 original compiler diagnostics	2026-10-07T16:45:16.7832693Z     "start_unix": 1791389780.1141214,
verify	Recover stopped G5 original compiler diagnostics	2026-10-07T16:45:16.7832949Z     "end_unix": 1791389784.7917016,
verify	Recover stopped G5 original compiler diagnostics	2026-10-07T16:45:16.7833182Z     "exit": 0,
verify	Recover stopped G5 original compiler diagnostics	2026-10-07T16:45:16.7833533Z     "log_sha256": "a19b6f56c13aacc4f3971485b0e0aacdb7179fdef17fd99198b0cf4b2b55a2b4"
verify	Recover stopped G5 original compiler diagnostics	2026-10-07T16:45:16.7833927Z   },
verify	Recover stopped G5 original compiler diagnostics	2026-10-07T16:45:16.7834092Z   {
verify	Recover stopped G5 original compiler diagnostics	2026-10-07T16:45:16.7834341Z     "name": "UnifiedLean.Source.SourceExponentialRace",
verify	Recover stopped G5 original compiler diagnostics	2026-10-07T16:45:16.7834652Z     "command": [
verify	Recover stopped G5 original compiler diagnostics	2026-10-07T16:45:16.7834840Z       "lake",
verify	Recover stopped G5 original compiler diagnostics	2026-10-07T16:45:16.7835022Z       "env",
verify	Recover stopped G5 original compiler diagnostics	2026-10-07T16:45:16.7835201Z       "lean",
verify	Recover stopped G5 original compiler diagnostics	2026-10-07T16:45:16.7835390Z       "--trust=0",
verify	Recover stopped G5 original compiler diagnostics	2026-10-07T16:45:16.7835587Z       "-j1",
verify	Recover stopped G5 original compiler diagnostics	2026-10-07T16:45:16.7835909Z       "-M4096",
verify	Recover stopped G5 original compiler diagnostics	2026-10-07T16:45:16.7836095Z       "-R",
verify	Recover stopped G5 original compiler diagnostics	2026-10-07T16:45:16.7836310Z       "/home/runner/work/_temp/cloud-g5-build",
verify	Recover stopped G5 original compiler diagnostics	2026-10-07T16:45:16.7836584Z       "-o",
verify	Recover stopped G5 original compiler diagnostics	2026-10-07T16:45:16.7837166Z       "/home/runner/work/_temp/cloud-g5-build/.lake/build/lib/lean/UnifiedLean/Source/SourceExponentialRace.olean",
verify	Recover stopped G5 original compiler diagnostics	2026-10-07T16:45:16.7837682Z       "-i",
verify	Recover stopped G5 original compiler diagnostics	2026-10-07T16:45:16.7838130Z       "/home/runner/work/_temp/cloud-g5-build/.lake/build/lib/lean/UnifiedLean/Source/SourceExponentialRace.ilean",
verify	Recover stopped G5 original compiler diagnostics	2026-10-07T16:45:16.7838824Z       "/home/runner/work/_temp/cloud-g5-build/UnifiedLean/Source/SourceExponentialRace.lean"
verify	Recover stopped G5 original compiler diagnostics	2026-10-07T16:45:16.7839239Z     ],
verify	Recover stopped G5 original compiler diagnostics	2026-10-07T16:45:16.7839442Z     "start_unix": 1791389784.7938473,
verify	Recover stopped G5 original compiler diagnostics	2026-10-07T16:45:16.7839700Z     "end_unix": 1791389788.4662316,
verify	Recover stopped G5 original compiler diagnostics	2026-10-07T16:45:16.7839938Z     "exit": 0,
verify	Recover stopped G5 original compiler diagnostics	2026-10-07T16:45:16.7840288Z     "log_sha256": "0c6cb9e3f53fa8fca0de4f90c836467c683785778d8d437d5e1190cff6d258cf"
verify	Recover stopped G5 original compiler diagnostics	2026-10-07T16:45:16.7840674Z   },
verify	Recover stopped G5 original compiler diagnostics	2026-10-07T16:45:16.7840843Z   {
verify	Recover stopped G5 original compiler diagnostics	2026-10-07T16:45:16.7841122Z     "name": "UnifiedLean.Source.SourceExponentialRaceDensity",
verify	Recover stopped G5 original compiler diagnostics	2026-10-07T16:45:16.7841462Z     "command": [
verify	Recover stopped G5 original compiler diagnostics	2026-10-07T16:45:16.7841773Z       "lake",
verify	Recover stopped G5 original compiler diagnostics	2026-10-07T16:45:16.7841955Z       "env",
verify	Recover stopped G5 original compiler diagnostics	2026-10-07T16:45:16.7842138Z       "lean",
verify	Recover stopped G5 original compiler diagnostics	2026-10-07T16:45:16.7842331Z       "--trust=0",
verify	Recover stopped G5 original compiler diagnostics	2026-10-07T16:45:16.7842522Z       "-j1",
verify	Recover stopped G5 original compiler diagnostics	2026-10-07T16:45:16.7842701Z       "-M4096",
verify	Recover stopped G5 original compiler diagnostics	2026-10-07T16:45:16.7842890Z       "-R",
verify	Recover stopped G5 original compiler diagnostics	2026-10-07T16:45:16.7843110Z       "/home/runner/work/_temp/cloud-g5-build",
verify	Recover stopped G5 original compiler diagnostics	2026-10-07T16:45:16.7843388Z       "-o",
verify	Recover stopped G5 original compiler diagnostics	2026-10-07T16:45:16.7843892Z       "/home/runner/work/_temp/cloud-g5-build/.lake/build/lib/lean/UnifiedLean/Source/SourceExponentialRaceDensity.olean",
verify	Recover stopped G5 original compiler diagnostics	2026-10-07T16:45:16.7844432Z       "-i",
verify	Recover stopped G5 original compiler diagnostics	2026-10-07T16:45:16.7844906Z       "/home/runner/work/_temp/cloud-g5-build/.lake/build/lib/lean/UnifiedLean/Source/SourceExponentialRaceDensity.ilean",
verify	Recover stopped G5 original compiler diagnostics	2026-10-07T16:45:16.7845654Z       "/home/runner/work/_temp/cloud-g5-build/UnifiedLean/Source/SourceExponentialRaceDensity.lean"
verify	Recover stopped G5 original compiler diagnostics	2026-10-07T16:45:16.7846118Z     ],
verify	Recover stopped G5 original compiler diagnostics	2026-10-07T16:45:16.7846311Z     "start_unix": 1791389788.4683235,
verify	Recover stopped G5 original compiler diagnostics	2026-10-07T16:45:16.7846568Z     "end_unix": 1791389791.8897505,
verify	Recover stopped G5 original compiler diagnostics	2026-10-07T16:45:16.7846807Z     "exit": 0,
verify	Recover stopped G5 original compiler diagnostics	2026-10-07T16:45:16.7847286Z     "log_sha256": "aced579388a23afb85ac4107a8aaee284c1ab78bb7f336c6c3ff3d2006d9f5c5"
verify	Recover stopped G5 original compiler diagnostics	2026-10-07T16:45:16.7847684Z   },
verify	Recover stopped G5 original compiler diagnostics	2026-10-07T16:45:16.7847850Z   {
verify	Recover stopped G5 original compiler diagnostics	2026-10-07T16:45:16.7848123Z     "name": "UnifiedLean.Source.SourceExponentialResiduals",
verify	Recover stopped G5 original compiler diagnostics	2026-10-07T16:45:16.7848453Z     "command": [
verify	Recover stopped G5 original compiler diagnostics	2026-10-07T16:45:16.7848643Z       "lake",
verify	Recover stopped G5 original compiler diagnostics	2026-10-07T16:45:16.7848820Z       "env",
verify	Recover stopped G5 original compiler diagnostics	2026-10-07T16:45:16.7849000Z       "lean",
verify	Recover stopped G5 original compiler diagnostics	2026-10-07T16:45:16.7849181Z       "--trust=0",
verify	Recover stopped G5 original compiler diagnostics	2026-10-07T16:45:16.7849371Z       "-j1",
verify	Recover stopped G5 original compiler diagnostics	2026-10-07T16:45:16.7849549Z       "-M4096",
verify	Recover stopped G5 original compiler diagnostics	2026-10-07T16:45:16.7849733Z       "-R",
verify	Recover stopped G5 original compiler diagnostics	2026-10-07T16:45:16.7849947Z       "/home/runner/work/_temp/cloud-g5-build",
verify	Recover stopped G5 original compiler diagnostics	2026-10-07T16:45:16.7850213Z       "-o",
verify	Recover stopped G5 original compiler diagnostics	2026-10-07T16:45:16.7850694Z       "/home/runner/work/_temp/cloud-g5-build/.lake/build/lib/lean/UnifiedLean/Source/SourceExponentialResiduals.olean",
verify	Recover stopped G5 original compiler diagnostics	2026-10-07T16:45:16.7851224Z       "-i",
verify	Recover stopped G5 original compiler diagnostics	2026-10-07T16:45:16.7851700Z       "/home/runner/work/_temp/cloud-g5-build/.lake/build/lib/lean/UnifiedLean/Source/SourceExponentialResiduals.ilean",
verify	Recover stopped G5 original compiler diagnostics	2026-10-07T16:45:16.7852431Z       "/home/runner/work/_temp/cloud-g5-build/UnifiedLean/Source/SourceExponentialResiduals.lean"
verify	Recover stopped G5 original compiler diagnostics	2026-10-07T16:45:16.7852870Z     ],
verify	Recover stopped G5 original compiler diagnostics	2026-10-07T16:45:16.7853063Z     "start_unix": 1791389791.891874,
verify	Recover stopped G5 original compiler diagnostics	2026-10-07T16:45:16.7853321Z     "end_unix": 1791389795.263328,
verify	Recover stopped G5 original compiler diagnostics	2026-10-07T16:45:16.7853554Z     "exit": 0,
verify	Recover stopped G5 original compiler diagnostics	2026-10-07T16:45:16.7853899Z     "log_sha256": "540f62f4750a89d471b4da4ec7280caa92ee53720ced38229ebd731836c80e2d"
verify	Recover stopped G5 original compiler diagnostics	2026-10-07T16:45:16.7854289Z   },
verify	Recover stopped G5 original compiler diagnostics	2026-10-07T16:45:16.7854454Z   {
verify	Recover stopped G5 original compiler diagnostics	2026-10-07T16:45:16.7854712Z     "name": "UnifiedLean.Source.SourceWinningClockReset",
verify	Recover stopped G5 original compiler diagnostics	2026-10-07T16:45:16.7855029Z     "command": [
verify	Recover stopped G5 original compiler diagnostics	2026-10-07T16:45:16.7855226Z       "lake",
verify	Recover stopped G5 original compiler diagnostics	2026-10-07T16:45:16.7855414Z       "env",
verify	Recover stopped G5 original compiler diagnostics	2026-10-07T16:45:16.7855729Z       "lean",
verify	Recover stopped G5 original compiler diagnostics	2026-10-07T16:45:16.7855912Z       "--trust=0",
verify	Recover stopped G5 original compiler diagnostics	2026-10-07T16:45:16.7856102Z       "-j1",
verify	Recover stopped G5 original compiler diagnostics	2026-10-07T16:45:16.7856285Z       "-M4096",
verify	Recover stopped G5 original compiler diagnostics	2026-10-07T16:45:16.7856471Z       "-R",
verify	Recover stopped G5 original compiler diagnostics	2026-10-07T16:45:16.7856687Z       "/home/runner/work/_temp/cloud-g5-build",
verify	Recover stopped G5 original compiler diagnostics	2026-10-07T16:45:16.7856954Z       "-o",
verify	Recover stopped G5 original compiler diagnostics	2026-10-07T16:45:16.7857535Z       "/home/runner/work/_temp/cloud-g5-build/.lake/build/lib/lean/UnifiedLean/Source/SourceWinningClockReset.olean",
verify	Recover stopped G5 original compiler diagnostics	2026-10-07T16:45:16.7858048Z       "-i",
verify	Recover stopped G5 original compiler diagnostics	2026-10-07T16:45:16.7858499Z       "/home/runner/work/_temp/cloud-g5-build/.lake/build/lib/lean/UnifiedLean/Source/SourceWinningClockReset.ilean",
verify	Recover stopped G5 original compiler diagnostics	2026-10-07T16:45:16.7859206Z       "/home/runner/work/_temp/cloud-g5-build/UnifiedLean/Source/SourceWinningClockReset.lean"
verify	Recover stopped G5 original compiler diagnostics	2026-10-07T16:45:16.7859634Z     ],
verify	Recover stopped G5 original compiler diagnostics	2026-10-07T16:45:16.7859821Z     "start_unix": 1791389795.265263,
verify	Recover stopped G5 original compiler diagnostics	2026-10-07T16:45:16.7860073Z     "end_unix": 1791389798.98881,
verify	Recover stopped G5 original compiler diagnostics	2026-10-07T16:45:16.7860302Z     "exit": 0,
verify	Recover stopped G5 original compiler diagnostics	2026-10-07T16:45:16.7860647Z     "log_sha256": "c97a46ba7876c4027bbf62fe01494f552b504d5e08019448ba51ebba3d3254db"
verify	Recover stopped G5 original compiler diagnostics	2026-10-07T16:45:16.7861033Z   },
verify	Recover stopped G5 original compiler diagnostics	2026-10-07T16:45:16.7861197Z   {
verify	Recover stopped G5 original compiler diagnostics	2026-10-07T16:45:16.7861593Z     "name": "UnifiedLean.Source.SourceMergerClockCatalogue",
verify	Recover stopped G5 original compiler diagnostics	2026-10-07T16:45:16.7861921Z     "command": [
verify	Recover stopped G5 original compiler diagnostics	2026-10-07T16:45:16.7862119Z       "lake",
verify	Recover stopped G5 original compiler diagnostics	2026-10-07T16:45:16.7862299Z       "env",
verify	Recover stopped G5 original compiler diagnostics	2026-10-07T16:45:16.7862477Z       "lean",
verify	Recover stopped G5 original compiler diagnostics	2026-10-07T16:45:16.7862660Z       "--trust=0",
verify	Recover stopped G5 original compiler diagnostics	2026-10-07T16:45:16.7862854Z       "-j1",
verify	Recover stopped G5 original compiler diagnostics	2026-10-07T16:45:16.7863036Z       "-M4096",
verify	Recover stopped G5 original compiler diagnostics	2026-10-07T16:45:16.7863221Z       "-R",
verify	Recover stopped G5 original compiler diagnostics	2026-10-07T16:45:16.7863438Z       "/home/runner/work/_temp/cloud-g5-build",
verify	Recover stopped G5 original compiler diagnostics	2026-10-07T16:45:16.7863708Z       "-o",
verify	Recover stopped G5 original compiler diagnostics	2026-10-07T16:45:16.7864190Z       "/home/runner/work/_temp/cloud-g5-build/.lake/build/lib/lean/UnifiedLean/Source/SourceMergerClockCatalogue.olean",
verify	Recover stopped G5 original compiler diagnostics	2026-10-07T16:45:16.7864710Z       "-i",
verify	Recover stopped G5 original compiler diagnostics	2026-10-07T16:45:16.7865179Z       "/home/runner/work/_temp/cloud-g5-build/.lake/build/lib/lean/UnifiedLean/Source/SourceMergerClockCatalogue.ilean",
verify	Recover stopped G5 original compiler diagnostics	2026-10-07T16:45:16.7865914Z       "/home/runner/work/_temp/cloud-g5-build/UnifiedLean/Source/SourceMergerClockCatalogue.lean"
verify	Recover stopped G5 original compiler diagnostics	2026-10-07T16:45:16.7866353Z     ],
verify	Recover stopped G5 original compiler diagnostics	2026-10-07T16:45:16.7866547Z     "start_unix": 1791389798.9908786,
verify	Recover stopped G5 original compiler diagnostics	2026-10-07T16:45:16.7866800Z     "end_unix": 1791389803.3169117,
verify	Recover stopped G5 original compiler diagnostics	2026-10-07T16:45:16.7867192Z     "exit": 0,
verify	Recover stopped G5 original compiler diagnostics	2026-10-07T16:45:16.7867543Z     "log_sha256": "f80f6e9270d6ed6bc945d1fa1f2f41908573919cdc79a5b666f839592b02c82b"
verify	Recover stopped G5 original compiler diagnostics	2026-10-07T16:45:16.7867929Z   },
verify	Recover stopped G5 original compiler diagnostics	2026-10-07T16:45:16.7868091Z   {
verify	Recover stopped G5 original compiler diagnostics	2026-10-07T16:45:16.7868371Z     "name": "UnifiedLean.Source.SourceDestinationClockReset",
verify	Recover stopped G5 original compiler diagnostics	2026-10-07T16:45:16.7868713Z     "command": [
verify	Recover stopped G5 original compiler diagnostics	2026-10-07T16:45:16.7868906Z       "lake",
verify	Recover stopped G5 original compiler diagnostics	2026-10-07T16:45:16.7869085Z       "env",
verify	Recover stopped G5 original compiler diagnostics	2026-10-07T16:45:16.7869261Z       "lean",
verify	Recover stopped G5 original compiler diagnostics	2026-10-07T16:45:16.7869444Z       "--trust=0",
verify	Recover stopped G5 original compiler diagnostics	2026-10-07T16:45:16.7869633Z       "-j1",
verify	Recover stopped G5 original compiler diagnostics	2026-10-07T16:45:16.7869809Z       "-M4096",
verify	Recover stopped G5 original compiler diagnostics	2026-10-07T16:45:16.7869990Z       "-R",
verify	Recover stopped G5 original compiler diagnostics	2026-10-07T16:45:16.7870214Z       "/home/runner/work/_temp/cloud-g5-build",
verify	Recover stopped G5 original compiler diagnostics	2026-10-07T16:45:16.7870486Z       "-o",
verify	Recover stopped G5 original compiler diagnostics	2026-10-07T16:45:16.7870974Z       "/home/runner/work/_temp/cloud-g5-build/.lake/build/lib/lean/UnifiedLean/Source/SourceDestinationClockReset.olean",
verify	Recover stopped G5 original compiler diagnostics	2026-10-07T16:45:16.7871504Z       "-i",
verify	Recover stopped G5 original compiler diagnostics	2026-10-07T16:45:16.7871983Z       "/home/runner/work/_temp/cloud-g5-build/.lake/build/lib/lean/UnifiedLean/Source/SourceDestinationClockReset.ilean",
verify	Recover stopped G5 original compiler diagnostics	2026-10-07T16:45:16.7872720Z       "/home/runner/work/_temp/cloud-g5-build/UnifiedLean/Source/SourceDestinationClockReset.lean"
verify	Recover stopped G5 original compiler diagnostics	2026-10-07T16:45:16.7873161Z     ],
verify	Recover stopped G5 original compiler diagnostics	2026-10-07T16:45:16.7873348Z     "start_unix": 1791389803.3188689,
verify	Recover stopped G5 original compiler diagnostics	2026-10-07T16:45:16.7873600Z     "end_unix": 1791389806.5898714,
verify	Recover stopped G5 original compiler diagnostics	2026-10-07T16:45:16.7873831Z     "exit": 0,
verify	Recover stopped G5 original compiler diagnostics	2026-10-07T16:45:16.7874182Z     "log_sha256": "0faae2cd3d20bcb4bb9e49799073be7d89c8407fd275ffffd0b33cf3e0e2e9d9"
verify	Recover stopped G5 original compiler diagnostics	2026-10-07T16:45:16.7874574Z   },
verify	Recover stopped G5 original compiler diagnostics	2026-10-07T16:45:16.7874736Z   {
verify	Recover stopped G5 original compiler diagnostics	2026-10-07T16:45:16.7874973Z     "name": "UnifiedLean.Source.SourceEpochRenewal",
verify	Recover stopped G5 original compiler diagnostics	2026-10-07T16:45:16.7875419Z     "command": [
verify	Recover stopped G5 original compiler diagnostics	2026-10-07T16:45:16.7875609Z       "lake",
verify	Recover stopped G5 original compiler diagnostics	2026-10-07T16:45:16.7875786Z       "env",
verify	Recover stopped G5 original compiler diagnostics	2026-10-07T16:45:16.7875967Z       "lean",
verify	Recover stopped G5 original compiler diagnostics	2026-10-07T16:45:16.7876148Z       "--trust=0",
verify	Recover stopped G5 original compiler diagnostics	2026-10-07T16:45:16.7876338Z       "-j1",
verify	Recover stopped G5 original compiler diagnostics	2026-10-07T16:45:16.7876518Z       "-M4096",
verify	Recover stopped G5 original compiler diagnostics	2026-10-07T16:45:16.7876700Z       "-R",
verify	Recover stopped G5 original compiler diagnostics	2026-10-07T16:45:16.7876916Z       "/home/runner/work/_temp/cloud-g5-build",
verify	Recover stopped G5 original compiler diagnostics	2026-10-07T16:45:16.7877309Z       "-o",
verify	Recover stopped G5 original compiler diagnostics	2026-10-07T16:45:16.7877759Z       "/home/runner/work/_temp/cloud-g5-build/.lake/build/lib/lean/UnifiedLean/Source/SourceEpochRenewal.olean",
verify	Recover stopped G5 original compiler diagnostics	2026-10-07T16:45:16.7878247Z       "-i",
verify	Recover stopped G5 original compiler diagnostics	2026-10-07T16:45:16.7878675Z       "/home/runner/work/_temp/cloud-g5-build/.lake/build/lib/lean/UnifiedLean/Source/SourceEpochRenewal.ilean",
verify	Recover stopped G5 original compiler diagnostics	2026-10-07T16:45:16.7879329Z       "/home/runner/work/_temp/cloud-g5-build/UnifiedLean/Source/SourceEpochRenewal.lean"
verify	Recover stopped G5 original compiler diagnostics	2026-10-07T16:45:16.7879731Z     ],
verify	Recover stopped G5 original compiler diagnostics	2026-10-07T16:45:16.7879918Z     "start_unix": 1791389806.59209,
verify	Recover stopped G5 original compiler diagnostics	2026-10-07T16:45:16.7880173Z     "end_unix": 1791389810.464224,
verify	Recover stopped G5 original compiler diagnostics	2026-10-07T16:45:16.7880404Z     "exit": 0,
verify	Recover stopped G5 original compiler diagnostics	2026-10-07T16:45:16.7880738Z     "log_sha256": "785b63fb0e18b084b71765b90d56ae48122e7c832695749edb29027728c288f2"
verify	Recover stopped G5 original compiler diagnostics	2026-10-07T16:45:16.7881242Z   },
verify	Recover stopped G5 original compiler diagnostics	2026-10-07T16:45:16.7881406Z   {
verify	Recover stopped G5 original compiler diagnostics	2026-10-07T16:45:16.7881683Z     "name": "UnifiedLean.Source.SourceFiniteJumpExpansion",
verify	Recover stopped G5 original compiler diagnostics	2026-10-07T16:45:16.7882014Z     "command": [
verify	Recover stopped G5 original compiler diagnostics	2026-10-07T16:45:16.7882210Z       "lake",
verify	Recover stopped G5 original compiler diagnostics	2026-10-07T16:45:16.7882394Z       "env",
verify	Recover stopped G5 original compiler diagnostics	2026-10-07T16:45:16.7882572Z       "lean",
verify	Recover stopped G5 original compiler diagnostics	2026-10-07T16:45:16.7882754Z       "--trust=0",
verify	Recover stopped G5 original compiler diagnostics	2026-10-07T16:45:16.7882942Z       "-j1",
verify	Recover stopped G5 original compiler diagnostics	2026-10-07T16:45:16.7883126Z       "-M4096",
verify	Recover stopped G5 original compiler diagnostics	2026-10-07T16:45:16.7883315Z       "-R",
verify	Recover stopped G5 original compiler diagnostics	2026-10-07T16:45:16.7883528Z       "/home/runner/work/_temp/cloud-g5-build",
verify	Recover stopped G5 original compiler diagnostics	2026-10-07T16:45:16.7883796Z       "-o",
verify	Recover stopped G5 original compiler diagnostics	2026-10-07T16:45:16.7884270Z       "/home/runner/work/_temp/cloud-g5-build/.lake/build/lib/lean/UnifiedLean/Source/SourceFiniteJumpExpansion.olean",
verify	Recover stopped G5 original compiler diagnostics	2026-10-07T16:45:16.7884795Z       "-i",
verify	Recover stopped G5 original compiler diagnostics	2026-10-07T16:45:16.7885254Z       "/home/runner/work/_temp/cloud-g5-build/.lake/build/lib/lean/UnifiedLean/Source/SourceFiniteJumpExpansion.ilean",
verify	Recover stopped G5 original compiler diagnostics	2026-10-07T16:45:16.7885978Z       "/home/runner/work/_temp/cloud-g5-build/UnifiedLean/Source/SourceFiniteJumpExpansion.lean"
verify	Recover stopped G5 original compiler diagnostics	2026-10-07T16:45:16.7886410Z     ],
verify	Recover stopped G5 original compiler diagnostics	2026-10-07T16:45:16.7886602Z     "start_unix": 1791389810.4666784,
verify	Recover stopped G5 original compiler diagnostics	2026-10-07T16:45:16.7886860Z     "end_unix": 1791389813.7876315,
verify	Recover stopped G5 original compiler diagnostics	2026-10-07T16:45:16.7887213Z     "exit": 0,
verify	Recover stopped G5 original compiler diagnostics	2026-10-07T16:45:16.7887557Z     "log_sha256": "3dddba0b24d0151d3c4a31c1de7e2eb7b715c495db5f486399d069b1c2930ca5"
verify	Recover stopped G5 original compiler diagnostics	2026-10-07T16:45:16.7887946Z   },
verify	Recover stopped G5 original compiler diagnostics	2026-10-07T16:45:16.7888114Z   {
verify	Recover stopped G5 original compiler diagnostics	2026-10-07T16:45:16.7888377Z     "name": "UnifiedLean.Source.SourceRaceWinnerSelection",
verify	Recover stopped G5 original compiler diagnostics	2026-10-07T16:45:16.7888703Z     "command": [
verify	Recover stopped G5 original compiler diagnostics	2026-10-07T16:45:16.7888891Z       "lake",
verify	Recover stopped G5 original compiler diagnostics	2026-10-07T16:45:16.7889071Z       "env",
verify	Recover stopped G5 original compiler diagnostics	2026-10-07T16:45:16.7889250Z       "lean",
verify	Recover stopped G5 original compiler diagnostics	2026-10-07T16:45:16.7889435Z       "--trust=0",
verify	Recover stopped G5 original compiler diagnostics	2026-10-07T16:45:16.7889632Z       "-j1",
verify	Recover stopped G5 original compiler diagnostics	2026-10-07T16:45:16.7889815Z       "-M4096",
verify	Recover stopped G5 original compiler diagnostics	2026-10-07T16:45:16.7890000Z       "-R",
verify	Recover stopped G5 original compiler diagnostics	2026-10-07T16:45:16.7890213Z       "/home/runner/work/_temp/cloud-g5-build",
verify	Recover stopped G5 original compiler diagnostics	2026-10-07T16:45:16.7890487Z       "-o",
verify	Recover stopped G5 original compiler diagnostics	2026-10-07T16:45:16.7890962Z       "/home/runner/work/_temp/cloud-g5-build/.lake/build/lib/lean/UnifiedLean/Source/SourceRaceWinnerSelection.olean",
verify	Recover stopped G5 original compiler diagnostics	2026-10-07T16:45:16.7891477Z       "-i",
verify	Recover stopped G5 original compiler diagnostics	2026-10-07T16:45:16.7891937Z       "/home/runner/work/_temp/cloud-g5-build/.lake/build/lib/lean/UnifiedLean/Source/SourceRaceWinnerSelection.ilean",
verify	Recover stopped G5 original compiler diagnostics	2026-10-07T16:45:16.7892654Z       "/home/runner/work/_temp/cloud-g5-build/UnifiedLean/Source/SourceRaceWinnerSelection.lean"
verify	Recover stopped G5 original compiler diagnostics	2026-10-07T16:45:16.7893086Z     ],
verify	Recover stopped G5 original compiler diagnostics	2026-10-07T16:45:16.7893280Z     "start_unix": 1791389813.7897968,
verify	Recover stopped G5 original compiler diagnostics	2026-10-07T16:45:16.7893538Z     "end_unix": 1791389817.0109804,
verify	Recover stopped G5 original compiler diagnostics	2026-10-07T16:45:16.7893773Z     "exit": 0,
verify	Recover stopped G5 original compiler diagnostics	2026-10-07T16:45:16.7894114Z     "log_sha256": "aa625ca0e3198c2e18c709e18a67438776dbee49e234b742e253055eb61b306d"
verify	Recover stopped G5 original compiler diagnostics	2026-10-07T16:45:16.7894635Z   },
verify	Recover stopped G5 original compiler diagnostics	2026-10-07T16:45:16.7894805Z   {
verify	Recover stopped G5 original compiler diagnostics	2026-10-07T16:45:16.7895075Z     "name": "UnifiedLean.Source.SourceLiteralClockEndpoint",
verify	Recover stopped G5 original compiler diagnostics	2026-10-07T16:45:16.7895407Z     "command": [
verify	Recover stopped G5 original compiler diagnostics	2026-10-07T16:45:16.7895598Z       "lake",
verify	Recover stopped G5 original compiler diagnostics	2026-10-07T16:45:16.7895780Z       "env",
verify	Recover stopped G5 original compiler diagnostics	2026-10-07T16:45:16.7895963Z       "lean",
verify	Recover stopped G5 original compiler diagnostics	2026-10-07T16:45:16.7896145Z       "--trust=0",
verify	Recover stopped G5 original compiler diagnostics	2026-10-07T16:45:16.7896334Z       "-j1",
verify	Recover stopped G5 original compiler diagnostics	2026-10-07T16:45:16.7896517Z       "-M4096",
verify	Recover stopped G5 original compiler diagnostics	2026-10-07T16:45:16.7896702Z       "-R",
verify	Recover stopped G5 original compiler diagnostics	2026-10-07T16:45:16.7896920Z       "/home/runner/work/_temp/cloud-g5-build",
verify	Recover stopped G5 original compiler diagnostics	2026-10-07T16:45:16.7897309Z       "-o",
verify	Recover stopped G5 original compiler diagnostics	2026-10-07T16:45:16.7897783Z       "/home/runner/work/_temp/cloud-g5-build/.lake/build/lib/lean/UnifiedLean/Source/SourceLiteralClockEndpoint.olean",
verify	Recover stopped G5 original compiler diagnostics	2026-10-07T16:45:16.7898301Z       "-i",
verify	Recover stopped G5 original compiler diagnostics	2026-10-07T16:45:16.7898761Z       "/home/runner/work/_temp/cloud-g5-build/.lake/build/lib/lean/UnifiedLean/Source/SourceLiteralClockEndpoint.ilean",
verify	Recover stopped G5 original compiler diagnostics	2026-10-07T16:45:16.7899487Z       "/home/runner/work/_temp/cloud-g5-build/UnifiedLean/Source/SourceLiteralClockEndpoint.lean"
verify	Recover stopped G5 original compiler diagnostics	2026-10-07T16:45:16.7899930Z     ],
verify	Recover stopped G5 original compiler diagnostics	2026-10-07T16:45:16.7900125Z     "start_unix": 1791389817.0134642,
verify	Recover stopped G5 original compiler diagnostics	2026-10-07T16:45:16.7900504Z     "end_unix": 1791389820.586899,
verify	Recover stopped G5 original compiler diagnostics	2026-10-07T16:45:16.7900737Z     "exit": 0,
verify	Recover stopped G5 original compiler diagnostics	2026-10-07T16:45:16.7901073Z     "log_sha256": "984316978f8e079aaa8a7143a954389cdcbc4e3b0460a471476153738a88c7fe"
verify	Recover stopped G5 original compiler diagnostics	2026-10-07T16:45:16.7901456Z   },
verify	Recover stopped G5 original compiler diagnostics	2026-10-07T16:45:16.7901622Z   {
verify	Recover stopped G5 original compiler diagnostics	2026-10-07T16:45:16.7901824Z     "name": "G2LiteralMarkedClockTrace",
verify	Recover stopped G5 original compiler diagnostics	2026-10-07T16:45:16.7902090Z     "command": [
verify	Recover stopped G5 original compiler diagnostics	2026-10-07T16:45:16.7902280Z       "lake",
verify	Recover stopped G5 original compiler diagnostics	2026-10-07T16:45:16.7902461Z       "env",
verify	Recover stopped G5 original compiler diagnostics	2026-10-07T16:45:16.7902640Z       "lean",
verify	Recover stopped G5 original compiler diagnostics	2026-10-07T16:45:16.7902822Z       "--trust=0",
verify	Recover stopped G5 original compiler diagnostics	2026-10-07T16:45:16.7903011Z       "-j1",
verify	Recover stopped G5 original compiler diagnostics	2026-10-07T16:45:16.7903191Z       "-M4096",
verify	Recover stopped G5 original compiler diagnostics	2026-10-07T16:45:16.7903376Z       "-R",
verify	Recover stopped G5 original compiler diagnostics	2026-10-07T16:45:16.7903612Z       "/home/runner/work/_temp/cloud-g5-build/TimedG2",
verify	Recover stopped G5 original compiler diagnostics	2026-10-07T16:45:16.7903904Z       "-o",
verify	Recover stopped G5 original compiler diagnostics	2026-10-07T16:45:16.7904303Z       "/home/runner/work/_temp/cloud-g5-build/.lake/build/lib/lean/G2LiteralMarkedClockTrace.olean",
verify	Recover stopped G5 original compiler diagnostics	2026-10-07T16:45:16.7904749Z       "-i",
verify	Recover stopped G5 original compiler diagnostics	2026-10-07T16:45:16.7905146Z       "/home/runner/work/_temp/cloud-g5-build/.lake/build/lib/lean/G2LiteralMarkedClockTrace.ilean",
verify	Recover stopped G5 original compiler diagnostics	2026-10-07T16:45:16.7905747Z       "/home/runner/work/_temp/cloud-g5-build/TimedG2/G2LiteralMarkedClockTrace.lean"
verify	Recover stopped G5 original compiler diagnostics	2026-10-07T16:45:16.7906139Z     ],
verify	Recover stopped G5 original compiler diagnostics	2026-10-07T16:45:16.7906336Z     "start_unix": 1791389820.5890818,
verify	Recover stopped G5 original compiler diagnostics	2026-10-07T16:45:16.7906594Z     "end_unix": 1791389827.5683587,
verify	Recover stopped G5 original compiler diagnostics	2026-10-07T16:45:16.7906830Z     "exit": 0,
verify	Recover stopped G5 original compiler diagnostics	2026-10-07T16:45:16.7907286Z     "log_sha256": "749da35ce0cc1290ac6987e73e28259f012eb72572fd042341e9b3523550a125"
verify	Recover stopped G5 original compiler diagnostics	2026-10-07T16:45:16.7907678Z   },
verify	Recover stopped G5 original compiler diagnostics	2026-10-07T16:45:16.7907848Z   {
verify	Recover stopped G5 original compiler diagnostics	2026-10-07T16:45:16.7908047Z     "name": "G2ActualDecorationFold",
verify	Recover stopped G5 original compiler diagnostics	2026-10-07T16:45:16.7908302Z     "command": [
verify	Recover stopped G5 original compiler diagnostics	2026-10-07T16:45:16.7908497Z       "lake",
verify	Recover stopped G5 original compiler diagnostics	2026-10-07T16:45:16.7908681Z       "env",
verify	Recover stopped G5 original compiler diagnostics	2026-10-07T16:45:16.7908864Z       "lean",
verify	Recover stopped G5 original compiler diagnostics	2026-10-07T16:45:16.7909064Z       "--trust=0",
verify	Recover stopped G5 original compiler diagnostics	2026-10-07T16:45:16.7909257Z       "-j1",
verify	Recover stopped G5 original compiler diagnostics	2026-10-07T16:45:16.7909438Z       "-M4096",
verify	Recover stopped G5 original compiler diagnostics	2026-10-07T16:45:16.7909626Z       "-R",
verify	Recover stopped G5 original compiler diagnostics	2026-10-07T16:45:16.7909866Z       "/home/runner/work/_temp/cloud-g5-build/TimedG2",
verify	Recover stopped G5 original compiler diagnostics	2026-10-07T16:45:16.7910157Z       "-o",
verify	Recover stopped G5 original compiler diagnostics	2026-10-07T16:45:16.7910541Z       "/home/runner/work/_temp/cloud-g5-build/.lake/build/lib/lean/G2ActualDecorationFold.olean",
verify	Recover stopped G5 original compiler diagnostics	2026-10-07T16:45:16.7910977Z       "-i",
verify	Recover stopped G5 original compiler diagnostics	2026-10-07T16:45:16.7911352Z       "/home/runner/work/_temp/cloud-g5-build/.lake/build/lib/lean/G2ActualDecorationFold.ilean",
verify	Recover stopped G5 original compiler diagnostics	2026-10-07T16:45:16.7911934Z       "/home/runner/work/_temp/cloud-g5-build/TimedG2/G2ActualDecorationFold.lean"
verify	Recover stopped G5 original compiler diagnostics	2026-10-07T16:45:16.7912311Z     ],
verify	Recover stopped G5 original compiler diagnostics	2026-10-07T16:45:16.7912509Z     "start_unix": 1791389827.5712206,
verify	Recover stopped G5 original compiler diagnostics	2026-10-07T16:45:16.7912770Z     "end_unix": 1791389830.9425282,
verify	Recover stopped G5 original compiler diagnostics	2026-10-07T16:45:16.7913006Z     "exit": 0,
verify	Recover stopped G5 original compiler diagnostics	2026-10-07T16:45:16.7913360Z     "log_sha256": "2b1ebec7fc7a1718e4bb28a8ff2032f87342179f9fb5414b6373302ff26919e3"
verify	Recover stopped G5 original compiler diagnostics	2026-10-07T16:45:16.7913888Z   },
verify	Recover stopped G5 original compiler diagnostics	2026-10-07T16:45:16.7914056Z   {
verify	Recover stopped G5 original compiler diagnostics	2026-10-07T16:45:16.7914263Z     "name": "G2DecorationMeasurability",
verify	Recover stopped G5 original compiler diagnostics	2026-10-07T16:45:16.7914531Z     "command": [
verify	Recover stopped G5 original compiler diagnostics	2026-10-07T16:45:16.7914723Z       "lake",
verify	Recover stopped G5 original compiler diagnostics	2026-10-07T16:45:16.7914906Z       "env",
verify	Recover stopped G5 original compiler diagnostics	2026-10-07T16:45:16.7915087Z       "lean",
verify	Recover stopped G5 original compiler diagnostics	2026-10-07T16:45:16.7915272Z       "--trust=0",
verify	Recover stopped G5 original compiler diagnostics	2026-10-07T16:45:16.7915465Z       "-j1",
verify	Recover stopped G5 original compiler diagnostics	2026-10-07T16:45:16.7915645Z       "-M4096",
verify	Recover stopped G5 original compiler diagnostics	2026-10-07T16:45:16.7915829Z       "-R",
verify	Recover stopped G5 original compiler diagnostics	2026-10-07T16:45:16.7916072Z       "/home/runner/work/_temp/cloud-g5-build/TimedG2",
verify	Recover stopped G5 original compiler diagnostics	2026-10-07T16:45:16.7916357Z       "-o",
verify	Recover stopped G5 original compiler diagnostics	2026-10-07T16:45:16.7916757Z       "/home/runner/work/_temp/cloud-g5-build/.lake/build/lib/lean/G2DecorationMeasurability.olean",
verify	Recover stopped G5 original compiler diagnostics	2026-10-07T16:45:16.7917331Z       "-i",
verify	Recover stopped G5 original compiler diagnostics	2026-10-07T16:45:16.7917726Z       "/home/runner/work/_temp/cloud-g5-build/.lake/build/lib/lean/G2DecorationMeasurability.ilean",
verify	Recover stopped G5 original compiler diagnostics	2026-10-07T16:45:16.7918334Z       "/home/runner/work/_temp/cloud-g5-build/TimedG2/G2DecorationMeasurability.lean"
verify	Recover stopped G5 original compiler diagnostics	2026-10-07T16:45:16.7918726Z     ],
verify	Recover stopped G5 original compiler diagnostics	2026-10-07T16:45:16.7918922Z     "start_unix": 1791389830.9447591,
verify	Recover stopped G5 original compiler diagnostics	2026-10-07T16:45:16.7919182Z     "end_unix": 1791389834.2685108,
verify	Recover stopped G5 original compiler diagnostics	2026-10-07T16:45:16.7919573Z     "exit": 0,
verify	Recover stopped G5 original compiler diagnostics	2026-10-07T16:45:16.7919920Z     "log_sha256": "43bda4b654c83b1771a71b7183659694b1a998ebdc3855bee3b54edbb70656b0"
verify	Recover stopped G5 original compiler diagnostics	2026-10-07T16:45:16.7920302Z   },
verify	Recover stopped G5 original compiler diagnostics	2026-10-07T16:45:16.7920473Z   {
verify	Recover stopped G5 original compiler diagnostics	2026-10-07T16:45:16.7920667Z     "name": "G2MarkedTraceRenewal",
verify	Recover stopped G5 original compiler diagnostics	2026-10-07T16:45:16.7920912Z     "command": [
verify	Recover stopped G5 original compiler diagnostics	2026-10-07T16:45:16.7921105Z       "lake",
verify	Recover stopped G5 original compiler diagnostics	2026-10-07T16:45:16.7921286Z       "env",
verify	Recover stopped G5 original compiler diagnostics	2026-10-07T16:45:16.7921464Z       "lean",
verify	Recover stopped G5 original compiler diagnostics	2026-10-07T16:45:16.7921644Z       "--trust=0",
verify	Recover stopped G5 original compiler diagnostics	2026-10-07T16:45:16.7921835Z       "-j1",
verify	Recover stopped G5 original compiler diagnostics	2026-10-07T16:45:16.7922015Z       "-M4096",
verify	Recover stopped G5 original compiler diagnostics	2026-10-07T16:45:16.7922200Z       "-R",
verify	Recover stopped G5 original compiler diagnostics	2026-10-07T16:45:16.7922439Z       "/home/runner/work/_temp/cloud-g5-build/TimedG2",
verify	Recover stopped G5 original compiler diagnostics	2026-10-07T16:45:16.7922723Z       "-o",
verify	Recover stopped G5 original compiler diagnostics	2026-10-07T16:45:16.7923096Z       "/home/runner/work/_temp/cloud-g5-build/.lake/build/lib/lean/G2MarkedTraceRenewal.olean",
verify	Recover stopped G5 original compiler diagnostics	2026-10-07T16:45:16.7923526Z       "-i",
verify	Recover stopped G5 original compiler diagnostics	2026-10-07T16:45:16.7923895Z       "/home/runner/work/_temp/cloud-g5-build/.lake/build/lib/lean/G2MarkedTraceRenewal.ilean",
verify	Recover stopped G5 original compiler diagnostics	2026-10-07T16:45:16.7924461Z       "/home/runner/work/_temp/cloud-g5-build/TimedG2/G2MarkedTraceRenewal.lean"
verify	Recover stopped G5 original compiler diagnostics	2026-10-07T16:45:16.7924832Z     ],
verify	Recover stopped G5 original compiler diagnostics	2026-10-07T16:45:16.7925027Z     "start_unix": 1791389834.2719684,
verify	Recover stopped G5 original compiler diagnostics	2026-10-07T16:45:16.7925282Z     "end_unix": 1791389840.1485298,
verify	Recover stopped G5 original compiler diagnostics	2026-10-07T16:45:16.7925514Z     "exit": 0,
verify	Recover stopped G5 original compiler diagnostics	2026-10-07T16:45:16.7925852Z     "log_sha256": "9428a02081cf5420401fd94122132b52528ca965076ad80a6628c054fd573b4d"
verify	Recover stopped G5 original compiler diagnostics	2026-10-07T16:45:16.7926224Z   },
verify	Recover stopped G5 original compiler diagnostics	2026-10-07T16:45:16.7926387Z   {
verify	Recover stopped G5 original compiler diagnostics	2026-10-07T16:45:16.7926580Z     "name": "G2LiteralEpochLaw",
verify	Recover stopped G5 original compiler diagnostics	2026-10-07T16:45:16.7926819Z     "command": [
verify	Recover stopped G5 original compiler diagnostics	2026-10-07T16:45:16.7927126Z       "lake",
verify	Recover stopped G5 original compiler diagnostics	2026-10-07T16:45:16.7927310Z       "env",
verify	Recover stopped G5 original compiler diagnostics	2026-10-07T16:45:16.7927490Z       "lean",
verify	Recover stopped G5 original compiler diagnostics	2026-10-07T16:45:16.7927673Z       "--trust=0",
verify	Recover stopped G5 original compiler diagnostics	2026-10-07T16:45:16.7927868Z       "-j1",
verify	Recover stopped G5 original compiler diagnostics	2026-10-07T16:45:16.7928047Z       "-M4096",
verify	Recover stopped G5 original compiler diagnostics	2026-10-07T16:45:16.7928235Z       "-R",
verify	Recover stopped G5 original compiler diagnostics	2026-10-07T16:45:16.7928474Z       "/home/runner/work/_temp/cloud-g5-build/TimedG2",
verify	Recover stopped G5 original compiler diagnostics	2026-10-07T16:45:16.7928763Z       "-o",
verify	Recover stopped G5 original compiler diagnostics	2026-10-07T16:45:16.7929128Z       "/home/runner/work/_temp/cloud-g5-build/.lake/build/lib/lean/G2LiteralEpochLaw.olean",
verify	Recover stopped G5 original compiler diagnostics	2026-10-07T16:45:16.7929544Z       "-i",
verify	Recover stopped G5 original compiler diagnostics	2026-10-07T16:45:16.7929901Z       "/home/runner/work/_temp/cloud-g5-build/.lake/build/lib/lean/G2LiteralEpochLaw.ilean",
verify	Recover stopped G5 original compiler diagnostics	2026-10-07T16:45:16.7930440Z       "/home/runner/work/_temp/cloud-g5-build/TimedG2/G2LiteralEpochLaw.lean"
verify	Recover stopped G5 original compiler diagnostics	2026-10-07T16:45:16.7930944Z     ],
verify	Recover stopped G5 original compiler diagnostics	2026-10-07T16:45:16.7931384Z     "start_unix": 1791389840.1509633,
verify	Recover stopped G5 original compiler diagnostics	2026-10-07T16:45:16.7937737Z     "end_unix": 1791389844.8247266,
verify	Recover stopped G5 original compiler diagnostics	2026-10-07T16:45:16.7938080Z     "exit": 0,
verify	Recover stopped G5 original compiler diagnostics	2026-10-07T16:45:16.7938462Z     "log_sha256": "1b61bbd8d6e4f83e658ef9fe57c66058efa1285e37df5d3df1946f2d1ba35570"
verify	Recover stopped G5 original compiler diagnostics	2026-10-07T16:45:16.7938883Z   },
verify	Recover stopped G5 original compiler diagnostics	2026-10-07T16:45:16.7939056Z   {
verify	Recover stopped G5 original compiler diagnostics	2026-10-07T16:45:16.7939458Z     "name": "G2ActualCalendarTrace",
verify	Recover stopped G5 original compiler diagnostics	2026-10-07T16:45:16.7939731Z     "command": [
verify	Recover stopped G5 original compiler diagnostics	2026-10-07T16:45:16.7939930Z       "lake",
verify	Recover stopped G5 original compiler diagnostics	2026-10-07T16:45:16.7940119Z       "env",
verify	Recover stopped G5 original compiler diagnostics	2026-10-07T16:45:16.7940295Z       "lean",
verify	Recover stopped G5 original compiler diagnostics	2026-10-07T16:45:16.7940479Z       "--trust=0",
verify	Recover stopped G5 original compiler diagnostics	2026-10-07T16:45:16.7940677Z       "-j1",
verify	Recover stopped G5 original compiler diagnostics	2026-10-07T16:45:16.7940861Z       "-M4096",
verify	Recover stopped G5 original compiler diagnostics	2026-10-07T16:45:16.7941049Z       "-R",
verify	Recover stopped G5 original compiler diagnostics	2026-10-07T16:45:16.7941292Z       "/home/runner/work/_temp/cloud-g5-build/TimedG2",
verify	Recover stopped G5 original compiler diagnostics	2026-10-07T16:45:16.7941583Z       "-o",
verify	Recover stopped G5 original compiler diagnostics	2026-10-07T16:45:16.7941979Z       "/home/runner/work/_temp/cloud-g5-build/.lake/build/lib/lean/G2ActualCalendarTrace.olean",
verify	Recover stopped G5 original compiler diagnostics	2026-10-07T16:45:16.7942443Z       "-i",
verify	Recover stopped G5 original compiler diagnostics	2026-10-07T16:45:16.7942836Z       "/home/runner/work/_temp/cloud-g5-build/.lake/build/lib/lean/G2ActualCalendarTrace.ilean",
verify	Recover stopped G5 original compiler diagnostics	2026-10-07T16:45:16.7943417Z       "/home/runner/work/_temp/cloud-g5-build/TimedG2/G2ActualCalendarTrace.lean"
verify	Recover stopped G5 original compiler diagnostics	2026-10-07T16:45:16.7943796Z     ],
verify	Recover stopped G5 original compiler diagnostics	2026-10-07T16:45:16.7943994Z     "start_unix": 1791389844.827318,
verify	Recover stopped G5 original compiler diagnostics	2026-10-07T16:45:16.7944253Z     "end_unix": 1791389849.2509139,
verify	Recover stopped G5 original compiler diagnostics	2026-10-07T16:45:16.7944485Z     "exit": 0,
verify	Recover stopped G5 original compiler diagnostics	2026-10-07T16:45:16.7944837Z     "log_sha256": "21c1eb64bf94eeb8f441f3795a518663b9943480e1b8b1d6bbfe517b66e02e91"
verify	Recover stopped G5 original compiler diagnostics	2026-10-07T16:45:16.7945352Z   },
verify	Recover stopped G5 original compiler diagnostics	2026-10-07T16:45:16.7945524Z   {
verify	Recover stopped G5 original compiler diagnostics	2026-10-07T16:45:16.7945778Z     "name": "UnifiedLean.Source.SourceEmbeddedJumpLaw",
verify	Recover stopped G5 original compiler diagnostics	2026-10-07T16:45:16.7946098Z     "command": [
verify	Recover stopped G5 original compiler diagnostics	2026-10-07T16:45:16.7946289Z       "lake",
verify	Recover stopped G5 original compiler diagnostics	2026-10-07T16:45:16.7946468Z       "env",
verify	Recover stopped G5 original compiler diagnostics	2026-10-07T16:45:16.7946647Z       "lean",
verify	Recover stopped G5 original compiler diagnostics	2026-10-07T16:45:16.7946830Z       "--trust=0",
verify	Recover stopped G5 original compiler diagnostics	2026-10-07T16:45:16.7947250Z       "-j1",
verify	Recover stopped G5 original compiler diagnostics	2026-10-07T16:45:16.7947450Z       "-M4096",
verify	Recover stopped G5 original compiler diagnostics	2026-10-07T16:45:16.7947639Z       "-R",
verify	Recover stopped G5 original compiler diagnostics	2026-10-07T16:45:16.7947864Z       "/home/runner/work/_temp/cloud-g5-build",
verify	Recover stopped G5 original compiler diagnostics	2026-10-07T16:45:16.7948142Z       "-o",
verify	Recover stopped G5 original compiler diagnostics	2026-10-07T16:45:16.7948620Z       "/home/runner/work/_temp/cloud-g5-build/.lake/build/lib/lean/UnifiedLean/Source/SourceEmbeddedJumpLaw.olean",
verify	Recover stopped G5 original compiler diagnostics	2026-10-07T16:45:16.7949158Z       "-i",
verify	Recover stopped G5 original compiler diagnostics	2026-10-07T16:45:16.7949617Z       "/home/runner/work/_temp/cloud-g5-build/.lake/build/lib/lean/UnifiedLean/Source/SourceEmbeddedJumpLaw.ilean",
verify	Recover stopped G5 original compiler diagnostics	2026-10-07T16:45:16.7950311Z       "/home/runner/work/_temp/cloud-g5-build/UnifiedLean/Source/SourceEmbeddedJumpLaw.lean"
verify	Recover stopped G5 original compiler diagnostics	2026-10-07T16:45:16.7950731Z     ],
verify	Recover stopped G5 original compiler diagnostics	2026-10-07T16:45:16.7950932Z     "start_unix": 1791389849.2533317,
verify	Recover stopped G5 original compiler diagnostics	2026-10-07T16:45:16.7951192Z     "end_unix": 1791389852.9750197,
verify	Recover stopped G5 original compiler diagnostics	2026-10-07T16:45:16.7951429Z     "exit": 0,
verify	Recover stopped G5 original compiler diagnostics	2026-10-07T16:45:16.7951772Z     "log_sha256": "c114d42f5699e997006d06ff1f8bb7d6980706ea29b0327f1a6815a018632b7c"
verify	Recover stopped G5 original compiler diagnostics	2026-10-07T16:45:16.7952153Z   },
verify	Recover stopped G5 original compiler diagnostics	2026-10-07T16:45:16.7952324Z   {
verify	Recover stopped G5 original compiler diagnostics	2026-10-07T16:45:16.7952609Z     "name": "UnifiedLean.Source.NativeIndependentPairMixture",
verify	Recover stopped G5 original compiler diagnostics	2026-10-07T16:45:16.7952953Z     "command": [
verify	Recover stopped G5 original compiler diagnostics	2026-10-07T16:45:16.7953144Z       "lake",
verify	Recover stopped G5 original compiler diagnostics	2026-10-07T16:45:16.7953324Z       "env",
verify	Recover stopped G5 original compiler diagnostics	2026-10-07T16:45:16.7953503Z       "lean",
verify	Recover stopped G5 original compiler diagnostics	2026-10-07T16:45:16.7953684Z       "--trust=0",
verify	Recover stopped G5 original compiler diagnostics	2026-10-07T16:45:16.7953877Z       "-j1",
verify	Recover stopped G5 original compiler diagnostics	2026-10-07T16:45:16.7954057Z       "-M4096",
verify	Recover stopped G5 original compiler diagnostics	2026-10-07T16:45:16.7954239Z       "-R",
verify	Recover stopped G5 original compiler diagnostics	2026-10-07T16:45:16.7954456Z       "/home/runner/work/_temp/cloud-g5-build",
verify	Recover stopped G5 original compiler diagnostics	2026-10-07T16:45:16.7954730Z       "-o",
verify	Recover stopped G5 original compiler diagnostics	2026-10-07T16:45:16.7955217Z       "/home/runner/work/_temp/cloud-g5-build/.lake/build/lib/lean/UnifiedLean/Source/NativeIndependentPairMixture.olean",
verify	Recover stopped G5 original compiler diagnostics	2026-10-07T16:45:16.7955751Z       "-i",
verify	Recover stopped G5 original compiler diagnostics	2026-10-07T16:45:16.7956226Z       "/home/runner/work/_temp/cloud-g5-build/.lake/build/lib/lean/UnifiedLean/Source/NativeIndependentPairMixture.ilean",
verify	Recover stopped G5 original compiler diagnostics	2026-10-07T16:45:16.7957112Z       "/home/runner/work/_temp/cloud-g5-build/UnifiedLean/Source/NativeIndependentPairMixture.lean"
verify	Recover stopped G5 original compiler diagnostics	2026-10-07T16:45:16.7957569Z     ],
verify	Recover stopped G5 original compiler diagnostics	2026-10-07T16:45:16.7957766Z     "start_unix": 1791389852.9772835,
verify	Recover stopped G5 original compiler diagnostics	2026-10-07T16:45:16.7958023Z     "end_unix": 1791389856.398617,
verify	Recover stopped G5 original compiler diagnostics	2026-10-07T16:45:16.7958254Z     "exit": 0,
verify	Recover stopped G5 original compiler diagnostics	2026-10-07T16:45:16.7958597Z     "log_sha256": "36d70c955453256b283d68b6c3ed1cde1e242a886858affe485970b415dd19f0"
verify	Recover stopped G5 original compiler diagnostics	2026-10-07T16:45:16.7959130Z   },
verify	Recover stopped G5 original compiler diagnostics	2026-10-07T16:45:16.7959306Z   {
verify	Recover stopped G5 original compiler diagnostics	2026-10-07T16:45:16.7959582Z     "name": "UnifiedLean.Source.SourceNaturalInitialization",
verify	Recover stopped G5 original compiler diagnostics	2026-10-07T16:45:16.7959925Z     "command": [
verify	Recover stopped G5 original compiler diagnostics	2026-10-07T16:45:16.7960118Z       "lake",
verify	Recover stopped G5 original compiler diagnostics	2026-10-07T16:45:16.7960301Z       "env",
verify	Recover stopped G5 original compiler diagnostics	2026-10-07T16:45:16.7960482Z       "lean",
verify	Recover stopped G5 original compiler diagnostics	2026-10-07T16:45:16.7960663Z       "--trust=0",
verify	Recover stopped G5 original compiler diagnostics	2026-10-07T16:45:16.7960855Z       "-j1",
verify	Recover stopped G5 original compiler diagnostics	2026-10-07T16:45:16.7961038Z       "-M4096",
verify	Recover stopped G5 original compiler diagnostics	2026-10-07T16:45:16.7961222Z       "-R",
verify	Recover stopped G5 original compiler diagnostics	2026-10-07T16:45:16.7961437Z       "/home/runner/work/_temp/cloud-g5-build",
verify	Recover stopped G5 original compiler diagnostics	2026-10-07T16:45:16.7961705Z       "-o",
verify	Recover stopped G5 original compiler diagnostics	2026-10-07T16:45:16.7962191Z       "/home/runner/work/_temp/cloud-g5-build/.lake/build/lib/lean/UnifiedLean/Source/SourceNaturalInitialization.olean",
verify	Recover stopped G5 original compiler diagnostics	2026-10-07T16:45:16.7962715Z       "-i",
verify	Recover stopped G5 original compiler diagnostics	2026-10-07T16:45:16.7963187Z       "/home/runner/work/_temp/cloud-g5-build/.lake/build/lib/lean/UnifiedLean/Source/SourceNaturalInitialization.ilean",
verify	Recover stopped G5 original compiler diagnostics	2026-10-07T16:45:16.7963919Z       "/home/runner/work/_temp/cloud-g5-build/UnifiedLean/Source/SourceNaturalInitialization.lean"
verify	Recover stopped G5 original compiler diagnostics	2026-10-07T16:45:16.7964005Z     ],
verify	Recover stopped G5 original compiler diagnostics	2026-10-07T16:45:16.7964104Z     "start_unix": 1791389856.4010348,
verify	Recover stopped G5 original compiler diagnostics	2026-10-07T16:45:16.7964323Z     "end_unix": 1791389859.521754,
verify	Recover stopped G5 original compiler diagnostics	2026-10-07T16:45:16.7964409Z     "exit": 0,
verify	Recover stopped G5 original compiler diagnostics	2026-10-07T16:45:16.7964662Z     "log_sha256": "58d78dce2af6e04bd3ce7293acbf49e0072cfc825f4c641f8cc7eeeed0e76af7"
verify	Recover stopped G5 original compiler diagnostics	2026-10-07T16:45:16.7964737Z   },
verify	Recover stopped G5 original compiler diagnostics	2026-10-07T16:45:16.7964814Z   {
verify	Recover stopped G5 original compiler diagnostics	2026-10-07T16:45:16.7964988Z     "name": "UnifiedLean.Source.SourceAncestralCompletion",
verify	Recover stopped G5 original compiler diagnostics	2026-10-07T16:45:16.7965076Z     "command": [
verify	Recover stopped G5 original compiler diagnostics	2026-10-07T16:45:16.7965161Z       "lake",
verify	Recover stopped G5 original compiler diagnostics	2026-10-07T16:45:16.7965238Z       "env",
verify	Recover stopped G5 original compiler diagnostics	2026-10-07T16:45:16.7965320Z       "lean",
verify	Recover stopped G5 original compiler diagnostics	2026-10-07T16:45:16.7965401Z       "--trust=0",
verify	Recover stopped G5 original compiler diagnostics	2026-10-07T16:45:16.7965484Z       "-j1",
verify	Recover stopped G5 original compiler diagnostics	2026-10-07T16:45:16.7965562Z       "-M4096",
verify	Recover stopped G5 original compiler diagnostics	2026-10-07T16:45:16.7965643Z       "-R",
verify	Recover stopped G5 original compiler diagnostics	2026-10-07T16:45:16.7965762Z       "/home/runner/work/_temp/cloud-g5-build",
verify	Recover stopped G5 original compiler diagnostics	2026-10-07T16:45:16.7965844Z       "-o",
verify	Recover stopped G5 original compiler diagnostics	2026-10-07T16:45:16.7966232Z       "/home/runner/work/_temp/cloud-g5-build/.lake/build/lib/lean/UnifiedLean/Source/SourceAncestralCompletion.olean",
verify	Recover stopped G5 original compiler diagnostics	2026-10-07T16:45:16.7966314Z       "-i",
verify	Recover stopped G5 original compiler diagnostics	2026-10-07T16:45:16.7966681Z       "/home/runner/work/_temp/cloud-g5-build/.lake/build/lib/lean/UnifiedLean/Source/SourceAncestralCompletion.ilean",
verify	Recover stopped G5 original compiler diagnostics	2026-10-07T16:45:16.7966964Z       "/home/runner/work/_temp/cloud-g5-build/UnifiedLean/Source/SourceAncestralCompletion.lean"
verify	Recover stopped G5 original compiler diagnostics	2026-10-07T16:45:16.7967172Z     ],
verify	Recover stopped G5 original compiler diagnostics	2026-10-07T16:45:16.7967272Z     "start_unix": 1791389859.5268207,
verify	Recover stopped G5 original compiler diagnostics	2026-10-07T16:45:16.7967371Z     "end_unix": 1791389863.0485528,
verify	Recover stopped G5 original compiler diagnostics	2026-10-07T16:45:16.7967455Z     "exit": 0,
verify	Recover stopped G5 original compiler diagnostics	2026-10-07T16:45:16.7967692Z     "log_sha256": "e7d98cd3e6ba021e13437d90addd952ff8c75165db0c3f58e42f0311d8069ca5"
verify	Recover stopped G5 original compiler diagnostics	2026-10-07T16:45:16.7967773Z   }
verify	Recover stopped G5 original compiler diagnostics	2026-10-07T16:45:16.7967845Z ]
verify	Recover stopped G5 original compiler diagnostics	2026-10-07T16:45:16.7967855Z 
verify	Recover stopped G5 original compiler diagnostics	2026-10-07T16:45:16.7968003Z G5_ORIGINAL_SOURCE-CONTEXT.json {
verify	Recover stopped G5 original compiler diagnostics	2026-10-07T16:45:16.7968170Z   "source_commit": "a5a80af1dedc53ff060f8d521b50596851261cd4",
verify	Recover stopped G5 original compiler diagnostics	2026-10-07T16:45:16.7968294Z   "toolchain": "leanprover/lean4:v4.33.1",
verify	Recover stopped G5 original compiler diagnostics	2026-10-07T16:45:16.7968472Z   "mathlib_commit": "0df444a360eaa60ab8c11dca51a86af692955474",
verify	Recover stopped G5 original compiler diagnostics	2026-10-07T16:45:16.7968560Z   "contexts": [
verify	Recover stopped G5 original compiler diagnostics	2026-10-07T16:45:16.7968875Z     "2026-10-07-dot-g2-accepted-source-preservation-0006z/SOURCE-AND-DEPENDENCY-PINS.json",
verify	Recover stopped G5 original compiler diagnostics	2026-10-07T16:45:16.7969183Z     "2026-10-07-dot-g2-calendar-tail-source-successor-0058z/SOURCE-AND-DEPENDENCY-PINS.json",
verify	Recover stopped G5 original compiler diagnostics	2026-10-07T16:45:16.7969521Z     "2026-10-07-dot-g2-chronological-decoration-integration-0139z/SOURCE-AND-DEPENDENCY-PINS.json",
verify	Recover stopped G5 original compiler diagnostics	2026-10-07T16:45:16.7969820Z     "2026-10-07-dot-g2-age-reader-source-preservation-0253z/SOURCE-AND-DEPENDENCY-PINS.json",
verify	Recover stopped G5 original compiler diagnostics	2026-10-07T16:45:16.7970101Z     "2026-10-07-dot-g2-matrix-and-ancestral-support-0418z/SOURCE-AND-REVIEW-PINS.json",
verify	Recover stopped G5 original compiler diagnostics	2026-10-07T16:45:16.7970383Z     "2026-10-07-dot-g2-actual-calendar-pair-support-0456z/PUBLIC-DEPENDENCIES.json",
verify	Recover stopped G5 original compiler diagnostics	2026-10-07T16:45:16.7970644Z     "2026-10-07-dot-g2-strict-clock-compatibility-0645z/PUBLIC-DEPENDENCIES.json",
verify	Recover stopped G5 original compiler diagnostics	2026-10-07T16:45:16.7971072Z     "2026-10-07-dot-g2-actual-age-support-certificate-0723z/PUBLIC-SOURCE-CONTEXT.json",
verify	Recover stopped G5 original compiler diagnostics	2026-10-07T16:45:16.7971328Z     "2026-10-07-dot-g2-calendar-first-age-binding-0745z/PUBLIC-SOURCE-CONTEXT.json",
verify	Recover stopped G5 original compiler diagnostics	2026-10-07T16:45:16.7971574Z     "2026-10-07-dot-g2-complete-timed-support-0858z/PUBLIC-SOURCE-CONTEXT.json",
verify	Recover stopped G5 original compiler diagnostics	2026-10-07T16:45:16.7971875Z     "2026-10-07-dot-g2-timed-endpoint-ordinary-integration-0941z/PUBLIC-SOURCE-CONTEXT.json"
verify	Recover stopped G5 original compiler diagnostics	2026-10-07T16:45:16.7971949Z   ],
verify	Recover stopped G5 original compiler diagnostics	2026-10-07T16:45:16.7972061Z   "historical_replacements": [
verify	Recover stopped G5 original compiler diagnostics	2026-10-07T16:45:16.7972136Z     {
verify	Recover stopped G5 original compiler diagnostics	2026-10-07T16:45:16.7972247Z       "module": "G2WholeMatrixAges",
verify	Recover stopped G5 original compiler diagnostics	2026-10-07T16:45:16.7972327Z       "old": {
verify	Recover stopped G5 original compiler diagnostics	2026-10-07T16:45:16.7972697Z         "source": "research/2026-10-07-dot-g2-matrix-and-ancestral-support-0418z/sources/G2WholeMatrixAges.lean",
verify	Recover stopped G5 original compiler diagnostics	2026-10-07T16:45:16.7972953Z         "sha256": "08cbdcd35d8d98e9f3548cac3c23ad8f0e961c62ba95e0bfacbb84a8a9bc9aba",
verify	Recover stopped G5 original compiler diagnostics	2026-10-07T16:45:16.7973317Z         "authority": "research/2026-10-07-dot-g2-matrix-and-ancestral-support-0418z/SOURCE-AND-REVIEW-PINS.json"
verify	Recover stopped G5 original compiler diagnostics	2026-10-07T16:45:16.7973400Z       },
verify	Recover stopped G5 original compiler diagnostics	2026-10-07T16:45:16.7973839Z       "new_source": "research/2026-10-07-dot-g2-strict-clock-compatibility-0645z/G2WholeMatrixAges.lean",
verify	Recover stopped G5 original compiler diagnostics	2026-10-07T16:45:16.7974087Z       "new_sha256": "2c4a38c22a4fb6efa569796749eec7b00c3affd8ee1a57e33144a1bc893026b8"
verify	Recover stopped G5 original compiler diagnostics	2026-10-07T16:45:16.7974162Z     }
verify	Recover stopped G5 original compiler diagnostics	2026-10-07T16:45:16.7974240Z   ],
verify	Recover stopped G5 original compiler diagnostics	2026-10-07T16:45:16.7974325Z   "order": [
verify	Recover stopped G5 original compiler diagnostics	2026-10-07T16:45:16.7974413Z     "SourceNetwork",
verify	Recover stopped G5 original compiler diagnostics	2026-10-07T16:45:16.7974518Z     "G2LiveLineageRouting",
verify	Recover stopped G5 original compiler diagnostics	2026-10-07T16:45:16.7974613Z     "SourceLabelledForest",
verify	Recover stopped G5 original compiler diagnostics	2026-10-07T16:45:16.7974731Z     "SourceForestKingmanProjection",
verify	Recover stopped G5 original compiler diagnostics	2026-10-07T16:45:16.7974874Z     "SourceForestKingmanPopulationProjection",
verify	Recover stopped G5 original compiler diagnostics	2026-10-07T16:45:16.7975033Z     "UnifiedLean.Source.SourceForestSilentPruning",
verify	Recover stopped G5 original compiler diagnostics	2026-10-07T16:45:16.7975146Z     "G2FaithfulPairAgeDecoration",
verify	Recover stopped G5 original compiler diagnostics	2026-10-07T16:45:16.7975295Z     "UnifiedLean.Source.FiniteGenealogyEncoding",
verify	Recover stopped G5 original compiler diagnostics	2026-10-07T16:45:16.7975440Z     "UnifiedLean.Source.FiniteSourceSnapshot",
verify	Recover stopped G5 original compiler diagnostics	2026-10-07T16:45:16.7975527Z     "GraphLeaves",
verify	Recover stopped G5 original compiler diagnostics	2026-10-07T16:45:16.7975625Z     "GraphCuts",
verify	Recover stopped G5 original compiler diagnostics	2026-10-07T16:45:16.7975716Z     "G5BridgeBarrier",
verify	Recover stopped G5 original compiler diagnostics	2026-10-07T16:45:16.7975813Z     "G5CalendarRoutes",
verify	Recover stopped G5 original compiler diagnostics	2026-10-07T16:45:16.7975907Z     "G5ProtectiveBlock",
verify	Recover stopped G5 original compiler diagnostics	2026-10-07T16:45:16.7976016Z     "G5MinimalGraphInterface",
verify	Recover stopped G5 original compiler diagnostics	2026-10-07T16:45:16.7976124Z     "G6BridgeCannotEnterHybrid",
verify	Recover stopped G5 original compiler diagnostics	2026-10-07T16:45:16.7976233Z     "G5BridgeComponentEntries",
verify	Recover stopped G5 original compiler diagnostics	2026-10-07T16:45:16.7976337Z     "G5NonbridgeRouteBound",
verify	Recover stopped G5 original compiler diagnostics	2026-10-07T16:45:16.7976445Z     "G5ComponentCalendarCoverage",
verify	Recover stopped G5 original compiler diagnostics	2026-10-07T16:45:16.7976554Z     "G5ActualComponentSupport",
verify	Recover stopped G5 original compiler diagnostics	2026-10-07T16:45:16.7976659Z     "G5RootRouteCurrentSupport",
verify	Recover stopped G5 original compiler diagnostics	2026-10-07T16:45:16.7976768Z     "G5CurrentPortTwoPositions",
verify	Recover stopped G5 original compiler diagnostics	2026-10-07T16:45:16.7976876Z     "G5OriginalTipCurrentSupport",
verify	Recover stopped G5 original compiler diagnostics	2026-10-07T16:45:16.7977154Z     "G5ParentChoiceCalendar",
verify	Recover stopped G5 original compiler diagnostics	2026-10-07T16:45:16.7977267Z     "G5CoupledQuartetKernel",
verify	Recover stopped G5 original compiler diagnostics	2026-10-07T16:45:16.7977370Z     "G5FairSelectorMoments",
verify	Recover stopped G5 original compiler diagnostics	2026-10-07T16:45:16.7977471Z     "G5FairOriginalCoinLaw",
verify	Recover stopped G5 original compiler diagnostics	2026-10-07T16:45:16.7977564Z     "G5OriginalCoinPMF",
verify	Recover stopped G5 original compiler diagnostics	2026-10-07T16:45:16.7977681Z     "G5ParentPositionPushforward",
verify	Recover stopped G5 original compiler diagnostics	2026-10-07T16:45:16.7977792Z     "G5SafePastHybridDisjointness",
verify	Recover stopped G5 original compiler diagnostics	2026-10-07T16:45:16.7977908Z     "G5PairOnlySureBlockChronology",
verify	Recover stopped G5 original compiler diagnostics	2026-10-07T16:45:16.7978015Z     "G5SafePastMeetingPermanence",
verify	Recover stopped G5 original compiler diagnostics	2026-10-07T16:45:16.7978137Z     "G5ExponentialGermIdentification",
verify	Recover stopped G5 original compiler diagnostics	2026-10-07T16:45:16.7978239Z     "G5UnknownRateSupport",
verify	Recover stopped G5 original compiler diagnostics	2026-10-07T16:45:16.7978335Z     "G5OriginalRouteHazard",
verify	Recover stopped G5 original compiler diagnostics	2026-10-07T16:45:16.7978439Z     "G4TwoRootSourceStopping",
verify	Recover stopped G5 original compiler diagnostics	2026-10-07T16:45:16.7978536Z     "G1SharedRegisterStress",
verify	Recover stopped G5 original compiler diagnostics	2026-10-07T16:45:16.7978635Z     "G4FourRootPositivity",
verify	Recover stopped G5 original compiler diagnostics	2026-10-07T16:45:16.7978740Z     "G4IndependentRoutingBridge",
verify	Recover stopped G5 original compiler diagnostics	2026-10-07T16:45:16.7978840Z     "G4AllRootPairClocks",
verify	Recover stopped G5 original compiler diagnostics	2026-10-07T16:45:16.7978944Z     "G4PathResolvedMeasurement",
verify	Recover stopped G5 original compiler diagnostics	2026-10-07T16:45:16.7979083Z     "UnifiedLean.Source.NativeParentRouting",
verify	Recover stopped G5 original compiler diagnostics	2026-10-07T16:45:16.7979358Z     "UnifiedLean.Source.NativePairClockLaw",
verify	Recover stopped G5 original compiler diagnostics	2026-10-07T16:45:16.7979502Z     "UnifiedLean.Source.UniformizedSourceStep",
verify	Recover stopped G5 original compiler diagnostics	2026-10-07T16:45:16.7979613Z     "G2SourceGraftDecoration",
verify	Recover stopped G5 original compiler diagnostics	2026-10-07T16:45:16.7979804Z     "UnifiedLean.Source.SourceForestGeneratorIntertwining",
verify	Recover stopped G5 original compiler diagnostics	2026-10-07T16:45:16.7979983Z     "UnifiedLean.Source.SourceForestIntrinsicGenerator",
verify	Recover stopped G5 original compiler diagnostics	2026-10-07T16:45:16.7980138Z     "UnifiedLean.Source.SourceStepGeneratorBinding",
verify	Recover stopped G5 original compiler diagnostics	2026-10-07T16:45:16.7980304Z     "UnifiedLean.Source.MatrixProjectionExponential",
verify	Recover stopped G5 original compiler diagnostics	2026-10-07T16:45:16.7980452Z     "UnifiedLean.Source.SourceFiniteProjection",
verify	Recover stopped G5 original compiler diagnostics	2026-10-07T16:45:16.7980588Z     "UnifiedLean.Source.SourcePoissonKernel",
verify	Recover stopped G5 original compiler diagnostics	2026-10-07T16:45:16.7980744Z     "UnifiedLean.Source.SourceGeneratorExponential",
verify	Recover stopped G5 original compiler diagnostics	2026-10-07T16:45:16.7980892Z     "UnifiedLean.Source.SourcePoissonExponential",
verify	Recover stopped G5 original compiler diagnostics	2026-10-07T16:45:16.7981034Z     "UnifiedLean.Source.SourceEpochSemigroup",
verify	Recover stopped G5 original compiler diagnostics	2026-10-07T16:45:16.7981191Z     "UnifiedLean.Source.SourceCalendarCompatibility",
verify	Recover stopped G5 original compiler diagnostics	2026-10-07T16:45:16.7981353Z     "UnifiedLean.Source.SourceForestPulseTransport",
verify	Recover stopped G5 original compiler diagnostics	2026-10-07T16:45:16.7981505Z     "UnifiedLean.Source.SourceForestPulseMeasure",
verify	Recover stopped G5 original compiler diagnostics	2026-10-07T16:45:16.7981760Z     "UnifiedLean.Source.SourceForestCommonPulse",
verify	Recover stopped G5 original compiler diagnostics	2026-10-07T16:45:16.7981899Z     "UnifiedLean.Source.SourceBoundaryKernels",
verify	Recover stopped G5 original compiler diagnostics	2026-10-07T16:45:16.7982046Z     "UnifiedLean.Source.SourceBoundaryProjection",
verify	Recover stopped G5 original compiler diagnostics	2026-10-07T16:45:16.7982192Z     "UnifiedLean.Source.SourceProgramTransport",
verify	Recover stopped G5 original compiler diagnostics	2026-10-07T16:45:16.7982329Z     "UnifiedLean.Source.SourceCalendarCompiler",
verify	Recover stopped G5 original compiler diagnostics	2026-10-07T16:45:16.7982479Z     "UnifiedLean.Source.SourceBoundaryLocations",
verify	Recover stopped G5 original compiler diagnostics	2026-10-07T16:45:16.7982618Z     "UnifiedLean.Source.SourceCalendarTiming",
verify	Recover stopped G5 original compiler diagnostics	2026-10-07T16:45:16.7982785Z     "UnifiedLean.Source.SourceCalendarPhysicalSupport",
verify	Recover stopped G5 original compiler diagnostics	2026-10-07T16:45:16.7982938Z     "UnifiedLean.Source.SourceInitializedCalendar",
verify	Recover stopped G5 original compiler diagnostics	2026-10-07T16:45:16.7983088Z     "UnifiedLean.Source.SourceActualHoldingClocks",
verify	Recover stopped G5 original compiler diagnostics	2026-10-07T16:45:16.7983232Z     "UnifiedLean.Source.SourceFirstMergerMark",
verify	Recover stopped G5 original compiler diagnostics	2026-10-07T16:45:16.7983394Z     "UnifiedLean.Source.SourceFirstMarkDistribution",
verify	Recover stopped G5 original compiler diagnostics	2026-10-07T16:45:16.7983533Z     "UnifiedLean.Source.SourceExponentialRace",
verify	Recover stopped G5 original compiler diagnostics	2026-10-07T16:45:16.7983707Z     "UnifiedLean.Source.SourceExponentialRaceDensity",
verify	Recover stopped G5 original compiler diagnostics	2026-10-07T16:45:16.7983859Z     "UnifiedLean.Source.SourceExponentialResiduals",
verify	Recover stopped G5 original compiler diagnostics	2026-10-07T16:45:16.7984008Z     "UnifiedLean.Source.SourceWinningClockReset",
verify	Recover stopped G5 original compiler diagnostics	2026-10-07T16:45:16.7984157Z     "UnifiedLean.Source.SourceMergerClockCatalogue",
verify	Recover stopped G5 original compiler diagnostics	2026-10-07T16:45:16.7984317Z     "UnifiedLean.Source.SourceDestinationClockReset",
verify	Recover stopped G5 original compiler diagnostics	2026-10-07T16:45:16.7984445Z     "UnifiedLean.Source.SourceEpochRenewal",
verify	Recover stopped G5 original compiler diagnostics	2026-10-07T16:45:16.7984601Z     "UnifiedLean.Source.SourceFiniteJumpExpansion",
verify	Recover stopped G5 original compiler diagnostics	2026-10-07T16:45:16.7984750Z     "UnifiedLean.Source.SourceRaceWinnerSelection",
verify	Recover stopped G5 original compiler diagnostics	2026-10-07T16:45:16.7984904Z     "UnifiedLean.Source.SourceLiteralClockEndpoint",
verify	Recover stopped G5 original compiler diagnostics	2026-10-07T16:45:16.7985014Z     "G2LiteralMarkedClockTrace",
verify	Recover stopped G5 original compiler diagnostics	2026-10-07T16:45:16.7985115Z     "G2ActualDecorationFold",
verify	Recover stopped G5 original compiler diagnostics	2026-10-07T16:45:16.7985226Z     "G2DecorationMeasurability",
verify	Recover stopped G5 original compiler diagnostics	2026-10-07T16:45:16.7985324Z     "G2MarkedTraceRenewal",
verify	Recover stopped G5 original compiler diagnostics	2026-10-07T16:45:16.7985422Z     "G2LiteralEpochLaw",
verify	Recover stopped G5 original compiler diagnostics	2026-10-07T16:45:16.7985523Z     "G2ActualCalendarTrace",
verify	Recover stopped G5 original compiler diagnostics	2026-10-07T16:45:16.7985665Z     "UnifiedLean.Source.SourceEmbeddedJumpLaw",
verify	Recover stopped G5 original compiler diagnostics	2026-10-07T16:45:16.7985836Z     "UnifiedLean.Source.NativeIndependentPairMixture",
verify	Recover stopped G5 original compiler diagnostics	2026-10-07T16:45:16.7985992Z     "UnifiedLean.Source.SourceNaturalInitialization",
verify	Recover stopped G5 original compiler diagnostics	2026-10-07T16:45:16.7986142Z     "UnifiedLean.Source.SourceAncestralCompletion",
verify	Recover stopped G5 original compiler diagnostics	2026-10-07T16:45:16.7986242Z     "G2FiniteAncestralTrace",
verify	Recover stopped G5 original compiler diagnostics	2026-10-07T16:45:16.7986405Z     "UnifiedLean.Source.UnrankedGenealogyObservation",
verify	Recover stopped G5 original compiler diagnostics	2026-10-07T16:45:16.7986558Z     "UnifiedLean.Source.SourceCompletedUnrankedTree",
verify	Recover stopped G5 original compiler diagnostics	2026-10-07T16:45:16.7986697Z     "UnifiedLean.Source.SourceAncestralDrift",
verify	Recover stopped G5 original compiler diagnostics	2026-10-07T16:45:16.7986846Z     "UnifiedLean.Source.SourceAncestralAbsorption",
verify	Recover stopped G5 original compiler diagnostics	2026-10-07T16:45:16.7987114Z     "UnifiedLean.Source.SourceCompletionHarmonic",
verify	Recover stopped G5 original compiler diagnostics	2026-10-07T16:45:16.7987438Z     "UnifiedLean.Source.SourceEventualCompletionLimit",
verify	Recover stopped G5 original compiler diagnostics	2026-10-07T16:45:16.7987546Z     "G2AncestralTraceSourceLaw",
verify	Recover stopped G5 original compiler diagnostics	2026-10-07T16:45:16.7987668Z     "G2CompleteCalendarAttachment",
verify	Recover stopped G5 original compiler diagnostics	2026-10-07T16:45:16.7987765Z     "G2LiteralCutResidual",
verify	Recover stopped G5 original compiler diagnostics	2026-10-07T16:45:16.7987866Z     "G2MarkedTraceCuts",
verify	Recover stopped G5 original compiler diagnostics	2026-10-07T16:45:16.7987978Z     "G2MarkedTraceBudgetStability",
verify	Recover stopped G5 original compiler diagnostics	2026-10-07T16:45:16.7988078Z     "G2SameClockContinuation",
verify	Recover stopped G5 original compiler diagnostics	2026-10-07T16:45:16.7988189Z     "G2HistoryResidualAttachment",
verify	Recover stopped G5 original compiler diagnostics	2026-10-07T16:45:16.7988289Z     "G2CutFutureSourceBinding",
verify	Recover stopped G5 original compiler diagnostics	2026-10-07T16:45:16.7988394Z     "G2SameClockPastFutureLaw",
verify	Recover stopped G5 original compiler diagnostics	2026-10-07T16:45:16.7988492Z     "G2EpochHistoryReadout",
verify	Recover stopped G5 original compiler diagnostics	2026-10-07T16:45:16.7988600Z     "G2CompleteAncestralPath",
verify	Recover stopped G5 original compiler diagnostics	2026-10-07T16:45:16.7988704Z     "G2ChronologicalPathReadout",
verify	Recover stopped G5 original compiler diagnostics	2026-10-07T16:45:16.7988805Z     "G2CalendarDecoration",
verify	Recover stopped G5 original compiler diagnostics	2026-10-07T16:45:16.7988907Z     "G2CompleteDecoration",
verify	Recover stopped G5 original compiler diagnostics	2026-10-07T16:45:16.7988995Z     "G2PairBirthFold",
verify	Recover stopped G5 original compiler diagnostics	2026-10-07T16:45:16.7989092Z     "G2ClockBoundaryNull",
verify	Recover stopped G5 original compiler diagnostics	2026-10-07T16:45:16.7989188Z     "G2WholeMatrixAges",
verify	Recover stopped G5 original compiler diagnostics	2026-10-07T16:45:16.7989293Z     "G2ChronologicalDecoration",
verify	Recover stopped G5 original compiler diagnostics	2026-10-07T16:45:16.7989392Z     "G2StrictClockDecoration",
verify	Recover stopped G5 original compiler diagnostics	2026-10-07T16:45:16.7989648Z     "G2OriginalProgramSafety",
verify	Recover stopped G5 original compiler diagnostics	2026-10-07T16:45:16.7989752Z     "G2TimedBoundMeasurability",
verify	Recover stopped G5 original compiler diagnostics	2026-10-07T16:45:16.7989860Z     "G2CutResidualSourceMixture",
verify	Recover stopped G5 original compiler diagnostics	2026-10-07T16:45:16.7990023Z     "UnifiedLean.Source.SourceNaturalCompletedLimit",
verify	Recover stopped G5 original compiler diagnostics	2026-10-07T16:45:16.7990174Z     "UnifiedLean.Source.SourceCopyCarrierTransport",
verify	Recover stopped G5 original compiler diagnostics	2026-10-07T16:45:16.7990329Z     "UnifiedLean.Source.SourceSmallCarrierGenerator",
verify	Recover stopped G5 original compiler diagnostics	2026-10-07T16:45:16.7990473Z     "UnifiedLean.Source.SourceCrossCarrierEpoch",
verify	Recover stopped G5 original compiler diagnostics	2026-10-07T16:45:16.7990618Z     "UnifiedLean.Source.SourceSmallCarrierPulse",
verify	Recover stopped G5 original compiler diagnostics	2026-10-07T16:45:16.7990770Z     "UnifiedLean.Source.SourceCrossCarrierBoundary",
verify	Recover stopped G5 original compiler diagnostics	2026-10-07T16:45:16.7990922Z     "UnifiedLean.Source.SourceCrossCarrierProgram",
verify	Recover stopped G5 original compiler diagnostics	2026-10-07T16:45:16.7991023Z     "G2SourceFiniteHistory",
verify	Recover stopped G5 original compiler diagnostics	2026-10-07T16:45:16.7991126Z     "G2ActualEpochHistoryLaw",
verify	Recover stopped G5 original compiler diagnostics	2026-10-07T16:45:16.7991228Z     "G2EpochPathProjection",
verify	Recover stopped G5 original compiler diagnostics	2026-10-07T16:45:16.7991327Z     "G2ActualSegmentPathLaw",
verify	Recover stopped G5 original compiler diagnostics	2026-10-07T16:45:16.7991435Z     "G2FiniteFibreTransport",
verify	Recover stopped G5 original compiler diagnostics	2026-10-07T16:45:16.7991537Z     "G2CalendarHistoryBinding",
verify	Recover stopped G5 original compiler diagnostics	2026-10-07T16:45:16.7991642Z     "G2CalendarPathProjection",
verify	Recover stopped G5 original compiler diagnostics	2026-10-07T16:45:16.7991753Z     "G2CompletedCalendarPathLaw",
verify	Recover stopped G5 original compiler diagnostics	2026-10-07T16:45:16.7991847Z     "G2ChronologicalGluing",
verify	Recover stopped G5 original compiler diagnostics	2026-10-07T16:45:16.7991960Z     "G2ActualChronologicalPathLaw",
verify	Recover stopped G5 original compiler diagnostics	2026-10-07T16:45:16.7992055Z     "G2EventualPathReadout",
verify	Recover stopped G5 original compiler diagnostics	2026-10-07T16:45:16.7992158Z     "G2ActualPairCoalescence",
verify	Recover stopped G5 original compiler diagnostics	2026-10-07T16:45:16.7992256Z     "G2CalendarPairSupport",
verify	Recover stopped G5 original compiler diagnostics	2026-10-07T16:45:16.7992356Z     "G2RationalAgeReadout",
verify	Recover stopped G5 original compiler diagnostics	2026-10-07T16:45:16.7992450Z     "G2PairBirthThreshold",
verify	Recover stopped G5 original compiler diagnostics	2026-10-07T16:45:16.7992557Z     "G2AncestralPairSupport",
verify	Recover stopped G5 original compiler diagnostics	2026-10-07T16:45:16.7992664Z     "G2AncestralAgeCertificate",
verify	Recover stopped G5 original compiler diagnostics	2026-10-07T16:45:16.7992785Z     "G2ChronologicalTraceCompatibility",
verify	Recover stopped G5 original compiler diagnostics	2026-10-07T16:45:16.7992886Z     "G2CalendarFirstAge",
verify	Recover stopped G5 original compiler diagnostics	2026-10-07T16:45:16.7993037Z     "UnifiedLean.Source.SourceCrossCarrierNatural",
verify	Recover stopped G5 original compiler diagnostics	2026-10-07T16:45:16.7993214Z     "UnifiedLean.Source.SourceUnrankedCopyProjectivity",
verify	Recover stopped G5 original compiler diagnostics	2026-10-07T16:45:16.7993359Z     "UnifiedLean.Source.SourceUnrankedAllPanels",
verify	Recover stopped G5 original compiler diagnostics	2026-10-07T16:45:16.7993507Z     "UnifiedLean.Source.OriginalFixedIDControls",
verify	Recover stopped G5 original compiler diagnostics	2026-10-07T16:45:16.7993715Z     "UnifiedLean.Source.ControlledUnrankedSourceProjectivity",
verify	Recover stopped G5 original compiler diagnostics	2026-10-07T16:45:16.7993819Z     "G2ControlledTraceAssembly",
verify	Recover stopped G5 original compiler diagnostics	2026-10-07T16:45:16.7993933Z     "G2RegisteredPathProjection",
verify	Recover stopped G5 original compiler diagnostics	2026-10-07T16:45:16.7994031Z     "G2OriginalAbsoluteAges",
verify	Recover stopped G5 original compiler diagnostics	2026-10-07T16:45:16.7994136Z     "G2JointTimedObservation",
verify	Recover stopped G5 original compiler diagnostics	2026-10-07T16:45:16.7994235Z     "G2CompleteTimedSupport",
verify	Recover stopped G5 original compiler diagnostics	2026-10-07T16:45:16.7994342Z     "G2TimedDecorationPruning",
verify	Recover stopped G5 original compiler diagnostics	2026-10-07T16:45:16.7994439Z     "G2ChronologicalPruning",
verify	Recover stopped G5 original compiler diagnostics	2026-10-07T16:45:16.7994546Z     "G2SourcePairMatrixReadout",
verify	Recover stopped G5 original compiler diagnostics	2026-10-07T16:45:16.7994654Z     "G2CompleteTerminalReadout",
verify	Recover stopped G5 original compiler diagnostics	2026-10-07T16:45:16.7994851Z     "G2FaithfulTimedOutput",
verify	Recover stopped G5 original compiler diagnostics	2026-10-07T16:45:16.7994975Z     "G2LiteralTimedObservationPruning",
verify	Recover stopped G5 original compiler diagnostics	2026-10-07T16:45:16.7995078Z     "G2ActualTimedAllPanelLaw",
verify	Recover stopped G5 original compiler diagnostics	2026-10-07T16:45:16.7995207Z     "G5HiddenRegisterTimedProjectivity",
verify	Recover stopped G5 original compiler diagnostics	2026-10-07T16:45:16.7995325Z     "G5FrozenTriplePolynomialKernel",
verify	Recover stopped G5 original compiler diagnostics	2026-10-07T16:45:16.7995439Z     "G5FrozenTripleAnalyticSupport"
verify	Recover stopped G5 original compiler diagnostics	2026-10-07T16:45:16.7995519Z   ],
verify	Recover stopped G5 original compiler diagnostics	2026-10-07T16:45:16.7995602Z   "modules": {
verify	Recover stopped G5 original compiler diagnostics	2026-10-07T16:45:16.7995696Z     "SourceNetwork": {
verify	Recover stopped G5 original compiler diagnostics	2026-10-07T16:45:16.7996061Z       "source": "research/2026-10-04-dot-verified-lean-825-0203z/package/baseline/Imported/SourceNetwork.lean",
verify	Recover stopped G5 original compiler diagnostics	2026-10-07T16:45:16.7996317Z       "sha256": "0e0a2a3ed6bdbbd7242980a6428ebf8ec0ec85d077d2ccf9cd8dfef4e1bd2eb7",
verify	Recover stopped G5 original compiler diagnostics	2026-10-07T16:45:16.7996413Z       "authority": "baseline",
verify	Recover stopped G5 original compiler diagnostics	2026-10-07T16:45:16.7996504Z       "imports": [
verify	Recover stopped G5 original compiler diagnostics	2026-10-07T16:45:16.7996611Z         "Mathlib.Data.Fintype.Card",
verify	Recover stopped G5 original compiler diagnostics	2026-10-07T16:45:16.7996713Z         "Mathlib.Logic.Relation"
verify	Recover stopped G5 original compiler diagnostics	2026-10-07T16:45:16.7996798Z       ],
verify	Recover stopped G5 original compiler diagnostics	2026-10-07T16:45:16.7996933Z       "destination": "Imported/SourceNetwork.lean"
verify	Recover stopped G5 original compiler diagnostics	2026-10-07T16:45:16.7997128Z     },
verify	Recover stopped G5 original compiler diagnostics	2026-10-07T16:45:16.7997231Z     "G2LiveLineageRouting": {
verify	Recover stopped G5 original compiler diagnostics	2026-10-07T16:45:16.7997740Z       "source": "research/2026-10-04-dot-verified-lean-825-0203z/package/baseline/Imported/G2LiveLineageRouting.lean",
verify	Recover stopped G5 original compiler diagnostics	2026-10-07T16:45:16.7997982Z       "sha256": "bf33f6be93e61960aa637df34d1197316669d6f2ddde6d743ac405a010cb05af",
verify	Recover stopped G5 original compiler diagnostics	2026-10-07T16:45:16.7998082Z       "authority": "baseline",
verify	Recover stopped G5 original compiler diagnostics	2026-10-07T16:45:16.7998169Z       "imports": [
verify	Recover stopped G5 original compiler diagnostics	2026-10-07T16:45:16.7998259Z         "SourceNetwork",
verify	Recover stopped G5 original compiler diagnostics	2026-10-07T16:45:16.7998377Z         "Mathlib.Data.Rat.Lemmas",
verify	Recover stopped G5 original compiler diagnostics	2026-10-07T16:45:16.7998472Z         "Mathlib.Tactic.Ring"
verify	Recover stopped G5 original compiler diagnostics	2026-10-07T16:45:16.7998551Z       ],
verify	Recover stopped G5 original compiler diagnostics	2026-10-07T16:45:16.7998701Z       "destination": "TimedG2/G2LiveLineageRouting.lean"
verify	Recover stopped G5 original compiler diagnostics	2026-10-07T16:45:16.7998783Z     },
verify	Recover stopped G5 original compiler diagnostics	2026-10-07T16:45:16.7998883Z     "SourceLabelledForest": {
verify	Recover stopped G5 original compiler diagnostics	2026-10-07T16:45:16.7999261Z       "source": "research/2026-10-04-dot-verified-lean-825-0203z/package/baseline/Imported/SourceLabelledForest.lean",
verify	Recover stopped G5 original compiler diagnostics	2026-10-07T16:45:16.7999513Z       "sha256": "d6e5b2b57cf03091f8b5b5a2c80cf49de39bab938c50a467b46b30e08f12871d",
verify	Recover stopped G5 original compiler diagnostics	2026-10-07T16:45:16.7999609Z       "authority": "baseline",
verify	Recover stopped G5 original compiler diagnostics	2026-10-07T16:45:16.7999696Z       "imports": [
verify	Recover stopped G5 original compiler diagnostics	2026-10-07T16:45:16.7999793Z         "G2LiveLineageRouting",
verify	Recover stopped G5 original compiler diagnostics	2026-10-07T16:45:16.7999900Z         "Mathlib.Data.Finset.Card",
verify	Recover stopped G5 original compiler diagnostics	2026-10-07T16:45:16.8000025Z         "Mathlib.Data.Fintype.BigOperators",
verify	Recover stopped G5 original compiler diagnostics	2026-10-07T16:45:16.8000170Z         "Mathlib.Algebra.BigOperators.Ring.Finset",
verify	Recover stopped G5 original compiler diagnostics	2026-10-07T16:45:16.8000378Z         "Mathlib.Algebra.Order.BigOperators.GroupWithZero.Finset",
verify	Recover stopped G5 original compiler diagnostics	2026-10-07T16:45:16.8000545Z         "Mathlib.Algebra.Order.BigOperators.Group.Finset",
verify	Recover stopped G5 original compiler diagnostics	2026-10-07T16:45:16.8000723Z         "Mathlib.Algebra.BigOperators.GroupWithZero.Finset",
verify	Recover stopped G5 original compiler diagnostics	2026-10-07T16:45:16.8000823Z         "Lean.Elab.Tactic.Omega"
verify	Recover stopped G5 original compiler diagnostics	2026-10-07T16:45:16.8000901Z       ],
verify	Recover stopped G5 original compiler diagnostics	2026-10-07T16:45:16.8001052Z       "destination": "Imported/SourceLabelledForest.lean"
verify	Recover stopped G5 original compiler diagnostics	2026-10-07T16:45:16.8001136Z     },
verify	Recover stopped G5 original compiler diagnostics	2026-10-07T16:45:16.8001257Z     "SourceForestKingmanProjection": {
verify	Recover stopped G5 original compiler diagnostics	2026-10-07T16:45:16.8001678Z       "source": "research/2026-10-04-dot-verified-lean-825-0203z/package/baseline/Imported/SourceForestKingmanProjection.lean",
verify	Recover stopped G5 original compiler diagnostics	2026-10-07T16:45:16.8001912Z       "sha256": "781d4a7ee62e5e98fa15e056e201a2c753a2f945bd536cf9df6cb04d906511a0",
verify	Recover stopped G5 original compiler diagnostics	2026-10-07T16:45:16.8002008Z       "authority": "baseline",
verify	Recover stopped G5 original compiler diagnostics	2026-10-07T16:45:16.8002095Z       "imports": [
verify	Recover stopped G5 original compiler diagnostics	2026-10-07T16:45:16.8002192Z         "SourceLabelledForest",
verify	Recover stopped G5 original compiler diagnostics	2026-10-07T16:45:16.8002299Z         "Mathlib.Data.Real.Basic",
verify	Recover stopped G5 original compiler diagnostics	2026-10-07T16:45:16.8002409Z         "Mathlib.Data.Finset.Prod",
verify	Recover stopped G5 original compiler diagnostics	2026-10-07T16:45:16.8002577Z         "Mathlib.Algebra.BigOperators.Group.Finset.Basic",
verify	Recover stopped G5 original compiler diagnostics	2026-10-07T16:45:16.8002681Z         "Mathlib.Tactic.NormNum"
verify	Recover stopped G5 original compiler diagnostics	2026-10-07T16:45:16.8002758Z       ],
verify	Recover stopped G5 original compiler diagnostics	2026-10-07T16:45:16.8002950Z       "destination": "Imported/SourceForestKingmanProjection.lean"
verify	Recover stopped G5 original compiler diagnostics	2026-10-07T16:45:16.8003025Z     },
verify	Recover stopped G5 original compiler diagnostics	2026-10-07T16:45:16.8003304Z     "SourceForestKingmanPopulationProjection": {
verify	Recover stopped G5 original compiler diagnostics	2026-10-07T16:45:16.8003772Z       "source": "research/2026-10-04-dot-verified-lean-825-0203z/package/baseline/Imported/SourceForestKingmanPopulationProjection.lean",
verify	Recover stopped G5 original compiler diagnostics	2026-10-07T16:45:16.8004013Z       "sha256": "e8733ab8e66c60f98cfcfcd56e703b55a5ad8674dc5361f4ac6cb0c35f80f6e4",
verify	Recover stopped G5 original compiler diagnostics	2026-10-07T16:45:16.8004113Z       "authority": "baseline",
verify	Recover stopped G5 original compiler diagnostics	2026-10-07T16:45:16.8004197Z       "imports": [
verify	Recover stopped G5 original compiler diagnostics	2026-10-07T16:45:16.8004315Z         "SourceForestKingmanProjection"
verify	Recover stopped G5 original compiler diagnostics	2026-10-07T16:45:16.8004391Z       ],
verify	Recover stopped G5 original compiler diagnostics	2026-10-07T16:45:16.8004628Z       "destination": "Imported/SourceForestKingmanPopulationProjection.lean"
verify	Recover stopped G5 original compiler diagnostics	2026-10-07T16:45:16.8004704Z     },
verify	Recover stopped G5 original compiler diagnostics	2026-10-07T16:45:16.8004869Z     "UnifiedLean.Source.SourceForestSilentPruning": {
verify	Recover stopped G5 original compiler diagnostics	2026-10-07T16:45:16.8005318Z       "source": "research/2026-10-04-dot-verified-lean-825-0203z/package/baseline/UnifiedLean/Source/SourceForestSilentPruning.lean",
verify	Recover stopped G5 original compiler diagnostics	2026-10-07T16:45:16.8005552Z       "sha256": "86f61cc8ce06af574ee98b37db0ecd7c8cbc2df99e495ce1b9a66605ea8fb5c2",
verify	Recover stopped G5 original compiler diagnostics	2026-10-07T16:45:16.8005657Z       "authority": "baseline",
verify	Recover stopped G5 original compiler diagnostics	2026-10-07T16:45:16.8005740Z       "imports": [
verify	Recover stopped G5 original compiler diagnostics	2026-10-07T16:45:16.8005885Z         "SourceForestKingmanPopulationProjection"
verify	Recover stopped G5 original compiler diagnostics	2026-10-07T16:45:16.8006039Z       ],
verify	Recover stopped G5 original compiler diagnostics	2026-10-07T16:45:16.8006249Z       "destination": "UnifiedLean/Source/SourceForestSilentPruning.lean"
verify	Recover stopped G5 original compiler diagnostics	2026-10-07T16:45:16.8006329Z     },
verify	Recover stopped G5 original compiler diagnostics	2026-10-07T16:45:16.8006442Z     "G2FaithfulPairAgeDecoration": {
verify	Recover stopped G5 original compiler diagnostics	2026-10-07T16:45:16.8006852Z       "source": "research/2026-10-06-dot-g2-faithful-pair-age-foundation-2315z/source/G2FaithfulPairAgeDecoration.lean",
verify	Recover stopped G5 original compiler diagnostics	2026-10-07T16:45:16.8007196Z       "sha256": "c82708abcdae2e3e174f245dccca811881b5149f1acb69b12700850b307b5735",
verify	Recover stopped G5 original compiler diagnostics	2026-10-07T16:45:16.8007589Z       "authority": "research/2026-10-07-dot-g2-accepted-source-preservation-0006z/SOURCE-AND-DEPENDENCY-PINS.json",
verify	Recover stopped G5 original compiler diagnostics	2026-10-07T16:45:16.8007678Z       "imports": [
verify	Recover stopped G5 original compiler diagnostics	2026-10-07T16:45:16.8007839Z         "UnifiedLean.Source.SourceForestSilentPruning",
verify	Recover stopped G5 original compiler diagnostics	2026-10-07T16:45:16.8008058Z         "Mathlib.MeasureTheory.Constructions.BorelSpace.Metrizable"
verify	Recover stopped G5 original compiler diagnostics	2026-10-07T16:45:16.8008133Z       ],
verify	Recover stopped G5 original compiler diagnostics	2026-10-07T16:45:16.8008315Z       "destination": "TimedG2/G2FaithfulPairAgeDecoration.lean"
verify	Recover stopped G5 original compiler diagnostics	2026-10-07T16:45:16.8008393Z     },
verify	Recover stopped G5 original compiler diagnostics	2026-10-07T16:45:16.8008552Z     "UnifiedLean.Source.FiniteGenealogyEncoding": {
verify	Recover stopped G5 original compiler diagnostics	2026-10-07T16:45:16.8008990Z       "source": "research/2026-10-04-dot-verified-lean-825-0203z/package/baseline/UnifiedLean/Source/FiniteGenealogyEncoding.lean",
verify	Recover stopped G5 original compiler diagnostics	2026-10-07T16:45:16.8009228Z       "sha256": "3d862f8d9f9a43aed6324954ebea749001fd2b221dd90dd7d58cf4e4419fbcac",
verify	Recover stopped G5 original compiler diagnostics	2026-10-07T16:45:16.8009329Z       "authority": "baseline",
verify	Recover stopped G5 original compiler diagnostics	2026-10-07T16:45:16.8009410Z       "imports": [
verify	Recover stopped G5 original compiler diagnostics	2026-10-07T16:45:16.8009570Z         "UnifiedLean.Source.SourceForestSilentPruning",
verify	Recover stopped G5 original compiler diagnostics	2026-10-07T16:45:16.8009675Z         "Mathlib.Data.Fintype.Sum"
verify	Recover stopped G5 original compiler diagnostics	2026-10-07T16:45:16.8009755Z       ],
verify	Recover stopped G5 original compiler diagnostics	2026-10-07T16:45:16.8009952Z       "destination": "UnifiedLean/Source/FiniteGenealogyEncoding.lean"
verify	Recover stopped G5 original compiler diagnostics	2026-10-07T16:45:16.8010032Z     },
verify	Recover stopped G5 original compiler diagnostics	2026-10-07T16:45:16.8010183Z     "UnifiedLean.Source.FiniteSourceSnapshot": {
verify	Recover stopped G5 original compiler diagnostics	2026-10-07T16:45:16.8010594Z       "source": "research/2026-10-04-dot-verified-lean-825-0203z/package/baseline/UnifiedLean/Source/FiniteSourceSnapshot.lean",
verify	Recover stopped G5 original compiler diagnostics	2026-10-07T16:45:16.8010829Z       "sha256": "4628112bbbc69528748bbc93f8a3f8200bc802a6e72417fb90c39e7acd49f744",
verify	Recover stopped G5 original compiler diagnostics	2026-10-07T16:45:16.8010924Z       "authority": "baseline",
verify	Recover stopped G5 original compiler diagnostics	2026-10-07T16:45:16.8011012Z       "imports": [
verify	Recover stopped G5 original compiler diagnostics	2026-10-07T16:45:16.8011162Z         "UnifiedLean.Source.FiniteGenealogyEncoding",
verify	Recover stopped G5 original compiler diagnostics	2026-10-07T16:45:16.8011322Z         "UnifiedLean.Source.SourceForestSilentPruning"
verify	Recover stopped G5 original compiler diagnostics	2026-10-07T16:45:16.8011403Z       ],
verify	Recover stopped G5 original compiler diagnostics	2026-10-07T16:45:16.8011587Z       "destination": "UnifiedLean/Source/FiniteSourceSnapshot.lean"
verify	Recover stopped G5 original compiler diagnostics	2026-10-07T16:45:16.8011665Z     },
verify	Recover stopped G5 original compiler diagnostics	2026-10-07T16:45:16.8011752Z     "GraphLeaves": {
verify	Recover stopped G5 original compiler diagnostics	2026-10-07T16:45:16.8012097Z       "source": "research/2026-10-04-dot-verified-lean-825-0203z/package/baseline/Imported/GraphLeaves.lean",
verify	Recover stopped G5 original compiler diagnostics	2026-10-07T16:45:16.8012324Z       "sha256": "9d7e0f1756768fe32d4b38514c36bd961a306fb21dcf6b7fb27f5e6285a5f49b",
verify	Recover stopped G5 original compiler diagnostics	2026-10-07T16:45:16.8012556Z       "authority": "baseline",
verify	Recover stopped G5 original compiler diagnostics	2026-10-07T16:45:16.8012644Z       "imports": [
verify	Recover stopped G5 original compiler diagnostics	2026-10-07T16:45:16.8012737Z         "SourceNetwork",
verify	Recover stopped G5 original compiler diagnostics	2026-10-07T16:45:16.8012854Z         "Mathlib.Data.Fintype.EquivFin"
verify	Recover stopped G5 original compiler diagnostics	2026-10-07T16:45:16.8012928Z       ],
verify	Recover stopped G5 original compiler diagnostics	2026-10-07T16:45:16.8013056Z       "destination": "Imported/GraphLeaves.lean"
verify	Recover stopped G5 original compiler diagnostics	2026-10-07T16:45:16.8013129Z     },
verify	Recover stopped G5 original compiler diagnostics	2026-10-07T16:45:16.8013218Z     "GraphCuts": {
verify	Recover stopped G5 original compiler diagnostics	2026-10-07T16:45:16.8013541Z       "source": "research/2026-10-04-dot-verified-lean-825-0203z/package/baseline/Imported/GraphCuts.lean",
verify	Recover stopped G5 original compiler diagnostics	2026-10-07T16:45:16.8013764Z       "sha256": "a877489ce00643ef1bf96b14d484453797891c718445ce157aa7a54beefce2e5",
verify	Recover stopped G5 original compiler diagnostics	2026-10-07T16:45:16.8013861Z       "authority": "baseline",
verify	Recover stopped G5 original compiler diagnostics	2026-10-07T16:45:16.8013943Z       "imports": [
verify	Recover stopped G5 original compiler diagnostics	2026-10-07T16:45:16.8014033Z         "GraphLeaves"
verify	Recover stopped G5 original compiler diagnostics	2026-10-07T16:45:16.8014107Z       ],
verify	Recover stopped G5 original compiler diagnostics	2026-10-07T16:45:16.8014232Z       "destination": "Imported/GraphCuts.lean"
verify	Recover stopped G5 original compiler diagnostics	2026-10-07T16:45:16.8014311Z     },
verify	Recover stopped G5 original compiler diagnostics	2026-10-07T16:45:16.8014408Z     "G5BridgeBarrier": {
verify	Recover stopped G5 original compiler diagnostics	2026-10-07T16:45:16.8014758Z       "source": "research/2026-10-04-dot-verified-lean-825-0203z/package/baseline/Imported/G5BridgeBarrier.lean",
verify	Recover stopped G5 original compiler diagnostics	2026-10-07T16:45:16.8015097Z       "sha256": "0e2af6987c473e34c09a74ab41b3ede45ce049cbc04fde42b1d2108162467f77",
verify	Recover stopped G5 original compiler diagnostics	2026-10-07T16:45:16.8015195Z       "authority": "baseline",
verify	Recover stopped G5 original compiler diagnostics	2026-10-07T16:45:16.8015277Z       "imports": [
verify	Recover stopped G5 original compiler diagnostics	2026-10-07T16:45:16.8015374Z         "GraphCuts"
verify	Recover stopped G5 original compiler diagnostics	2026-10-07T16:45:16.8015454Z       ],
verify	Recover stopped G5 original compiler diagnostics	2026-10-07T16:45:16.8015592Z       "destination": "Imported/G5BridgeBarrier.lean"
verify	Recover stopped G5 original compiler diagnostics	2026-10-07T16:45:16.8015670Z     },
verify	Recover stopped G5 original compiler diagnostics	2026-10-07T16:45:16.8015762Z     "G5CalendarRoutes": {
verify	Recover stopped G5 original compiler diagnostics	2026-10-07T16:45:16.8016113Z       "source": "research/2026-10-04-dot-verified-lean-825-0203z/package/baseline/Imported/G5CalendarRoutes.lean",
verify	Recover stopped G5 original compiler diagnostics	2026-10-07T16:45:16.8016330Z       "sha256": "db0e9421d59009e4119ac42e7e86517ada50f5007a314fd430f4b0937f6c80fd",
verify	Recover stopped G5 original compiler diagnostics	2026-10-07T16:45:16.8016429Z       "authority": "baseline",
verify	Recover stopped G5 original compiler diagnostics	2026-10-07T16:45:16.8016516Z       "imports": [
verify	Recover stopped G5 original compiler diagnostics	2026-10-07T16:45:16.8016611Z         "G5BridgeBarrier",
verify	Recover stopped G5 original compiler diagnostics	2026-10-07T16:45:16.8016713Z         "Mathlib.Data.Real.Basic",
verify	Recover stopped G5 original compiler diagnostics	2026-10-07T16:45:16.8016824Z         "Mathlib.Tactic.Linarith"
verify	Recover stopped G5 original compiler diagnostics	2026-10-07T16:45:16.8016902Z       ],
verify	Recover stopped G5 original compiler diagnostics	2026-10-07T16:45:16.8017204Z       "destination": "Imported/G5CalendarRoutes.lean"
verify	Recover stopped G5 original compiler diagnostics	2026-10-07T16:45:16.8017285Z     },
verify	Recover stopped G5 original compiler diagnostics	2026-10-07T16:45:16.8017380Z     "G5ProtectiveBlock": {
verify	Recover stopped G5 original compiler diagnostics	2026-10-07T16:45:16.8017738Z       "source": "research/2026-10-04-dot-verified-lean-825-0203z/package/baseline/Imported/G5ProtectiveBlock.lean",
verify	Recover stopped G5 original compiler diagnostics	2026-10-07T16:45:16.8017954Z       "sha256": "45d1f8284504ee2b591c4d56654ce7375e3979b1a97495fc439c6f4477dcffe9",
verify	Recover stopped G5 original compiler diagnostics	2026-10-07T16:45:16.8018053Z       "authority": "baseline",
verify	Recover stopped G5 original compiler diagnostics	2026-10-07T16:45:16.8018138Z       "imports": [
verify	Recover stopped G5 original compiler diagnostics	2026-10-07T16:45:16.8018230Z         "G5CalendarRoutes"
verify	Recover stopped G5 original compiler diagnostics	2026-10-07T16:45:16.8018309Z       ],
verify	Recover stopped G5 original compiler diagnostics	2026-10-07T16:45:16.8018451Z       "destination": "Imported/G5ProtectiveBlock.lean"
verify	Recover stopped G5 original compiler diagnostics	2026-10-07T16:45:16.8018536Z     },
verify	Recover stopped G5 original compiler diagnostics	2026-10-07T16:45:16.8018642Z     "G5MinimalGraphInterface": {
verify	Recover stopped G5 original compiler diagnostics	2026-10-07T16:45:16.8019025Z       "source": "research/2026-10-04-dot-verified-lean-825-0203z/package/baseline/Imported/G5MinimalGraphInterface.lean",
verify	Recover stopped G5 original compiler diagnostics	2026-10-07T16:45:16.8019257Z       "sha256": "20e09481ee4518de56cf201c978d98b4cec0d94c0fbfebd40008d3a3fa799281",
verify	Recover stopped G5 original compiler diagnostics	2026-10-07T16:45:16.8019349Z       "authority": "baseline",
verify	Recover stopped G5 original compiler diagnostics	2026-10-07T16:45:16.8019434Z       "imports": [
verify	Recover stopped G5 original compiler diagnostics	2026-10-07T16:45:16.8019516Z         "GraphCuts"
verify	Recover stopped G5 original compiler diagnostics	2026-10-07T16:45:16.8019596Z       ],
verify	Recover stopped G5 original compiler diagnostics	2026-10-07T16:45:16.8019758Z       "destination": "Imported/G5MinimalGraphInterface.lean"
verify	Recover stopped G5 original compiler diagnostics	2026-10-07T16:45:16.8019837Z     },
verify	Recover stopped G5 original compiler diagnostics	2026-10-07T16:45:16.8019945Z     "G6BridgeCannotEnterHybrid": {
verify	Recover stopped G5 original compiler diagnostics	2026-10-07T16:45:16.8020340Z       "source": "research/2026-10-04-dot-verified-lean-825-0203z/package/baseline/Imported/G6BridgeCannotEnterHybrid.lean",
verify	Recover stopped G5 original compiler diagnostics	2026-10-07T16:45:16.8020575Z       "sha256": "60befd0f3660e56b46ca80f17a0c11f8ecd415833d0d52fad5ecafef7df6389e",
verify	Recover stopped G5 original compiler diagnostics	2026-10-07T16:45:16.8020668Z       "authority": "baseline",
verify	Recover stopped G5 original compiler diagnostics	2026-10-07T16:45:16.8020896Z       "imports": [
verify	Recover stopped G5 original compiler diagnostics	2026-10-07T16:45:16.8021002Z         "G5MinimalGraphInterface",
verify	Recover stopped G5 original compiler diagnostics	2026-10-07T16:45:16.8021101Z         "G2LiveLineageRouting"
verify	Recover stopped G5 original compiler diagnostics	2026-10-07T16:45:16.8021179Z       ],
verify	Recover stopped G5 original compiler diagnostics	2026-10-07T16:45:16.8021350Z       "destination": "Imported/G6BridgeCannotEnterHybrid.lean"
verify	Recover stopped G5 original compiler diagnostics	2026-10-07T16:45:16.8021430Z     },
verify	Recover stopped G5 original compiler diagnostics	2026-10-07T16:45:16.8021538Z     "G5BridgeComponentEntries": {
verify	Recover stopped G5 original compiler diagnostics	2026-10-07T16:45:16.8021931Z       "source": "research/2026-10-04-dot-verified-lean-825-0203z/package/baseline/Imported/G5BridgeComponentEntries.lean",
verify	Recover stopped G5 original compiler diagnostics	2026-10-07T16:45:16.8022156Z       "sha256": "286bcf82d6f79056a8d0d443aa6d4f19c7ca5a72669e62d8f2f4868ef0d6acc6",
verify	Recover stopped G5 original compiler diagnostics	2026-10-07T16:45:16.8022254Z       "authority": "baseline",
verify	Recover stopped G5 original compiler diagnostics	2026-10-07T16:45:16.8022335Z       "imports": [
verify	Recover stopped G5 original compiler diagnostics	2026-10-07T16:45:16.8022446Z         "G6BridgeCannotEnterHybrid",
verify	Recover stopped G5 original compiler diagnostics	2026-10-07T16:45:16.8022541Z         "G5CalendarRoutes"
verify	Recover stopped G5 original compiler diagnostics	2026-10-07T16:45:16.8022614Z       ],
verify	Recover stopped G5 original compiler diagnostics	2026-10-07T16:45:16.8022784Z       "destination": "Imported/G5BridgeComponentEntries.lean"
verify	Recover stopped G5 original compiler diagnostics	2026-10-07T16:45:16.8022866Z     },
verify	Recover stopped G5 original compiler diagnostics	2026-10-07T16:45:16.8022969Z     "G5NonbridgeRouteBound": {
verify	Recover stopped G5 original compiler diagnostics	2026-10-07T16:45:16.8023339Z       "source": "research/2026-10-04-dot-verified-lean-825-0203z/package/baseline/Imported/G5NonbridgeRouteBound.lean",
verify	Recover stopped G5 original compiler diagnostics	2026-10-07T16:45:16.8023680Z       "sha256": "7a0c7b0010fe42167fab26da7daf366f695c448b283a211751c5dd5416920525",
verify	Recover stopped G5 original compiler diagnostics	2026-10-07T16:45:16.8023781Z       "authority": "baseline",
verify	Recover stopped G5 original compiler diagnostics	2026-10-07T16:45:16.8023865Z       "imports": [
verify	Recover stopped G5 original compiler diagnostics	2026-10-07T16:45:16.8023959Z         "G5CalendarRoutes",
verify	Recover stopped G5 original compiler diagnostics	2026-10-07T16:45:16.8024064Z         "Mathlib.Data.Fintype.Card"
verify	Recover stopped G5 original compiler diagnostics	2026-10-07T16:45:16.8024143Z       ],
verify	Recover stopped G5 original compiler diagnostics	2026-10-07T16:45:16.8024297Z       "destination": "Imported/G5NonbridgeRouteBound.lean"
verify	Recover stopped G5 original compiler diagnostics	2026-10-07T16:45:16.8024379Z     },
verify	Recover stopped G5 original compiler diagnostics	2026-10-07T16:45:16.8024491Z     "G5ComponentCalendarCoverage": {
verify	Recover stopped G5 original compiler diagnostics	2026-10-07T16:45:16.8024903Z       "source": "research/2026-10-04-dot-verified-lean-825-0203z/package/baseline/Imported/G5ComponentCalendarCoverage.lean",
verify	Recover stopped G5 original compiler diagnostics	2026-10-07T16:45:16.8025142Z       "sha256": "3d73d592d4c129b1b06f2eccd48a94fd8afe1e50f030a5eb18e8c3ddb9f12c10",
verify	Recover stopped G5 original compiler diagnostics	2026-10-07T16:45:16.8025236Z       "authority": "baseline",
verify	Recover stopped G5 original compiler diagnostics	2026-10-07T16:45:16.8025324Z       "imports": [
verify	Recover stopped G5 original compiler diagnostics	2026-10-07T16:45:16.8025431Z         "G5BridgeComponentEntries",
verify	Recover stopped G5 original compiler diagnostics	2026-10-07T16:45:16.8025535Z         "G5NonbridgeRouteBound",
verify	Recover stopped G5 original compiler diagnostics	2026-10-07T16:45:16.8025625Z         "Mathlib.Tactic"
verify	Recover stopped G5 original compiler diagnostics	2026-10-07T16:45:16.8025706Z       ],
verify	Recover stopped G5 original compiler diagnostics	2026-10-07T16:45:16.8025891Z       "destination": "Imported/G5ComponentCalendarCoverage.lean"
verify	Recover stopped G5 original compiler diagnostics	2026-10-07T16:45:16.8025966Z     },
verify	Recover stopped G5 original compiler diagnostics	2026-10-07T16:45:16.8026082Z     "G5ActualComponentSupport": {
verify	Recover stopped G5 original compiler diagnostics	2026-10-07T16:45:16.8026472Z       "source": "research/2026-10-04-dot-verified-lean-825-0203z/package/baseline/Imported/G5ActualComponentSupport.lean",
verify	Recover stopped G5 original compiler diagnostics	2026-10-07T16:45:16.8026703Z       "sha256": "5da0a86f2d1caf9b3a78a0fd75765194fa5652ad1a55c09382502d8354faaec7",
verify	Recover stopped G5 original compiler diagnostics	2026-10-07T16:45:16.8026794Z       "authority": "baseline",
verify	Recover stopped G5 original compiler diagnostics	2026-10-07T16:45:16.8026881Z       "imports": [
verify	Recover stopped G5 original compiler diagnostics	2026-10-07T16:45:16.8027123Z         "G5ComponentCalendarCoverage"
verify	Recover stopped G5 original compiler diagnostics	2026-10-07T16:45:16.8027214Z       ],
verify	Recover stopped G5 original compiler diagnostics	2026-10-07T16:45:16.8027388Z       "destination": "Imported/G5ActualComponentSupport.lean"
verify	Recover stopped G5 original compiler diagnostics	2026-10-07T16:45:16.8027467Z     },
verify	Recover stopped G5 original compiler diagnostics	2026-10-07T16:45:16.8027581Z     "G5RootRouteCurrentSupport": {
verify	Recover stopped G5 original compiler diagnostics	2026-10-07T16:45:16.8027973Z       "source": "research/2026-10-04-dot-verified-lean-825-0203z/package/baseline/Imported/G5RootRouteCurrentSupport.lean",
verify	Recover stopped G5 original compiler diagnostics	2026-10-07T16:45:16.8028192Z       "sha256": "c72a58ae14539e524c37c97193d2343158eff784557fef12a7e4b7360157b554",
verify	Recover stopped G5 original compiler diagnostics	2026-10-07T16:45:16.8028285Z       "authority": "baseline",
verify	Recover stopped G5 original compiler diagnostics	2026-10-07T16:45:16.8028372Z       "imports": [
verify	Recover stopped G5 original compiler diagnostics	2026-10-07T16:45:16.8028480Z         "G5ActualComponentSupport"
verify	Recover stopped G5 original compiler diagnostics	2026-10-07T16:45:16.8028555Z       ],
verify	Recover stopped G5 original compiler diagnostics	2026-10-07T16:45:16.8028725Z       "destination": "Imported/G5RootRouteCurrentSupport.lean"
verify	Recover stopped G5 original compiler diagnostics	2026-10-07T16:45:16.8028799Z     },
verify	Recover stopped G5 original compiler diagnostics	2026-10-07T16:45:16.8028912Z     "G5CurrentPortTwoPositions": {
verify	Recover stopped G5 original compiler diagnostics	2026-10-07T16:45:16.8029298Z       "source": "research/2026-10-04-dot-verified-lean-825-0203z/package/baseline/Imported/G5CurrentPortTwoPositions.lean",
verify	Recover stopped G5 original compiler diagnostics	2026-10-07T16:45:16.8029688Z       "sha256": "c24d3d860a5369434f6d236c37003d3045e6452fd57dd21396dd877a5a452ce9",
verify	Recover stopped G5 original compiler diagnostics	2026-10-07T16:45:16.8029793Z       "authority": "baseline",
verify	Recover stopped G5 original compiler diagnostics	2026-10-07T16:45:16.8029875Z       "imports": [
verify	Recover stopped G5 original compiler diagnostics	2026-10-07T16:45:16.8029985Z         "G5RootRouteCurrentSupport"
verify	Recover stopped G5 original compiler diagnostics	2026-10-07T16:45:16.8030060Z       ],
verify	Recover stopped G5 original compiler diagnostics	2026-10-07T16:45:16.8030234Z       "destination": "Imported/G5CurrentPortTwoPositions.lean"
verify	Recover stopped G5 original compiler diagnostics	2026-10-07T16:45:16.8030308Z     },
verify	Recover stopped G5 original compiler diagnostics	2026-10-07T16:45:16.8030428Z     "G5OriginalTipCurrentSupport": {
verify	Recover stopped G5 original compiler diagnostics	2026-10-07T16:45:16.8030836Z       "source": "research/2026-10-04-dot-verified-lean-825-0203z/package/baseline/Imported/G5OriginalTipCurrentSupport.lean",
verify	Recover stopped G5 original compiler diagnostics	2026-10-07T16:45:16.8031082Z       "sha256": "4324f00cb8db4d3c6ab0bfaa5e7283fcde521568f40d95aaddb9e32f896cdba2",
verify	Recover stopped G5 original compiler diagnostics	2026-10-07T16:45:16.8031183Z       "authority": "baseline",
verify	Recover stopped G5 original compiler diagnostics	2026-10-07T16:45:16.8031264Z       "imports": [
verify	Recover stopped G5 original compiler diagnostics	2026-10-07T16:45:16.8031376Z         "G5CurrentPortTwoPositions"
verify	Recover stopped G5 original compiler diagnostics	2026-10-07T16:45:16.8031455Z       ],
verify	Recover stopped G5 original compiler diagnostics	2026-10-07T16:45:16.8031638Z       "destination": "Imported/G5OriginalTipCurrentSupport.lean"
verify	Recover stopped G5 original compiler diagnostics	2026-10-07T16:45:16.8031713Z     },
verify	Recover stopped G5 original compiler diagnostics	2026-10-07T16:45:16.8031937Z     "G5ParentChoiceCalendar": {
verify	Recover stopped G5 original compiler diagnostics	2026-10-07T16:45:16.8032340Z       "source": "research/2026-10-04-dot-verified-lean-825-0203z/package/baseline/Imported/G5ParentChoiceCalendar.lean",
verify	Recover stopped G5 original compiler diagnostics	2026-10-07T16:45:16.8032566Z       "sha256": "357d5e59016672583318546b03bebb04ccdd5fbf95247cab22c98465dbf715b9",
verify	Recover stopped G5 original compiler diagnostics	2026-10-07T16:45:16.8032710Z       "authority": "baseline",
verify	Recover stopped G5 original compiler diagnostics	2026-10-07T16:45:16.8032797Z       "imports": [
verify	Recover stopped G5 original compiler diagnostics	2026-10-07T16:45:16.8032918Z         "G5OriginalTipCurrentSupport"
verify	Recover stopped G5 original compiler diagnostics	2026-10-07T16:45:16.8032994Z       ],
verify	Recover stopped G5 original compiler diagnostics	2026-10-07T16:45:16.8033159Z       "destination": "Imported/G5ParentChoiceCalendar.lean"
verify	Recover stopped G5 original compiler diagnostics	2026-10-07T16:45:16.8033240Z     },
verify	Recover stopped G5 original compiler diagnostics	2026-10-07T16:45:16.8033344Z     "G5CoupledQuartetKernel": {
verify	Recover stopped G5 original compiler diagnostics	2026-10-07T16:45:16.8033729Z       "source": "research/2026-10-04-dot-verified-lean-825-0203z/package/baseline/Imported/G5CoupledQuartetKernel.lean",
verify	Recover stopped G5 original compiler diagnostics	2026-10-07T16:45:16.8033950Z       "sha256": "f9275364f5777a968c37ce39c24ea95179d23b4e54414463a62a4860c33361c1",
verify	Recover stopped G5 original compiler diagnostics	2026-10-07T16:45:16.8034052Z       "authority": "baseline",
verify	Recover stopped G5 original compiler diagnostics	2026-10-07T16:45:16.8034140Z       "imports": [
verify	Recover stopped G5 original compiler diagnostics	2026-10-07T16:45:16.8034238Z         "Mathlib.Tactic"
verify	Recover stopped G5 original compiler diagnostics	2026-10-07T16:45:16.8034319Z       ],
verify	Recover stopped G5 original compiler diagnostics	2026-10-07T16:45:16.8034476Z       "destination": "Imported/G5CoupledQuartetKernel.lean"
verify	Recover stopped G5 original compiler diagnostics	2026-10-07T16:45:16.8034557Z     },
verify	Recover stopped G5 original compiler diagnostics	2026-10-07T16:45:16.8034656Z     "G5FairSelectorMoments": {
verify	Recover stopped G5 original compiler diagnostics	2026-10-07T16:45:16.8035036Z       "source": "research/2026-10-04-dot-verified-lean-825-0203z/package/baseline/Imported/G5FairSelectorMoments.lean",
verify	Recover stopped G5 original compiler diagnostics	2026-10-07T16:45:16.8035255Z       "sha256": "97a29621340a7dd103409ee8ce84675560f4b8e03aa7db63314ca24b337be71f",
verify	Recover stopped G5 original compiler diagnostics	2026-10-07T16:45:16.8035354Z       "authority": "baseline",
verify	Recover stopped G5 original compiler diagnostics	2026-10-07T16:45:16.8035444Z       "imports": [
verify	Recover stopped G5 original compiler diagnostics	2026-10-07T16:45:16.8035550Z         "G5CoupledQuartetKernel",
verify	Recover stopped G5 original compiler diagnostics	2026-10-07T16:45:16.8035701Z         "Mathlib.Probability.Distributions.Uniform"
verify	Recover stopped G5 original compiler diagnostics	2026-10-07T16:45:16.8035782Z       ],
verify	Recover stopped G5 original compiler diagnostics	2026-10-07T16:45:16.8035937Z       "destination": "Imported/G5FairSelectorMoments.lean"
verify	Recover stopped G5 original compiler diagnostics	2026-10-07T16:45:16.8036012Z     },
verify	Recover stopped G5 original compiler diagnostics	2026-10-07T16:45:16.8036119Z     "G5FairOriginalCoinLaw": {
verify	Recover stopped G5 original compiler diagnostics	2026-10-07T16:45:16.8036487Z       "source": "research/2026-10-04-dot-verified-lean-825-0203z/package/baseline/Imported/G5FairOriginalCoinLaw.lean",
verify	Recover stopped G5 original compiler diagnostics	2026-10-07T16:45:16.8036719Z       "sha256": "6a8905aa53481bdc37914e5d01197af12a9ddde1ffc42fc4b896603a6b61aa8e",
verify	Recover stopped G5 original compiler diagnostics	2026-10-07T16:45:16.8036820Z       "authority": "baseline",
verify	Recover stopped G5 original compiler diagnostics	2026-10-07T16:45:16.8036903Z       "imports": [
verify	Recover stopped G5 original compiler diagnostics	2026-10-07T16:45:16.8037136Z         "SourceLabelledForest",
verify	Recover stopped G5 original compiler diagnostics	2026-10-07T16:45:16.8037239Z         "G5FairSelectorMoments",
verify	Recover stopped G5 original compiler diagnostics	2026-10-07T16:45:16.8037359Z         "Mathlib.Data.Rat.BigOperators",
verify	Recover stopped G5 original compiler diagnostics	2026-10-07T16:45:16.8037483Z         "Mathlib.Data.ENNReal.BigOperators",
verify	Recover stopped G5 original compiler diagnostics	2026-10-07T16:45:16.8037653Z         "Mathlib.Algebra.BigOperators.Group.Finset.Sigma"
verify	Recover stopped G5 original compiler diagnostics	2026-10-07T16:45:16.8037731Z       ],
verify	Recover stopped G5 original compiler diagnostics	2026-10-07T16:45:16.8037879Z       "destination": "Imported/G5FairOriginalCoinLaw.lean"
verify	Recover stopped G5 original compiler diagnostics	2026-10-07T16:45:16.8038092Z     },
verify	Recover stopped G5 original compiler diagnostics	2026-10-07T16:45:16.8038190Z     "G5OriginalCoinPMF": {
verify	Recover stopped G5 original compiler diagnostics	2026-10-07T16:45:16.8038553Z       "source": "research/2026-10-04-dot-verified-lean-825-0203z/package/baseline/Imported/G5OriginalCoinPMF.lean",
verify	Recover stopped G5 original compiler diagnostics	2026-10-07T16:45:16.8038785Z       "sha256": "ae0e933761b49e5ca244a1756b77ba3c0e545bf1aa33ca75d51fc8caf8a1b5c1",
verify	Recover stopped G5 original compiler diagnostics	2026-10-07T16:45:16.8038884Z       "authority": "baseline",
verify	Recover stopped G5 original compiler diagnostics	2026-10-07T16:45:16.8038969Z       "imports": [
verify	Recover stopped G5 original compiler diagnostics	2026-10-07T16:45:16.8039068Z         "G5FairOriginalCoinLaw"
verify	Recover stopped G5 original compiler diagnostics	2026-10-07T16:45:16.8039148Z       ],
verify	Recover stopped G5 original compiler diagnostics	2026-10-07T16:45:16.8039288Z       "destination": "Imported/G5OriginalCoinPMF.lean"
verify	Recover stopped G5 original compiler diagnostics	2026-10-07T16:45:16.8039367Z     },
verify	Recover stopped G5 original compiler diagnostics	2026-10-07T16:45:16.8039480Z     "G5ParentPositionPushforward": {
verify	Recover stopped G5 original compiler diagnostics	2026-10-07T16:45:16.8039892Z       "source": "research/2026-10-04-dot-verified-lean-825-0203z/package/baseline/Imported/G5ParentPositionPushforward.lean",
verify	Recover stopped G5 original compiler diagnostics	2026-10-07T16:45:16.8040123Z       "sha256": "4f81aef02bb0f225aea6b377757f9282d336da685eb3e728dad1cf133f83d8db",
verify	Recover stopped G5 original compiler diagnostics	2026-10-07T16:45:16.8040226Z       "authority": "baseline",
verify	Recover stopped G5 original compiler diagnostics	2026-10-07T16:45:16.8040313Z       "imports": [
verify	Recover stopped G5 original compiler diagnostics	2026-10-07T16:45:16.8040414Z         "G5ParentChoiceCalendar",
verify	Recover stopped G5 original compiler diagnostics	2026-10-07T16:45:16.8040623Z         "G5OriginalCoinPMF"
verify	Recover stopped G5 original compiler diagnostics	2026-10-07T16:45:16.8040697Z       ],
verify	Recover stopped G5 original compiler diagnostics	2026-10-07T16:45:16.8040879Z       "destination": "Imported/G5ParentPositionPushforward.lean"
verify	Recover stopped G5 original compiler diagnostics	2026-10-07T16:45:16.8040954Z     },
verify	Recover stopped G5 original compiler diagnostics	2026-10-07T16:45:16.8041074Z     "G5SafePastHybridDisjointness": {
verify	Recover stopped G5 original compiler diagnostics	2026-10-07T16:45:16.8041485Z       "source": "research/2026-10-04-dot-verified-lean-825-0203z/package/baseline/Imported/G5SafePastHybridDisjointness.lean",
verify	Recover stopped G5 original compiler diagnostics	2026-10-07T16:45:16.8041707Z       "sha256": "99c5803e9c056152a260eccff1b8351239c12ca9e5ef40b51a419419992efe97",
verify	Recover stopped G5 original compiler diagnostics	2026-10-07T16:45:16.8041807Z       "authority": "baseline",
verify	Recover stopped G5 original compiler diagnostics	2026-10-07T16:45:16.8041890Z       "imports": [
verify	Recover stopped G5 original compiler diagnostics	2026-10-07T16:45:16.8041991Z         "G5ProtectiveBlock",
verify	Recover stopped G5 original compiler diagnostics	2026-10-07T16:45:16.8042104Z         "G5ParentPositionPushforward"
verify	Recover stopped G5 original compiler diagnostics	2026-10-07T16:45:16.8042182Z       ],
verify	Recover stopped G5 original compiler diagnostics	2026-10-07T16:45:16.8042374Z       "destination": "Imported/G5SafePastHybridDisjointness.lean"
verify	Recover stopped G5 original compiler diagnostics	2026-10-07T16:45:16.8042449Z     },
verify	Recover stopped G5 original compiler diagnostics	2026-10-07T16:45:16.8042571Z     "G5PairOnlySureBlockChronology": {
verify	Recover stopped G5 original compiler diagnostics	2026-10-07T16:45:16.8042982Z       "source": "research/2026-10-04-dot-verified-lean-825-0203z/package/baseline/Imported/G5PairOnlySureBlockChronology.lean",
verify	Recover stopped G5 original compiler diagnostics	2026-10-07T16:45:16.8043215Z       "sha256": "1ac87b91536cbe08b2ec4afe4ca3ea28c21386b6c432c6bd81731a30ea39871b",
verify	Recover stopped G5 original compiler diagnostics	2026-10-07T16:45:16.8043310Z       "authority": "baseline",
verify	Recover stopped G5 original compiler diagnostics	2026-10-07T16:45:16.8043396Z       "imports": [
verify	Recover stopped G5 original compiler diagnostics	2026-10-07T16:45:16.8043507Z         "G5SafePastHybridDisjointness"
verify	Recover stopped G5 original compiler diagnostics	2026-10-07T16:45:16.8043583Z       ],
verify	Recover stopped G5 original compiler diagnostics	2026-10-07T16:45:16.8043769Z       "destination": "Imported/G5PairOnlySureBlockChronology.lean"
verify	Recover stopped G5 original compiler diagnostics	2026-10-07T16:45:16.8043844Z     },
verify	Recover stopped G5 original compiler diagnostics	2026-10-07T16:45:16.8043958Z     "G5SafePastMeetingPermanence": {
verify	Recover stopped G5 original compiler diagnostics	2026-10-07T16:45:16.8044355Z       "source": "research/2026-10-04-dot-verified-lean-825-0203z/package/baseline/Imported/G5SafePastMeetingPermanence.lean",
verify	Recover stopped G5 original compiler diagnostics	2026-10-07T16:45:16.8044713Z       "sha256": "30864de3e16b9d9b9a80c0139ac2173e10cf71f4b30e2b324dee9d54d0eefc9e",
verify	Recover stopped G5 original compiler diagnostics	2026-10-07T16:45:16.8044813Z       "authority": "baseline",
verify	Recover stopped G5 original compiler diagnostics	2026-10-07T16:45:16.8044901Z       "imports": [
verify	Recover stopped G5 original compiler diagnostics	2026-10-07T16:45:16.8045019Z         "G5PairOnlySureBlockChronology"
verify	Recover stopped G5 original compiler diagnostics	2026-10-07T16:45:16.8045093Z       ],
verify	Recover stopped G5 original compiler diagnostics	2026-10-07T16:45:16.8045272Z       "destination": "Imported/G5SafePastMeetingPermanence.lean"
verify	Recover stopped G5 original compiler diagnostics	2026-10-07T16:45:16.8045345Z     },
verify	Recover stopped G5 original compiler diagnostics	2026-10-07T16:45:16.8045469Z     "G5ExponentialGermIdentification": {
verify	Recover stopped G5 original compiler diagnostics	2026-10-07T16:45:16.8045889Z       "source": "research/2026-10-04-dot-verified-lean-825-0203z/package/baseline/Imported/G5ExponentialGermIdentification.lean",
verify	Recover stopped G5 original compiler diagnostics	2026-10-07T16:45:16.8046126Z       "sha256": "c87eb5933db663acbed6128f9898ed357c1c0ba9a8fbf287ebb04cbecffa13d0",
verify	Recover stopped G5 original compiler diagnostics	2026-10-07T16:45:16.8046226Z       "authority": "baseline",
verify	Recover stopped G5 original compiler diagnostics	2026-10-07T16:45:16.8046307Z       "imports": [
verify	Recover stopped G5 original compiler diagnostics	2026-10-07T16:45:16.8046438Z         "Mathlib.LinearAlgebra.Vandermonde",
verify	Recover stopped G5 original compiler diagnostics	2026-10-07T16:45:16.8046574Z         "Mathlib.Analysis.SpecialFunctions.Exp",
verify	Recover stopped G5 original compiler diagnostics	2026-10-07T16:45:16.8046786Z         "Mathlib.Tactic.Linarith",
verify	Recover stopped G5 original compiler diagnostics	2026-10-07T16:45:16.8046888Z         "Mathlib.Tactic.Ring"
verify	Recover stopped G5 original compiler diagnostics	2026-10-07T16:45:16.8047087Z       ],
verify	Recover stopped G5 original compiler diagnostics	2026-10-07T16:45:16.8047294Z       "destination": "Imported/G5ExponentialGermIdentification.lean"
verify	Recover stopped G5 original compiler diagnostics	2026-10-07T16:45:16.8047371Z     },
verify	Recover stopped G5 original compiler diagnostics	2026-10-07T16:45:16.8047477Z     "G5UnknownRateSupport": {
verify	Recover stopped G5 original compiler diagnostics	2026-10-07T16:45:16.8047849Z       "source": "research/2026-10-04-dot-verified-lean-825-0203z/package/baseline/Imported/G5UnknownRateSupport.lean",
verify	Recover stopped G5 original compiler diagnostics	2026-10-07T16:45:16.8048084Z       "sha256": "5138246c24f49bc7b4b2adf28fd776b1b89f16e5cf7bc5bfa1b27c97afa7fa93",
verify	Recover stopped G5 original compiler diagnostics	2026-10-07T16:45:16.8048179Z       "authority": "baseline",
verify	Recover stopped G5 original compiler diagnostics	2026-10-07T16:45:16.8048268Z       "imports": [
verify	Recover stopped G5 original compiler diagnostics	2026-10-07T16:45:16.8048391Z         "G5ExponentialGermIdentification",
verify	Recover stopped G5 original compiler diagnostics	2026-10-07T16:45:16.8048540Z         "Mathlib.Algebra.BigOperators.Finsupp.Basic"
verify	Recover stopped G5 original compiler diagnostics	2026-10-07T16:45:16.8048619Z       ],
verify	Recover stopped G5 original compiler diagnostics	2026-10-07T16:45:16.8048768Z       "destination": "Imported/G5UnknownRateSupport.lean"
verify	Recover stopped G5 original compiler diagnostics	2026-10-07T16:45:16.8048850Z     },
verify	Recover stopped G5 original compiler diagnostics	2026-10-07T16:45:16.8048950Z     "G5OriginalRouteHazard": {
verify	Recover stopped G5 original compiler diagnostics	2026-10-07T16:45:16.8049616Z       "source": "research/2026-10-04-dot-verified-lean-825-0203z/package/baseline/Imported/G5OriginalRouteHazard.lean",
verify	Recover stopped G5 original compiler diagnostics	2026-10-07T16:45:16.8050040Z       "sha256": "9cf84860342b132e474d034ae05034129b47aa116e8bcf0e965989e7e58e4e8a",
verify	Recover stopped G5 original compiler diagnostics	2026-10-07T16:45:16.8050148Z       "authority": "baseline",
verify	Recover stopped G5 original compiler diagnostics	2026-10-07T16:45:16.8050240Z       "imports": [
verify	Recover stopped G5 original compiler diagnostics	2026-10-07T16:45:16.8050357Z         "G5SafePastMeetingPermanence",
verify	Recover stopped G5 original compiler diagnostics	2026-10-07T16:45:16.8050464Z         "G5UnknownRateSupport",
verify	Recover stopped G5 original compiler diagnostics	2026-10-07T16:45:16.8050570Z         "Mathlib.Data.Finset.Max"
verify	Recover stopped G5 original compiler diagnostics	2026-10-07T16:45:16.8050652Z       ],
verify	Recover stopped G5 original compiler diagnostics	2026-10-07T16:45:16.8050814Z       "destination": "Imported/G5OriginalRouteHazard.lean"
verify	Recover stopped G5 original compiler diagnostics	2026-10-07T16:45:16.8050894Z     },
verify	Recover stopped G5 original compiler diagnostics	2026-10-07T16:45:16.8051007Z     "G4TwoRootSourceStopping": {
verify	Recover stopped G5 original compiler diagnostics	2026-10-07T16:45:16.8051408Z       "source": "research/2026-10-04-dot-verified-lean-825-0203z/package/baseline/Imported/G4TwoRootSourceStopping.lean",
verify	Recover stopped G5 original compiler diagnostics	2026-10-07T16:45:16.8051658Z       "sha256": "b5dd33d135fcb9267ae3297229e51434b5cfd434e08ef89ecacf34affd5e541d",
verify	Recover stopped G5 original compiler diagnostics	2026-10-07T16:45:16.8051755Z       "authority": "baseline",
verify	Recover stopped G5 original compiler diagnostics	2026-10-07T16:45:16.8051843Z       "imports": [
verify	Recover stopped G5 original compiler diagnostics	2026-10-07T16:45:16.8051951Z         "Mathlib.Data.Real.Basic",
verify	Recover stopped G5 original compiler diagnostics	2026-10-07T16:45:16.8052064Z         "Mathlib.Data.Fintype.Basic",
verify	Recover stopped G5 original compiler diagnostics	2026-10-07T16:45:16.8052235Z         "Mathlib.Algebra.BigOperators.Group.Finset.Basic",
verify	Recover stopped G5 original compiler diagnostics	2026-10-07T16:45:16.8052330Z         "Mathlib.Tactic.Ring",
verify	Recover stopped G5 original compiler diagnostics	2026-10-07T16:45:16.8052435Z         "Mathlib.Tactic.Linarith",
verify	Recover stopped G5 original compiler diagnostics	2026-10-07T16:45:16.8052539Z         "Mathlib.Tactic.Positivity"
verify	Recover stopped G5 original compiler diagnostics	2026-10-07T16:45:16.8052618Z       ],
verify	Recover stopped G5 original compiler diagnostics	2026-10-07T16:45:16.8052779Z       "destination": "Imported/G4TwoRootSourceStopping.lean"
verify	Recover stopped G5 original compiler diagnostics	2026-10-07T16:45:16.8052858Z     },
verify	Recover stopped G5 original compiler diagnostics	2026-10-07T16:45:16.8052962Z     "G1SharedRegisterStress": {
verify	Recover stopped G5 original compiler diagnostics	2026-10-07T16:45:16.8053349Z       "source": "research/2026-10-04-dot-verified-lean-825-0203z/package/baseline/Imported/G1SharedRegisterStress.lean",
verify	Recover stopped G5 original compiler diagnostics	2026-10-07T16:45:16.8053577Z       "sha256": "d65004b11e07bb553637161bd7b1395186ea20e2c39e7c50c800af4871f018db",
verify	Recover stopped G5 original compiler diagnostics	2026-10-07T16:45:16.8053670Z       "authority": "baseline",
verify	Recover stopped G5 original compiler diagnostics	2026-10-07T16:45:16.8053759Z       "imports": [
verify	Recover stopped G5 original compiler diagnostics	2026-10-07T16:45:16.8053923Z         "Mathlib.Probability.Distributions.Exponential",
verify	Recover stopped G5 original compiler diagnostics	2026-10-07T16:45:16.8054079Z         "Mathlib.Analysis.SpecialFunctions.Log.Basic",
verify	Recover stopped G5 original compiler diagnostics	2026-10-07T16:45:16.8054174Z         "Mathlib.Tactic.Ring",
verify	Recover stopped G5 original compiler diagnostics	2026-10-07T16:45:16.8054281Z         "Mathlib.Tactic.NormNum"
verify	Recover stopped G5 original compiler diagnostics	2026-10-07T16:45:16.8054359Z       ],
verify	Recover stopped G5 original compiler diagnostics	2026-10-07T16:45:16.8054519Z       "destination": "Imported/G1SharedRegisterStress.lean"
verify	Recover stopped G5 original compiler diagnostics	2026-10-07T16:45:16.8054597Z     },
verify	Recover stopped G5 original compiler diagnostics	2026-10-07T16:45:16.8054699Z     "G4FourRootPositivity": {
verify	Recover stopped G5 original compiler diagnostics	2026-10-07T16:45:16.8055078Z       "source": "research/2026-10-04-dot-verified-lean-825-0203z/package/baseline/Imported/G4FourRootPositivity.lean",
verify	Recover stopped G5 original compiler diagnostics	2026-10-07T16:45:16.8055296Z       "sha256": "24823aa835fb0649d8754777d975315e82ead74d3f065093e2d03c743f7356fa",
verify	Recover stopped G5 original compiler diagnostics	2026-10-07T16:45:16.8055530Z       "authority": "baseline",
verify	Recover stopped G5 original compiler diagnostics	2026-10-07T16:45:16.8055614Z       "imports": [
verify	Recover stopped G5 original compiler diagnostics	2026-10-07T16:45:16.8055715Z         "Mathlib.Data.Real.Basic",
verify	Recover stopped G5 original compiler diagnostics	2026-10-07T16:45:16.8055817Z         "Mathlib.Tactic.Ring",
verify	Recover stopped G5 original compiler diagnostics	2026-10-07T16:45:16.8055916Z         "Mathlib.Tactic.Linarith",
verify	Recover stopped G5 original compiler diagnostics	2026-10-07T16:45:16.8056026Z         "Mathlib.Tactic.Positivity"
verify	Recover stopped G5 original compiler diagnostics	2026-10-07T16:45:16.8056102Z       ],
verify	Recover stopped G5 original compiler diagnostics	2026-10-07T16:45:16.8056259Z       "destination": "Imported/G4FourRootPositivity.lean"
verify	Recover stopped G5 original compiler diagnostics	2026-10-07T16:45:16.8056334Z     },
verify	Recover stopped G5 original compiler diagnostics	2026-10-07T16:45:16.8056445Z     "G4IndependentRoutingBridge": {
verify	Recover stopped G5 original compiler diagnostics	2026-10-07T16:45:16.8056853Z       "source": "research/2026-10-04-dot-verified-lean-825-0203z/package/baseline/Imported/G4IndependentRoutingBridge.lean",
verify	Recover stopped G5 original compiler diagnostics	2026-10-07T16:45:16.8057215Z       "sha256": "e30d82ea7e57138d463c779205dfcf686b520cb649d9d5767ee3c13853f19f6b",
verify	Recover stopped G5 original compiler diagnostics	2026-10-07T16:45:16.8057320Z       "authority": "baseline",
verify	Recover stopped G5 original compiler diagnostics	2026-10-07T16:45:16.8057402Z       "imports": [
verify	Recover stopped G5 original compiler diagnostics	2026-10-07T16:45:16.8057503Z         "G2LiveLineageRouting",
verify	Recover stopped G5 original compiler diagnostics	2026-10-07T16:45:16.8057609Z         "G1SharedRegisterStress",
verify	Recover stopped G5 original compiler diagnostics	2026-10-07T16:45:16.8057727Z         "Mathlib.Data.Nat.Choose.Basic",
verify	Recover stopped G5 original compiler diagnostics	2026-10-07T16:45:16.8057830Z         "Lean.Elab.Tactic.Omega",
verify	Recover stopped G5 original compiler diagnostics	2026-10-07T16:45:16.8058086Z         "G4FourRootPositivity",
verify	Recover stopped G5 original compiler diagnostics	2026-10-07T16:45:16.8058201Z         "Mathlib.Data.Fin.Tuple.Basic",
verify	Recover stopped G5 original compiler diagnostics	2026-10-07T16:45:16.8058323Z         "Mathlib.Data.Fintype.BigOperators",
verify	Recover stopped G5 original compiler diagnostics	2026-10-07T16:45:16.8058449Z         "Mathlib.Algebra.BigOperators.Fin",
verify	Recover stopped G5 original compiler diagnostics	2026-10-07T16:45:16.8058653Z         "Mathlib.Algebra.Order.BigOperators.GroupWithZero.Finset",
verify	Recover stopped G5 original compiler diagnostics	2026-10-07T16:45:16.8058800Z         "Mathlib.Algebra.BigOperators.Ring.Finset",
verify	Recover stopped G5 original compiler diagnostics	2026-10-07T16:45:16.8058905Z         "Mathlib.Tactic.NormNum"
verify	Recover stopped G5 original compiler diagnostics	2026-10-07T16:45:16.8058981Z       ],
verify	Recover stopped G5 original compiler diagnostics	2026-10-07T16:45:16.8059159Z       "destination": "Imported/G4IndependentRoutingBridge.lean"
verify	Recover stopped G5 original compiler diagnostics	2026-10-07T16:45:16.8059234Z     },
verify	Recover stopped G5 original compiler diagnostics	2026-10-07T16:45:16.8059338Z     "G4AllRootPairClocks": {
verify	Recover stopped G5 original compiler diagnostics	2026-10-07T16:45:16.8059706Z       "source": "research/2026-10-04-dot-verified-lean-825-0203z/package/baseline/Imported/G4AllRootPairClocks.lean",
verify	Recover stopped G5 original compiler diagnostics	2026-10-07T16:45:16.8059932Z       "sha256": "149c8603c734e2ccb021963be42609698285033c1296b2bca18d0716f4258744",
verify	Recover stopped G5 original compiler diagnostics	2026-10-07T16:45:16.8060036Z       "authority": "baseline",
verify	Recover stopped G5 original compiler diagnostics	2026-10-07T16:45:16.8060119Z       "imports": [
verify	Recover stopped G5 original compiler diagnostics	2026-10-07T16:45:16.8060237Z         "G4IndependentRoutingBridge",
verify	Recover stopped G5 original compiler diagnostics	2026-10-07T16:45:16.8060374Z         "Mathlib.MeasureTheory.Constructions.Pi",
verify	Recover stopped G5 original compiler diagnostics	2026-10-07T16:45:16.8060494Z         "Mathlib.Data.Fintype.Powerset",
verify	Recover stopped G5 original compiler diagnostics	2026-10-07T16:45:16.8060612Z         "Mathlib.Data.ENNReal.BigOperators"
verify	Recover stopped G5 original compiler diagnostics	2026-10-07T16:45:16.8060692Z       ],
verify	Recover stopped G5 original compiler diagnostics	2026-10-07T16:45:16.8060840Z       "destination": "Imported/G4AllRootPairClocks.lean"
verify	Recover stopped G5 original compiler diagnostics	2026-10-07T16:45:16.8060918Z     },
verify	Recover stopped G5 original compiler diagnostics	2026-10-07T16:45:16.8061033Z     "G4PathResolvedMeasurement": {
verify	Recover stopped G5 original compiler diagnostics	2026-10-07T16:45:16.8061432Z       "source": "research/2026-10-04-dot-verified-lean-825-0203z/package/baseline/Imported/G4PathResolvedMeasurement.lean",
verify	Recover stopped G5 original compiler diagnostics	2026-10-07T16:45:16.8061662Z       "sha256": "af20fe6e206d9b407ad7b16310d75eb12191b0b7a137d189b466209ed02f0eb9",
verify	Recover stopped G5 original compiler diagnostics	2026-10-07T16:45:16.8061761Z       "authority": "baseline",
verify	Recover stopped G5 original compiler diagnostics	2026-10-07T16:45:16.8061845Z       "imports": [
verify	Recover stopped G5 original compiler diagnostics	2026-10-07T16:45:16.8061954Z         "G4TwoRootSourceStopping",
verify	Recover stopped G5 original compiler diagnostics	2026-10-07T16:45:16.8062056Z         "G4AllRootPairClocks",
verify	Recover stopped G5 original compiler diagnostics	2026-10-07T16:45:16.8062271Z         "Mathlib.Probability.ProbabilityMassFunction.Constructions",
verify	Recover stopped G5 original compiler diagnostics	2026-10-07T16:45:16.8062413Z         "Mathlib.Algebra.BigOperators.Ring.Finset",
verify	Recover stopped G5 original compiler diagnostics	2026-10-07T16:45:16.8062616Z         "Mathlib.Algebra.Order.BigOperators.GroupWithZero.Finset"
verify	Recover stopped G5 original compiler diagnostics	2026-10-07T16:45:16.8062692Z       ],
verify	Recover stopped G5 original compiler diagnostics	2026-10-07T16:45:16.8062871Z       "destination": "Imported/G4PathResolvedMeasurement.lean"
verify	Recover stopped G5 original compiler diagnostics	2026-10-07T16:45:16.8062946Z     },
verify	Recover stopped G5 original compiler diagnostics	2026-10-07T16:45:16.8063091Z     "UnifiedLean.Source.NativeParentRouting": {
verify	Recover stopped G5 original compiler diagnostics	2026-10-07T16:45:16.8063508Z       "source": "research/2026-10-04-dot-verified-lean-825-0203z/package/baseline/UnifiedLean/Source/NativeParentRouting.lean",
verify	Recover stopped G5 original compiler diagnostics	2026-10-07T16:45:16.8063731Z       "sha256": "300d7216193e945ca26161535c1bc2ba75a128fe5c075b6a3567bbda66bfe0b6",
verify	Recover stopped G5 original compiler diagnostics	2026-10-07T16:45:16.8064125Z       "authority": "baseline",
verify	Recover stopped G5 original compiler diagnostics	2026-10-07T16:45:16.8064210Z       "imports": [
verify	Recover stopped G5 original compiler diagnostics	2026-10-07T16:45:16.8064315Z         "G5OriginalRouteHazard",
verify	Recover stopped G5 original compiler diagnostics	2026-10-07T16:45:16.8064426Z         "G4PathResolvedMeasurement",
verify	Recover stopped G5 original compiler diagnostics	2026-10-07T16:45:16.8064570Z         "Mathlib.MeasureTheory.Constructions.Pi",
verify	Recover stopped G5 original compiler diagnostics	2026-10-07T16:45:16.8064677Z         "Mathlib.Data.Finset.Card"
verify	Recover stopped G5 original compiler diagnostics	2026-10-07T16:45:16.8064752Z       ],
verify	Recover stopped G5 original compiler diagnostics	2026-10-07T16:45:16.8064938Z       "destination": "UnifiedLean/Source/NativeParentRouting.lean"
verify	Recover stopped G5 original compiler diagnostics	2026-10-07T16:45:16.8065013Z     },
verify	Recover stopped G5 original compiler diagnostics	2026-10-07T16:45:16.8065154Z     "UnifiedLean.Source.NativePairClockLaw": {
verify	Recover stopped G5 original compiler diagnostics	2026-10-07T16:45:16.8065559Z       "source": "research/2026-10-04-dot-verified-lean-825-0203z/package/baseline/UnifiedLean/Source/NativePairClockLaw.lean",
verify	Recover stopped G5 original compiler diagnostics	2026-10-07T16:45:16.8065779Z       "sha256": "470738f7397f640a76374f791c485d757d1e2ac38769a11f05d0abc03c8aa9ae",
verify	Recover stopped G5 original compiler diagnostics	2026-10-07T16:45:16.8065877Z       "authority": "baseline",
verify	Recover stopped G5 original compiler diagnostics	2026-10-07T16:45:16.8065960Z       "imports": [
verify	Recover stopped G5 original compiler diagnostics	2026-10-07T16:45:16.8066104Z         "UnifiedLean.Source.NativeParentRouting",
verify	Recover stopped G5 original compiler diagnostics	2026-10-07T16:45:16.8066198Z         "G4AllRootPairClocks",
verify	Recover stopped G5 original compiler diagnostics	2026-10-07T16:45:16.8066325Z         "Mathlib.Data.ENNReal.BigOperators"
verify	Recover stopped G5 original compiler diagnostics	2026-10-07T16:45:16.8066479Z       ],
verify	Recover stopped G5 original compiler diagnostics	2026-10-07T16:45:16.8066660Z       "destination": "UnifiedLean/Source/NativePairClockLaw.lean"
verify	Recover stopped G5 original compiler diagnostics	2026-10-07T16:45:16.8066736Z     },
verify	Recover stopped G5 original compiler diagnostics	2026-10-07T16:45:16.8066883Z     "UnifiedLean.Source.UniformizedSourceStep": {
verify	Recover stopped G5 original compiler diagnostics	2026-10-07T16:45:16.8067440Z       "source": "research/2026-10-04-dot-verified-lean-825-0203z/package/baseline/UnifiedLean/Source/UniformizedSourceStep.lean",
verify	Recover stopped G5 original compiler diagnostics	2026-10-07T16:45:16.8067668Z       "sha256": "9d5a95047e3c04f9e12334cd4b5569e36e1dfa2cd4b1573f217eeb559ff9691c",
verify	Recover stopped G5 original compiler diagnostics	2026-10-07T16:45:16.8067767Z       "authority": "baseline",
verify	Recover stopped G5 original compiler diagnostics	2026-10-07T16:45:16.8067848Z       "imports": [
verify	Recover stopped G5 original compiler diagnostics	2026-10-07T16:45:16.8067991Z         "UnifiedLean.Source.FiniteSourceSnapshot",
verify	Recover stopped G5 original compiler diagnostics	2026-10-07T16:45:16.8068124Z         "UnifiedLean.Source.NativePairClockLaw",
verify	Recover stopped G5 original compiler diagnostics	2026-10-07T16:45:16.8068271Z         "SourceForestKingmanPopulationProjection",
verify	Recover stopped G5 original compiler diagnostics	2026-10-07T16:45:16.8068493Z         "Mathlib.Probability.ProbabilityMassFunction.Constructions",
verify	Recover stopped G5 original compiler diagnostics	2026-10-07T16:45:16.8068620Z         "Mathlib.Algebra.BigOperators.Field"
verify	Recover stopped G5 original compiler diagnostics	2026-10-07T16:45:16.8068697Z       ],
verify	Recover stopped G5 original compiler diagnostics	2026-10-07T16:45:16.8068882Z       "destination": "UnifiedLean/Source/UniformizedSourceStep.lean"
verify	Recover stopped G5 original compiler diagnostics	2026-10-07T16:45:16.8068960Z     },
verify	Recover stopped G5 original compiler diagnostics	2026-10-07T16:45:16.8069063Z     "G2SourceGraftDecoration": {
verify	Recover stopped G5 original compiler diagnostics	2026-10-07T16:45:16.8069441Z       "source": "research/2026-10-06-dot-g2-source-graft-source-preservation-2357z/G2SourceGraftDecoration.lean",
verify	Recover stopped G5 original compiler diagnostics	2026-10-07T16:45:16.8069670Z       "sha256": "c8da578dde3fdf049e4075a39292979bbb5936bd9c754d743072420a91c07ddd",
verify	Recover stopped G5 original compiler diagnostics	2026-10-07T16:45:16.8070059Z       "authority": "research/2026-10-07-dot-g2-calendar-tail-source-successor-0058z/SOURCE-AND-DEPENDENCY-PINS.json",
verify	Recover stopped G5 original compiler diagnostics	2026-10-07T16:45:16.8070148Z       "imports": [
verify	Recover stopped G5 original compiler diagnostics	2026-10-07T16:45:16.8070261Z         "G2FaithfulPairAgeDecoration",
verify	Recover stopped G5 original compiler diagnostics	2026-10-07T16:45:16.8070404Z         "UnifiedLean.Source.UniformizedSourceStep"
verify	Recover stopped G5 original compiler diagnostics	2026-10-07T16:45:16.8070482Z       ],
verify	Recover stopped G5 original compiler diagnostics	2026-10-07T16:45:16.8070642Z       "destination": "TimedG2/G2SourceGraftDecoration.lean"
verify	Recover stopped G5 original compiler diagnostics	2026-10-07T16:45:16.8070726Z     },
verify	Recover stopped G5 original compiler diagnostics	2026-10-07T16:45:16.8070923Z     "UnifiedLean.Source.SourceForestGeneratorIntertwining": {
verify	Recover stopped G5 original compiler diagnostics	2026-10-07T16:45:16.8071403Z       "source": "research/2026-10-04-dot-verified-lean-825-0203z/package/baseline/UnifiedLean/Source/SourceForestGeneratorIntertwining.lean",
verify	Recover stopped G5 original compiler diagnostics	2026-10-07T16:45:16.8071630Z       "sha256": "b186f0d381b0e62078d887f90ce46ecbe91def99ec66ec51c98053b9d60c0f28",
verify	Recover stopped G5 original compiler diagnostics	2026-10-07T16:45:16.8071730Z       "authority": "baseline",
verify	Recover stopped G5 original compiler diagnostics	2026-10-07T16:45:16.8071811Z       "imports": [
verify	Recover stopped G5 original compiler diagnostics	2026-10-07T16:45:16.8071969Z         "UnifiedLean.Source.SourceForestSilentPruning",
verify	Recover stopped G5 original compiler diagnostics	2026-10-07T16:45:16.8072137Z         "Mathlib.Algebra.BigOperators.Group.Finset.Basic"
verify	Recover stopped G5 original compiler diagnostics	2026-10-07T16:45:16.8072211Z       ],
verify	Recover stopped G5 original compiler diagnostics	2026-10-07T16:45:16.8072449Z       "destination": "UnifiedLean/Source/SourceForestGeneratorIntertwining.lean"
verify	Recover stopped G5 original compiler diagnostics	2026-10-07T16:45:16.8072660Z     },
verify	Recover stopped G5 original compiler diagnostics	2026-10-07T16:45:16.8072846Z     "UnifiedLean.Source.SourceForestIntrinsicGenerator": {
verify	Recover stopped G5 original compiler diagnostics	2026-10-07T16:45:16.8073309Z       "source": "research/2026-10-04-dot-verified-lean-825-0203z/package/baseline/UnifiedLean/Source/SourceForestIntrinsicGenerator.lean",
verify	Recover stopped G5 original compiler diagnostics	2026-10-07T16:45:16.8073550Z       "sha256": "b282351bf116ae756c7e9c6ee1e3cbace41a8d753b47cac7e53c4a918c82d16f",
verify	Recover stopped G5 original compiler diagnostics	2026-10-07T16:45:16.8073648Z       "authority": "baseline",
verify	Recover stopped G5 original compiler diagnostics	2026-10-07T16:45:16.8073729Z       "imports": [
verify	Recover stopped G5 original compiler diagnostics	2026-10-07T16:45:16.8073921Z         "UnifiedLean.Source.SourceForestGeneratorIntertwining"
verify	Recover stopped G5 original compiler diagnostics	2026-10-07T16:45:16.8073997Z       ],
verify	Recover stopped G5 original compiler diagnostics	2026-10-07T16:45:16.8074229Z       "destination": "UnifiedLean/Source/SourceForestIntrinsicGenerator.lean"
verify	Recover stopped G5 original compiler diagnostics	2026-10-07T16:45:16.8074306Z     },
verify	Recover stopped G5 original compiler diagnostics	2026-10-07T16:45:16.8074476Z     "UnifiedLean.Source.SourceStepGeneratorBinding": {
verify	Recover stopped G5 original compiler diagnostics	2026-10-07T16:45:16.8074920Z       "source": "research/2026-10-04-dot-verified-lean-825-0203z/package/baseline/UnifiedLean/Source/SourceStepGeneratorBinding.lean",
verify	Recover stopped G5 original compiler diagnostics	2026-10-07T16:45:16.8075147Z       "sha256": "8021b8bddcc5cd070185843ca5454dfb289572a2592854efbbdd9e41d48396d0",
verify	Recover stopped G5 original compiler diagnostics	2026-10-07T16:45:16.8075245Z       "authority": "baseline",
verify	Recover stopped G5 original compiler diagnostics	2026-10-07T16:45:16.8075437Z       "imports": [
verify	Recover stopped G5 original compiler diagnostics	2026-10-07T16:45:16.8075580Z         "UnifiedLean.Source.UniformizedSourceStep",
verify	Recover stopped G5 original compiler diagnostics	2026-10-07T16:45:16.8075754Z         "UnifiedLean.Source.SourceForestIntrinsicGenerator",
verify	Recover stopped G5 original compiler diagnostics	2026-10-07T16:45:16.8075955Z         "Mathlib.Probability.ProbabilityMassFunction.Integrals",
verify	Recover stopped G5 original compiler diagnostics	2026-10-07T16:45:16.8076115Z         "Mathlib.MeasureTheory.Integral.Bochner.Basic"
verify	Recover stopped G5 original compiler diagnostics	2026-10-07T16:45:16.8076190Z       ],
verify	Recover stopped G5 original compiler diagnostics	2026-10-07T16:45:16.8076396Z       "destination": "UnifiedLean/Source/SourceStepGeneratorBinding.lean"
verify	Recover stopped G5 original compiler diagnostics	2026-10-07T16:45:16.8076470Z     },
verify	Recover stopped G5 original compiler diagnostics	2026-10-07T16:45:16.8076639Z     "UnifiedLean.Source.MatrixProjectionExponential": {
verify	Recover stopped G5 original compiler diagnostics	2026-10-07T16:45:16.8077205Z       "source": "research/2026-10-04-dot-verified-lean-825-0203z/package/baseline/UnifiedLean/Source/MatrixProjectionExponential.lean",
verify	Recover stopped G5 original compiler diagnostics	2026-10-07T16:45:16.8077431Z       "sha256": "870438089e6cf05dd93761172ea1bf6b2aa96654708e97b9d348e0dfcb44dfa2",
verify	Recover stopped G5 original compiler diagnostics	2026-10-07T16:45:16.8077532Z       "authority": "baseline",
verify	Recover stopped G5 original compiler diagnostics	2026-10-07T16:45:16.8077613Z       "imports": [
verify	Recover stopped G5 original compiler diagnostics	2026-10-07T16:45:16.8077791Z         "Mathlib.Analysis.Normed.Algebra.MatrixExponential"
verify	Recover stopped G5 original compiler diagnostics	2026-10-07T16:45:16.8077866Z       ],
verify	Recover stopped G5 original compiler diagnostics	2026-10-07T16:45:16.8078080Z       "destination": "UnifiedLean/Source/MatrixProjectionExponential.lean"
verify	Recover stopped G5 original compiler diagnostics	2026-10-07T16:45:16.8078154Z     },
verify	Recover stopped G5 original compiler diagnostics	2026-10-07T16:45:16.8078306Z     "UnifiedLean.Source.SourceFiniteProjection": {
verify	Recover stopped G5 original compiler diagnostics	2026-10-07T16:45:16.8078727Z       "source": "research/2026-10-04-dot-verified-lean-825-0203z/package/baseline/UnifiedLean/Source/SourceFiniteProjection.lean",
verify	Recover stopped G5 original compiler diagnostics	2026-10-07T16:45:16.8078945Z       "sha256": "09398c920468ba6ead16b523cecd9f86e7648e7063602256ee4634385df1cab3",
verify	Recover stopped G5 original compiler diagnostics	2026-10-07T16:45:16.8079043Z       "authority": "baseline",
verify	Recover stopped G5 original compiler diagnostics	2026-10-07T16:45:16.8079124Z       "imports": [
verify	Recover stopped G5 original compiler diagnostics	2026-10-07T16:45:16.8079286Z         "UnifiedLean.Source.SourceStepGeneratorBinding",
verify	Recover stopped G5 original compiler diagnostics	2026-10-07T16:45:16.8079449Z         "UnifiedLean.Source.MatrixProjectionExponential",
verify	Recover stopped G5 original compiler diagnostics	2026-10-07T16:45:16.8079577Z         "Mathlib.Data.ENNReal.BigOperators"
verify	Recover stopped G5 original compiler diagnostics	2026-10-07T16:45:16.8079655Z       ],
verify	Recover stopped G5 original compiler diagnostics	2026-10-07T16:45:16.8079848Z       "destination": "UnifiedLean/Source/SourceFiniteProjection.lean"
verify	Recover stopped G5 original compiler diagnostics	2026-10-07T16:45:16.8079925Z     },
verify	Recover stopped G5 original compiler diagnostics	2026-10-07T16:45:16.8080065Z     "UnifiedLean.Source.SourcePoissonKernel": {
verify	Recover stopped G5 original compiler diagnostics	2026-10-07T16:45:16.8080476Z       "source": "research/2026-10-04-dot-verified-lean-825-0203z/package/baseline/UnifiedLean/Source/SourcePoissonKernel.lean",
verify	Recover stopped G5 original compiler diagnostics	2026-10-07T16:45:16.8080694Z       "sha256": "13ab4d1a209554878e189061cbede00154c7b72548465757624cc2e4af66e98c",
verify	Recover stopped G5 original compiler diagnostics	2026-10-07T16:45:16.8080792Z       "authority": "baseline",
verify	Recover stopped G5 original compiler diagnostics	2026-10-07T16:45:16.8080880Z       "imports": [
verify	Recover stopped G5 original compiler diagnostics	2026-10-07T16:45:16.8081027Z         "UnifiedLean.Source.SourceFiniteProjection",
verify	Recover stopped G5 original compiler diagnostics	2026-10-07T16:45:16.8081199Z         "Mathlib.Probability.Distributions.Poisson.Basic"
verify	Recover stopped G5 original compiler diagnostics	2026-10-07T16:45:16.8081274Z       ],
verify	Recover stopped G5 original compiler diagnostics	2026-10-07T16:45:16.8081458Z       "destination": "UnifiedLean/Source/SourcePoissonKernel.lean"
verify	Recover stopped G5 original compiler diagnostics	2026-10-07T16:45:16.8081663Z     },
verify	Recover stopped G5 original compiler diagnostics	2026-10-07T16:45:16.8081832Z     "UnifiedLean.Source.SourceGeneratorExponential": {
verify	Recover stopped G5 original compiler diagnostics	2026-10-07T16:45:16.8082274Z       "source": "research/2026-10-04-dot-verified-lean-825-0203z/package/baseline/UnifiedLean/Source/SourceGeneratorExponential.lean",
verify	Recover stopped G5 original compiler diagnostics	2026-10-07T16:45:16.8082502Z       "sha256": "f761ddf2f5efb9906ec8f841567d02fae946cce763260f238834a147090e461d",
verify	Recover stopped G5 original compiler diagnostics	2026-10-07T16:45:16.8082602Z       "authority": "baseline",
verify	Recover stopped G5 original compiler diagnostics	2026-10-07T16:45:16.8082685Z       "imports": [
verify	Recover stopped G5 original compiler diagnostics	2026-10-07T16:45:16.8082829Z         "UnifiedLean.Source.SourceFiniteProjection"
verify	Recover stopped G5 original compiler diagnostics	2026-10-07T16:45:16.8082903Z       ],
verify	Recover stopped G5 original compiler diagnostics	2026-10-07T16:45:16.8083112Z       "destination": "UnifiedLean/Source/SourceGeneratorExponential.lean"
verify	Recover stopped G5 original compiler diagnostics	2026-10-07T16:45:16.8083191Z     },
verify	Recover stopped G5 original compiler diagnostics	2026-10-07T16:45:16.8083349Z     "UnifiedLean.Source.SourcePoissonExponential": {
verify	Recover stopped G5 original compiler diagnostics	2026-10-07T16:45:16.8083782Z       "source": "research/2026-10-04-dot-verified-lean-825-0203z/package/baseline/UnifiedLean/Source/SourcePoissonExponential.lean",
verify	Recover stopped G5 original compiler diagnostics	2026-10-07T16:45:16.8084008Z       "sha256": "463eb0e4a9cd9307898eface172100183b8ac9d412c1389a2c5b9ad4981c2d9a",
verify	Recover stopped G5 original compiler diagnostics	2026-10-07T16:45:16.8084108Z       "authority": "baseline",
verify	Recover stopped G5 original compiler diagnostics	2026-10-07T16:45:16.8084301Z       "imports": [
verify	Recover stopped G5 original compiler diagnostics	2026-10-07T16:45:16.8084443Z         "UnifiedLean.Source.SourcePoissonKernel",
verify	Recover stopped G5 original compiler diagnostics	2026-10-07T16:45:16.8084603Z         "UnifiedLean.Source.SourceGeneratorExponential"
verify	Recover stopped G5 original compiler diagnostics	2026-10-07T16:45:16.8084680Z       ],
verify	Recover stopped G5 original compiler diagnostics	2026-10-07T16:45:16.8084885Z       "destination": "UnifiedLean/Source/SourcePoissonExponential.lean"
verify	Recover stopped G5 original compiler diagnostics	2026-10-07T16:45:16.8084959Z     },
verify	Recover stopped G5 original compiler diagnostics	2026-10-07T16:45:16.8085106Z     "UnifiedLean.Source.SourceEpochSemigroup": {
verify	Recover stopped G5 original compiler diagnostics	2026-10-07T16:45:16.8085519Z       "source": "research/2026-10-04-dot-verified-lean-825-0203z/package/baseline/UnifiedLean/Source/SourceEpochSemigroup.lean",
verify	Recover stopped G5 original compiler diagnostics	2026-10-07T16:45:16.8085738Z       "sha256": "845739bc6b110eadd611e0133906ec3f9b036d66f17902f46885c660213b179f",
verify	Recover stopped G5 original compiler diagnostics	2026-10-07T16:45:16.8085836Z       "authority": "baseline",
verify	Recover stopped G5 original compiler diagnostics	2026-10-07T16:45:16.8085917Z       "imports": [
verify	Recover stopped G5 original compiler diagnostics	2026-10-07T16:45:16.8086076Z         "UnifiedLean.Source.SourcePoissonExponential"
verify	Recover stopped G5 original compiler diagnostics	2026-10-07T16:45:16.8086152Z       ],
verify	Recover stopped G5 original compiler diagnostics	2026-10-07T16:45:16.8086341Z       "destination": "UnifiedLean/Source/SourceEpochSemigroup.lean"
verify	Recover stopped G5 original compiler diagnostics	2026-10-07T16:45:16.8086418Z     },
verify	Recover stopped G5 original compiler diagnostics	2026-10-07T16:45:16.8086589Z     "UnifiedLean.Source.SourceCalendarCompatibility": {
verify	Recover stopped G5 original compiler diagnostics	2026-10-07T16:45:16.8087148Z       "source": "research/2026-10-04-dot-verified-lean-825-0203z/package/baseline/UnifiedLean/Source/SourceCalendarCompatibility.lean",
verify	Recover stopped G5 original compiler diagnostics	2026-10-07T16:45:16.8087394Z       "sha256": "98abb2982bcd061f931ed4a55816f00d54d4ce2c73c29e036dbd29ede303b3dc",
verify	Recover stopped G5 original compiler diagnostics	2026-10-07T16:45:16.8087497Z       "authority": "baseline",
verify	Recover stopped G5 original compiler diagnostics	2026-10-07T16:45:16.8087579Z       "imports": [
verify	Recover stopped G5 original compiler diagnostics	2026-10-07T16:45:16.8087717Z         "UnifiedLean.Source.SourcePoissonKernel",
verify	Recover stopped G5 original compiler diagnostics	2026-10-07T16:45:16.8087809Z         "G5CalendarRoutes"
verify	Recover stopped G5 original compiler diagnostics	2026-10-07T16:45:16.8087889Z       ],
verify	Recover stopped G5 original compiler diagnostics	2026-10-07T16:45:16.8088099Z       "destination": "UnifiedLean/Source/SourceCalendarCompatibility.lean"
verify	Recover stopped G5 original compiler diagnostics	2026-10-07T16:45:16.8088180Z     },
verify	Recover stopped G5 original compiler diagnostics	2026-10-07T16:45:16.8088349Z     "UnifiedLean.Source.SourceForestPulseTransport": {
verify	Recover stopped G5 original compiler diagnostics	2026-10-07T16:45:16.8088784Z       "source": "research/2026-10-04-dot-verified-lean-825-0203z/package/baseline/UnifiedLean/Source/SourceForestPulseTransport.lean",
verify	Recover stopped G5 original compiler diagnostics	2026-10-07T16:45:16.8089022Z       "sha256": "8e1a3d62afab25247dd3a281d30f7dc20db1949ea1b589c2d77980b3b48874f1",
verify	Recover stopped G5 original compiler diagnostics	2026-10-07T16:45:16.8089116Z       "authority": "baseline",
verify	Recover stopped G5 original compiler diagnostics	2026-10-07T16:45:16.8089205Z       "imports": [
verify	Recover stopped G5 original compiler diagnostics	2026-10-07T16:45:16.8089381Z         "UnifiedLean.Source.SourceForestIntrinsicGenerator",
verify	Recover stopped G5 original compiler diagnostics	2026-10-07T16:45:16.8089485Z         "G2LiveLineageRouting"
verify	Recover stopped G5 original compiler diagnostics	2026-10-07T16:45:16.8089569Z       ],
verify	Recover stopped G5 original compiler diagnostics	2026-10-07T16:45:16.8089775Z       "destination": "UnifiedLean/Source/SourceForestPulseTransport.lean"
verify	Recover stopped G5 original compiler diagnostics	2026-10-07T16:45:16.8089855Z     },
verify	Recover stopped G5 original compiler diagnostics	2026-10-07T16:45:16.8090011Z     "UnifiedLean.Source.SourceForestPulseMeasure": {
verify	Recover stopped G5 original compiler diagnostics	2026-10-07T16:45:16.8090440Z       "source": "research/2026-10-04-dot-verified-lean-825-0203z/package/baseline/UnifiedLean/Source/SourceForestPulseMeasure.lean",
verify	Recover stopped G5 original compiler diagnostics	2026-10-07T16:45:16.8090815Z       "sha256": "04a3a1c1f027903e62b77f966639c80da77aaa776871a0d9bd0657eac35b9e4f",
verify	Recover stopped G5 original compiler diagnostics	2026-10-07T16:45:16.8090919Z       "authority": "baseline",
verify	Recover stopped G5 original compiler diagnostics	2026-10-07T16:45:16.8091008Z       "imports": [
verify	Recover stopped G5 original compiler diagnostics	2026-10-07T16:45:16.8091176Z         "UnifiedLean.Source.SourceForestPulseTransport",
verify	Recover stopped G5 original compiler diagnostics	2026-10-07T16:45:16.8091333Z         "Mathlib.Probability.Distributions.Bernoulli",
verify	Recover stopped G5 original compiler diagnostics	2026-10-07T16:45:16.8091466Z         "Mathlib.MeasureTheory.Constructions.Pi"
verify	Recover stopped G5 original compiler diagnostics	2026-10-07T16:45:16.8091553Z       ],
verify	Recover stopped G5 original compiler diagnostics	2026-10-07T16:45:16.8091750Z       "destination": "UnifiedLean/Source/SourceForestPulseMeasure.lean"
verify	Recover stopped G5 original compiler diagnostics	2026-10-07T16:45:16.8091835Z     },
verify	Recover stopped G5 original compiler diagnostics	2026-10-07T16:45:16.8091988Z     "UnifiedLean.Source.SourceForestCommonPulse": {
verify	Recover stopped G5 original compiler diagnostics	2026-10-07T16:45:16.8092414Z       "source": "research/2026-10-04-dot-verified-lean-825-0203z/package/baseline/UnifiedLean/Source/SourceForestCommonPulse.lean",
verify	Recover stopped G5 original compiler diagnostics	2026-10-07T16:45:16.8092648Z       "sha256": "cac1082f66a84b943dbc8ba9f2e8082ce12bbb42a4b1503e31722597b0faa138",
verify	Recover stopped G5 original compiler diagnostics	2026-10-07T16:45:16.8092748Z       "authority": "baseline",
verify	Recover stopped G5 original compiler diagnostics	2026-10-07T16:45:16.8092835Z       "imports": [
verify	Recover stopped G5 original compiler diagnostics	2026-10-07T16:45:16.8092990Z         "UnifiedLean.Source.SourceForestPulseTransport"
verify	Recover stopped G5 original compiler diagnostics	2026-10-07T16:45:16.8093183Z       ],
verify	Recover stopped G5 original compiler diagnostics	2026-10-07T16:45:16.8093388Z       "destination": "UnifiedLean/Source/SourceForestCommonPulse.lean"
verify	Recover stopped G5 original compiler diagnostics	2026-10-07T16:45:16.8093462Z     },
verify	Recover stopped G5 original compiler diagnostics	2026-10-07T16:45:16.8093612Z     "UnifiedLean.Source.SourceBoundaryKernels": {
verify	Recover stopped G5 original compiler diagnostics	2026-10-07T16:45:16.8094027Z       "source": "research/2026-10-04-dot-verified-lean-825-0203z/package/baseline/UnifiedLean/Source/SourceBoundaryKernels.lean",
verify	Recover stopped G5 original compiler diagnostics	2026-10-07T16:45:16.8094249Z       "sha256": "994b25e798e39889a56084b267c3e896580cd21e902764c3c6922d9bfdd6070d",
verify	Recover stopped G5 original compiler diagnostics	2026-10-07T16:45:16.8094344Z       "authority": "baseline",
verify	Recover stopped G5 original compiler diagnostics	2026-10-07T16:45:16.8094431Z       "imports": [
verify	Recover stopped G5 original compiler diagnostics	2026-10-07T16:45:16.8094583Z         "UnifiedLean.Source.SourceFiniteProjection",
verify	Recover stopped G5 original compiler diagnostics	2026-10-07T16:45:16.8094732Z         "UnifiedLean.Source.SourceForestPulseMeasure",
verify	Recover stopped G5 original compiler diagnostics	2026-10-07T16:45:16.8094885Z         "UnifiedLean.Source.SourceForestCommonPulse"
verify	Recover stopped G5 original compiler diagnostics	2026-10-07T16:45:16.8094962Z       ],
verify	Recover stopped G5 original compiler diagnostics	2026-10-07T16:45:16.8095155Z       "destination": "UnifiedLean/Source/SourceBoundaryKernels.lean"
verify	Recover stopped G5 original compiler diagnostics	2026-10-07T16:45:16.8095235Z     },
verify	Recover stopped G5 original compiler diagnostics	2026-10-07T16:45:16.8095391Z     "UnifiedLean.Source.SourceBoundaryProjection": {
verify	Recover stopped G5 original compiler diagnostics	2026-10-07T16:45:16.8095820Z       "source": "research/2026-10-04-dot-verified-lean-825-0203z/package/baseline/UnifiedLean/Source/SourceBoundaryProjection.lean",
verify	Recover stopped G5 original compiler diagnostics	2026-10-07T16:45:16.8096058Z       "sha256": "f1cb1e557b5f08cba2d37465bc4386bc6adc2f19fd12a132f7d6f835b1e24f0f",
verify	Recover stopped G5 original compiler diagnostics	2026-10-07T16:45:16.8096158Z       "authority": "baseline",
verify	Recover stopped G5 original compiler diagnostics	2026-10-07T16:45:16.8096239Z       "imports": [
verify	Recover stopped G5 original compiler diagnostics	2026-10-07T16:45:16.8096383Z         "UnifiedLean.Source.SourceBoundaryKernels"
verify	Recover stopped G5 original compiler diagnostics	2026-10-07T16:45:16.8096459Z       ],
verify	Recover stopped G5 original compiler diagnostics	2026-10-07T16:45:16.8096661Z       "destination": "UnifiedLean/Source/SourceBoundaryProjection.lean"
verify	Recover stopped G5 original compiler diagnostics	2026-10-07T16:45:16.8096735Z     },
verify	Recover stopped G5 original compiler diagnostics	2026-10-07T16:45:16.8096888Z     "UnifiedLean.Source.SourceProgramTransport": {
verify	Recover stopped G5 original compiler diagnostics	2026-10-07T16:45:16.8097434Z       "source": "research/2026-10-04-dot-verified-lean-825-0203z/package/baseline/UnifiedLean/Source/SourceProgramTransport.lean",
verify	Recover stopped G5 original compiler diagnostics	2026-10-07T16:45:16.8097676Z       "sha256": "d009fdfc510bfcaffaeea3bc241401eaf2996178ff4b82376eb22f1e49387831",
verify	Recover stopped G5 original compiler diagnostics	2026-10-07T16:45:16.8097774Z       "authority": "baseline",
verify	Recover stopped G5 original compiler diagnostics	2026-10-07T16:45:16.8097857Z       "imports": [
verify	Recover stopped G5 original compiler diagnostics	2026-10-07T16:45:16.8098012Z         "UnifiedLean.Source.SourceBoundaryProjection",
verify	Recover stopped G5 original compiler diagnostics	2026-10-07T16:45:16.8098146Z         "UnifiedLean.Source.SourcePoissonKernel"
verify	Recover stopped G5 original compiler diagnostics	2026-10-07T16:45:16.8098229Z       ],
verify	Recover stopped G5 original compiler diagnostics	2026-10-07T16:45:16.8098423Z       "destination": "UnifiedLean/Source/SourceProgramTransport.lean"
verify	Recover stopped G5 original compiler diagnostics	2026-10-07T16:45:16.8098497Z     },
verify	Recover stopped G5 original compiler diagnostics	2026-10-07T16:45:16.8098648Z     "UnifiedLean.Source.SourceCalendarCompiler": {
verify	Recover stopped G5 original compiler diagnostics	2026-10-07T16:45:16.8099069Z       "source": "research/2026-10-04-dot-verified-lean-825-0203z/package/baseline/UnifiedLean/Source/SourceCalendarCompiler.lean",
verify	Recover stopped G5 original compiler diagnostics	2026-10-07T16:45:16.8099297Z       "sha256": "9974446d99fa344593d294e315e349ab71fdbe7574e932bb8b1a16ee1b2369fd",
verify	Recover stopped G5 original compiler diagnostics	2026-10-07T16:45:16.8099531Z       "authority": "baseline",
verify	Recover stopped G5 original compiler diagnostics	2026-10-07T16:45:16.8099621Z       "imports": [
verify	Recover stopped G5 original compiler diagnostics	2026-10-07T16:45:16.8099797Z         "UnifiedLean.Source.SourceCalendarCompatibility",
verify	Recover stopped G5 original compiler diagnostics	2026-10-07T16:45:16.8099942Z         "UnifiedLean.Source.SourceProgramTransport",
verify	Recover stopped G5 original compiler diagnostics	2026-10-07T16:45:16.8100081Z         "UnifiedLean.Source.NativeParentRouting",
verify	Recover stopped G5 original compiler diagnostics	2026-10-07T16:45:16.8100187Z         "Mathlib.Data.Finset.Sort"
verify	Recover stopped G5 original compiler diagnostics	2026-10-07T16:45:16.8100271Z       ],
verify	Recover stopped G5 original compiler diagnostics	2026-10-07T16:45:16.8100463Z       "destination": "UnifiedLean/Source/SourceCalendarCompiler.lean"
verify	Recover stopped G5 original compiler diagnostics	2026-10-07T16:45:16.8100543Z     },
verify	Recover stopped G5 original compiler diagnostics	2026-10-07T16:45:16.8100699Z     "UnifiedLean.Source.SourceBoundaryLocations": {
verify	Recover stopped G5 original compiler diagnostics	2026-10-07T16:45:16.8101128Z       "source": "research/2026-10-04-dot-verified-lean-825-0203z/package/baseline/UnifiedLean/Source/SourceBoundaryLocations.lean",
verify	Recover stopped G5 original compiler diagnostics	2026-10-07T16:45:16.8101355Z       "sha256": "f7c050056e121c7e0e12eb071383cb1369e8fe9de887d7ad875a76904d48de5b",
verify	Recover stopped G5 original compiler diagnostics	2026-10-07T16:45:16.8101452Z       "authority": "baseline",
verify	Recover stopped G5 original compiler diagnostics	2026-10-07T16:45:16.8101540Z       "imports": [
verify	Recover stopped G5 original compiler diagnostics	2026-10-07T16:45:16.8101680Z         "UnifiedLean.Source.SourceCalendarCompiler"
verify	Recover stopped G5 original compiler diagnostics	2026-10-07T16:45:16.8101885Z       ],
verify	Recover stopped G5 original compiler diagnostics	2026-10-07T16:45:16.8102082Z       "destination": "UnifiedLean/Source/SourceBoundaryLocations.lean"
verify	Recover stopped G5 original compiler diagnostics	2026-10-07T16:45:16.8102157Z     },
verify	Recover stopped G5 original compiler diagnostics	2026-10-07T16:45:16.8102305Z     "UnifiedLean.Source.SourceCalendarTiming": {
verify	Recover stopped G5 original compiler diagnostics	2026-10-07T16:45:16.8102715Z       "source": "research/2026-10-04-dot-verified-lean-825-0203z/package/baseline/UnifiedLean/Source/SourceCalendarTiming.lean",
verify	Recover stopped G5 original compiler diagnostics	2026-10-07T16:45:16.8102941Z       "sha256": "5e534089f17dc7d9ab40338cb0ca75789e0951bb6b5893ba24d514b8cd07d4f8",
verify	Recover stopped G5 original compiler diagnostics	2026-10-07T16:45:16.8103037Z       "authority": "baseline",
verify	Recover stopped G5 original compiler diagnostics	2026-10-07T16:45:16.8103129Z       "imports": [
verify	Recover stopped G5 original compiler diagnostics	2026-10-07T16:45:16.8103274Z         "UnifiedLean.Source.SourceCalendarCompiler"
verify	Recover stopped G5 original compiler diagnostics	2026-10-07T16:45:16.8103349Z       ],
verify	Recover stopped G5 original compiler diagnostics	2026-10-07T16:45:16.8103538Z       "destination": "UnifiedLean/Source/SourceCalendarTiming.lean"
verify	Recover stopped G5 original compiler diagnostics	2026-10-07T16:45:16.8103616Z     },
verify	Recover stopped G5 original compiler diagnostics	2026-10-07T16:45:16.8103799Z     "UnifiedLean.Source.SourceCalendarPhysicalSupport": {
verify	Recover stopped G5 original compiler diagnostics	2026-10-07T16:45:16.8104251Z       "source": "research/2026-10-04-dot-verified-lean-825-0203z/package/baseline/UnifiedLean/Source/SourceCalendarPhysicalSupport.lean",
verify	Recover stopped G5 original compiler diagnostics	2026-10-07T16:45:16.8104481Z       "sha256": "e725dd61c850d3f5f92925c0de08122dd25f9d1660d9264d1ac47eb4d2bc88bf",
verify	Recover stopped G5 original compiler diagnostics	2026-10-07T16:45:16.8104577Z       "authority": "baseline",
verify	Recover stopped G5 original compiler diagnostics	2026-10-07T16:45:16.8104658Z       "imports": [
verify	Recover stopped G5 original compiler diagnostics	2026-10-07T16:45:16.8104810Z         "UnifiedLean.Source.SourceBoundaryLocations",
verify	Recover stopped G5 original compiler diagnostics	2026-10-07T16:45:16.8104944Z         "UnifiedLean.Source.SourceCalendarTiming"
verify	Recover stopped G5 original compiler diagnostics	2026-10-07T16:45:16.8105024Z       ],
verify	Recover stopped G5 original compiler diagnostics	2026-10-07T16:45:16.8105243Z       "destination": "UnifiedLean/Source/SourceCalendarPhysicalSupport.lean"
verify	Recover stopped G5 original compiler diagnostics	2026-10-07T16:45:16.8105321Z     },
verify	Recover stopped G5 original compiler diagnostics	2026-10-07T16:45:16.8105484Z     "UnifiedLean.Source.SourceInitializedCalendar": {
verify	Recover stopped G5 original compiler diagnostics	2026-10-07T16:45:16.8105914Z       "source": "research/2026-10-04-dot-verified-lean-825-0203z/package/baseline/UnifiedLean/Source/SourceInitializedCalendar.lean",
verify	Recover stopped G5 original compiler diagnostics	2026-10-07T16:45:16.8106148Z       "sha256": "47ea73231fbfa732495e4fc5f42f1374e2ef505bfe3d4073b6cc2bed3fcc5535",
verify	Recover stopped G5 original compiler diagnostics	2026-10-07T16:45:16.8106245Z       "authority": "baseline",
verify	Recover stopped G5 original compiler diagnostics	2026-10-07T16:45:16.8106332Z       "imports": [
verify	Recover stopped G5 original compiler diagnostics	2026-10-07T16:45:16.8106504Z         "UnifiedLean.Source.SourceCalendarPhysicalSupport"
verify	Recover stopped G5 original compiler diagnostics	2026-10-07T16:45:16.8106584Z       ],
verify	Recover stopped G5 original compiler diagnostics	2026-10-07T16:45:16.8106793Z       "destination": "UnifiedLean/Source/SourceInitializedCalendar.lean"
verify	Recover stopped G5 original compiler diagnostics	2026-10-07T16:45:16.8106867Z     },
verify	Recover stopped G5 original compiler diagnostics	2026-10-07T16:45:16.8107143Z     "UnifiedLean.Source.SourceActualHoldingClocks": {
verify	Recover stopped G5 original compiler diagnostics	2026-10-07T16:45:16.8107575Z       "source": "research/2026-10-04-dot-verified-lean-825-0203z/package/baseline/UnifiedLean/Source/SourceActualHoldingClocks.lean",
verify	Recover stopped G5 original compiler diagnostics	2026-10-07T16:45:16.8107797Z       "sha256": "498417275660b696c24f4c8cd83d84532a96f14b82f35bc3e49217c154e8c677",
verify	Recover stopped G5 original compiler diagnostics	2026-10-07T16:45:16.8107892Z       "authority": "baseline",
verify	Recover stopped G5 original compiler diagnostics	2026-10-07T16:45:16.8107980Z       "imports": [
verify	Recover stopped G5 original compiler diagnostics	2026-10-07T16:45:16.8108255Z         "UnifiedLean.Source.SourceEpochSemigroup",
verify	Recover stopped G5 original compiler diagnostics	2026-10-07T16:45:16.8108406Z         "UnifiedLean.Source.SourceInitializedCalendar"
verify	Recover stopped G5 original compiler diagnostics	2026-10-07T16:45:16.8108489Z       ],
verify	Recover stopped G5 original compiler diagnostics	2026-10-07T16:45:16.8108688Z       "destination": "UnifiedLean/Source/SourceActualHoldingClocks.lean"
verify	Recover stopped G5 original compiler diagnostics	2026-10-07T16:45:16.8108767Z     },
verify	Recover stopped G5 original compiler diagnostics	2026-10-07T16:45:16.8108910Z     "UnifiedLean.Source.SourceFirstMergerMark": {
verify	Recover stopped G5 original compiler diagnostics	2026-10-07T16:45:16.8109329Z       "source": "research/2026-10-04-dot-verified-lean-825-0203z/package/baseline/UnifiedLean/Source/SourceFirstMergerMark.lean",
verify	Recover stopped G5 original compiler diagnostics	2026-10-07T16:45:16.8109561Z       "sha256": "2bc08f45d7ea76476f6fe485cdce68293a3d44cbc3b2aa108b6b45ce5d1182d1",
verify	Recover stopped G5 original compiler diagnostics	2026-10-07T16:45:16.8109655Z       "authority": "baseline",
verify	Recover stopped G5 original compiler diagnostics	2026-10-07T16:45:16.8109743Z       "imports": [
verify	Recover stopped G5 original compiler diagnostics	2026-10-07T16:45:16.8109894Z         "UnifiedLean.Source.SourceActualHoldingClocks"
verify	Recover stopped G5 original compiler diagnostics	2026-10-07T16:45:16.8109975Z       ],
verify	Recover stopped G5 original compiler diagnostics	2026-10-07T16:45:16.8110161Z       "destination": "UnifiedLean/Source/SourceFirstMergerMark.lean"
verify	Recover stopped G5 original compiler diagnostics	2026-10-07T16:45:16.8110244Z     },
verify	Recover stopped G5 original compiler diagnostics	2026-10-07T16:45:16.8110412Z     "UnifiedLean.Source.SourceFirstMarkDistribution": {
verify	Recover stopped G5 original compiler diagnostics	2026-10-07T16:45:16.8110857Z       "source": "research/2026-10-04-dot-verified-lean-825-0203z/package/baseline/UnifiedLean/Source/SourceFirstMarkDistribution.lean",
verify	Recover stopped G5 original compiler diagnostics	2026-10-07T16:45:16.8111205Z       "sha256": "abd6230f1155ab6cf73bf3d4b55bbe04df408ca73caee81a8807b15b17e9ad29",
verify	Recover stopped G5 original compiler diagnostics	2026-10-07T16:45:16.8111299Z       "authority": "baseline",
verify	Recover stopped G5 original compiler diagnostics	2026-10-07T16:45:16.8111384Z       "imports": [
verify	Recover stopped G5 original compiler diagnostics	2026-10-07T16:45:16.8111520Z         "UnifiedLean.Source.SourceFirstMergerMark"
verify	Recover stopped G5 original compiler diagnostics	2026-10-07T16:45:16.8111599Z       ],
verify	Recover stopped G5 original compiler diagnostics	2026-10-07T16:45:16.8111809Z       "destination": "UnifiedLean/Source/SourceFirstMarkDistribution.lean"
verify	Recover stopped G5 original compiler diagnostics	2026-10-07T16:45:16.8111889Z     },
verify	Recover stopped G5 original compiler diagnostics	2026-10-07T16:45:16.8112040Z     "UnifiedLean.Source.SourceExponentialRace": {
verify	Recover stopped G5 original compiler diagnostics	2026-10-07T16:45:16.8112456Z       "source": "research/2026-10-04-dot-verified-lean-825-0203z/package/baseline/UnifiedLean/Source/SourceExponentialRace.lean",
verify	Recover stopped G5 original compiler diagnostics	2026-10-07T16:45:16.8112686Z       "sha256": "d979f1bf3bbbac3eb3c396991a513a3624f310bf03273890e13c6d5029931afe",
verify	Recover stopped G5 original compiler diagnostics	2026-10-07T16:45:16.8112782Z       "authority": "baseline",
verify	Recover stopped G5 original compiler diagnostics	2026-10-07T16:45:16.8112874Z       "imports": [
verify	Recover stopped G5 original compiler diagnostics	2026-10-07T16:45:16.8113039Z         "UnifiedLean.Source.SourceFirstMarkDistribution",
verify	Recover stopped G5 original compiler diagnostics	2026-10-07T16:45:16.8113173Z         "Mathlib.MeasureTheory.Integral.Prod",
verify	Recover stopped G5 original compiler diagnostics	2026-10-07T16:45:16.8113326Z         "Mathlib.MeasureTheory.Integral.Lebesgue.Map"
verify	Recover stopped G5 original compiler diagnostics	2026-10-07T16:45:16.8113403Z       ],
verify	Recover stopped G5 original compiler diagnostics	2026-10-07T16:45:16.8113593Z       "destination": "UnifiedLean/Source/SourceExponentialRace.lean"
verify	Recover stopped G5 original compiler diagnostics	2026-10-07T16:45:16.8113669Z     },
verify	Recover stopped G5 original compiler diagnostics	2026-10-07T16:45:16.8113846Z     "UnifiedLean.Source.SourceExponentialRaceDensity": {
verify	Recover stopped G5 original compiler diagnostics	2026-10-07T16:45:16.8114295Z       "source": "research/2026-10-04-dot-verified-lean-825-0203z/package/baseline/UnifiedLean/Source/SourceExponentialRaceDensity.lean",
verify	Recover stopped G5 original compiler diagnostics	2026-10-07T16:45:16.8114521Z       "sha256": "3fa36827b3553923fa1c1d48db4b2823c7b53e589696c3a1476f9aac8f760c29",
verify	Recover stopped G5 original compiler diagnostics	2026-10-07T16:45:16.8114621Z       "authority": "baseline",
verify	Recover stopped G5 original compiler diagnostics	2026-10-07T16:45:16.8114707Z       "imports": [
verify	Recover stopped G5 original compiler diagnostics	2026-10-07T16:45:16.8114850Z         "UnifiedLean.Source.SourceExponentialRace"
verify	Recover stopped G5 original compiler diagnostics	2026-10-07T16:45:16.8114926Z       ],
verify	Recover stopped G5 original compiler diagnostics	2026-10-07T16:45:16.8115150Z       "destination": "UnifiedLean/Source/SourceExponentialRaceDensity.lean"
verify	Recover stopped G5 original compiler diagnostics	2026-10-07T16:45:16.8115224Z     },
verify	Recover stopped G5 original compiler diagnostics	2026-10-07T16:45:16.8115392Z     "UnifiedLean.Source.SourceExponentialResiduals": {
verify	Recover stopped G5 original compiler diagnostics	2026-10-07T16:45:16.8115830Z       "source": "research/2026-10-04-dot-verified-lean-825-0203z/package/baseline/UnifiedLean/Source/SourceExponentialResiduals.lean",
verify	Recover stopped G5 original compiler diagnostics	2026-10-07T16:45:16.8116040Z       "sha256": "8861858b9309fd43e22424382c1f1513111514ef792354c7cf4b48a0ae4b19e7",
verify	Recover stopped G5 original compiler diagnostics	2026-10-07T16:45:16.8116139Z       "authority": "baseline",
verify	Recover stopped G5 original compiler diagnostics	2026-10-07T16:45:16.8116222Z       "imports": [
verify	Recover stopped G5 original compiler diagnostics	2026-10-07T16:45:16.8116394Z         "UnifiedLean.Source.SourceExponentialRaceDensity",
verify	Recover stopped G5 original compiler diagnostics	2026-10-07T16:45:16.8116579Z         "Mathlib.MeasureTheory.Constructions.BorelSpace.Order"
verify	Recover stopped G5 original compiler diagnostics	2026-10-07T16:45:16.8116661Z       ],
verify	Recover stopped G5 original compiler diagnostics	2026-10-07T16:45:16.8117104Z       "destination": "UnifiedLean/Source/SourceExponentialResiduals.lean"
verify	Recover stopped G5 original compiler diagnostics	2026-10-07T16:45:16.8117183Z     },
verify	Recover stopped G5 original compiler diagnostics	2026-10-07T16:45:16.8117341Z     "UnifiedLean.Source.SourceWinningClockReset": {
verify	Recover stopped G5 original compiler diagnostics	2026-10-07T16:45:16.8117783Z       "source": "research/2026-10-04-dot-verified-lean-825-0203z/package/baseline/UnifiedLean/Source/SourceWinningClockReset.lean",
verify	Recover stopped G5 original compiler diagnostics	2026-10-07T16:45:16.8118012Z       "sha256": "7a831640fec35d92f99e65e6f98e2874602fb5b040ff6b112c16b77a271f2038",
verify	Recover stopped G5 original compiler diagnostics	2026-10-07T16:45:16.8118110Z       "authority": "baseline",
verify	Recover stopped G5 original compiler diagnostics	2026-10-07T16:45:16.8118197Z       "imports": [
verify	Recover stopped G5 original compiler diagnostics	2026-10-07T16:45:16.8118360Z         "UnifiedLean.Source.SourceExponentialResiduals"
verify	Recover stopped G5 original compiler diagnostics	2026-10-07T16:45:16.8118437Z       ],
verify	Recover stopped G5 original compiler diagnostics	2026-10-07T16:45:16.8118642Z       "destination": "UnifiedLean/Source/SourceWinningClockReset.lean"
verify	Recover stopped G5 original compiler diagnostics	2026-10-07T16:45:16.8118715Z     },
verify	Recover stopped G5 original compiler diagnostics	2026-10-07T16:45:16.8118882Z     "UnifiedLean.Source.SourceMergerClockCatalogue": {
verify	Recover stopped G5 original compiler diagnostics	2026-10-07T16:45:16.8119329Z       "source": "research/2026-10-04-dot-verified-lean-825-0203z/package/baseline/UnifiedLean/Source/SourceMergerClockCatalogue.lean",
verify	Recover stopped G5 original compiler diagnostics	2026-10-07T16:45:16.8119556Z       "sha256": "147da19d2d89135e00c140b3a7a88cd3d53271954e5752a23e5e0ff30376a147",
verify	Recover stopped G5 original compiler diagnostics	2026-10-07T16:45:16.8119774Z       "authority": "baseline",
verify	Recover stopped G5 original compiler diagnostics	2026-10-07T16:45:16.8119857Z       "imports": [
verify	Recover stopped G5 original compiler diagnostics	2026-10-07T16:45:16.8120010Z         "UnifiedLean.Source.SourceWinningClockReset"
verify	Recover stopped G5 original compiler diagnostics	2026-10-07T16:45:16.8120090Z       ],
verify	Recover stopped G5 original compiler diagnostics	2026-10-07T16:45:16.8120299Z       "destination": "UnifiedLean/Source/SourceMergerClockCatalogue.lean"
verify	Recover stopped G5 original compiler diagnostics	2026-10-07T16:45:16.8120374Z     },
verify	Recover stopped G5 original compiler diagnostics	2026-10-07T16:45:16.8120548Z     "UnifiedLean.Source.SourceDestinationClockReset": {
verify	Recover stopped G5 original compiler diagnostics	2026-10-07T16:45:16.8120997Z       "source": "research/2026-10-04-dot-verified-lean-825-0203z/package/baseline/UnifiedLean/Source/SourceDestinationClockReset.lean",
verify	Recover stopped G5 original compiler diagnostics	2026-10-07T16:45:16.8121223Z       "sha256": "ec910abde269d665081f7c064b6567f45fca58ba26e183ab29e21037fb84344a",
verify	Recover stopped G5 original compiler diagnostics	2026-10-07T16:45:16.8121323Z       "authority": "baseline",
verify	Recover stopped G5 original compiler diagnostics	2026-10-07T16:45:16.8121407Z       "imports": [
verify	Recover stopped G5 original compiler diagnostics	2026-10-07T16:45:16.8121574Z         "UnifiedLean.Source.SourceMergerClockCatalogue",
verify	Recover stopped G5 original compiler diagnostics	2026-10-07T16:45:16.8121709Z         "Mathlib.Probability.Independence.Basic"
verify	Recover stopped G5 original compiler diagnostics	2026-10-07T16:45:16.8121792Z       ],
verify	Recover stopped G5 original compiler diagnostics	2026-10-07T16:45:16.8122005Z       "destination": "UnifiedLean/Source/SourceDestinationClockReset.lean"
verify	Recover stopped G5 original compiler diagnostics	2026-10-07T16:45:16.8122079Z     },
verify	Recover stopped G5 original compiler diagnostics	2026-10-07T16:45:16.8122219Z     "UnifiedLean.Source.SourceEpochRenewal": {
verify	Recover stopped G5 original compiler diagnostics	2026-10-07T16:45:16.8122624Z       "source": "research/2026-10-04-dot-verified-lean-825-0203z/package/baseline/UnifiedLean/Source/SourceEpochRenewal.lean",
verify	Recover stopped G5 original compiler diagnostics	2026-10-07T16:45:16.8122859Z       "sha256": "5035fb830ed695b7aac5525c28f24d528be3c1b9a2c2c6f831f23b3cc6692bef",
verify	Recover stopped G5 original compiler diagnostics	2026-10-07T16:45:16.8122952Z       "authority": "baseline",
verify	Recover stopped G5 original compiler diagnostics	2026-10-07T16:45:16.8123038Z       "imports": [
verify	Recover stopped G5 original compiler diagnostics	2026-10-07T16:45:16.8123205Z         "UnifiedLean.Source.SourceDestinationClockReset",
verify	Recover stopped G5 original compiler diagnostics	2026-10-07T16:45:16.8123342Z         "UnifiedLean.Source.SourceEpochSemigroup",
verify	Recover stopped G5 original compiler diagnostics	2026-10-07T16:45:16.8123506Z         "Mathlib.Analysis.SpecialFunctions.Exponential",
verify	Recover stopped G5 original compiler diagnostics	2026-10-07T16:45:16.8123666Z         "Mathlib.Analysis.Normed.Module.FiniteDimension",
verify	Recover stopped G5 original compiler diagnostics	2026-10-07T16:45:16.8123902Z         "Mathlib.MeasureTheory.Integral.IntervalIntegral.FundThmCalculus"
verify	Recover stopped G5 original compiler diagnostics	2026-10-07T16:45:16.8123981Z       ],
verify	Recover stopped G5 original compiler diagnostics	2026-10-07T16:45:16.8124167Z       "destination": "UnifiedLean/Source/SourceEpochRenewal.lean"
verify	Recover stopped G5 original compiler diagnostics	2026-10-07T16:45:16.8124246Z     },
verify	Recover stopped G5 original compiler diagnostics	2026-10-07T16:45:16.8124406Z     "UnifiedLean.Source.SourceFiniteJumpExpansion": {
verify	Recover stopped G5 original compiler diagnostics	2026-10-07T16:45:16.8124844Z       "source": "research/2026-10-04-dot-verified-lean-825-0203z/package/baseline/UnifiedLean/Source/SourceFiniteJumpExpansion.lean",
verify	Recover stopped G5 original compiler diagnostics	2026-10-07T16:45:16.8125076Z       "sha256": "6a14b2de7bcdf28ae3293a23adde3234da7adb5dd503cfd007b711f1a52d786b",
verify	Recover stopped G5 original compiler diagnostics	2026-10-07T16:45:16.8125177Z       "authority": "baseline",
verify	Recover stopped G5 original compiler diagnostics	2026-10-07T16:45:16.8125259Z       "imports": [
verify	Recover stopped G5 original compiler diagnostics	2026-10-07T16:45:16.8125399Z         "UnifiedLean.Source.SourceEpochRenewal"
verify	Recover stopped G5 original compiler diagnostics	2026-10-07T16:45:16.8125480Z       ],
verify	Recover stopped G5 original compiler diagnostics	2026-10-07T16:45:16.8125684Z       "destination": "UnifiedLean/Source/SourceFiniteJumpExpansion.lean"
verify	Recover stopped G5 original compiler diagnostics	2026-10-07T16:45:16.8125926Z     },
verify	Recover stopped G5 original compiler diagnostics	2026-10-07T16:45:16.8126084Z     "UnifiedLean.Source.SourceRaceWinnerSelection": {
verify	Recover stopped G5 original compiler diagnostics	2026-10-07T16:45:16.8126521Z       "source": "research/2026-10-04-dot-verified-lean-825-0203z/package/baseline/UnifiedLean/Source/SourceRaceWinnerSelection.lean",
verify	Recover stopped G5 original compiler diagnostics	2026-10-07T16:45:16.8126750Z       "sha256": "ad882b44f7fd97f5ac7e5b7e125cce7e7f6640c065ff616f08c85b26dd9d4caf",
verify	Recover stopped G5 original compiler diagnostics	2026-10-07T16:45:16.8126849Z       "authority": "baseline",
verify	Recover stopped G5 original compiler diagnostics	2026-10-07T16:45:16.8126937Z       "imports": [
verify	Recover stopped G5 original compiler diagnostics	2026-10-07T16:45:16.8127201Z         "UnifiedLean.Source.SourceFiniteJumpExpansion"
verify	Recover stopped G5 original compiler diagnostics	2026-10-07T16:45:16.8127283Z       ],
verify	Recover stopped G5 original compiler diagnostics	2026-10-07T16:45:16.8127482Z       "destination": "UnifiedLean/Source/SourceRaceWinnerSelection.lean"
verify	Recover stopped G5 original compiler diagnostics	2026-10-07T16:45:16.8127561Z     },
verify	Recover stopped G5 original compiler diagnostics	2026-10-07T16:45:16.8127725Z     "UnifiedLean.Source.SourceLiteralClockEndpoint": {
verify	Recover stopped G5 original compiler diagnostics	2026-10-07T16:45:16.8128165Z       "source": "research/2026-10-04-dot-verified-lean-825-0203z/package/baseline/UnifiedLean/Source/SourceLiteralClockEndpoint.lean",
verify	Recover stopped G5 original compiler diagnostics	2026-10-07T16:45:16.8128396Z       "sha256": "2f2f39f1ea044932788b412d32e3454bf8ff1ff1d65f48431e975352fbc9e7ba",
verify	Recover stopped G5 original compiler diagnostics	2026-10-07T16:45:16.8128490Z       "authority": "baseline",
verify	Recover stopped G5 original compiler diagnostics	2026-10-07T16:45:16.8128692Z       "imports": [
verify	Recover stopped G5 original compiler diagnostics	2026-10-07T16:45:16.8128844Z         "UnifiedLean.Source.SourceRaceWinnerSelection"
verify	Recover stopped G5 original compiler diagnostics	2026-10-07T16:45:16.8128924Z       ],
verify	Recover stopped G5 original compiler diagnostics	2026-10-07T16:45:16.8129127Z       "destination": "UnifiedLean/Source/SourceLiteralClockEndpoint.lean"
verify	Recover stopped G5 original compiler diagnostics	2026-10-07T16:45:16.8129206Z     },
verify	Recover stopped G5 original compiler diagnostics	2026-10-07T16:45:16.8129316Z     "G2LiteralMarkedClockTrace": {
verify	Recover stopped G5 original compiler diagnostics	2026-10-07T16:45:16.8129657Z       "source": "research/2026-10-06-dot-g2-marked-clock-extension-0903z/G2LiteralMarkedClockTrace.lean",
verify	Recover stopped G5 original compiler diagnostics	2026-10-07T16:45:16.8129894Z       "sha256": "c7360a7aad72b8f8a2fb4864ff4e9b6e7d576e01e68c8a7c1a594ef2d9e57b9a",
verify	Recover stopped G5 original compiler diagnostics	2026-10-07T16:45:16.8130285Z       "authority": "research/2026-10-07-dot-g2-accepted-source-preservation-0006z/SOURCE-AND-DEPENDENCY-PINS.json",
verify	Recover stopped G5 original compiler diagnostics	2026-10-07T16:45:16.8130378Z       "imports": [
verify	Recover stopped G5 original compiler diagnostics	2026-10-07T16:45:16.8130539Z         "UnifiedLean.Source.SourceLiteralClockEndpoint"
verify	Recover stopped G5 original compiler diagnostics	2026-10-07T16:45:16.8130621Z       ],
verify	Recover stopped G5 original compiler diagnostics	2026-10-07T16:45:16.8130786Z       "destination": "TimedG2/G2LiteralMarkedClockTrace.lean"
verify	Recover stopped G5 original compiler diagnostics	2026-10-07T16:45:16.8130872Z     },
verify	Recover stopped G5 original compiler diagnostics	2026-10-07T16:45:16.8130981Z     "G2ActualDecorationFold": {
verify	Recover stopped G5 original compiler diagnostics	2026-10-07T16:45:16.8131370Z       "source": "research/2026-10-07-dot-g2-calendar-tail-source-successor-0058z/sources/G2ActualDecorationFold.lean",
verify	Recover stopped G5 original compiler diagnostics	2026-10-07T16:45:16.8131608Z       "sha256": "8ca5f51130da2c7b513e70cd0b0d93a22fe9c4e706a63b590cab5407258f55be",
verify	Recover stopped G5 original compiler diagnostics	2026-10-07T16:45:16.8131993Z       "authority": "research/2026-10-07-dot-g2-calendar-tail-source-successor-0058z/SOURCE-AND-DEPENDENCY-PINS.json",
verify	Recover stopped G5 original compiler diagnostics	2026-10-07T16:45:16.8132081Z       "imports": [
verify	Recover stopped G5 original compiler diagnostics	2026-10-07T16:45:16.8132191Z         "G2SourceGraftDecoration",
verify	Recover stopped G5 original compiler diagnostics	2026-10-07T16:45:16.8132300Z         "G2LiteralMarkedClockTrace"
verify	Recover stopped G5 original compiler diagnostics	2026-10-07T16:45:16.8132381Z       ],
verify	Recover stopped G5 original compiler diagnostics	2026-10-07T16:45:16.8132536Z       "destination": "TimedG2/G2ActualDecorationFold.lean"
verify	Recover stopped G5 original compiler diagnostics	2026-10-07T16:45:16.8132658Z     },
verify	Recover stopped G5 original compiler diagnostics	2026-10-07T16:45:16.8132772Z     "G2DecorationMeasurability": {
verify	Recover stopped G5 original compiler diagnostics	2026-10-07T16:45:16.8133210Z       "source": "research/2026-10-07-dot-g2-chronological-decoration-integration-0139z/sources/G2DecorationMeasurability.lean",
verify	Recover stopped G5 original compiler diagnostics	2026-10-07T16:45:16.8133428Z       "sha256": "a016097f843583052f5c2b8a4c19899cb97d78052779c4771e22aa9603104338",
verify	Recover stopped G5 original compiler diagnostics	2026-10-07T16:45:16.8133850Z       "authority": "research/2026-10-07-dot-g2-chronological-decoration-integration-0139z/SOURCE-AND-DEPENDENCY-PINS.json",
verify	Recover stopped G5 original compiler diagnostics	2026-10-07T16:45:16.8133935Z       "imports": [
verify	Recover stopped G5 original compiler diagnostics	2026-10-07T16:45:16.8134036Z         "G2ActualDecorationFold"
verify	Recover stopped G5 original compiler diagnostics	2026-10-07T16:45:16.8134112Z       ],
verify	Recover stopped G5 original compiler diagnostics	2026-10-07T16:45:16.8134278Z       "destination": "TimedG2/G2DecorationMeasurability.lean"
verify	Recover stopped G5 original compiler diagnostics	2026-10-07T16:45:16.8134358Z     },
verify	Recover stopped G5 original compiler diagnostics	2026-10-07T16:45:16.8134462Z     "G2MarkedTraceRenewal": {
verify	Recover stopped G5 original compiler diagnostics	2026-10-07T16:45:16.8134839Z       "source": "research/2026-10-07-dot-g2-accepted-source-preservation-0006z/sources/G2MarkedTraceRenewal.lean",
verify	Recover stopped G5 original compiler diagnostics	2026-10-07T16:45:16.8135075Z       "sha256": "edbabf47f1429b8747c5d49a7d00d2762ad47ece635dfe00f1c59280a0b29603",
verify	Recover stopped G5 original compiler diagnostics	2026-10-07T16:45:16.8135581Z       "authority": "research/2026-10-07-dot-g2-accepted-source-preservation-0006z/SOURCE-AND-DEPENDENCY-PINS.json",
verify	Recover stopped G5 original compiler diagnostics	2026-10-07T16:45:16.8135672Z       "imports": [
verify	Recover stopped G5 original compiler diagnostics	2026-10-07T16:45:16.8135779Z         "G2LiteralMarkedClockTrace"
verify	Recover stopped G5 original compiler diagnostics	2026-10-07T16:45:16.8135860Z       ],
verify	Recover stopped G5 original compiler diagnostics	2026-10-07T16:45:16.8136008Z       "destination": "TimedG2/G2MarkedTraceRenewal.lean"
verify	Recover stopped G5 original compiler diagnostics	2026-10-07T16:45:16.8136088Z     },
verify	Recover stopped G5 original compiler diagnostics	2026-10-07T16:45:16.8136188Z     "G2LiteralEpochLaw": {
verify	Recover stopped G5 original compiler diagnostics	2026-10-07T16:45:16.8136541Z       "source": "research/2026-10-07-dot-g2-accepted-source-preservation-0006z/sources/G2LiteralEpochLaw.lean",
verify	Recover stopped G5 original compiler diagnostics	2026-10-07T16:45:16.8136769Z       "sha256": "9020ef5baaf8955097e69efac86b552cf80540211125d8f215bf1ca0bcecba7a",
verify	Recover stopped G5 original compiler diagnostics	2026-10-07T16:45:16.8137441Z       "authority": "research/2026-10-07-dot-g2-accepted-source-preservation-0006z/SOURCE-AND-DEPENDENCY-PINS.json",
verify	Recover stopped G5 original compiler diagnostics	2026-10-07T16:45:16.8137540Z       "imports": [
verify	Recover stopped G5 original compiler diagnostics	2026-10-07T16:45:16.8137641Z         "G2MarkedTraceRenewal"
verify	Recover stopped G5 original compiler diagnostics	2026-10-07T16:45:16.8137727Z       ],
verify	Recover stopped G5 original compiler diagnostics	2026-10-07T16:45:16.8137874Z       "destination": "TimedG2/G2LiteralEpochLaw.lean"
verify	Recover stopped G5 original compiler diagnostics	2026-10-07T16:45:16.8138080Z     },
verify	Recover stopped G5 original compiler diagnostics	2026-10-07T16:45:16.8138187Z     "G2ActualCalendarTrace": {
verify	Recover stopped G5 original compiler diagnostics	2026-10-07T16:45:16.8138553Z       "source": "research/2026-10-07-dot-g2-accepted-source-preservation-0006z/sources/G2ActualCalendarTrace.lean",
verify	Recover stopped G5 original compiler diagnostics	2026-10-07T16:45:16.8138784Z       "sha256": "cf709bcf2b686619c6f378dbe1a7690b6a19012a82a541ed34f3b0ff4af07ddd",
verify	Recover stopped G5 original compiler diagnostics	2026-10-07T16:45:16.8139150Z       "authority": "research/2026-10-07-dot-g2-accepted-source-preservation-0006z/SOURCE-AND-DEPENDENCY-PINS.json",
verify	Recover stopped G5 original compiler diagnostics	2026-10-07T16:45:16.8139240Z       "imports": [
verify	Recover stopped G5 original compiler diagnostics	2026-10-07T16:45:16.8139342Z         "G2LiteralEpochLaw",
verify	Recover stopped G5 original compiler diagnostics	2026-10-07T16:45:16.8139488Z         "UnifiedLean.Source.SourceProgramTransport"
verify	Recover stopped G5 original compiler diagnostics	2026-10-07T16:45:16.8139569Z       ],
verify	Recover stopped G5 original compiler diagnostics	2026-10-07T16:45:16.8139720Z       "destination": "TimedG2/G2ActualCalendarTrace.lean"
verify	Recover stopped G5 original compiler diagnostics	2026-10-07T16:45:16.8139796Z     },
verify	Recover stopped G5 original compiler diagnostics	2026-10-07T16:45:16.8139949Z     "UnifiedLean.Source.SourceEmbeddedJumpLaw": {
verify	Recover stopped G5 original compiler diagnostics	2026-10-07T16:45:16.8140375Z       "source": "research/2026-10-04-dot-verified-lean-825-0203z/package/baseline/UnifiedLean/Source/SourceEmbeddedJumpLaw.lean",
verify	Recover stopped G5 original compiler diagnostics	2026-10-07T16:45:16.8140602Z       "sha256": "560f2174634b137eca95c83616b2b50a4e7671f51cfd62c275a7f7c206890d37",
verify	Recover stopped G5 original compiler diagnostics	2026-10-07T16:45:16.8140698Z       "authority": "baseline",
verify	Recover stopped G5 original compiler diagnostics	2026-10-07T16:45:16.8140786Z       "imports": [
verify	Recover stopped G5 original compiler diagnostics	2026-10-07T16:45:16.8140943Z         "UnifiedLean.Source.SourceRaceWinnerSelection"
verify	Recover stopped G5 original compiler diagnostics	2026-10-07T16:45:16.8141022Z       ],
verify	Recover stopped G5 original compiler diagnostics	2026-10-07T16:45:16.8141211Z       "destination": "UnifiedLean/Source/SourceEmbeddedJumpLaw.lean"
verify	Recover stopped G5 original compiler diagnostics	2026-10-07T16:45:16.8141291Z     },
verify	Recover stopped G5 original compiler diagnostics	2026-10-07T16:45:16.8141467Z     "UnifiedLean.Source.NativeIndependentPairMixture": {
verify	Recover stopped G5 original compiler diagnostics	2026-10-07T16:45:16.8141915Z       "source": "research/2026-10-04-dot-verified-lean-825-0203z/package/baseline/UnifiedLean/Source/NativeIndependentPairMixture.lean",
verify	Recover stopped G5 original compiler diagnostics	2026-10-07T16:45:16.8142131Z       "sha256": "4e1107890e0e36967898c06251a1a7ed3305721860534b902a87b04d434e4c31",
verify	Recover stopped G5 original compiler diagnostics	2026-10-07T16:45:16.8142230Z       "authority": "baseline",
verify	Recover stopped G5 original compiler diagnostics	2026-10-07T16:45:16.8142316Z       "imports": [
verify	Recover stopped G5 original compiler diagnostics	2026-10-07T16:45:16.8142451Z         "UnifiedLean.Source.NativePairClockLaw",
verify	Recover stopped G5 original compiler diagnostics	2026-10-07T16:45:16.8142670Z         "Mathlib.Probability.ProbabilityMassFunction.Constructions",
verify	Recover stopped G5 original compiler diagnostics	2026-10-07T16:45:16.8142845Z         "Mathlib.MeasureTheory.Integral.Lebesgue.Countable"
verify	Recover stopped G5 original compiler diagnostics	2026-10-07T16:45:16.8142921Z       ],
verify	Recover stopped G5 original compiler diagnostics	2026-10-07T16:45:16.8143142Z       "destination": "UnifiedLean/Source/NativeIndependentPairMixture.lean"
verify	Recover stopped G5 original compiler diagnostics	2026-10-07T16:45:16.8143218Z     },
verify	Recover stopped G5 original compiler diagnostics	2026-10-07T16:45:16.8143389Z     "UnifiedLean.Source.SourceNaturalInitialization": {
verify	Recover stopped G5 original compiler diagnostics	2026-10-07T16:45:16.8143834Z       "source": "research/2026-10-04-dot-verified-lean-825-0203z/package/baseline/UnifiedLean/Source/SourceNaturalInitialization.lean",
verify	Recover stopped G5 original compiler diagnostics	2026-10-07T16:45:16.8144064Z       "sha256": "18050e86ebeb2d11ced94d0e3a2199f0c58b7ae4d7029288c28b0c893ec159e1",
verify	Recover stopped G5 original compiler diagnostics	2026-10-07T16:45:16.8144166Z       "authority": "baseline",
verify	Recover stopped G5 original compiler diagnostics	2026-10-07T16:45:16.8144379Z       "imports": [
verify	Recover stopped G5 original compiler diagnostics	2026-10-07T16:45:16.8144546Z         "UnifiedLean.Source.SourceInitializedCalendar",
verify	Recover stopped G5 original compiler diagnostics	2026-10-07T16:45:16.8144712Z         "UnifiedLean.Source.NativeIndependentPairMixture"
verify	Recover stopped G5 original compiler diagnostics	2026-10-07T16:45:16.8144799Z       ],
verify	Recover stopped G5 original compiler diagnostics	2026-10-07T16:45:16.8145010Z       "destination": "UnifiedLean/Source/SourceNaturalInitialization.lean"
verify	Recover stopped G5 original compiler diagnostics	2026-10-07T16:45:16.8145089Z     },
verify	Recover stopped G5 original compiler diagnostics	2026-10-07T16:45:16.8145256Z     "UnifiedLean.Source.SourceAncestralCompletion": {
verify	Recover stopped G5 original compiler diagnostics	2026-10-07T16:45:16.8145690Z       "source": "research/2026-10-04-dot-verified-lean-825-0203z/package/baseline/UnifiedLean/Source/SourceAncestralCompletion.lean",
verify	Recover stopped G5 original compiler diagnostics	2026-10-07T16:45:16.8145929Z       "sha256": "da44afa6b8039afb1f90128af2f1b62234f3dfd0197ef9399c52873bf865caa5",
verify	Recover stopped G5 original compiler diagnostics	2026-10-07T16:45:16.8146024Z       "authority": "baseline",
verify	Recover stopped G5 original compiler diagnostics	2026-10-07T16:45:16.8146201Z       "imports": [
verify	Recover stopped G5 original compiler diagnostics	2026-10-07T16:45:16.8146383Z         "UnifiedLean.Source.SourceEmbeddedJumpLaw",
verify	Recover stopped G5 original compiler diagnostics	2026-10-07T16:45:16.8146710Z         "UnifiedLean.Source.SourceNaturalInitialization"
verify	Recover stopped G5 original compiler diagnostics	2026-10-07T16:45:16.8152045Z       ],
verify	Recover stopped G5 original compiler diagnostics	2026-10-07T16:45:16.8152348Z       "destination": "UnifiedLean/Source/SourceAncestralCompletion.lean"
verify	Recover stopped G5 original compiler diagnostics	2026-10-07T16:45:16.8152436Z     },
verify	Recover stopped G5 original compiler diagnostics	2026-10-07T16:45:16.8152733Z     "G2FiniteAncestralTrace": {
verify	Recover stopped G5 original compiler diagnostics	2026-10-07T16:45:16.8153162Z       "source": "research/2026-10-07-dot-g2-accepted-source-preservation-0006z/sources/G2FiniteAncestralTrace.lean",
verify	Recover stopped G5 original compiler diagnostics	2026-10-07T16:45:16.8153401Z       "sha256": "00733330a10c2c2f8718e0a7e9c954ae4ac6c10631eee57231e22e3620bafb5a",
verify	Recover stopped G5 original compiler diagnostics	2026-10-07T16:45:16.8153807Z       "authority": "research/2026-10-07-dot-g2-accepted-source-preservation-0006z/SOURCE-AND-DEPENDENCY-PINS.json",
verify	Recover stopped G5 original compiler diagnostics	2026-10-07T16:45:16.8153897Z       "imports": [
verify	Recover stopped G5 original compiler diagnostics	2026-10-07T16:45:16.8154014Z         "G2LiteralMarkedClockTrace",
verify	Recover stopped G5 original compiler diagnostics	2026-10-07T16:45:16.8154183Z         "UnifiedLean.Source.SourceAncestralCompletion"
verify	Recover stopped G5 original compiler diagnostics	2026-10-07T16:45:16.8154260Z       ],
verify	Recover stopped G5 original compiler diagnostics	2026-10-07T16:45:16.8154425Z       "destination": "TimedG2/G2FiniteAncestralTrace.lean"
verify	Recover stopped G5 original compiler diagnostics	2026-10-07T16:45:16.8154503Z     },
verify	Recover stopped G5 original compiler diagnostics	2026-10-07T16:45:16.8154684Z     "UnifiedLean.Source.UnrankedGenealogyObservation": {
verify	Recover stopped G5 original compiler diagnostics	2026-10-07T16:45:16.8155155Z       "source": "research/2026-10-04-dot-verified-lean-825-0203z/package/baseline/UnifiedLean/Source/UnrankedGenealogyObservation.lean",
verify	Recover stopped G5 original compiler diagnostics	2026-10-07T16:45:16.8155411Z       "sha256": "1ee536501f1fc77c70eb9098af054ecf2a2c8cbdd9aef4375bd5cdda10ca73c8",
verify	Recover stopped G5 original compiler diagnostics	2026-10-07T16:45:16.8155521Z       "authority": "baseline",
verify	Recover stopped G5 original compiler diagnostics	2026-10-07T16:45:16.8155608Z       "imports": [
verify	Recover stopped G5 original compiler diagnostics	2026-10-07T16:45:16.8155780Z         "UnifiedLean.Source.SourceNaturalInitialization",
verify	Recover stopped G5 original compiler diagnostics	2026-10-07T16:45:16.8155891Z         "Mathlib.Data.Finset.Union"
verify	Recover stopped G5 original compiler diagnostics	2026-10-07T16:45:16.8155974Z       ],
verify	Recover stopped G5 original compiler diagnostics	2026-10-07T16:45:16.8156194Z       "destination": "UnifiedLean/Source/UnrankedGenealogyObservation.lean"
verify	Recover stopped G5 original compiler diagnostics	2026-10-07T16:45:16.8156278Z     },
verify	Recover stopped G5 original compiler diagnostics	2026-10-07T16:45:16.8156455Z     "UnifiedLean.Source.SourceCompletedUnrankedTree": {
verify	Recover stopped G5 original compiler diagnostics	2026-10-07T16:45:16.8156907Z       "source": "research/2026-10-04-dot-verified-lean-825-0203z/package/baseline/UnifiedLean/Source/SourceCompletedUnrankedTree.lean",
verify	Recover stopped G5 original compiler diagnostics	2026-10-07T16:45:16.8157321Z       "sha256": "a3f28f51080370eeb6d625685f89927ca983c00ab6ac6739533c20754e60f06b",
verify	Recover stopped G5 original compiler diagnostics	2026-10-07T16:45:16.8157426Z       "authority": "baseline",
verify	Recover stopped G5 original compiler diagnostics	2026-10-07T16:45:16.8157519Z       "imports": [
verify	Recover stopped G5 original compiler diagnostics	2026-10-07T16:45:16.8157676Z         "UnifiedLean.Source.SourceAncestralCompletion",
verify	Recover stopped G5 original compiler diagnostics	2026-10-07T16:45:16.8157849Z         "UnifiedLean.Source.UnrankedGenealogyObservation"
verify	Recover stopped G5 original compiler diagnostics	2026-10-07T16:45:16.8157933Z       ],
verify	Recover stopped G5 original compiler diagnostics	2026-10-07T16:45:16.8158147Z       "destination": "UnifiedLean/Source/SourceCompletedUnrankedTree.lean"
verify	Recover stopped G5 original compiler diagnostics	2026-10-07T16:45:16.8158230Z     },
verify	Recover stopped G5 original compiler diagnostics	2026-10-07T16:45:16.8158375Z     "UnifiedLean.Source.SourceAncestralDrift": {
verify	Recover stopped G5 original compiler diagnostics	2026-10-07T16:45:16.8158798Z       "source": "research/2026-10-04-dot-verified-lean-825-0203z/package/baseline/UnifiedLean/Source/SourceAncestralDrift.lean",
verify	Recover stopped G5 original compiler diagnostics	2026-10-07T16:45:16.8159023Z       "sha256": "258fa001910c1e483b782be4d7a01d239ebc5f53dda8f00348239643fdb88725",
verify	Recover stopped G5 original compiler diagnostics	2026-10-07T16:45:16.8159125Z       "authority": "baseline",
verify	Recover stopped G5 original compiler diagnostics	2026-10-07T16:45:16.8159215Z       "imports": [
verify	Recover stopped G5 original compiler diagnostics	2026-10-07T16:45:16.8159519Z         "UnifiedLean.Source.SourceCompletedUnrankedTree",
verify	Recover stopped G5 original compiler diagnostics	2026-10-07T16:45:16.8159664Z         "UnifiedLean.Source.SourceEpochRenewal"
verify	Recover stopped G5 original compiler diagnostics	2026-10-07T16:45:16.8159744Z       ],
verify	Recover stopped G5 original compiler diagnostics	2026-10-07T16:45:16.8159935Z       "destination": "UnifiedLean/Source/SourceAncestralDrift.lean"
verify	Recover stopped G5 original compiler diagnostics	2026-10-07T16:45:16.8160011Z     },
verify	Recover stopped G5 original compiler diagnostics	2026-10-07T16:45:16.8160179Z     "UnifiedLean.Source.SourceAncestralAbsorption": {
verify	Recover stopped G5 original compiler diagnostics	2026-10-07T16:45:16.8160615Z       "source": "research/2026-10-04-dot-verified-lean-825-0203z/package/baseline/UnifiedLean/Source/SourceAncestralAbsorption.lean",
verify	Recover stopped G5 original compiler diagnostics	2026-10-07T16:45:16.8160841Z       "sha256": "07b0d22fe372b38a1dd0e1256e0f328901ff74feb9a172a6748a19b903e06061",
verify	Recover stopped G5 original compiler diagnostics	2026-10-07T16:45:16.8160941Z       "authority": "baseline",
verify	Recover stopped G5 original compiler diagnostics	2026-10-07T16:45:16.8161026Z       "imports": [
verify	Recover stopped G5 original compiler diagnostics	2026-10-07T16:45:16.8161178Z         "UnifiedLean.Source.SourceAncestralDrift",
verify	Recover stopped G5 original compiler diagnostics	2026-10-07T16:45:16.8161313Z         "Mathlib.Analysis.SpecificLimits.Basic"
verify	Recover stopped G5 original compiler diagnostics	2026-10-07T16:45:16.8161397Z       ],
verify	Recover stopped G5 original compiler diagnostics	2026-10-07T16:45:16.8161615Z       "destination": "UnifiedLean/Source/SourceAncestralAbsorption.lean"
verify	Recover stopped G5 original compiler diagnostics	2026-10-07T16:45:16.8161692Z     },
verify	Recover stopped G5 original compiler diagnostics	2026-10-07T16:45:16.8161854Z     "UnifiedLean.Source.SourceCompletionHarmonic": {
verify	Recover stopped G5 original compiler diagnostics	2026-10-07T16:45:16.8162396Z       "source": "research/2026-10-04-dot-verified-lean-825-0203z/package/baseline/UnifiedLean/Source/SourceCompletionHarmonic.lean",
verify	Recover stopped G5 original compiler diagnostics	2026-10-07T16:45:16.8162627Z       "sha256": "5a15f085181e1f6f514d629db289db4a11d6b91032267ecf73a795b0a4f1bfd0",
verify	Recover stopped G5 original compiler diagnostics	2026-10-07T16:45:16.8162723Z       "authority": "baseline",
verify	Recover stopped G5 original compiler diagnostics	2026-10-07T16:45:16.8162813Z       "imports": [
verify	Recover stopped G5 original compiler diagnostics	2026-10-07T16:45:16.8162974Z         "UnifiedLean.Source.SourceAncestralAbsorption"
verify	Recover stopped G5 original compiler diagnostics	2026-10-07T16:45:16.8163052Z       ],
verify	Recover stopped G5 original compiler diagnostics	2026-10-07T16:45:16.8163256Z       "destination": "UnifiedLean/Source/SourceCompletionHarmonic.lean"
verify	Recover stopped G5 original compiler diagnostics	2026-10-07T16:45:16.8163333Z     },
verify	Recover stopped G5 original compiler diagnostics	2026-10-07T16:45:16.8163515Z     "UnifiedLean.Source.SourceEventualCompletionLimit": {
verify	Recover stopped G5 original compiler diagnostics	2026-10-07T16:45:16.8163973Z       "source": "research/2026-10-04-dot-verified-lean-825-0203z/package/baseline/UnifiedLean/Source/SourceEventualCompletionLimit.lean",
verify	Recover stopped G5 original compiler diagnostics	2026-10-07T16:45:16.8164221Z       "sha256": "0c886c979caa8725b7babd734c3bfabd5842c4aa065bd8886ce4a8abc24a33cd",
verify	Recover stopped G5 original compiler diagnostics	2026-10-07T16:45:16.8164329Z       "authority": "baseline",
verify	Recover stopped G5 original compiler diagnostics	2026-10-07T16:45:16.8164418Z       "imports": [
verify	Recover stopped G5 original compiler diagnostics	2026-10-07T16:45:16.8164579Z         "UnifiedLean.Source.SourceCompletionHarmonic"
verify	Recover stopped G5 original compiler diagnostics	2026-10-07T16:45:16.8164656Z       ],
verify	Recover stopped G5 original compiler diagnostics	2026-10-07T16:45:16.8164888Z       "destination": "UnifiedLean/Source/SourceEventualCompletionLimit.lean"
verify	Recover stopped G5 original compiler diagnostics	2026-10-07T16:45:16.8164964Z     },
verify	Recover stopped G5 original compiler diagnostics	2026-10-07T16:45:16.8165085Z     "G2AncestralTraceSourceLaw": {
verify	Recover stopped G5 original compiler diagnostics	2026-10-07T16:45:16.8165494Z       "source": "research/2026-10-07-dot-g2-accepted-source-preservation-0006z/sources/G2AncestralTraceSourceLaw.lean",
verify	Recover stopped G5 original compiler diagnostics	2026-10-07T16:45:16.8165731Z       "sha256": "641cf1285ad10ec18dab7a42d207147afb964485924912b9d53aee428927436a",
verify	Recover stopped G5 original compiler diagnostics	2026-10-07T16:45:16.8166121Z       "authority": "research/2026-10-07-dot-g2-accepted-source-preservation-0006z/SOURCE-AND-DEPENDENCY-PINS.json",
verify	Recover stopped G5 original compiler diagnostics	2026-10-07T16:45:16.8166213Z       "imports": [
verify	Recover stopped G5 original compiler diagnostics	2026-10-07T16:45:16.8166326Z         "G2FiniteAncestralTrace",
verify	Recover stopped G5 original compiler diagnostics	2026-10-07T16:45:16.8166426Z         "G2LiteralEpochLaw",
verify	Recover stopped G5 original compiler diagnostics	2026-10-07T16:45:16.8166612Z         "UnifiedLean.Source.SourceEventualCompletionLimit",
verify	Recover stopped G5 original compiler diagnostics	2026-10-07T16:45:16.8166839Z         "Mathlib.MeasureTheory.Constructions.BorelSpace.Metrizable",
verify	Recover stopped G5 original compiler diagnostics	2026-10-07T16:45:16.8167186Z         "Mathlib.MeasureTheory.Integral.Lebesgue.DominatedConvergence"
verify	Recover stopped G5 original compiler diagnostics	2026-10-07T16:45:16.8167273Z       ],
verify	Recover stopped G5 original compiler diagnostics	2026-10-07T16:45:16.8167440Z       "destination": "TimedG2/G2AncestralTraceSourceLaw.lean"
verify	Recover stopped G5 original compiler diagnostics	2026-10-07T16:45:16.8167521Z     },
verify	Recover stopped G5 original compiler diagnostics	2026-10-07T16:45:16.8167638Z     "G2CompleteCalendarAttachment": {
verify	Recover stopped G5 original compiler diagnostics	2026-10-07T16:45:16.8168059Z       "source": "research/2026-10-07-dot-g2-accepted-source-preservation-0006z/sources/G2CompleteCalendarAttachment.lean",
verify	Recover stopped G5 original compiler diagnostics	2026-10-07T16:45:16.8168305Z       "sha256": "aa34dd0dfc6f4d5b33b764f801eade71b3380e024f5bbfcf8549b508e0d5d40f",
verify	Recover stopped G5 original compiler diagnostics	2026-10-07T16:45:16.8168682Z       "authority": "research/2026-10-07-dot-g2-accepted-source-preservation-0006z/SOURCE-AND-DEPENDENCY-PINS.json",
verify	Recover stopped G5 original compiler diagnostics	2026-10-07T16:45:16.8168905Z       "imports": [
verify	Recover stopped G5 original compiler diagnostics	2026-10-07T16:45:16.8169011Z         "G2ActualCalendarTrace",
verify	Recover stopped G5 original compiler diagnostics	2026-10-07T16:45:16.8169127Z         "G2AncestralTraceSourceLaw",
verify	Recover stopped G5 original compiler diagnostics	2026-10-07T16:45:16.8169286Z         "UnifiedLean.Source.SourceInitializedCalendar",
verify	Recover stopped G5 original compiler diagnostics	2026-10-07T16:45:16.8169462Z         "UnifiedLean.Source.UnrankedGenealogyObservation"
verify	Recover stopped G5 original compiler diagnostics	2026-10-07T16:45:16.8169544Z       ],
verify	Recover stopped G5 original compiler diagnostics	2026-10-07T16:45:16.8169722Z       "destination": "TimedG2/G2CompleteCalendarAttachment.lean"
verify	Recover stopped G5 original compiler diagnostics	2026-10-07T16:45:16.8169805Z     },
verify	Recover stopped G5 original compiler diagnostics	2026-10-07T16:45:16.8169907Z     "G2LiteralCutResidual": {
verify	Recover stopped G5 original compiler diagnostics	2026-10-07T16:45:16.8170278Z       "source": "research/2026-10-07-dot-g2-accepted-source-preservation-0006z/sources/G2LiteralCutResidual.lean",
verify	Recover stopped G5 original compiler diagnostics	2026-10-07T16:45:16.8170512Z       "sha256": "e09e93c3ef68ea8b25ff72008a37306bfb8d0c2a8ef2b7082eb5c841fb8f1011",
verify	Recover stopped G5 original compiler diagnostics	2026-10-07T16:45:16.8170894Z       "authority": "research/2026-10-07-dot-g2-accepted-source-preservation-0006z/SOURCE-AND-DEPENDENCY-PINS.json",
verify	Recover stopped G5 original compiler diagnostics	2026-10-07T16:45:16.8170989Z       "imports": [
verify	Recover stopped G5 original compiler diagnostics	2026-10-07T16:45:16.8171085Z         "G2LiteralEpochLaw"
verify	Recover stopped G5 original compiler diagnostics	2026-10-07T16:45:16.8171168Z       ],
verify	Recover stopped G5 original compiler diagnostics	2026-10-07T16:45:16.8171432Z       "destination": "TimedG2/G2LiteralCutResidual.lean"
verify	Recover stopped G5 original compiler diagnostics	2026-10-07T16:45:16.8171523Z     },
verify	Recover stopped G5 original compiler diagnostics	2026-10-07T16:45:16.8171621Z     "G2MarkedTraceCuts": {
verify	Recover stopped G5 original compiler diagnostics	2026-10-07T16:45:16.8171982Z       "source": "research/2026-10-07-dot-g2-accepted-source-preservation-0006z/sources/G2MarkedTraceCuts.lean",
verify	Recover stopped G5 original compiler diagnostics	2026-10-07T16:45:16.8172212Z       "sha256": "aaa3688bee5774a700912c49d7ca134d17d4e6fee95c8542a3a0b65003f6a699",
verify	Recover stopped G5 original compiler diagnostics	2026-10-07T16:45:16.8172600Z       "authority": "research/2026-10-07-dot-g2-accepted-source-preservation-0006z/SOURCE-AND-DEPENDENCY-PINS.json",
verify	Recover stopped G5 original compiler diagnostics	2026-10-07T16:45:16.8172690Z       "imports": [
verify	Recover stopped G5 original compiler diagnostics	2026-10-07T16:45:16.8172798Z         "G2LiteralMarkedClockTrace"
verify	Recover stopped G5 original compiler diagnostics	2026-10-07T16:45:16.8172878Z       ],
verify	Recover stopped G5 original compiler diagnostics	2026-10-07T16:45:16.8173027Z       "destination": "TimedG2/G2MarkedTraceCuts.lean"
verify	Recover stopped G5 original compiler diagnostics	2026-10-07T16:45:16.8173107Z     },
verify	Recover stopped G5 original compiler diagnostics	2026-10-07T16:45:16.8173230Z     "G2MarkedTraceBudgetStability": {
verify	Recover stopped G5 original compiler diagnostics	2026-10-07T16:45:16.8173654Z       "source": "research/2026-10-07-dot-g2-accepted-source-preservation-0006z/sources/G2MarkedTraceBudgetStability.lean",
verify	Recover stopped G5 original compiler diagnostics	2026-10-07T16:45:16.8173898Z       "sha256": "6c8f1abb65ac251e0e5ad610d63a51d39b238c9d0ae7b33d5d709e3e8a2c4fea",
verify	Recover stopped G5 original compiler diagnostics	2026-10-07T16:45:16.8174276Z       "authority": "research/2026-10-07-dot-g2-accepted-source-preservation-0006z/SOURCE-AND-DEPENDENCY-PINS.json",
verify	Recover stopped G5 original compiler diagnostics	2026-10-07T16:45:16.8174371Z       "imports": [
verify	Recover stopped G5 original compiler diagnostics	2026-10-07T16:45:16.8174480Z         "G2LiteralMarkedClockTrace",
verify	Recover stopped G5 original compiler diagnostics	2026-10-07T16:45:16.8174580Z         "G2MarkedTraceCuts"
verify	Recover stopped G5 original compiler diagnostics	2026-10-07T16:45:16.8174657Z       ],
verify	Recover stopped G5 original compiler diagnostics	2026-10-07T16:45:16.8174841Z       "destination": "TimedG2/G2MarkedTraceBudgetStability.lean"
verify	Recover stopped G5 original compiler diagnostics	2026-10-07T16:45:16.8174921Z     },
verify	Recover stopped G5 original compiler diagnostics	2026-10-07T16:45:16.8175031Z     "G2SameClockContinuation": {
verify	Recover stopped G5 original compiler diagnostics	2026-10-07T16:45:16.8175417Z       "source": "research/2026-10-07-dot-g2-accepted-source-preservation-0006z/sources/G2SameClockContinuation.lean",
verify	Recover stopped G5 original compiler diagnostics	2026-10-07T16:45:16.8175650Z       "sha256": "9dfef60676c1333670f00a7a3fb180487ea622ee3d67ced1492baebe32b777e6",
verify	Recover stopped G5 original compiler diagnostics	2026-10-07T16:45:16.8176025Z       "authority": "research/2026-10-07-dot-g2-accepted-source-preservation-0006z/SOURCE-AND-DEPENDENCY-PINS.json",
verify	Recover stopped G5 original compiler diagnostics	2026-10-07T16:45:16.8176112Z       "imports": [
verify	Recover stopped G5 original compiler diagnostics	2026-10-07T16:45:16.8176220Z         "G2LiteralCutResidual",
verify	Recover stopped G5 original compiler diagnostics	2026-10-07T16:45:16.8176342Z         "G2MarkedTraceBudgetStability"
verify	Recover stopped G5 original compiler diagnostics	2026-10-07T16:45:16.8176420Z       ],
verify	Recover stopped G5 original compiler diagnostics	2026-10-07T16:45:16.8176593Z       "destination": "TimedG2/G2SameClockContinuation.lean"
verify	Recover stopped G5 original compiler diagnostics	2026-10-07T16:45:16.8176676Z     },
verify	Recover stopped G5 original compiler diagnostics	2026-10-07T16:45:16.8176792Z     "G2HistoryResidualAttachment": {
verify	Recover stopped G5 original compiler diagnostics	2026-10-07T16:45:16.8177310Z       "source": "research/2026-10-07-dot-g2-accepted-source-preservation-0006z/sources/G2HistoryResidualAttachment.lean",
verify	Recover stopped G5 original compiler diagnostics	2026-10-07T16:45:16.8177547Z       "sha256": "3c84f22ebdcc417af5bae995cb3706c0b2098f07947ab5e5918fb07307f7e298",
verify	Recover stopped G5 original compiler diagnostics	2026-10-07T16:45:16.8177919Z       "authority": "research/2026-10-07-dot-g2-accepted-source-preservation-0006z/SOURCE-AND-DEPENDENCY-PINS.json",
verify	Recover stopped G5 original compiler diagnostics	2026-10-07T16:45:16.8178135Z       "imports": [
verify	Recover stopped G5 original compiler diagnostics	2026-10-07T16:45:16.8178240Z         "G2LiteralCutResidual"
verify	Recover stopped G5 original compiler diagnostics	2026-10-07T16:45:16.8178322Z       ],
verify	Recover stopped G5 original compiler diagnostics	2026-10-07T16:45:16.8178500Z       "destination": "TimedG2/G2HistoryResidualAttachment.lean"
verify	Recover stopped G5 original compiler diagnostics	2026-10-07T16:45:16.8178574Z     },
verify	Recover stopped G5 original compiler diagnostics	2026-10-07T16:45:16.8178688Z     "G2CutFutureSourceBinding": {
verify	Recover stopped G5 original compiler diagnostics	2026-10-07T16:45:16.8179077Z       "source": "research/2026-10-07-dot-g2-accepted-source-preservation-0006z/sources/G2CutFutureSourceBinding.lean",
verify	Recover stopped G5 original compiler diagnostics	2026-10-07T16:45:16.8179304Z       "sha256": "b95300a4096e50d524bad664e51a4c04bc20384d070dfbbecf0e3b7e8ab42190",
verify	Recover stopped G5 original compiler diagnostics	2026-10-07T16:45:16.8179679Z       "authority": "research/2026-10-07-dot-g2-accepted-source-preservation-0006z/SOURCE-AND-DEPENDENCY-PINS.json",
verify	Recover stopped G5 original compiler diagnostics	2026-10-07T16:45:16.8179762Z       "imports": [
verify	Recover stopped G5 original compiler diagnostics	2026-10-07T16:45:16.8179878Z         "G2HistoryResidualAttachment"
verify	Recover stopped G5 original compiler diagnostics	2026-10-07T16:45:16.8179959Z       ],
verify	Recover stopped G5 original compiler diagnostics	2026-10-07T16:45:16.8180125Z       "destination": "TimedG2/G2CutFutureSourceBinding.lean"
verify	Recover stopped G5 original compiler diagnostics	2026-10-07T16:45:16.8180210Z     },
verify	Recover stopped G5 original compiler diagnostics	2026-10-07T16:45:16.8180318Z     "G2SameClockPastFutureLaw": {
verify	Recover stopped G5 original compiler diagnostics	2026-10-07T16:45:16.8180704Z       "source": "research/2026-10-07-dot-g2-accepted-source-preservation-0006z/sources/G2SameClockPastFutureLaw.lean",
verify	Recover stopped G5 original compiler diagnostics	2026-10-07T16:45:16.8181092Z       "sha256": "bf28fae9d12fd6c381cbae64e5bff0b944fe9fe9dceb051b9b470f19b5432930",
verify	Recover stopped G5 original compiler diagnostics	2026-10-07T16:45:16.8181466Z       "authority": "research/2026-10-07-dot-g2-accepted-source-preservation-0006z/SOURCE-AND-DEPENDENCY-PINS.json",
verify	Recover stopped G5 original compiler diagnostics	2026-10-07T16:45:16.8181548Z       "imports": [
verify	Recover stopped G5 original compiler diagnostics	2026-10-07T16:45:16.8181662Z         "G2CutFutureSourceBinding",
verify	Recover stopped G5 original compiler diagnostics	2026-10-07T16:45:16.8181770Z         "G2SameClockContinuation"
verify	Recover stopped G5 original compiler diagnostics	2026-10-07T16:45:16.8181846Z       ],
verify	Recover stopped G5 original compiler diagnostics	2026-10-07T16:45:16.8182015Z       "destination": "TimedG2/G2SameClockPastFutureLaw.lean"
verify	Recover stopped G5 original compiler diagnostics	2026-10-07T16:45:16.8182091Z     },
verify	Recover stopped G5 original compiler diagnostics	2026-10-07T16:45:16.8182200Z     "G2EpochHistoryReadout": {
verify	Recover stopped G5 original compiler diagnostics	2026-10-07T16:45:16.8182560Z       "source": "research/2026-10-07-dot-g2-accepted-source-preservation-0006z/sources/G2EpochHistoryReadout.lean",
verify	Recover stopped G5 original compiler diagnostics	2026-10-07T16:45:16.8182795Z       "sha256": "f3d6598cff77c87219efb74e9a361b3ac7c92c35862d2d259932e6f4f5b904d7",
verify	Recover stopped G5 original compiler diagnostics	2026-10-07T16:45:16.8183184Z       "authority": "research/2026-10-07-dot-g2-accepted-source-preservation-0006z/SOURCE-AND-DEPENDENCY-PINS.json",
verify	Recover stopped G5 original compiler diagnostics	2026-10-07T16:45:16.8183273Z       "imports": [
verify	Recover stopped G5 original compiler diagnostics	2026-10-07T16:45:16.8183382Z         "G2SameClockContinuation",
verify	Recover stopped G5 original compiler diagnostics	2026-10-07T16:45:16.8183489Z         "G2SameClockPastFutureLaw"
verify	Recover stopped G5 original compiler diagnostics	2026-10-07T16:45:16.8183569Z       ],
verify	Recover stopped G5 original compiler diagnostics	2026-10-07T16:45:16.8183725Z       "destination": "TimedG2/G2EpochHistoryReadout.lean"
verify	Recover stopped G5 original compiler diagnostics	2026-10-07T16:45:16.8183807Z     },
verify	Recover stopped G5 original compiler diagnostics	2026-10-07T16:45:16.8183921Z     "G2CompleteAncestralPath": {
verify	Recover stopped G5 original compiler diagnostics	2026-10-07T16:45:16.8184309Z       "source": "research/2026-10-07-dot-g2-accepted-source-preservation-0006z/sources/G2CompleteAncestralPath.lean",
verify	Recover stopped G5 original compiler diagnostics	2026-10-07T16:45:16.8184546Z       "sha256": "42ef05e829cb750a88c4ae5abe57db6c927fb5b7467921998ba1e02c2dc013f0",
verify	Recover stopped G5 original compiler diagnostics	2026-10-07T16:45:16.8184918Z       "authority": "research/2026-10-07-dot-g2-accepted-source-preservation-0006z/SOURCE-AND-DEPENDENCY-PINS.json",
verify	Recover stopped G5 original compiler diagnostics	2026-10-07T16:45:16.8185011Z       "imports": [
verify	Recover stopped G5 original compiler diagnostics	2026-10-07T16:45:16.8185113Z         "G2EpochHistoryReadout",
verify	Recover stopped G5 original compiler diagnostics	2026-10-07T16:45:16.8185223Z         "G2FiniteAncestralTrace"
verify	Recover stopped G5 original compiler diagnostics	2026-10-07T16:45:16.8185305Z       ],
verify	Recover stopped G5 original compiler diagnostics	2026-10-07T16:45:16.8185469Z       "destination": "TimedG2/G2CompleteAncestralPath.lean"
verify	Recover stopped G5 original compiler diagnostics	2026-10-07T16:45:16.8185552Z     },
verify	Recover stopped G5 original compiler diagnostics	2026-10-07T16:45:16.8185667Z     "G2ChronologicalPathReadout": {
verify	Recover stopped G5 original compiler diagnostics	2026-10-07T16:45:16.8186087Z       "source": "research/2026-10-07-dot-g2-accepted-source-preservation-0006z/sources/G2ChronologicalPathReadout.lean",
verify	Recover stopped G5 original compiler diagnostics	2026-10-07T16:45:16.8186315Z       "sha256": "99ad51df4fb50155d714d0ff69972d194fa1c70132bee75f580fbb789be00473",
verify	Recover stopped G5 original compiler diagnostics	2026-10-07T16:45:16.8186700Z       "authority": "research/2026-10-07-dot-g2-accepted-source-preservation-0006z/SOURCE-AND-DEPENDENCY-PINS.json",
verify	Recover stopped G5 original compiler diagnostics	2026-10-07T16:45:16.8186792Z       "imports": [
verify	Recover stopped G5 original compiler diagnostics	2026-10-07T16:45:16.8186909Z         "G2CompleteCalendarAttachment",
verify	Recover stopped G5 original compiler diagnostics	2026-10-07T16:45:16.8187200Z         "G2CompleteAncestralPath"
verify	Recover stopped G5 original compiler diagnostics	2026-10-07T16:45:16.8187419Z       ],
verify	Recover stopped G5 original compiler diagnostics	2026-10-07T16:45:16.8187613Z       "destination": "TimedG2/G2ChronologicalPathReadout.lean"
verify	Recover stopped G5 original compiler diagnostics	2026-10-07T16:45:16.8187696Z     },
verify	Recover stopped G5 original compiler diagnostics	2026-10-07T16:45:16.8187806Z     "G2CalendarDecoration": {
verify	Recover stopped G5 original compiler diagnostics	2026-10-07T16:45:16.8188232Z       "source": "research/2026-10-07-dot-g2-chronological-decoration-integration-0139z/sources/G2CalendarDecoration.lean",
verify	Recover stopped G5 original compiler diagnostics	2026-10-07T16:45:16.8188470Z       "sha256": "9b2458b78813186151e5d5eb2cf7bd9a3a134e39e0de8de6e59cac6d2a6936b6",
verify	Recover stopped G5 original compiler diagnostics	2026-10-07T16:45:16.8188904Z       "authority": "research/2026-10-07-dot-g2-chronological-decoration-integration-0139z/SOURCE-AND-DEPENDENCY-PINS.json",
verify	Recover stopped G5 original compiler diagnostics	2026-10-07T16:45:16.8188989Z       "imports": [
verify	Recover stopped G5 original compiler diagnostics	2026-10-07T16:45:16.8189108Z         "G2DecorationMeasurability",
verify	Recover stopped G5 original compiler diagnostics	2026-10-07T16:45:16.8189215Z         "G2ChronologicalPathReadout"
verify	Recover stopped G5 original compiler diagnostics	2026-10-07T16:45:16.8189298Z       ],
verify	Recover stopped G5 original compiler diagnostics	2026-10-07T16:45:16.8189451Z       "destination": "TimedG2/G2CalendarDecoration.lean"
verify	Recover stopped G5 original compiler diagnostics	2026-10-07T16:45:16.8189537Z     },
verify	Recover stopped G5 original compiler diagnostics	2026-10-07T16:45:16.8189648Z     "G2CompleteDecoration": {
verify	Recover stopped G5 original compiler diagnostics	2026-10-07T16:45:16.8190082Z       "source": "research/2026-10-06-dot-timed-g2-partial-preservation-and-priority-0714z/sources/G2CompleteDecoration.lean",
verify	Recover stopped G5 original compiler diagnostics	2026-10-07T16:45:16.8190428Z       "sha256": "ffc80b41844871b945b78a4d7b5887121ca2b3691ad985d6b8ff29c14d8fe963",
verify	Recover stopped G5 original compiler diagnostics	2026-10-07T16:45:16.8190833Z       "authority": "research/2026-10-07-dot-g2-age-reader-source-preservation-0253z/SOURCE-AND-DEPENDENCY-PINS.json",
verify	Recover stopped G5 original compiler diagnostics	2026-10-07T16:45:16.8190927Z       "imports": [
verify	Recover stopped G5 original compiler diagnostics	2026-10-07T16:45:16.8191035Z         "G2CalendarDecoration"
verify	Recover stopped G5 original compiler diagnostics	2026-10-07T16:45:16.8191112Z       ],
verify	Recover stopped G5 original compiler diagnostics	2026-10-07T16:45:16.8191271Z       "destination": "TimedG2/G2CompleteDecoration.lean"
verify	Recover stopped G5 original compiler diagnostics	2026-10-07T16:45:16.8191350Z     },
verify	Recover stopped G5 original compiler diagnostics	2026-10-07T16:45:16.8191452Z     "G2PairBirthFold": {
verify	Recover stopped G5 original compiler diagnostics	2026-10-07T16:45:16.8191815Z       "source": "research/2026-10-07-dot-g2-age-reader-source-preservation-0253z/sources/G2PairBirthFold.lean",
verify	Recover stopped G5 original compiler diagnostics	2026-10-07T16:45:16.8192039Z       "sha256": "cb0697ca4832343c933b31593553c658e839648968441900a01cc556635512f3",
verify	Recover stopped G5 original compiler diagnostics	2026-10-07T16:45:16.8192432Z       "authority": "research/2026-10-07-dot-g2-age-reader-source-preservation-0253z/SOURCE-AND-DEPENDENCY-PINS.json",
verify	Recover stopped G5 original compiler diagnostics	2026-10-07T16:45:16.8192527Z       "imports": [
verify	Recover stopped G5 original compiler diagnostics	2026-10-07T16:45:16.8192635Z         "G2ActualDecorationFold",
verify	Recover stopped G5 original compiler diagnostics	2026-10-07T16:45:16.8192737Z         "G2SameClockContinuation"
verify	Recover stopped G5 original compiler diagnostics	2026-10-07T16:45:16.8192820Z       ],
verify	Recover stopped G5 original compiler diagnostics	2026-10-07T16:45:16.8192959Z       "destination": "TimedG2/G2PairBirthFold.lean"
verify	Recover stopped G5 original compiler diagnostics	2026-10-07T16:45:16.8193042Z     },
verify	Recover stopped G5 original compiler diagnostics	2026-10-07T16:45:16.8193145Z     "G2ClockBoundaryNull": {
verify	Recover stopped G5 original compiler diagnostics	2026-10-07T16:45:16.8193523Z       "source": "research/2026-10-07-dot-g2-accepted-source-preservation-0006z/sources/G2ClockBoundaryNull.lean",
verify	Recover stopped G5 original compiler diagnostics	2026-10-07T16:45:16.8193766Z       "sha256": "f0ed787fd7f9135024b4f5300120699b358cbea0b6adb9b6124a386448ee1982",
verify	Recover stopped G5 original compiler diagnostics	2026-10-07T16:45:16.8194146Z       "authority": "research/2026-10-07-dot-g2-accepted-source-preservation-0006z/SOURCE-AND-DEPENDENCY-PINS.json",
verify	Recover stopped G5 original compiler diagnostics	2026-10-07T16:45:16.8194237Z       "imports": [
verify	Recover stopped G5 original compiler diagnostics	2026-10-07T16:45:16.8194348Z         "G2LiteralMarkedClockTrace"
verify	Recover stopped G5 original compiler diagnostics	2026-10-07T16:45:16.8194429Z       ],
verify	Recover stopped G5 original compiler diagnostics	2026-10-07T16:45:16.8194573Z       "destination": "TimedG2/G2ClockBoundaryNull.lean"
verify	Recover stopped G5 original compiler diagnostics	2026-10-07T16:45:16.8194663Z     },
verify	Recover stopped G5 original compiler diagnostics	2026-10-07T16:45:16.8194767Z     "G2WholeMatrixAges": {
verify	Recover stopped G5 original compiler diagnostics	2026-10-07T16:45:16.8195078Z       "source": "research/2026-10-07-dot-g2-strict-clock-compatibility-0645z/G2WholeMatrixAges.lean",
verify	Recover stopped G5 original compiler diagnostics	2026-10-07T16:45:16.8195321Z       "sha256": "2c4a38c22a4fb6efa569796749eec7b00c3affd8ee1a57e33144a1bc893026b8",
verify	Recover stopped G5 original compiler diagnostics	2026-10-07T16:45:16.8195656Z       "authority": "research/2026-10-07-dot-g2-strict-clock-compatibility-0645z/PUBLIC-DEPENDENCIES.json",
verify	Recover stopped G5 original compiler diagnostics	2026-10-07T16:45:16.8195747Z       "imports": [
verify	Recover stopped G5 original compiler diagnostics	2026-10-07T16:45:16.8195847Z         "G2CompleteDecoration",
verify	Recover stopped G5 original compiler diagnostics	2026-10-07T16:45:16.8195946Z         "G2PairBirthFold",
verify	Recover stopped G5 original compiler diagnostics	2026-10-07T16:45:16.8196055Z         "G2ClockBoundaryNull"
verify	Recover stopped G5 original compiler diagnostics	2026-10-07T16:45:16.8196132Z       ],
verify	Recover stopped G5 original compiler diagnostics	2026-10-07T16:45:16.8196280Z       "destination": "TimedG2/G2WholeMatrixAges.lean"
verify	Recover stopped G5 original compiler diagnostics	2026-10-07T16:45:16.8196357Z     },
verify	Recover stopped G5 original compiler diagnostics	2026-10-07T16:45:16.8196577Z     "G2ChronologicalDecoration": {
verify	Recover stopped G5 original compiler diagnostics	2026-10-07T16:45:16.8197154Z       "source": "research/2026-10-06-dot-timed-g2-partial-preservation-and-priority-0714z/sources/G2ChronologicalDecoration.lean",
verify	Recover stopped G5 original compiler diagnostics	2026-10-07T16:45:16.8197396Z       "sha256": "5fca3f67c6f7021084b20214c032afb90777fe61134df0105a2a0600c89ae113",
verify	Recover stopped G5 original compiler diagnostics	2026-10-07T16:45:16.8197761Z       "authority": "research/2026-10-07-dot-g2-matrix-and-ancestral-support-0418z/SOURCE-AND-REVIEW-PINS.json",
verify	Recover stopped G5 original compiler diagnostics	2026-10-07T16:45:16.8197846Z       "imports": [
verify	Recover stopped G5 original compiler diagnostics	2026-10-07T16:45:16.8197947Z         "G2WholeMatrixAges"
verify	Recover stopped G5 original compiler diagnostics	2026-10-07T16:45:16.8198027Z       ],
verify	Recover stopped G5 original compiler diagnostics	2026-10-07T16:45:16.8198198Z       "destination": "TimedG2/G2ChronologicalDecoration.lean"
verify	Recover stopped G5 original compiler diagnostics	2026-10-07T16:45:16.8198275Z     },
verify	Recover stopped G5 original compiler diagnostics	2026-10-07T16:45:16.8198385Z     "G2StrictClockDecoration": {
verify	Recover stopped G5 original compiler diagnostics	2026-10-07T16:45:16.8198823Z       "source": "research/2026-10-06-dot-timed-g2-partial-preservation-and-priority-0714z/sources/G2StrictClockDecoration.lean",
verify	Recover stopped G5 original compiler diagnostics	2026-10-07T16:45:16.8199050Z       "sha256": "cac04040f92e143008996ee4761a7e51e1dc0b27b1735f0768eeef97200f2fa8",
verify	Recover stopped G5 original compiler diagnostics	2026-10-07T16:45:16.8199393Z       "authority": "research/2026-10-07-dot-g2-strict-clock-compatibility-0645z/PUBLIC-DEPENDENCIES.json",
verify	Recover stopped G5 original compiler diagnostics	2026-10-07T16:45:16.8199598Z       "imports": [
verify	Recover stopped G5 original compiler diagnostics	2026-10-07T16:45:16.8199713Z         "G2ChronologicalDecoration"
verify	Recover stopped G5 original compiler diagnostics	2026-10-07T16:45:16.8199792Z       ],
verify	Recover stopped G5 original compiler diagnostics	2026-10-07T16:45:16.8199955Z       "destination": "TimedG2/G2StrictClockDecoration.lean"
verify	Recover stopped G5 original compiler diagnostics	2026-10-07T16:45:16.8200037Z     },
verify	Recover stopped G5 original compiler diagnostics	2026-10-07T16:45:16.8200147Z     "G2OriginalProgramSafety": {
verify	Recover stopped G5 original compiler diagnostics	2026-10-07T16:45:16.8200590Z       "source": "research/2026-10-06-dot-timed-g2-partial-preservation-and-priority-0714z/sources/G2OriginalProgramSafety.lean",
verify	Recover stopped G5 original compiler diagnostics	2026-10-07T16:45:16.8200811Z       "sha256": "90299b14c00de553311c139ea68e8154b127fbf75f91e4728efad131b1f8d471",
verify	Recover stopped G5 original compiler diagnostics	2026-10-07T16:45:16.8201157Z       "authority": "research/2026-10-07-dot-g2-calendar-first-age-binding-0745z/PUBLIC-SOURCE-CONTEXT.json",
verify	Recover stopped G5 original compiler diagnostics	2026-10-07T16:45:16.8201242Z       "imports": [
verify	Recover stopped G5 original compiler diagnostics	2026-10-07T16:45:16.8201353Z         "G2StrictClockDecoration"
verify	Recover stopped G5 original compiler diagnostics	2026-10-07T16:45:16.8201437Z       ],
verify	Recover stopped G5 original compiler diagnostics	2026-10-07T16:45:16.8201592Z       "destination": "TimedG2/G2OriginalProgramSafety.lean"
verify	Recover stopped G5 original compiler diagnostics	2026-10-07T16:45:16.8201681Z     },
verify	Recover stopped G5 original compiler diagnostics	2026-10-07T16:45:16.8201790Z     "G2TimedBoundMeasurability": {
verify	Recover stopped G5 original compiler diagnostics	2026-10-07T16:45:16.8202239Z       "source": "research/2026-10-06-dot-timed-g2-partial-preservation-and-priority-0714z/sources/G2TimedBoundMeasurability.lean",
verify	Recover stopped G5 original compiler diagnostics	2026-10-07T16:45:16.8202472Z       "sha256": "b269de25ed1af29edec928382d0452e62d2cd84c5f70c36cde808ea61ec8543f",
verify	Recover stopped G5 original compiler diagnostics	2026-10-07T16:45:16.8202816Z       "authority": "research/2026-10-07-dot-g2-calendar-first-age-binding-0745z/PUBLIC-SOURCE-CONTEXT.json",
verify	Recover stopped G5 original compiler diagnostics	2026-10-07T16:45:16.8202911Z       "imports": [
verify	Recover stopped G5 original compiler diagnostics	2026-10-07T16:45:16.8203014Z         "G2OriginalProgramSafety"
verify	Recover stopped G5 original compiler diagnostics	2026-10-07T16:45:16.8203097Z       ],
verify	Recover stopped G5 original compiler diagnostics	2026-10-07T16:45:16.8203263Z       "destination": "TimedG2/G2TimedBoundMeasurability.lean"
verify	Recover stopped G5 original compiler diagnostics	2026-10-07T16:45:16.8203346Z     },
verify	Recover stopped G5 original compiler diagnostics	2026-10-07T16:45:16.8203457Z     "G2CutResidualSourceMixture": {
verify	Recover stopped G5 original compiler diagnostics	2026-10-07T16:45:16.8203866Z       "source": "research/2026-10-07-dot-g2-accepted-source-preservation-0006z/sources/G2CutResidualSourceMixture.lean",
verify	Recover stopped G5 original compiler diagnostics	2026-10-07T16:45:16.8204089Z       "sha256": "6b13e51479edf4409fa09167f1c83065ed7a4952650c28da5d78192105b6cc0a",
verify	Recover stopped G5 original compiler diagnostics	2026-10-07T16:45:16.8204472Z       "authority": "research/2026-10-07-dot-g2-accepted-source-preservation-0006z/SOURCE-AND-DEPENDENCY-PINS.json",
verify	Recover stopped G5 original compiler diagnostics	2026-10-07T16:45:16.8204563Z       "imports": [
verify	Recover stopped G5 original compiler diagnostics	2026-10-07T16:45:16.8204677Z         "G2HistoryResidualAttachment"
verify	Recover stopped G5 original compiler diagnostics	2026-10-07T16:45:16.8204760Z       ],
verify	Recover stopped G5 original compiler diagnostics	2026-10-07T16:45:16.8204931Z       "destination": "TimedG2/G2CutResidualSourceMixture.lean"
verify	Recover stopped G5 original compiler diagnostics	2026-10-07T16:45:16.8205012Z     },
verify	Recover stopped G5 original compiler diagnostics	2026-10-07T16:45:16.8205183Z     "UnifiedLean.Source.SourceNaturalCompletedLimit": {
verify	Recover stopped G5 original compiler diagnostics	2026-10-07T16:45:16.8205641Z       "source": "research/2026-10-04-dot-verified-lean-825-0203z/package/baseline/UnifiedLean/Source/SourceNaturalCompletedLimit.lean",
verify	Recover stopped G5 original compiler diagnostics	2026-10-07T16:45:16.8205865Z       "sha256": "182b8694bea7594102468caa1009046668198f67fe67f8d67bf89bf1ce4604e5",
verify	Recover stopped G5 original compiler diagnostics	2026-10-07T16:45:16.8206093Z       "authority": "baseline",
verify	Recover stopped G5 original compiler diagnostics	2026-10-07T16:45:16.8206184Z       "imports": [
verify	Recover stopped G5 original compiler diagnostics	2026-10-07T16:45:16.8206358Z         "UnifiedLean.Source.SourceEventualCompletionLimit"
verify	Recover stopped G5 original compiler diagnostics	2026-10-07T16:45:16.8206445Z       ],
verify	Recover stopped G5 original compiler diagnostics	2026-10-07T16:45:16.8206659Z       "destination": "UnifiedLean/Source/SourceNaturalCompletedLimit.lean"
verify	Recover stopped G5 original compiler diagnostics	2026-10-07T16:45:16.8206742Z     },
verify	Recover stopped G5 original compiler diagnostics	2026-10-07T16:45:16.8206916Z     "UnifiedLean.Source.SourceCopyCarrierTransport": {
verify	Recover stopped G5 original compiler diagnostics	2026-10-07T16:45:16.8207484Z       "source": "research/2026-10-04-dot-verified-lean-825-0203z/package/baseline/UnifiedLean/Source/SourceCopyCarrierTransport.lean",
verify	Recover stopped G5 original compiler diagnostics	2026-10-07T16:45:16.8207720Z       "sha256": "09d3d2dcb27d49cb1f85a8e78a5dfc385778a0c885b5a9e42f445246cc3bf966",
verify	Recover stopped G5 original compiler diagnostics	2026-10-07T16:45:16.8207819Z       "authority": "baseline",
verify	Recover stopped G5 original compiler diagnostics	2026-10-07T16:45:16.8207908Z       "imports": [
verify	Recover stopped G5 original compiler diagnostics	2026-10-07T16:45:16.8208077Z         "UnifiedLean.Source.SourceNaturalCompletedLimit"
verify	Recover stopped G5 original compiler diagnostics	2026-10-07T16:45:16.8208156Z       ],
verify	Recover stopped G5 original compiler diagnostics	2026-10-07T16:45:16.8208377Z       "destination": "UnifiedLean/Source/SourceCopyCarrierTransport.lean"
verify	Recover stopped G5 original compiler diagnostics	2026-10-07T16:45:16.8208459Z     },
verify	Recover stopped G5 original compiler diagnostics	2026-10-07T16:45:16.8208632Z     "UnifiedLean.Source.SourceSmallCarrierGenerator": {
verify	Recover stopped G5 original compiler diagnostics	2026-10-07T16:45:16.8209213Z       "source": "research/2026-10-04-dot-verified-lean-825-0203z/package/baseline/UnifiedLean/Source/SourceSmallCarrierGenerator.lean",
verify	Recover stopped G5 original compiler diagnostics	2026-10-07T16:45:16.8209441Z       "sha256": "b85c1308c6206d377aca54b2073088e39250b57abac7df8c628f100189546106",
verify	Recover stopped G5 original compiler diagnostics	2026-10-07T16:45:16.8209541Z       "authority": "baseline",
verify	Recover stopped G5 original compiler diagnostics	2026-10-07T16:45:16.8209628Z       "imports": [
verify	Recover stopped G5 original compiler diagnostics	2026-10-07T16:45:16.8209791Z         "UnifiedLean.Source.SourceCopyCarrierTransport"
verify	Recover stopped G5 original compiler diagnostics	2026-10-07T16:45:16.8209868Z       ],
verify	Recover stopped G5 original compiler diagnostics	2026-10-07T16:45:16.8210082Z       "destination": "UnifiedLean/Source/SourceSmallCarrierGenerator.lean"
verify	Recover stopped G5 original compiler diagnostics	2026-10-07T16:45:16.8210158Z     },
verify	Recover stopped G5 original compiler diagnostics	2026-10-07T16:45:16.8210323Z     "UnifiedLean.Source.SourceCrossCarrierEpoch": {
verify	Recover stopped G5 original compiler diagnostics	2026-10-07T16:45:16.8210746Z       "source": "research/2026-10-04-dot-verified-lean-825-0203z/package/baseline/UnifiedLean/Source/SourceCrossCarrierEpoch.lean",
verify	Recover stopped G5 original compiler diagnostics	2026-10-07T16:45:16.8210977Z       "sha256": "d62727cc73f62775f43c83cb882602fcb55e2757123b0ba126d6feffe497d725",
verify	Recover stopped G5 original compiler diagnostics	2026-10-07T16:45:16.8211079Z       "authority": "baseline",
verify	Recover stopped G5 original compiler diagnostics	2026-10-07T16:45:16.8211167Z       "imports": [
verify	Recover stopped G5 original compiler diagnostics	2026-10-07T16:45:16.8211328Z         "UnifiedLean.Source.SourceSmallCarrierGenerator"
verify	Recover stopped G5 original compiler diagnostics	2026-10-07T16:45:16.8211410Z       ],
verify	Recover stopped G5 original compiler diagnostics	2026-10-07T16:45:16.8211608Z       "destination": "UnifiedLean/Source/SourceCrossCarrierEpoch.lean"
verify	Recover stopped G5 original compiler diagnostics	2026-10-07T16:45:16.8211686Z     },
verify	Recover stopped G5 original compiler diagnostics	2026-10-07T16:45:16.8211845Z     "UnifiedLean.Source.SourceSmallCarrierPulse": {
verify	Recover stopped G5 original compiler diagnostics	2026-10-07T16:45:16.8212260Z       "source": "research/2026-10-04-dot-verified-lean-825-0203z/package/baseline/UnifiedLean/Source/SourceSmallCarrierPulse.lean",
verify	Recover stopped G5 original compiler diagnostics	2026-10-07T16:45:16.8212490Z       "sha256": "e33e4751b9b8d665aaf18074f4d3430f0f13d7b5e67a90ec96ec229a14fb7f20",
verify	Recover stopped G5 original compiler diagnostics	2026-10-07T16:45:16.8212585Z       "authority": "baseline",
verify	Recover stopped G5 original compiler diagnostics	2026-10-07T16:45:16.8212674Z       "imports": [
verify	Recover stopped G5 original compiler diagnostics	2026-10-07T16:45:16.8212829Z         "UnifiedLean.Source.SourceCrossCarrierEpoch"
verify	Recover stopped G5 original compiler diagnostics	2026-10-07T16:45:16.8212909Z       ],
verify	Recover stopped G5 original compiler diagnostics	2026-10-07T16:45:16.8213107Z       "destination": "UnifiedLean/Source/SourceSmallCarrierPulse.lean"
verify	Recover stopped G5 original compiler diagnostics	2026-10-07T16:45:16.8213189Z     },
verify	Recover stopped G5 original compiler diagnostics	2026-10-07T16:45:16.8213358Z     "UnifiedLean.Source.SourceCrossCarrierBoundary": {
verify	Recover stopped G5 original compiler diagnostics	2026-10-07T16:45:16.8213791Z       "source": "research/2026-10-04-dot-verified-lean-825-0203z/package/baseline/UnifiedLean/Source/SourceCrossCarrierBoundary.lean",
verify	Recover stopped G5 original compiler diagnostics	2026-10-07T16:45:16.8214021Z       "sha256": "c3d453eb58dcf0a21f06acc4513428cb9d6ff31093a73e9a284b992531514308",
verify	Recover stopped G5 original compiler diagnostics	2026-10-07T16:45:16.8214122Z       "authority": "baseline",
verify	Recover stopped G5 original compiler diagnostics	2026-10-07T16:45:16.8214207Z       "imports": [
verify	Recover stopped G5 original compiler diagnostics	2026-10-07T16:45:16.8214359Z         "UnifiedLean.Source.SourceSmallCarrierPulse"
verify	Recover stopped G5 original compiler diagnostics	2026-10-07T16:45:16.8214436Z       ],
verify	Recover stopped G5 original compiler diagnostics	2026-10-07T16:45:16.8214644Z       "destination": "UnifiedLean/Source/SourceCrossCarrierBoundary.lean"
verify	Recover stopped G5 original compiler diagnostics	2026-10-07T16:45:16.8214721Z     },
verify	Recover stopped G5 original compiler diagnostics	2026-10-07T16:45:16.8214883Z     "UnifiedLean.Source.SourceCrossCarrierProgram": {
verify	Recover stopped G5 original compiler diagnostics	2026-10-07T16:45:16.8215448Z       "source": "research/2026-10-04-dot-verified-lean-825-0203z/package/baseline/UnifiedLean/Source/SourceCrossCarrierProgram.lean",
verify	Recover stopped G5 original compiler diagnostics	2026-10-07T16:45:16.8215680Z       "sha256": "bc26f80643ff737bd3a4dcda630631584b0166b2905b3cb48fd876c08fe5489a",
verify	Recover stopped G5 original compiler diagnostics	2026-10-07T16:45:16.8215781Z       "authority": "baseline",
verify	Recover stopped G5 original compiler diagnostics	2026-10-07T16:45:16.8215865Z       "imports": [
verify	Recover stopped G5 original compiler diagnostics	2026-10-07T16:45:16.8216025Z         "UnifiedLean.Source.SourceCrossCarrierBoundary"
verify	Recover stopped G5 original compiler diagnostics	2026-10-07T16:45:16.8216103Z       ],
verify	Recover stopped G5 original compiler diagnostics	2026-10-07T16:45:16.8216310Z       "destination": "UnifiedLean/Source/SourceCrossCarrierProgram.lean"
verify	Recover stopped G5 original compiler diagnostics	2026-10-07T16:45:16.8216384Z     },
verify	Recover stopped G5 original compiler diagnostics	2026-10-07T16:45:16.8216488Z     "G2SourceFiniteHistory": {
verify	Recover stopped G5 original compiler diagnostics	2026-10-07T16:45:16.8216857Z       "source": "research/2026-10-06-dot-g2-source-finite-history-checkpoint-2141z/G2SourceFiniteHistory.lean",
verify	Recover stopped G5 original compiler diagnostics	2026-10-07T16:45:16.8217199Z       "sha256": "1992444990057008ee1449cda6c3a01a9b7c25b9070c749c0bc9c2504db45ee5",
verify	Recover stopped G5 original compiler diagnostics	2026-10-07T16:45:16.8217589Z       "authority": "research/2026-10-07-dot-g2-accepted-source-preservation-0006z/SOURCE-AND-DEPENDENCY-PINS.json",
verify	Recover stopped G5 original compiler diagnostics	2026-10-07T16:45:16.8217677Z       "imports": [
verify	Recover stopped G5 original compiler diagnostics	2026-10-07T16:45:16.8217838Z         "UnifiedLean.Source.SourceCrossCarrierProgram"
verify	Recover stopped G5 original compiler diagnostics	2026-10-07T16:45:16.8218036Z       ],
verify	Recover stopped G5 original compiler diagnostics	2026-10-07T16:45:16.8218188Z       "destination": "TimedG2/G2SourceFiniteHistory.lean"
verify	Recover stopped G5 original compiler diagnostics	2026-10-07T16:45:16.8218267Z     },
verify	Recover stopped G5 original compiler diagnostics	2026-10-07T16:45:16.8218372Z     "G2ActualEpochHistoryLaw": {
verify	Recover stopped G5 original compiler diagnostics	2026-10-07T16:45:16.8218758Z       "source": "research/2026-10-07-dot-g2-accepted-source-preservation-0006z/sources/G2ActualEpochHistoryLaw.lean",
verify	Recover stopped G5 original compiler diagnostics	2026-10-07T16:45:16.8218976Z       "sha256": "e106b912721336831c3392d3cf5414cf20b43765b73c5c6cc31b83dec7d69be2",
verify	Recover stopped G5 original compiler diagnostics	2026-10-07T16:45:16.8219352Z       "authority": "research/2026-10-07-dot-g2-accepted-source-preservation-0006z/SOURCE-AND-DEPENDENCY-PINS.json",
verify	Recover stopped G5 original compiler diagnostics	2026-10-07T16:45:16.8219440Z       "imports": [
verify	Recover stopped G5 original compiler diagnostics	2026-10-07T16:45:16.8219553Z         "G2CutResidualSourceMixture",
verify	Recover stopped G5 original compiler diagnostics	2026-10-07T16:45:16.8219666Z         "G2CompleteAncestralPath",
verify	Recover stopped G5 original compiler diagnostics	2026-10-07T16:45:16.8219771Z         "G2SourceFiniteHistory"
verify	Recover stopped G5 original compiler diagnostics	2026-10-07T16:45:16.8219853Z       ],
verify	Recover stopped G5 original compiler diagnostics	2026-10-07T16:45:16.8220011Z       "destination": "TimedG2/G2ActualEpochHistoryLaw.lean"
verify	Recover stopped G5 original compiler diagnostics	2026-10-07T16:45:16.8220099Z     },
verify	Recover stopped G5 original compiler diagnostics	2026-10-07T16:45:16.8220207Z     "G2EpochPathProjection": {
verify	Recover stopped G5 original compiler diagnostics	2026-10-07T16:45:16.8220588Z       "source": "research/2026-10-07-dot-g2-accepted-source-preservation-0006z/sources/G2EpochPathProjection.lean",
verify	Recover stopped G5 original compiler diagnostics	2026-10-07T16:45:16.8220832Z       "sha256": "04abbc6e6efdde07f651a706092014b14c542b7386037d3715cecbf61b1d21e8",
verify	Recover stopped G5 original compiler diagnostics	2026-10-07T16:45:16.8221209Z       "authority": "research/2026-10-07-dot-g2-accepted-source-preservation-0006z/SOURCE-AND-DEPENDENCY-PINS.json",
verify	Recover stopped G5 original compiler diagnostics	2026-10-07T16:45:16.8221303Z       "imports": [
verify	Recover stopped G5 original compiler diagnostics	2026-10-07T16:45:16.8221409Z         "G2ActualEpochHistoryLaw",
verify	Recover stopped G5 original compiler diagnostics	2026-10-07T16:45:16.8221517Z         "G2SourceFiniteHistory",
verify	Recover stopped G5 original compiler diagnostics	2026-10-07T16:45:16.8221623Z         "G2CompleteAncestralPath",
verify	Recover stopped G5 original compiler diagnostics	2026-10-07T16:45:16.8221802Z         "Mathlib.MeasureTheory.Constructions.Projective",
verify	Recover stopped G5 original compiler diagnostics	2026-10-07T16:45:16.8221915Z         "Mathlib.Data.Finset.Max"
verify	Recover stopped G5 original compiler diagnostics	2026-10-07T16:45:16.8221993Z       ],
verify	Recover stopped G5 original compiler diagnostics	2026-10-07T16:45:16.8222148Z       "destination": "TimedG2/G2EpochPathProjection.lean"
verify	Recover stopped G5 original compiler diagnostics	2026-10-07T16:45:16.8222229Z     },
verify	Recover stopped G5 original compiler diagnostics	2026-10-07T16:45:16.8222342Z     "G2ActualSegmentPathLaw": {
verify	Recover stopped G5 original compiler diagnostics	2026-10-07T16:45:16.8222724Z       "source": "research/2026-10-07-dot-g2-accepted-source-preservation-0006z/sources/G2ActualSegmentPathLaw.lean",
verify	Recover stopped G5 original compiler diagnostics	2026-10-07T16:45:16.8222964Z       "sha256": "9581cf8c75982bbfd3a47f300a97a865c1fe140efd946ffce464fe25344e60ca",
verify	Recover stopped G5 original compiler diagnostics	2026-10-07T16:45:16.8223344Z       "authority": "research/2026-10-07-dot-g2-accepted-source-preservation-0006z/SOURCE-AND-DEPENDENCY-PINS.json",
verify	Recover stopped G5 original compiler diagnostics	2026-10-07T16:45:16.8223429Z       "imports": [
verify	Recover stopped G5 original compiler diagnostics	2026-10-07T16:45:16.8223547Z         "G2ChronologicalPathReadout",
verify	Recover stopped G5 original compiler diagnostics	2026-10-07T16:45:16.8223650Z         "G2EpochPathProjection"
verify	Recover stopped G5 original compiler diagnostics	2026-10-07T16:45:16.8223732Z       ],
verify	Recover stopped G5 original compiler diagnostics	2026-10-07T16:45:16.8223888Z       "destination": "TimedG2/G2ActualSegmentPathLaw.lean"
verify	Recover stopped G5 original compiler diagnostics	2026-10-07T16:45:16.8223970Z     },
verify	Recover stopped G5 original compiler diagnostics	2026-10-07T16:45:16.8224207Z     "G2FiniteFibreTransport": {
verify	Recover stopped G5 original compiler diagnostics	2026-10-07T16:45:16.8224581Z       "source": "research/2026-10-07-dot-g2-accepted-source-preservation-0006z/sources/G2FiniteFibreTransport.lean",
verify	Recover stopped G5 original compiler diagnostics	2026-10-07T16:45:16.8224821Z       "sha256": "fc8b772af83a6140bff8dbc6253b50820e5c6bbf7ce0262d2211919f039b16ea",
verify	Recover stopped G5 original compiler diagnostics	2026-10-07T16:45:16.8225190Z       "authority": "research/2026-10-07-dot-g2-accepted-source-preservation-0006z/SOURCE-AND-DEPENDENCY-PINS.json",
verify	Recover stopped G5 original compiler diagnostics	2026-10-07T16:45:16.8225280Z       "imports": [
verify	Recover stopped G5 original compiler diagnostics	2026-10-07T16:45:16.8225413Z         "Mathlib.MeasureTheory.Measure.Prod",
verify	Recover stopped G5 original compiler diagnostics	2026-10-07T16:45:16.8225556Z         "Mathlib.MeasureTheory.Measure.Restrict"
verify	Recover stopped G5 original compiler diagnostics	2026-10-07T16:45:16.8225638Z       ],
verify	Recover stopped G5 original compiler diagnostics	2026-10-07T16:45:16.8225790Z       "destination": "TimedG2/G2FiniteFibreTransport.lean"
verify	Recover stopped G5 original compiler diagnostics	2026-10-07T16:45:16.8225872Z     },
verify	Recover stopped G5 original compiler diagnostics	2026-10-07T16:45:16.8225983Z     "G2CalendarHistoryBinding": {
verify	Recover stopped G5 original compiler diagnostics	2026-10-07T16:45:16.8226375Z       "source": "research/2026-10-07-dot-g2-accepted-source-preservation-0006z/sources/G2CalendarHistoryBinding.lean",
verify	Recover stopped G5 original compiler diagnostics	2026-10-07T16:45:16.8226596Z       "sha256": "8827842d77dc5749d6db4114ef24d34cf85779a545628879a6ba6eaf3681b796",
verify	Recover stopped G5 original compiler diagnostics	2026-10-07T16:45:16.8226971Z       "authority": "research/2026-10-07-dot-g2-accepted-source-preservation-0006z/SOURCE-AND-DEPENDENCY-PINS.json",
verify	Recover stopped G5 original compiler diagnostics	2026-10-07T16:45:16.8227366Z       "imports": [
verify	Recover stopped G5 original compiler diagnostics	2026-10-07T16:45:16.8227473Z         "G2ActualCalendarTrace",
verify	Recover stopped G5 original compiler diagnostics	2026-10-07T16:45:16.8227580Z         "G2SourceFiniteHistory"
verify	Recover stopped G5 original compiler diagnostics	2026-10-07T16:45:16.8227658Z       ],
verify	Recover stopped G5 original compiler diagnostics	2026-10-07T16:45:16.8227846Z       "destination": "TimedG2/G2CalendarHistoryBinding.lean"
verify	Recover stopped G5 original compiler diagnostics	2026-10-07T16:45:16.8227922Z     },
verify	Recover stopped G5 original compiler diagnostics	2026-10-07T16:45:16.8228039Z     "G2CalendarPathProjection": {
verify	Recover stopped G5 original compiler diagnostics	2026-10-07T16:45:16.8228451Z       "source": "research/2026-10-07-dot-g2-calendar-tail-source-successor-0058z/sources/G2CalendarPathProjection.lean",
verify	Recover stopped G5 original compiler diagnostics	2026-10-07T16:45:16.8228699Z       "sha256": "af8a56136b53dafdb99b77de1f3e5ecdd5a5a6e7a70b39657650f9a364bd52c6",
verify	Recover stopped G5 original compiler diagnostics	2026-10-07T16:45:16.8229095Z       "authority": "research/2026-10-07-dot-g2-calendar-tail-source-successor-0058z/SOURCE-AND-DEPENDENCY-PINS.json",
verify	Recover stopped G5 original compiler diagnostics	2026-10-07T16:45:16.8229188Z       "imports": [
verify	Recover stopped G5 original compiler diagnostics	2026-10-07T16:45:16.8229296Z         "G2ActualSegmentPathLaw",
verify	Recover stopped G5 original compiler diagnostics	2026-10-07T16:45:16.8229400Z         "G2FiniteFibreTransport",
verify	Recover stopped G5 original compiler diagnostics	2026-10-07T16:45:16.8229511Z         "G2CalendarHistoryBinding"
verify	Recover stopped G5 original compiler diagnostics	2026-10-07T16:45:16.8229593Z       ],
verify	Recover stopped G5 original compiler diagnostics	2026-10-07T16:45:16.8229758Z       "destination": "TimedG2/G2CalendarPathProjection.lean"
verify	Recover stopped G5 original compiler diagnostics	2026-10-07T16:45:16.8229840Z     },
verify	Recover stopped G5 original compiler diagnostics	2026-10-07T16:45:16.8229954Z     "G2CompletedCalendarPathLaw": {
verify	Recover stopped G5 original compiler diagnostics	2026-10-07T16:45:16.8230373Z       "source": "research/2026-10-07-dot-g2-calendar-tail-source-successor-0058z/sources/G2CompletedCalendarPathLaw.lean",
verify	Recover stopped G5 original compiler diagnostics	2026-10-07T16:45:16.8230595Z       "sha256": "684487a6e3816a13a3b03b40550873fbfa7e3c920b1854e41f9951b17aba2a30",
verify	Recover stopped G5 original compiler diagnostics	2026-10-07T16:45:16.8230983Z       "authority": "research/2026-10-07-dot-g2-calendar-tail-source-successor-0058z/SOURCE-AND-DEPENDENCY-PINS.json",
verify	Recover stopped G5 original compiler diagnostics	2026-10-07T16:45:16.8231072Z       "imports": [
verify	Recover stopped G5 original compiler diagnostics	2026-10-07T16:45:16.8231176Z         "G2CalendarPathProjection"
verify	Recover stopped G5 original compiler diagnostics	2026-10-07T16:45:16.8231263Z       ],
verify	Recover stopped G5 original compiler diagnostics	2026-10-07T16:45:16.8231432Z       "destination": "TimedG2/G2CompletedCalendarPathLaw.lean"
verify	Recover stopped G5 original compiler diagnostics	2026-10-07T16:45:16.8231512Z     },
verify	Recover stopped G5 original compiler diagnostics	2026-10-07T16:45:16.8231618Z     "G2ChronologicalGluing": {
verify	Recover stopped G5 original compiler diagnostics	2026-10-07T16:45:16.8231993Z       "source": "research/2026-10-07-dot-g2-calendar-tail-source-successor-0058z/sources/G2ChronologicalGluing.lean",
verify	Recover stopped G5 original compiler diagnostics	2026-10-07T16:45:16.8232219Z       "sha256": "ca1b9f05a5f87556eb9a9dca93d160409a735d934d17d7c04e3ad0324520bfff",
verify	Recover stopped G5 original compiler diagnostics	2026-10-07T16:45:16.8232597Z       "authority": "research/2026-10-07-dot-g2-calendar-tail-source-successor-0058z/SOURCE-AND-DEPENDENCY-PINS.json",
verify	Recover stopped G5 original compiler diagnostics	2026-10-07T16:45:16.8232735Z       "imports": [
verify	Recover stopped G5 original compiler diagnostics	2026-10-07T16:45:16.8232842Z         "G2CalendarPathProjection"
verify	Recover stopped G5 original compiler diagnostics	2026-10-07T16:45:16.8232922Z       ],
verify	Recover stopped G5 original compiler diagnostics	2026-10-07T16:45:16.8233073Z       "destination": "TimedG2/G2ChronologicalGluing.lean"
verify	Recover stopped G5 original compiler diagnostics	2026-10-07T16:45:16.8233155Z     },
verify	Recover stopped G5 original compiler diagnostics	2026-10-07T16:45:16.8233272Z     "G2ActualChronologicalPathLaw": {
verify	Recover stopped G5 original compiler diagnostics	2026-10-07T16:45:16.8233728Z       "source": "research/2026-10-07-dot-g2-chronological-decoration-integration-0139z/sources/G2ActualChronologicalPathLaw.lean",
verify	Recover stopped G5 original compiler diagnostics	2026-10-07T16:45:16.8234093Z       "sha256": "a4a018b7eb33f2cb0bd12e70b0c16d0664c8de26a4d87c0eab046d2bf47d6a18",
verify	Recover stopped G5 original compiler diagnostics	2026-10-07T16:45:16.8234513Z       "authority": "research/2026-10-07-dot-g2-chronological-decoration-integration-0139z/SOURCE-AND-DEPENDENCY-PINS.json",
verify	Recover stopped G5 original compiler diagnostics	2026-10-07T16:45:16.8234602Z       "imports": [
verify	Recover stopped G5 original compiler diagnostics	2026-10-07T16:45:16.8234715Z         "G2CompletedCalendarPathLaw",
verify	Recover stopped G5 original compiler diagnostics	2026-10-07T16:45:16.8234823Z         "G2ChronologicalGluing"
verify	Recover stopped G5 original compiler diagnostics	2026-10-07T16:45:16.8234906Z       ],
verify	Recover stopped G5 original compiler diagnostics	2026-10-07T16:45:16.8235086Z       "destination": "TimedG2/G2ActualChronologicalPathLaw.lean"
verify	Recover stopped G5 original compiler diagnostics	2026-10-07T16:45:16.8235168Z     },
verify	Recover stopped G5 original compiler diagnostics	2026-10-07T16:45:16.8235272Z     "G2EventualPathReadout": {
verify	Recover stopped G5 original compiler diagnostics	2026-10-07T16:45:16.8235665Z       "source": "research/2026-10-07-dot-g2-age-reader-source-preservation-0253z/sources/G2EventualPathReadout.lean",
verify	Recover stopped G5 original compiler diagnostics	2026-10-07T16:45:16.8235896Z       "sha256": "14e0ef3bb6ff1c45875092e6a474063178fe78977f24c0dfdb055887693690eb",
verify	Recover stopped G5 original compiler diagnostics	2026-10-07T16:45:16.8236288Z       "authority": "research/2026-10-07-dot-g2-age-reader-source-preservation-0253z/SOURCE-AND-DEPENDENCY-PINS.json",
verify	Recover stopped G5 original compiler diagnostics	2026-10-07T16:45:16.8236457Z       "imports": [
verify	Recover stopped G5 original compiler diagnostics	2026-10-07T16:45:16.8236561Z         "G2CompleteDecoration",
verify	Recover stopped G5 original compiler diagnostics	2026-10-07T16:45:16.8236680Z         "G2ActualChronologicalPathLaw"
verify	Recover stopped G5 original compiler diagnostics	2026-10-07T16:45:16.8236757Z       ],
verify	Recover stopped G5 original compiler diagnostics	2026-10-07T16:45:16.8236915Z       "destination": "TimedG2/G2EventualPathReadout.lean"
verify	Recover stopped G5 original compiler diagnostics	2026-10-07T16:45:16.8237134Z     },
verify	Recover stopped G5 original compiler diagnostics	2026-10-07T16:45:16.8237253Z     "G2ActualPairCoalescence": {
verify	Recover stopped G5 original compiler diagnostics	2026-10-07T16:45:16.8237696Z       "source": "research/2026-10-06-dot-timed-g2-partial-preservation-and-priority-0714z/sources/G2ActualPairCoalescence.lean",
verify	Recover stopped G5 original compiler diagnostics	2026-10-07T16:45:16.8237940Z       "sha256": "991ce81e7de2a9012bdb9aa311cb3fbc8cfcbda39843af725c0fdd09617d261d",
verify	Recover stopped G5 original compiler diagnostics	2026-10-07T16:45:16.8238327Z       "authority": "research/2026-10-07-dot-g2-age-reader-source-preservation-0253z/SOURCE-AND-DEPENDENCY-PINS.json",
verify	Recover stopped G5 original compiler diagnostics	2026-10-07T16:45:16.8238413Z       "imports": [
verify	Recover stopped G5 original compiler diagnostics	2026-10-07T16:45:16.8238523Z         "G2EventualPathReadout"
verify	Recover stopped G5 original compiler diagnostics	2026-10-07T16:45:16.8238602Z       ],
verify	Recover stopped G5 original compiler diagnostics	2026-10-07T16:45:16.8238773Z       "destination": "TimedG2/G2ActualPairCoalescence.lean"
verify	Recover stopped G5 original compiler diagnostics	2026-10-07T16:45:16.8238855Z     },
verify	Recover stopped G5 original compiler diagnostics	2026-10-07T16:45:16.8238964Z     "G2CalendarPairSupport": {
verify	Recover stopped G5 original compiler diagnostics	2026-10-07T16:45:16.8239312Z       "source": "research/2026-10-07-dot-g2-actual-calendar-pair-support-0456z/G2CalendarPairSupport.lean",
verify	Recover stopped G5 original compiler diagnostics	2026-10-07T16:45:16.8239542Z       "sha256": "2cc04aae4479af39fa315e50d959963db84959ae11b21f40cf7608dcfd516b1c",
verify	Recover stopped G5 original compiler diagnostics	2026-10-07T16:45:16.8239911Z       "authority": "research/2026-10-07-dot-g2-actual-age-support-certificate-0723z/PUBLIC-SOURCE-CONTEXT.json",
verify	Recover stopped G5 original compiler diagnostics	2026-10-07T16:45:16.8239995Z       "imports": [
verify	Recover stopped G5 original compiler diagnostics	2026-10-07T16:45:16.8240099Z         "G2WholeMatrixAges",
verify	Recover stopped G5 original compiler diagnostics	2026-10-07T16:45:16.8240205Z         "G2ActualPairCoalescence"
verify	Recover stopped G5 original compiler diagnostics	2026-10-07T16:45:16.8240286Z       ],
verify	Recover stopped G5 original compiler diagnostics	2026-10-07T16:45:16.8240445Z       "destination": "TimedG2/G2CalendarPairSupport.lean"
verify	Recover stopped G5 original compiler diagnostics	2026-10-07T16:45:16.8240522Z     },
verify	Recover stopped G5 original compiler diagnostics	2026-10-07T16:45:16.8240631Z     "G2RationalAgeReadout": {
verify	Recover stopped G5 original compiler diagnostics	2026-10-07T16:45:16.8241005Z       "source": "research/2026-10-07-dot-g2-age-reader-source-preservation-0253z/sources/G2RationalAgeReadout.lean",
verify	Recover stopped G5 original compiler diagnostics	2026-10-07T16:45:16.8241239Z       "sha256": "64c47ce766266fabb405fa51a223f16ed45b80d13c2f6dd31604fd8387a5e274",
verify	Recover stopped G5 original compiler diagnostics	2026-10-07T16:45:16.8241617Z       "authority": "research/2026-10-07-dot-g2-age-reader-source-preservation-0253z/SOURCE-AND-DEPENDENCY-PINS.json",
verify	Recover stopped G5 original compiler diagnostics	2026-10-07T16:45:16.8241712Z       "imports": [
verify	Recover stopped G5 original compiler diagnostics	2026-10-07T16:45:16.8241904Z         "Mathlib.MeasureTheory.Constructions.BorelSpace.Real",
verify	Recover stopped G5 original compiler diagnostics	2026-10-07T16:45:16.8242050Z         "Mathlib.MeasureTheory.MeasurableSpace.Pi"
verify	Recover stopped G5 original compiler diagnostics	2026-10-07T16:45:16.8242132Z       ],
verify	Recover stopped G5 original compiler diagnostics	2026-10-07T16:45:16.8242279Z       "destination": "TimedG2/G2RationalAgeReadout.lean"
verify	Recover stopped G5 original compiler diagnostics	2026-10-07T16:45:16.8242361Z     },
verify	Recover stopped G5 original compiler diagnostics	2026-10-07T16:45:16.8242464Z     "G2PairBirthThreshold": {
verify	Recover stopped G5 original compiler diagnostics	2026-10-07T16:45:16.8242841Z       "source": "research/2026-10-07-dot-g2-age-reader-source-preservation-0253z/sources/G2PairBirthThreshold.lean",
verify	Recover stopped G5 original compiler diagnostics	2026-10-07T16:45:16.8243200Z       "sha256": "303f43bb7b14c324d27c9cff82c7173cf08b9e97d98517d58e4dab2713bc7ca0",
verify	Recover stopped G5 original compiler diagnostics	2026-10-07T16:45:16.8243579Z       "authority": "research/2026-10-07-dot-g2-age-reader-source-preservation-0253z/SOURCE-AND-DEPENDENCY-PINS.json",
verify	Recover stopped G5 original compiler diagnostics	2026-10-07T16:45:16.8243674Z       "imports": [
verify	Recover stopped G5 original compiler diagnostics	2026-10-07T16:45:16.8243768Z         "G2PairBirthFold",
verify	Recover stopped G5 original compiler diagnostics	2026-10-07T16:45:16.8243878Z         "G2EpochHistoryReadout",
verify	Recover stopped G5 original compiler diagnostics	2026-10-07T16:45:16.8243979Z         "G2RationalAgeReadout",
verify	Recover stopped G5 original compiler diagnostics	2026-10-07T16:45:16.8244084Z         "Mathlib.Data.List.OfFn"
verify	Recover stopped G5 original compiler diagnostics	2026-10-07T16:45:16.8244166Z       ],
verify	Recover stopped G5 original compiler diagnostics	2026-10-07T16:45:16.8244312Z       "destination": "TimedG2/G2PairBirthThreshold.lean"
verify	Recover stopped G5 original compiler diagnostics	2026-10-07T16:45:16.8244392Z     },
verify	Recover stopped G5 original compiler diagnostics	2026-10-07T16:45:16.8244498Z     "G2AncestralPairSupport": {
verify	Recover stopped G5 original compiler diagnostics	2026-10-07T16:45:16.8244873Z       "source": "research/2026-10-07-dot-g2-matrix-and-ancestral-support-0418z/sources/G2AncestralPairSupport.lean",
verify	Recover stopped G5 original compiler diagnostics	2026-10-07T16:45:16.8245101Z       "sha256": "964b830ccc15e18b02cc3c3d7c5e4d1f98d9c4d532cd59fb2a486289dabd0ef8",
verify	Recover stopped G5 original compiler diagnostics	2026-10-07T16:45:16.8245466Z       "authority": "research/2026-10-07-dot-g2-matrix-and-ancestral-support-0418z/SOURCE-AND-REVIEW-PINS.json",
verify	Recover stopped G5 original compiler diagnostics	2026-10-07T16:45:16.8245668Z       "imports": [
verify	Recover stopped G5 original compiler diagnostics	2026-10-07T16:45:16.8245784Z         "G2CompleteCalendarAttachment",
verify	Recover stopped G5 original compiler diagnostics	2026-10-07T16:45:16.8245883Z         "G2PairBirthFold"
verify	Recover stopped G5 original compiler diagnostics	2026-10-07T16:45:16.8245959Z       ],
verify	Recover stopped G5 original compiler diagnostics	2026-10-07T16:45:16.8246116Z       "destination": "TimedG2/G2AncestralPairSupport.lean"
verify	Recover stopped G5 original compiler diagnostics	2026-10-07T16:45:16.8246192Z     },
verify	Recover stopped G5 original compiler diagnostics	2026-10-07T16:45:16.8246309Z     "G2AncestralAgeCertificate": {
verify	Recover stopped G5 original compiler diagnostics	2026-10-07T16:45:16.8246676Z       "source": "research/2026-10-07-dot-g2-actual-age-support-certificate-0723z/G2AncestralAgeCertificate.lean",
verify	Recover stopped G5 original compiler diagnostics	2026-10-07T16:45:16.8246913Z       "sha256": "af6fcaa8a27194d676b676a4c1fc4135dd783353d8aa8e9dc42f3d2a545ecade",
verify	Recover stopped G5 original compiler diagnostics	2026-10-07T16:45:16.8247398Z       "authority": "research/2026-10-07-dot-g2-actual-age-support-certificate-0723z/PUBLIC-SOURCE-CONTEXT.json",
verify	Recover stopped G5 original compiler diagnostics	2026-10-07T16:45:16.8247486Z       "imports": [
verify	Recover stopped G5 original compiler diagnostics	2026-10-07T16:45:16.8247599Z         "G2CalendarPairSupport",
verify	Recover stopped G5 original compiler diagnostics	2026-10-07T16:45:16.8247698Z         "G2PairBirthThreshold",
verify	Recover stopped G5 original compiler diagnostics	2026-10-07T16:45:16.8247805Z         "G2AncestralPairSupport"
verify	Recover stopped G5 original compiler diagnostics	2026-10-07T16:45:16.8247890Z       ],
verify	Recover stopped G5 original compiler diagnostics	2026-10-07T16:45:16.8248056Z       "destination": "TimedG2/G2AncestralAgeCertificate.lean"
verify	Recover stopped G5 original compiler diagnostics	2026-10-07T16:45:16.8248137Z     },
verify	Recover stopped G5 original compiler diagnostics	2026-10-07T16:45:16.8248265Z     "G2ChronologicalTraceCompatibility": {
verify	Recover stopped G5 original compiler diagnostics	2026-10-07T16:45:16.8248713Z       "source": "research/2026-10-07-dot-g2-age-reader-source-preservation-0253z/sources/G2ChronologicalTraceCompatibility.lean",
verify	Recover stopped G5 original compiler diagnostics	2026-10-07T16:45:16.8248939Z       "sha256": "47ac354705e6df0bbbb081852abcd48e584514a473a91a129fa6d8a9dcd3a93b",
verify	Recover stopped G5 original compiler diagnostics	2026-10-07T16:45:16.8249327Z       "authority": "research/2026-10-07-dot-g2-age-reader-source-preservation-0253z/SOURCE-AND-DEPENDENCY-PINS.json",
verify	Recover stopped G5 original compiler diagnostics	2026-10-07T16:45:16.8249418Z       "imports": [
verify	Recover stopped G5 original compiler diagnostics	2026-10-07T16:45:16.8249530Z         "G2ChronologicalPathReadout"
verify	Recover stopped G5 original compiler diagnostics	2026-10-07T16:45:16.8249610Z       ],
verify	Recover stopped G5 original compiler diagnostics	2026-10-07T16:45:16.8249810Z       "destination": "TimedG2/G2ChronologicalTraceCompatibility.lean"
verify	Recover stopped G5 original compiler diagnostics	2026-10-07T16:45:16.8249893Z     },
verify	Recover stopped G5 original compiler diagnostics	2026-10-07T16:45:16.8249992Z     "G2CalendarFirstAge": {
verify	Recover stopped G5 original compiler diagnostics	2026-10-07T16:45:16.8250317Z       "source": "research/2026-10-07-dot-g2-calendar-first-age-binding-0745z/G2CalendarFirstAge.lean",
verify	Recover stopped G5 original compiler diagnostics	2026-10-07T16:45:16.8250543Z       "sha256": "8d81c7505e95e60d10663da000754a4757b57f2eba6fde23df94c05bd4b06e6f",
verify	Recover stopped G5 original compiler diagnostics	2026-10-07T16:45:16.8250891Z       "authority": "research/2026-10-07-dot-g2-calendar-first-age-binding-0745z/PUBLIC-SOURCE-CONTEXT.json",
verify	Recover stopped G5 original compiler diagnostics	2026-10-07T16:45:16.8250980Z       "imports": [
verify	Recover stopped G5 original compiler diagnostics	2026-10-07T16:45:16.8251090Z         "G2AncestralAgeCertificate",
verify	Recover stopped G5 original compiler diagnostics	2026-10-07T16:45:16.8251222Z         "G2ChronologicalTraceCompatibility"
verify	Recover stopped G5 original compiler diagnostics	2026-10-07T16:45:16.8251298Z       ],
verify	Recover stopped G5 original compiler diagnostics	2026-10-07T16:45:16.8251443Z       "destination": "TimedG2/G2CalendarFirstAge.lean"
verify	Recover stopped G5 original compiler diagnostics	2026-10-07T16:45:16.8251520Z     },
verify	Recover stopped G5 original compiler diagnostics	2026-10-07T16:45:16.8251686Z     "UnifiedLean.Source.SourceCrossCarrierNatural": {
verify	Recover stopped G5 original compiler diagnostics	2026-10-07T16:45:16.8252134Z       "source": "research/2026-10-04-dot-verified-lean-825-0203z/package/baseline/UnifiedLean/Source/SourceCrossCarrierNatural.lean",
verify	Recover stopped G5 original compiler diagnostics	2026-10-07T16:45:16.8252547Z       "sha256": "1d4c912aade4355a65b017b7fc02cee977cf0567728cd488c97c9a6de76c439c",
verify	Recover stopped G5 original compiler diagnostics	2026-10-07T16:45:16.8252656Z       "authority": "baseline",
verify	Recover stopped G5 original compiler diagnostics	2026-10-07T16:45:16.8252738Z       "imports": [
verify	Recover stopped G5 original compiler diagnostics	2026-10-07T16:45:16.8252899Z         "UnifiedLean.Source.SourceCrossCarrierProgram"
verify	Recover stopped G5 original compiler diagnostics	2026-10-07T16:45:16.8252975Z       ],
verify	Recover stopped G5 original compiler diagnostics	2026-10-07T16:45:16.8253188Z       "destination": "UnifiedLean/Source/SourceCrossCarrierNatural.lean"
verify	Recover stopped G5 original compiler diagnostics	2026-10-07T16:45:16.8253270Z     },
verify	Recover stopped G5 original compiler diagnostics	2026-10-07T16:45:16.8253451Z     "UnifiedLean.Source.SourceUnrankedCopyProjectivity": {
verify	Recover stopped G5 original compiler diagnostics	2026-10-07T16:45:16.8253921Z       "source": "research/2026-10-04-dot-verified-lean-825-0203z/package/baseline/UnifiedLean/Source/SourceUnrankedCopyProjectivity.lean",
verify	Recover stopped G5 original compiler diagnostics	2026-10-07T16:45:16.8254142Z       "sha256": "ef2c49cbbbd519616e29f5e213e4e0e267626423b6c951d794647d2095eab55d",
verify	Recover stopped G5 original compiler diagnostics	2026-10-07T16:45:16.8254242Z       "authority": "baseline",
verify	Recover stopped G5 original compiler diagnostics	2026-10-07T16:45:16.8254329Z       "imports": [
verify	Recover stopped G5 original compiler diagnostics	2026-10-07T16:45:16.8254487Z         "UnifiedLean.Source.SourceCrossCarrierNatural"
verify	Recover stopped G5 original compiler diagnostics	2026-10-07T16:45:16.8254570Z       ],
verify	Recover stopped G5 original compiler diagnostics	2026-10-07T16:45:16.8254905Z       "destination": "UnifiedLean/Source/SourceUnrankedCopyProjectivity.lean"
verify	Recover stopped G5 original compiler diagnostics	2026-10-07T16:45:16.8254989Z     },
verify	Recover stopped G5 original compiler diagnostics	2026-10-07T16:45:16.8255144Z     "UnifiedLean.Source.SourceUnrankedAllPanels": {
verify	Recover stopped G5 original compiler diagnostics	2026-10-07T16:45:16.8255579Z       "source": "research/2026-10-04-dot-verified-lean-825-0203z/package/baseline/UnifiedLean/Source/SourceUnrankedAllPanels.lean",
verify	Recover stopped G5 original compiler diagnostics	2026-10-07T16:45:16.8255803Z       "sha256": "4936fb211505d9c5961256ba4f1a4c63db0065c7c94ccadf3fcd67a320f270c3",
verify	Recover stopped G5 original compiler diagnostics	2026-10-07T16:45:16.8255903Z       "authority": "baseline",
verify	Recover stopped G5 original compiler diagnostics	2026-10-07T16:45:16.8255992Z       "imports": [
verify	Recover stopped G5 original compiler diagnostics	2026-10-07T16:45:16.8256167Z         "UnifiedLean.Source.SourceUnrankedCopyProjectivity"
verify	Recover stopped G5 original compiler diagnostics	2026-10-07T16:45:16.8256248Z       ],
verify	Recover stopped G5 original compiler diagnostics	2026-10-07T16:45:16.8256446Z       "destination": "UnifiedLean/Source/SourceUnrankedAllPanels.lean"
verify	Recover stopped G5 original compiler diagnostics	2026-10-07T16:45:16.8256529Z     },
verify	Recover stopped G5 original compiler diagnostics	2026-10-07T16:45:16.8256685Z     "UnifiedLean.Source.OriginalFixedIDControls": {
verify	Recover stopped G5 original compiler diagnostics	2026-10-07T16:45:16.8257238Z       "source": "research/2026-10-04-dot-verified-lean-825-0203z/package/baseline/UnifiedLean/Source/OriginalFixedIDControls.lean",
verify	Recover stopped G5 original compiler diagnostics	2026-10-07T16:45:16.8257482Z       "sha256": "5b32ee2edff84d6ef7c75549b55e7368380fcff9dbb3b0cd4397584746bb224d",
verify	Recover stopped G5 original compiler diagnostics	2026-10-07T16:45:16.8257579Z       "authority": "baseline",
verify	Recover stopped G5 original compiler diagnostics	2026-10-07T16:45:16.8257666Z       "imports": [
verify	Recover stopped G5 original compiler diagnostics	2026-10-07T16:45:16.8257813Z         "UnifiedLean.Source.SourceUnrankedAllPanels"
verify	Recover stopped G5 original compiler diagnostics	2026-10-07T16:45:16.8257893Z       ],
verify	Recover stopped G5 original compiler diagnostics	2026-10-07T16:45:16.8258087Z       "destination": "UnifiedLean/Source/OriginalFixedIDControls.lean"
verify	Recover stopped G5 original compiler diagnostics	2026-10-07T16:45:16.8258168Z     },
verify	Recover stopped G5 original compiler diagnostics	2026-10-07T16:45:16.8258383Z     "UnifiedLean.Source.ControlledUnrankedSourceProjectivity": {
verify	Recover stopped G5 original compiler diagnostics	2026-10-07T16:45:16.8258871Z       "source": "research/2026-10-04-dot-verified-lean-825-0203z/package/baseline/UnifiedLean/Source/ControlledUnrankedSourceProjectivity.lean",
verify	Recover stopped G5 original compiler diagnostics	2026-10-07T16:45:16.8259103Z       "sha256": "6ba2f40bd84c286a6281335b26e9e96efd20e10e6ab6cca5919ddbb7b8f2a5e5",
verify	Recover stopped G5 original compiler diagnostics	2026-10-07T16:45:16.8259201Z       "authority": "baseline",
verify	Recover stopped G5 original compiler diagnostics	2026-10-07T16:45:16.8259290Z       "imports": [
verify	Recover stopped G5 original compiler diagnostics	2026-10-07T16:45:16.8259441Z         "UnifiedLean.Source.OriginalFixedIDControls"
verify	Recover stopped G5 original compiler diagnostics	2026-10-07T16:45:16.8259523Z       ],
verify	Recover stopped G5 original compiler diagnostics	2026-10-07T16:45:16.8259773Z       "destination": "UnifiedLean/Source/ControlledUnrankedSourceProjectivity.lean"
verify	Recover stopped G5 original compiler diagnostics	2026-10-07T16:45:16.8259850Z     },
verify	Recover stopped G5 original compiler diagnostics	2026-10-07T16:45:16.8259966Z     "G2ControlledTraceAssembly": {
verify	Recover stopped G5 original compiler diagnostics	2026-10-07T16:45:16.8260403Z       "source": "research/2026-10-07-dot-g2-chronological-decoration-integration-0139z/sources/G2ControlledTraceAssembly.lean",
verify	Recover stopped G5 original compiler diagnostics	2026-10-07T16:45:16.8260633Z       "sha256": "f02391f465c303efda7b11c035ed43a3f0724e8ad48a76d027cdfbe19a57519d",
verify	Recover stopped G5 original compiler diagnostics	2026-10-07T16:45:16.8261052Z       "authority": "research/2026-10-07-dot-g2-chronological-decoration-integration-0139z/SOURCE-AND-DEPENDENCY-PINS.json",
verify	Recover stopped G5 original compiler diagnostics	2026-10-07T16:45:16.8261143Z       "imports": [
verify	Recover stopped G5 original compiler diagnostics	2026-10-07T16:45:16.8261260Z         "G2CompleteCalendarAttachment",
verify	Recover stopped G5 original compiler diagnostics	2026-10-07T16:45:16.8261594Z         "UnifiedLean.Source.ControlledUnrankedSourceProjectivity"
verify	Recover stopped G5 original compiler diagnostics	2026-10-07T16:45:16.8261676Z       ],
verify	Recover stopped G5 original compiler diagnostics	2026-10-07T16:45:16.8261842Z       "destination": "TimedG2/G2ControlledTraceAssembly.lean"
verify	Recover stopped G5 original compiler diagnostics	2026-10-07T16:45:16.8261924Z     },
verify	Recover stopped G5 original compiler diagnostics	2026-10-07T16:45:16.8262038Z     "G2RegisteredPathProjection": {
verify	Recover stopped G5 original compiler diagnostics	2026-10-07T16:45:16.8262457Z       "source": "research/2026-10-07-dot-g2-age-reader-source-preservation-0253z/sources/G2RegisteredPathProjection.lean",
verify	Recover stopped G5 original compiler diagnostics	2026-10-07T16:45:16.8262684Z       "sha256": "5ea9209452a8f97971e27c431e9dba9a1edfc68f0b517909c67b0b7609add092",
verify	Recover stopped G5 original compiler diagnostics	2026-10-07T16:45:16.8263072Z       "authority": "research/2026-10-07-dot-g2-age-reader-source-preservation-0253z/SOURCE-AND-DEPENDENCY-PINS.json",
verify	Recover stopped G5 original compiler diagnostics	2026-10-07T16:45:16.8263160Z       "imports": [
verify	Recover stopped G5 original compiler diagnostics	2026-10-07T16:45:16.8263270Z         "G2ControlledTraceAssembly",
verify	Recover stopped G5 original compiler diagnostics	2026-10-07T16:45:16.8263390Z         "G2ActualChronologicalPathLaw"
verify	Recover stopped G5 original compiler diagnostics	2026-10-07T16:45:16.8263467Z       ],
verify	Recover stopped G5 original compiler diagnostics	2026-10-07T16:45:16.8263642Z       "destination": "TimedG2/G2RegisteredPathProjection.lean"
verify	Recover stopped G5 original compiler diagnostics	2026-10-07T16:45:16.8263725Z     },
verify	Recover stopped G5 original compiler diagnostics	2026-10-07T16:45:16.8263830Z     "G2OriginalAbsoluteAges": {
verify	Recover stopped G5 original compiler diagnostics	2026-10-07T16:45:16.8264266Z       "source": "research/2026-10-07-dot-g2-complete-timed-support-0858z/G2OriginalAbsoluteAges.lean",
verify	Recover stopped G5 original compiler diagnostics	2026-10-07T16:45:16.8264493Z       "sha256": "59576fad762d0b49d55d476fedf48d4d900a6de69d6ef5bf4d009d00b936eb35",
verify	Recover stopped G5 original compiler diagnostics	2026-10-07T16:45:16.8264823Z       "authority": "research/2026-10-07-dot-g2-complete-timed-support-0858z/PUBLIC-SOURCE-CONTEXT.json",
verify	Recover stopped G5 original compiler diagnostics	2026-10-07T16:45:16.8264904Z       "imports": [
verify	Recover stopped G5 original compiler diagnostics	2026-10-07T16:45:16.8265004Z         "G2CalendarFirstAge",
verify	Recover stopped G5 original compiler diagnostics	2026-10-07T16:45:16.8265120Z         "G2RegisteredPathProjection"
verify	Recover stopped G5 original compiler diagnostics	2026-10-07T16:45:16.8265194Z       ],
verify	Recover stopped G5 original compiler diagnostics	2026-10-07T16:45:16.8265350Z       "destination": "TimedG2/G2OriginalAbsoluteAges.lean"
verify	Recover stopped G5 original compiler diagnostics	2026-10-07T16:45:16.8265426Z     },
verify	Recover stopped G5 original compiler diagnostics	2026-10-07T16:45:16.8265536Z     "G2JointTimedObservation": {
verify	Recover stopped G5 original compiler diagnostics	2026-10-07T16:45:16.8265977Z       "source": "research/2026-10-06-dot-timed-g2-partial-preservation-and-priority-0714z/sources/G2JointTimedObservation.lean",
verify	Recover stopped G5 original compiler diagnostics	2026-10-07T16:45:16.8266207Z       "sha256": "c79e7949d340af9c5a5878ba6420f163133dd7f399a2f75cbdb698e13878ca04",
verify	Recover stopped G5 original compiler diagnostics	2026-10-07T16:45:16.8266537Z       "authority": "research/2026-10-07-dot-g2-complete-timed-support-0858z/PUBLIC-SOURCE-CONTEXT.json",
verify	Recover stopped G5 original compiler diagnostics	2026-10-07T16:45:16.8266622Z       "imports": [
verify	Recover stopped G5 original compiler diagnostics	2026-10-07T16:45:16.8266729Z         "G2OriginalAbsoluteAges"
verify	Recover stopped G5 original compiler diagnostics	2026-10-07T16:45:16.8266805Z       ],
verify	Recover stopped G5 original compiler diagnostics	2026-10-07T16:45:16.8266966Z       "destination": "TimedG2/G2JointTimedObservation.lean"
verify	Recover stopped G5 original compiler diagnostics	2026-10-07T16:45:16.8267162Z     },
verify	Recover stopped G5 original compiler diagnostics	2026-10-07T16:45:16.8267270Z     "G2CompleteTimedSupport": {
verify	Recover stopped G5 original compiler diagnostics	2026-10-07T16:45:16.8267584Z       "source": "research/2026-10-07-dot-g2-complete-timed-support-0858z/G2CompleteTimedSupport.lean",
verify	Recover stopped G5 original compiler diagnostics	2026-10-07T16:45:16.8267813Z       "sha256": "169d7ce5aca559aec2016f8fe50a26629b2a24d94b135885d148f78e4cecb808",
verify	Recover stopped G5 original compiler diagnostics	2026-10-07T16:45:16.8268129Z       "authority": "research/2026-10-07-dot-g2-complete-timed-support-0858z/PUBLIC-SOURCE-CONTEXT.json",
verify	Recover stopped G5 original compiler diagnostics	2026-10-07T16:45:16.8268216Z       "imports": [
verify	Recover stopped G5 original compiler diagnostics	2026-10-07T16:45:16.8268327Z         "G2TimedBoundMeasurability",
verify	Recover stopped G5 original compiler diagnostics	2026-10-07T16:45:16.8268434Z         "G2JointTimedObservation"
verify	Recover stopped G5 original compiler diagnostics	2026-10-07T16:45:16.8268517Z       ],
verify	Recover stopped G5 original compiler diagnostics	2026-10-07T16:45:16.8268670Z       "destination": "TimedG2/G2CompleteTimedSupport.lean"
verify	Recover stopped G5 original compiler diagnostics	2026-10-07T16:45:16.8268751Z     },
verify	Recover stopped G5 original compiler diagnostics	2026-10-07T16:45:16.8268863Z     "G2TimedDecorationPruning": {
verify	Recover stopped G5 original compiler diagnostics	2026-10-07T16:45:16.8269310Z       "source": "research/2026-10-06-dot-timed-g2-partial-preservation-and-priority-0714z/sources/G2TimedDecorationPruning.lean",
verify	Recover stopped G5 original compiler diagnostics	2026-10-07T16:45:16.8269540Z       "sha256": "1cdef90418524400b3fed31ff6426afca569e1677331553972c8a8e66401e56d",
verify	Recover stopped G5 original compiler diagnostics	2026-10-07T16:45:16.8269930Z       "authority": "research/2026-10-07-dot-g2-timed-endpoint-ordinary-integration-0941z/PUBLIC-SOURCE-CONTEXT.json",
verify	Recover stopped G5 original compiler diagnostics	2026-10-07T16:45:16.8270019Z       "imports": [
verify	Recover stopped G5 original compiler diagnostics	2026-10-07T16:45:16.8270140Z         "G2FaithfulPairAgeDecoration"
verify	Recover stopped G5 original compiler diagnostics	2026-10-07T16:45:16.8270216Z       ],
verify	Recover stopped G5 original compiler diagnostics	2026-10-07T16:45:16.8270383Z       "destination": "TimedG2/G2TimedDecorationPruning.lean"
verify	Recover stopped G5 original compiler diagnostics	2026-10-07T16:45:16.8270590Z     },
verify	Recover stopped G5 original compiler diagnostics	2026-10-07T16:45:16.8270699Z     "G2ChronologicalPruning": {
verify	Recover stopped G5 original compiler diagnostics	2026-10-07T16:45:16.8271076Z       "source": "research/2026-10-07-dot-g2-timed-endpoint-ordinary-integration-0941z/G2ChronologicalPruning.lean",
verify	Recover stopped G5 original compiler diagnostics	2026-10-07T16:45:16.8271299Z       "sha256": "7fb5a717568ac5c709663585ea55e994a8b98ac6e424848356024a68149c98d8",
verify	Recover stopped G5 original compiler diagnostics	2026-10-07T16:45:16.8271699Z       "authority": "research/2026-10-07-dot-g2-timed-endpoint-ordinary-integration-0941z/PUBLIC-SOURCE-CONTEXT.json",
verify	Recover stopped G5 original compiler diagnostics	2026-10-07T16:45:16.8271803Z       "imports": [
verify	Recover stopped G5 original compiler diagnostics	2026-10-07T16:45:16.8271910Z         "G2CompleteTimedSupport",
verify	Recover stopped G5 original compiler diagnostics	2026-10-07T16:45:16.8272016Z         "G2TimedDecorationPruning"
verify	Recover stopped G5 original compiler diagnostics	2026-10-07T16:45:16.8272095Z       ],
verify	Recover stopped G5 original compiler diagnostics	2026-10-07T16:45:16.8272245Z       "destination": "TimedG2/G2ChronologicalPruning.lean"
verify	Recover stopped G5 original compiler diagnostics	2026-10-07T16:45:16.8272325Z     },
verify	Recover stopped G5 original compiler diagnostics	2026-10-07T16:45:16.8272437Z     "G2SourcePairMatrixReadout": {
verify	Recover stopped G5 original compiler diagnostics	2026-10-07T16:45:16.8272828Z       "source": "research/2026-10-07-dot-g2-timed-endpoint-ordinary-integration-0941z/G2SourcePairMatrixReadout.lean",
verify	Recover stopped G5 original compiler diagnostics	2026-10-07T16:45:16.8273059Z       "sha256": "d2323c4797ac682927ab2e4008b803d701fc5ce8963a4ae0a89f9649fa7cddce",
verify	Recover stopped G5 original compiler diagnostics	2026-10-07T16:45:16.8273549Z       "authority": "research/2026-10-07-dot-g2-timed-endpoint-ordinary-integration-0941z/PUBLIC-SOURCE-CONTEXT.json",
verify	Recover stopped G5 original compiler diagnostics	2026-10-07T16:45:16.8273637Z       "imports": [
verify	Recover stopped G5 original compiler diagnostics	2026-10-07T16:45:16.8273741Z         "G2ChronologicalPruning"
verify	Recover stopped G5 original compiler diagnostics	2026-10-07T16:45:16.8273824Z       ],
verify	Recover stopped G5 original compiler diagnostics	2026-10-07T16:45:16.8273990Z       "destination": "TimedG2/G2SourcePairMatrixReadout.lean"
verify	Recover stopped G5 original compiler diagnostics	2026-10-07T16:45:16.8274071Z     },
verify	Recover stopped G5 original compiler diagnostics	2026-10-07T16:45:16.8274181Z     "G2CompleteTerminalReadout": {
verify	Recover stopped G5 original compiler diagnostics	2026-10-07T16:45:16.8274567Z       "source": "research/2026-10-07-dot-g2-timed-endpoint-ordinary-integration-0941z/G2CompleteTerminalReadout.lean",
verify	Recover stopped G5 original compiler diagnostics	2026-10-07T16:45:16.8274786Z       "sha256": "f7235d98732b30f3041e15d076ceb07771bd5c33879b8755550e724e0f0dfab8",
verify	Recover stopped G5 original compiler diagnostics	2026-10-07T16:45:16.8275161Z       "authority": "research/2026-10-07-dot-g2-timed-endpoint-ordinary-integration-0941z/PUBLIC-SOURCE-CONTEXT.json",
verify	Recover stopped G5 original compiler diagnostics	2026-10-07T16:45:16.8275254Z       "imports": [
verify	Recover stopped G5 original compiler diagnostics	2026-10-07T16:45:16.8275365Z         "G2SourcePairMatrixReadout"
verify	Recover stopped G5 original compiler diagnostics	2026-10-07T16:45:16.8275444Z       ],
verify	Recover stopped G5 original compiler diagnostics	2026-10-07T16:45:16.8275612Z       "destination": "TimedG2/G2CompleteTerminalReadout.lean"
verify	Recover stopped G5 original compiler diagnostics	2026-10-07T16:45:16.8275687Z     },
verify	Recover stopped G5 original compiler diagnostics	2026-10-07T16:45:16.8275794Z     "G2FaithfulTimedOutput": {
verify	Recover stopped G5 original compiler diagnostics	2026-10-07T16:45:16.8276163Z       "source": "research/2026-10-07-dot-g2-timed-endpoint-ordinary-integration-0941z/G2FaithfulTimedOutput.lean",
verify	Recover stopped G5 original compiler diagnostics	2026-10-07T16:45:16.8276395Z       "sha256": "476e2ef1e3bc0d3d14871fdde32852a310f27a4b9b36673f3e864b5d87f282ac",
verify	Recover stopped G5 original compiler diagnostics	2026-10-07T16:45:16.8276774Z       "authority": "research/2026-10-07-dot-g2-timed-endpoint-ordinary-integration-0941z/PUBLIC-SOURCE-CONTEXT.json",
verify	Recover stopped G5 original compiler diagnostics	2026-10-07T16:45:16.8276864Z       "imports": [
verify	Recover stopped G5 original compiler diagnostics	2026-10-07T16:45:16.8277095Z         "G2CompleteTerminalReadout"
verify	Recover stopped G5 original compiler diagnostics	2026-10-07T16:45:16.8277173Z       ],
verify	Recover stopped G5 original compiler diagnostics	2026-10-07T16:45:16.8277330Z       "destination": "TimedG2/G2FaithfulTimedOutput.lean"
verify	Recover stopped G5 original compiler diagnostics	2026-10-07T16:45:16.8277409Z     },
verify	Recover stopped G5 original compiler diagnostics	2026-10-07T16:45:16.8277539Z     "G2LiteralTimedObservationPruning": {
verify	Recover stopped G5 original compiler diagnostics	2026-10-07T16:45:16.8277968Z       "source": "research/2026-10-07-dot-g2-timed-endpoint-ordinary-integration-0941z/G2LiteralTimedObservationPruning.lean",
verify	Recover stopped G5 original compiler diagnostics	2026-10-07T16:45:16.8278193Z       "sha256": "223224ab6002d510076d99da42a11f8ca1724d8266b0fc7a5cdd2d25628c31b7",
verify	Recover stopped G5 original compiler diagnostics	2026-10-07T16:45:16.8278572Z       "authority": "research/2026-10-07-dot-g2-timed-endpoint-ordinary-integration-0941z/PUBLIC-SOURCE-CONTEXT.json",
verify	Recover stopped G5 original compiler diagnostics	2026-10-07T16:45:16.8278656Z       "imports": [
verify	Recover stopped G5 original compiler diagnostics	2026-10-07T16:45:16.8278763Z         "G2FaithfulTimedOutput"
verify	Recover stopped G5 original compiler diagnostics	2026-10-07T16:45:16.8278840Z       ],
verify	Recover stopped G5 original compiler diagnostics	2026-10-07T16:45:16.8279042Z       "destination": "TimedG2/G2LiteralTimedObservationPruning.lean"
verify	Recover stopped G5 original compiler diagnostics	2026-10-07T16:45:16.8279118Z     },
verify	Recover stopped G5 original compiler diagnostics	2026-10-07T16:45:16.8279231Z     "G2ActualTimedAllPanelLaw": {
verify	Recover stopped G5 original compiler diagnostics	2026-10-07T16:45:16.8279616Z       "source": "research/2026-10-07-dot-g2-timed-endpoint-ordinary-integration-0941z/G2ActualTimedAllPanelLaw.lean",
verify	Recover stopped G5 original compiler diagnostics	2026-10-07T16:45:16.8279975Z       "sha256": "05ca8311eb01110a0d01d1f12ef6fe744fef51b21f1c3592e90bad3b08f6c376",
verify	Recover stopped G5 original compiler diagnostics	2026-10-07T16:45:16.8280359Z       "authority": "research/2026-10-07-dot-g2-timed-endpoint-ordinary-integration-0941z/PUBLIC-SOURCE-CONTEXT.json",
verify	Recover stopped G5 original compiler diagnostics	2026-10-07T16:45:16.8280448Z       "imports": [
verify	Recover stopped G5 original compiler diagnostics	2026-10-07T16:45:16.8280576Z         "G2LiteralTimedObservationPruning"
verify	Recover stopped G5 original compiler diagnostics	2026-10-07T16:45:16.8280657Z       ],
verify	Recover stopped G5 original compiler diagnostics	2026-10-07T16:45:16.8280819Z       "destination": "TimedG2/G2ActualTimedAllPanelLaw.lean"
verify	Recover stopped G5 original compiler diagnostics	2026-10-07T16:45:16.8280899Z     },
verify	Recover stopped G5 original compiler diagnostics	2026-10-07T16:45:16.8281020Z     "G5HiddenRegisterTimedProjectivity": {
verify	Recover stopped G5 original compiler diagnostics	2026-10-07T16:45:16.8281336Z       "source": "research/2026-10-07-astra-g5-m3-7e3b/sources/G5HiddenRegisterTimedProjectivity.lean",
verify	Recover stopped G5 original compiler diagnostics	2026-10-07T16:45:16.8281558Z       "sha256": "a7e8ae569fc51d2d0365394e4776ab83c254a488ea507d2b582367f625c4acc2",
verify	Recover stopped G5 original compiler diagnostics	2026-10-07T16:45:16.8281662Z       "authority": "G5 assignment",
verify	Recover stopped G5 original compiler diagnostics	2026-10-07T16:45:16.8281746Z       "imports": [
verify	Recover stopped G5 original compiler diagnostics	2026-10-07T16:45:16.8281858Z         "G2ActualTimedAllPanelLaw"
verify	Recover stopped G5 original compiler diagnostics	2026-10-07T16:45:16.8281944Z       ],
verify	Recover stopped G5 original compiler diagnostics	2026-10-07T16:45:16.8282142Z       "destination": "CloudG5/G5HiddenRegisterTimedProjectivity.lean"
verify	Recover stopped G5 original compiler diagnostics	2026-10-07T16:45:16.8282337Z     },
verify	Recover stopped G5 original compiler diagnostics	2026-10-07T16:45:16.8282457Z     "G5FrozenTriplePolynomialKernel": {
verify	Recover stopped G5 original compiler diagnostics	2026-10-07T16:45:16.8282750Z       "source": "research/2026-10-07-codex-g5-lean/sources/G5FrozenTriplePolynomialKernel.lean",
verify	Recover stopped G5 original compiler diagnostics	2026-10-07T16:45:16.8282976Z       "sha256": "ba0c611a563318de5d2310b6620cae0899c77b9ead6cf690efd82af926c746a4",
verify	Recover stopped G5 original compiler diagnostics	2026-10-07T16:45:16.8283078Z       "authority": "G5 assignment",
verify	Recover stopped G5 original compiler diagnostics	2026-10-07T16:45:16.8283166Z       "imports": [
verify	Recover stopped G5 original compiler diagnostics	2026-10-07T16:45:16.8283303Z         "Mathlib.Analysis.SpecialFunctions.Exp",
verify	Recover stopped G5 original compiler diagnostics	2026-10-07T16:45:16.8283411Z         "Mathlib.Tactic.FinCases",
verify	Recover stopped G5 original compiler diagnostics	2026-10-07T16:45:16.8283510Z         "Mathlib.Tactic.NormNum",
verify	Recover stopped G5 original compiler diagnostics	2026-10-07T16:45:16.8283616Z         "Mathlib.Tactic.FunProp",
verify	Recover stopped G5 original compiler diagnostics	2026-10-07T16:45:16.8283723Z         "Mathlib.Tactic.Positivity",
verify	Recover stopped G5 original compiler diagnostics	2026-10-07T16:45:16.8283830Z         "Mathlib.Tactic.Ring"
verify	Recover stopped G5 original compiler diagnostics	2026-10-07T16:45:16.8283914Z       ],
verify	Recover stopped G5 original compiler diagnostics	2026-10-07T16:45:16.8284102Z       "destination": "CloudG5/G5FrozenTriplePolynomialKernel.lean"
verify	Recover stopped G5 original compiler diagnostics	2026-10-07T16:45:16.8284186Z     },
verify	Recover stopped G5 original compiler diagnostics	2026-10-07T16:45:16.8284309Z     "G5FrozenTripleAnalyticSupport": {
verify	Recover stopped G5 original compiler diagnostics	2026-10-07T16:45:16.8284651Z       "source": "research/2026-10-07-cloud-g5-sol-ultra-1557z/sources/G5FrozenTripleAnalyticSupport.lean",
verify	Recover stopped G5 original compiler diagnostics	2026-10-07T16:45:16.8284870Z       "sha256": "87679f3b02566a44efd25b3d275af458716c015b346e02bd9d513093e5787f4c",
verify	Recover stopped G5 original compiler diagnostics	2026-10-07T16:45:16.8284976Z       "authority": "G5 assignment",
verify	Recover stopped G5 original compiler diagnostics	2026-10-07T16:45:16.8285059Z       "imports": [
verify	Recover stopped G5 original compiler diagnostics	2026-10-07T16:45:16.8285184Z         "G5FrozenTriplePolynomialKernel",
verify	Recover stopped G5 original compiler diagnostics	2026-10-07T16:45:16.8285287Z         "G5UnknownRateSupport"
verify	Recover stopped G5 original compiler diagnostics	2026-10-07T16:45:16.8285364Z       ],
verify	Recover stopped G5 original compiler diagnostics	2026-10-07T16:45:16.8285547Z       "destination": "CloudG5/G5FrozenTripleAnalyticSupport.lean"
verify	Recover stopped G5 original compiler diagnostics	2026-10-07T16:45:16.8285623Z     }
verify	Recover stopped G5 original compiler diagnostics	2026-10-07T16:45:16.8285700Z   },
verify	Recover stopped G5 original compiler diagnostics	2026-10-07T16:45:16.8285789Z   "external_roots": [
verify	Recover stopped G5 original compiler diagnostics	2026-10-07T16:45:16.8285897Z     "Lean.Elab.Tactic.Omega",
verify	Recover stopped G5 original compiler diagnostics	2026-10-07T16:45:16.8286025Z     "Mathlib.Algebra.BigOperators.Field",
verify	Recover stopped G5 original compiler diagnostics	2026-10-07T16:45:16.8286143Z     "Mathlib.Algebra.BigOperators.Fin",
verify	Recover stopped G5 original compiler diagnostics	2026-10-07T16:45:16.8286293Z     "Mathlib.Algebra.BigOperators.Finsupp.Basic",
verify	Recover stopped G5 original compiler diagnostics	2026-10-07T16:45:16.8286459Z     "Mathlib.Algebra.BigOperators.Group.Finset.Basic",
verify	Recover stopped G5 original compiler diagnostics	2026-10-07T16:45:16.8286621Z     "Mathlib.Algebra.BigOperators.Group.Finset.Sigma",
verify	Recover stopped G5 original compiler diagnostics	2026-10-07T16:45:16.8286791Z     "Mathlib.Algebra.BigOperators.GroupWithZero.Finset",
verify	Recover stopped G5 original compiler diagnostics	2026-10-07T16:45:16.8286940Z     "Mathlib.Algebra.BigOperators.Ring.Finset",
verify	Recover stopped G5 original compiler diagnostics	2026-10-07T16:45:16.8287251Z     "Mathlib.Algebra.Order.BigOperators.Group.Finset",
verify	Recover stopped G5 original compiler diagnostics	2026-10-07T16:45:16.8287458Z     "Mathlib.Algebra.Order.BigOperators.GroupWithZero.Finset",
verify	Recover stopped G5 original compiler diagnostics	2026-10-07T16:45:16.8287630Z     "Mathlib.Analysis.Normed.Algebra.MatrixExponential",
verify	Recover stopped G5 original compiler diagnostics	2026-10-07T16:45:16.8287787Z     "Mathlib.Analysis.Normed.Module.FiniteDimension",
verify	Recover stopped G5 original compiler diagnostics	2026-10-07T16:45:16.8287922Z     "Mathlib.Analysis.SpecialFunctions.Exp",
verify	Recover stopped G5 original compiler diagnostics	2026-10-07T16:45:16.8288077Z     "Mathlib.Analysis.SpecialFunctions.Exponential",
verify	Recover stopped G5 original compiler diagnostics	2026-10-07T16:45:16.8288359Z     "Mathlib.Analysis.SpecialFunctions.Log.Basic",
verify	Recover stopped G5 original compiler diagnostics	2026-10-07T16:45:16.8288489Z     "Mathlib.Analysis.SpecificLimits.Basic",
verify	Recover stopped G5 original compiler diagnostics	2026-10-07T16:45:16.8288616Z     "Mathlib.Data.ENNReal.BigOperators",
verify	Recover stopped G5 original compiler diagnostics	2026-10-07T16:45:16.8288728Z     "Mathlib.Data.Fin.Tuple.Basic",
verify	Recover stopped G5 original compiler diagnostics	2026-10-07T16:45:16.8288834Z     "Mathlib.Data.Finset.Card",
verify	Recover stopped G5 original compiler diagnostics	2026-10-07T16:45:16.8288941Z     "Mathlib.Data.Finset.Max",
verify	Recover stopped G5 original compiler diagnostics	2026-10-07T16:45:16.8289044Z     "Mathlib.Data.Finset.Prod",
verify	Recover stopped G5 original compiler diagnostics	2026-10-07T16:45:16.8289148Z     "Mathlib.Data.Finset.Sort",
verify	Recover stopped G5 original compiler diagnostics	2026-10-07T16:45:16.8289253Z     "Mathlib.Data.Finset.Union",
verify	Recover stopped G5 original compiler diagnostics	2026-10-07T16:45:16.8289369Z     "Mathlib.Data.Fintype.Basic",
verify	Recover stopped G5 original compiler diagnostics	2026-10-07T16:45:16.8289493Z     "Mathlib.Data.Fintype.BigOperators",
verify	Recover stopped G5 original compiler diagnostics	2026-10-07T16:45:16.8289599Z     "Mathlib.Data.Fintype.Card",
verify	Recover stopped G5 original compiler diagnostics	2026-10-07T16:45:16.8289713Z     "Mathlib.Data.Fintype.EquivFin",
verify	Recover stopped G5 original compiler diagnostics	2026-10-07T16:45:16.8289823Z     "Mathlib.Data.Fintype.Powerset",
verify	Recover stopped G5 original compiler diagnostics	2026-10-07T16:45:16.8289932Z     "Mathlib.Data.Fintype.Sum",
verify	Recover stopped G5 original compiler diagnostics	2026-10-07T16:45:16.8290035Z     "Mathlib.Data.List.OfFn",
verify	Recover stopped G5 original compiler diagnostics	2026-10-07T16:45:16.8290147Z     "Mathlib.Data.Nat.Choose.Basic",
verify	Recover stopped G5 original compiler diagnostics	2026-10-07T16:45:16.8290255Z     "Mathlib.Data.Rat.BigOperators",
verify	Recover stopped G5 original compiler diagnostics	2026-10-07T16:45:16.8290475Z     "Mathlib.Data.Rat.Lemmas",
verify	Recover stopped G5 original compiler diagnostics	2026-10-07T16:45:16.8290578Z     "Mathlib.Data.Real.Basic",
verify	Recover stopped G5 original compiler diagnostics	2026-10-07T16:45:16.8290697Z     "Mathlib.LinearAlgebra.Vandermonde",
verify	Recover stopped G5 original compiler diagnostics	2026-10-07T16:45:16.8290800Z     "Mathlib.Logic.Relation",
verify	Recover stopped G5 original compiler diagnostics	2026-10-07T16:45:16.8291007Z     "Mathlib.MeasureTheory.Constructions.BorelSpace.Metrizable",
verify	Recover stopped G5 original compiler diagnostics	2026-10-07T16:45:16.8291197Z     "Mathlib.MeasureTheory.Constructions.BorelSpace.Order",
verify	Recover stopped G5 original compiler diagnostics	2026-10-07T16:45:16.8291376Z     "Mathlib.MeasureTheory.Constructions.BorelSpace.Real",
verify	Recover stopped G5 original compiler diagnostics	2026-10-07T16:45:16.8291515Z     "Mathlib.MeasureTheory.Constructions.Pi",
verify	Recover stopped G5 original compiler diagnostics	2026-10-07T16:45:16.8291677Z     "Mathlib.MeasureTheory.Constructions.Projective",
verify	Recover stopped G5 original compiler diagnostics	2026-10-07T16:45:16.8291830Z     "Mathlib.MeasureTheory.Integral.Bochner.Basic",
verify	Recover stopped G5 original compiler diagnostics	2026-10-07T16:45:16.8292068Z     "Mathlib.MeasureTheory.Integral.IntervalIntegral.FundThmCalculus",
verify	Recover stopped G5 original compiler diagnostics	2026-10-07T16:45:16.8292241Z     "Mathlib.MeasureTheory.Integral.Lebesgue.Countable",
verify	Recover stopped G5 original compiler diagnostics	2026-10-07T16:45:16.8292462Z     "Mathlib.MeasureTheory.Integral.Lebesgue.DominatedConvergence",
verify	Recover stopped G5 original compiler diagnostics	2026-10-07T16:45:16.8292615Z     "Mathlib.MeasureTheory.Integral.Lebesgue.Map",
verify	Recover stopped G5 original compiler diagnostics	2026-10-07T16:45:16.8292745Z     "Mathlib.MeasureTheory.Integral.Prod",
verify	Recover stopped G5 original compiler diagnostics	2026-10-07T16:45:16.8292891Z     "Mathlib.MeasureTheory.MeasurableSpace.Pi",
verify	Recover stopped G5 original compiler diagnostics	2026-10-07T16:45:16.8293011Z     "Mathlib.MeasureTheory.Measure.Prod",
verify	Recover stopped G5 original compiler diagnostics	2026-10-07T16:45:16.8293145Z     "Mathlib.MeasureTheory.Measure.Restrict",
verify	Recover stopped G5 original compiler diagnostics	2026-10-07T16:45:16.8293291Z     "Mathlib.Probability.Distributions.Bernoulli",
verify	Recover stopped G5 original compiler diagnostics	2026-10-07T16:45:16.8293452Z     "Mathlib.Probability.Distributions.Exponential",
verify	Recover stopped G5 original compiler diagnostics	2026-10-07T16:45:16.8293613Z     "Mathlib.Probability.Distributions.Poisson.Basic",
verify	Recover stopped G5 original compiler diagnostics	2026-10-07T16:45:16.8293761Z     "Mathlib.Probability.Distributions.Uniform",
verify	Recover stopped G5 original compiler diagnostics	2026-10-07T16:45:16.8293897Z     "Mathlib.Probability.Independence.Basic",
verify	Recover stopped G5 original compiler diagnostics	2026-10-07T16:45:16.8294103Z     "Mathlib.Probability.ProbabilityMassFunction.Constructions",
verify	Recover stopped G5 original compiler diagnostics	2026-10-07T16:45:16.8294300Z     "Mathlib.Probability.ProbabilityMassFunction.Integrals",
verify	Recover stopped G5 original compiler diagnostics	2026-10-07T16:45:16.8294391Z     "Mathlib.Tactic",
verify	Recover stopped G5 original compiler diagnostics	2026-10-07T16:45:16.8294502Z     "Mathlib.Tactic.FinCases",
verify	Recover stopped G5 original compiler diagnostics	2026-10-07T16:45:16.8294604Z     "Mathlib.Tactic.FunProp",
verify	Recover stopped G5 original compiler diagnostics	2026-10-07T16:45:16.8294708Z     "Mathlib.Tactic.Linarith",
verify	Recover stopped G5 original compiler diagnostics	2026-10-07T16:45:16.8294809Z     "Mathlib.Tactic.NormNum",
verify	Recover stopped G5 original compiler diagnostics	2026-10-07T16:45:16.8294916Z     "Mathlib.Tactic.Positivity",
verify	Recover stopped G5 original compiler diagnostics	2026-10-07T16:45:16.8295015Z     "Mathlib.Tactic.Ring"
verify	Recover stopped G5 original compiler diagnostics	2026-10-07T16:45:16.8295090Z   ],
verify	Recover stopped G5 original compiler diagnostics	2026-10-07T16:45:16.8295406Z   "scope": "Authenticated source selection only; compilation and complete audits are separate."
verify	Recover stopped G5 original compiler diagnostics	2026-10-07T16:45:16.8295482Z }
verify	Recover stopped G5 original compiler diagnostics	2026-10-07T16:45:16.8295492Z 
verify	Recover stopped G5 original compiler diagnostics	2026-10-07T16:45:16.8298444Z G5_ORIGINAL_RETRIEVAL {"source_run": 37650073193, "source_commit": "a5a80af1dedc53ff060f8d521b50596851261cd4", "artifact_id": 11496078569, "reported_artifact_zip_sha256": "439aac618c7896cd34a9b5365e8a9553a5389e451e527368c24e341ac7d20f12", "expected_failed_stdout_sha256": "34de6290607f742b7e7e67716ddf0a40bace5fcd605fcedac473905952442717", "start": "2026-10-07T16:45:13.247188+00:00", "command": ["gh", "run", "download", "37650073193", "--repo", "Sodelin/Research-Commons", "--name", "cloud-g5-37650073193", "--dir", "/home/runner/work/_temp/g6-cloud-build/g6-evidence/stopped-g5-original/artifact"], "retrieval_exit": 0, "diagnostic_found": true, "observed_failed_stdout_sha256": "34de6290607f742b7e7e67716ddf0a40bace5fcd605fcedac473905952442717", "original_hash_matches": true, "end": "2026-10-07T16:45:16.711835+00:00"}
verify	Verify G6 frozen sources serially	﻿2026-10-07T16:45:16.8329630Z ##[group]Run bash "$RUNNER_TEMP/research-commons/research/2026-10-07-cloud-g6-sol-ultra-1601z/verification/verify.sh"
verify	Verify G6 frozen sources serially	2026-10-07T16:45:16.8330052Z [36;1mbash "$RUNNER_TEMP/research-commons/research/2026-10-07-cloud-g6-sol-ultra-1601z/verification/verify.sh"[0m
verify	Verify G6 frozen sources serially	2026-10-07T16:45:16.8391953Z shell: /usr/bin/bash -e {0}
verify	Verify G6 frozen sources serially	2026-10-07T16:45:16.8392049Z ##[endgroup]
verify	Verify G6 frozen sources serially	2026-10-07T16:45:51.8383425Z info: toolchain not updated; already up-to-date
verify	Verify G6 frozen sources serially	2026-10-07T16:45:52.5382020Z info: plausible: cloning https://github.com/leanprover-community/plausible
verify	Verify G6 frozen sources serially	2026-10-07T16:45:52.9092979Z info: plausible: checking out revision 'b7eb3304aeae834b12dda98993a37f6a41f6f0bb'
verify	Verify G6 frozen sources serially	2026-10-07T16:45:52.9225645Z info: LeanSearchClient: cloning https://github.com/leanprover-community/LeanSearchClient
verify	Verify G6 frozen sources serially	2026-10-07T16:45:53.4191328Z info: LeanSearchClient: checking out revision '5f4d51b81cbd3f6b32b156bfad9056621a040404'
verify	Verify G6 frozen sources serially	2026-10-07T16:45:53.4310254Z info: importGraph: cloning https://github.com/leanprover-community/import-graph
verify	Verify G6 frozen sources serially	2026-10-07T16:45:53.8480951Z info: importGraph: checking out revision '16f02aa7642864af59f1ff0e384a015994db9118'
verify	Verify G6 frozen sources serially	2026-10-07T16:45:53.8652189Z info: proofwidgets: cloning https://github.com/leanprover-community/ProofWidgets4
verify	Verify G6 frozen sources serially	2026-10-07T16:45:59.5151923Z info: proofwidgets: checking out revision '4be2e3d5087eeb272cf5a8853b8f9dd025ef5957'
verify	Verify G6 frozen sources serially	2026-10-07T16:46:00.1777896Z info: aesop: cloning https://github.com/leanprover-community/aesop
verify	Verify G6 frozen sources serially	2026-10-07T16:46:00.9362782Z info: aesop: checking out revision '3448c0bcc5ce01b2d1546e483ec3620e32df3d0e'
verify	Verify G6 frozen sources serially	2026-10-07T16:46:00.9541345Z info: Qq: cloning https://github.com/leanprover-community/quote4
verify	Verify G6 frozen sources serially	2026-10-07T16:46:01.3394643Z info: Qq: checking out revision '92c15be17b7caf78c2ad767ec40f89052d908d81'
verify	Verify G6 frozen sources serially	2026-10-07T16:46:01.3518064Z info: batteries: cloning https://github.com/leanprover-community/batteries
verify	Verify G6 frozen sources serially	2026-10-07T16:46:03.8979002Z info: batteries: checking out revision '4488d40d070b9700d4d5a6aa342f0d40c31b2a2d'
verify	Verify G6 frozen sources serially	2026-10-07T16:46:03.9338107Z info: Cli: cloning https://github.com/leanprover/lean4-cli
verify	Verify G6 frozen sources serially	2026-10-07T16:46:04.3002238Z info: Cli: checking out revision '6130a47896ce867c6a4a55373441e59e565bad0f'
verify	Verify G6 frozen sources serially	2026-10-07T16:46:04.3135735Z info: mathlib: running post-update hooks
verify	Verify G6 frozen sources serially	2026-10-07T16:46:04.3702005Z {"version": "1.2.0",
verify	Verify G6 frozen sources serially	2026-10-07T16:46:04.3702598Z  "packagesDir": ".lake/packages",
verify	Verify G6 frozen sources serially	2026-10-07T16:46:04.3703137Z  "packages":
verify	Verify G6 frozen sources serially	2026-10-07T16:46:04.3703711Z  [{"type": "path",
verify	Verify G6 frozen sources serially	2026-10-07T16:46:04.3704156Z    "scope": "",
verify	Verify G6 frozen sources serially	2026-10-07T16:46:04.3704608Z    "name": "mathlib",
verify	Verify G6 frozen sources serially	2026-10-07T16:46:04.3705065Z    "manifestFile": "lake-manifest.json",
verify	Verify G6 frozen sources serially	2026-10-07T16:46:04.3705589Z    "inherited": false,
verify	Verify G6 frozen sources serially	2026-10-07T16:46:04.3706007Z    "dir": "deps/mathlib",
verify	Verify G6 frozen sources serially	2026-10-07T16:46:04.3706470Z    "configFile": "lakefile.lean"},
verify	Verify G6 frozen sources serially	2026-10-07T16:46:04.3707431Z   {"url": "https://github.com/leanprover-community/plausible",
verify	Verify G6 frozen sources serially	2026-10-07T16:46:04.3708200Z    "type": "git",
verify	Verify G6 frozen sources serially	2026-10-07T16:46:04.3708631Z    "subDir": null,
verify	Verify G6 frozen sources serially	2026-10-07T16:46:04.3709071Z    "scope": "leanprover-community",
verify	Verify G6 frozen sources serially	2026-10-07T16:46:04.3709681Z    "rev": "b7eb3304aeae834b12dda98993a37f6a41f6f0bb",
verify	Verify G6 frozen sources serially	2026-10-07T16:46:04.3710319Z    "name": "plausible",
verify	Verify G6 frozen sources serially	2026-10-07T16:46:04.3710804Z    "manifestFile": "lake-manifest.json",
verify	Verify G6 frozen sources serially	2026-10-07T16:46:04.3711358Z    "inputRev": "main",
verify	Verify G6 frozen sources serially	2026-10-07T16:46:04.3711792Z    "inherited": true,
verify	Verify G6 frozen sources serially	2026-10-07T16:46:04.3712244Z    "configFile": "lakefile.toml"},
verify	Verify G6 frozen sources serially	2026-10-07T16:46:04.3712956Z   {"url": "https://github.com/leanprover-community/LeanSearchClient",
verify	Verify G6 frozen sources serially	2026-10-07T16:46:04.3714090Z    "type": "git",
verify	Verify G6 frozen sources serially	2026-10-07T16:46:04.3714488Z    "subDir": null,
verify	Verify G6 frozen sources serially	2026-10-07T16:46:04.3714885Z    "scope": "leanprover-community",
verify	Verify G6 frozen sources serially	2026-10-07T16:46:04.3715389Z    "rev": "5f4d51b81cbd3f6b32b156bfad9056621a040404",
verify	Verify G6 frozen sources serially	2026-10-07T16:46:04.3715911Z    "name": "LeanSearchClient",
verify	Verify G6 frozen sources serially	2026-10-07T16:46:04.3716351Z    "manifestFile": "lake-manifest.json",
verify	Verify G6 frozen sources serially	2026-10-07T16:46:04.3716809Z    "inputRev": "main",
verify	Verify G6 frozen sources serially	2026-10-07T16:46:04.3717385Z    "inherited": true,
verify	Verify G6 frozen sources serially	2026-10-07T16:46:04.3717769Z    "configFile": "lakefile.toml"},
verify	Verify G6 frozen sources serially	2026-10-07T16:46:04.3718349Z   {"url": "https://github.com/leanprover-community/import-graph",
verify	Verify G6 frozen sources serially	2026-10-07T16:46:04.3719003Z    "type": "git",
verify	Verify G6 frozen sources serially	2026-10-07T16:46:04.3719205Z    "subDir": null,
verify	Verify G6 frozen sources serially	2026-10-07T16:46:04.3719426Z    "scope": "leanprover-community",
verify	Verify G6 frozen sources serially	2026-10-07T16:46:04.3719716Z    "rev": "16f02aa7642864af59f1ff0e384a015994db9118",
verify	Verify G6 frozen sources serially	2026-10-07T16:46:04.3720007Z    "name": "importGraph",
verify	Verify G6 frozen sources serially	2026-10-07T16:46:04.3720255Z    "manifestFile": "lake-manifest.json",
verify	Verify G6 frozen sources serially	2026-10-07T16:46:04.3720516Z    "inputRev": "main",
verify	Verify G6 frozen sources serially	2026-10-07T16:46:04.3720727Z    "inherited": true,
verify	Verify G6 frozen sources serially	2026-10-07T16:46:04.3720940Z    "configFile": "lakefile.toml"},
verify	Verify G6 frozen sources serially	2026-10-07T16:46:04.3721308Z   {"url": "https://github.com/leanprover-community/ProofWidgets4",
verify	Verify G6 frozen sources serially	2026-10-07T16:46:04.3721648Z    "type": "git",
verify	Verify G6 frozen sources serially	2026-10-07T16:46:04.3721848Z    "subDir": null,
verify	Verify G6 frozen sources serially	2026-10-07T16:46:04.3722058Z    "scope": "leanprover-community",
verify	Verify G6 frozen sources serially	2026-10-07T16:46:04.3722344Z    "rev": "4be2e3d5087eeb272cf5a8853b8f9dd025ef5957",
verify	Verify G6 frozen sources serially	2026-10-07T16:46:04.3722636Z    "name": "proofwidgets",
verify	Verify G6 frozen sources serially	2026-10-07T16:46:04.3722876Z    "manifestFile": "lake-manifest.json",
verify	Verify G6 frozen sources serially	2026-10-07T16:46:04.3723143Z    "inputRev": "main",
verify	Verify G6 frozen sources serially	2026-10-07T16:46:04.3723350Z    "inherited": true,
verify	Verify G6 frozen sources serially	2026-10-07T16:46:04.3723575Z    "configFile": "lakefile.lean"},
verify	Verify G6 frozen sources serially	2026-10-07T16:46:04.3723871Z   {"url": "https://github.com/leanprover-community/aesop",
verify	Verify G6 frozen sources serially	2026-10-07T16:46:04.3724194Z    "type": "git",
verify	Verify G6 frozen sources serially	2026-10-07T16:46:04.3724386Z    "subDir": null,
verify	Verify G6 frozen sources serially	2026-10-07T16:46:04.3724602Z    "scope": "leanprover-community",
verify	Verify G6 frozen sources serially	2026-10-07T16:46:04.3724899Z    "rev": "3448c0bcc5ce01b2d1546e483ec3620e32df3d0e",
verify	Verify G6 frozen sources serially	2026-10-07T16:46:04.3725182Z    "name": "aesop",
verify	Verify G6 frozen sources serially	2026-10-07T16:46:04.3725400Z    "manifestFile": "lake-manifest.json",
verify	Verify G6 frozen sources serially	2026-10-07T16:46:04.3725667Z    "inputRev": "master",
verify	Verify G6 frozen sources serially	2026-10-07T16:46:04.3725885Z    "inherited": true,
verify	Verify G6 frozen sources serially	2026-10-07T16:46:04.3726101Z    "configFile": "lakefile.toml"},
verify	Verify G6 frozen sources serially	2026-10-07T16:46:04.3726411Z   {"url": "https://github.com/leanprover-community/quote4",
verify	Verify G6 frozen sources serially	2026-10-07T16:46:04.3726725Z    "type": "git",
verify	Verify G6 frozen sources serially	2026-10-07T16:46:04.3726916Z    "subDir": null,
verify	Verify G6 frozen sources serially	2026-10-07T16:46:04.3727459Z    "scope": "leanprover-community",
verify	Verify G6 frozen sources serially	2026-10-07T16:46:04.3727820Z    "rev": "92c15be17b7caf78c2ad767ec40f89052d908d81",
verify	Verify G6 frozen sources serially	2026-10-07T16:46:04.3728099Z    "name": "Qq",
verify	Verify G6 frozen sources serially	2026-10-07T16:46:04.3728316Z    "manifestFile": "lake-manifest.json",
verify	Verify G6 frozen sources serially	2026-10-07T16:46:04.3728579Z    "inputRev": "master",
verify	Verify G6 frozen sources serially	2026-10-07T16:46:04.3728792Z    "inherited": true,
verify	Verify G6 frozen sources serially	2026-10-07T16:46:04.3729007Z    "configFile": "lakefile.toml"},
verify	Verify G6 frozen sources serially	2026-10-07T16:46:04.3729328Z   {"url": "https://github.com/leanprover-community/batteries",
verify	Verify G6 frozen sources serially	2026-10-07T16:46:04.3729655Z    "type": "git",
verify	Verify G6 frozen sources serially	2026-10-07T16:46:04.3729848Z    "subDir": null,
verify	Verify G6 frozen sources serially	2026-10-07T16:46:04.3730064Z    "scope": "leanprover-community",
verify	Verify G6 frozen sources serially	2026-10-07T16:46:04.3730345Z    "rev": "4488d40d070b9700d4d5a6aa342f0d40c31b2a2d",
verify	Verify G6 frozen sources serially	2026-10-07T16:46:04.3730630Z    "name": "batteries",
verify	Verify G6 frozen sources serially	2026-10-07T16:46:04.3730862Z    "manifestFile": "lake-manifest.json",
verify	Verify G6 frozen sources serially	2026-10-07T16:46:04.3731126Z    "inputRev": "main",
verify	Verify G6 frozen sources serially	2026-10-07T16:46:04.3731334Z    "inherited": true,
verify	Verify G6 frozen sources serially	2026-10-07T16:46:04.3731550Z    "configFile": "lakefile.toml"},
verify	Verify G6 frozen sources serially	2026-10-07T16:46:04.3731840Z   {"url": "https://github.com/leanprover/lean4-cli",
verify	Verify G6 frozen sources serially	2026-10-07T16:46:04.3732131Z    "type": "git",
verify	Verify G6 frozen sources serially	2026-10-07T16:46:04.3732324Z    "subDir": null,
verify	Verify G6 frozen sources serially	2026-10-07T16:46:04.3732525Z    "scope": "leanprover",
verify	Verify G6 frozen sources serially	2026-10-07T16:46:04.3732774Z    "rev": "6130a47896ce867c6a4a55373441e59e565bad0f",
verify	Verify G6 frozen sources serially	2026-10-07T16:46:04.3733054Z    "name": "Cli",
verify	Verify G6 frozen sources serially	2026-10-07T16:46:04.3733263Z    "manifestFile": "lake-manifest.json",
verify	Verify G6 frozen sources serially	2026-10-07T16:46:04.3733694Z    "inputRev": "v4.33.0",
verify	Verify G6 frozen sources serially	2026-10-07T16:46:04.3733907Z    "inherited": true,
verify	Verify G6 frozen sources serially	2026-10-07T16:46:04.3734116Z    "configFile": "lakefile.toml"}],
verify	Verify G6 frozen sources serially	2026-10-07T16:46:04.3734366Z  "name": "unifiedLean",
verify	Verify G6 frozen sources serially	2026-10-07T16:46:04.3734571Z  "lakeDir": ".lake",
verify	Verify G6 frozen sources serially	2026-10-07T16:46:04.3734777Z  "fixedToolchain": false}
verify	Verify G6 frozen sources serially	2026-10-07T16:46:04.4798236Z G6_INPUTS {"source_commit": "eac8195827c1f8075f6946fc160634ec440b0d02", "targets": ["UnifiedLean.G6.FiniteProbability", "UnifiedLean.G6.Conditioning", "UnifiedLean.G6.SourcePrefix", "UnifiedLean.G6.ProgramPrefix", "UnifiedLean.G6.TaylorCertificate", "G3ApproximateMomentBarrier"], "modules": {"UnifiedLean.G6.FiniteProbability": {"path": "UnifiedLean/G6/FiniteProbability.lean", "sha256": "9a2bd3035539406b5ee5fafa08c7dca3d5bddbcbbbe1156d328ada81a37ba1c3", "imports": ["Mathlib.Probability.ProbabilityMassFunction.Constructions", "Mathlib.Tactic.Linarith", "Mathlib.Tactic.Ring"]}, "UnifiedLean.G6.Conditioning": {"path": "UnifiedLean/G6/Conditioning.lean", "sha256": "b12f8aaf83ff17b14f9d616dcbb906ae130a00d15685851c9b84eaf15ae95d91", "imports": ["UnifiedLean.G6.FiniteProbability"]}, "UnifiedLean.G6.SourcePrefix": {"path": "UnifiedLean/G6/SourcePrefix.lean", "sha256": "3541c469c821f9f61c3aeebe0baa99456bbfc6db95e4f47fc0cd7913da208314", "imports": ["UnifiedLean.G6.Conditioning", "UnifiedLean.Source.SourcePoissonExponential"]}, "UnifiedLean.Source.SourcePoissonExponential": {"path": "UnifiedLean/Source/SourcePoissonExponential.lean", "sha256": "463eb0e4a9cd9307898eface172100183b8ac9d412c1389a2c5b9ad4981c2d9a", "imports": ["UnifiedLean.Source.SourcePoissonKernel", "UnifiedLean.Source.SourceGeneratorExponential"]}, "UnifiedLean.Source.SourcePoissonKernel": {"path": "UnifiedLean/Source/SourcePoissonKernel.lean", "sha256": "13ab4d1a209554878e189061cbede00154c7b72548465757624cc2e4af66e98c", "imports": ["UnifiedLean.Source.SourceFiniteProjection", "Mathlib.Probability.Distributions.Poisson.Basic"]}, "UnifiedLean.Source.SourceFiniteProjection": {"path": "UnifiedLean/Source/SourceFiniteProjection.lean", "sha256": "09398c920468ba6ead16b523cecd9f86e7648e7063602256ee4634385df1cab3", "imports": ["UnifiedLean.Source.SourceStepGeneratorBinding", "UnifiedLean.Source.MatrixProjectionExponential", "Mathlib.Data.ENNReal.BigOperators"]}, "UnifiedLean.Source.SourceStepGeneratorBinding": {"path": "UnifiedLean/Source/SourceStepGeneratorBinding.lean", "sha256": "8021b8bddcc5cd070185843ca5454dfb289572a2592854efbbdd9e41d48396d0", "imports": ["UnifiedLean.Source.UniformizedSourceStep", "UnifiedLean.Source.SourceForestIntrinsicGenerator", "Mathlib.Probability.ProbabilityMassFunction.Integrals", "Mathlib.MeasureTheory.Integral.Bochner.Basic"]}, "UnifiedLean.Source.UniformizedSourceStep": {"path": "UnifiedLean/Source/UniformizedSourceStep.lean", "sha256": "9d5a95047e3c04f9e12334cd4b5569e36e1dfa2cd4b1573f217eeb559ff9691c", "imports": ["UnifiedLean.Source.FiniteSourceSnapshot", "UnifiedLean.Source.NativePairClockLaw", "SourceForestKingmanPopulationProjection", "Mathlib.Probability.ProbabilityMassFunction.Constructions", "Mathlib.Algebra.BigOperators.Field"]}, "UnifiedLean.Source.FiniteSourceSnapshot": {"path": "UnifiedLean/Source/FiniteSourceSnapshot.lean", "sha256": "4628112bbbc69528748bbc93f8a3f8200bc802a6e72417fb90c39e7acd49f744", "imports": ["UnifiedLean.Source.FiniteGenealogyEncoding", "UnifiedLean.Source.SourceForestSilentPruning"]}, "UnifiedLean.Source.FiniteGenealogyEncoding": {"path": "UnifiedLean/Source/FiniteGenealogyEncoding.lean", "sha256": "3d862f8d9f9a43aed6324954ebea749001fd2b221dd90dd7d58cf4e4419fbcac", "imports": ["UnifiedLean.Source.SourceForestSilentPruning", "Mathlib.Data.Fintype.Sum"]}, "UnifiedLean.Source.SourceForestSilentPruning": {"path": "UnifiedLean/Source/SourceForestSilentPruning.lean", "sha256": "86f61cc8ce06af574ee98b37db0ecd7c8cbc2df99e495ce1b9a66605ea8fb5c2", "imports": ["SourceForestKingmanPopulationProjection"]}, "SourceForestKingmanPopulationProjection": {"path": "Imported/SourceForestKingmanPopulationProjection.lean", "sha256": "e8733ab8e66c60f98cfcfcd56e703b55a5ad8674dc5361f4ac6cb0c35f80f6e4", "imports": ["SourceForestKingmanProjection"]}, "SourceForestKingmanProjection": {"path": "Imported/SourceForestKingmanProjection.lean", "sha256": "781d4a7ee62e5e98fa15e056e201a2c753a2f945bd536cf9df6cb04d906511a0", "imports": ["SourceLabelledForest", "Mathlib.Data.Real.Basic", "Mathlib.Data.Finset.Prod", "Mathlib.Algebra.BigOperators.Group.Finset.Basic", "Mathlib.Tactic.NormNum"]}, "SourceLabelledForest": {"path": "Imported/SourceLabelledForest.lean", "sha256": "d6e5b2b57cf03091f8b5b5a2c80cf49de39bab938c50a467b46b30e08f12871d", "imports": ["G2LiveLineageRouting", "Mathlib.Data.Finset.Card", "Mathlib.Data.Fintype.BigOperators", "Mathlib.Algebra.BigOperators.Ring.Finset", "Mathlib.Algebra.Order.BigOperators.GroupWithZero.Finset", "Mathlib.Algebra.Order.BigOperators.Group.Finset", "Mathlib.Algebra.BigOperators.GroupWithZero.Finset", "Lean.Elab.Tactic.Omega"]}, "G2LiveLineageRouting": {"path": "Imported/G2LiveLineageRouting.lean", "sha256": "bf33f6be93e61960aa637df34d1197316669d6f2ddde6d743ac405a010cb05af", "imports": ["SourceNetwork", "Mathlib.Data.Rat.Lemmas", "Mathlib.Tactic.Ring"]}, "SourceNetwork": {"path": "Imported/SourceNetwork.lean", "sha256": "0e0a2a3ed6bdbbd7242980a6428ebf8ec0ec85d077d2ccf9cd8dfef4e1bd2eb7", "imports": ["Mathlib.Data.Fintype.Card", "Mathlib.Logic.Relation"]}, "UnifiedLean.Source.NativePairClockLaw": {"path": "UnifiedLean/Source/NativePairClockLaw.lean", "sha256": "470738f7397f640a76374f791c485d757d1e2ac38769a11f05d0abc03c8aa9ae", "imports": ["UnifiedLean.Source.NativeParentRouting", "G4AllRootPairClocks", "Mathlib.Data.ENNReal.BigOperators"]}, "UnifiedLean.Source.NativeParentRouting": {"path": "UnifiedLean/Source/NativeParentRouting.lean", "sha256": "300d7216193e945ca26161535c1bc2ba75a128fe5c075b6a3567bbda66bfe0b6", "imports": ["G5OriginalRouteHazard", "G4PathResolvedMeasurement", "Mathlib.MeasureTheory.Constructions.Pi", "Mathlib.Data.Finset.Card"]}, "G5OriginalRouteHazard": {"path": "Imported/G5OriginalRouteHazard.lean", "sha256": "9cf84860342b132e474d034ae05034129b47aa116e8bcf0e965989e7e58e4e8a", "imports": ["G5SafePastMeetingPermanence", "G5UnknownRateSupport", "Mathlib.Data.Finset.Max"]}, "G5SafePastMeetingPermanence": {"path": "Imported/G5SafePastMeetingPermanence.lean", "sha256": "30864de3e16b9d9b9a80c0139ac2173e10cf71f4b30e2b324dee9d54d0eefc9e", "imports": ["G5PairOnlySureBlockChronology"]}, "G5PairOnlySureBlockChronology": {"path": "Imported/G5PairOnlySureBlockChronology.lean", "sha256": "1ac87b91536cbe08b2ec4afe4ca3ea28c21386b6c432c6bd81731a30ea39871b", "imports": ["G5SafePastHybridDisjointness"]}, "G5SafePastHybridDisjointness": {"path": "Imported/G5SafePastHybridDisjointness.lean", "sha256": "99c5803e9c056152a260eccff1b8351239c12ca9e5ef40b51a419419992efe97", "imports": ["G5ProtectiveBlock", "G5ParentPositionPushforward"]}, "G5ProtectiveBlock": {"path": "Imported/G5ProtectiveBlock.lean", "sha256": "45d1f8284504ee2b591c4d56654ce7375e3979b1a97495fc439c6f4477dcffe9", "imports": ["G5CalendarRoutes"]}, "G5CalendarRoutes": {"path": "Imported/G5CalendarRoutes.lean", "sha256": "db0e9421d59009e4119ac42e7e86517ada50f5007a314fd430f4b0937f6c80fd", "imports": ["G5BridgeBarrier", "Mathlib.Data.Real.Basic", "Mathlib.Tactic.Linarith"]}, "G5BridgeBarrier": {"path": "Imported/G5BridgeBarrier.lean", "sha256": "0e2af6987c473e34c09a74ab41b3ede45ce049cbc04fde42b1d2108162467f77", "imports": ["GraphCuts"]}, "GraphCuts": {"path": "Imported/GraphCuts.lean", "sha256": "a877489ce00643ef1bf96b14d484453797891c718445ce157aa7a54beefce2e5", "imports": ["GraphLeaves"]}, "GraphLeaves": {"path": "Imported/GraphLeaves.lean", "sha256": "9d7e0f1756768fe32d4b38514c36bd961a306fb21dcf6b7fb27f5e6285a5f49b", "imports": ["SourceNetwork", "Mathlib.Data.Fintype.EquivFin"]}, "G5ParentPositionPushforward": {"path": "Imported/G5ParentPositionPushforward.lean", "sha256": "4f81aef02bb0f225aea6b377757f9282d336da685eb3e728dad1cf133f83d8db", "imports": ["G5ParentChoiceCalendar", "G5OriginalCoinPMF"]}, "G5ParentChoiceCalendar": {"path": "Imported/G5ParentChoiceCalendar.lean", "sha256": "357d5e59016672583318546b03bebb04ccdd5fbf95247cab22c98465dbf715b9", "imports": ["G5OriginalTipCurrentSupport"]}, "G5OriginalTipCurrentSupport": {"path": "Imported/G5OriginalTipCurrentSupport.lean", "sha256": "4324f00cb8db4d3c6ab0bfaa5e7283fcde521568f40d95aaddb9e32f896cdba2", "imports": ["G5CurrentPortTwoPositions"]}, "G5CurrentPortTwoPositions": {"path": "Imported/G5CurrentPortTwoPositions.lean", "sha256": "c24d3d860a5369434f6d236c37003d3045e6452fd57dd21396dd877a5a452ce9", "imports": ["G5RootRouteCurrentSupport"]}, "G5RootRouteCurrentSupport": {"path": "Imported/G5RootRouteCurrentSupport.lean", "sha256": "c72a58ae14539e524c37c97193d2343158eff784557fef12a7e4b7360157b554", "imports": ["G5ActualComponentSupport"]}, "G5ActualComponentSupport": {"path": "Imported/G5ActualComponentSupport.lean", "sha256": "5da0a86f2d1caf9b3a78a0fd75765194fa5652ad1a55c09382502d8354faaec7", "imports": ["G5ComponentCalendarCoverage"]}, "G5ComponentCalendarCoverage": {"path": "Imported/G5ComponentCalendarCoverage.lean", "sha256": "3d73d592d4c129b1b06f2eccd48a94fd8afe1e50f030a5eb18e8c3ddb9f12c10", "imports": ["G5BridgeComponentEntries", "G5NonbridgeRouteBound", "Mathlib.Tactic"]}, "G5BridgeComponentEntries": {"path": "Imported/G5BridgeComponentEntries.lean", "sha256": "286bcf82d6f79056a8d0d443aa6d4f19c7ca5a72669e62d8f2f4868ef0d6acc6", "imports": ["G6BridgeCannotEnterHybrid", "G5CalendarRoutes"]}, "G6BridgeCannotEnterHybrid": {"path": "Imported/G6BridgeCannotEnterHybrid.lean", "sha256": "60befd0f3660e56b46ca80f17a0c11f8ecd415833d0d52fad5ecafef7df6389e", "imports": ["G5MinimalGraphInterface", "G2LiveLineageRouting"]}, "G5MinimalGraphInterface": {"path": "Imported/G5MinimalGraphInterface.lean", "sha256": "20e09481ee4518de56cf201c978d98b4cec0d94c0fbfebd40008d3a3fa799281", "imports": ["GraphCuts"]}, "G5NonbridgeRouteBound": {"path": "Imported/G5NonbridgeRouteBound.lean", "sha256": "7a0c7b0010fe42167fab26da7daf366f695c448b283a211751c5dd5416920525", "imports": ["G5CalendarRoutes", "Mathlib.Data.Fintype.Card"]}, "G5OriginalCoinPMF": {"path": "Imported/G5OriginalCoinPMF.lean", "sha256": "ae0e933761b49e5ca244a1756b77ba3c0e545bf1aa33ca75d51fc8caf8a1b5c1", "imports": ["G5FairOriginalCoinLaw"]}, "G5FairOriginalCoinLaw": {"path": "Imported/G5FairOriginalCoinLaw.lean", "sha256": "6a8905aa53481bdc37914e5d01197af12a9ddde1ffc42fc4b896603a6b61aa8e", "imports": ["SourceLabelledForest", "G5FairSelectorMoments", "Mathlib.Data.Rat.BigOperators", "Mathlib.Data.ENNReal.BigOperators", "Mathlib.Algebra.BigOperators.Group.Finset.Sigma"]}, "G5FairSelectorMoments": {"path": "Imported/G5FairSelectorMoments.lean", "sha256": "97a29621340a7dd103409ee8ce84675560f4b8e03aa7db63314ca24b337be71f", "imports": ["G5CoupledQuartetKernel", "Mathlib.Probability.Distributions.Uniform"]}, "G5CoupledQuartetKernel": {"path": "Imported/G5CoupledQuartetKernel.lean", "sha256": "f9275364f5777a968c37ce39c24ea95179d23b4e54414463a62a4860c33361c1", "imports": ["Mathlib.Tactic"]}, "G5UnknownRateSupport": {"path": "Imported/G5UnknownRateSupport.lean", "sha256": "5138246c24f49bc7b4b2adf28fd776b1b89f16e5cf7bc5bfa1b27c97afa7fa93", "imports": ["G5ExponentialGermIdentification", "Mathlib.Algebra.BigOperators.Finsupp.Basic"]}, "G5ExponentialGermIdentification": {"path": "Imported/G5ExponentialGermIdentification.lean", "sha256": "c87eb5933db663acbed6128f9898ed357c1c0ba9a8fbf287ebb04cbecffa13d0", "imports": ["Mathlib.LinearAlgebra.Vandermonde", "Mathlib.Analysis.SpecialFunctions.Exp", "Mathlib.Tactic.Linarith", "Mathlib.Tactic.Ring"]}, "G4PathResolvedMeasurement": {"path": "Imported/G4PathResolvedMeasurement.lean", "sha256": "af20fe6e206d9b407ad7b16310d75eb12191b0b7a137d189b466209ed02f0eb9", "imports": ["G4TwoRootSourceStopping", "G4AllRootPairClocks", "Mathlib.Probability.ProbabilityMassFunction.Constructions", "Mathlib.Algebra.BigOperators.Ring.Finset", "Mathlib.Algebra.Order.BigOperators.GroupWithZero.Finset"]}, "G4TwoRootSourceStopping": {"path": "Imported/G4TwoRootSourceStopping.lean", "sha256": "b5dd33d135fcb9267ae3297229e51434b5cfd434e08ef89ecacf34affd5e541d", "imports": ["Mathlib.Data.Real.Basic", "Mathlib.Data.Fintype.Basic", "Mathlib.Algebra.BigOperators.Group.Finset.Basic", "Mathlib.Tactic.Ring", "Mathlib.Tactic.Linarith", "Mathlib.Tactic.Positivity"]}, "G4AllRootPairClocks": {"path": "Imported/G4AllRootPairClocks.lean", "sha256": "149c8603c734e2ccb021963be42609698285033c1296b2bca18d0716f4258744", "imports": ["G4IndependentRoutingBridge", "Mathlib.MeasureTheory.Constructions.Pi", "Mathlib.Data.Fintype.Powerset", "Mathlib.Data.ENNReal.BigOperators"]}, "G4IndependentRoutingBridge": {"path": "Imported/G4IndependentRoutingBridge.lean", "sha256": "e30d82ea7e57138d463c779205dfcf686b520cb649d9d5767ee3c13853f19f6b", "imports": ["G2LiveLineageRouting", "G1SharedRegisterStress", "Mathlib.Data.Nat.Choose.Basic", "Lean.Elab.Tactic.Omega", "G4FourRootPositivity", "Mathlib.Data.Fin.Tuple.Basic", "Mathlib.Data.Fintype.BigOperators", "Mathlib.Algebra.BigOperators.Fin", "Mathlib.Algebra.Order.BigOperators.GroupWithZero.Finset", "Mathlib.Algebra.BigOperators.Ring.Finset", "Mathlib.Tactic.NormNum"]}, "G1SharedRegisterStress": {"path": "Imported/G1SharedRegisterStress.lean", "sha256": "d65004b11e07bb553637161bd7b1395186ea20e2c39e7c50c800af4871f018db", "imports": ["Mathlib.Probability.Distributions.Exponential", "Mathlib.Analysis.SpecialFunctions.Log.Basic", "Mathlib.Tactic.Ring", "Mathlib.Tactic.NormNum"]}, "G4FourRootPositivity": {"path": "Imported/G4FourRootPositivity.lean", "sha256": "24823aa835fb0649d8754777d975315e82ead74d3f065093e2d03c743f7356fa", "imports": ["Mathlib.Data.Real.Basic", "Mathlib.Tactic.Ring", "Mathlib.Tactic.Linarith", "Mathlib.Tactic.Positivity"]}, "UnifiedLean.Source.SourceForestIntrinsicGenerator": {"path": "UnifiedLean/Source/SourceForestIntrinsicGenerator.lean", "sha256": "b282351bf116ae756c7e9c6ee1e3cbace41a8d753b47cac7e53c4a918c82d16f", "imports": ["UnifiedLean.Source.SourceForestGeneratorIntertwining"]}, "UnifiedLean.Source.SourceForestGeneratorIntertwining": {"path": "UnifiedLean/Source/SourceForestGeneratorIntertwining.lean", "sha256": "b186f0d381b0e62078d887f90ce46ecbe91def99ec66ec51c98053b9d60c0f28", "imports": ["UnifiedLean.Source.SourceForestSilentPruning", "Mathlib.Algebra.BigOperators.Group.Finset.Basic"]}, "UnifiedLean.Source.MatrixProjectionExponential": {"path": "UnifiedLean/Source/MatrixProjectionExponential.lean", "sha256": "870438089e6cf05dd93761172ea1bf6b2aa96654708e97b9d348e0dfcb44dfa2", "imports": ["Mathlib.Analysis.Normed.Algebra.MatrixExponential"]}, "UnifiedLean.Source.SourceGeneratorExponential": {"path": "UnifiedLean/Source/SourceGeneratorExponential.lean", "sha256": "f761ddf2f5efb9906ec8f841567d02fae946cce763260f238834a147090e461d", "imports": ["UnifiedLean.Source.SourceFiniteProjection"]}, "UnifiedLean.G6.ProgramPrefix": {"path": "UnifiedLean/G6/ProgramPrefix.lean", "sha256": "a3abfb604730e227eb543faf2f280a656bab74d27787d87c3f2327082306a5bb", "imports": ["UnifiedLean.G6.SourcePrefix", "UnifiedLean.Source.SourceProgramTransport"]}, "UnifiedLean.Source.SourceProgramTransport": {"path": "UnifiedLean/Source/SourceProgramTransport.lean", "sha256": "d009fdfc510bfcaffaeea3bc241401eaf2996178ff4b82376eb22f1e49387831", "imports": ["UnifiedLean.Source.SourceBoundaryProjection", "UnifiedLean.Source.SourcePoissonKernel"]}, "UnifiedLean.Source.SourceBoundaryProjection": {"path": "UnifiedLean/Source/SourceBoundaryProjection.lean", "sha256": "f1cb1e557b5f08cba2d37465bc4386bc6adc2f19fd12a132f7d6f835b1e24f0f", "imports": ["UnifiedLean.Source.SourceBoundaryKernels"]}, "UnifiedLean.Source.SourceBoundaryKernels": {"path": "UnifiedLean/Source/SourceBoundaryKernels.lean", "sha256": "994b25e798e39889a56084b267c3e896580cd21e902764c3c6922d9bfdd6070d", "imports": ["UnifiedLean.Source.SourceFiniteProjection", "UnifiedLean.Source.SourceForestPulseMeasure", "UnifiedLean.Source.SourceForestCommonPulse"]}, "UnifiedLean.Source.SourceForestPulseMeasure": {"path": "UnifiedLean/Source/SourceForestPulseMeasure.lean", "sha256": "04a3a1c1f027903e62b77f966639c80da77aaa776871a0d9bd0657eac35b9e4f", "imports": ["UnifiedLean.Source.SourceForestPulseTransport", "Mathlib.Probability.Distributions.Bernoulli", "Mathlib.MeasureTheory.Constructions.Pi"]}, "UnifiedLean.Source.SourceForestPulseTransport": {"path": "UnifiedLean/Source/SourceForestPulseTransport.lean", "sha256": "8e1a3d62afab25247dd3a281d30f7dc20db1949ea1b589c2d77980b3b48874f1", "imports": ["UnifiedLean.Source.SourceForestIntrinsicGenerator", "G2LiveLineageRouting"]}, "UnifiedLean.Source.SourceForestCommonPulse": {"path": "UnifiedLean/Source/SourceForestCommonPulse.lean", "sha256": "cac1082f66a84b943dbc8ba9f2e8082ce12bbb42a4b1503e31722597b0faa138", "imports": ["UnifiedLean.Source.SourceForestPulseTransport"]}, "UnifiedLean.G6.TaylorCertificate": {"path": "UnifiedLean/G6/TaylorCertificate.lean", "sha256": "ea0f494841b0874284096add3db6645c24cf7431fc6a544ab80c2710e4d271e3", "imports": ["UnifiedLean.G6.SourcePrefix", "Mathlib.Analysis.SpecificLimits.Basic", "Mathlib.Analysis.SpecificLimits.Normed"]}, "G3ApproximateMomentBarrier": {"path": "G3ApproximateMomentBarrier.lean", "sha256": "2f354386c7e8acb103c1665400f654a683aed6603175ddaf9f3451cf638a66b0", "imports": ["Mathlib.Data.Real.Basic", "Mathlib.Tactic.Ring", "Mathlib.Tactic.Linarith", "Mathlib.Tactic.Positivity"]}}, "topological_order": ["UnifiedLean.G6.FiniteProbability", "UnifiedLean.G6.Conditioning", "SourceNetwork", "G2LiveLineageRouting", "SourceLabelledForest", "SourceForestKingmanProjection", "SourceForestKingmanPopulationProjection", "UnifiedLean.Source.SourceForestSilentPruning", "UnifiedLean.Source.FiniteGenealogyEncoding", "UnifiedLean.Source.FiniteSourceSnapshot", "GraphLeaves", "GraphCuts", "G5BridgeBarrier", "G5CalendarRoutes", "G5ProtectiveBlock", "G5MinimalGraphInterface", "G6BridgeCannotEnterHybrid", "G5BridgeComponentEntries", "G5NonbridgeRouteBound", "G5ComponentCalendarCoverage", "G5ActualComponentSupport", "G5RootRouteCurrentSupport", "G5CurrentPortTwoPositions", "G5OriginalTipCurrentSupport", "G5ParentChoiceCalendar", "G5CoupledQuartetKernel", "G5FairSelectorMoments", "G5FairOriginalCoinLaw", "G5OriginalCoinPMF", "G5ParentPositionPushforward", "G5SafePastHybridDisjointness", "G5PairOnlySureBlockChronology", "G5SafePastMeetingPermanence", "G5ExponentialGermIdentification", "G5UnknownRateSupport", "G5OriginalRouteHazard", "G4TwoRootSourceStopping", "G1SharedRegisterStress", "G4FourRootPositivity", "G4IndependentRoutingBridge", "G4AllRootPairClocks", "G4PathResolvedMeasurement", "UnifiedLean.Source.NativeParentRouting", "UnifiedLean.Source.NativePairClockLaw", "UnifiedLean.Source.UniformizedSourceStep", "UnifiedLean.Source.SourceForestGeneratorIntertwining", "UnifiedLean.Source.SourceForestIntrinsicGenerator", "UnifiedLean.Source.SourceStepGeneratorBinding", "UnifiedLean.Source.MatrixProjectionExponential", "UnifiedLean.Source.SourceFiniteProjection", "UnifiedLean.Source.SourcePoissonKernel", "UnifiedLean.Source.SourceGeneratorExponential", "UnifiedLean.Source.SourcePoissonExponential", "UnifiedLean.G6.SourcePrefix", "UnifiedLean.Source.SourceForestPulseTransport", "UnifiedLean.Source.SourceForestPulseMeasure", "UnifiedLean.Source.SourceForestCommonPulse", "UnifiedLean.Source.SourceBoundaryKernels", "UnifiedLean.Source.SourceBoundaryProjection", "UnifiedLean.Source.SourceProgramTransport", "UnifiedLean.G6.ProgramPrefix", "UnifiedLean.G6.TaylorCertificate", "G3ApproximateMomentBarrier"], "mathlib_roots": ["Mathlib.Algebra.BigOperators.Field", "Mathlib.Algebra.BigOperators.Fin", "Mathlib.Algebra.BigOperators.Finsupp.Basic", "Mathlib.Algebra.BigOperators.Group.Finset.Basic", "Mathlib.Algebra.BigOperators.Group.Finset.Sigma", "Mathlib.Algebra.BigOperators.GroupWithZero.Finset", "Mathlib.Algebra.BigOperators.Ring.Finset", "Mathlib.Algebra.Order.BigOperators.Group.Finset", "Mathlib.Algebra.Order.BigOperators.GroupWithZero.Finset", "Mathlib.Analysis.Normed.Algebra.MatrixExponential", "Mathlib.Analysis.SpecialFunctions.Exp", "Mathlib.Analysis.SpecialFunctions.Log.Basic", "Mathlib.Analysis.SpecificLimits.Basic", "Mathlib.Analysis.SpecificLimits.Normed", "Mathlib.Data.ENNReal.BigOperators", "Mathlib.Data.Fin.Tuple.Basic", "Mathlib.Data.Finset.Card", "Mathlib.Data.Finset.Max", "Mathlib.Data.Finset.Prod", "Mathlib.Data.Fintype.Basic", "Mathlib.Data.Fintype.BigOperators", "Mathlib.Data.Fintype.Card", "Mathlib.Data.Fintype.EquivFin", "Mathlib.Data.Fintype.Powerset", "Mathlib.Data.Fintype.Sum", "Mathlib.Data.Nat.Choose.Basic", "Mathlib.Data.Rat.BigOperators", "Mathlib.Data.Rat.Lemmas", "Mathlib.Data.Real.Basic", "Mathlib.LinearAlgebra.Vandermonde", "Mathlib.Logic.Relation", "Mathlib.MeasureTheory.Constructions.Pi", "Mathlib.MeasureTheory.Integral.Bochner.Basic", "Mathlib.Probability.Distributions.Bernoulli", "Mathlib.Probability.Distributions.Exponential", "Mathlib.Probability.Distributions.Poisson.Basic", "Mathlib.Probability.Distributions.Uniform", "Mathlib.Probability.ProbabilityMassFunction.Constructions", "Mathlib.Probability.ProbabilityMassFunction.Integrals", "Mathlib.Tactic", "Mathlib.Tactic.Linarith", "Mathlib.Tactic.NormNum", "Mathlib.Tactic.Positivity", "Mathlib.Tactic.Ring"], "dependencies": {"lean_version": "Lean (version 4.33.1, x86_64-unknown-linux-gnu, commit 819816b2e0a3bf405af45ae5c7af2491d8f5bee6, Release)", "lean_executable_sha256": "e8baaa71855a616dc351028f3ad2200051b0671f423a1696a100e809302d5550", "mathlib_commit": "0df444a360eaa60ab8c11dca51a86af692955474", "lake_manifest_sha256": "3e6db0717fa282f57960b18408add3f7d7997226dd1889d362c66c16cb0f54f2", "lake_registration_sha256": "da34bf3320beb9482cdb7148daaf54e5a098ccef8dfeab40b764e97f11fd4a0c", "verification_script_sha256": "de3d56ec1e5121c9253c3f14226c426dfe169b3da50d82cfdf8993ebf77f21ea"}}
verify	Verify G6 frozen sources serially	2026-10-07T16:46:04.4970484Z G6_COMMAND {"argv": ["lake", "exe", "cache", "get", "Mathlib.Algebra.BigOperators.Field", "Mathlib.Algebra.BigOperators.Fin", "Mathlib.Algebra.BigOperators.Finsupp.Basic", "Mathlib.Algebra.BigOperators.Group.Finset.Basic", "Mathlib.Algebra.BigOperators.Group.Finset.Sigma", "Mathlib.Algebra.BigOperators.GroupWithZero.Finset", "Mathlib.Algebra.BigOperators.Ring.Finset", "Mathlib.Algebra.Order.BigOperators.Group.Finset", "Mathlib.Algebra.Order.BigOperators.GroupWithZero.Finset", "Mathlib.Analysis.Normed.Algebra.MatrixExponential", "Mathlib.Analysis.SpecialFunctions.Exp", "Mathlib.Analysis.SpecialFunctions.Log.Basic", "Mathlib.Analysis.SpecificLimits.Basic", "Mathlib.Analysis.SpecificLimits.Normed", "Mathlib.Data.ENNReal.BigOperators", "Mathlib.Data.Fin.Tuple.Basic", "Mathlib.Data.Finset.Card", "Mathlib.Data.Finset.Max", "Mathlib.Data.Finset.Prod", "Mathlib.Data.Fintype.Basic", "Mathlib.Data.Fintype.BigOperators", "Mathlib.Data.Fintype.Card", "Mathlib.Data.Fintype.EquivFin", "Mathlib.Data.Fintype.Powerset", "Mathlib.Data.Fintype.Sum", "Mathlib.Data.Nat.Choose.Basic", "Mathlib.Data.Rat.BigOperators", "Mathlib.Data.Rat.Lemmas", "Mathlib.Data.Real.Basic", "Mathlib.LinearAlgebra.Vandermonde", "Mathlib.Logic.Relation", "Mathlib.MeasureTheory.Constructions.Pi", "Mathlib.MeasureTheory.Integral.Bochner.Basic", "Mathlib.Probability.Distributions.Bernoulli", "Mathlib.Probability.Distributions.Exponential", "Mathlib.Probability.Distributions.Poisson.Basic", "Mathlib.Probability.Distributions.Uniform", "Mathlib.Probability.ProbabilityMassFunction.Constructions", "Mathlib.Probability.ProbabilityMassFunction.Integrals", "Mathlib.Tactic", "Mathlib.Tactic.Linarith", "Mathlib.Tactic.NormNum", "Mathlib.Tactic.Positivity", "Mathlib.Tactic.Ring"], "cwd": "/home/runner/work/_temp/g6-cloud-build", "start": "2026-10-07T16:46:04.468182+00:00"}
verify	Verify G6 frozen sources serially	2026-10-07T16:46:39.3352865Z ✔ [1/5] Built Cache.Cli (285ms)
verify	Verify G6 frozen sources serially	2026-10-07T16:46:39.3353592Z ✔ [3/10] Built Cache.Lean (352ms)
verify	Verify G6 frozen sources serially	2026-10-07T16:46:39.3354313Z ✔ [5/11] Built Batteries.Tactic.OpenPrivate (827ms)
verify	Verify G6 frozen sources serially	2026-10-07T16:46:39.3355196Z ✔ [6/11] Built Cache.Infra (342ms)
verify	Verify G6 frozen sources serially	2026-10-07T16:46:39.3355876Z ✔ [7/12] Built Cache.IO (1.4s)
verify	Verify G6 frozen sources serially	2026-10-07T16:46:39.3356563Z ✔ [9/26] Built Cache.Hashing (750ms)
verify	Verify G6 frozen sources serially	2026-10-07T16:46:39.3357520Z ✔ [10/26] Built Cache.Requests (1.9s)
verify	Verify G6 frozen sources serially	2026-10-07T16:46:39.3358208Z ✔ [11/26] Built Cache.Cli:c.o (134ms)
verify	Verify G6 frozen sources serially	2026-10-07T16:46:39.3358989Z ✔ [12/26] Built Cache.Lean:c.o (153ms)
verify	Verify G6 frozen sources serially	2026-10-07T16:46:39.3359771Z ✔ [13/26] Built Batteries.Tactic.OpenPrivate:c.o (1.2s)
verify	Verify G6 frozen sources serially	2026-10-07T16:46:39.3360584Z ✔ [14/26] Built Cache.IO:c.o (1.6s)
verify	Verify G6 frozen sources serially	2026-10-07T16:46:39.3361251Z ✔ [15/26] Built Cache.Hashing:c.o (448ms)
verify	Verify G6 frozen sources serially	2026-10-07T16:46:39.3362285Z ✔ [16/26] Built Cache.Infra:c.o (215ms)
verify	Verify G6 frozen sources serially	2026-10-07T16:46:39.3363005Z ✔ [17/26] Built Cache.Requests:c.o (2.8s)
verify	Verify G6 frozen sources serially	2026-10-07T16:46:39.3363664Z ✔ [18/26] Built Cache.Marker (529ms)
verify	Verify G6 frozen sources serially	2026-10-07T16:46:39.3364036Z ✔ [19/26] Built Cache.Marker:c.o (124ms)
verify	Verify G6 frozen sources serially	2026-10-07T16:46:39.3364335Z ✔ [20/26] Built Cache.Query (651ms)
verify	Verify G6 frozen sources serially	2026-10-07T16:46:39.3364623Z ✔ [21/26] Built Cache.Query:c.o (312ms)
verify	Verify G6 frozen sources serially	2026-10-07T16:46:39.3364918Z ✔ [22/26] Built Cache.Warning (629ms)
verify	Verify G6 frozen sources serially	2026-10-07T16:46:39.3365218Z ✔ [23/26] Built Cache.Warning:c.o (273ms)
verify	Verify G6 frozen sources serially	2026-10-07T16:46:39.3365519Z ✔ [24/26] Built Cache.Main (1.1s)
verify	Verify G6 frozen sources serially	2026-10-07T16:46:39.3366373Z ✔ [25/26] Built Cache.Main:c.o (1.0s)
verify	Verify G6 frozen sources serially	2026-10-07T16:46:39.3366848Z ✔ [26/26] Built cache:exe (727ms)
verify	Verify G6 frozen sources serially	2026-10-07T16:46:39.3367363Z Current branch: HEAD
verify	Verify G6 frozen sources serially	2026-10-07T16:46:39.3367692Z Using cache from origin: (some leanprover-community/mathlib4)
verify	Verify G6 frozen sources serially	2026-10-07T16:46:39.3368431Z Attempting to download 3582 file(s) from leanprover-community/mathlib4 cache at https://lakecache.blob.core.windows.net/mathlib4-master
verify	Verify G6 frozen sources serially	2026-10-07T16:46:39.3368982Z 
verify	Verify G6 frozen sources serially	2026-10-07T16:46:39.3369176Z Downloaded: 1 file(s) [attempted 1/3582 = 0%, 23 KB/s], Decompressed: 0
verify	Verify G6 frozen sources serially	2026-10-07T16:46:39.3369635Z Downloaded: 143 file(s) [attempted 143/3582 = 3%, 480 KB/s], Decompressed: 10
verify	Verify G6 frozen sources serially	2026-10-07T16:46:39.3370104Z Downloaded: 350 file(s) [attempted 350/3582 = 9%, 1435 KB/s], Decompressed: 38
verify	Verify G6 frozen sources serially	2026-10-07T16:46:39.3370566Z Downloaded: 481 file(s) [attempted 481/3582 = 13%, 4212 KB/s], Decompressed: 38
verify	Verify G6 frozen sources serially	2026-10-07T16:46:39.3371030Z Downloaded: 633 file(s) [attempted 633/3582 = 17%, 1589 KB/s], Decompressed: 38
verify	Verify G6 frozen sources serially	2026-10-07T16:46:39.3371500Z Downloaded: 791 file(s) [attempted 791/3582 = 22%, 1248 KB/s], Decompressed: 38
verify	Verify G6 frozen sources serially	2026-10-07T16:46:39.3371958Z Downloaded: 957 file(s) [attempted 957/3582 = 26%, 2385 KB/s], Decompressed: 38
verify	Verify G6 frozen sources serially	2026-10-07T16:46:39.3372427Z Downloaded: 1106 file(s) [attempted 1106/3582 = 30%, 2158 KB/s], Decompressed: 38
verify	Verify G6 frozen sources serially	2026-10-07T16:46:39.3372908Z Downloaded: 1272 file(s) [attempted 1272/3582 = 35%, 2084 KB/s], Decompressed: 38
verify	Verify G6 frozen sources serially	2026-10-07T16:46:39.3373411Z Downloaded: 1452 file(s) [attempted 1452/3582 = 40%, 10833 KB/s], Decompressed: 208
verify	Verify G6 frozen sources serially	2026-10-07T16:46:39.3373910Z Downloaded: 1593 file(s) [attempted 1593/3582 = 44%, 4729 KB/s], Decompressed: 208
verify	Verify G6 frozen sources serially	2026-10-07T16:46:39.3374390Z Downloaded: 1778 file(s) [attempted 1778/3582 = 49%, 781 KB/s], Decompressed: 208
verify	Verify G6 frozen sources serially	2026-10-07T16:46:39.3374860Z Downloaded: 1940 file(s) [attempted 1940/3582 = 54%, 351 KB/s], Decompressed: 208
verify	Verify G6 frozen sources serially	2026-10-07T16:46:39.3375336Z Downloaded: 2101 file(s) [attempted 2101/3582 = 58%, 3320 KB/s], Decompressed: 208
verify	Verify G6 frozen sources serially	2026-10-07T16:46:39.3375811Z Downloaded: 2295 file(s) [attempted 2295/3582 = 64%, 1216 KB/s], Decompressed: 208
verify	Verify G6 frozen sources serially	2026-10-07T16:46:39.3376289Z Downloaded: 2459 file(s) [attempted 2459/3582 = 68%, 2381 KB/s], Decompressed: 208
verify	Verify G6 frozen sources serially	2026-10-07T16:46:39.3376763Z Downloaded: 2598 file(s) [attempted 2598/3582 = 72%, 6237 KB/s], Decompressed: 208
verify	Verify G6 frozen sources serially	2026-10-07T16:46:39.3377608Z Downloaded: 2734 file(s) [attempted 2734/3582 = 76%, 8187 KB/s], Decompressed: 208
verify	Verify G6 frozen sources serially	2026-10-07T16:46:39.3378127Z Downloaded: 2886 file(s) [attempted 2886/3582 = 80%, 1620 KB/s], Decompressed: 208
verify	Verify G6 frozen sources serially	2026-10-07T16:46:39.3378602Z Downloaded: 3074 file(s) [attempted 3074/3582 = 85%, 3614 KB/s], Decompressed: 208
verify	Verify G6 frozen sources serially	2026-10-07T16:46:39.3379072Z Downloaded: 3231 file(s) [attempted 3231/3582 = 90%, 900 KB/s], Decompressed: 208
verify	Verify G6 frozen sources serially	2026-10-07T16:46:39.3379737Z Downloaded: 3393 file(s) [attempted 3393/3582 = 94%, 11703 KB/s], Decompressed: 208
verify	Verify G6 frozen sources serially	2026-10-07T16:46:39.3380361Z Downloaded: 3580 file(s) [attempted 3580/3582 = 99%, 888 KB/s], Decompressed: 208
verify	Verify G6 frozen sources serially	2026-10-07T16:46:39.3381193Z Downloaded: 3582 file(s) [attempted 3582/3582 = 100%, 888 KB/s], Decompressed: 208
verify	Verify G6 frozen sources serially	2026-10-07T16:46:39.3381851Z Decompressed 3582 file(s)
verify	Verify G6 frozen sources serially	2026-10-07T16:46:39.3382096Z Already decompressed 3582 file(s)
verify	Verify G6 frozen sources serially	2026-10-07T16:46:39.3389623Z G6_RECEIPT {"argv": ["lake", "exe", "cache", "get", "Mathlib.Algebra.BigOperators.Field", "Mathlib.Algebra.BigOperators.Fin", "Mathlib.Algebra.BigOperators.Finsupp.Basic", "Mathlib.Algebra.BigOperators.Group.Finset.Basic", "Mathlib.Algebra.BigOperators.Group.Finset.Sigma", "Mathlib.Algebra.BigOperators.GroupWithZero.Finset", "Mathlib.Algebra.BigOperators.Ring.Finset", "Mathlib.Algebra.Order.BigOperators.Group.Finset", "Mathlib.Algebra.Order.BigOperators.GroupWithZero.Finset", "Mathlib.Analysis.Normed.Algebra.MatrixExponential", "Mathlib.Analysis.SpecialFunctions.Exp", "Mathlib.Analysis.SpecialFunctions.Log.Basic", "Mathlib.Analysis.SpecificLimits.Basic", "Mathlib.Analysis.SpecificLimits.Normed", "Mathlib.Data.ENNReal.BigOperators", "Mathlib.Data.Fin.Tuple.Basic", "Mathlib.Data.Finset.Card", "Mathlib.Data.Finset.Max", "Mathlib.Data.Finset.Prod", "Mathlib.Data.Fintype.Basic", "Mathlib.Data.Fintype.BigOperators", "Mathlib.Data.Fintype.Card", "Mathlib.Data.Fintype.EquivFin", "Mathlib.Data.Fintype.Powerset", "Mathlib.Data.Fintype.Sum", "Mathlib.Data.Nat.Choose.Basic", "Mathlib.Data.Rat.BigOperators", "Mathlib.Data.Rat.Lemmas", "Mathlib.Data.Real.Basic", "Mathlib.LinearAlgebra.Vandermonde", "Mathlib.Logic.Relation", "Mathlib.MeasureTheory.Constructions.Pi", "Mathlib.MeasureTheory.Integral.Bochner.Basic", "Mathlib.Probability.Distributions.Bernoulli", "Mathlib.Probability.Distributions.Exponential", "Mathlib.Probability.Distributions.Poisson.Basic", "Mathlib.Probability.Distributions.Uniform", "Mathlib.Probability.ProbabilityMassFunction.Constructions", "Mathlib.Probability.ProbabilityMassFunction.Integrals", "Mathlib.Tactic", "Mathlib.Tactic.Linarith", "Mathlib.Tactic.NormNum", "Mathlib.Tactic.Positivity", "Mathlib.Tactic.Ring"], "start": "2026-10-07T16:46:04.468182+00:00", "end": "2026-10-07T16:46:39.335125+00:00", "exit": 0, "output_sha256": "c3aee2c50de635882f85de3aea31a0d38af5c0db5d68ea8bb0e763511412fb2e"}
verify	Verify G6 frozen sources serially	2026-10-07T16:46:39.3398590Z G6_COMMAND {"argv": ["lake", "env", "lean", "--trust=0", "-j1", "-M4096", "-o", "/home/runner/work/_temp/g6-cloud-build/.lake/build/lib/lean/UnifiedLean/G6/FiniteProbability.olean", "/home/runner/work/_temp/g6-cloud-build/UnifiedLean/G6/FiniteProbability.lean"], "cwd": "/home/runner/work/_temp/g6-cloud-build", "start": "2026-10-07T16:46:39.336128+00:00"}
verify	Verify G6 frozen sources serially	2026-10-07T16:46:42.3910271Z /home/runner/work/_temp/g6-cloud-build/UnifiedLean/G6/FiniteProbability.lean:80:9: warning: Variable name `a` is not explicitly referenced.
verify	Verify G6 frozen sources serially	2026-10-07T16:46:42.3911120Z 
verify	Verify G6 frozen sources serially	2026-10-07T16:46:42.3911699Z Hint: The binding can be removed (if unused) or named `_` (if used implicitly). Alternatively, prefix the name with `_` to silence this warning:
verify	Verify G6 frozen sources serially	2026-10-07T16:46:42.3912835Z   [apply] _a
verify	Verify G6 frozen sources serially	2026-10-07T16:46:42.3913127Z 
verify	Verify G6 frozen sources serially	2026-10-07T16:46:42.3913585Z Note: This linter can be disabled with `set_option linter.unusedVariables false`
verify	Verify G6 frozen sources serially	2026-10-07T16:46:42.3915100Z 'UnifiedLean.G6.FiniteProbability.common_subprobability_tv' depends on axioms: [propext, Classical.choice, Quot.sound]
verify	Verify G6 frozen sources serially	2026-10-07T16:46:42.3916661Z 'UnifiedLean.G6.FiniteProbability.common_subprobability_mass' depends on axioms: [propext, Classical.choice, Quot.sound]
verify	Verify G6 frozen sources serially	2026-10-07T16:46:42.3918015Z 'UnifiedLean.G6.FiniteProbability.common_subprobability_event' depends on axioms: [propext,
verify	Verify G6 frozen sources serially	2026-10-07T16:46:42.3918672Z  Classical.choice,
verify	Verify G6 frozen sources serially	2026-10-07T16:46:42.3918934Z  Quot.sound]
verify	Verify G6 frozen sources serially	2026-10-07T16:46:42.3919557Z 'UnifiedLean.G6.FiniteProbability.scaled_domination_tv' depends on axioms: [propext, Classical.choice, Quot.sound]
verify	Verify G6 frozen sources serially	2026-10-07T16:46:42.3920617Z 'UnifiedLean.G6.FiniteProbability.pmf_sum_real' depends on axioms: [propext, Classical.choice, Quot.sound]
verify	Verify G6 frozen sources serially	2026-10-07T16:46:42.3921651Z 'UnifiedLean.G6.FiniteProbability.pmf_scaled_domination_tv' depends on axioms: [propext, Classical.choice, Quot.sound]
verify	Verify G6 frozen sources serially	2026-10-07T16:46:42.3922399Z 'UnifiedLean.G6.FiniteProbability.pmf_scaled_domination_event' depends on axioms: [propext,
verify	Verify G6 frozen sources serially	2026-10-07T16:46:42.3922877Z  Classical.choice,
verify	Verify G6 frozen sources serially	2026-10-07T16:46:42.3923083Z  Quot.sound]
verify	Verify G6 frozen sources serially	2026-10-07T16:46:42.3924532Z G6_RECEIPT {"argv": ["lake", "env", "lean", "--trust=0", "-j1", "-M4096", "-o", "/home/runner/work/_temp/g6-cloud-build/.lake/build/lib/lean/UnifiedLean/G6/FiniteProbability.olean", "/home/runner/work/_temp/g6-cloud-build/UnifiedLean/G6/FiniteProbability.lean"], "start": "2026-10-07T16:46:39.336128+00:00", "end": "2026-10-07T16:46:42.390806+00:00", "exit": 0, "output_sha256": "757498f226536e63546c9f57cb4e4328a4f178c0827c63b62563b24ae94b4f17"}
verify	Verify G6 frozen sources serially	2026-10-07T16:46:42.3941830Z G6_COMMAND {"argv": ["lake", "env", "lean", "--trust=0", "-j1", "-M4096", "-o", "/home/runner/work/_temp/g6-cloud-build/.lake/build/lib/lean/UnifiedLean/G6/Conditioning.olean", "/home/runner/work/_temp/g6-cloud-build/UnifiedLean/G6/Conditioning.lean"], "cwd": "/home/runner/work/_temp/g6-cloud-build", "start": "2026-10-07T16:46:42.391147+00:00"}
verify	Verify G6 frozen sources serially	2026-10-07T16:46:45.1813451Z 'UnifiedLean.G6.Conditioning.filter_scaled' depends on axioms: [propext, Classical.choice, Quot.sound]
verify	Verify G6 frozen sources serially	2026-10-07T16:46:45.1815016Z 'UnifiedLean.G6.Conditioning.filtered_bind_domination' depends on axioms: [propext, Classical.choice, Quot.sound]
verify	Verify G6 frozen sources serially	2026-10-07T16:46:45.1816259Z 'UnifiedLean.G6.Conditioning.filtered_bind_domination_real' depends on axioms: [propext, Classical.choice, Quot.sound]
verify	Verify G6 frozen sources serially	2026-10-07T16:46:45.1817937Z 'UnifiedLean.G6.Conditioning.conditioned_mixture_tv' depends on axioms: [propext, Classical.choice, Quot.sound]
verify	Verify G6 frozen sources serially	2026-10-07T16:46:45.1819395Z 'UnifiedLean.G6.Conditioning.conditioned_joint_observation_tv' depends on axioms: [propext,
verify	Verify G6 frozen sources serially	2026-10-07T16:46:45.1820360Z  Classical.choice,
verify	Verify G6 frozen sources serially	2026-10-07T16:46:45.1820815Z  Quot.sound]
verify	Verify G6 frozen sources serially	2026-10-07T16:46:45.1821830Z 'UnifiedLean.G6.Conditioning.conditioned_joint_observation_event' depends on axioms: [propext,
verify	Verify G6 frozen sources serially	2026-10-07T16:46:45.1823225Z  Classical.choice,
verify	Verify G6 frozen sources serially	2026-10-07T16:46:45.1823828Z  Quot.sound]
verify	Verify G6 frozen sources serially	2026-10-07T16:46:45.1826552Z G6_RECEIPT {"argv": ["lake", "env", "lean", "--trust=0", "-j1", "-M4096", "-o", "/home/runner/work/_temp/g6-cloud-build/.lake/build/lib/lean/UnifiedLean/G6/Conditioning.olean", "/home/runner/work/_temp/g6-cloud-build/UnifiedLean/G6/Conditioning.lean"], "start": "2026-10-07T16:46:42.391147+00:00", "end": "2026-10-07T16:46:45.181150+00:00", "exit": 0, "output_sha256": "100642588c988b86704d97294f48529a0a4ade99555c5c91f157156786932480"}
verify	Verify G6 frozen sources serially	2026-10-07T16:46:45.1831209Z G6_COMMAND {"argv": ["lake", "env", "lean", "--trust=0", "-j1", "-M4096", "-o", "/home/runner/work/_temp/g6-cloud-build/.lake/build/lib/lean/SourceNetwork.olean", "/home/runner/work/_temp/g6-cloud-build/Imported/SourceNetwork.lean"], "cwd": "/home/runner/work/_temp/g6-cloud-build", "start": "2026-10-07T16:46:45.181516+00:00"}
verify	Verify G6 frozen sources serially	2026-10-07T16:46:47.0723209Z 'Nanuq.Source.EdgeGraph.not_bridge_of_parallel' does not depend on any axioms
verify	Verify G6 frozen sources serially	2026-10-07T16:46:47.0724913Z 'Nanuq.Source.EdgeGraph.bridge_not_sameBlob' does not depend on any axioms
verify	Verify G6 frozen sources serially	2026-10-07T16:46:47.0726022Z 'Nanuq.Source.EdgeGraph.bridge_blob_ne' depends on axioms: [propext]
verify	Verify G6 frozen sources serially	2026-10-07T16:46:47.0727584Z 'Nanuq.Source.EdgeGraph.dreach_antisymm' depends on axioms: [propext, Classical.choice, Quot.sound]
verify	Verify G6 frozen sources serially	2026-10-07T16:46:47.0729040Z 'Nanuq.Source.RootedBinary.underlying_connected' depends on axioms: [propext, Classical.choice, Quot.sound]
verify	Verify G6 frozen sources serially	2026-10-07T16:46:47.0731703Z G6_RECEIPT {"argv": ["lake", "env", "lean", "--trust=0", "-j1", "-M4096", "-o", "/home/runner/work/_temp/g6-cloud-build/.lake/build/lib/lean/SourceNetwork.olean", "/home/runner/work/_temp/g6-cloud-build/Imported/SourceNetwork.lean"], "start": "2026-10-07T16:46:45.181516+00:00", "end": "2026-10-07T16:46:47.070180+00:00", "exit": 0, "output_sha256": "5465ecf96db0b49e53a81535e70658b235bd5d9816b211e5a2dd735b687cc24f"}
verify	Verify G6 frozen sources serially	2026-10-07T16:46:47.0734345Z G6_COMMAND {"argv": ["lake", "env", "lean", "--trust=0", "-j1", "-M4096", "-o", "/home/runner/work/_temp/g6-cloud-build/.lake/build/lib/lean/G2LiveLineageRouting.olean", "/home/runner/work/_temp/g6-cloud-build/Imported/G2LiveLineageRouting.lean"], "cwd": "/home/runner/work/_temp/g6-cloud-build", "start": "2026-10-07T16:46:47.070512+00:00"}
verify	Verify G6 frozen sources serially	2026-10-07T16:46:49.0388505Z 'GProgram.G2.coalesced_copies_cannot_split' depends on axioms: [propext, Classical.choice, Quot.sound]
verify	Verify G6 frozen sources serially	2026-10-07T16:46:49.0389732Z 'GProgram.G2.routed_parent_eq_iff_live_coin_eq' depends on axioms: [propext, Classical.choice, Quot.sound]
verify	Verify G6 frozen sources serially	2026-10-07T16:46:49.0390655Z 'GProgram.G2.opposite_copy_bits_are_not_a_live_pulse' does not depend on any axioms
verify	Verify G6 frozen sources serially	2026-10-07T16:46:49.0391857Z 'GProgram.G2.wrong_pulse_split_mass' depends on axioms: [propext, Classical.choice, Quot.sound]
verify	Verify G6 frozen sources serially	2026-10-07T16:46:49.0392845Z 'GProgram.G2.fair_copy_pulse_splits_merged_ancestor' depends on axioms: [propext, Classical.choice, Quot.sound]
verify	Verify G6 frozen sources serially	2026-10-07T16:46:49.0395393Z G6_RECEIPT {"argv": ["lake", "env", "lean", "--trust=0", "-j1", "-M4096", "-o", "/home/runner/work/_temp/g6-cloud-build/.lake/build/lib/lean/G2LiveLineageRouting.olean", "/home/runner/work/_temp/g6-cloud-build/Imported/G2LiveLineageRouting.lean"], "start": "2026-10-07T16:46:47.070512+00:00", "end": "2026-10-07T16:46:49.036362+00:00", "exit": 0, "output_sha256": "a80577f1d7135c5660613a0e39dcabd2f3198a9c7399d7632b4ef613e6fc9ebd"}
verify	Verify G6 frozen sources serially	2026-10-07T16:46:49.0398940Z G6_COMMAND {"argv": ["lake", "env", "lean", "--trust=0", "-j1", "-M4096", "-o", "/home/runner/work/_temp/g6-cloud-build/.lake/build/lib/lean/SourceLabelledForest.olean", "/home/runner/work/_temp/g6-cloud-build/Imported/SourceLabelledForest.lean"], "cwd": "/home/runner/work/_temp/g6-cloud-build", "start": "2026-10-07T16:46:49.036681+00:00"}
verify	Verify G6 frozen sources serially	2026-10-07T16:46:53.4619564Z /home/runner/work/_temp/g6-cloud-build/Imported/SourceLabelledForest.lean:108:0: warning: automatically included section variable(s) unused in theorem `GProgram.SourceForest.merged_copies_same_population`:
verify	Verify G6 frozen sources serially	2026-10-07T16:46:53.4622082Z   [Fintype Copy]
verify	Verify G6 frozen sources serially	2026-10-07T16:46:53.4622514Z   [Fintype V]
verify	Verify G6 frozen sources serially	2026-10-07T16:46:53.4622916Z   [Fintype E]
verify	Verify G6 frozen sources serially	2026-10-07T16:46:53.4623309Z   [DecidableEq V]
verify	Verify G6 frozen sources serially	2026-10-07T16:46:53.4624268Z consider restructuring your `variable` declarations so that the variables are not in scope or explicitly omit them:
verify	Verify G6 frozen sources serially	2026-10-07T16:46:53.4625665Z   omit [Fintype Copy] [Fintype V] [Fintype E] [DecidableEq V] in theorem ...
verify	Verify G6 frozen sources serially	2026-10-07T16:46:53.4626125Z 
verify	Verify G6 frozen sources serially	2026-10-07T16:46:53.4626437Z Note: This linter can be disabled with `set_option linter.unusedSectionVars false`
verify	Verify G6 frozen sources serially	2026-10-07T16:46:53.4628104Z /home/runner/work/_temp/g6-cloud-build/Imported/SourceLabelledForest.lean:112:0: warning: automatically included section variable(s) unused in theorem `GProgram.SourceForest.distinct_live_genealogies_disjoint`:
verify	Verify G6 frozen sources serially	2026-10-07T16:46:53.4629618Z   [Fintype Copy]
verify	Verify G6 frozen sources serially	2026-10-07T16:46:53.4629893Z   [Fintype V]
verify	Verify G6 frozen sources serially	2026-10-07T16:46:53.4630132Z   [Fintype E]
verify	Verify G6 frozen sources serially	2026-10-07T16:46:53.4630350Z   [DecidableEq V]
verify	Verify G6 frozen sources serially	2026-10-07T16:46:53.4630823Z consider restructuring your `variable` declarations so that the variables are not in scope or explicitly omit them:
verify	Verify G6 frozen sources serially	2026-10-07T16:46:53.4631462Z   omit [Fintype Copy] [Fintype V] [Fintype E] [DecidableEq V] in theorem ...
verify	Verify G6 frozen sources serially	2026-10-07T16:46:53.4631771Z 
verify	Verify G6 frozen sources serially	2026-10-07T16:46:53.4632002Z Note: This linter can be disabled with `set_option linter.unusedSectionVars false`
verify	Verify G6 frozen sources serially	2026-10-07T16:46:53.4632974Z /home/runner/work/_temp/g6-cloud-build/Imported/SourceLabelledForest.lean:175:0: warning: automatically included section variable(s) unused in theorem `GProgram.SourceForest.merge_coalesces_exact_fibers`:
verify	Verify G6 frozen sources serially	2026-10-07T16:46:53.4633813Z   [Fintype Copy]
verify	Verify G6 frozen sources serially	2026-10-07T16:46:53.4634010Z   [Fintype V]
verify	Verify G6 frozen sources serially	2026-10-07T16:46:53.4634193Z   [Fintype E]
verify	Verify G6 frozen sources serially	2026-10-07T16:46:53.4634514Z   [DecidableEq V]
verify	Verify G6 frozen sources serially	2026-10-07T16:46:53.4635299Z consider restructuring your `variable` declarations so that the variables are not in scope or explicitly omit them:
verify	Verify G6 frozen sources serially	2026-10-07T16:46:53.4636387Z   omit [Fintype Copy] [Fintype V] [Fintype E] [DecidableEq V] in theorem ...
verify	Verify G6 frozen sources serially	2026-10-07T16:46:53.4636890Z 
verify	Verify G6 frozen sources serially	2026-10-07T16:46:53.4637623Z Note: This linter can be disabled with `set_option linter.unusedSectionVars false`
verify	Verify G6 frozen sources serially	2026-10-07T16:46:53.4639289Z /home/runner/work/_temp/g6-cloud-build/Imported/SourceLabelledForest.lean:179:0: warning: automatically included section variable(s) unused in theorem `GProgram.SourceForest.merge_never_splits`:
verify	Verify G6 frozen sources serially	2026-10-07T16:46:53.4640460Z   [Fintype Copy]
verify	Verify G6 frozen sources serially	2026-10-07T16:46:53.4640657Z   [Fintype V]
verify	Verify G6 frozen sources serially	2026-10-07T16:46:53.4640945Z   [Fintype E]
verify	Verify G6 frozen sources serially	2026-10-07T16:46:53.4641329Z   [DecidableEq V]
verify	Verify G6 frozen sources serially	2026-10-07T16:46:53.4641894Z consider restructuring your `variable` declarations so that the variables are not in scope or explicitly omit them:
verify	Verify G6 frozen sources serially	2026-10-07T16:46:53.4642840Z   omit [Fintype Copy] [Fintype V] [Fintype E] [DecidableEq V] in theorem ...
verify	Verify G6 frozen sources serially	2026-10-07T16:46:53.4643147Z 
verify	Verify G6 frozen sources serially	2026-10-07T16:46:53.4643372Z Note: This linter can be disabled with `set_option linter.unusedSectionVars false`
verify	Verify G6 frozen sources serially	2026-10-07T16:46:53.4644338Z /home/runner/work/_temp/g6-cloud-build/Imported/SourceLabelledForest.lean:184:0: warning: automatically included section variable(s) unused in theorem `GProgram.SourceForest.merge_population_preserved`:
verify	Verify G6 frozen sources serially	2026-10-07T16:46:53.4645149Z   [Fintype Copy]
verify	Verify G6 frozen sources serially	2026-10-07T16:46:53.4645339Z   [Fintype V]
verify	Verify G6 frozen sources serially	2026-10-07T16:46:53.4645687Z   [Fintype E]
verify	Verify G6 frozen sources serially	2026-10-07T16:46:53.4645871Z   [DecidableEq V]
verify	Verify G6 frozen sources serially	2026-10-07T16:46:53.4646317Z consider restructuring your `variable` declarations so that the variables are not in scope or explicitly omit them:
verify	Verify G6 frozen sources serially	2026-10-07T16:46:53.4646929Z   omit [Fintype Copy] [Fintype V] [Fintype E] [DecidableEq V] in theorem ...
verify	Verify G6 frozen sources serially	2026-10-07T16:46:53.4647608Z 
verify	Verify G6 frozen sources serially	2026-10-07T16:46:53.4647832Z Note: This linter can be disabled with `set_option linter.unusedSectionVars false`
verify	Verify G6 frozen sources serially	2026-10-07T16:46:53.4648759Z /home/runner/work/_temp/g6-cloud-build/Imported/SourceLabelledForest.lean:192:0: warning: automatically included section variable(s) unused in theorem `GProgram.SourceForest.merge_live_card`:
verify	Verify G6 frozen sources serially	2026-10-07T16:46:53.4649534Z   [Fintype Copy]
verify	Verify G6 frozen sources serially	2026-10-07T16:46:53.4649725Z   [Fintype V]
verify	Verify G6 frozen sources serially	2026-10-07T16:46:53.4649915Z   [Fintype E]
verify	Verify G6 frozen sources serially	2026-10-07T16:46:53.4650102Z   [DecidableEq V]
verify	Verify G6 frozen sources serially	2026-10-07T16:46:53.4650551Z consider restructuring your `variable` declarations so that the variables are not in scope or explicitly omit them:
verify	Verify G6 frozen sources serially	2026-10-07T16:46:53.4651175Z   omit [Fintype Copy] [Fintype V] [Fintype E] [DecidableEq V] in theorem ...
verify	Verify G6 frozen sources serially	2026-10-07T16:46:53.4651468Z 
verify	Verify G6 frozen sources serially	2026-10-07T16:46:53.4651687Z Note: This linter can be disabled with `set_option linter.unusedSectionVars false`
verify	Verify G6 frozen sources serially	2026-10-07T16:46:53.4652608Z /home/runner/work/_temp/g6-cloud-build/Imported/SourceLabelledForest.lean:196:0: warning: automatically included section variable(s) unused in theorem `GProgram.SourceForest.original_copy_cap`:
verify	Verify G6 frozen sources serially	2026-10-07T16:46:53.4653398Z   [Fintype V]
verify	Verify G6 frozen sources serially	2026-10-07T16:46:53.4653584Z   [Fintype E]
verify	Verify G6 frozen sources serially	2026-10-07T16:46:53.4653765Z   [DecidableEq V]
verify	Verify G6 frozen sources serially	2026-10-07T16:46:53.4654208Z consider restructuring your `variable` declarations so that the variables are not in scope or explicitly omit them:
verify	Verify G6 frozen sources serially	2026-10-07T16:46:53.4654781Z   omit [Fintype V] [Fintype E] [DecidableEq V] in theorem ...
verify	Verify G6 frozen sources serially	2026-10-07T16:46:53.4655021Z 
verify	Verify G6 frozen sources serially	2026-10-07T16:46:53.4655229Z Note: This linter can be disabled with `set_option linter.unusedSectionVars false`
verify	Verify G6 frozen sources serially	2026-10-07T16:46:53.4656131Z /home/runner/work/_temp/g6-cloud-build/Imported/SourceLabelledForest.lean:204:0: warning: automatically included section variable(s) unused in theorem `GProgram.SourceForest.transport_valid`:
verify	Verify G6 frozen sources serially	2026-10-07T16:46:53.4656912Z   [Fintype Copy]
verify	Verify G6 frozen sources serially	2026-10-07T16:46:53.4657383Z   [Fintype V]
verify	Verify G6 frozen sources serially	2026-10-07T16:46:53.4657573Z   [Fintype E]
verify	Verify G6 frozen sources serially	2026-10-07T16:46:53.4657757Z   [DecidableEq V]
verify	Verify G6 frozen sources serially	2026-10-07T16:46:53.4658227Z consider restructuring your `variable` declarations so that the variables are not in scope or explicitly omit them:
verify	Verify G6 frozen sources serially	2026-10-07T16:46:53.4658853Z   omit [Fintype Copy] [Fintype V] [Fintype E] [DecidableEq V] in theorem ...
verify	Verify G6 frozen sources serially	2026-10-07T16:46:53.4659141Z 
verify	Verify G6 frozen sources serially	2026-10-07T16:46:53.4659355Z Note: This linter can be disabled with `set_option linter.unusedSectionVars false`
verify	Verify G6 frozen sources serially	2026-10-07T16:46:53.4660318Z /home/runner/work/_temp/g6-cloud-build/Imported/SourceLabelledForest.lean:227:0: warning: automatically included section variable(s) unused in theorem `GProgram.SourceForest.enterRoot_retains_original_root`:
verify	Verify G6 frozen sources serially	2026-10-07T16:46:53.4661148Z   [Fintype Copy]
verify	Verify G6 frozen sources serially	2026-10-07T16:46:53.4661590Z consider restructuring your `variable` declarations so that the variables are not in scope or explicitly omit them:
verify	Verify G6 frozen sources serially	2026-10-07T16:46:53.4662108Z   omit [Fintype Copy] in theorem ...
verify	Verify G6 frozen sources serially	2026-10-07T16:46:53.4662280Z 
verify	Verify G6 frozen sources serially	2026-10-07T16:46:53.4662495Z Note: This linter can be disabled with `set_option linter.unusedSectionVars false`
verify	Verify G6 frozen sources serially	2026-10-07T16:46:53.4663389Z /home/runner/work/_temp/g6-cloud-build/Imported/SourceLabelledForest.lean:258:0: warning: automatically included section variable(s) unused in theorem `GProgram.SourceForest.pulse_valid`:
verify	Verify G6 frozen sources serially	2026-10-07T16:46:53.4664317Z   [Fintype Copy]
verify	Verify G6 frozen sources serially	2026-10-07T16:46:53.4664755Z consider restructuring your `variable` declarations so that the variables are not in scope or explicitly omit them:
verify	Verify G6 frozen sources serially	2026-10-07T16:46:53.4665272Z   omit [Fintype Copy] in theorem ...
verify	Verify G6 frozen sources serially	2026-10-07T16:46:53.4665438Z 
verify	Verify G6 frozen sources serially	2026-10-07T16:46:53.4665650Z Note: This linter can be disabled with `set_option linter.unusedSectionVars false`
verify	Verify G6 frozen sources serially	2026-10-07T16:46:53.4666583Z /home/runner/work/_temp/g6-cloud-build/Imported/SourceLabelledForest.lean:263:0: warning: automatically included section variable(s) unused in theorem `GProgram.SourceForest.pulse_ancestor_unchanged`:
verify	Verify G6 frozen sources serially	2026-10-07T16:46:53.4667862Z   [Fintype Copy]
verify	Verify G6 frozen sources serially	2026-10-07T16:46:53.4668304Z consider restructuring your `variable` declarations so that the variables are not in scope or explicitly omit them:
verify	Verify G6 frozen sources serially	2026-10-07T16:46:53.4668810Z   omit [Fintype Copy] in theorem ...
verify	Verify G6 frozen sources serially	2026-10-07T16:46:53.4668985Z 
verify	Verify G6 frozen sources serially	2026-10-07T16:46:53.4669197Z Note: This linter can be disabled with `set_option linter.unusedSectionVars false`
verify	Verify G6 frozen sources serially	2026-10-07T16:46:53.4670133Z /home/runner/work/_temp/g6-cloud-build/Imported/SourceLabelledForest.lean:267:0: warning: automatically included section variable(s) unused in theorem `GProgram.SourceForest.pulse_genealogy_unchanged`:
verify	Verify G6 frozen sources serially	2026-10-07T16:46:53.4671200Z   [Fintype Copy]
verify	Verify G6 frozen sources serially	2026-10-07T16:46:53.4671987Z consider restructuring your `variable` declarations so that the variables are not in scope or explicitly omit them:
verify	Verify G6 frozen sources serially	2026-10-07T16:46:53.4672831Z   omit [Fintype Copy] in theorem ...
verify	Verify G6 frozen sources serially	2026-10-07T16:46:53.4673235Z 
verify	Verify G6 frozen sources serially	2026-10-07T16:46:53.4673615Z Note: This linter can be disabled with `set_option linter.unusedSectionVars false`
verify	Verify G6 frozen sources serially	2026-10-07T16:46:53.4675300Z /home/runner/work/_temp/g6-cloud-build/Imported/SourceLabelledForest.lean:271:0: warning: automatically included section variable(s) unused in theorem `GProgram.SourceForest.pulse_register_retained`:
verify	Verify G6 frozen sources serially	2026-10-07T16:46:53.4676673Z   [Fintype Copy]
verify	Verify G6 frozen sources serially	2026-10-07T16:46:53.4677701Z consider restructuring your `variable` declarations so that the variables are not in scope or explicitly omit them:
verify	Verify G6 frozen sources serially	2026-10-07T16:46:53.4678631Z   omit [Fintype Copy] in theorem ...
verify	Verify G6 frozen sources serially	2026-10-07T16:46:53.4678924Z 
verify	Verify G6 frozen sources serially	2026-10-07T16:46:53.4679306Z Note: This linter can be disabled with `set_option linter.unusedSectionVars false`
verify	Verify G6 frozen sources serially	2026-10-07T16:46:53.4681044Z /home/runner/work/_temp/g6-cloud-build/Imported/SourceLabelledForest.lean:275:0: warning: automatically included section variable(s) unused in theorem `GProgram.SourceForest.pulse_routes_current_ancestor`:
verify	Verify G6 frozen sources serially	2026-10-07T16:46:53.4682533Z   [Fintype Copy]
verify	Verify G6 frozen sources serially	2026-10-07T16:46:53.4683299Z consider restructuring your `variable` declarations so that the variables are not in scope or explicitly omit them:
verify	Verify G6 frozen sources serially	2026-10-07T16:46:53.4684139Z   omit [Fintype Copy] in theorem ...
verify	Verify G6 frozen sources serially	2026-10-07T16:46:53.4684429Z 
verify	Verify G6 frozen sources serially	2026-10-07T16:46:53.4684798Z Note: This linter can be disabled with `set_option linter.unusedSectionVars false`
verify	Verify G6 frozen sources serially	2026-10-07T16:46:53.4685948Z /home/runner/work/_temp/g6-cloud-build/Imported/SourceLabelledForest.lean:299:8: warning: This simp argument is unused:
verify	Verify G6 frozen sources serially	2026-10-07T16:46:53.4686884Z   Fintype.sum_bool
verify	Verify G6 frozen sources serially	2026-10-07T16:46:53.4687283Z 
verify	Verify G6 frozen sources serially	2026-10-07T16:46:53.4687467Z Hint: Omit it from the simp argument list.
verify	Verify G6 frozen sources serially	2026-10-07T16:46:53.4687958Z   [apply] simp [bitWeight]
verify	Verify G6 frozen sources serially	2026-10-07T16:46:53.4688208Z 
verify	Verify G6 frozen sources serially	2026-10-07T16:46:53.4688555Z Note: This linter can be disabled with `set_option linter.unusedSimpArgs false`
verify	Verify G6 frozen sources serially	2026-10-07T16:46:53.4690205Z /home/runner/work/_temp/g6-cloud-build/Imported/SourceLabelledForest.lean:323:0: warning: automatically included section variable(s) unused in theorem `GProgram.SourceForest.initial_source_valid`:
verify	Verify G6 frozen sources serially	2026-10-07T16:46:53.4691659Z   [DecidableEq E]
verify	Verify G6 frozen sources serially	2026-10-07T16:46:53.4692453Z consider restructuring your `variable` declarations so that the variables are not in scope or explicitly omit them:
verify	Verify G6 frozen sources serially	2026-10-07T16:46:53.4693365Z   omit [DecidableEq E] in theorem ...
verify	Verify G6 frozen sources serially	2026-10-07T16:46:53.4693660Z 
verify	Verify G6 frozen sources serially	2026-10-07T16:46:53.4694286Z Note: This linter can be disabled with `set_option linter.unusedSectionVars false`
verify	Verify G6 frozen sources serially	2026-10-07T16:46:53.4695945Z /home/runner/work/_temp/g6-cloud-build/Imported/SourceLabelledForest.lean:327:0: warning: automatically included section variable(s) unused in theorem `GProgram.SourceForest.merge_source_valid`:
verify	Verify G6 frozen sources serially	2026-10-07T16:46:53.4698930Z   [DecidableEq E]
verify	Verify G6 frozen sources serially	2026-10-07T16:46:53.4699728Z consider restructuring your `variable` declarations so that the variables are not in scope or explicitly omit them:
verify	Verify G6 frozen sources serially	2026-10-07T16:46:53.4700964Z   omit [DecidableEq E] in theorem ...
verify	Verify G6 frozen sources serially	2026-10-07T16:46:53.4701564Z 
verify	Verify G6 frozen sources serially	2026-10-07T16:46:53.4701825Z Note: This linter can be disabled with `set_option linter.unusedSectionVars false`
verify	Verify G6 frozen sources serially	2026-10-07T16:46:53.4703651Z /home/runner/work/_temp/g6-cloud-build/Imported/SourceLabelledForest.lean:368:0: warning: automatically included section variable(s) unused in theorem `GProgram.SourceForest.original_parent_targets_hybrid`:
verify	Verify G6 frozen sources serially	2026-10-07T16:46:53.4705289Z   [DecidableEq E]
verify	Verify G6 frozen sources serially	2026-10-07T16:46:53.4706684Z consider restructuring your `variable` declarations so that the variables are not in scope or explicitly omit them:
verify	Verify G6 frozen sources serially	2026-10-07T16:46:53.4708128Z   omit [DecidableEq E] in theorem ...
verify	Verify G6 frozen sources serially	2026-10-07T16:46:53.4708465Z 
verify	Verify G6 frozen sources serially	2026-10-07T16:46:53.4708854Z Note: This linter can be disabled with `set_option linter.unusedSectionVars false`
verify	Verify G6 frozen sources serially	2026-10-07T16:46:53.4710565Z /home/runner/work/_temp/g6-cloud-build/Imported/SourceLabelledForest.lean:407:0: warning: automatically included section variable(s) unused in theorem `GProgram.SourceForest.step_register_retained`:
verify	Verify G6 frozen sources serially	2026-10-07T16:46:53.4711575Z   [Fintype Copy]
verify	Verify G6 frozen sources serially	2026-10-07T16:46:53.4712088Z consider restructuring your `variable` declarations so that the variables are not in scope or explicitly omit them:
verify	Verify G6 frozen sources serially	2026-10-07T16:46:53.4712615Z   omit [Fintype Copy] in theorem ...
verify	Verify G6 frozen sources serially	2026-10-07T16:46:53.4712788Z 
verify	Verify G6 frozen sources serially	2026-10-07T16:46:53.4713010Z Note: This linter can be disabled with `set_option linter.unusedSectionVars false`
verify	Verify G6 frozen sources serially	2026-10-07T16:46:53.4713944Z /home/runner/work/_temp/g6-cloud-build/Imported/SourceLabelledForest.lean:411:0: warning: automatically included section variable(s) unused in theorem `GProgram.SourceForest.step_history_extends`:
verify	Verify G6 frozen sources serially	2026-10-07T16:46:53.4714738Z   [Fintype Copy]
verify	Verify G6 frozen sources serially	2026-10-07T16:46:53.4715197Z consider restructuring your `variable` declarations so that the variables are not in scope or explicitly omit them:
verify	Verify G6 frozen sources serially	2026-10-07T16:46:53.4715737Z   omit [Fintype Copy] in theorem ...
verify	Verify G6 frozen sources serially	2026-10-07T16:46:53.4715907Z 
verify	Verify G6 frozen sources serially	2026-10-07T16:46:53.4716129Z Note: This linter can be disabled with `set_option linter.unusedSectionVars false`
verify	Verify G6 frozen sources serially	2026-10-07T16:46:53.4717404Z /home/runner/work/_temp/g6-cloud-build/Imported/SourceLabelledForest.lean:472:0: warning: automatically included section variable(s) unused in theorem `GProgram.SourceForest.Genealogy.joinPruned_leaves`:
verify	Verify G6 frozen sources serially	2026-10-07T16:46:53.4718260Z   [Fintype Copy]
verify	Verify G6 frozen sources serially	2026-10-07T16:46:53.4718700Z consider restructuring your `variable` declarations so that the variables are not in scope or explicitly omit them:
verify	Verify G6 frozen sources serially	2026-10-07T16:46:53.4719220Z   omit [Fintype Copy] in theorem ...
verify	Verify G6 frozen sources serially	2026-10-07T16:46:53.4719397Z 
verify	Verify G6 frozen sources serially	2026-10-07T16:46:53.4719606Z Note: This linter can be disabled with `set_option linter.unusedSectionVars false`
verify	Verify G6 frozen sources serially	2026-10-07T16:46:53.4720685Z /home/runner/work/_temp/g6-cloud-build/Imported/SourceLabelledForest.lean:496:0: warning: automatically included section variable(s) unused in theorem `GProgram.SourceForest.mem_visibleAncestors`:
verify	Verify G6 frozen sources serially	2026-10-07T16:46:53.4721632Z   [Fintype Copy]
verify	Verify G6 frozen sources serially	2026-10-07T16:46:53.4721823Z   [Fintype V]
verify	Verify G6 frozen sources serially	2026-10-07T16:46:53.4722065Z   [Fintype E]
verify	Verify G6 frozen sources serially	2026-10-07T16:46:53.4722327Z   [DecidableEq V]
verify	Verify G6 frozen sources serially	2026-10-07T16:46:53.4722531Z   [DecidableEq E]
verify	Verify G6 frozen sources serially	2026-10-07T16:46:53.4722969Z consider restructuring your `variable` declarations so that the variables are not in scope or explicitly omit them:
verify	Verify G6 frozen sources serially	2026-10-07T16:46:53.4723785Z   omit [Fintype Copy] [Fintype V] [Fintype E] [DecidableEq V] [DecidableEq E] in theorem ...
verify	Verify G6 frozen sources serially	2026-10-07T16:46:53.4724126Z 
verify	Verify G6 frozen sources serially	2026-10-07T16:46:53.4724393Z Note: This linter can be disabled with `set_option linter.unusedSectionVars false`
verify	Verify G6 frozen sources serially	2026-10-07T16:46:53.4725879Z /home/runner/work/_temp/g6-cloud-build/Imported/SourceLabelledForest.lean:501:0: warning: automatically included section variable(s) unused in theorem `GProgram.SourceForest.selectedBlock_eq_fiber`:
verify	Verify G6 frozen sources serially	2026-10-07T16:46:53.4726717Z   [Fintype Copy]
verify	Verify G6 frozen sources serially	2026-10-07T16:46:53.4727164Z   [Fintype V]
verify	Verify G6 frozen sources serially	2026-10-07T16:46:53.4727362Z   [Fintype E]
verify	Verify G6 frozen sources serially	2026-10-07T16:46:53.4727545Z   [DecidableEq V]
verify	Verify G6 frozen sources serially	2026-10-07T16:46:53.4727734Z   [DecidableEq E]
verify	Verify G6 frozen sources serially	2026-10-07T16:46:53.4728416Z consider restructuring your `variable` declarations so that the variables are not in scope or explicitly omit them:
verify	Verify G6 frozen sources serially	2026-10-07T16:46:53.4729536Z   omit [Fintype Copy] [Fintype V] [Fintype E] [DecidableEq V] [DecidableEq E] in theorem ...
verify	Verify G6 frozen sources serially	2026-10-07T16:46:53.4729921Z 
verify	Verify G6 frozen sources serially	2026-10-07T16:46:53.4730162Z Note: This linter can be disabled with `set_option linter.unusedSectionVars false`
verify	Verify G6 frozen sources serially	2026-10-07T16:46:53.4731393Z /home/runner/work/_temp/g6-cloud-build/Imported/SourceLabelledForest.lean:527:0: warning: automatically included section variable(s) unused in theorem `GProgram.SourceForest.selectedBlock_merge_survivor`:
verify	Verify G6 frozen sources serially	2026-10-07T16:46:53.4732448Z   [Fintype Copy]
verify	Verify G6 frozen sources serially	2026-10-07T16:46:53.4732651Z   [Fintype V]
verify	Verify G6 frozen sources serially	2026-10-07T16:46:53.4732834Z   [Fintype E]
verify	Verify G6 frozen sources serially	2026-10-07T16:46:53.4733112Z   [DecidableEq V]
verify	Verify G6 frozen sources serially	2026-10-07T16:46:53.4733359Z   [DecidableEq E]
verify	Verify G6 frozen sources serially	2026-10-07T16:46:53.4733807Z consider restructuring your `variable` declarations so that the variables are not in scope or explicitly omit them:
verify	Verify G6 frozen sources serially	2026-10-07T16:46:53.4734602Z   omit [Fintype Copy] [Fintype V] [Fintype E] [DecidableEq V] [DecidableEq E] in theorem ...
verify	Verify G6 frozen sources serially	2026-10-07T16:46:53.4734949Z 
verify	Verify G6 frozen sources serially	2026-10-07T16:46:53.4735177Z Note: This linter can be disabled with `set_option linter.unusedSectionVars false`
verify	Verify G6 frozen sources serially	2026-10-07T16:46:53.4736277Z /home/runner/work/_temp/g6-cloud-build/Imported/SourceLabelledForest.lean:532:0: warning: automatically included section variable(s) unused in theorem `GProgram.SourceForest.selectedBlock_merge_other`:
verify	Verify G6 frozen sources serially	2026-10-07T16:46:53.4737353Z   [Fintype Copy]
verify	Verify G6 frozen sources serially	2026-10-07T16:46:53.4737549Z   [Fintype V]
verify	Verify G6 frozen sources serially	2026-10-07T16:46:53.4737891Z   [Fintype E]
verify	Verify G6 frozen sources serially	2026-10-07T16:46:53.4738079Z   [DecidableEq V]
verify	Verify G6 frozen sources serially	2026-10-07T16:46:53.4738270Z   [DecidableEq E]
verify	Verify G6 frozen sources serially	2026-10-07T16:46:53.4738718Z consider restructuring your `variable` declarations so that the variables are not in scope or explicitly omit them:
verify	Verify G6 frozen sources serially	2026-10-07T16:46:53.4739535Z   omit [Fintype Copy] [Fintype V] [Fintype E] [DecidableEq V] [DecidableEq E] in theorem ...
verify	Verify G6 frozen sources serially	2026-10-07T16:46:53.4739866Z 
verify	Verify G6 frozen sources serially	2026-10-07T16:46:53.4740222Z Note: This linter can be disabled with `set_option linter.unusedSectionVars false`
verify	Verify G6 frozen sources serially	2026-10-07T16:46:53.4741233Z /home/runner/work/_temp/g6-cloud-build/Imported/SourceLabelledForest.lean:537:0: warning: automatically included section variable(s) unused in theorem `GProgram.SourceForest.prune_merge_survivor`:
verify	Verify G6 frozen sources serially	2026-10-07T16:46:53.4742339Z   [Fintype Copy]
verify	Verify G6 frozen sources serially	2026-10-07T16:46:53.4742678Z   [Fintype V]
verify	Verify G6 frozen sources serially	2026-10-07T16:46:53.4742865Z   [Fintype E]
verify	Verify G6 frozen sources serially	2026-10-07T16:46:53.4743045Z   [DecidableEq V]
verify	Verify G6 frozen sources serially	2026-10-07T16:46:53.4743239Z   [DecidableEq E]
verify	Verify G6 frozen sources serially	2026-10-07T16:46:53.4743826Z consider restructuring your `variable` declarations so that the variables are not in scope or explicitly omit them:
verify	Verify G6 frozen sources serially	2026-10-07T16:46:53.4744499Z   omit [Fintype Copy] [Fintype V] [Fintype E] [DecidableEq V] [DecidableEq E] in theorem ...
verify	Verify G6 frozen sources serially	2026-10-07T16:46:53.4744954Z 
verify	Verify G6 frozen sources serially	2026-10-07T16:46:53.4745207Z Note: This linter can be disabled with `set_option linter.unusedSectionVars false`
verify	Verify G6 frozen sources serially	2026-10-07T16:46:53.4746320Z /home/runner/work/_temp/g6-cloud-build/Imported/SourceLabelledForest.lean:542:0: warning: automatically included section variable(s) unused in theorem `GProgram.SourceForest.pulse_selected_genealogy_unchanged`:
verify	Verify G6 frozen sources serially	2026-10-07T16:46:53.4747435Z   [Fintype Copy]
verify	Verify G6 frozen sources serially	2026-10-07T16:46:53.4747921Z consider restructuring your `variable` declarations so that the variables are not in scope or explicitly omit them:
verify	Verify G6 frozen sources serially	2026-10-07T16:46:53.4748852Z   omit [Fintype Copy] in theorem ...
verify	Verify G6 frozen sources serially	2026-10-07T16:46:53.4749044Z 
verify	Verify G6 frozen sources serially	2026-10-07T16:46:53.4749264Z Note: This linter can be disabled with `set_option linter.unusedSectionVars false`
verify	Verify G6 frozen sources serially	2026-10-07T16:46:53.4750620Z /home/runner/work/_temp/g6-cloud-build/Imported/SourceLabelledForest.lean:551:0: warning: automatically included section variable(s) unused in theorem `GProgram.SourceForest.Genealogy.joinPruned_wellLabelled`:
verify	Verify G6 frozen sources serially	2026-10-07T16:46:53.4751621Z   [Fintype Copy]
verify	Verify G6 frozen sources serially	2026-10-07T16:46:53.4752067Z consider restructuring your `variable` declarations so that the variables are not in scope or explicitly omit them:
verify	Verify G6 frozen sources serially	2026-10-07T16:46:53.4752744Z   omit [Fintype Copy] in theorem ...
verify	Verify G6 frozen sources serially	2026-10-07T16:46:53.4752916Z 
verify	Verify G6 frozen sources serially	2026-10-07T16:46:53.4753135Z Note: This linter can be disabled with `set_option linter.unusedSectionVars false`
verify	Verify G6 frozen sources serially	2026-10-07T16:46:53.4754406Z /home/runner/work/_temp/g6-cloud-build/Imported/SourceLabelledForest.lean:572:0: warning: automatically included section variable(s) unused in theorem `GProgram.SourceForest.unique_live_genealogy`:
verify	Verify G6 frozen sources serially	2026-10-07T16:46:53.4755371Z   [Fintype Copy]
verify	Verify G6 frozen sources serially	2026-10-07T16:46:53.4755565Z   [Fintype V]
verify	Verify G6 frozen sources serially	2026-10-07T16:46:53.4755868Z   [Fintype E]
verify	Verify G6 frozen sources serially	2026-10-07T16:46:53.4756081Z   [DecidableEq V]
verify	Verify G6 frozen sources serially	2026-10-07T16:46:53.4756274Z   [DecidableEq E]
verify	Verify G6 frozen sources serially	2026-10-07T16:46:53.4756718Z consider restructuring your `variable` declarations so that the variables are not in scope or explicitly omit them:
verify	Verify G6 frozen sources serially	2026-10-07T16:46:53.4757783Z   omit [Fintype Copy] [Fintype V] [Fintype E] [DecidableEq V] [DecidableEq E] in theorem ...
verify	Verify G6 frozen sources serially	2026-10-07T16:46:53.4758124Z 
verify	Verify G6 frozen sources serially	2026-10-07T16:46:53.4758495Z Note: This linter can be disabled with `set_option linter.unusedSectionVars false`
verify	Verify G6 frozen sources serially	2026-10-07T16:46:53.4759575Z /home/runner/work/_temp/g6-cloud-build/Imported/SourceLabelledForest.lean:580:0: warning: automatically included section variable(s) unused in theorem `GProgram.SourceForest.source_live_root_is_original`:
verify	Verify G6 frozen sources serially	2026-10-07T16:46:53.4760421Z   [Fintype Copy]
verify	Verify G6 frozen sources serially	2026-10-07T16:46:53.4760723Z   [DecidableEq E]
verify	Verify G6 frozen sources serially	2026-10-07T16:46:53.4761192Z consider restructuring your `variable` declarations so that the variables are not in scope or explicitly omit them:
verify	Verify G6 frozen sources serially	2026-10-07T16:46:53.4761815Z   omit [Fintype Copy] [DecidableEq E] in theorem ...
verify	Verify G6 frozen sources serially	2026-10-07T16:46:53.4762106Z 
verify	Verify G6 frozen sources serially	2026-10-07T16:46:53.4762327Z Note: This linter can be disabled with `set_option linter.unusedSectionVars false`
verify	Verify G6 frozen sources serially	2026-10-07T16:46:53.4763125Z /home/runner/work/_temp/g6-cloud-build/Imported/SourceLabelledForest.lean:645:10: warning: This simp argument is unused:
verify	Verify G6 frozen sources serially	2026-10-07T16:46:53.4763672Z   Fintype.sum_bool
verify	Verify G6 frozen sources serially	2026-10-07T16:46:53.4763796Z 
verify	Verify G6 frozen sources serially	2026-10-07T16:46:53.4763899Z Hint: Omit it from the simp argument list.
verify	Verify G6 frozen sources serially	2026-10-07T16:46:53.4764343Z   [apply] simp [cylinderFactor, bitWeight, ha, hw]
verify	Verify G6 frozen sources serially	2026-10-07T16:46:53.4764560Z 
verify	Verify G6 frozen sources serially	2026-10-07T16:46:53.4764768Z Note: This linter can be disabled with `set_option linter.unusedSimpArgs false`
verify	Verify G6 frozen sources serially	2026-10-07T16:46:53.4765544Z 'GProgram.SourceForest.pulse_selected_coin_marginal' depends on axioms: [propext, Classical.choice, Quot.sound]
verify	Verify G6 frozen sources serially	2026-10-07T16:46:53.4766352Z 'GProgram.SourceForest.coinCylinderMass_eq_retained_product' depends on axioms: [propext, Classical.choice, Quot.sound]
verify	Verify G6 frozen sources serially	2026-10-07T16:46:53.4767405Z 'GProgram.SourceForest.Genealogy.prune_wellLabelled' depends on axioms: [propext, Classical.choice, Quot.sound]
verify	Verify G6 frozen sources serially	2026-10-07T16:46:53.4768521Z 'GProgram.SourceForest.unique_live_genealogy' depends on axioms: [propext, Classical.choice, Quot.sound]
verify	Verify G6 frozen sources serially	2026-10-07T16:46:53.4769423Z 'GProgram.SourceForest.source_live_root_is_original' depends on axioms: [propext, Classical.choice, Quot.sound]
verify	Verify G6 frozen sources serially	2026-10-07T16:46:53.4770185Z 'GProgram.SourceForest.source_trace_original_copy_budget' depends on axioms: [propext, Classical.choice, Quot.sound]
verify	Verify G6 frozen sources serially	2026-10-07T16:46:53.4771129Z 'GProgram.SourceForest.source_trace_history_prefix' depends on axioms: [propext, Classical.choice, Quot.sound]
verify	Verify G6 frozen sources serially	2026-10-07T16:46:53.4772046Z 'GProgram.SourceForest.Genealogy.prune_leaves' depends on axioms: [propext, Classical.choice, Quot.sound]
verify	Verify G6 frozen sources serially	2026-10-07T16:46:53.4772925Z 'GProgram.SourceForest.selectedBlock_injective_on_visible' depends on axioms: [propext, Classical.choice, Quot.sound]
verify	Verify G6 frozen sources serially	2026-10-07T16:46:53.4773815Z 'GProgram.SourceForest.selectedBlock_merge_survivor' depends on axioms: [propext, Classical.choice, Quot.sound]
verify	Verify G6 frozen sources serially	2026-10-07T16:46:53.4774916Z 'GProgram.SourceForest.prune_merge_survivor' depends on axioms: [propext, Classical.choice, Quot.sound]
verify	Verify G6 frozen sources serially	2026-10-07T16:46:53.4775781Z 'GProgram.SourceForest.source_trace_valid' depends on axioms: [propext, Classical.choice, Quot.sound]
verify	Verify G6 frozen sources serially	2026-10-07T16:46:53.4776565Z 'GProgram.SourceForest.source_trace_register' depends on axioms: [propext, Classical.choice, Quot.sound]
verify	Verify G6 frozen sources serially	2026-10-07T16:46:53.4777622Z 'GProgram.SourceForest.step_history_extends' depends on axioms: [propext, Classical.choice, Quot.sound]
verify	Verify G6 frozen sources serially	2026-10-07T16:46:53.4778766Z 'GProgram.SourceForest.pulseExpectation_one' depends on axioms: [propext, Classical.choice, Quot.sound]
verify	Verify G6 frozen sources serially	2026-10-07T16:46:53.4779716Z 'GProgram.SourceForest.pulseExpectation_nonnegative' depends on axioms: [propext, Classical.choice, Quot.sound]
verify	Verify G6 frozen sources serially	2026-10-07T16:46:53.4780618Z 'GProgram.SourceForest.initial_valid' depends on axioms: [propext, Classical.choice, Quot.sound]
verify	Verify G6 frozen sources serially	2026-10-07T16:46:53.4781265Z 'GProgram.SourceForest.merge_valid' depends on axioms: [propext, Classical.choice, Quot.sound]
verify	Verify G6 frozen sources serially	2026-10-07T16:46:53.4782139Z 'GProgram.SourceForest.merge_population_preserved' depends on axioms: [propext, Classical.choice, Quot.sound]
verify	Verify G6 frozen sources serially	2026-10-07T16:46:53.4782897Z 'GProgram.SourceForest.merge_never_splits' depends on axioms: [propext, Classical.choice, Quot.sound]
verify	Verify G6 frozen sources serially	2026-10-07T16:46:53.4783699Z 'GProgram.SourceForest.merge_live_card' depends on axioms: [propext, Classical.choice, Quot.sound]
verify	Verify G6 frozen sources serially	2026-10-07T16:46:53.4784423Z 'GProgram.SourceForest.enterRoot_retains_original_root' depends on axioms: [propext, Classical.choice, Quot.sound]
verify	Verify G6 frozen sources serially	2026-10-07T16:46:53.4785132Z 'GProgram.SourceForest.pulse_valid' depends on axioms: [propext, Classical.choice, Quot.sound]
verify	Verify G6 frozen sources serially	2026-10-07T16:46:53.4786016Z 'GProgram.SourceForest.pulse_routes_current_ancestor' depends on axioms: [propext, Classical.choice, Quot.sound]
verify	Verify G6 frozen sources serially	2026-10-07T16:46:53.4786761Z 'GProgram.SourceForest.pulse_cannot_split_copies' depends on axioms: [propext, Classical.choice, Quot.sound]
verify	Verify G6 frozen sources serially	2026-10-07T16:46:53.4787767Z 'GProgram.SourceForest.independentWeight_normalized' depends on axioms: [propext, Classical.choice, Quot.sound]
verify	Verify G6 frozen sources serially	2026-10-07T16:46:53.4788566Z 'GProgram.SourceForest.independentWeight_nonnegative' depends on axioms: [propext, Classical.choice, Quot.sound]
verify	Verify G6 frozen sources serially	2026-10-07T16:46:53.4790490Z G6_RECEIPT {"argv": ["lake", "env", "lean", "--trust=0", "-j1", "-M4096", "-o", "/home/runner/work/_temp/g6-cloud-build/.lake/build/lib/lean/SourceLabelledForest.olean", "/home/runner/work/_temp/g6-cloud-build/Imported/SourceLabelledForest.lean"], "start": "2026-10-07T16:46:49.036681+00:00", "end": "2026-10-07T16:46:53.461690+00:00", "exit": 0, "output_sha256": "79ac7b957f8500fff5f2e97d6b4f5c421747bab05c34771d0de9451c972e26df"}
verify	Verify G6 frozen sources serially	2026-10-07T16:46:53.4792973Z G6_COMMAND {"argv": ["lake", "env", "lean", "--trust=0", "-j1", "-M4096", "-o", "/home/runner/work/_temp/g6-cloud-build/.lake/build/lib/lean/SourceForestKingmanProjection.olean", "/home/runner/work/_temp/g6-cloud-build/Imported/SourceForestKingmanProjection.lean"], "cwd": "/home/runner/work/_temp/g6-cloud-build", "start": "2026-10-07T16:46:53.462349+00:00"}
verify	Verify G6 frozen sources serially	2026-10-07T16:46:55.4596263Z /home/runner/work/_temp/g6-cloud-build/Imported/SourceForestKingmanProjection.lean:31:0: warning: automatically included section variable(s) unused in theorem `GProgram.SourceForestKingmanProjection.image_offDiag_eq`:
verify	Verify G6 frozen sources serially	2026-10-07T16:46:55.4599062Z   [DecidableEq α]
verify	Verify G6 frozen sources serially	2026-10-07T16:46:55.4599868Z consider restructuring your `variable` declarations so that the variables are not in scope or explicitly omit them:
verify	Verify G6 frozen sources serially	2026-10-07T16:46:55.4600847Z   omit [DecidableEq α] in theorem ...
verify	Verify G6 frozen sources serially	2026-10-07T16:46:55.4601196Z 
verify	Verify G6 frozen sources serially	2026-10-07T16:46:55.4601585Z Note: This linter can be disabled with `set_option linter.unusedSectionVars false`
verify	Verify G6 frozen sources serially	2026-10-07T16:46:55.4603526Z /home/runner/work/_temp/g6-cloud-build/Imported/SourceForestKingmanProjection.lean:57:0: warning: automatically included section variable(s) unused in theorem `GProgram.SourceForestKingmanProjection.pairMap_injective_on_offDiag`:
verify	Verify G6 frozen sources serially	2026-10-07T16:46:55.4605546Z   [DecidableEq α]
verify	Verify G6 frozen sources serially	2026-10-07T16:46:55.4605919Z   [DecidableEq β]
verify	Verify G6 frozen sources serially	2026-10-07T16:46:55.4606710Z consider restructuring your `variable` declarations so that the variables are not in scope or explicitly omit them:
verify	Verify G6 frozen sources serially	2026-10-07T16:46:55.4607946Z   omit [DecidableEq α] [DecidableEq β] in theorem ...
verify	Verify G6 frozen sources serially	2026-10-07T16:46:55.4608319Z 
verify	Verify G6 frozen sources serially	2026-10-07T16:46:55.4608697Z Note: This linter can be disabled with `set_option linter.unusedSectionVars false`
verify	Verify G6 frozen sources serially	2026-10-07T16:46:55.4609852Z 'GProgram.SourceForestKingmanProjection.source_visible_pair_unique_preimage' depends on axioms: [propext,
verify	Verify G6 frozen sources serially	2026-10-07T16:46:55.4610976Z  Classical.choice,
verify	Verify G6 frozen sources serially	2026-10-07T16:46:55.4611292Z  Quot.sound]
verify	Verify G6 frozen sources serially	2026-10-07T16:46:55.4612048Z 'GProgram.SourceForestKingmanProjection.actual_source_visible_generator_identity' depends on axioms: [propext,
verify	Verify G6 frozen sources serially	2026-10-07T16:46:55.4613014Z  Classical.choice,
verify	Verify G6 frozen sources serially	2026-10-07T16:46:55.4613342Z  Quot.sound]
verify	Verify G6 frozen sources serially	2026-10-07T16:46:55.4615960Z G6_RECEIPT {"argv": ["lake", "env", "lean", "--trust=0", "-j1", "-M4096", "-o", "/home/runner/work/_temp/g6-cloud-build/.lake/build/lib/lean/SourceForestKingmanProjection.olean", "/home/runner/work/_temp/g6-cloud-build/Imported/SourceForestKingmanProjection.lean"], "start": "2026-10-07T16:46:53.462349+00:00", "end": "2026-10-07T16:46:55.458365+00:00", "exit": 0, "output_sha256": "855843569cbe38777bb54221148423275400b580a00dfd6ed32803a8c1d11904"}
verify	Verify G6 frozen sources serially	2026-10-07T16:46:55.4620784Z G6_COMMAND {"argv": ["lake", "env", "lean", "--trust=0", "-j1", "-M4096", "-o", "/home/runner/work/_temp/g6-cloud-build/.lake/build/lib/lean/SourceForestKingmanPopulationProjection.olean", "/home/runner/work/_temp/g6-cloud-build/Imported/SourceForestKingmanPopulationProjection.lean"], "cwd": "/home/runner/work/_temp/g6-cloud-build", "start": "2026-10-07T16:46:55.458680+00:00"}
verify	Verify G6 frozen sources serially	2026-10-07T16:46:57.2882467Z /home/runner/work/_temp/g6-cloud-build/Imported/SourceForestKingmanPopulationProjection.lean:27:0: warning: automatically included section variable(s) unused in theorem `GProgram.SourceForestKingmanPopulationProjection.populationRoots_subset_live`:
verify	Verify G6 frozen sources serially	2026-10-07T16:46:57.2883950Z   [Fintype V]
verify	Verify G6 frozen sources serially	2026-10-07T16:46:57.2884178Z   [Fintype E]
verify	Verify G6 frozen sources serially	2026-10-07T16:46:57.2884405Z   [Fintype Copy]
verify	Verify G6 frozen sources serially	2026-10-07T16:46:57.2884972Z consider restructuring your `variable` declarations so that the variables are not in scope or explicitly omit them:
verify	Verify G6 frozen sources serially	2026-10-07T16:46:57.2885698Z   omit [Fintype V] [Fintype E] [Fintype Copy] in theorem ...
verify	Verify G6 frozen sources serially	2026-10-07T16:46:57.2886133Z 
verify	Verify G6 frozen sources serially	2026-10-07T16:46:57.2886626Z Note: This linter can be disabled with `set_option linter.unusedSectionVars false`
verify	Verify G6 frozen sources serially	2026-10-07T16:46:57.2888874Z /home/runner/work/_temp/g6-cloud-build/Imported/SourceForestKingmanPopulationProjection.lean:32:0: warning: automatically included section variable(s) unused in theorem `GProgram.SourceForestKingmanPopulationProjection.population_pair_is_source_legal`:
verify	Verify G6 frozen sources serially	2026-10-07T16:46:57.2891086Z   [Fintype V]
verify	Verify G6 frozen sources serially	2026-10-07T16:46:57.2891442Z   [Fintype E]
verify	Verify G6 frozen sources serially	2026-10-07T16:46:57.2891791Z   [Fintype Copy]
verify	Verify G6 frozen sources serially	2026-10-07T16:46:57.2892660Z consider restructuring your `variable` declarations so that the variables are not in scope or explicitly omit them:
verify	Verify G6 frozen sources serially	2026-10-07T16:46:57.2893732Z   omit [Fintype V] [Fintype E] [Fintype Copy] in theorem ...
verify	Verify G6 frozen sources serially	2026-10-07T16:46:57.2894155Z 
verify	Verify G6 frozen sources serially	2026-10-07T16:46:57.2894538Z Note: This linter can be disabled with `set_option linter.unusedSectionVars false`
verify	Verify G6 frozen sources serially	2026-10-07T16:46:57.2895884Z 'GProgram.SourceForestKingmanPopulationProjection.edge_projected_pair_has_unique_legal_preimage' depends on axioms: [propext,
verify	Verify G6 frozen sources serially	2026-10-07T16:46:57.2896979Z  Classical.choice,
verify	Verify G6 frozen sources serially	2026-10-07T16:46:57.2897663Z  Quot.sound]
verify	Verify G6 frozen sources serially	2026-10-07T16:46:57.2898623Z 'GProgram.SourceForestKingmanPopulationProjection.root_projected_pair_has_unique_legal_preimage' depends on axioms: [propext,
verify	Verify G6 frozen sources serially	2026-10-07T16:46:57.2899693Z  Classical.choice,
verify	Verify G6 frozen sources serially	2026-10-07T16:46:57.2900032Z  Quot.sound]
verify	Verify G6 frozen sources serially	2026-10-07T16:46:57.2900999Z 'GProgram.SourceForestKingmanPopulationProjection.actual_population_visible_generator_identity' depends on axioms: [propext,
verify	Verify G6 frozen sources serially	2026-10-07T16:46:57.2902113Z  Classical.choice,
verify	Verify G6 frozen sources serially	2026-10-07T16:46:57.2902801Z  Quot.sound]
verify	Verify G6 frozen sources serially	2026-10-07T16:46:57.2905649Z G6_RECEIPT {"argv": ["lake", "env", "lean", "--trust=0", "-j1", "-M4096", "-o", "/home/runner/work/_temp/g6-cloud-build/.lake/build/lib/lean/SourceForestKingmanPopulationProjection.olean", "/home/runner/work/_temp/g6-cloud-build/Imported/SourceForestKingmanPopulationProjection.lean"], "start": "2026-10-07T16:46:55.458680+00:00", "end": "2026-10-07T16:46:57.287980+00:00", "exit": 0, "output_sha256": "6a4ccf778e6523c1961b260dba053422caa41e2889a0a3f7fcb7c8dea5ab0805"}
verify	Verify G6 frozen sources serially	2026-10-07T16:46:57.2910771Z G6_COMMAND {"argv": ["lake", "env", "lean", "--trust=0", "-j1", "-M4096", "-o", "/home/runner/work/_temp/g6-cloud-build/.lake/build/lib/lean/UnifiedLean/Source/SourceForestSilentPruning.olean", "/home/runner/work/_temp/g6-cloud-build/UnifiedLean/Source/SourceForestSilentPruning.lean"], "cwd": "/home/runner/work/_temp/g6-cloud-build", "start": "2026-10-07T16:46:57.288379+00:00"}
verify	Verify G6 frozen sources serially	2026-10-07T16:46:59.2892777Z /home/runner/work/_temp/g6-cloud-build/UnifiedLean/Source/SourceForestSilentPruning.lean:21:0: warning: automatically included section variable(s) unused in theorem `UnifiedLean.Source.SourceForestSilentPruning.genealogy_leaves_nonempty`:
verify	Verify G6 frozen sources serially	2026-10-07T16:46:59.2894969Z   [Fintype Copy]
verify	Verify G6 frozen sources serially	2026-10-07T16:46:59.2895952Z consider restructuring your `variable` declarations so that the variables are not in scope or explicitly omit them:
verify	Verify G6 frozen sources serially	2026-10-07T16:46:59.2897421Z   omit [Fintype Copy] in theorem ...
verify	Verify G6 frozen sources serially	2026-10-07T16:46:59.2897835Z 
verify	Verify G6 frozen sources serially	2026-10-07T16:46:59.2898374Z Note: This linter can be disabled with `set_option linter.unusedSectionVars false`
verify	Verify G6 frozen sources serially	2026-10-07T16:46:59.2901101Z /home/runner/work/_temp/g6-cloud-build/UnifiedLean/Source/SourceForestSilentPruning.lean:60:0: warning: automatically included section variable(s) unused in theorem `UnifiedLean.Source.SourceForestSilentPruning.selected_label_not_in_invisible_operand`:
verify	Verify G6 frozen sources serially	2026-10-07T16:46:59.2903205Z   [DecidableEq V]
verify	Verify G6 frozen sources serially	2026-10-07T16:46:59.2903567Z   [DecidableEq E]
verify	Verify G6 frozen sources serially	2026-10-07T16:46:59.2903917Z   [Fintype V]
verify	Verify G6 frozen sources serially	2026-10-07T16:46:59.2904254Z   [Fintype E]
verify	Verify G6 frozen sources serially	2026-10-07T16:46:59.2904995Z consider restructuring your `variable` declarations so that the variables are not in scope or explicitly omit them:
verify	Verify G6 frozen sources serially	2026-10-07T16:46:59.2905783Z   omit [DecidableEq V] [DecidableEq E] [Fintype V] [Fintype E] in theorem ...
verify	Verify G6 frozen sources serially	2026-10-07T16:46:59.2906153Z 
verify	Verify G6 frozen sources serially	2026-10-07T16:46:59.2906429Z Note: This linter can be disabled with `set_option linter.unusedSectionVars false`
verify	Verify G6 frozen sources serially	2026-10-07T16:46:59.2908163Z /home/runner/work/_temp/g6-cloud-build/UnifiedLean/Source/SourceForestSilentPruning.lean:73:0: warning: automatically included section variable(s) unused in theorem `UnifiedLean.Source.SourceForestSilentPruning.invisible_operand_iff_pruned_none`:
verify	Verify G6 frozen sources serially	2026-10-07T16:46:59.2909474Z   [DecidableEq V]
verify	Verify G6 frozen sources serially	2026-10-07T16:46:59.2909713Z   [DecidableEq E]
verify	Verify G6 frozen sources serially	2026-10-07T16:46:59.2909948Z   [Fintype V]
verify	Verify G6 frozen sources serially	2026-10-07T16:46:59.2910170Z   [Fintype E]
verify	Verify G6 frozen sources serially	2026-10-07T16:46:59.2910673Z consider restructuring your `variable` declarations so that the variables are not in scope or explicitly omit them:
verify	Verify G6 frozen sources serially	2026-10-07T16:46:59.2911317Z   omit [DecidableEq V] [DecidableEq E] [Fintype V] [Fintype E] in theorem ...
verify	Verify G6 frozen sources serially	2026-10-07T16:46:59.2911609Z 
verify	Verify G6 frozen sources serially	2026-10-07T16:46:59.2911832Z Note: This linter can be disabled with `set_option linter.unusedSectionVars false`
verify	Verify G6 frozen sources serially	2026-10-07T16:46:59.2912594Z /home/runner/work/_temp/g6-cloud-build/UnifiedLean/Source/SourceForestSilentPruning.lean:95:25: warning: This simp argument is unused:
verify	Verify G6 frozen sources serially	2026-10-07T16:46:59.2913191Z   if_neg hxb
verify	Verify G6 frozen sources serially	2026-10-07T16:46:59.2913305Z 
verify	Verify G6 frozen sources serially	2026-10-07T16:46:59.2913408Z Hint: Omit it from the simp argument list.
verify	Verify G6 frozen sources serially	2026-10-07T16:46:59.2913750Z   [apply] simp only [merge, hxa, if_true, Genealogy.prune]
verify	Verify G6 frozen sources serially	2026-10-07T16:46:59.2914005Z 
verify	Verify G6 frozen sources serially	2026-10-07T16:46:59.2914223Z Note: This linter can be disabled with `set_option linter.unusedSimpArgs false`
verify	Verify G6 frozen sources serially	2026-10-07T16:46:59.2914957Z /home/runner/work/_temp/g6-cloud-build/UnifiedLean/Source/SourceForestSilentPruning.lean:95:40: warning: This simp argument is unused:
verify	Verify G6 frozen sources serially	2026-10-07T16:46:59.2915547Z   if_true
verify	Verify G6 frozen sources serially	2026-10-07T16:46:59.2915646Z 
verify	Verify G6 frozen sources serially	2026-10-07T16:46:59.2916002Z Hint: Omit it from the simp argument list.
verify	Verify G6 frozen sources serially	2026-10-07T16:46:59.2916355Z   [apply] simp only [merge, if_neg hxb, hxa, Genealogy.prune]
verify	Verify G6 frozen sources serially	2026-10-07T16:46:59.2916620Z 
verify	Verify G6 frozen sources serially	2026-10-07T16:46:59.2916832Z Note: This linter can be disabled with `set_option linter.unusedSimpArgs false`
verify	Verify G6 frozen sources serially	2026-10-07T16:46:59.2917846Z /home/runner/work/_temp/g6-cloud-build/UnifiedLean/Source/SourceForestSilentPruning.lean:95:48: warning: This simp argument is unused:
verify	Verify G6 frozen sources serially	2026-10-07T16:46:59.2918449Z   Genealogy.prune
verify	Verify G6 frozen sources serially	2026-10-07T16:46:59.2918579Z 
verify	Verify G6 frozen sources serially	2026-10-07T16:46:59.2918686Z Hint: Omit it from the simp argument list.
verify	Verify G6 frozen sources serially	2026-10-07T16:46:59.2919172Z   [apply] simp only [merge, if_neg hxb, hxa, if_true]
verify	Verify G6 frozen sources serially	2026-10-07T16:46:59.2919382Z 
verify	Verify G6 frozen sources serially	2026-10-07T16:46:59.2919591Z Note: This linter can be disabled with `set_option linter.unusedSimpArgs false`
verify	Verify G6 frozen sources serially	2026-10-07T16:46:59.2920738Z /home/runner/work/_temp/g6-cloud-build/UnifiedLean/Source/SourceForestSilentPruning.lean:103:0: warning: automatically included section variable(s) unused in theorem `UnifiedLean.Source.SourceForestSilentPruning.selectedLocation_merge_unchanged`:
verify	Verify G6 frozen sources serially	2026-10-07T16:46:59.2921757Z   [DecidableEq E]
verify	Verify G6 frozen sources serially	2026-10-07T16:46:59.2922202Z consider restructuring your `variable` declarations so that the variables are not in scope or explicitly omit them:
verify	Verify G6 frozen sources serially	2026-10-07T16:46:59.2922726Z   omit [DecidableEq E] in theorem ...
verify	Verify G6 frozen sources serially	2026-10-07T16:46:59.2922908Z 
verify	Verify G6 frozen sources serially	2026-10-07T16:46:59.2923123Z Note: This linter can be disabled with `set_option linter.unusedSectionVars false`
verify	Verify G6 frozen sources serially	2026-10-07T16:46:59.2923777Z 'UnifiedLean.Source.SourceForestSilentPruning.prune_none_iff_no_selected_leaves' depends on axioms: [propext,
verify	Verify G6 frozen sources serially	2026-10-07T16:46:59.2924316Z  Classical.choice,
verify	Verify G6 frozen sources serially	2026-10-07T16:46:59.2924513Z  Quot.sound]
verify	Verify G6 frozen sources serially	2026-10-07T16:46:59.2924988Z 'UnifiedLean.Source.SourceForestSilentPruning.selected_label_not_in_invisible_operand' depends on axioms: [propext,
verify	Verify G6 frozen sources serially	2026-10-07T16:46:59.2925534Z  Classical.choice,
verify	Verify G6 frozen sources serially	2026-10-07T16:46:59.2925722Z  Quot.sound]
verify	Verify G6 frozen sources serially	2026-10-07T16:46:59.2926174Z 'UnifiedLean.Source.SourceForestSilentPruning.invisible_operand_iff_pruned_none' depends on axioms: [propext,
verify	Verify G6 frozen sources serially	2026-10-07T16:46:59.2926708Z  Classical.choice,
verify	Verify G6 frozen sources serially	2026-10-07T16:46:59.2926897Z  Quot.sound]
verify	Verify G6 frozen sources serially	2026-10-07T16:46:59.2927677Z 'UnifiedLean.Source.SourceForestSilentPruning.selectedGenealogy_merge_silent' depends on axioms: [propext,
verify	Verify G6 frozen sources serially	2026-10-07T16:46:59.2928268Z  Classical.choice,
verify	Verify G6 frozen sources serially	2026-10-07T16:46:59.2928471Z  Quot.sound]
verify	Verify G6 frozen sources serially	2026-10-07T16:46:59.2928943Z 'UnifiedLean.Source.SourceForestSilentPruning.selectedLocation_merge_unchanged' depends on axioms: [propext,
verify	Verify G6 frozen sources serially	2026-10-07T16:46:59.2929488Z  Classical.choice,
verify	Verify G6 frozen sources serially	2026-10-07T16:46:59.2929688Z  Quot.sound]
verify	Verify G6 frozen sources serially	2026-10-07T16:46:59.2930135Z 'UnifiedLean.Source.SourceForestSilentPruning.selectedView_merge_silent' depends on axioms: [propext,
verify	Verify G6 frozen sources serially	2026-10-07T16:46:59.2930645Z  Classical.choice,
verify	Verify G6 frozen sources serially	2026-10-07T16:46:59.2930837Z  Quot.sound]
verify	Verify G6 frozen sources serially	2026-10-07T16:46:59.2931301Z 'UnifiedLean.Source.SourceForestSilentPruning.silent_merger_readout_increment_zero' depends on axioms: [propext,
verify	Verify G6 frozen sources serially	2026-10-07T16:46:59.2931839Z  Classical.choice,
verify	Verify G6 frozen sources serially	2026-10-07T16:46:59.2932033Z  Quot.sound]
verify	Verify G6 frozen sources serially	2026-10-07T16:46:59.2933570Z G6_RECEIPT {"argv": ["lake", "env", "lean", "--trust=0", "-j1", "-M4096", "-o", "/home/runner/work/_temp/g6-cloud-build/.lake/build/lib/lean/UnifiedLean/Source/SourceForestSilentPruning.olean", "/home/runner/work/_temp/g6-cloud-build/UnifiedLean/Source/SourceForestSilentPruning.lean"], "start": "2026-10-07T16:46:57.288379+00:00", "end": "2026-10-07T16:46:59.288978+00:00", "exit": 0, "output_sha256": "adfc8b82f9b633ac6e3a452cc1a196be3b5851497f2bb3303b17c4772cb602ba"}
verify	Verify G6 frozen sources serially	2026-10-07T16:46:59.2936204Z G6_COMMAND {"argv": ["lake", "env", "lean", "--trust=0", "-j1", "-M4096", "-o", "/home/runner/work/_temp/g6-cloud-build/.lake/build/lib/lean/UnifiedLean/Source/FiniteGenealogyEncoding.olean", "/home/runner/work/_temp/g6-cloud-build/UnifiedLean/Source/FiniteGenealogyEncoding.lean"], "cwd": "/home/runner/work/_temp/g6-cloud-build", "start": "2026-10-07T16:46:59.289376+00:00"}
verify	Verify G6 frozen sources serially	2026-10-07T16:47:01.4968338Z /home/runner/work/_temp/g6-cloud-build/UnifiedLean/Source/FiniteGenealogyEncoding.lean:38:4: warning: Variable name `n` is not explicitly referenced.
verify	Verify G6 frozen sources serially	2026-10-07T16:47:01.4969870Z 
verify	Verify G6 frozen sources serially	2026-10-07T16:47:01.4970999Z Hint: The binding can be removed (if unused) or named `_` (if used implicitly). Alternatively, prefix the name with `_` to silence this warning:
verify	Verify G6 frozen sources serially	2026-10-07T16:47:01.4972443Z   [apply] _n
verify	Verify G6 frozen sources serially	2026-10-07T16:47:01.4972704Z 
verify	Verify G6 frozen sources serially	2026-10-07T16:47:01.4973209Z Note: This linter can be disabled with `set_option linter.unusedVariables false`
verify	Verify G6 frozen sources serially	2026-10-07T16:47:01.4975825Z /home/runner/work/_temp/g6-cloud-build/UnifiedLean/Source/FiniteGenealogyEncoding.lean:49:0: warning: automatically included section variable(s) unused in theorem `UnifiedLean.Source.FiniteGenealogyEncoding.decode_encode`:
verify	Verify G6 frozen sources serially	2026-10-07T16:47:01.4978035Z   [DecidableEq Copy]
verify	Verify G6 frozen sources serially	2026-10-07T16:47:01.4978510Z   [Fintype Copy]
verify	Verify G6 frozen sources serially	2026-10-07T16:47:01.4979566Z consider restructuring your `variable` declarations so that the variables are not in scope or explicitly omit them:
verify	Verify G6 frozen sources serially	2026-10-07T16:47:01.4980943Z   omit [DecidableEq Copy] [Fintype Copy] in theorem ...
verify	Verify G6 frozen sources serially	2026-10-07T16:47:01.4981489Z 
verify	Verify G6 frozen sources serially	2026-10-07T16:47:01.4982012Z Note: This linter can be disabled with `set_option linter.unusedSectionVars false`
verify	Verify G6 frozen sources serially	2026-10-07T16:47:01.4984005Z /home/runner/work/_temp/g6-cloud-build/UnifiedLean/Source/FiniteGenealogyEncoding.lean:76:0: warning: automatically included section variable(s) unused in theorem `UnifiedLean.Source.FiniteGenealogyEncoding.wellLabelled_height_lt_leaves`:
verify	Verify G6 frozen sources serially	2026-10-07T16:47:01.4986037Z   [Fintype Copy]
verify	Verify G6 frozen sources serially	2026-10-07T16:47:01.4986792Z consider restructuring your `variable` declarations so that the variables are not in scope or explicitly omit them:
verify	Verify G6 frozen sources serially	2026-10-07T16:47:01.4987864Z   omit [Fintype Copy] in theorem ...
verify	Verify G6 frozen sources serially	2026-10-07T16:47:01.4988153Z 
verify	Verify G6 frozen sources serially	2026-10-07T16:47:01.4988511Z Note: This linter can be disabled with `set_option linter.unusedSectionVars false`
verify	Verify G6 frozen sources serially	2026-10-07T16:47:01.4989698Z 'UnifiedLean.Source.FiniteGenealogyEncoding.decode_encode' depends on axioms: [propext, Classical.choice, Quot.sound]
verify	Verify G6 frozen sources serially	2026-10-07T16:47:01.4991133Z 'UnifiedLean.Source.FiniteGenealogyEncoding.wellLabelled_height_lt_leaves' depends on axioms: [propext,
verify	Verify G6 frozen sources serially	2026-10-07T16:47:01.4992043Z  Classical.choice,
verify	Verify G6 frozen sources serially	2026-10-07T16:47:01.4992364Z  Quot.sound]
verify	Verify G6 frozen sources serially	2026-10-07T16:47:01.4993220Z 'UnifiedLean.Source.FiniteGenealogyEncoding.wellLabelled_height_below_copy_cap' depends on axioms: [propext,
verify	Verify G6 frozen sources serially	2026-10-07T16:47:01.4994138Z  Classical.choice,
verify	Verify G6 frozen sources serially	2026-10-07T16:47:01.4994447Z  Quot.sound]
verify	Verify G6 frozen sources serially	2026-10-07T16:47:01.4995193Z 'UnifiedLean.Source.FiniteGenealogyEncoding.liveGenealogyCode_decodes' depends on axioms: [propext,
verify	Verify G6 frozen sources serially	2026-10-07T16:47:01.4996075Z  Classical.choice,
verify	Verify G6 frozen sources serially	2026-10-07T16:47:01.4996389Z  Quot.sound]
verify	Verify G6 frozen sources serially	2026-10-07T16:47:01.4999301Z G6_RECEIPT {"argv": ["lake", "env", "lean", "--trust=0", "-j1", "-M4096", "-o", "/home/runner/work/_temp/g6-cloud-build/.lake/build/lib/lean/UnifiedLean/Source/FiniteGenealogyEncoding.olean", "/home/runner/work/_temp/g6-cloud-build/UnifiedLean/Source/FiniteGenealogyEncoding.lean"], "start": "2026-10-07T16:46:59.289376+00:00", "end": "2026-10-07T16:47:01.496598+00:00", "exit": 0, "output_sha256": "7381e57ae68117499d0e8f1416d2cdcc4df8bf51d261f2c1b5c8c57745663af4"}
verify	Verify G6 frozen sources serially	2026-10-07T16:47:01.5001976Z G6_COMMAND {"argv": ["lake", "env", "lean", "--trust=0", "-j1", "-M4096", "-o", "/home/runner/work/_temp/g6-cloud-build/.lake/build/lib/lean/UnifiedLean/Source/FiniteSourceSnapshot.olean", "/home/runner/work/_temp/g6-cloud-build/UnifiedLean/Source/FiniteSourceSnapshot.lean"], "cwd": "/home/runner/work/_temp/g6-cloud-build", "start": "2026-10-07T16:47:01.497119+00:00"}
verify	Verify G6 frozen sources serially	2026-10-07T16:47:03.6161429Z /home/runner/work/_temp/g6-cloud-build/UnifiedLean/Source/FiniteSourceSnapshot.lean:52:11: warning: Variable name `s` is not explicitly referenced.
verify	Verify G6 frozen sources serially	2026-10-07T16:47:03.6162900Z 
verify	Verify G6 frozen sources serially	2026-10-07T16:47:03.6163789Z Hint: The binding can be removed (if unused) or named `_` (if used implicitly). Alternatively, prefix the name with `_` to silence this warning:
verify	Verify G6 frozen sources serially	2026-10-07T16:47:03.6165013Z   [apply] _s
verify	Verify G6 frozen sources serially	2026-10-07T16:47:03.6165510Z 
verify	Verify G6 frozen sources serially	2026-10-07T16:47:03.6166129Z Note: This linter can be disabled with `set_option linter.unusedVariables false`
verify	Verify G6 frozen sources serially	2026-10-07T16:47:03.6168889Z /home/runner/work/_temp/g6-cloud-build/UnifiedLean/Source/FiniteSourceSnapshot.lean:53:12: warning: Variable name `s` is not explicitly referenced.
verify	Verify G6 frozen sources serially	2026-10-07T16:47:03.6169966Z 
verify	Verify G6 frozen sources serially	2026-10-07T16:47:03.6170547Z Hint: The binding can be removed (if unused) or named `_` (if used implicitly). Alternatively, prefix the name with `_` to silence this warning:
verify	Verify G6 frozen sources serially	2026-10-07T16:47:03.6171343Z   [apply] _s
verify	Verify G6 frozen sources serially	2026-10-07T16:47:03.6171485Z 
verify	Verify G6 frozen sources serially	2026-10-07T16:47:03.6171957Z Note: This linter can be disabled with `set_option linter.unusedVariables false`
verify	Verify G6 frozen sources serially	2026-10-07T16:47:03.6173612Z /home/runner/work/_temp/g6-cloud-build/UnifiedLean/Source/FiniteSourceSnapshot.lean:79:0: warning: automatically included section variable(s) unused in theorem `UnifiedLean.Source.FiniteSourceSnapshot.decode_encode_live_genealogy`:
verify	Verify G6 frozen sources serially	2026-10-07T16:47:03.6175568Z   [DecidableEq V]
verify	Verify G6 frozen sources serially	2026-10-07T16:47:03.6176145Z   [DecidableEq E]
verify	Verify G6 frozen sources serially	2026-10-07T16:47:03.6176673Z   [Fintype V]
verify	Verify G6 frozen sources serially	2026-10-07T16:47:03.6177470Z   [Fintype E]
verify	Verify G6 frozen sources serially	2026-10-07T16:47:03.6178047Z   [Fintype Copy]
verify	Verify G6 frozen sources serially	2026-10-07T16:47:03.6179191Z consider restructuring your `variable` declarations so that the variables are not in scope or explicitly omit them:
verify	Verify G6 frozen sources serially	2026-10-07T16:47:03.6180564Z   omit [DecidableEq V] [DecidableEq E] [Fintype V] [Fintype E] [Fintype Copy] in theorem ...
verify	Verify G6 frozen sources serially	2026-10-07T16:47:03.6181350Z 
verify	Verify G6 frozen sources serially	2026-10-07T16:47:03.6181887Z Note: This linter can be disabled with `set_option linter.unusedSectionVars false`
verify	Verify G6 frozen sources serially	2026-10-07T16:47:03.6183979Z /home/runner/work/_temp/g6-cloud-build/UnifiedLean/Source/FiniteSourceSnapshot.lean:84:0: warning: automatically included section variable(s) unused in theorem `UnifiedLean.Source.FiniteSourceSnapshot.decode_encode_live_population`:
verify	Verify G6 frozen sources serially	2026-10-07T16:47:03.6185660Z   [DecidableEq V]
verify	Verify G6 frozen sources serially	2026-10-07T16:47:03.6186006Z   [DecidableEq E]
verify	Verify G6 frozen sources serially	2026-10-07T16:47:03.6186314Z   [Fintype V]
verify	Verify G6 frozen sources serially	2026-10-07T16:47:03.6186618Z   [Fintype E]
verify	Verify G6 frozen sources serially	2026-10-07T16:47:03.6186918Z   [Fintype Copy]
verify	Verify G6 frozen sources serially	2026-10-07T16:47:03.6187816Z consider restructuring your `variable` declarations so that the variables are not in scope or explicitly omit them:
verify	Verify G6 frozen sources serially	2026-10-07T16:47:03.6188645Z   omit [DecidableEq V] [DecidableEq E] [Fintype V] [Fintype E] [Fintype Copy] in theorem ...
verify	Verify G6 frozen sources serially	2026-10-07T16:47:03.6189133Z 
verify	Verify G6 frozen sources serially	2026-10-07T16:47:03.6189783Z Note: This linter can be disabled with `set_option linter.unusedSectionVars false`
verify	Verify G6 frozen sources serially	2026-10-07T16:47:03.6191124Z 'UnifiedLean.Source.FiniteSourceSnapshot.decode_encode_valid' depends on axioms: [propext, Classical.choice, Quot.sound]
verify	Verify G6 frozen sources serially	2026-10-07T16:47:03.6192571Z 'UnifiedLean.Source.FiniteSourceSnapshot.decode_encode_sourceValid' depends on axioms: [propext,
verify	Verify G6 frozen sources serially	2026-10-07T16:47:03.6193472Z  Classical.choice,
verify	Verify G6 frozen sources serially	2026-10-07T16:47:03.6193822Z  Quot.sound]
verify	Verify G6 frozen sources serially	2026-10-07T16:47:03.6194565Z 'UnifiedLean.Source.FiniteSourceSnapshot.decode_encode_selectedView' depends on axioms: [propext,
verify	Verify G6 frozen sources serially	2026-10-07T16:47:03.6195437Z  Classical.choice,
verify	Verify G6 frozen sources serially	2026-10-07T16:47:03.6195784Z  Quot.sound]
verify	Verify G6 frozen sources serially	2026-10-07T16:47:03.6196553Z 'UnifiedLean.Source.FiniteSourceSnapshot.admittedSnapshotFintype' depends on axioms: [propext,
verify	Verify G6 frozen sources serially	2026-10-07T16:47:03.6198224Z  Classical.choice,
verify	Verify G6 frozen sources serially	2026-10-07T16:47:03.6198579Z  Quot.sound]
verify	Verify G6 frozen sources serially	2026-10-07T16:47:03.6201281Z G6_RECEIPT {"argv": ["lake", "env", "lean", "--trust=0", "-j1", "-M4096", "-o", "/home/runner/work/_temp/g6-cloud-build/.lake/build/lib/lean/UnifiedLean/Source/FiniteSourceSnapshot.olean", "/home/runner/work/_temp/g6-cloud-build/UnifiedLean/Source/FiniteSourceSnapshot.lean"], "start": "2026-10-07T16:47:01.497119+00:00", "end": "2026-10-07T16:47:03.615923+00:00", "exit": 0, "output_sha256": "7c69d6cb19a196df8084b1f9d00754f60ea82a9e10e00ddfd147f36fd9732095"}
verify	Verify G6 frozen sources serially	2026-10-07T16:47:03.6205678Z G6_COMMAND {"argv": ["lake", "env", "lean", "--trust=0", "-j1", "-M4096", "-o", "/home/runner/work/_temp/g6-cloud-build/.lake/build/lib/lean/GraphLeaves.olean", "/home/runner/work/_temp/g6-cloud-build/Imported/GraphLeaves.lean"], "cwd": "/home/runner/work/_temp/g6-cloud-build", "start": "2026-10-07T16:47:03.616348+00:00"}
verify	Verify G6 frozen sources serially	2026-10-07T16:47:05.2535618Z /home/runner/work/_temp/g6-cloud-build/Imported/GraphLeaves.lean:52:2: warning: Try this: 
verify	Verify G6 frozen sources serially	2026-10-07T16:47:05.2538287Z   haveI̵
verify	Verify G6 frozen sources serially	2026-10-07T16:47:05.2538680Z 
verify	Verify G6 frozen sources serially	2026-10-07T16:47:05.2539171Z The goal is a proposition, so `have` is preferred over `haveI`.
verify	Verify G6 frozen sources serially	2026-10-07T16:47:05.2540252Z The difference between `have` and `haveI` is that `haveI` inlines the value.
verify	Verify G6 frozen sources serially	2026-10-07T16:47:05.2541394Z But this is not relevant for proofs because of proof irrelevance.
verify	Verify G6 frozen sources serially	2026-10-07T16:47:05.2542034Z 
verify	Verify G6 frozen sources serially	2026-10-07T16:47:05.2542626Z Note: This linter can be disabled with `set_option linter.style.haveILetI false`
verify	Verify G6 frozen sources serially	2026-10-07T16:47:05.2543435Z /home/runner/work/_temp/g6-cloud-build/Imported/GraphLeaves.lean:53:2: warning: Try this: 
verify	Verify G6 frozen sources serially	2026-10-07T16:47:05.2544480Z   haveI̵
verify	Verify G6 frozen sources serially	2026-10-07T16:47:05.2544807Z 
verify	Verify G6 frozen sources serially	2026-10-07T16:47:05.2545045Z The goal is a proposition, so `have` is preferred over `haveI`.
verify	Verify G6 frozen sources serially	2026-10-07T16:47:05.2546012Z The difference between `have` and `haveI` is that `haveI` inlines the value.
verify	Verify G6 frozen sources serially	2026-10-07T16:47:05.2561336Z But this is not relevant for proofs because of proof irrelevance.
verify	Verify G6 frozen sources serially	2026-10-07T16:47:05.2561994Z 
verify	Verify G6 frozen sources serially	2026-10-07T16:47:05.2562251Z Note: This linter can be disabled with `set_option linter.style.haveILetI false`
verify	Verify G6 frozen sources serially	2026-10-07T16:47:05.2562932Z 'Nanuq.Source.RootedBinary.every_vertex_reaches_leaf' depends on axioms: [propext, Classical.choice, Quot.sound]
verify	Verify G6 frozen sources serially	2026-10-07T16:47:05.2563751Z 'Nanuq.Source.RootedBinary.forward_closed_contains_leaf' depends on axioms: [propext, Classical.choice, Quot.sound]
verify	Verify G6 frozen sources serially	2026-10-07T16:47:05.2564542Z 'Nanuq.Source.RootedBinary.exists_leaf_avoiding_of_ne_root' depends on axioms: [propext, Classical.choice, Quot.sound]
verify	Verify G6 frozen sources serially	2026-10-07T16:47:05.2566234Z G6_RECEIPT {"argv": ["lake", "env", "lean", "--trust=0", "-j1", "-M4096", "-o", "/home/runner/work/_temp/g6-cloud-build/.lake/build/lib/lean/GraphLeaves.olean", "/home/runner/work/_temp/g6-cloud-build/Imported/GraphLeaves.lean"], "start": "2026-10-07T16:47:03.616348+00:00", "end": "2026-10-07T16:47:05.253377+00:00", "exit": 0, "output_sha256": "5adc7ce31ed7f42e8e6c4f26cfd28d0d1f17ad137dc910ceb4bda2f50012c986"}
verify	Verify G6 frozen sources serially	2026-10-07T16:47:05.2568765Z G6_COMMAND {"argv": ["lake", "env", "lean", "--trust=0", "-j1", "-M4096", "-o", "/home/runner/work/_temp/g6-cloud-build/.lake/build/lib/lean/GraphCuts.olean", "/home/runner/work/_temp/g6-cloud-build/Imported/GraphCuts.lean"], "cwd": "/home/runner/work/_temp/g6-cloud-build", "start": "2026-10-07T16:47:05.253923+00:00"}
verify	Verify G6 frozen sources serially	2026-10-07T16:47:06.9214524Z 'Nanuq.Source.EdgeGraph.edge_side_cover' depends on axioms: [propext, Classical.choice, Quot.sound]
verify	Verify G6 frozen sources serially	2026-10-07T16:47:06.9215447Z 'Nanuq.Source.EdgeGraph.bridge_sides_disjoint' does not depend on any axioms
verify	Verify G6 frozen sources serially	2026-10-07T16:47:06.9216601Z 'Nanuq.Source.RootedBinary.bridge_both_sides_contain_taxa' depends on axioms: [propext, Classical.choice, Quot.sound]
verify	Verify G6 frozen sources serially	2026-10-07T16:47:06.9219638Z G6_RECEIPT {"argv": ["lake", "env", "lean", "--trust=0", "-j1", "-M4096", "-o", "/home/runner/work/_temp/g6-cloud-build/.lake/build/lib/lean/GraphCuts.olean", "/home/runner/work/_temp/g6-cloud-build/Imported/GraphCuts.lean"], "start": "2026-10-07T16:47:05.253923+00:00", "end": "2026-10-07T16:47:06.921269+00:00", "exit": 0, "output_sha256": "8308918b1d25a64ccaaa7ba648f875a6542b15a64c4c3240c366708243424b3c"}
verify	Verify G6 frozen sources serially	2026-10-07T16:47:06.9222747Z G6_COMMAND {"argv": ["lake", "env", "lean", "--trust=0", "-j1", "-M4096", "-o", "/home/runner/work/_temp/g6-cloud-build/.lake/build/lib/lean/G5BridgeBarrier.olean", "/home/runner/work/_temp/g6-cloud-build/Imported/G5BridgeBarrier.lean"], "cwd": "/home/runner/work/_temp/g6-cloud-build", "start": "2026-10-07T16:47:06.921587+00:00"}
verify	Verify G6 frozen sources serially	2026-10-07T16:47:08.5603531Z 'GProgram.G5.bridge_target_component_iff_descendant' depends on axioms: [propext, Classical.choice, Quot.sound]
verify	Verify G6 frozen sources serially	2026-10-07T16:47:08.5604581Z 'GProgram.G5.unique_child_edge' depends on axioms: [propext, Classical.choice, Quot.sound]
verify	Verify G6 frozen sources serially	2026-10-07T16:47:08.5605505Z 'GProgram.G5.descendant_via_unique_child' depends on axioms: [propext, Classical.choice, Quot.sound]
verify	Verify G6 frozen sources serially	2026-10-07T16:47:08.5606523Z 'GProgram.G5.hybrid_descendant_component' depends on axioms: [propext, Classical.choice, Quot.sound]
verify	Verify G6 frozen sources serially	2026-10-07T16:47:08.5609809Z G6_RECEIPT {"argv": ["lake", "env", "lean", "--trust=0", "-j1", "-M4096", "-o", "/home/runner/work/_temp/g6-cloud-build/.lake/build/lib/lean/G5BridgeBarrier.olean", "/home/runner/work/_temp/g6-cloud-build/Imported/G5BridgeBarrier.lean"], "start": "2026-10-07T16:47:06.921587+00:00", "end": "2026-10-07T16:47:08.560205+00:00", "exit": 0, "output_sha256": "b671ebf40ba6db3a1f68e8fef3ae7a928e9285f8917b828b081fca2110d6a00e"}
verify	Verify G6 frozen sources serially	2026-10-07T16:47:08.5614675Z G6_COMMAND {"argv": ["lake", "env", "lean", "--trust=0", "-j1", "-M4096", "-o", "/home/runner/work/_temp/g6-cloud-build/.lake/build/lib/lean/G5CalendarRoutes.olean", "/home/runner/work/_temp/g6-cloud-build/Imported/G5CalendarRoutes.lean"], "cwd": "/home/runner/work/_temp/g6-cloud-build", "start": "2026-10-07T16:47:08.560578+00:00"}
verify	Verify G6 frozen sources serially	2026-10-07T16:47:10.6074393Z 'GProgram.G5.bridge_mem_every_descendant_route' depends on axioms: [propext, Classical.choice, Quot.sound]
verify	Verify G6 frozen sources serially	2026-10-07T16:47:10.6075376Z 'GProgram.G5.original_tip_route_exists' depends on axioms: [propext, Classical.choice, Quot.sound]
verify	Verify G6 frozen sources serially	2026-10-07T16:47:10.6076077Z 'GProgram.G5.EdgePath.active_unique' depends on axioms: [propext, Classical.choice, Quot.sound]
verify	Verify G6 frozen sources serially	2026-10-07T16:47:10.6077348Z 'GProgram.G5.protective_edge_active_on_every_route' depends on axioms: [propext, Classical.choice, Quot.sound]
verify	Verify G6 frozen sources serially	2026-10-07T16:47:10.6078106Z 'GProgram.G5.protective_edge_absent_on_outside_route' depends on axioms: [propext, Classical.choice, Quot.sound]
verify	Verify G6 frozen sources serially	2026-10-07T16:47:10.6078811Z 'GProgram.G5.protective_interval_nonempty' depends on axioms: [propext, Classical.choice, Quot.sound]
verify	Verify G6 frozen sources serially	2026-10-07T16:47:10.6079517Z 'GProgram.G5.younger_side_open_interval_has_no_first' depends on axioms: [propext, Classical.choice, Quot.sound]
verify	Verify G6 frozen sources serially	2026-10-07T16:47:10.6081170Z G6_RECEIPT {"argv": ["lake", "env", "lean", "--trust=0", "-j1", "-M4096", "-o", "/home/runner/work/_temp/g6-cloud-build/.lake/build/lib/lean/G5CalendarRoutes.olean", "/home/runner/work/_temp/g6-cloud-build/Imported/G5CalendarRoutes.lean"], "start": "2026-10-07T16:47:08.560578+00:00", "end": "2026-10-07T16:47:10.607280+00:00", "exit": 0, "output_sha256": "deece5914567adae242b3d6d4f09f986b4b048e1fa3ca93a3b2762a5b13d79d9"}
verify	Verify G6 frozen sources serially	2026-10-07T16:47:10.6083507Z G6_COMMAND {"argv": ["lake", "env", "lean", "--trust=0", "-j1", "-M4096", "-o", "/home/runner/work/_temp/g6-cloud-build/.lake/build/lib/lean/G5ProtectiveBlock.olean", "/home/runner/work/_temp/g6-cloud-build/Imported/G5ProtectiveBlock.lean"], "cwd": "/home/runner/work/_temp/g6-cloud-build", "start": "2026-10-07T16:47:10.607612+00:00"}
verify	Verify G6 frozen sources serially	2026-10-07T16:47:12.3437981Z 'GProgram.G5.routeFamily_exists' depends on axioms: [propext, Classical.choice, Quot.sound]
verify	Verify G6 frozen sources serially	2026-10-07T16:47:12.3439767Z 'GProgram.G5.protective_population_block_eq' depends on axioms: [propext, Classical.choice, Quot.sound]
verify	Verify G6 frozen sources serially	2026-10-07T16:47:12.3443489Z G6_RECEIPT {"argv": ["lake", "env", "lean", "--trust=0", "-j1", "-M4096", "-o", "/home/runner/work/_temp/g6-cloud-build/.lake/build/lib/lean/G5ProtectiveBlock.olean", "/home/runner/work/_temp/g6-cloud-build/Imported/G5ProtectiveBlock.lean"], "start": "2026-10-07T16:47:10.607612+00:00", "end": "2026-10-07T16:47:12.343587+00:00", "exit": 0, "output_sha256": "1f89009dfa989b98d34ca85cff94dcefdf01ce9f9621688bb55e0c5ff508c4ed"}
verify	Verify G6 frozen sources serially	2026-10-07T16:47:12.3464714Z G6_COMMAND {"argv": ["lake", "env", "lean", "--trust=0", "-j1", "-M4096", "-o", "/home/runner/work/_temp/g6-cloud-build/.lake/build/lib/lean/G5MinimalGraphInterface.olean", "/home/runner/work/_temp/g6-cloud-build/Imported/G5MinimalGraphInterface.lean"], "cwd": "/home/runner/work/_temp/g6-cloud-build", "start": "2026-10-07T16:47:12.344023+00:00"}
verify	Verify G6 frozen sources serially	2026-10-07T16:47:13.8671307Z 'GProgram.G5.Minimal.root_source_side_of_rooted_acyclic' does not depend on any axioms
verify	Verify G6 frozen sources serially	2026-10-07T16:47:13.8672880Z 'GProgram.G5.Minimal.bridge_component_iff_descendant' depends on axioms: [propext, Classical.choice, Quot.sound]
verify	Verify G6 frozen sources serially	2026-10-07T16:47:13.8676432Z G6_RECEIPT {"argv": ["lake", "env", "lean", "--trust=0", "-j1", "-M4096", "-o", "/home/runner/work/_temp/g6-cloud-build/.lake/build/lib/lean/G5MinimalGraphInterface.olean", "/home/runner/work/_temp/g6-cloud-build/Imported/G5MinimalGraphInterface.lean"], "start": "2026-10-07T16:47:12.344023+00:00", "end": "2026-10-07T16:47:13.866958+00:00", "exit": 0, "output_sha256": "02b60e6ba4f33864b0915dc0f64099f4cd3f4ae63ed5e96ed6fa107ae92aa2fa"}
verify	Verify G6 frozen sources serially	2026-10-07T16:47:13.8681113Z G6_COMMAND {"argv": ["lake", "env", "lean", "--trust=0", "-j1", "-M4096", "-o", "/home/runner/work/_temp/g6-cloud-build/.lake/build/lib/lean/G6BridgeCannotEnterHybrid.olean", "/home/runner/work/_temp/g6-cloud-build/Imported/G6BridgeCannotEnterHybrid.lean"], "cwd": "/home/runner/work/_temp/g6-cloud-build", "start": "2026-10-07T16:47:13.867333+00:00"}
verify	Verify G6 frozen sources serially	2026-10-07T16:47:15.5926932Z 'GProgram.G6.BridgeEntry.bridge_targets_injective' depends on axioms: [propext, Classical.choice, Quot.sound]
verify	Verify G6 frozen sources serially	2026-10-07T16:47:15.5928959Z 'GProgram.G6.BridgeEntry.bridge_incoming_unique' depends on axioms: [propext, Classical.choice, Quot.sound]
verify	Verify G6 frozen sources serially	2026-10-07T16:47:15.5930537Z 'GProgram.G6.BridgeEntry.bridge_target_indegree_one' depends on axioms: [propext, Classical.choice, Quot.sound]
verify	Verify G6 frozen sources serially	2026-10-07T16:47:15.5932280Z 'GProgram.G6.BridgeEntry.two_incoming_occurrences_not_bridge' depends on axioms: [propext, Classical.choice, Quot.sound]
verify	Verify G6 frozen sources serially	2026-10-07T16:47:15.5933721Z 'GProgram.G6.BridgeEntry.original_bridge_target_not_hybrid' depends on axioms: [propext, Classical.choice, Quot.sound]
verify	Verify G6 frozen sources serially	2026-10-07T16:47:15.5935092Z 'GProgram.G6.BridgeEntry.original_hybrid_parents_nonbridge' depends on axioms: [propext, Classical.choice, Quot.sound]
verify	Verify G6 frozen sources serially	2026-10-07T16:47:15.5937801Z G6_RECEIPT {"argv": ["lake", "env", "lean", "--trust=0", "-j1", "-M4096", "-o", "/home/runner/work/_temp/g6-cloud-build/.lake/build/lib/lean/G6BridgeCannotEnterHybrid.olean", "/home/runner/work/_temp/g6-cloud-build/Imported/G6BridgeCannotEnterHybrid.lean"], "start": "2026-10-07T16:47:13.867333+00:00", "end": "2026-10-07T16:47:15.592494+00:00", "exit": 0, "output_sha256": "5ca22a54c496ca1b5b5b5d32dc422fe524e5a9f32a6a15512e8bf0d96bdcd054"}
verify	Verify G6 frozen sources serially	2026-10-07T16:47:15.5940337Z G6_COMMAND {"argv": ["lake", "env", "lean", "--trust=0", "-j1", "-M4096", "-o", "/home/runner/work/_temp/g6-cloud-build/.lake/build/lib/lean/G5BridgeComponentEntries.olean", "/home/runner/work/_temp/g6-cloud-build/Imported/G5BridgeComponentEntries.lean"], "cwd": "/home/runner/work/_temp/g6-cloud-build", "start": "2026-10-07T16:47:15.592923+00:00"}
verify	Verify G6 frozen sources serially	2026-10-07T16:47:17.3272401Z 'GProgram.G5.ComponentEntries.bridge_targets_sameBlob_iff_eq' depends on axioms: [propext, Classical.choice, Quot.sound]
verify	Verify G6 frozen sources serially	2026-10-07T16:47:17.3273611Z 'GProgram.G5.ComponentEntries.bridge_target_not_root_component' does not depend on any axioms
verify	Verify G6 frozen sources serially	2026-10-07T16:47:17.3274642Z 'GProgram.G5.ComponentEntries.nonroot_component_has_incoming_bridge' depends on axioms: [propext,
verify	Verify G6 frozen sources serially	2026-10-07T16:47:17.3275665Z  Classical.choice,
verify	Verify G6 frozen sources serially	2026-10-07T16:47:17.3275942Z  Quot.sound]
verify	Verify G6 frozen sources serially	2026-10-07T16:47:17.3276597Z 'GProgram.G5.ComponentEntries.nonroot_component_unique_entry' depends on axioms: [propext, Classical.choice, Quot.sound]
verify	Verify G6 frozen sources serially	2026-10-07T16:47:17.3279415Z G6_RECEIPT {"argv": ["lake", "env", "lean", "--trust=0", "-j1", "-M4096", "-o", "/home/runner/work/_temp/g6-cloud-build/.lake/build/lib/lean/G5BridgeComponentEntries.olean", "/home/runner/work/_temp/g6-cloud-build/Imported/G5BridgeComponentEntries.lean"], "start": "2026-10-07T16:47:15.592923+00:00", "end": "2026-10-07T16:47:17.327042+00:00", "exit": 0, "output_sha256": "6d923e42c6ddfa40997788a894f162bea001ccaa7af7033d8d1c1edfd6cef2b0"}
verify	Verify G6 frozen sources serially	2026-10-07T16:47:17.3282805Z G6_COMMAND {"argv": ["lake", "env", "lean", "--trust=0", "-j1", "-M4096", "-o", "/home/runner/work/_temp/g6-cloud-build/.lake/build/lib/lean/G5NonbridgeRouteBound.olean", "/home/runner/work/_temp/g6-cloud-build/Imported/G5NonbridgeRouteBound.lean"], "cwd": "/home/runner/work/_temp/g6-cloud-build", "start": "2026-10-07T16:47:17.327394+00:00"}
verify	Verify G6 frozen sources serially	2026-10-07T16:47:19.3551283Z 'GProgram.G5.NonbridgeRoutes.UpPath.unique_from_kept_source' does not depend on any axioms
verify	Verify G6 frozen sources serially	2026-10-07T16:47:19.3552322Z 'GProgram.G5.NonbridgeRoutes.UpPath.unique_of_same_first' does not depend on any axioms
verify	Verify G6 frozen sources serially	2026-10-07T16:47:19.3553572Z 'GProgram.G5.NonbridgeRoutes.cut_child_nonbridge_incoming_unique' depends on axioms: [propext,
verify	Verify G6 frozen sources serially	2026-10-07T16:47:19.3554497Z  Classical.choice,
verify	Verify G6 frozen sources serially	2026-10-07T16:47:19.3554791Z  Quot.sound]
verify	Verify G6 frozen sources serially	2026-10-07T16:47:19.3555436Z 'GProgram.G5.NonbridgeRoutes.original_nonbridge_route_unique_of_first' depends on axioms: [propext,
verify	Verify G6 frozen sources serially	2026-10-07T16:47:19.3556462Z  Classical.choice,
verify	Verify G6 frozen sources serially	2026-10-07T16:47:19.3557241Z  Quot.sound]
verify	Verify G6 frozen sources serially	2026-10-07T16:47:19.3558378Z 'GProgram.G5.NonbridgeRoutes.finite_nonbridge_route_family_card_le_indegree' depends on axioms: [propext,
verify	Verify G6 frozen sources serially	2026-10-07T16:47:19.3560093Z  Classical.choice,
verify	Verify G6 frozen sources serially	2026-10-07T16:47:19.3560688Z  Quot.sound]
verify	Verify G6 frozen sources serially	2026-10-07T16:47:19.3561914Z 'GProgram.G5.NonbridgeRoutes.hybrid_nonbridge_route_family_card_le_two' depends on axioms: [propext,
verify	Verify G6 frozen sources serially	2026-10-07T16:47:19.3563255Z  Classical.choice,
verify	Verify G6 frozen sources serially	2026-10-07T16:47:19.3563949Z  Quot.sound]
verify	Verify G6 frozen sources serially	2026-10-07T16:47:19.3565087Z 'GProgram.G5.NonbridgeRoutes.ordinary_nonbridge_route_family_card_le_one' depends on axioms: [propext,
verify	Verify G6 frozen sources serially	2026-10-07T16:47:19.3566410Z  Classical.choice,
verify	Verify G6 frozen sources serially	2026-10-07T16:47:19.3568020Z  Quot.sound]
verify	Verify G6 frozen sources serially	2026-10-07T16:47:19.3570893Z G6_RECEIPT {"argv": ["lake", "env", "lean", "--trust=0", "-j1", "-M4096", "-o", "/home/runner/work/_temp/g6-cloud-build/.lake/build/lib/lean/G5NonbridgeRouteBound.olean", "/home/runner/work/_temp/g6-cloud-build/Imported/G5NonbridgeRouteBound.lean"], "start": "2026-10-07T16:47:17.327394+00:00", "end": "2026-10-07T16:47:19.354979+00:00", "exit": 0, "output_sha256": "8e3c42ef93082abdd73408f9a985f34e0e80ce7c27b744e3f86f0914fad9a124"}
verify	Verify G6 frozen sources serially	2026-10-07T16:47:19.3575611Z G6_COMMAND {"argv": ["lake", "env", "lean", "--trust=0", "-j1", "-M4096", "-o", "/home/runner/work/_temp/g6-cloud-build/.lake/build/lib/lean/G5ComponentCalendarCoverage.olean", "/home/runner/work/_temp/g6-cloud-build/Imported/G5ComponentCalendarCoverage.lean"], "cwd": "/home/runner/work/_temp/g6-cloud-build", "start": "2026-10-07T16:47:19.355334+00:00"}
verify	Verify G6 frozen sources serially	2026-10-07T16:47:22.0764538Z 'GProgram.G5.ComponentCalendar.EdgePath.all_nonbridge_of_sameBlob' depends on axioms: [propext,
verify	Verify G6 frozen sources serially	2026-10-07T16:47:22.0765321Z  Classical.choice,
verify	Verify G6 frozen sources serially	2026-10-07T16:47:22.0765587Z  Quot.sound]
verify	Verify G6 frozen sources serially	2026-10-07T16:47:22.0766122Z 'GProgram.G5.ComponentCalendar.root_route_component_decomposition' depends on axioms: [propext,
verify	Verify G6 frozen sources serially	2026-10-07T16:47:22.0766831Z  Classical.choice,
verify	Verify G6 frozen sources serially	2026-10-07T16:47:22.0767408Z  Quot.sound]
verify	Verify G6 frozen sources serially	2026-10-07T16:47:22.0768104Z 'GProgram.G5.ComponentCalendar.EdgePath.unique_active_exists' depends on axioms: [propext, Classical.choice, Quot.sound]
verify	Verify G6 frozen sources serially	2026-10-07T16:47:22.0771257Z G6_RECEIPT {"argv": ["lake", "env", "lean", "--trust=0", "-j1", "-M4096", "-o", "/home/runner/work/_temp/g6-cloud-build/.lake/build/lib/lean/G5ComponentCalendarCoverage.olean", "/home/runner/work/_temp/g6-cloud-build/Imported/G5ComponentCalendarCoverage.lean"], "start": "2026-10-07T16:47:19.355334+00:00", "end": "2026-10-07T16:47:22.076298+00:00", "exit": 0, "output_sha256": "714308a14bb6b87b48aeb0d21ce60a61e7c97b2d635874091f3d69038ab6c94e"}
verify	Verify G6 frozen sources serially	2026-10-07T16:47:22.0777394Z G6_COMMAND {"argv": ["lake", "env", "lean", "--trust=0", "-j1", "-M4096", "-o", "/home/runner/work/_temp/g6-cloud-build/.lake/build/lib/lean/G5ActualComponentSupport.olean", "/home/runner/work/_temp/g6-cloud-build/Imported/G5ActualComponentSupport.lean"], "cwd": "/home/runner/work/_temp/g6-cloud-build", "start": "2026-10-07T16:47:22.076643+00:00"}
verify	Verify G6 frozen sources serially	2026-10-07T16:47:24.8064451Z 'GProgram.G5.NonbridgeRoutes.UpPath.append' does not depend on any axioms
verify	Verify G6 frozen sources serially	2026-10-07T16:47:24.8065345Z 'GProgram.G5.NonbridgeRoutes.EdgePath.to_upPath_reverse' depends on axioms: [propext]
verify	Verify G6 frozen sources serially	2026-10-07T16:47:24.8067335Z /home/runner/work/_temp/g6-cloud-build/Imported/G5ActualComponentSupport.lean:57:0: warning: automatically included section variable(s) unused in theorem `GProgram.G5.ComponentSupport.mem_activeComponentEdges_iff`:
verify	Verify G6 frozen sources serially	2026-10-07T16:47:24.8068612Z   [Fintype V]
verify	Verify G6 frozen sources serially	2026-10-07T16:47:24.8068869Z   [DecidableEq V]
verify	Verify G6 frozen sources serially	2026-10-07T16:47:24.8069495Z consider restructuring your `variable` declarations so that the variables are not in scope or explicitly omit them:
verify	Verify G6 frozen sources serially	2026-10-07T16:47:24.8070514Z   omit [Fintype V] [DecidableEq V] in theorem ...
verify	Verify G6 frozen sources serially	2026-10-07T16:47:24.8070801Z 
verify	Verify G6 frozen sources serially	2026-10-07T16:47:24.8071100Z Note: This linter can be disabled with `set_option linter.unusedSectionVars false`
verify	Verify G6 frozen sources serially	2026-10-07T16:47:24.8071985Z 'GProgram.G5.ComponentSupport.finite_active_nonbridge_edges_card_le_indegree' depends on axioms: [propext,
verify	Verify G6 frozen sources serially	2026-10-07T16:47:24.8072688Z  Classical.choice,
verify	Verify G6 frozen sources serially	2026-10-07T16:47:24.8072950Z  Quot.sound]
verify	Verify G6 frozen sources serially	2026-10-07T16:47:24.8073518Z 'GProgram.G5.ComponentSupport.activeComponentEdges_card_le_indegree' depends on axioms: [propext,
verify	Verify G6 frozen sources serially	2026-10-07T16:47:24.8074185Z  Classical.choice,
verify	Verify G6 frozen sources serially	2026-10-07T16:47:24.8074591Z  Quot.sound]
verify	Verify G6 frozen sources serially	2026-10-07T16:47:24.8076536Z G6_RECEIPT {"argv": ["lake", "env", "lean", "--trust=0", "-j1", "-M4096", "-o", "/home/runner/work/_temp/g6-cloud-build/.lake/build/lib/lean/G5ActualComponentSupport.olean", "/home/runner/work/_temp/g6-cloud-build/Imported/G5ActualComponentSupport.lean"], "start": "2026-10-07T16:47:22.076643+00:00", "end": "2026-10-07T16:47:24.806288+00:00", "exit": 0, "output_sha256": "efb330a0d75437ca65577489d3f70ce0a047d2046c91d312f71b536339b082d5"}
verify	Verify G6 frozen sources serially	2026-10-07T16:47:24.8081967Z G6_COMMAND {"argv": ["lake", "env", "lean", "--trust=0", "-j1", "-M4096", "-o", "/home/runner/work/_temp/g6-cloud-build/.lake/build/lib/lean/G5RootRouteCurrentSupport.olean", "/home/runner/work/_temp/g6-cloud-build/Imported/G5RootRouteCurrentSupport.lean"], "cwd": "/home/runner/work/_temp/g6-cloud-build", "start": "2026-10-07T16:47:24.806622+00:00"}
verify	Verify G6 frozen sources serially	2026-10-07T16:47:27.5696597Z /home/runner/work/_temp/g6-cloud-build/Imported/G5RootRouteCurrentSupport.lean:28:0: warning: automatically included section variable(s) unused in theorem `GProgram.G5.ComponentSupport.mem_activeRootRouteEdges_iff`:
verify	Verify G6 frozen sources serially	2026-10-07T16:47:27.5698021Z   [Fintype V]
verify	Verify G6 frozen sources serially	2026-10-07T16:47:27.5698243Z   [DecidableEq V]
verify	Verify G6 frozen sources serially	2026-10-07T16:47:27.5698781Z consider restructuring your `variable` declarations so that the variables are not in scope or explicitly omit them:
verify	Verify G6 frozen sources serially	2026-10-07T16:47:27.5699424Z   omit [Fintype V] [DecidableEq V] in theorem ...
verify	Verify G6 frozen sources serially	2026-10-07T16:47:27.5699681Z 
verify	Verify G6 frozen sources serially	2026-10-07T16:47:27.5699931Z Note: This linter can be disabled with `set_option linter.unusedSectionVars false`
verify	Verify G6 frozen sources serially	2026-10-07T16:47:27.5701028Z 'GProgram.G5.ComponentSupport.incoming_bridge_mem_root_route' depends on axioms: [propext, Classical.choice, Quot.sound]
verify	Verify G6 frozen sources serially	2026-10-07T16:47:27.5702213Z 'GProgram.G5.ComponentSupport.active_root_edge_has_nonbridge_suffix' depends on axioms: [propext,
verify	Verify G6 frozen sources serially	2026-10-07T16:47:27.5703103Z  Classical.choice,
verify	Verify G6 frozen sources serially	2026-10-07T16:47:27.5703463Z  Quot.sound]
verify	Verify G6 frozen sources serially	2026-10-07T16:47:27.5704369Z 'GProgram.G5.ComponentSupport.activeRootRouteEdges_eq_component' depends on axioms: [propext,
verify	Verify G6 frozen sources serially	2026-10-07T16:47:27.5705302Z  Classical.choice,
verify	Verify G6 frozen sources serially	2026-10-07T16:47:27.5705680Z  Quot.sound]
verify	Verify G6 frozen sources serially	2026-10-07T16:47:27.5706514Z 'GProgram.G5.ComponentSupport.activeRootRouteEdges_eq_root_component' depends on axioms: [propext,
verify	Verify G6 frozen sources serially	2026-10-07T16:47:27.5707737Z  Classical.choice,
verify	Verify G6 frozen sources serially	2026-10-07T16:47:27.5708119Z  Quot.sound]
verify	Verify G6 frozen sources serially	2026-10-07T16:47:27.5708976Z 'GProgram.G5.ComponentSupport.activeRootRouteEdges_card_le_indegree_of_entry' depends on axioms: [propext,
verify	Verify G6 frozen sources serially	2026-10-07T16:47:27.5710020Z  Classical.choice,
verify	Verify G6 frozen sources serially	2026-10-07T16:47:27.5710421Z  Quot.sound]
verify	Verify G6 frozen sources serially	2026-10-07T16:47:27.5713519Z G6_RECEIPT {"argv": ["lake", "env", "lean", "--trust=0", "-j1", "-M4096", "-o", "/home/runner/work/_temp/g6-cloud-build/.lake/build/lib/lean/G5RootRouteCurrentSupport.olean", "/home/runner/work/_temp/g6-cloud-build/Imported/G5RootRouteCurrentSupport.lean"], "start": "2026-10-07T16:47:24.806622+00:00", "end": "2026-10-07T16:47:27.569469+00:00", "exit": 0, "output_sha256": "88507ababbf0ff2fbb8cf10b16ad8c6a7f6dcc879fe1f5bc434e297a0f5a95e5"}
verify	Verify G6 frozen sources serially	2026-10-07T16:47:27.5718407Z G6_COMMAND {"argv": ["lake", "env", "lean", "--trust=0", "-j1", "-M4096", "-o", "/home/runner/work/_temp/g6-cloud-build/.lake/build/lib/lean/G5CurrentPortTwoPositions.olean", "/home/runner/work/_temp/g6-cloud-build/Imported/G5CurrentPortTwoPositions.lean"], "cwd": "/home/runner/work/_temp/g6-cloud-build", "start": "2026-10-07T16:47:27.569839+00:00"}
verify	Verify G6 frozen sources serially	2026-10-07T16:47:30.2784505Z 'GProgram.G5.ComponentSupport.binary_indegree_le_two' depends on axioms: [propext, Classical.choice, Quot.sound]
verify	Verify G6 frozen sources serially	2026-10-07T16:47:30.2786023Z 'GProgram.G5.ComponentSupport.current_port_support_card_le_indegree' depends on axioms: [propext,
verify	Verify G6 frozen sources serially	2026-10-07T16:47:30.2786874Z  Classical.choice,
verify	Verify G6 frozen sources serially	2026-10-07T16:47:30.2787472Z  Quot.sound]
verify	Verify G6 frozen sources serially	2026-10-07T16:47:30.2788133Z 'GProgram.G5.ComponentSupport.current_port_support_card_le_two' depends on axioms: [propext,
verify	Verify G6 frozen sources serially	2026-10-07T16:47:30.2788963Z  Classical.choice,
verify	Verify G6 frozen sources serially	2026-10-07T16:47:30.2789298Z  Quot.sound]
verify	Verify G6 frozen sources serially	2026-10-07T16:47:30.2790014Z 'GProgram.G5.ComponentSupport.current_ordinary_port_support_card_le_one' depends on axioms: [propext,
verify	Verify G6 frozen sources serially	2026-10-07T16:47:30.2791213Z  Classical.choice,
verify	Verify G6 frozen sources serially	2026-10-07T16:47:30.2791542Z  Quot.sound]
verify	Verify G6 frozen sources serially	2026-10-07T16:47:30.2792380Z 'GProgram.G5.ComponentSupport.current_port_support_nonempty' depends on axioms: [propext, Classical.choice, Quot.sound]
verify	Verify G6 frozen sources serially	2026-10-07T16:47:30.2793756Z 'GProgram.G5.ComponentSupport.current_ordinary_port_support_card_eq_one' depends on axioms: [propext,
verify	Verify G6 frozen sources serially	2026-10-07T16:47:30.2794618Z  Classical.choice,
verify	Verify G6 frozen sources serially	2026-10-07T16:47:30.2794943Z  Quot.sound]
verify	Verify G6 frozen sources serially	2026-10-07T16:47:30.2797617Z G6_RECEIPT {"argv": ["lake", "env", "lean", "--trust=0", "-j1", "-M4096", "-o", "/home/runner/work/_temp/g6-cloud-build/.lake/build/lib/lean/G5CurrentPortTwoPositions.olean", "/home/runner/work/_temp/g6-cloud-build/Imported/G5CurrentPortTwoPositions.lean"], "start": "2026-10-07T16:47:27.569839+00:00", "end": "2026-10-07T16:47:30.274378+00:00", "exit": 0, "output_sha256": "92a225f805943c35b10f34e345329759f40db5919b01f962d13c1c02fc0c2c61"}
verify	Verify G6 frozen sources serially	2026-10-07T16:47:30.2801972Z G6_COMMAND {"argv": ["lake", "env", "lean", "--trust=0", "-j1", "-M4096", "-o", "/home/runner/work/_temp/g6-cloud-build/.lake/build/lib/lean/G5OriginalTipCurrentSupport.olean", "/home/runner/work/_temp/g6-cloud-build/Imported/G5OriginalTipCurrentSupport.lean"], "cwd": "/home/runner/work/_temp/g6-cloud-build", "start": "2026-10-07T16:47:30.274680+00:00"}
verify	Verify G6 frozen sources serially	2026-10-07T16:47:32.9833181Z 'GProgram.G5.ComponentSupport.active_tip_edge_has_root_port_prefix' depends on axioms: [propext,
verify	Verify G6 frozen sources serially	2026-10-07T16:47:32.9833989Z  Classical.choice,
verify	Verify G6 frozen sources serially	2026-10-07T16:47:32.9834240Z  Quot.sound]
verify	Verify G6 frozen sources serially	2026-10-07T16:47:32.9834846Z 'GProgram.G5.ComponentSupport.original_tip_support_eq_port' depends on axioms: [propext, Classical.choice, Quot.sound]
verify	Verify G6 frozen sources serially	2026-10-07T16:47:32.9835953Z 'GProgram.G5.ComponentSupport.original_tip_current_support_nonempty_card_le_two' depends on axioms: [propext,
verify	Verify G6 frozen sources serially	2026-10-07T16:47:32.9836791Z  Classical.choice,
verify	Verify G6 frozen sources serially	2026-10-07T16:47:32.9837312Z  Quot.sound]
verify	Verify G6 frozen sources serially	2026-10-07T16:47:32.9837853Z 'GProgram.G5.ComponentSupport.original_tip_bridge_support_eq_singleton' depends on axioms: [propext,
verify	Verify G6 frozen sources serially	2026-10-07T16:47:32.9838662Z  Classical.choice,
verify	Verify G6 frozen sources serially	2026-10-07T16:47:32.9839003Z  Quot.sound]
verify	Verify G6 frozen sources serially	2026-10-07T16:47:32.9841638Z G6_RECEIPT {"argv": ["lake", "env", "lean", "--trust=0", "-j1", "-M4096", "-o", "/home/runner/work/_temp/g6-cloud-build/.lake/build/lib/lean/G5OriginalTipCurrentSupport.olean", "/home/runner/work/_temp/g6-cloud-build/Imported/G5OriginalTipCurrentSupport.lean"], "start": "2026-10-07T16:47:30.274680+00:00", "end": "2026-10-07T16:47:32.983151+00:00", "exit": 0, "output_sha256": "bf016b1de34fa1fcd3a79f6c846f1ce7a8c17ce7099b04edfb94b96b563c7d5f"}
verify	Verify G6 frozen sources serially	2026-10-07T16:47:32.9846657Z G6_COMMAND {"argv": ["lake", "env", "lean", "--trust=0", "-j1", "-M4096", "-o", "/home/runner/work/_temp/g6-cloud-build/.lake/build/lib/lean/G5ParentChoiceCalendar.olean", "/home/runner/work/_temp/g6-cloud-build/Imported/G5ParentChoiceCalendar.lean"], "cwd": "/home/runner/work/_temp/g6-cloud-build", "start": "2026-10-07T16:47:32.983546+00:00"}
verify	Verify G6 frozen sources serially	2026-10-07T16:47:35.8880007Z 'GProgram.G5.ParentCalendar.component_entry_reaches_sameBlob' depends on axioms: [propext, Classical.choice, Quot.sound]
verify	Verify G6 frozen sources serially	2026-10-07T16:47:35.8881626Z 'GProgram.G5.ParentCalendar.parent_route_prefix_exists' depends on axioms: [propext, Classical.choice, Quot.sound]
verify	Verify G6 frozen sources serially	2026-10-07T16:47:35.8882953Z 'GProgram.G5.ParentCalendar.parent_route_unique' depends on axioms: [propext, Classical.choice, Quot.sound]
verify	Verify G6 frozen sources serially	2026-10-07T16:47:35.8884654Z 'GProgram.G5.ParentCalendar.parentPosition_spec' depends on axioms: [propext, Classical.choice, Quot.sound]
verify	Verify G6 frozen sources serially	2026-10-07T16:47:35.8886184Z 'GProgram.G5.ParentCalendar.active_edge_eq_parentPosition' depends on axioms: [propext, Classical.choice, Quot.sound]
verify	Verify G6 frozen sources serially	2026-10-07T16:47:35.8890407Z G6_RECEIPT {"argv": ["lake", "env", "lean", "--trust=0", "-j1", "-M4096", "-o", "/home/runner/work/_temp/g6-cloud-build/.lake/build/lib/lean/G5ParentChoiceCalendar.olean", "/home/runner/work/_temp/g6-cloud-build/Imported/G5ParentChoiceCalendar.lean"], "start": "2026-10-07T16:47:32.983546+00:00", "end": "2026-10-07T16:47:35.887828+00:00", "exit": 0, "output_sha256": "8eb07c527af1306f84578a8a51aa5ba933b16ab465a187c3619b880a145cce8d"}
verify	Verify G6 frozen sources serially	2026-10-07T16:47:35.8895190Z G6_COMMAND {"argv": ["lake", "env", "lean", "--trust=0", "-j1", "-M4096", "-o", "/home/runner/work/_temp/g6-cloud-build/.lake/build/lib/lean/G5CoupledQuartetKernel.olean", "/home/runner/work/_temp/g6-cloud-build/Imported/G5CoupledQuartetKernel.lean"], "cwd": "/home/runner/work/_temp/g6-cloud-build", "start": "2026-10-07T16:47:35.888180+00:00"}
verify	Verify G6 frozen sources serially	2026-10-07T16:47:39.3985368Z /home/runner/work/_temp/g6-cloud-build/Imported/G5CoupledQuartetKernel.lean:97:25: warning: Used `tac1 <;> tac2` where `(tac1; tac2)` would suffice
verify	Verify G6 frozen sources serially	2026-10-07T16:47:39.3986604Z 
verify	Verify G6 frozen sources serially	2026-10-07T16:47:39.3987398Z Note: This linter can be disabled with `set_option linter.unnecessarySeqFocus false`
verify	Verify G6 frozen sources serially	2026-10-07T16:47:39.3988785Z 'GProgram.G5.QuartetKernel.selectorWitness_iff_blockWitness' depends on axioms: [propext, Classical.choice, Quot.sound]
verify	Verify G6 frozen sources serially	2026-10-07T16:47:39.3990005Z 'GProgram.G5.QuartetKernel.pairCount_four_iff' depends on axioms: [propext, Classical.choice, Quot.sound]
verify	Verify G6 frozen sources serially	2026-10-07T16:47:39.3990864Z 'GProgram.G5.QuartetKernel.pairCount_one_split' depends on axioms: [propext, Classical.choice, Quot.sound]
verify	Verify G6 frozen sources serially	2026-10-07T16:47:39.3993223Z G6_RECEIPT {"argv": ["lake", "env", "lean", "--trust=0", "-j1", "-M4096", "-o", "/home/runner/work/_temp/g6-cloud-build/.lake/build/lib/lean/G5CoupledQuartetKernel.olean", "/home/runner/work/_temp/g6-cloud-build/Imported/G5CoupledQuartetKernel.lean"], "start": "2026-10-07T16:47:35.888180+00:00", "end": "2026-10-07T16:47:39.398312+00:00", "exit": 0, "output_sha256": "345f1f363c83e2a84fdf11b5431ffa001012a8f8e49dc4e8197ecd89a725a5b0"}
verify	Verify G6 frozen sources serially	2026-10-07T16:47:39.3996161Z G6_COMMAND {"argv": ["lake", "env", "lean", "--trust=0", "-j1", "-M4096", "-o", "/home/runner/work/_temp/g6-cloud-build/.lake/build/lib/lean/G5FairSelectorMoments.olean", "/home/runner/work/_temp/g6-cloud-build/Imported/G5FairSelectorMoments.lean"], "cwd": "/home/runner/work/_temp/g6-cloud-build", "start": "2026-10-07T16:47:39.398683+00:00"}
verify	Verify G6 frozen sources serially	2026-10-07T16:47:42.2754883Z 'GProgram.G5.QuartetKernel.meetingChoices_card' depends on axioms: [propext, Classical.choice, Quot.sound]
verify	Verify G6 frozen sources serially	2026-10-07T16:47:42.2756380Z 'GProgram.G5.QuartetKernel.fairMeetingMass_eq_count' depends on axioms: [propext, Classical.choice, Quot.sound]
verify	Verify G6 frozen sources serially	2026-10-07T16:47:42.2759672Z G6_RECEIPT {"argv": ["lake", "env", "lean", "--trust=0", "-j1", "-M4096", "-o", "/home/runner/work/_temp/g6-cloud-build/.lake/build/lib/lean/G5FairSelectorMoments.olean", "/home/runner/work/_temp/g6-cloud-build/Imported/G5FairSelectorMoments.lean"], "start": "2026-10-07T16:47:39.398683+00:00", "end": "2026-10-07T16:47:42.272180+00:00", "exit": 0, "output_sha256": "c5d36016bc89bb883f01c4f4f152e4f9a4105dd7af316f5e2aea6ba848149852"}
verify	Verify G6 frozen sources serially	2026-10-07T16:47:42.2763997Z G6_COMMAND {"argv": ["lake", "env", "lean", "--trust=0", "-j1", "-M4096", "-o", "/home/runner/work/_temp/g6-cloud-build/.lake/build/lib/lean/G5FairOriginalCoinLaw.olean", "/home/runner/work/_temp/g6-cloud-build/Imported/G5FairOriginalCoinLaw.lean"], "cwd": "/home/runner/work/_temp/g6-cloud-build", "start": "2026-10-07T16:47:42.272469+00:00"}
verify	Verify G6 frozen sources serially	2026-10-07T16:47:45.4194100Z /home/runner/work/_temp/g6-cloud-build/Imported/G5FairOriginalCoinLaw.lean:43:18: warning: This simp argument is unused:
verify	Verify G6 frozen sources serially	2026-10-07T16:47:45.4195414Z   hne
verify	Verify G6 frozen sources serially	2026-10-07T16:47:45.4195642Z 
verify	Verify G6 frozen sources serially	2026-10-07T16:47:45.4195891Z Hint: Omit it from the simp argument list.
verify	Verify G6 frozen sources serially	2026-10-07T16:47:45.4196874Z   [apply] simp [wanted, hne.symm]
verify	Verify G6 frozen sources serially	2026-10-07T16:47:45.4197538Z 
verify	Verify G6 frozen sources serially	2026-10-07T16:47:45.4197990Z Note: This linter can be disabled with `set_option linter.unusedSimpArgs false`
verify	Verify G6 frozen sources serially	2026-10-07T16:47:45.4199465Z /home/runner/work/_temp/g6-cloud-build/Imported/G5FairOriginalCoinLaw.lean:69:54: warning: This simp argument is unused:
verify	Verify G6 frozen sources serially	2026-10-07T16:47:45.4200445Z   hu
verify	Verify G6 frozen sources serially	2026-10-07T16:47:45.4200568Z 
verify	Verify G6 frozen sources serially	2026-10-07T16:47:45.4200699Z Hint: Omit it from the simp argument list.
verify	Verify G6 frozen sources serially	2026-10-07T16:47:45.4201220Z   [apply] simp [hv]
verify	Verify G6 frozen sources serially	2026-10-07T16:47:45.4201444Z 
verify	Verify G6 frozen sources serially	2026-10-07T16:47:45.4202065Z Note: This linter can be disabled with `set_option linter.unusedSimpArgs false`
verify	Verify G6 frozen sources serially	2026-10-07T16:47:45.4202924Z /home/runner/work/_temp/g6-cloud-build/Imported/G5FairOriginalCoinLaw.lean:69:57: warning: This simp argument is unused:
verify	Verify G6 frozen sources serially	2026-10-07T16:47:45.4203598Z   hv
verify	Verify G6 frozen sources serially	2026-10-07T16:47:45.4203718Z 
verify	Verify G6 frozen sources serially	2026-10-07T16:47:45.4203841Z Hint: Omit it from the simp argument list.
verify	Verify G6 frozen sources serially	2026-10-07T16:47:45.4204164Z   [apply] simp [hu]
verify	Verify G6 frozen sources serially	2026-10-07T16:47:45.4204322Z 
verify	Verify G6 frozen sources serially	2026-10-07T16:47:45.4204571Z Note: This linter can be disabled with `set_option linter.unusedSimpArgs false`
verify	Verify G6 frozen sources serially	2026-10-07T16:47:45.4205380Z 'GProgram.G5.OriginalCoinLaw.jointBitMass_eq_quarter' depends on axioms: [propext, Classical.choice, Quot.sound]
verify	Verify G6 frozen sources serially	2026-10-07T16:47:45.4206360Z 'GProgram.G5.OriginalCoinLaw.fair_two_site_expectation' depends on axioms: [propext, Classical.choice, Quot.sound]
verify	Verify G6 frozen sources serially	2026-10-07T16:47:45.4207661Z 'GProgram.G5.OriginalCoinLaw.fair_source_meeting_weight' depends on axioms: [propext, Classical.choice, Quot.sound]
verify	Verify G6 frozen sources serially	2026-10-07T16:47:45.4209882Z G6_RECEIPT {"argv": ["lake", "env", "lean", "--trust=0", "-j1", "-M4096", "-o", "/home/runner/work/_temp/g6-cloud-build/.lake/build/lib/lean/G5FairOriginalCoinLaw.olean", "/home/runner/work/_temp/g6-cloud-build/Imported/G5FairOriginalCoinLaw.lean"], "start": "2026-10-07T16:47:42.272469+00:00", "end": "2026-10-07T16:47:45.419191+00:00", "exit": 0, "output_sha256": "271cf1f090f72b0841bc9aaffd0b76290a2b93492127891f04d2e5fdc4777e63"}
verify	Verify G6 frozen sources serially	2026-10-07T16:47:45.4212362Z G6_COMMAND {"argv": ["lake", "env", "lean", "--trust=0", "-j1", "-M4096", "-o", "/home/runner/work/_temp/g6-cloud-build/.lake/build/lib/lean/G5OriginalCoinPMF.olean", "/home/runner/work/_temp/g6-cloud-build/Imported/G5OriginalCoinPMF.lean"], "cwd": "/home/runner/work/_temp/g6-cloud-build", "start": "2026-10-07T16:47:45.419625+00:00"}
verify	Verify G6 frozen sources serially	2026-10-07T16:47:48.4513602Z /home/runner/work/_temp/g6-cloud-build/Imported/G5OriginalCoinPMF.lean:19:0: warning: automatically included section variable(s) unused in theorem `GProgram.G5.OriginalCoinLaw.independentWeight_real_nonnegative`:
verify	Verify G6 frozen sources serially	2026-10-07T16:47:48.4514855Z   [DecidableEq Site]
verify	Verify G6 frozen sources serially	2026-10-07T16:47:48.4515440Z consider restructuring your `variable` declarations so that the variables are not in scope or explicitly omit them:
verify	Verify G6 frozen sources serially	2026-10-07T16:47:48.4516110Z   omit [DecidableEq Site] in theorem ...
verify	Verify G6 frozen sources serially	2026-10-07T16:47:48.4516338Z 
verify	Verify G6 frozen sources serially	2026-10-07T16:47:48.4516607Z Note: This linter can be disabled with `set_option linter.unusedSectionVars false`
verify	Verify G6 frozen sources serially	2026-10-07T16:47:48.4517775Z 'GProgram.G5.OriginalCoinLaw.independentWeight_ennreal_normalized' depends on axioms: [propext,
verify	Verify G6 frozen sources serially	2026-10-07T16:47:48.4518398Z  Classical.choice,
verify	Verify G6 frozen sources serially	2026-10-07T16:47:48.4518639Z  Quot.sound]
verify	Verify G6 frozen sources serially	2026-10-07T16:47:48.4519197Z 'GProgram.G5.OriginalCoinLaw.independentPMF_event' depends on axioms: [propext, Classical.choice, Quot.sound]
verify	Verify G6 frozen sources serially	2026-10-07T16:47:48.4520205Z 'GProgram.G5.OriginalCoinLaw.fair_source_meeting_probability' depends on axioms: [propext, Classical.choice, Quot.sound]
verify	Verify G6 frozen sources serially	2026-10-07T16:47:48.4522363Z G6_RECEIPT {"argv": ["lake", "env", "lean", "--trust=0", "-j1", "-M4096", "-o", "/home/runner/work/_temp/g6-cloud-build/.lake/build/lib/lean/G5OriginalCoinPMF.olean", "/home/runner/work/_temp/g6-cloud-build/Imported/G5OriginalCoinPMF.lean"], "start": "2026-10-07T16:47:45.419625+00:00", "end": "2026-10-07T16:47:48.451103+00:00", "exit": 0, "output_sha256": "5ac4293a4581c7494a371e851faa0feb458d3dc5d65d9533ca23c25fa0b60934"}
verify	Verify G6 frozen sources serially	2026-10-07T16:47:48.4525409Z G6_COMMAND {"argv": ["lake", "env", "lean", "--trust=0", "-j1", "-M4096", "-o", "/home/runner/work/_temp/g6-cloud-build/.lake/build/lib/lean/G5ParentPositionPushforward.olean", "/home/runner/work/_temp/g6-cloud-build/Imported/G5ParentPositionPushforward.lean"], "cwd": "/home/runner/work/_temp/g6-cloud-build", "start": "2026-10-07T16:47:48.451423+00:00"}
verify	Verify G6 frozen sources serially	2026-10-07T16:47:51.5081409Z /home/runner/work/_temp/g6-cloud-build/Imported/G5ParentPositionPushforward.lean:52:0: warning: automatically included section variable(s) unused in theorem `GProgram.G5.ParentCalendar.EdgePath.empty_or_last`:
verify	Verify G6 frozen sources serially	2026-10-07T16:47:51.5083108Z   [Fintype V]
verify	Verify G6 frozen sources serially	2026-10-07T16:47:51.5083752Z   [Fintype E]
verify	Verify G6 frozen sources serially	2026-10-07T16:47:51.5083990Z   [DecidableEq V]
verify	Verify G6 frozen sources serially	2026-10-07T16:47:51.5084526Z consider restructuring your `variable` declarations so that the variables are not in scope or explicitly omit them:
verify	Verify G6 frozen sources serially	2026-10-07T16:47:51.5085188Z   omit [Fintype V] [Fintype E] [DecidableEq V] in theorem ...
verify	Verify G6 frozen sources serially	2026-10-07T16:47:51.5085439Z 
verify	Verify G6 frozen sources serially	2026-10-07T16:47:51.5085671Z Note: This linter can be disabled with `set_option linter.unusedSectionVars false`
verify	Verify G6 frozen sources serially	2026-10-07T16:47:51.5086369Z 'GProgram.G5.ParentCalendar.incoming_edge_is_original_parent' depends on axioms: [propext, Classical.choice, Quot.sound]
verify	Verify G6 frozen sources serially	2026-10-07T16:47:51.5087470Z 'GProgram.G5.ParentCalendar.EdgePath.empty_or_last' depends on axioms: [propext, Classical.choice, Quot.sound]
verify	Verify G6 frozen sources serially	2026-10-07T16:47:51.5088254Z 'GProgram.G5.ParentCalendar.activeComponentEdges_eq_parentPosition_image' depends on axioms: [propext,
verify	Verify G6 frozen sources serially	2026-10-07T16:47:51.5088759Z  Classical.choice,
verify	Verify G6 frozen sources serially	2026-10-07T16:47:51.5088960Z  Quot.sound]
verify	Verify G6 frozen sources serially	2026-10-07T16:47:51.5089400Z 'GProgram.G5.ParentCalendar.activeRootRouteEdges_eq_parentPosition_image' depends on axioms: [propext,
verify	Verify G6 frozen sources serially	2026-10-07T16:47:51.5089917Z  Classical.choice,
verify	Verify G6 frozen sources serially	2026-10-07T16:47:51.5090118Z  Quot.sound]
verify	Verify G6 frozen sources serially	2026-10-07T16:47:51.5090544Z 'GProgram.G5.ParentCalendar.actual_parent_position_fair_meeting_probability' depends on axioms: [propext,
verify	Verify G6 frozen sources serially	2026-10-07T16:47:51.5091033Z  Classical.choice,
verify	Verify G6 frozen sources serially	2026-10-07T16:47:51.5091223Z  Quot.sound]
verify	Verify G6 frozen sources serially	2026-10-07T16:47:51.5092674Z G6_RECEIPT {"argv": ["lake", "env", "lean", "--trust=0", "-j1", "-M4096", "-o", "/home/runner/work/_temp/g6-cloud-build/.lake/build/lib/lean/G5ParentPositionPushforward.olean", "/home/runner/work/_temp/g6-cloud-build/Imported/G5ParentPositionPushforward.lean"], "start": "2026-10-07T16:47:48.451423+00:00", "end": "2026-10-07T16:47:51.506724+00:00", "exit": 0, "output_sha256": "7a6173506e0448fa249a1b93a0bf727995ab29b5a43b369adf4169fe6a4879a4"}
verify	Verify G6 frozen sources serially	2026-10-07T16:47:51.5095154Z G6_COMMAND {"argv": ["lake", "env", "lean", "--trust=0", "-j1", "-M4096", "-o", "/home/runner/work/_temp/g6-cloud-build/.lake/build/lib/lean/G5SafePastHybridDisjointness.olean", "/home/runner/work/_temp/g6-cloud-build/Imported/G5SafePastHybridDisjointness.lean"], "cwd": "/home/runner/work/_temp/g6-cloud-build", "start": "2026-10-07T16:47:51.507017+00:00"}
verify	Verify G6 frozen sources serially	2026-10-07T16:47:54.4229012Z /home/runner/work/_temp/g6-cloud-build/Imported/G5SafePastHybridDisjointness.lean:60:5: warning: Variable name `hcard` is not explicitly referenced.
verify	Verify G6 frozen sources serially	2026-10-07T16:47:54.4230613Z 
verify	Verify G6 frozen sources serially	2026-10-07T16:47:54.4231569Z Hint: The binding can be removed (if unused) or named `_` (if used implicitly). Alternatively, prefix the name with `_` to silence this warning:
verify	Verify G6 frozen sources serially	2026-10-07T16:47:54.4232975Z   [apply] _hcard
verify	Verify G6 frozen sources serially	2026-10-07T16:47:54.4233411Z 
verify	Verify G6 frozen sources serially	2026-10-07T16:47:54.4233958Z Note: This linter can be disabled with `set_option linter.unusedVariables false`
verify	Verify G6 frozen sources serially	2026-10-07T16:47:54.4235327Z 'GProgram.G5.SafePast.protective_sure_exact_block' depends on axioms: [propext, Classical.choice, Quot.sound]
verify	Verify G6 frozen sources serially	2026-10-07T16:47:54.4236805Z 'GProgram.G5.SafePast.shared_hybrid_produces_earlier_sure_block' depends on axioms: [propext,
verify	Verify G6 frozen sources serially	2026-10-07T16:47:54.4238047Z  Classical.choice,
verify	Verify G6 frozen sources serially	2026-10-07T16:47:54.4238604Z  Quot.sound]
verify	Verify G6 frozen sources serially	2026-10-07T16:47:54.4239575Z 'GProgram.G5.SafePast.safeAt_of_no_earlier_sure_block' depends on axioms: [propext, Classical.choice, Quot.sound]
verify	Verify G6 frozen sources serially	2026-10-07T16:47:54.4241181Z 'GProgram.G5.SafePast.originalHybridPast_disjoint' depends on axioms: [propext, Classical.choice, Quot.sound]
verify	Verify G6 frozen sources serially	2026-10-07T16:47:54.4243055Z 'GProgram.G5.SafePast.originalHybridPast_disjoint_of_no_earlier_sure_block' depends on axioms: [propext,
verify	Verify G6 frozen sources serially	2026-10-07T16:47:54.4244137Z  Classical.choice,
verify	Verify G6 frozen sources serially	2026-10-07T16:47:54.4244691Z  Quot.sound]
verify	Verify G6 frozen sources serially	2026-10-07T16:47:54.4247744Z G6_RECEIPT {"argv": ["lake", "env", "lean", "--trust=0", "-j1", "-M4096", "-o", "/home/runner/work/_temp/g6-cloud-build/.lake/build/lib/lean/G5SafePastHybridDisjointness.olean", "/home/runner/work/_temp/g6-cloud-build/Imported/G5SafePastHybridDisjointness.lean"], "start": "2026-10-07T16:47:51.507017+00:00", "end": "2026-10-07T16:47:54.420563+00:00", "exit": 0, "output_sha256": "a1982d3aabed4c8a8098f185576b6089f298d3317834d44717e020dd16f46ee4"}
verify	Verify G6 frozen sources serially	2026-10-07T16:47:54.4252507Z G6_COMMAND {"argv": ["lake", "env", "lean", "--trust=0", "-j1", "-M4096", "-o", "/home/runner/work/_temp/g6-cloud-build/.lake/build/lib/lean/G5PairOnlySureBlockChronology.olean", "/home/runner/work/_temp/g6-cloud-build/Imported/G5PairOnlySureBlockChronology.lean"], "cwd": "/home/runner/work/_temp/g6-cloud-build", "start": "2026-10-07T16:47:54.420943+00:00"}
verify	Verify G6 frozen sources serially	2026-10-07T16:47:57.3262551Z 'GProgram.G5.SafePast.sureExactBlock_iff_distinct_pair_predicates' depends on axioms: [propext,
verify	Verify G6 frozen sources serially	2026-10-07T16:47:57.3263265Z  Classical.choice,
verify	Verify G6 frozen sources serially	2026-10-07T16:47:57.3263509Z  Quot.sound]
verify	Verify G6 frozen sources serially	2026-10-07T16:47:57.3264008Z 'GProgram.G5.SafePast.noSureNontrivialBlock_iff_pair_predicates' depends on axioms: [propext,
verify	Verify G6 frozen sources serially	2026-10-07T16:47:57.3264654Z  Classical.choice,
verify	Verify G6 frozen sources serially	2026-10-07T16:47:57.3265068Z  Quot.sound]
verify	Verify G6 frozen sources serially	2026-10-07T16:47:57.3265693Z 'GProgram.G5.SafePast.safeAt_of_no_earlier_pair_sure_block' depends on axioms: [propext, Classical.choice, Quot.sound]
verify	Verify G6 frozen sources serially	2026-10-07T16:47:57.3269452Z G6_RECEIPT {"argv": ["lake", "env", "lean", "--trust=0", "-j1", "-M4096", "-o", "/home/runner/work/_temp/g6-cloud-build/.lake/build/lib/lean/G5PairOnlySureBlockChronology.olean", "/home/runner/work/_temp/g6-cloud-build/Imported/G5PairOnlySureBlockChronology.lean"], "start": "2026-10-07T16:47:54.420943+00:00", "end": "2026-10-07T16:47:57.326088+00:00", "exit": 0, "output_sha256": "2102cb58c4b7a1a01d1b6cb27a2ff7b9ddfc470a9ec0faae7c75174677969e1b"}
verify	Verify G6 frozen sources serially	2026-10-07T16:47:57.3273817Z G6_COMMAND {"argv": ["lake", "env", "lean", "--trust=0", "-j1", "-M4096", "-o", "/home/runner/work/_temp/g6-cloud-build/.lake/build/lib/lean/G5SafePastMeetingPermanence.olean", "/home/runner/work/_temp/g6-cloud-build/Imported/G5SafePastMeetingPermanence.lean"], "cwd": "/home/runner/work/_temp/g6-cloud-build", "start": "2026-10-07T16:47:57.326434+00:00"}
verify	Verify G6 frozen sources serially	2026-10-07T16:48:00.2184137Z 'GProgram.G5.NonbridgeRoutes.UpPath.to_edgePath_reverse' depends on axioms: [propext]
verify	Verify G6 frozen sources serially	2026-10-07T16:48:00.2185654Z 'GProgram.G5.SafePast.shared_ancestor_not_hybrid' depends on axioms: [propext, Classical.choice, Quot.sound]
verify	Verify G6 frozen sources serially	2026-10-07T16:48:00.2187388Z 'GProgram.G5.SafePast.UpPath.active_edges_equal_of_no_processed_hybrid' depends on axioms: [propext,
verify	Verify G6 frozen sources serially	2026-10-07T16:48:00.2188329Z  Classical.choice,
verify	Verify G6 frozen sources serially	2026-10-07T16:48:00.2188702Z  Quot.sound]
verify	Verify G6 frozen sources serially	2026-10-07T16:48:00.2189589Z 'GProgram.G5.SafePast.coOccupy_persists_to_safe_age' depends on axioms: [propext, Classical.choice, Quot.sound]
verify	Verify G6 frozen sources serially	2026-10-07T16:48:00.2190865Z 'GProgram.G5.SafePast.separated_at_safe_age_never_previously_met' depends on axioms: [propext,
verify	Verify G6 frozen sources serially	2026-10-07T16:48:00.2191684Z  Classical.choice,
verify	Verify G6 frozen sources serially	2026-10-07T16:48:00.2191923Z  Quot.sound]
verify	Verify G6 frozen sources serially	2026-10-07T16:48:00.2194064Z G6_RECEIPT {"argv": ["lake", "env", "lean", "--trust=0", "-j1", "-M4096", "-o", "/home/runner/work/_temp/g6-cloud-build/.lake/build/lib/lean/G5SafePastMeetingPermanence.olean", "/home/runner/work/_temp/g6-cloud-build/Imported/G5SafePastMeetingPermanence.lean"], "start": "2026-10-07T16:47:57.326434+00:00", "end": "2026-10-07T16:48:00.218231+00:00", "exit": 0, "output_sha256": "c868ca1184d8588ef18b1478e00dc3285c7cc006207d1cdcf5d6a8a0a2d4b198"}
verify	Verify G6 frozen sources serially	2026-10-07T16:48:00.2197726Z G6_COMMAND {"argv": ["lake", "env", "lean", "--trust=0", "-j1", "-M4096", "-o", "/home/runner/work/_temp/g6-cloud-build/.lake/build/lib/lean/G5ExponentialGermIdentification.olean", "/home/runner/work/_temp/g6-cloud-build/Imported/G5ExponentialGermIdentification.lean"], "cwd": "/home/runner/work/_temp/g6-cloud-build", "start": "2026-10-07T16:48:00.218784+00:00"}
verify	Verify G6 frozen sources serially	2026-10-07T16:48:02.6011012Z 'GProgram.G5.ExponentialGerm.coefficient_zero_of_grid' depends on axioms: [propext, Classical.choice, Quot.sound]
verify	Verify G6 frozen sources serially	2026-10-07T16:48:02.6012590Z 'GProgram.G5.ExponentialGerm.coefficients_eq_of_right_germ' depends on axioms: [propext, Classical.choice, Quot.sound]
verify	Verify G6 frozen sources serially	2026-10-07T16:48:02.6013956Z 'GProgram.G5.ExponentialGerm.constant_coefficient_eq_of_right_germ' depends on axioms: [propext,
verify	Verify G6 frozen sources serially	2026-10-07T16:48:02.6014803Z  Classical.choice,
verify	Verify G6 frozen sources serially	2026-10-07T16:48:02.6015459Z  Quot.sound]
verify	Verify G6 frozen sources serially	2026-10-07T16:48:02.6018073Z G6_RECEIPT {"argv": ["lake", "env", "lean", "--trust=0", "-j1", "-M4096", "-o", "/home/runner/work/_temp/g6-cloud-build/.lake/build/lib/lean/G5ExponentialGermIdentification.olean", "/home/runner/work/_temp/g6-cloud-build/Imported/G5ExponentialGermIdentification.lean"], "start": "2026-10-07T16:48:00.218784+00:00", "end": "2026-10-07T16:48:02.600912+00:00", "exit": 0, "output_sha256": "43b8db7dd2022f81be166db6224a360defaf0709d2d333320680b065d5e0e567"}
verify	Verify G6 frozen sources serially	2026-10-07T16:48:02.6021060Z G6_COMMAND {"argv": ["lake", "env", "lean", "--trust=0", "-j1", "-M4096", "-o", "/home/runner/work/_temp/g6-cloud-build/.lake/build/lib/lean/G5UnknownRateSupport.olean", "/home/runner/work/_temp/g6-cloud-build/Imported/G5UnknownRateSupport.lean"], "cwd": "/home/runner/work/_temp/g6-cloud-build", "start": "2026-10-07T16:48:02.601254+00:00"}
verify	Verify G6 frozen sources serially	2026-10-07T16:48:05.0435690Z 'GProgram.G5.ExponentialGerm.finite_coefficients_zero_of_right_germ' depends on axioms: [propext,
verify	Verify G6 frozen sources serially	2026-10-07T16:48:05.0436869Z  Classical.choice,
verify	Verify G6 frozen sources serially	2026-10-07T16:48:05.0437596Z  Quot.sound]
verify	Verify G6 frozen sources serially	2026-10-07T16:48:05.0438339Z 'GProgram.G5.ExponentialGerm.finite_coefficients_eq_of_right_germ' depends on axioms: [propext,
verify	Verify G6 frozen sources serially	2026-10-07T16:48:05.0439195Z  Classical.choice,
verify	Verify G6 frozen sources serially	2026-10-07T16:48:05.0439540Z  Quot.sound]
verify	Verify G6 frozen sources serially	2026-10-07T16:48:05.0440247Z 'GProgram.G5.ExponentialGerm.finite_constant_mass_eq_of_right_germ' depends on axioms: [propext,
verify	Verify G6 frozen sources serially	2026-10-07T16:48:05.0441090Z  Classical.choice,
verify	Verify G6 frozen sources serially	2026-10-07T16:48:05.0441440Z  Quot.sound]
verify	Verify G6 frozen sources serially	2026-10-07T16:48:05.0442859Z G6_RECEIPT {"argv": ["lake", "env", "lean", "--trust=0", "-j1", "-M4096", "-o", "/home/runner/work/_temp/g6-cloud-build/.lake/build/lib/lean/G5UnknownRateSupport.olean", "/home/runner/work/_temp/g6-cloud-build/Imported/G5UnknownRateSupport.lean"], "start": "2026-10-07T16:48:02.601254+00:00", "end": "2026-10-07T16:48:05.042977+00:00", "exit": 0, "output_sha256": "36b339cbb814f07566d18ce6dd3e52801f2bffd23f1262b079fa7bef2cc6169f"}
verify	Verify G6 frozen sources serially	2026-10-07T16:48:05.0445243Z G6_COMMAND {"argv": ["lake", "env", "lean", "--trust=0", "-j1", "-M4096", "-o", "/home/runner/work/_temp/g6-cloud-build/.lake/build/lib/lean/G5OriginalRouteHazard.olean", "/home/runner/work/_temp/g6-cloud-build/Imported/G5OriginalRouteHazard.lean"], "cwd": "/home/runner/work/_temp/g6-cloud-build", "start": "2026-10-07T16:48:05.043314+00:00"}
verify	Verify G6 frozen sources serially	2026-10-07T16:48:08.4128825Z /home/runner/work/_temp/g6-cloud-build/Imported/G5OriginalRouteHazard.lean:174:48: warning: Used `tac1 <;> tac2` where `(tac1; tac2)` would suffice
verify	Verify G6 frozen sources serially	2026-10-07T16:48:08.4129745Z 
verify	Verify G6 frozen sources serially	2026-10-07T16:48:08.4130031Z Note: This linter can be disabled with `set_option linter.unnecessarySeqFocus false`
verify	Verify G6 frozen sources serially	2026-10-07T16:48:08.4130852Z 'GProgram.G5.RouteHazard.currentPairRate_zero_iff_separated' depends on axioms: [propext, Classical.choice, Quot.sound]
verify	Verify G6 frozen sources serially	2026-10-07T16:48:08.4131713Z 'GProgram.G5.RouteHazard.separated_safe_accumulatedHazard_zero' depends on axioms: [propext,
verify	Verify G6 frozen sources serially	2026-10-07T16:48:08.4132241Z  Classical.choice,
verify	Verify G6 frozen sources serially	2026-10-07T16:48:08.4132561Z  Quot.sound]
verify	Verify G6 frozen sources serially	2026-10-07T16:48:08.4133119Z 'GProgram.G5.RouteHazard.separated_safe_routeSurvival_one' depends on axioms: [propext, Classical.choice, Quot.sound]
verify	Verify G6 frozen sources serially	2026-10-07T16:48:08.4134041Z 'GProgram.G5.RouteHazard.positive_endpoint_gap_exists' depends on axioms: [propext, Classical.choice, Quot.sound]
verify	Verify G6 frozen sources serially	2026-10-07T16:48:08.4134888Z 'GProgram.G5.RouteHazard.exposure_add_on_endpoint_gap' depends on axioms: [propext, Classical.choice, Quot.sound]
verify	Verify G6 frozen sources serially	2026-10-07T16:48:08.4136332Z 'GProgram.G5.RouteHazard.accumulatedHazard_add_on_endpoint_gap' depends on axioms: [propext,
verify	Verify G6 frozen sources serially	2026-10-07T16:48:08.4137273Z  Classical.choice,
verify	Verify G6 frozen sources serially	2026-10-07T16:48:08.4137741Z  Quot.sound]
verify	Verify G6 frozen sources serially	2026-10-07T16:48:08.4138721Z 'GProgram.G5.RouteHazard.routeSurvival_add_on_endpoint_gap' depends on axioms: [propext, Classical.choice, Quot.sound]
verify	Verify G6 frozen sources serially	2026-10-07T16:48:08.4141004Z G6_RECEIPT {"argv": ["lake", "env", "lean", "--trust=0", "-j1", "-M4096", "-o", "/home/runner/work/_temp/g6-cloud-build/.lake/build/lib/lean/G5OriginalRouteHazard.olean", "/home/runner/work/_temp/g6-cloud-build/Imported/G5OriginalRouteHazard.lean"], "start": "2026-10-07T16:48:05.043314+00:00", "end": "2026-10-07T16:48:08.412009+00:00", "exit": 0, "output_sha256": "2e311bf90e01fad29579f832d25a1f11f5dad8b2c178253a86823dc2f7e59d1c"}
verify	Verify G6 frozen sources serially	2026-10-07T16:48:08.4144252Z G6_COMMAND {"argv": ["lake", "env", "lean", "--trust=0", "-j1", "-M4096", "-o", "/home/runner/work/_temp/g6-cloud-build/.lake/build/lib/lean/G4TwoRootSourceStopping.olean", "/home/runner/work/_temp/g6-cloud-build/Imported/G4TwoRootSourceStopping.lean"], "cwd": "/home/runner/work/_temp/g6-cloud-build", "start": "2026-10-07T16:48:08.412387+00:00"}
verify	Verify G6 frozen sources serially	2026-10-07T16:48:11.5679344Z /home/runner/work/_temp/g6-cloud-build/Imported/G4TwoRootSourceStopping.lean:54:2: warning: Used `tac1 <;> tac2` where `(tac1; tac2)` would suffice
verify	Verify G6 frozen sources serially	2026-10-07T16:48:11.5680453Z 
verify	Verify G6 frozen sources serially	2026-10-07T16:48:11.5681304Z Note: This linter can be disabled with `set_option linter.unnecessarySeqFocus false`
verify	Verify G6 frozen sources serially	2026-10-07T16:48:11.5682896Z /home/runner/work/_temp/g6-cloud-build/Imported/G4TwoRootSourceStopping.lean:59:2: warning: Used `tac1 <;> tac2` where `(tac1; tac2)` would suffice
verify	Verify G6 frozen sources serially	2026-10-07T16:48:11.5683934Z 
verify	Verify G6 frozen sources serially	2026-10-07T16:48:11.5684356Z Note: This linter can be disabled with `set_option linter.unnecessarySeqFocus false`
verify	Verify G6 frozen sources serially	2026-10-07T16:48:11.5685705Z 'G4TwoRootSourceStopping.bareSurvival_eq' depends on axioms: [propext, Classical.choice, Quot.sound]
verify	Verify G6 frozen sources serially	2026-10-07T16:48:11.5687308Z 'G4TwoRootSourceStopping.rootedACladeResponse_injective' depends on axioms: [propext, Classical.choice, Quot.sound]
verify	Verify G6 frozen sources serially	2026-10-07T16:48:11.5688706Z 'G4TwoRootSourceStopping.observable_finite_length_certificate' depends on axioms: [propext,
verify	Verify G6 frozen sources serially	2026-10-07T16:48:11.5689553Z  Classical.choice,
verify	Verify G6 frozen sources serially	2026-10-07T16:48:11.5689921Z  Quot.sound]
verify	Verify G6 frozen sources serially	2026-10-07T16:48:11.5692377Z G6_RECEIPT {"argv": ["lake", "env", "lean", "--trust=0", "-j1", "-M4096", "-o", "/home/runner/work/_temp/g6-cloud-build/.lake/build/lib/lean/G4TwoRootSourceStopping.olean", "/home/runner/work/_temp/g6-cloud-build/Imported/G4TwoRootSourceStopping.lean"], "start": "2026-10-07T16:48:08.412387+00:00", "end": "2026-10-07T16:48:11.565047+00:00", "exit": 0, "output_sha256": "dd78f608c3203ed2845672960fd4a8f009670f190c0de67b07c9c200b2a61910"}
verify	Verify G6 frozen sources serially	2026-10-07T16:48:11.5696825Z G6_COMMAND {"argv": ["lake", "env", "lean", "--trust=0", "-j1", "-M4096", "-o", "/home/runner/work/_temp/g6-cloud-build/.lake/build/lib/lean/G1SharedRegisterStress.olean", "/home/runner/work/_temp/g6-cloud-build/Imported/G1SharedRegisterStress.lean"], "cwd": "/home/runner/work/_temp/g6-cloud-build", "start": "2026-10-07T16:48:11.565391+00:00"}
verify	Verify G6 frozen sources serially	2026-10-07T16:48:14.5820998Z 'GProgram.G1.pairSurvival_eq_exp' depends on axioms: [propext, Classical.choice, Quot.sound]
verify	Verify G6 frozen sources serially	2026-10-07T16:48:14.5822496Z 'GProgram.G1.pairSurvival_log_two' depends on axioms: [propext, Classical.choice, Quot.sound]
verify	Verify G6 frozen sources serially	2026-10-07T16:48:14.5823884Z 'GProgram.G1.pairSurvival_log_four' depends on axioms: [propext, Classical.choice, Quot.sound]
verify	Verify G6 frozen sources serially	2026-10-07T16:48:14.5825354Z 'GProgram.G1.shared_register_exact_counterexample' depends on axioms: [propext, Classical.choice, Quot.sound]
verify	Verify G6 frozen sources serially	2026-10-07T16:48:14.5826820Z 'GProgram.G1.retained_register_joint_normalized' depends on axioms: [propext, Classical.choice, Quot.sound]
verify	Verify G6 frozen sources serially	2026-10-07T16:48:14.5828557Z 'GProgram.G1.retained_register_joint_nonnegative' depends on axioms: [propext, Classical.choice, Quot.sound]
verify	Verify G6 frozen sources serially	2026-10-07T16:48:14.5829992Z 'GProgram.G1.resampling_changes_exposed_context' depends on axioms: [propext, Classical.choice, Quot.sound]
verify	Verify G6 frozen sources serially	2026-10-07T16:48:14.5831682Z 'GProgram.G1.exposed_event_preserved_iff_equal_conditionals' depends on axioms: [propext, Classical.choice, Quot.sound]
verify	Verify G6 frozen sources serially	2026-10-07T16:48:14.5833711Z G6_RECEIPT {"argv": ["lake", "env", "lean", "--trust=0", "-j1", "-M4096", "-o", "/home/runner/work/_temp/g6-cloud-build/.lake/build/lib/lean/G1SharedRegisterStress.olean", "/home/runner/work/_temp/g6-cloud-build/Imported/G1SharedRegisterStress.lean"], "start": "2026-10-07T16:48:11.565391+00:00", "end": "2026-10-07T16:48:14.581939+00:00", "exit": 0, "output_sha256": "84a9c4ce9c952b0e458f2a61369c7b18a8e5a6298321cc94e9a865f61d98037b"}
verify	Verify G6 frozen sources serially	2026-10-07T16:48:14.5836293Z G6_COMMAND {"argv": ["lake", "env", "lean", "--trust=0", "-j1", "-M4096", "-o", "/home/runner/work/_temp/g6-cloud-build/.lake/build/lib/lean/G4FourRootPositivity.olean", "/home/runner/work/_temp/g6-cloud-build/Imported/G4FourRootPositivity.lean"], "cwd": "/home/runner/work/_temp/g6-cloud-build", "start": "2026-10-07T16:48:14.582335+00:00"}
verify	Verify G6 frozen sources serially	2026-10-07T16:48:18.0483670Z 'GProgram.G4.FourRoot.exact_defect_factorization' depends on axioms: [propext, Classical.choice, Quot.sound]
verify	Verify G6 frozen sources serially	2026-10-07T16:48:18.0484771Z 'GProgram.G4.FourRoot.zero_delta_forces_negative_defect3' depends on axioms: [propext, Classical.choice, Quot.sound]
verify	Verify G6 frozen sources serially	2026-10-07T16:48:18.0485808Z 'GProgram.G4.FourRoot.no_common_moment_signature' depends on axioms: [propext, Classical.choice, Quot.sound]
verify	Verify G6 frozen sources serially	2026-10-07T16:48:18.0486941Z 'GProgram.G4.FourRoot.rational_cap3_scalar_witness' depends on axioms: [propext, Classical.choice, Quot.sound]
verify	Verify G6 frozen sources serially	2026-10-07T16:48:18.0489854Z G6_RECEIPT {"argv": ["lake", "env", "lean", "--trust=0", "-j1", "-M4096", "-o", "/home/runner/work/_temp/g6-cloud-build/.lake/build/lib/lean/G4FourRootPositivity.olean", "/home/runner/work/_temp/g6-cloud-build/Imported/G4FourRootPositivity.lean"], "start": "2026-10-07T16:48:14.582335+00:00", "end": "2026-10-07T16:48:18.048211+00:00", "exit": 0, "output_sha256": "f5e1ecf7db1d697e09d60633e18d6b70c7cc7aa6ac9af0dc3eee533d76e5c582"}
verify	Verify G6 frozen sources serially	2026-10-07T16:48:18.0492970Z G6_COMMAND {"argv": ["lake", "env", "lean", "--trust=0", "-j1", "-M4096", "-o", "/home/runner/work/_temp/g6-cloud-build/.lake/build/lib/lean/G4IndependentRoutingBridge.olean", "/home/runner/work/_temp/g6-cloud-build/Imported/G4IndependentRoutingBridge.lean"], "cwd": "/home/runner/work/_temp/g6-cloud-build", "start": "2026-10-07T16:48:18.048537+00:00"}
verify	Verify G6 frozen sources serially	2026-10-07T16:48:22.4350196Z /home/runner/work/_temp/g6-cloud-build/Imported/G4IndependentRoutingBridge.lean:83:49: warning: This simp argument is unused:
verify	Verify G6 frozen sources serially	2026-10-07T16:48:22.4351112Z   Fintype.sum_bool
verify	Verify G6 frozen sources serially	2026-10-07T16:48:22.4351283Z 
verify	Verify G6 frozen sources serially	2026-10-07T16:48:22.4351426Z Hint: Omit it from the simp argument list.
verify	Verify G6 frozen sources serially	2026-10-07T16:48:22.4352237Z   [apply] simp [routingWeight_cons, ← Finset.mul_sum, ih, bitWeight]
verify	Verify G6 frozen sources serially	2026-10-07T16:48:22.4352791Z 
verify	Verify G6 frozen sources serially	2026-10-07T16:48:22.4353077Z Note: This linter can be disabled with `set_option linter.unusedSimpArgs false`
verify	Verify G6 frozen sources serially	2026-10-07T16:48:22.4354028Z /home/runner/work/_temp/g6-cloud-build/Imported/G4IndependentRoutingBridge.lean:157:4: warning: try 'simp' instead of 'simpa'
verify	Verify G6 frozen sources serially	2026-10-07T16:48:22.4354716Z 
verify	Verify G6 frozen sources serially	2026-10-07T16:48:22.4355004Z Note: This linter can be disabled with `set_option linter.unnecessarySimpa false`
verify	Verify G6 frozen sources serially	2026-10-07T16:48:22.4355945Z /home/runner/work/_temp/g6-cloud-build/Imported/G4IndependentRoutingBridge.lean:163:71: warning: This simp argument is unused:
verify	Verify G6 frozen sources serially	2026-10-07T16:48:22.4356693Z   hc
verify	Verify G6 frozen sources serially	2026-10-07T16:48:22.4356817Z 
verify	Verify G6 frozen sources serially	2026-10-07T16:48:22.4356950Z Hint: Omit it from the simp argument list.
verify	Verify G6 frozen sources serially	2026-10-07T16:48:22.4357713Z   [apply] simp [GProgram.G2.OriginalHybridParents.parent, H.different, H.different.symm]
verify	Verify G6 frozen sources serially	2026-10-07T16:48:22.4358193Z 
verify	Verify G6 frozen sources serially	2026-10-07T16:48:22.4358450Z Note: This linter can be disabled with `set_option linter.unusedSimpArgs false`
verify	Verify G6 frozen sources serially	2026-10-07T16:48:22.4359294Z /home/runner/work/_temp/g6-cloud-build/Imported/G4IndependentRoutingBridge.lean:164:4: warning: This simp argument is unused:
verify	Verify G6 frozen sources serially	2026-10-07T16:48:22.4359988Z   H.different
verify	Verify G6 frozen sources serially	2026-10-07T16:48:22.4360118Z 
verify	Verify G6 frozen sources serially	2026-10-07T16:48:22.4360244Z Hint: Omit it from the simp argument list.
verify	Verify G6 frozen sources serially	2026-10-07T16:48:22.4360742Z   [apply] simp [GProgram.G2.OriginalHybridParents.parent, hc, H.different.symm]
verify	Verify G6 frozen sources serially	2026-10-07T16:48:22.4361436Z 
verify	Verify G6 frozen sources serially	2026-10-07T16:48:22.4361691Z Note: This linter can be disabled with `set_option linter.unusedSimpArgs false`
verify	Verify G6 frozen sources serially	2026-10-07T16:48:22.4362554Z /home/runner/work/_temp/g6-cloud-build/Imported/G4IndependentRoutingBridge.lean:172:4: warning: try 'simp' instead of 'simpa'
verify	Verify G6 frozen sources serially	2026-10-07T16:48:22.4363164Z 
verify	Verify G6 frozen sources serially	2026-10-07T16:48:22.4363419Z Note: This linter can be disabled with `set_option linter.unnecessarySimpa false`
verify	Verify G6 frozen sources serially	2026-10-07T16:48:22.4364275Z /home/runner/work/_temp/g6-cloud-build/Imported/G4IndependentRoutingBridge.lean:178:71: warning: This simp argument is unused:
verify	Verify G6 frozen sources serially	2026-10-07T16:48:22.4365139Z   hc
verify	Verify G6 frozen sources serially	2026-10-07T16:48:22.4365256Z 
verify	Verify G6 frozen sources serially	2026-10-07T16:48:22.4365376Z Hint: Omit it from the simp argument list.
verify	Verify G6 frozen sources serially	2026-10-07T16:48:22.4365911Z   [apply] simp [GProgram.G2.OriginalHybridParents.parent, H.different, H.different.symm]
verify	Verify G6 frozen sources serially	2026-10-07T16:48:22.4366354Z 
verify	Verify G6 frozen sources serially	2026-10-07T16:48:22.4366601Z Note: This linter can be disabled with `set_option linter.unusedSimpArgs false`
verify	Verify G6 frozen sources serially	2026-10-07T16:48:22.4387858Z /home/runner/work/_temp/g6-cloud-build/Imported/G4IndependentRoutingBridge.lean:179:16: warning: This simp argument is unused:
verify	Verify G6 frozen sources serially	2026-10-07T16:48:22.4388477Z   H.different.symm
verify	Verify G6 frozen sources serially	2026-10-07T16:48:22.4388609Z 
verify	Verify G6 frozen sources serially	2026-10-07T16:48:22.4388722Z Hint: Omit it from the simp argument list.
verify	Verify G6 frozen sources serially	2026-10-07T16:48:22.4389118Z   [apply] simp [GProgram.G2.OriginalHybridParents.parent, hc, H.different]
verify	Verify G6 frozen sources serially	2026-10-07T16:48:22.4389429Z 
verify	Verify G6 frozen sources serially	2026-10-07T16:48:22.4389638Z Note: This linter can be disabled with `set_option linter.unusedSimpArgs false`
verify	Verify G6 frozen sources serially	2026-10-07T16:48:22.4390267Z 'GProgram.G4.IndependentRouting.exponential_model_original_coordinates' depends on axioms: [propext,
verify	Verify G6 frozen sources serially	2026-10-07T16:48:22.4390770Z  Classical.choice,
verify	Verify G6 frozen sources serially	2026-10-07T16:48:22.4390968Z  Quot.sound]
verify	Verify G6 frozen sources serially	2026-10-07T16:48:22.4391446Z 'GProgram.G4.IndependentRouting.original_source_coordinates' depends on axioms: [propext, Classical.choice, Quot.sound]
verify	Verify G6 frozen sources serially	2026-10-07T16:48:22.4392184Z 'GProgram.G4.IndependentRouting.exponential_four_root_arm_law' depends on axioms: [propext,
verify	Verify G6 frozen sources serially	2026-10-07T16:48:22.4392635Z  Classical.choice,
verify	Verify G6 frozen sources serially	2026-10-07T16:48:22.4392826Z  Quot.sound]
verify	Verify G6 frozen sources serially	2026-10-07T16:48:22.4393265Z 'GProgram.G4.IndependentRouting.actual_parent0_count' depends on axioms: [propext, Classical.choice, Quot.sound]
verify	Verify G6 frozen sources serially	2026-10-07T16:48:22.4394008Z 'GProgram.G4.IndependentRouting.generic_two' depends on axioms: [propext, Classical.choice, Quot.sound]
verify	Verify G6 frozen sources serially	2026-10-07T16:48:22.4394726Z 'GProgram.G4.IndependentRouting.generic_three' depends on axioms: [propext, Classical.choice, Quot.sound]
verify	Verify G6 frozen sources serially	2026-10-07T16:48:22.4395438Z 'GProgram.G4.IndependentRouting.generic_four' depends on axioms: [propext, Classical.choice, Quot.sound]
verify	Verify G6 frozen sources serially	2026-10-07T16:48:22.4396203Z 'GProgram.G4.IndependentRouting.routingWeight_normalized' depends on axioms: [propext, Classical.choice, Quot.sound]
verify	Verify G6 frozen sources serially	2026-10-07T16:48:22.4399625Z G6_RECEIPT {"argv": ["lake", "env", "lean", "--trust=0", "-j1", "-M4096", "-o", "/home/runner/work/_temp/g6-cloud-build/.lake/build/lib/lean/G4IndependentRoutingBridge.olean", "/home/runner/work/_temp/g6-cloud-build/Imported/G4IndependentRoutingBridge.lean"], "start": "2026-10-07T16:48:18.048537+00:00", "end": "2026-10-07T16:48:22.434834+00:00", "exit": 0, "output_sha256": "cbd76f1aff4dbea1797be18fb43b4ceb4bf5b1ba93f7c123d3b8173c15c87318"}
verify	Verify G6 frozen sources serially	2026-10-07T16:48:22.4404007Z G6_COMMAND {"argv": ["lake", "env", "lean", "--trust=0", "-j1", "-M4096", "-o", "/home/runner/work/_temp/g6-cloud-build/.lake/build/lib/lean/G4AllRootPairClocks.olean", "/home/runner/work/_temp/g6-cloud-build/Imported/G4AllRootPairClocks.lean"], "cwd": "/home/runner/work/_temp/g6-cloud-build", "start": "2026-10-07T16:48:22.435183+00:00"}
verify	Verify G6 frozen sources serially	2026-10-07T16:48:25.2568483Z /home/runner/work/_temp/g6-cloud-build/Imported/G4AllRootPairClocks.lean:67:2: warning: Try this: 
verify	Verify G6 frozen sources serially	2026-10-07T16:48:25.2569691Z   letI̵
verify	Verify G6 frozen sources serially	2026-10-07T16:48:25.2569884Z 
verify	Verify G6 frozen sources serially	2026-10-07T16:48:25.2570180Z The goal is a proposition, so `let` is preferred over `letI`.
verify	Verify G6 frozen sources serially	2026-10-07T16:48:25.2571006Z The difference between `let` and `letI` is that `letI` inlines the value.
verify	Verify G6 frozen sources serially	2026-10-07T16:48:25.2572233Z But this is not relevant for proofs because of proof irrelevance.
verify	Verify G6 frozen sources serially	2026-10-07T16:48:25.2572681Z 
verify	Verify G6 frozen sources serially	2026-10-07T16:48:25.2573087Z Note: This linter can be disabled with `set_option linter.style.haveILetI false`
verify	Verify G6 frozen sources serially	2026-10-07T16:48:25.2574132Z /home/runner/work/_temp/g6-cloud-build/Imported/G4AllRootPairClocks.lean:70:2: warning: Try this: 
verify	Verify G6 frozen sources serially	2026-10-07T16:48:25.2574815Z   letI̵
verify	Verify G6 frozen sources serially	2026-10-07T16:48:25.2574999Z 
verify	Verify G6 frozen sources serially	2026-10-07T16:48:25.2575273Z The goal is a proposition, so `let` is preferred over `letI`.
verify	Verify G6 frozen sources serially	2026-10-07T16:48:25.2575896Z The difference between `let` and `letI` is that `letI` inlines the value.
verify	Verify G6 frozen sources serially	2026-10-07T16:48:25.2576625Z But this is not relevant for proofs because of proof irrelevance.
verify	Verify G6 frozen sources serially	2026-10-07T16:48:25.2576939Z 
verify	Verify G6 frozen sources serially	2026-10-07T16:48:25.2577467Z Note: This linter can be disabled with `set_option linter.style.haveILetI false`
verify	Verify G6 frozen sources serially	2026-10-07T16:48:25.2578213Z 'GProgram.G4.PairClocks.private_arms_no_first_merge' depends on axioms: [propext, Classical.choice, Quot.sound]
verify	Verify G6 frozen sources serially	2026-10-07T16:48:25.2579049Z 'GProgram.G4.PairClocks.livePair_card' depends on axioms: [propext, Classical.choice, Quot.sound]
verify	Verify G6 frozen sources serially	2026-10-07T16:48:25.2579835Z 'GProgram.G4.PairClocks.all_root_no_first_merge' depends on axioms: [propext, Classical.choice, Quot.sound]
verify	Verify G6 frozen sources serially	2026-10-07T16:48:25.2580686Z 'GProgram.G4.PairClocks.product_clock_eq_holding_model' depends on axioms: [propext, Classical.choice, Quot.sound]
verify	Verify G6 frozen sources serially	2026-10-07T16:48:25.2582547Z G6_RECEIPT {"argv": ["lake", "env", "lean", "--trust=0", "-j1", "-M4096", "-o", "/home/runner/work/_temp/g6-cloud-build/.lake/build/lib/lean/G4AllRootPairClocks.olean", "/home/runner/work/_temp/g6-cloud-build/Imported/G4AllRootPairClocks.lean"], "start": "2026-10-07T16:48:22.435183+00:00", "end": "2026-10-07T16:48:25.256653+00:00", "exit": 0, "output_sha256": "7ab290630c57eec022c564a4e035d33e5101c865684b517a03dc71d5dcb0767d"}
verify	Verify G6 frozen sources serially	2026-10-07T16:48:25.2585018Z G6_COMMAND {"argv": ["lake", "env", "lean", "--trust=0", "-j1", "-M4096", "-o", "/home/runner/work/_temp/g6-cloud-build/.lake/build/lib/lean/G4PathResolvedMeasurement.olean", "/home/runner/work/_temp/g6-cloud-build/Imported/G4PathResolvedMeasurement.lean"], "cwd": "/home/runner/work/_temp/g6-cloud-build", "start": "2026-10-07T16:48:25.257065+00:00"}
verify	Verify G6 frozen sources serially	2026-10-07T16:48:48.7586123Z /home/runner/work/_temp/g6-cloud-build/Imported/G4PathResolvedMeasurement.lean:54:0: warning: automatically included section variable(s) unused in theorem `GProgram.G4.PathResolved.itineraryMass_pos`:
verify	Verify G6 frozen sources serially	2026-10-07T16:48:48.7587908Z   [DecidableEq Site]
verify	Verify G6 frozen sources serially	2026-10-07T16:48:48.7588729Z consider restructuring your `variable` declarations so that the variables are not in scope or explicitly omit them:
verify	Verify G6 frozen sources serially	2026-10-07T16:48:48.7589682Z   omit [DecidableEq Site] in theorem ...
verify	Verify G6 frozen sources serially	2026-10-07T16:48:48.7589984Z 
verify	Verify G6 frozen sources serially	2026-10-07T16:48:48.7590351Z Note: This linter can be disabled with `set_option linter.unusedSectionVars false`
verify	Verify G6 frozen sources serially	2026-10-07T16:48:48.7592218Z /home/runner/work/_temp/g6-cloud-build/Imported/G4PathResolvedMeasurement.lean:71:0: warning: automatically included section variable(s) unused in theorem `GProgram.G4.PathResolved.original_source_joint_itinerary_likelihood`:
verify	Verify G6 frozen sources serially	2026-10-07T16:48:48.7593919Z   [DecidableEq Site]
verify	Verify G6 frozen sources serially	2026-10-07T16:48:48.7594717Z consider restructuring your `variable` declarations so that the variables are not in scope or explicitly omit them:
verify	Verify G6 frozen sources serially	2026-10-07T16:48:48.7595648Z   omit [DecidableEq Site] in theorem ...
verify	Verify G6 frozen sources serially	2026-10-07T16:48:48.7595963Z 
verify	Verify G6 frozen sources serially	2026-10-07T16:48:48.7596337Z Note: This linter can be disabled with `set_option linter.unusedSectionVars false`
verify	Verify G6 frozen sources serially	2026-10-07T16:48:48.7598209Z /home/runner/work/_temp/g6-cloud-build/Imported/G4PathResolvedMeasurement.lean:107:0: warning: automatically included section variable(s) unused in theorem `GProgram.G4.PathResolved.totalNoMerger_pos`:
verify	Verify G6 frozen sources serially	2026-10-07T16:48:48.7599681Z   [DecidableEq Site]
verify	Verify G6 frozen sources serially	2026-10-07T16:48:48.7600483Z consider restructuring your `variable` declarations so that the variables are not in scope or explicitly omit them:
verify	Verify G6 frozen sources serially	2026-10-07T16:48:48.7601410Z   omit [DecidableEq Site] in theorem ...
verify	Verify G6 frozen sources serially	2026-10-07T16:48:48.7601722Z 
verify	Verify G6 frozen sources serially	2026-10-07T16:48:48.7602535Z Note: This linter can be disabled with `set_option linter.unusedSectionVars false`
verify	Verify G6 frozen sources serially	2026-10-07T16:48:48.7604300Z /home/runner/work/_temp/g6-cloud-build/Imported/G4PathResolvedMeasurement.lean:111:0: warning: automatically included section variable(s) unused in theorem `GProgram.G4.PathResolved.totalNoMerger_lt_one`:
verify	Verify G6 frozen sources serially	2026-10-07T16:48:48.7605776Z   [DecidableEq Site]
verify	Verify G6 frozen sources serially	2026-10-07T16:48:48.7606768Z consider restructuring your `variable` declarations so that the variables are not in scope or explicitly omit them:
verify	Verify G6 frozen sources serially	2026-10-07T16:48:48.7608074Z   omit [DecidableEq Site] in theorem ...
verify	Verify G6 frozen sources serially	2026-10-07T16:48:48.7608710Z 
verify	Verify G6 frozen sources serially	2026-10-07T16:48:48.7609201Z Note: This linter can be disabled with `set_option linter.unusedSectionVars false`
verify	Verify G6 frozen sources serially	2026-10-07T16:48:48.7611158Z /home/runner/work/_temp/g6-cloud-build/Imported/G4PathResolvedMeasurement.lean:199:0: warning: automatically included section variable(s) unused in theorem `GProgram.G4.PathResolved.complete_original_parent_readout_injective`:
verify	Verify G6 frozen sources serially	2026-10-07T16:48:48.7612880Z   [Fintype Site]
verify	Verify G6 frozen sources serially	2026-10-07T16:48:48.7613265Z   [DecidableEq Site]
verify	Verify G6 frozen sources serially	2026-10-07T16:48:48.7613666Z   [DecidableEq E]
verify	Verify G6 frozen sources serially	2026-10-07T16:48:48.7614495Z consider restructuring your `variable` declarations so that the variables are not in scope or explicitly omit them:
verify	Verify G6 frozen sources serially	2026-10-07T16:48:48.7615647Z   omit [Fintype Site] [DecidableEq Site] [DecidableEq E] in theorem ...
verify	Verify G6 frozen sources serially	2026-10-07T16:48:48.7616183Z 
verify	Verify G6 frozen sources serially	2026-10-07T16:48:48.7616663Z Note: This linter can be disabled with `set_option linter.unusedSectionVars false`
verify	Verify G6 frozen sources serially	2026-10-07T16:48:48.7618962Z /home/runner/work/_temp/g6-cloud-build/Imported/G4PathResolvedMeasurement.lean:296:0: warning: automatically included section variable(s) unused in theorem `GProgram.G4.PathResolved.cycle_term_factor`:
verify	Verify G6 frozen sources serially	2026-10-07T16:48:48.7620548Z   [DecidableEq Site]
verify	Verify G6 frozen sources serially	2026-10-07T16:48:48.7621347Z consider restructuring your `variable` declarations so that the variables are not in scope or explicitly omit them:
verify	Verify G6 frozen sources serially	2026-10-07T16:48:48.7622257Z   omit [DecidableEq Site] in theorem ...
verify	Verify G6 frozen sources serially	2026-10-07T16:48:48.7622584Z 
verify	Verify G6 frozen sources serially	2026-10-07T16:48:48.7622955Z Note: This linter can be disabled with `set_option linter.unusedSectionVars false`
verify	Verify G6 frozen sources serially	2026-10-07T16:48:48.7624716Z /home/runner/work/_temp/g6-cloud-build/Imported/G4PathResolvedMeasurement.lean:387:0: warning: automatically included section variable(s) unused in theorem `GProgram.G4.PathResolved.ordinaryScalar_pos`:
verify	Verify G6 frozen sources serially	2026-10-07T16:48:48.7626193Z   [DecidableEq Site]
verify	Verify G6 frozen sources serially	2026-10-07T16:48:48.7626977Z consider restructuring your `variable` declarations so that the variables are not in scope or explicitly omit them:
verify	Verify G6 frozen sources serially	2026-10-07T16:48:48.7628054Z   omit [DecidableEq Site] in theorem ...
verify	Verify G6 frozen sources serially	2026-10-07T16:48:48.7628373Z 
verify	Verify G6 frozen sources serially	2026-10-07T16:48:48.7628753Z Note: This linter can be disabled with `set_option linter.unusedSectionVars false`
verify	Verify G6 frozen sources serially	2026-10-07T16:48:48.7630517Z /home/runner/work/_temp/g6-cloud-build/Imported/G4PathResolvedMeasurement.lean:391:0: warning: automatically included section variable(s) unused in theorem `GProgram.G4.PathResolved.totalNoMerger_factorization`:
verify	Verify G6 frozen sources serially	2026-10-07T16:48:48.7632077Z   [DecidableEq Site]
verify	Verify G6 frozen sources serially	2026-10-07T16:48:48.7632879Z consider restructuring your `variable` declarations so that the variables are not in scope or explicitly omit them:
verify	Verify G6 frozen sources serially	2026-10-07T16:48:48.7633801Z   omit [DecidableEq Site] in theorem ...
verify	Verify G6 frozen sources serially	2026-10-07T16:48:48.7634108Z 
verify	Verify G6 frozen sources serially	2026-10-07T16:48:48.7634476Z Note: This linter can be disabled with `set_option linter.unusedSectionVars false`
verify	Verify G6 frozen sources serially	2026-10-07T16:48:48.7635422Z /home/runner/work/_temp/g6-cloud-build/Imported/G4PathResolvedMeasurement.lean:486:4: warning: Try this: 
verify	Verify G6 frozen sources serially	2026-10-07T16:48:48.7636122Z   letI̵
verify	Verify G6 frozen sources serially	2026-10-07T16:48:48.7636234Z 
verify	Verify G6 frozen sources serially	2026-10-07T16:48:48.7636419Z The goal is a proposition, so `let` is preferred over `letI`.
verify	Verify G6 frozen sources serially	2026-10-07T16:48:48.7636861Z The difference between `let` and `letI` is that `letI` inlines the value.
verify	Verify G6 frozen sources serially	2026-10-07T16:48:48.7637562Z But this is not relevant for proofs because of proof irrelevance.
verify	Verify G6 frozen sources serially	2026-10-07T16:48:48.7637827Z 
verify	Verify G6 frozen sources serially	2026-10-07T16:48:48.7638042Z Note: This linter can be disabled with `set_option linter.style.haveILetI false`
verify	Verify G6 frozen sources serially	2026-10-07T16:48:48.7638892Z /home/runner/work/_temp/g6-cloud-build/Imported/G4PathResolvedMeasurement.lean:492:4: warning: Try this: 
verify	Verify G6 frozen sources serially	2026-10-07T16:48:48.7639432Z   letI̵
verify	Verify G6 frozen sources serially	2026-10-07T16:48:48.7639532Z 
verify	Verify G6 frozen sources serially	2026-10-07T16:48:48.7639691Z The goal is a proposition, so `let` is preferred over `letI`.
verify	Verify G6 frozen sources serially	2026-10-07T16:48:48.7640127Z The difference between `let` and `letI` is that `letI` inlines the value.
verify	Verify G6 frozen sources serially	2026-10-07T16:48:48.7640576Z But this is not relevant for proofs because of proof irrelevance.
verify	Verify G6 frozen sources serially	2026-10-07T16:48:48.7640831Z 
verify	Verify G6 frozen sources serially	2026-10-07T16:48:48.7641035Z Note: This linter can be disabled with `set_option linter.style.haveILetI false`
verify	Verify G6 frozen sources serially	2026-10-07T16:48:48.7641764Z 'GProgram.G4.PathResolved.original_all_input_arm_clock_likelihood' depends on axioms: [propext,
verify	Verify G6 frozen sources serially	2026-10-07T16:48:48.7642238Z  Classical.choice,
verify	Verify G6 frozen sources serially	2026-10-07T16:48:48.7642436Z  Quot.sound]
verify	Verify G6 frozen sources serially	2026-10-07T16:48:48.7642812Z 'GProgram.G4.PathResolved.original_two_live_root_clock_branch' depends on axioms: [propext,
verify	Verify G6 frozen sources serially	2026-10-07T16:48:48.7643257Z  Classical.choice,
verify	Verify G6 frozen sources serially	2026-10-07T16:48:48.7643457Z  Quot.sound]
verify	Verify G6 frozen sources serially	2026-10-07T16:48:48.7643901Z 'GProgram.G4.PathResolved.joint_record_cons_recursion' depends on axioms: [propext, Classical.choice, Quot.sound]
verify	Verify G6 frozen sources serially	2026-10-07T16:48:48.7644646Z 'GProgram.G4.PathResolved.failure_cons_recursion' depends on axioms: [propext, Classical.choice, Quot.sound]
verify	Verify G6 frozen sources serially	2026-10-07T16:48:48.7645412Z 'GProgram.G4.PathResolved.path_resolved_ordinary_detection' depends on axioms: [propext, Classical.choice, Quot.sound]
verify	Verify G6 frozen sources serially	2026-10-07T16:48:48.7646137Z 'GProgram.G4.PathResolved.normalized_PMF_data_C4_reconstruction' depends on axioms: [propext,
verify	Verify G6 frozen sources serially	2026-10-07T16:48:48.7646590Z  Classical.choice,
verify	Verify G6 frozen sources serially	2026-10-07T16:48:48.7646784Z  Quot.sound]
verify	Verify G6 frozen sources serially	2026-10-07T16:48:48.7647494Z 'GProgram.G4.PathResolved.sourceC4_strict_of_genuine_bigon' depends on axioms: [propext, Classical.choice, Quot.sound]
verify	Verify G6 frozen sources serially	2026-10-07T16:48:48.7648524Z 'GProgram.G4.PathResolved.ordinary_no_bigon_scalar' depends on axioms: [propext, Classical.choice, Quot.sound]
verify	Verify G6 frozen sources serially	2026-10-07T16:48:48.7649460Z 'GProgram.G4.PathResolved.sourceC4_word_factorization' depends on axioms: [propext, Classical.choice, Quot.sound]
verify	Verify G6 frozen sources serially	2026-10-07T16:48:48.7650653Z 'GProgram.G4.PathResolved.positive_bigon_C4_strict' depends on axioms: [propext, Classical.choice, Quot.sound]
verify	Verify G6 frozen sources serially	2026-10-07T16:48:48.7651500Z 'GProgram.G4.PathResolved.sourcePairPMF_joint_record' depends on axioms: [propext, Classical.choice, Quot.sound]
verify	Verify G6 frozen sources serially	2026-10-07T16:48:48.7652914Z 'GProgram.G4.PathResolved.all_input_edge_clock_survival' depends on axioms: [propext, Classical.choice, Quot.sound]
verify	Verify G6 frozen sources serially	2026-10-07T16:48:48.7653700Z 'GProgram.G4.PathResolved.observed_mass_cons_recursion' depends on axioms: [propext, Classical.choice, Quot.sound]
verify	Verify G6 frozen sources serially	2026-10-07T16:48:48.7654588Z 'GProgram.G4.PathResolved.complete_original_parent_readout_injective' depends on axioms: [propext,
verify	Verify G6 frozen sources serially	2026-10-07T16:48:48.7655203Z  Classical.choice,
verify	Verify G6 frozen sources serially	2026-10-07T16:48:48.7655436Z  Quot.sound]
verify	Verify G6 frozen sources serially	2026-10-07T16:48:48.7655836Z 'GProgram.G4.PathResolved.original_source_joint_itinerary_likelihood' depends on axioms: [propext,
verify	Verify G6 frozen sources serially	2026-10-07T16:48:48.7656415Z  Classical.choice,
verify	Verify G6 frozen sources serially	2026-10-07T16:48:48.7656618Z  Quot.sound]
verify	Verify G6 frozen sources serially	2026-10-07T16:48:48.7657201Z 'GProgram.G4.PathResolved.complete_joint_no_merger_mass' depends on axioms: [propext, Classical.choice, Quot.sound]
verify	Verify G6 frozen sources serially	2026-10-07T16:48:48.7658236Z 'GProgram.G4.PathResolved.reconstructed_kernel_eq_original' depends on axioms: [propext, Classical.choice, Quot.sound]
verify	Verify G6 frozen sources serially	2026-10-07T16:48:48.7659177Z 'GProgram.G4.PathResolved.path_resolved_C4_reconstruction' depends on axioms: [propext, Classical.choice, Quot.sound]
verify	Verify G6 frozen sources serially	2026-10-07T16:48:48.7661245Z G6_RECEIPT {"argv": ["lake", "env", "lean", "--trust=0", "-j1", "-M4096", "-o", "/home/runner/work/_temp/g6-cloud-build/.lake/build/lib/lean/G4PathResolvedMeasurement.olean", "/home/runner/work/_temp/g6-cloud-build/Imported/G4PathResolvedMeasurement.lean"], "start": "2026-10-07T16:48:25.257065+00:00", "end": "2026-10-07T16:48:48.758367+00:00", "exit": 0, "output_sha256": "2ac48a7c4227c18065f922d1ca6d474e8bb595fba3ff63240a53f8d7e568407d"}
verify	Verify G6 frozen sources serially	2026-10-07T16:48:48.7664061Z G6_COMMAND {"argv": ["lake", "env", "lean", "--trust=0", "-j1", "-M4096", "-o", "/home/runner/work/_temp/g6-cloud-build/.lake/build/lib/lean/UnifiedLean/Source/NativeParentRouting.olean", "/home/runner/work/_temp/g6-cloud-build/UnifiedLean/Source/NativeParentRouting.lean"], "cwd": "/home/runner/work/_temp/g6-cloud-build", "start": "2026-10-07T16:48:48.758785+00:00"}
verify	Verify G6 frozen sources serially	2026-10-07T16:48:52.0621721Z /home/runner/work/_temp/g6-cloud-build/UnifiedLean/Source/NativeParentRouting.lean:30:0: warning: automatically included section variable(s) unused in theorem `UnifiedLean.Source.NativeParentRouting.original_incoming_exists`:
verify	Verify G6 frozen sources serially	2026-10-07T16:48:52.0624212Z   [DecidableEq E]
verify	Verify G6 frozen sources serially	2026-10-07T16:48:52.0625252Z consider restructuring your `variable` declarations so that the variables are not in scope or explicitly omit them:
verify	Verify G6 frozen sources serially	2026-10-07T16:48:52.0626353Z   omit [DecidableEq E] in theorem ...
verify	Verify G6 frozen sources serially	2026-10-07T16:48:52.0626717Z 
verify	Verify G6 frozen sources serially	2026-10-07T16:48:52.0627410Z Note: This linter can be disabled with `set_option linter.unusedSectionVars false`
verify	Verify G6 frozen sources serially	2026-10-07T16:48:52.0629240Z /home/runner/work/_temp/g6-cloud-build/UnifiedLean/Source/NativeParentRouting.lean:65:0: warning: automatically included section variable(s) unused in theorem `UnifiedLean.Source.NativeParentRouting.registry_parent_target`:
verify	Verify G6 frozen sources serially	2026-10-07T16:48:52.0630528Z   [DecidableEq E]
verify	Verify G6 frozen sources serially	2026-10-07T16:48:52.0631147Z consider restructuring your `variable` declarations so that the variables are not in scope or explicitly omit them:
verify	Verify G6 frozen sources serially	2026-10-07T16:48:52.0631866Z   omit [DecidableEq E] in theorem ...
verify	Verify G6 frozen sources serially	2026-10-07T16:48:52.0632100Z 
verify	Verify G6 frozen sources serially	2026-10-07T16:48:52.0632393Z Note: This linter can be disabled with `set_option linter.unusedSectionVars false`
verify	Verify G6 frozen sources serially	2026-10-07T16:48:52.0633418Z /home/runner/work/_temp/g6-cloud-build/UnifiedLean/Source/NativeParentRouting.lean:102:4: warning: Try `simp at hm` instead of `simpa using hm`
verify	Verify G6 frozen sources serially	2026-10-07T16:48:52.0634146Z 
verify	Verify G6 frozen sources serially	2026-10-07T16:48:52.0634431Z Note: This linter can be disabled with `set_option linter.unnecessarySimpa false`
verify	Verify G6 frozen sources serially	2026-10-07T16:48:52.0635871Z /home/runner/work/_temp/g6-cloud-build/UnifiedLean/Source/NativeParentRouting.lean:87:0: warning: automatically included section variable(s) unused in theorem `UnifiedLean.Source.NativeParentRouting.olderRank_edge_decreases`:
verify	Verify G6 frozen sources serially	2026-10-07T16:48:52.0636986Z   [DecidableEq E]
verify	Verify G6 frozen sources serially	2026-10-07T16:48:52.0637735Z consider restructuring your `variable` declarations so that the variables are not in scope or explicitly omit them:
verify	Verify G6 frozen sources serially	2026-10-07T16:48:52.0638276Z   omit [DecidableEq E] in theorem ...
verify	Verify G6 frozen sources serially	2026-10-07T16:48:52.0638464Z 
verify	Verify G6 frozen sources serially	2026-10-07T16:48:52.0638690Z Note: This linter can be disabled with `set_option linter.unusedSectionVars false`
verify	Verify G6 frozen sources serially	2026-10-07T16:48:52.0639748Z /home/runner/work/_temp/g6-cloud-build/UnifiedLean/Source/NativeParentRouting.lean:109:0: warning: automatically included section variable(s) unused in theorem `UnifiedLean.Source.NativeParentRouting.selector_edge_respects`:
verify	Verify G6 frozen sources serially	2026-10-07T16:48:52.0640650Z   [DecidableEq E]
verify	Verify G6 frozen sources serially	2026-10-07T16:48:52.0641097Z consider restructuring your `variable` declarations so that the variables are not in scope or explicitly omit them:
verify	Verify G6 frozen sources serially	2026-10-07T16:48:52.0641657Z   omit [DecidableEq E] in theorem ...
verify	Verify G6 frozen sources serially	2026-10-07T16:48:52.0641834Z 
verify	Verify G6 frozen sources serially	2026-10-07T16:48:52.0642058Z Note: This linter can be disabled with `set_option linter.unusedSectionVars false`
verify	Verify G6 frozen sources serially	2026-10-07T16:48:52.0642682Z 'UnifiedLean.Source.NativeParentRouting.original_incoming_exists' depends on axioms: [propext,
verify	Verify G6 frozen sources serially	2026-10-07T16:48:52.0643170Z  Classical.choice,
verify	Verify G6 frozen sources serially	2026-10-07T16:48:52.0643369Z  Quot.sound]
verify	Verify G6 frozen sources serially	2026-10-07T16:48:52.0643802Z 'UnifiedLean.Source.NativeParentRouting.original_parent_ordering_exists' depends on axioms: [propext,
verify	Verify G6 frozen sources serially	2026-10-07T16:48:52.0644303Z  Classical.choice,
verify	Verify G6 frozen sources serially	2026-10-07T16:48:52.0644509Z  Quot.sound]
verify	Verify G6 frozen sources serially	2026-10-07T16:48:52.0644897Z 'UnifiedLean.Source.NativeParentRouting.registry_parent_target' depends on axioms: [propext,
verify	Verify G6 frozen sources serially	2026-10-07T16:48:52.0645361Z  Classical.choice,
verify	Verify G6 frozen sources serially	2026-10-07T16:48:52.0645551Z  Quot.sound]
verify	Verify G6 frozen sources serially	2026-10-07T16:48:52.0645942Z 'UnifiedLean.Source.NativeParentRouting.olderRank_edge_decreases' depends on axioms: [propext,
verify	Verify G6 frozen sources serially	2026-10-07T16:48:52.0646411Z  Classical.choice,
verify	Verify G6 frozen sources serially	2026-10-07T16:48:52.0646865Z  Quot.sound]
verify	Verify G6 frozen sources serially	2026-10-07T16:48:52.0647555Z 'UnifiedLean.Source.NativeParentRouting.compiled_original_parent_consistency' depends on axioms: [propext,
verify	Verify G6 frozen sources serially	2026-10-07T16:48:52.0648080Z  Classical.choice,
verify	Verify G6 frozen sources serially	2026-10-07T16:48:52.0648285Z  Quot.sound]
verify	Verify G6 frozen sources serially	2026-10-07T16:48:52.0648697Z 'UnifiedLean.Source.NativeParentRouting.selected_original_path_exists' depends on axioms: [propext,
verify	Verify G6 frozen sources serially	2026-10-07T16:48:52.0649187Z  Classical.choice,
verify	Verify G6 frozen sources serially	2026-10-07T16:48:52.0649377Z  Quot.sound]
verify	Verify G6 frozen sources serially	2026-10-07T16:48:52.0649811Z 'UnifiedLean.Source.NativeParentRouting.compiledRoute_source_spec' depends on axioms: [propext,
verify	Verify G6 frozen sources serially	2026-10-07T16:48:52.0650530Z  Classical.choice,
verify	Verify G6 frozen sources serially	2026-10-07T16:48:52.0650723Z  Quot.sound]
verify	Verify G6 frozen sources serially	2026-10-07T16:48:52.0652273Z G6_RECEIPT {"argv": ["lake", "env", "lean", "--trust=0", "-j1", "-M4096", "-o", "/home/runner/work/_temp/g6-cloud-build/.lake/build/lib/lean/UnifiedLean/Source/NativeParentRouting.olean", "/home/runner/work/_temp/g6-cloud-build/UnifiedLean/Source/NativeParentRouting.lean"], "start": "2026-10-07T16:48:48.758785+00:00", "end": "2026-10-07T16:48:52.061867+00:00", "exit": 0, "output_sha256": "a5049abb6c9d63bac6c059a4061d30c30a1bd669d4061436004ea708a344374b"}
verify	Verify G6 frozen sources serially	2026-10-07T16:48:52.0654839Z G6_COMMAND {"argv": ["lake", "env", "lean", "--trust=0", "-j1", "-M4096", "-o", "/home/runner/work/_temp/g6-cloud-build/.lake/build/lib/lean/UnifiedLean/Source/NativePairClockLaw.olean", "/home/runner/work/_temp/g6-cloud-build/UnifiedLean/Source/NativePairClockLaw.lean"], "cwd": "/home/runner/work/_temp/g6-cloud-build", "start": "2026-10-07T16:48:52.062303+00:00"}
verify	Verify G6 frozen sources serially	2026-10-07T16:48:55.3329829Z /home/runner/work/_temp/g6-cloud-build/UnifiedLean/Source/NativePairClockLaw.lean:36:0: warning: automatically included section variable(s) unused in theorem `UnifiedLean.Source.NativePairClockLaw.pairRate_pos`:
verify	Verify G6 frozen sources serially	2026-10-07T16:48:55.3331785Z   [Fintype E]
verify	Verify G6 frozen sources serially	2026-10-07T16:48:55.3332263Z   [DecidableEq E]
verify	Verify G6 frozen sources serially	2026-10-07T16:48:55.3333167Z consider restructuring your `variable` declarations so that the variables are not in scope or explicitly omit them:
verify	Verify G6 frozen sources serially	2026-10-07T16:48:55.3334273Z   omit [Fintype E] [DecidableEq E] in theorem ...
verify	Verify G6 frozen sources serially	2026-10-07T16:48:55.3334727Z 
verify	Verify G6 frozen sources serially	2026-10-07T16:48:55.3335359Z Note: This linter can be disabled with `set_option linter.unusedSectionVars false`
verify	Verify G6 frozen sources serially	2026-10-07T16:48:55.3336722Z /home/runner/work/_temp/g6-cloud-build/UnifiedLean/Source/NativePairClockLaw.lean:77:2: warning: Try this: 
verify	Verify G6 frozen sources serially	2026-10-07T16:48:55.3338027Z   letI̵
verify	Verify G6 frozen sources serially	2026-10-07T16:48:55.3338220Z 
verify	Verify G6 frozen sources serially	2026-10-07T16:48:55.3338508Z The goal is a proposition, so `let` is preferred over `letI`.
verify	Verify G6 frozen sources serially	2026-10-07T16:48:55.3339278Z The difference between `let` and `letI` is that `letI` inlines the value.
verify	Verify G6 frozen sources serially	2026-10-07T16:48:55.3340086Z But this is not relevant for proofs because of proof irrelevance.
verify	Verify G6 frozen sources serially	2026-10-07T16:48:55.3340536Z 
verify	Verify G6 frozen sources serially	2026-10-07T16:48:55.3340917Z Note: This linter can be disabled with `set_option linter.style.haveILetI false`
verify	Verify G6 frozen sources serially	2026-10-07T16:48:55.3342021Z /home/runner/work/_temp/g6-cloud-build/UnifiedLean/Source/NativePairClockLaw.lean:89:2: warning: Try this: 
verify	Verify G6 frozen sources serially	2026-10-07T16:48:55.3343061Z   letI̵
verify	Verify G6 frozen sources serially	2026-10-07T16:48:55.3343241Z 
verify	Verify G6 frozen sources serially	2026-10-07T16:48:55.3343508Z The goal is a proposition, so `let` is preferred over `letI`.
verify	Verify G6 frozen sources serially	2026-10-07T16:48:55.3344263Z The difference between `let` and `letI` is that `letI` inlines the value.
verify	Verify G6 frozen sources serially	2026-10-07T16:48:55.3345055Z But this is not relevant for proofs because of proof irrelevance.
verify	Verify G6 frozen sources serially	2026-10-07T16:48:55.3345504Z 
verify	Verify G6 frozen sources serially	2026-10-07T16:48:55.3345882Z Note: This linter can be disabled with `set_option linter.style.haveILetI false`
verify	Verify G6 frozen sources serially	2026-10-07T16:48:55.3347238Z 'UnifiedLean.Source.NativePairClockLaw.pairRate_pos' depends on axioms: [propext, Classical.choice, Quot.sound]
verify	Verify G6 frozen sources serially	2026-10-07T16:48:55.3348784Z 'UnifiedLean.Source.NativePairClockLaw.noFirstMerger_iff' depends on axioms: [propext, Classical.choice, Quot.sound]
verify	Verify G6 frozen sources serially	2026-10-07T16:48:55.3350166Z 'UnifiedLean.Source.NativePairClockLaw.positive_exp_clock_tail' depends on axioms: [propext,
verify	Verify G6 frozen sources serially	2026-10-07T16:48:55.3351022Z  Classical.choice,
verify	Verify G6 frozen sources serially	2026-10-07T16:48:55.3351367Z  Quot.sound]
verify	Verify G6 frozen sources serially	2026-10-07T16:48:55.3352161Z 'UnifiedLean.Source.NativePairClockLaw.original_clock_no_merger_probability' depends on axioms: [propext,
verify	Verify G6 frozen sources serially	2026-10-07T16:48:55.3353438Z  Classical.choice,
verify	Verify G6 frozen sources serially	2026-10-07T16:48:55.3353780Z  Quot.sound]
verify	Verify G6 frozen sources serially	2026-10-07T16:48:55.3354512Z 'UnifiedLean.Source.NativePairClockLaw.native_hazard_decomposition' depends on axioms: [propext,
verify	Verify G6 frozen sources serially	2026-10-07T16:48:55.3355372Z  Classical.choice,
verify	Verify G6 frozen sources serially	2026-10-07T16:48:55.3355712Z  Quot.sound]
verify	Verify G6 frozen sources serially	2026-10-07T16:48:55.3356480Z 'UnifiedLean.Source.NativePairClockLaw.original_clock_survival_eq_routeSurvival' depends on axioms: [propext,
verify	Verify G6 frozen sources serially	2026-10-07T16:48:55.3357756Z  Classical.choice,
verify	Verify G6 frozen sources serially	2026-10-07T16:48:55.3358329Z  Quot.sound]
verify	Verify G6 frozen sources serially	2026-10-07T16:48:55.3359033Z 'UnifiedLean.Source.NativePairClockLaw.below_root_original_clock_law' depends on axioms: [propext,
verify	Verify G6 frozen sources serially	2026-10-07T16:48:55.3359871Z  Classical.choice,
verify	Verify G6 frozen sources serially	2026-10-07T16:48:55.3360197Z  Quot.sound]
verify	Verify G6 frozen sources serially	2026-10-07T16:48:55.3360942Z 'UnifiedLean.Source.NativePairClockLaw.compiled_original_pair_probability' depends on axioms: [propext,
verify	Verify G6 frozen sources serially	2026-10-07T16:48:55.3361816Z  Classical.choice,
verify	Verify G6 frozen sources serially	2026-10-07T16:48:55.3362141Z  Quot.sound]
verify	Verify G6 frozen sources serially	2026-10-07T16:48:55.3364701Z G6_RECEIPT {"argv": ["lake", "env", "lean", "--trust=0", "-j1", "-M4096", "-o", "/home/runner/work/_temp/g6-cloud-build/.lake/build/lib/lean/UnifiedLean/Source/NativePairClockLaw.olean", "/home/runner/work/_temp/g6-cloud-build/UnifiedLean/Source/NativePairClockLaw.lean"], "start": "2026-10-07T16:48:52.062303+00:00", "end": "2026-10-07T16:48:55.329679+00:00", "exit": 0, "output_sha256": "25def2788a1b75618f86cfa04e06b2140ecdadfcfe737a8ce3748f9a4be1906b"}
verify	Verify G6 frozen sources serially	2026-10-07T16:48:55.3369576Z G6_COMMAND {"argv": ["lake", "env", "lean", "--trust=0", "-j1", "-M4096", "-o", "/home/runner/work/_temp/g6-cloud-build/.lake/build/lib/lean/UnifiedLean/Source/UniformizedSourceStep.olean", "/home/runner/work/_temp/g6-cloud-build/UnifiedLean/Source/UniformizedSourceStep.lean"], "cwd": "/home/runner/work/_temp/g6-cloud-build", "start": "2026-10-07T16:48:55.330066+00:00"}
verify	Verify G6 frozen sources serially	2026-10-07T16:48:58.8364121Z /home/runner/work/_temp/g6-cloud-build/UnifiedLean/Source/UniformizedSourceStep.lean:37:0: warning: automatically included section variable(s) unused in theorem `UnifiedLean.Source.UniformizedSourceStep.originalPlace_not_node`:
verify	Verify G6 frozen sources serially	2026-10-07T16:48:58.8365467Z   [DecidableEq E]
verify	Verify G6 frozen sources serially	2026-10-07T16:48:58.8366136Z consider restructuring your `variable` declarations so that the variables are not in scope or explicitly omit them:
verify	Verify G6 frozen sources serially	2026-10-07T16:48:58.8366812Z   omit [DecidableEq E] in theorem ...
verify	Verify G6 frozen sources serially	2026-10-07T16:48:58.8390264Z 
verify	Verify G6 frozen sources serially	2026-10-07T16:48:58.8390785Z Note: This linter can be disabled with `set_option linter.unusedSectionVars false`
verify	Verify G6 frozen sources serially	2026-10-07T16:48:58.8392821Z /home/runner/work/_temp/g6-cloud-build/UnifiedLean/Source/UniformizedSourceStep.lean:60:0: warning: automatically included section variable(s) unused in theorem `UnifiedLean.Source.UniformizedSourceStep.globalRateBound_positive`:
verify	Verify G6 frozen sources serially	2026-10-07T16:48:58.8394609Z   [DecidableEq Copy]
verify	Verify G6 frozen sources serially	2026-10-07T16:48:58.8395435Z consider restructuring your `variable` declarations so that the variables are not in scope or explicitly omit them:
verify	Verify G6 frozen sources serially	2026-10-07T16:48:58.8396411Z   omit [DecidableEq Copy] in theorem ...
verify	Verify G6 frozen sources serially	2026-10-07T16:48:58.8396734Z 
verify	Verify G6 frozen sources serially	2026-10-07T16:48:58.8400361Z Note: This linter can be disabled with `set_option linter.unusedSectionVars false`
verify	Verify G6 frozen sources serially	2026-10-07T16:48:58.8402368Z /home/runner/work/_temp/g6-cloud-build/UnifiedLean/Source/UniformizedSourceStep.lean:67:0: warning: automatically included section variable(s) unused in theorem `UnifiedLean.Source.UniformizedSourceStep.totalRate_nonnegative`:
verify	Verify G6 frozen sources serially	2026-10-07T16:48:58.8404085Z   [Fintype Copy]
verify	Verify G6 frozen sources serially	2026-10-07T16:48:58.8404891Z consider restructuring your `variable` declarations so that the variables are not in scope or explicitly omit them:
verify	Verify G6 frozen sources serially	2026-10-07T16:48:58.8405862Z   omit [Fintype Copy] in theorem ...
verify	Verify G6 frozen sources serially	2026-10-07T16:48:58.8406163Z 
verify	Verify G6 frozen sources serially	2026-10-07T16:48:58.8406547Z Note: This linter can be disabled with `set_option linter.unusedSectionVars false`
verify	Verify G6 frozen sources serially	2026-10-07T16:48:58.8408001Z 'UnifiedLean.Source.UniformizedSourceStep.totalRate_le_globalRateBound' depends on axioms: [propext,
verify	Verify G6 frozen sources serially	2026-10-07T16:48:58.8408890Z  Classical.choice,
verify	Verify G6 frozen sources serially	2026-10-07T16:48:58.8409544Z  Quot.sound]
verify	Verify G6 frozen sources serially	2026-10-07T16:48:58.8410296Z 'UnifiedLean.Source.UniformizedSourceStep.choiceMass_nonnegative' depends on axioms: [propext,
verify	Verify G6 frozen sources serially	2026-10-07T16:48:58.8411155Z  Classical.choice,
verify	Verify G6 frozen sources serially	2026-10-07T16:48:58.8411473Z  Quot.sound]
verify	Verify G6 frozen sources serially	2026-10-07T16:48:58.8412170Z 'UnifiedLean.Source.UniformizedSourceStep.choiceMass_normalized' depends on axioms: [propext,
verify	Verify G6 frozen sources serially	2026-10-07T16:48:58.8413008Z  Classical.choice,
verify	Verify G6 frozen sources serially	2026-10-07T16:48:58.8413321Z  Quot.sound]
verify	Verify G6 frozen sources serially	2026-10-07T16:48:58.8414133Z 'UnifiedLean.Source.UniformizedSourceStep.sourceStep' depends on axioms: [propext, Classical.choice, Quot.sound]
verify	Verify G6 frozen sources serially	2026-10-07T16:48:58.8417781Z G6_RECEIPT {"argv": ["lake", "env", "lean", "--trust=0", "-j1", "-M4096", "-o", "/home/runner/work/_temp/g6-cloud-build/.lake/build/lib/lean/UnifiedLean/Source/UniformizedSourceStep.olean", "/home/runner/work/_temp/g6-cloud-build/UnifiedLean/Source/UniformizedSourceStep.lean"], "start": "2026-10-07T16:48:55.330066+00:00", "end": "2026-10-07T16:48:58.836207+00:00", "exit": 0, "output_sha256": "346f88f652e74ad882b359cf0a08f314efd22f89897313d6c88335edf2b1f59a"}
verify	Verify G6 frozen sources serially	2026-10-07T16:48:58.8422730Z G6_COMMAND {"argv": ["lake", "env", "lean", "--trust=0", "-j1", "-M4096", "-o", "/home/runner/work/_temp/g6-cloud-build/.lake/build/lib/lean/UnifiedLean/Source/SourceForestGeneratorIntertwining.olean", "/home/runner/work/_temp/g6-cloud-build/UnifiedLean/Source/SourceForestGeneratorIntertwining.lean"], "cwd": "/home/runner/work/_temp/g6-cloud-build", "start": "2026-10-07T16:48:58.836584+00:00"}
verify	Verify G6 frozen sources serially	2026-10-07T16:49:00.8821857Z /home/runner/work/_temp/g6-cloud-build/UnifiedLean/Source/SourceForestGeneratorIntertwining.lean:79:22: warning: This simp argument is unused:
verify	Verify G6 frozen sources serially	2026-10-07T16:49:00.8823303Z   hb
verify	Verify G6 frozen sources serially	2026-10-07T16:49:00.8823514Z 
verify	Verify G6 frozen sources serially	2026-10-07T16:49:00.8823732Z Hint: Omit it from the simp argument list.
verify	Verify G6 frozen sources serially	2026-10-07T16:49:00.8824276Z   [apply] simp [merge, ha, Genealogy.prune]
verify	Verify G6 frozen sources serially	2026-10-07T16:49:00.8824643Z 
verify	Verify G6 frozen sources serially	2026-10-07T16:49:00.8825033Z Note: This linter can be disabled with `set_option linter.unusedSimpArgs false`
verify	Verify G6 frozen sources serially	2026-10-07T16:49:00.8827382Z /home/runner/work/_temp/g6-cloud-build/UnifiedLean/Source/SourceForestGeneratorIntertwining.lean:110:0: warning: automatically included section variable(s) unused in theorem `UnifiedLean.Source.SourceForestGeneratorIntertwining.visible_offDiag_subset`:
verify	Verify G6 frozen sources serially	2026-10-07T16:49:00.8828867Z   [DecidableEq V]
verify	Verify G6 frozen sources serially	2026-10-07T16:49:00.8829230Z   [DecidableEq E]
verify	Verify G6 frozen sources serially	2026-10-07T16:49:00.8829564Z   [Fintype V]
verify	Verify G6 frozen sources serially	2026-10-07T16:49:00.8829788Z   [Fintype E]
verify	Verify G6 frozen sources serially	2026-10-07T16:49:00.8830009Z   [Fintype Copy]
verify	Verify G6 frozen sources serially	2026-10-07T16:49:00.8830575Z consider restructuring your `variable` declarations so that the variables are not in scope or explicitly omit them:
verify	Verify G6 frozen sources serially	2026-10-07T16:49:00.8831434Z   omit [DecidableEq V] [DecidableEq E] [Fintype V] [Fintype E] [Fintype Copy] in theorem ...
verify	Verify G6 frozen sources serially	2026-10-07T16:49:00.8831862Z 
verify	Verify G6 frozen sources serially	2026-10-07T16:49:00.8832134Z Note: This linter can be disabled with `set_option linter.unusedSectionVars false`
verify	Verify G6 frozen sources serially	2026-10-07T16:49:00.8833006Z 'UnifiedLean.Source.SourceForestGeneratorIntertwining.viewBlockTree_source' depends on axioms: [propext,
verify	Verify G6 frozen sources serially	2026-10-07T16:49:00.8833611Z  Classical.choice,
verify	Verify G6 frozen sources serially	2026-10-07T16:49:00.8833817Z  Quot.sound]
verify	Verify G6 frozen sources serially	2026-10-07T16:49:00.8834305Z 'UnifiedLean.Source.SourceForestGeneratorIntertwining.selectedView_merge_visible' depends on axioms: [propext,
verify	Verify G6 frozen sources serially	2026-10-07T16:49:00.8834860Z  Classical.choice,
verify	Verify G6 frozen sources serially	2026-10-07T16:49:00.8835053Z  Quot.sound]
verify	Verify G6 frozen sources serially	2026-10-07T16:49:00.8835571Z 'UnifiedLean.Source.SourceForestGeneratorIntertwining.actual_population_generator_intertwining' depends on axioms: [propext,
verify	Verify G6 frozen sources serially	2026-10-07T16:49:00.8836165Z  Classical.choice,
verify	Verify G6 frozen sources serially	2026-10-07T16:49:00.8836362Z  Quot.sound]
verify	Verify G6 frozen sources serially	2026-10-07T16:49:00.8838243Z G6_RECEIPT {"argv": ["lake", "env", "lean", "--trust=0", "-j1", "-M4096", "-o", "/home/runner/work/_temp/g6-cloud-build/.lake/build/lib/lean/UnifiedLean/Source/SourceForestGeneratorIntertwining.olean", "/home/runner/work/_temp/g6-cloud-build/UnifiedLean/Source/SourceForestGeneratorIntertwining.lean"], "start": "2026-10-07T16:48:58.836584+00:00", "end": "2026-10-07T16:49:00.881983+00:00", "exit": 0, "output_sha256": "26dd8be7168fb90f4335deb631222563633f66bcf1422d8f52c022253752102c"}
verify	Verify G6 frozen sources serially	2026-10-07T16:49:00.8841317Z G6_COMMAND {"argv": ["lake", "env", "lean", "--trust=0", "-j1", "-M4096", "-o", "/home/runner/work/_temp/g6-cloud-build/.lake/build/lib/lean/UnifiedLean/Source/SourceForestIntrinsicGenerator.olean", "/home/runner/work/_temp/g6-cloud-build/UnifiedLean/Source/SourceForestIntrinsicGenerator.lean"], "cwd": "/home/runner/work/_temp/g6-cloud-build", "start": "2026-10-07T16:49:00.882408+00:00"}
verify	Verify G6 frozen sources serially	2026-10-07T16:49:02.8080238Z /home/runner/work/_temp/g6-cloud-build/UnifiedLean/Source/SourceForestIntrinsicGenerator.lean:30:0: warning: automatically included section variable(s) unused in theorem `UnifiedLean.Source.SourceForestIntrinsicGenerator.selected_view_block_leaves`:
verify	Verify G6 frozen sources serially	2026-10-07T16:49:02.8082622Z   [DecidableEq V]
verify	Verify G6 frozen sources serially	2026-10-07T16:49:02.8082834Z   [DecidableEq E]
verify	Verify G6 frozen sources serially	2026-10-07T16:49:02.8083028Z   [Fintype V]
verify	Verify G6 frozen sources serially	2026-10-07T16:49:02.8083209Z   [Fintype E]
verify	Verify G6 frozen sources serially	2026-10-07T16:49:02.8083669Z consider restructuring your `variable` declarations so that the variables are not in scope or explicitly omit them:
verify	Verify G6 frozen sources serially	2026-10-07T16:49:02.8084319Z   omit [DecidableEq V] [DecidableEq E] [Fintype V] [Fintype E] in theorem ...
verify	Verify G6 frozen sources serially	2026-10-07T16:49:02.8084614Z 
verify	Verify G6 frozen sources serially	2026-10-07T16:49:02.8084836Z Note: This linter can be disabled with `set_option linter.unusedSectionVars false`
verify	Verify G6 frozen sources serially	2026-10-07T16:49:02.8085535Z 'UnifiedLean.Source.SourceForestIntrinsicGenerator.selected_active_blocks_eq_intrinsic' depends on axioms: [propext,
verify	Verify G6 frozen sources serially	2026-10-07T16:49:02.8086106Z  Classical.choice,
verify	Verify G6 frozen sources serially	2026-10-07T16:49:02.8086305Z  Quot.sound]
verify	Verify G6 frozen sources serially	2026-10-07T16:49:02.8086884Z 'UnifiedLean.Source.SourceForestIntrinsicGenerator.original_population_generator_factors_through_view' depends on axioms: [propext,
verify	Verify G6 frozen sources serially	2026-10-07T16:49:02.8094070Z  Classical.choice,
verify	Verify G6 frozen sources serially	2026-10-07T16:49:02.8094284Z  Quot.sound]
verify	Verify G6 frozen sources serially	2026-10-07T16:49:02.8094791Z 'UnifiedLean.Source.SourceForestIntrinsicGenerator.native_source_generator_intertwining' depends on axioms: [propext,
verify	Verify G6 frozen sources serially	2026-10-07T16:49:02.8095587Z  Classical.choice,
verify	Verify G6 frozen sources serially	2026-10-07T16:49:02.8095938Z  Quot.sound]
verify	Verify G6 frozen sources serially	2026-10-07T16:49:02.8096869Z 'UnifiedLean.Source.SourceForestIntrinsicGenerator.original_source_valid_generator_intertwining' depends on axioms: [propext,
verify	Verify G6 frozen sources serially	2026-10-07T16:49:02.8099788Z  Classical.choice,
verify	Verify G6 frozen sources serially	2026-10-07T16:49:02.8100145Z  Quot.sound]
verify	Verify G6 frozen sources serially	2026-10-07T16:49:02.8102970Z G6_RECEIPT {"argv": ["lake", "env", "lean", "--trust=0", "-j1", "-M4096", "-o", "/home/runner/work/_temp/g6-cloud-build/.lake/build/lib/lean/UnifiedLean/Source/SourceForestIntrinsicGenerator.olean", "/home/runner/work/_temp/g6-cloud-build/UnifiedLean/Source/SourceForestIntrinsicGenerator.lean"], "start": "2026-10-07T16:49:00.882408+00:00", "end": "2026-10-07T16:49:02.804966+00:00", "exit": 0, "output_sha256": "59059ab1195b7248ad6a584a11e8cc5a5340406aa1a81ab080157d89facb1ab6"}
verify	Verify G6 frozen sources serially	2026-10-07T16:49:02.8107991Z G6_COMMAND {"argv": ["lake", "env", "lean", "--trust=0", "-j1", "-M4096", "-o", "/home/runner/work/_temp/g6-cloud-build/.lake/build/lib/lean/UnifiedLean/Source/SourceStepGeneratorBinding.olean", "/home/runner/work/_temp/g6-cloud-build/UnifiedLean/Source/SourceStepGeneratorBinding.lean"], "cwd": "/home/runner/work/_temp/g6-cloud-build", "start": "2026-10-07T16:49:02.805331+00:00"}
verify	Verify G6 frozen sources serially	2026-10-07T16:49:06.3314545Z 'UnifiedLean.Source.SourceStepGeneratorBinding.sourceStep_expectation' depends on axioms: [propext,
verify	Verify G6 frozen sources serially	2026-10-07T16:49:06.3315682Z  Classical.choice,
verify	Verify G6 frozen sources serially	2026-10-07T16:49:06.3316041Z  Quot.sound]
verify	Verify G6 frozen sources serially	2026-10-07T16:49:06.3316900Z 'UnifiedLean.Source.SourceStepGeneratorBinding.merged_destination_selectedView' depends on axioms: [propext,
verify	Verify G6 frozen sources serially	2026-10-07T16:49:06.3318145Z  Classical.choice,
verify	Verify G6 frozen sources serially	2026-10-07T16:49:06.3318535Z  Quot.sound]
verify	Verify G6 frozen sources serially	2026-10-07T16:49:06.3319448Z 'UnifiedLean.Source.SourceStepGeneratorBinding.actual_choice_increment_eq_native_generator' depends on axioms: [propext,
verify	Verify G6 frozen sources serially	2026-10-07T16:49:06.3320514Z  Classical.choice,
verify	Verify G6 frozen sources serially	2026-10-07T16:49:06.3320866Z  Quot.sound]
verify	Verify G6 frozen sources serially	2026-10-07T16:49:06.3321756Z 'UnifiedLean.Source.SourceStepGeneratorBinding.sourceStep_expectation_eq_generator' depends on axioms: [propext,
verify	Verify G6 frozen sources serially	2026-10-07T16:49:06.3323081Z  Classical.choice,
verify	Verify G6 frozen sources serially	2026-10-07T16:49:06.3323455Z  Quot.sound]
verify	Verify G6 frozen sources serially	2026-10-07T16:49:06.3324377Z 'UnifiedLean.Source.SourceStepGeneratorBinding.sourceStep_selected_expectation_intrinsic' depends on axioms: [propext,
verify	Verify G6 frozen sources serially	2026-10-07T16:49:06.3325447Z  Classical.choice,
verify	Verify G6 frozen sources serially	2026-10-07T16:49:06.3325789Z  Quot.sound]
verify	Verify G6 frozen sources serially	2026-10-07T16:49:06.3328790Z G6_RECEIPT {"argv": ["lake", "env", "lean", "--trust=0", "-j1", "-M4096", "-o", "/home/runner/work/_temp/g6-cloud-build/.lake/build/lib/lean/UnifiedLean/Source/SourceStepGeneratorBinding.olean", "/home/runner/work/_temp/g6-cloud-build/UnifiedLean/Source/SourceStepGeneratorBinding.lean"], "start": "2026-10-07T16:49:02.805331+00:00", "end": "2026-10-07T16:49:06.329726+00:00", "exit": 0, "output_sha256": "639930aaac97f91ae5d88fc12a5034a0d45dafc36a7a797bacb1039d2e34fdc5"}
verify	Verify G6 frozen sources serially	2026-10-07T16:49:06.3333926Z G6_COMMAND {"argv": ["lake", "env", "lean", "--trust=0", "-j1", "-M4096", "-o", "/home/runner/work/_temp/g6-cloud-build/.lake/build/lib/lean/UnifiedLean/Source/MatrixProjectionExponential.olean", "/home/runner/work/_temp/g6-cloud-build/UnifiedLean/Source/MatrixProjectionExponential.lean"], "cwd": "/home/runner/work/_temp/g6-cloud-build", "start": "2026-10-07T16:49:06.330023+00:00"}
verify	Verify G6 frozen sources serially	2026-10-07T16:49:09.5922094Z 'UnifiedLean.Source.MatrixProjectionExponential.exp_fromBlocks_diagonal' depends on axioms: [propext,
verify	Verify G6 frozen sources serially	2026-10-07T16:49:09.5922880Z  Classical.choice,
verify	Verify G6 frozen sources serially	2026-10-07T16:49:09.5923140Z  Quot.sound]
verify	Verify G6 frozen sources serially	2026-10-07T16:49:09.5923787Z 'UnifiedLean.Source.MatrixProjectionExponential.rectangular_exp_intertwining' depends on axioms: [propext,
verify	Verify G6 frozen sources serially	2026-10-07T16:49:09.5924530Z  Classical.choice,
verify	Verify G6 frozen sources serially	2026-10-07T16:49:09.5924808Z  Quot.sound]
verify	Verify G6 frozen sources serially	2026-10-07T16:49:09.5925591Z 'UnifiedLean.Source.MatrixProjectionExponential.rectangular_scaled_exp_intertwining' depends on axioms: [propext,
verify	Verify G6 frozen sources serially	2026-10-07T16:49:09.5926483Z  Classical.choice,
verify	Verify G6 frozen sources serially	2026-10-07T16:49:09.5926872Z  Quot.sound]
verify	Verify G6 frozen sources serially	2026-10-07T16:49:09.5928047Z 'UnifiedLean.Source.MatrixProjectionExponential.rectangular_product_intertwining' depends on axioms: [propext,
verify	Verify G6 frozen sources serially	2026-10-07T16:49:09.5929047Z  Classical.choice,
verify	Verify G6 frozen sources serially	2026-10-07T16:49:09.5939737Z  Quot.sound]
verify	Verify G6 frozen sources serially	2026-10-07T16:49:09.5942624Z G6_RECEIPT {"argv": ["lake", "env", "lean", "--trust=0", "-j1", "-M4096", "-o", "/home/runner/work/_temp/g6-cloud-build/.lake/build/lib/lean/UnifiedLean/Source/MatrixProjectionExponential.olean", "/home/runner/work/_temp/g6-cloud-build/UnifiedLean/Source/MatrixProjectionExponential.lean"], "start": "2026-10-07T16:49:06.330023+00:00", "end": "2026-10-07T16:49:09.592068+00:00", "exit": 0, "output_sha256": "47deb8e9780af82ab7be6bebe5133a149bdb1e0b7ec006c299cb898952db9b85"}
verify	Verify G6 frozen sources serially	2026-10-07T16:49:09.5948327Z G6_COMMAND {"argv": ["lake", "env", "lean", "--trust=0", "-j1", "-M4096", "-o", "/home/runner/work/_temp/g6-cloud-build/.lake/build/lib/lean/UnifiedLean/Source/SourceFiniteProjection.olean", "/home/runner/work/_temp/g6-cloud-build/UnifiedLean/Source/SourceFiniteProjection.lean"], "cwd": "/home/runner/work/_temp/g6-cloud-build", "start": "2026-10-07T16:49:09.592431+00:00"}
verify	Verify G6 frozen sources serially	2026-10-07T16:49:13.1201935Z /home/runner/work/_temp/g6-cloud-build/UnifiedLean/Source/SourceFiniteProjection.lean:47:0: warning: automatically included section variable(s) unused in theorem `UnifiedLean.Source.SourceFiniteProjection.representative_view`:
verify	Verify G6 frozen sources serially	2026-10-07T16:49:13.1203351Z   [DecidableEq E]
verify	Verify G6 frozen sources serially	2026-10-07T16:49:13.1203671Z   [Fintype Copy]
verify	Verify G6 frozen sources serially	2026-10-07T16:49:13.1204424Z consider restructuring your `variable` declarations so that the variables are not in scope or explicitly omit them:
verify	Verify G6 frozen sources serially	2026-10-07T16:49:13.1205180Z   omit [DecidableEq E] [Fintype Copy] in theorem ...
verify	Verify G6 frozen sources serially	2026-10-07T16:49:13.1205605Z 
verify	Verify G6 frozen sources serially	2026-10-07T16:49:13.1206044Z Note: This linter can be disabled with `set_option linter.unusedSectionVars false`
verify	Verify G6 frozen sources serially	2026-10-07T16:49:13.1207374Z 'UnifiedLean.Source.SourceFiniteProjection.map_probability_real' depends on axioms: [propext,
verify	Verify G6 frozen sources serially	2026-10-07T16:49:13.1208248Z  Classical.choice,
verify	Verify G6 frozen sources serially	2026-10-07T16:49:13.1208643Z  Quot.sound]
verify	Verify G6 frozen sources serially	2026-10-07T16:49:13.1209676Z 'UnifiedLean.Source.SourceFiniteProjection.projectedStep_eq_of_same_view' depends on axioms: [propext,
verify	Verify G6 frozen sources serially	2026-10-07T16:49:13.1211089Z  Classical.choice,
verify	Verify G6 frozen sources serially	2026-10-07T16:49:13.1211513Z  Quot.sound]
verify	Verify G6 frozen sources serially	2026-10-07T16:49:13.1212438Z 'UnifiedLean.Source.SourceFiniteProjection.source_step_projection_law' depends on axioms: [propext,
verify	Verify G6 frozen sources serially	2026-10-07T16:49:13.1213541Z  Classical.choice,
verify	Verify G6 frozen sources serially	2026-10-07T16:49:13.1213890Z  Quot.sound]
verify	Verify G6 frozen sources serially	2026-10-07T16:49:13.1214720Z 'UnifiedLean.Source.SourceFiniteProjection.actual_source_transition_intertwining' depends on axioms: [propext,
verify	Verify G6 frozen sources serially	2026-10-07T16:49:13.1215689Z  Classical.choice,
verify	Verify G6 frozen sources serially	2026-10-07T16:49:13.1216034Z  Quot.sound]
verify	Verify G6 frozen sources serially	2026-10-07T16:49:13.1218962Z G6_RECEIPT {"argv": ["lake", "env", "lean", "--trust=0", "-j1", "-M4096", "-o", "/home/runner/work/_temp/g6-cloud-build/.lake/build/lib/lean/UnifiedLean/Source/SourceFiniteProjection.olean", "/home/runner/work/_temp/g6-cloud-build/UnifiedLean/Source/SourceFiniteProjection.lean"], "start": "2026-10-07T16:49:09.592431+00:00", "end": "2026-10-07T16:49:13.119976+00:00", "exit": 0, "output_sha256": "56bca2e016343d2c9128a1d170043753354e5b1efa49f41c8fb83c0eaa8555c8"}
verify	Verify G6 frozen sources serially	2026-10-07T16:49:13.1224130Z G6_COMMAND {"argv": ["lake", "env", "lean", "--trust=0", "-j1", "-M4096", "-o", "/home/runner/work/_temp/g6-cloud-build/.lake/build/lib/lean/UnifiedLean/Source/SourcePoissonKernel.olean", "/home/runner/work/_temp/g6-cloud-build/UnifiedLean/Source/SourcePoissonKernel.lean"], "cwd": "/home/runner/work/_temp/g6-cloud-build", "start": "2026-10-07T16:49:13.120328+00:00"}
verify	Verify G6 frozen sources serially	2026-10-07T16:49:16.3178706Z 'UnifiedLean.Source.SourcePoissonKernel.source_iteration_projection' depends on axioms: [propext,
verify	Verify G6 frozen sources serially	2026-10-07T16:49:16.3180257Z  Classical.choice,
verify	Verify G6 frozen sources serially	2026-10-07T16:49:16.3180878Z  Quot.sound]
verify	Verify G6 frozen sources serially	2026-10-07T16:49:16.3181793Z 'UnifiedLean.Source.SourcePoissonKernel.constructed_source_time_kernel_projection' depends on axioms: [propext,
verify	Verify G6 frozen sources serially	2026-10-07T16:49:16.3183063Z  Classical.choice,
verify	Verify G6 frozen sources serially	2026-10-07T16:49:16.3183661Z  Quot.sound]
verify	Verify G6 frozen sources serially	2026-10-07T16:49:16.3186830Z G6_RECEIPT {"argv": ["lake", "env", "lean", "--trust=0", "-j1", "-M4096", "-o", "/home/runner/work/_temp/g6-cloud-build/.lake/build/lib/lean/UnifiedLean/Source/SourcePoissonKernel.olean", "/home/runner/work/_temp/g6-cloud-build/UnifiedLean/Source/SourcePoissonKernel.lean"], "start": "2026-10-07T16:49:13.120328+00:00", "end": "2026-10-07T16:49:16.317397+00:00", "exit": 0, "output_sha256": "4ab2374dc12a6ec9dcb552f393f68c1a5e973ddffc308fa48d08a6979ca01515"}
verify	Verify G6 frozen sources serially	2026-10-07T16:49:16.3192510Z G6_COMMAND {"argv": ["lake", "env", "lean", "--trust=0", "-j1", "-M4096", "-o", "/home/runner/work/_temp/g6-cloud-build/.lake/build/lib/lean/UnifiedLean/Source/SourceGeneratorExponential.olean", "/home/runner/work/_temp/g6-cloud-build/UnifiedLean/Source/SourceGeneratorExponential.lean"], "cwd": "/home/runner/work/_temp/g6-cloud-build", "start": "2026-10-07T16:49:16.317779+00:00"}
verify	Verify G6 frozen sources serially	2026-10-07T16:49:19.5426139Z 'UnifiedLean.Source.SourceGeneratorExponential.actual_source_generator_matrix_intertwining' depends on axioms: [propext,
verify	Verify G6 frozen sources serially	2026-10-07T16:49:19.5427317Z  Classical.choice,
verify	Verify G6 frozen sources serially	2026-10-07T16:49:19.5427740Z  Quot.sound]
verify	Verify G6 frozen sources serially	2026-10-07T16:49:19.5428803Z 'UnifiedLean.Source.SourceGeneratorExponential.actual_source_exponential_projection' depends on axioms: [propext,
verify	Verify G6 frozen sources serially	2026-10-07T16:49:19.5430045Z  Classical.choice,
verify	Verify G6 frozen sources serially	2026-10-07T16:49:19.5430457Z  Quot.sound]
verify	Verify G6 frozen sources serially	2026-10-07T16:49:19.5433927Z G6_RECEIPT {"argv": ["lake", "env", "lean", "--trust=0", "-j1", "-M4096", "-o", "/home/runner/work/_temp/g6-cloud-build/.lake/build/lib/lean/UnifiedLean/Source/SourceGeneratorExponential.olean", "/home/runner/work/_temp/g6-cloud-build/UnifiedLean/Source/SourceGeneratorExponential.lean"], "start": "2026-10-07T16:49:16.317779+00:00", "end": "2026-10-07T16:49:19.542417+00:00", "exit": 0, "output_sha256": "9f7be220015bcaa23cac6e4dab4b6545500cd24429b9a0b0e111027bbf31af74"}
verify	Verify G6 frozen sources serially	2026-10-07T16:49:19.5439584Z G6_COMMAND {"argv": ["lake", "env", "lean", "--trust=0", "-j1", "-M4096", "-o", "/home/runner/work/_temp/g6-cloud-build/.lake/build/lib/lean/UnifiedLean/Source/SourcePoissonExponential.olean", "/home/runner/work/_temp/g6-cloud-build/UnifiedLean/Source/SourcePoissonExponential.lean"], "cwd": "/home/runner/work/_temp/g6-cloud-build", "start": "2026-10-07T16:49:19.542796+00:00"}
verify	Verify G6 frozen sources serially	2026-10-07T16:49:23.1456894Z 'UnifiedLean.Source.SourcePoissonExponential.bind_probability_real' depends on axioms: [propext,
verify	Verify G6 frozen sources serially	2026-10-07T16:49:23.1457975Z  Classical.choice,
verify	Verify G6 frozen sources serially	2026-10-07T16:49:23.1458250Z  Quot.sound]
verify	Verify G6 frozen sources serially	2026-10-07T16:49:23.1458869Z 'UnifiedLean.Source.SourcePoissonExponential.source_iteration_probability' depends on axioms: [propext,
verify	Verify G6 frozen sources serially	2026-10-07T16:49:23.1459882Z  Classical.choice,
verify	Verify G6 frozen sources serially	2026-10-07T16:49:23.1460152Z  Quot.sound]
verify	Verify G6 frozen sources serially	2026-10-07T16:49:23.1460771Z 'UnifiedLean.Source.SourcePoissonExponential.poisson_matrix_entry' depends on axioms: [propext,
verify	Verify G6 frozen sources serially	2026-10-07T16:49:23.1462064Z  Classical.choice,
verify	Verify G6 frozen sources serially	2026-10-07T16:49:23.1462357Z  Quot.sound]
verify	Verify G6 frozen sources serially	2026-10-07T16:49:23.1463157Z 'UnifiedLean.Source.SourcePoissonExponential.source_time_kernel_eq_exponential' depends on axioms: [propext,
verify	Verify G6 frozen sources serially	2026-10-07T16:49:23.1464277Z  Classical.choice,
verify	Verify G6 frozen sources serially	2026-10-07T16:49:23.1464793Z  Quot.sound]
verify	Verify G6 frozen sources serially	2026-10-07T16:49:23.1468398Z G6_RECEIPT {"argv": ["lake", "env", "lean", "--trust=0", "-j1", "-M4096", "-o", "/home/runner/work/_temp/g6-cloud-build/.lake/build/lib/lean/UnifiedLean/Source/SourcePoissonExponential.olean", "/home/runner/work/_temp/g6-cloud-build/UnifiedLean/Source/SourcePoissonExponential.lean"], "start": "2026-10-07T16:49:19.542796+00:00", "end": "2026-10-07T16:49:23.145506+00:00", "exit": 0, "output_sha256": "f5e21e3dff34b6ad5c40fb34ae33e8c75f0c223f9bd577d273c8eb53d4322e1f"}
verify	Verify G6 frozen sources serially	2026-10-07T16:49:23.1473856Z G6_COMMAND {"argv": ["lake", "env", "lean", "--trust=0", "-j1", "-M4096", "-o", "/home/runner/work/_temp/g6-cloud-build/.lake/build/lib/lean/UnifiedLean/G6/SourcePrefix.olean", "/home/runner/work/_temp/g6-cloud-build/UnifiedLean/G6/SourcePrefix.lean"], "cwd": "/home/runner/work/_temp/g6-cloud-build", "start": "2026-10-07T16:49:23.145868+00:00"}
verify	Verify G6 frozen sources serially	2026-10-07T16:49:26.3552234Z 'UnifiedLean.G6.SourcePrefix.prefixCount' depends on axioms: [propext, Classical.choice, Quot.sound]
verify	Verify G6 frozen sources serially	2026-10-07T16:49:26.3553720Z 'UnifiedLean.G6.SourcePrefix.prefixCount_support' depends on axioms: [propext, Classical.choice, Quot.sound]
verify	Verify G6 frozen sources serially	2026-10-07T16:49:26.3555129Z 'UnifiedLean.G6.SourcePrefix.prefixMass_taylor' depends on axioms: [propext, Classical.choice, Quot.sound]
verify	Verify G6 frozen sources serially	2026-10-07T16:49:26.3556465Z 'UnifiedLean.G6.SourcePrefix.prefixCount_real' depends on axioms: [propext, Classical.choice, Quot.sound]
verify	Verify G6 frozen sources serially	2026-10-07T16:49:26.3558114Z 'UnifiedLean.G6.SourcePrefix.actual_source_prefix_domination' depends on axioms: [propext, Classical.choice, Quot.sound]
verify	Verify G6 frozen sources serially	2026-10-07T16:49:26.3559321Z 'UnifiedLean.G6.SourcePrefix.actual_source_prefix_tv' depends on axioms: [propext, Classical.choice, Quot.sound]
verify	Verify G6 frozen sources serially	2026-10-07T16:49:26.3560456Z 'UnifiedLean.G6.SourcePrefix.actual_source_joint_readout_tv' depends on axioms: [propext, Classical.choice, Quot.sound]
verify	Verify G6 frozen sources serially	2026-10-07T16:49:26.3561337Z 'UnifiedLean.G6.SourcePrefix.actual_source_joint_readout_event' depends on axioms: [propext,
verify	Verify G6 frozen sources serially	2026-10-07T16:49:26.3561873Z  Classical.choice,
verify	Verify G6 frozen sources serially	2026-10-07T16:49:26.3562099Z  Quot.sound]
verify	Verify G6 frozen sources serially	2026-10-07T16:49:26.3563743Z G6_RECEIPT {"argv": ["lake", "env", "lean", "--trust=0", "-j1", "-M4096", "-o", "/home/runner/work/_temp/g6-cloud-build/.lake/build/lib/lean/UnifiedLean/G6/SourcePrefix.olean", "/home/runner/work/_temp/g6-cloud-build/UnifiedLean/G6/SourcePrefix.lean"], "start": "2026-10-07T16:49:23.145868+00:00", "end": "2026-10-07T16:49:26.355061+00:00", "exit": 0, "output_sha256": "74e089eae61883da5c4cfedea59111c40cd6a770f2cabc2e2562e8d192b5c062"}
verify	Verify G6 frozen sources serially	2026-10-07T16:49:26.3566526Z G6_COMMAND {"argv": ["lake", "env", "lean", "--trust=0", "-j1", "-M4096", "-o", "/home/runner/work/_temp/g6-cloud-build/.lake/build/lib/lean/UnifiedLean/Source/SourceForestPulseTransport.olean", "/home/runner/work/_temp/g6-cloud-build/UnifiedLean/Source/SourceForestPulseTransport.lean"], "cwd": "/home/runner/work/_temp/g6-cloud-build", "start": "2026-10-07T16:49:26.355424+00:00"}
verify	Verify G6 frozen sources serially	2026-10-07T16:49:28.5416728Z /home/runner/work/_temp/g6-cloud-build/UnifiedLean/Source/SourceForestPulseTransport.lean:94:68: warning: Variable name `hs` is not explicitly referenced.
verify	Verify G6 frozen sources serially	2026-10-07T16:49:28.5418168Z 
verify	Verify G6 frozen sources serially	2026-10-07T16:49:28.5418613Z Hint: The binding can be removed (if unused) or named `_` (if used implicitly). Alternatively, prefix the name with `_` to silence this warning:
verify	Verify G6 frozen sources serially	2026-10-07T16:49:28.5419226Z   [apply] _hs
verify	Verify G6 frozen sources serially	2026-10-07T16:49:28.5419341Z 
verify	Verify G6 frozen sources serially	2026-10-07T16:49:28.5419565Z Note: This linter can be disabled with `set_option linter.unusedVariables false`
verify	Verify G6 frozen sources serially	2026-10-07T16:49:28.5420801Z /home/runner/work/_temp/g6-cloud-build/UnifiedLean/Source/SourceForestPulseTransport.lean:103:0: warning: automatically included section variable(s) unused in theorem `UnifiedLean.Source.SourceForestPulseTransport.original_selected_location_outside_pulse`:
verify	Verify G6 frozen sources serially	2026-10-07T16:49:28.5422098Z   [Fintype Copy]
verify	Verify G6 frozen sources serially	2026-10-07T16:49:28.5422563Z consider restructuring your `variable` declarations so that the variables are not in scope or explicitly omit them:
verify	Verify G6 frozen sources serially	2026-10-07T16:49:28.5423107Z   omit [Fintype Copy] in theorem ...
verify	Verify G6 frozen sources serially	2026-10-07T16:49:28.5423295Z 
verify	Verify G6 frozen sources serially	2026-10-07T16:49:28.5423527Z Note: This linter can be disabled with `set_option linter.unusedSectionVars false`
verify	Verify G6 frozen sources serially	2026-10-07T16:49:28.5424232Z 'UnifiedLean.Source.SourceForestPulseTransport.ownerToBlock_injective' depends on axioms: [propext,
verify	Verify G6 frozen sources serially	2026-10-07T16:49:28.5424769Z  Classical.choice,
verify	Verify G6 frozen sources serially	2026-10-07T16:49:28.5424974Z  Quot.sound]
verify	Verify G6 frozen sources serially	2026-10-07T16:49:28.5425415Z 'UnifiedLean.Source.SourceForestPulseTransport.ownerToBlock_surjective' depends on axioms: [propext,
verify	Verify G6 frozen sources serially	2026-10-07T16:49:28.5425922Z  Classical.choice,
verify	Verify G6 frozen sources serially	2026-10-07T16:49:28.5426114Z  Quot.sound]
verify	Verify G6 frozen sources serially	2026-10-07T16:49:28.5426556Z 'UnifiedLean.Source.SourceForestPulseTransport.inducedBlockCoin_at_owner' depends on axioms: [propext,
verify	Verify G6 frozen sources serially	2026-10-07T16:49:28.5427322Z  Classical.choice,
verify	Verify G6 frozen sources serially	2026-10-07T16:49:28.5427543Z  Quot.sound]
verify	Verify G6 frozen sources serially	2026-10-07T16:49:28.5427999Z 'UnifiedLean.Source.SourceForestPulseTransport.original_pulse_selected_view' depends on axioms: [propext,
verify	Verify G6 frozen sources serially	2026-10-07T16:49:28.5428529Z  Classical.choice,
verify	Verify G6 frozen sources serially	2026-10-07T16:49:28.5428724Z  Quot.sound]
verify	Verify G6 frozen sources serially	2026-10-07T16:49:28.5430288Z G6_RECEIPT {"argv": ["lake", "env", "lean", "--trust=0", "-j1", "-M4096", "-o", "/home/runner/work/_temp/g6-cloud-build/.lake/build/lib/lean/UnifiedLean/Source/SourceForestPulseTransport.olean", "/home/runner/work/_temp/g6-cloud-build/UnifiedLean/Source/SourceForestPulseTransport.lean"], "start": "2026-10-07T16:49:26.355424+00:00", "end": "2026-10-07T16:49:28.540319+00:00", "exit": 0, "output_sha256": "5756fff62d9d0534bf5edebc428a2bf91c35a2536bdc40ad105cc9e11786fb19"}
verify	Verify G6 frozen sources serially	2026-10-07T16:49:28.5432959Z G6_COMMAND {"argv": ["lake", "env", "lean", "--trust=0", "-j1", "-M4096", "-o", "/home/runner/work/_temp/g6-cloud-build/.lake/build/lib/lean/UnifiedLean/Source/SourceForestPulseMeasure.olean", "/home/runner/work/_temp/g6-cloud-build/UnifiedLean/Source/SourceForestPulseMeasure.lean"], "cwd": "/home/runner/work/_temp/g6-cloud-build", "start": "2026-10-07T16:49:28.540875+00:00"}
verify	Verify G6 frozen sources serially	2026-10-07T16:49:31.1559993Z 'UnifiedLean.Source.SourceForestPulseMeasure.coin_restriction_measurePreserving' depends on axioms: [propext,
verify	Verify G6 frozen sources serially	2026-10-07T16:49:31.1560685Z  Classical.choice,
verify	Verify G6 frozen sources serially	2026-10-07T16:49:31.1560932Z  Quot.sound]
verify	Verify G6 frozen sources serially	2026-10-07T16:49:31.1561473Z 'UnifiedLean.Source.SourceForestPulseMeasure.induced_original_coin_measurePreserving' depends on axioms: [propext,
verify	Verify G6 frozen sources serially	2026-10-07T16:49:31.1562095Z  Classical.choice,
verify	Verify G6 frozen sources serially	2026-10-07T16:49:31.1562339Z  Quot.sound]
verify	Verify G6 frozen sources serially	2026-10-07T16:49:31.1562888Z 'UnifiedLean.Source.SourceForestPulseMeasure.actual_original_hybrid_pulse_projectivity' depends on axioms: [propext,
verify	Verify G6 frozen sources serially	2026-10-07T16:49:31.1563546Z  Classical.choice,
verify	Verify G6 frozen sources serially	2026-10-07T16:49:31.1563769Z  Quot.sound]
verify	Verify G6 frozen sources serially	2026-10-07T16:49:31.1565562Z G6_RECEIPT {"argv": ["lake", "env", "lean", "--trust=0", "-j1", "-M4096", "-o", "/home/runner/work/_temp/g6-cloud-build/.lake/build/lib/lean/UnifiedLean/Source/SourceForestPulseMeasure.olean", "/home/runner/work/_temp/g6-cloud-build/UnifiedLean/Source/SourceForestPulseMeasure.lean"], "start": "2026-10-07T16:49:28.540875+00:00", "end": "2026-10-07T16:49:31.153178+00:00", "exit": 0, "output_sha256": "94ae0c226c45a80056a0617962818bef7aa074ef4ebfe19078b50c0034306ae8"}
verify	Verify G6 frozen sources serially	2026-10-07T16:49:31.1569384Z G6_COMMAND {"argv": ["lake", "env", "lean", "--trust=0", "-j1", "-M4096", "-o", "/home/runner/work/_temp/g6-cloud-build/.lake/build/lib/lean/UnifiedLean/Source/SourceForestCommonPulse.olean", "/home/runner/work/_temp/g6-cloud-build/UnifiedLean/Source/SourceForestCommonPulse.lean"], "cwd": "/home/runner/work/_temp/g6-cloud-build", "start": "2026-10-07T16:49:31.153576+00:00"}
verify	Verify G6 frozen sources serially	2026-10-07T16:49:32.8558589Z 'UnifiedLean.Source.SourceForestCommonPulse.actual_common_pulse_pruning' depends on axioms: [propext,
verify	Verify G6 frozen sources serially	2026-10-07T16:49:32.8559913Z  Classical.choice,
verify	Verify G6 frozen sources serially	2026-10-07T16:49:32.8560420Z  Quot.sound]
verify	Verify G6 frozen sources serially	2026-10-07T16:49:32.8564296Z G6_RECEIPT {"argv": ["lake", "env", "lean", "--trust=0", "-j1", "-M4096", "-o", "/home/runner/work/_temp/g6-cloud-build/.lake/build/lib/lean/UnifiedLean/Source/SourceForestCommonPulse.olean", "/home/runner/work/_temp/g6-cloud-build/UnifiedLean/Source/SourceForestCommonPulse.lean"], "start": "2026-10-07T16:49:31.153576+00:00", "end": "2026-10-07T16:49:32.855637+00:00", "exit": 0, "output_sha256": "7b8aded7c2331926fabd2760aea65c0dbd892d86a3d86ec5f32ba30c700543ed"}
verify	Verify G6 frozen sources serially	2026-10-07T16:49:32.8567967Z G6_COMMAND {"argv": ["lake", "env", "lean", "--trust=0", "-j1", "-M4096", "-o", "/home/runner/work/_temp/g6-cloud-build/.lake/build/lib/lean/UnifiedLean/Source/SourceBoundaryKernels.olean", "/home/runner/work/_temp/g6-cloud-build/UnifiedLean/Source/SourceBoundaryKernels.lean"], "cwd": "/home/runner/work/_temp/g6-cloud-build", "start": "2026-10-07T16:49:32.856030+00:00"}
verify	Verify G6 frozen sources serially	2026-10-07T16:49:36.3629208Z /home/runner/work/_temp/g6-cloud-build/UnifiedLean/Source/SourceBoundaryKernels.lean:79:0: warning: automatically included section variable(s) unused in theorem `UnifiedLean.Source.SourceBoundaryKernels.actual_population_transport_view`:
verify	Verify G6 frozen sources serially	2026-10-07T16:49:36.3630560Z   [DecidableEq V]
verify	Verify G6 frozen sources serially	2026-10-07T16:49:36.3631038Z   [DecidableEq E]
verify	Verify G6 frozen sources serially	2026-10-07T16:49:36.3631499Z   [Fintype V]
verify	Verify G6 frozen sources serially	2026-10-07T16:49:36.3631724Z   [Fintype E]
verify	Verify G6 frozen sources serially	2026-10-07T16:49:36.3631930Z   [Fintype Copy]
verify	Verify G6 frozen sources serially	2026-10-07T16:49:36.3632460Z consider restructuring your `variable` declarations so that the variables are not in scope or explicitly omit them:
verify	Verify G6 frozen sources serially	2026-10-07T16:49:36.3633265Z   omit [DecidableEq V] [DecidableEq E] [Fintype V] [Fintype E] [Fintype Copy] in theorem ...
verify	Verify G6 frozen sources serially	2026-10-07T16:49:36.3633663Z 
verify	Verify G6 frozen sources serially	2026-10-07T16:49:36.3633926Z Note: This linter can be disabled with `set_option linter.unusedSectionVars false`
verify	Verify G6 frozen sources serially	2026-10-07T16:49:36.3634747Z 'UnifiedLean.Source.SourceBoundaryKernels.boundaryKernel' depends on axioms: [propext, Classical.choice, Quot.sound]
verify	Verify G6 frozen sources serially	2026-10-07T16:49:36.3635697Z 'UnifiedLean.Source.SourceBoundaryKernels.actual_population_transport_view' depends on axioms: [propext,
verify	Verify G6 frozen sources serially	2026-10-07T16:49:36.3636304Z  Classical.choice,
verify	Verify G6 frozen sources serially	2026-10-07T16:49:36.3636528Z  Quot.sound]
verify	Verify G6 frozen sources serially	2026-10-07T16:49:36.3637334Z 'UnifiedLean.Source.SourceBoundaryKernels.independent_pulse_kernel_view_measure' depends on axioms: [propext,
verify	Verify G6 frozen sources serially	2026-10-07T16:49:36.3637997Z  Classical.choice,
verify	Verify G6 frozen sources serially	2026-10-07T16:49:36.3638218Z  Quot.sound]
verify	Verify G6 frozen sources serially	2026-10-07T16:49:36.3638705Z 'UnifiedLean.Source.SourceBoundaryKernels.common_boundary_kernel_view' depends on axioms: [propext,
verify	Verify G6 frozen sources serially	2026-10-07T16:49:36.3639283Z  Classical.choice,
verify	Verify G6 frozen sources serially	2026-10-07T16:49:36.3639496Z  Quot.sound]
verify	Verify G6 frozen sources serially	2026-10-07T16:49:36.3641283Z G6_RECEIPT {"argv": ["lake", "env", "lean", "--trust=0", "-j1", "-M4096", "-o", "/home/runner/work/_temp/g6-cloud-build/.lake/build/lib/lean/UnifiedLean/Source/SourceBoundaryKernels.olean", "/home/runner/work/_temp/g6-cloud-build/UnifiedLean/Source/SourceBoundaryKernels.lean"], "start": "2026-10-07T16:49:32.856030+00:00", "end": "2026-10-07T16:49:36.362660+00:00", "exit": 0, "output_sha256": "7d6746994e806c9db5bbfa850f0896ff99c6b42af50febc1ad77579216913539"}
verify	Verify G6 frozen sources serially	2026-10-07T16:49:36.3643996Z G6_COMMAND {"argv": ["lake", "env", "lean", "--trust=0", "-j1", "-M4096", "-o", "/home/runner/work/_temp/g6-cloud-build/.lake/build/lib/lean/UnifiedLean/Source/SourceBoundaryProjection.olean", "/home/runner/work/_temp/g6-cloud-build/UnifiedLean/Source/SourceBoundaryProjection.lean"], "cwd": "/home/runner/work/_temp/g6-cloud-build", "start": "2026-10-07T16:49:36.363034+00:00"}
verify	Verify G6 frozen sources serially	2026-10-07T16:49:39.3401123Z 'UnifiedLean.Source.SourceBoundaryProjection.boundary_kernel_view_eq_of_same_view' depends on axioms: [propext,
verify	Verify G6 frozen sources serially	2026-10-07T16:49:39.3402246Z  Classical.choice,
verify	Verify G6 frozen sources serially	2026-10-07T16:49:39.3402652Z  Quot.sound]
verify	Verify G6 frozen sources serially	2026-10-07T16:49:39.3403553Z 'UnifiedLean.Source.SourceBoundaryProjection.projected_boundary_eq_of_same_view' depends on axioms: [propext,
verify	Verify G6 frozen sources serially	2026-10-07T16:49:39.3404396Z  Classical.choice,
verify	Verify G6 frozen sources serially	2026-10-07T16:49:39.3404768Z  Quot.sound]
verify	Verify G6 frozen sources serially	2026-10-07T16:49:39.3405515Z 'UnifiedLean.Source.SourceBoundaryProjection.actual_boundary_projection' depends on axioms: [propext,
verify	Verify G6 frozen sources serially	2026-10-07T16:49:39.3406404Z  Classical.choice,
verify	Verify G6 frozen sources serially	2026-10-07T16:49:39.3406641Z  Quot.sound]
verify	Verify G6 frozen sources serially	2026-10-07T16:49:39.3408844Z G6_RECEIPT {"argv": ["lake", "env", "lean", "--trust=0", "-j1", "-M4096", "-o", "/home/runner/work/_temp/g6-cloud-build/.lake/build/lib/lean/UnifiedLean/Source/SourceBoundaryProjection.olean", "/home/runner/work/_temp/g6-cloud-build/UnifiedLean/Source/SourceBoundaryProjection.lean"], "start": "2026-10-07T16:49:36.363034+00:00", "end": "2026-10-07T16:49:39.339921+00:00", "exit": 0, "output_sha256": "efe59f762bbcaea90fe3877fcf31476c8b5cc52fc3734484bc3baf1ffc7ef455"}
verify	Verify G6 frozen sources serially	2026-10-07T16:49:39.3412278Z G6_COMMAND {"argv": ["lake", "env", "lean", "--trust=0", "-j1", "-M4096", "-o", "/home/runner/work/_temp/g6-cloud-build/.lake/build/lib/lean/UnifiedLean/Source/SourceProgramTransport.olean", "/home/runner/work/_temp/g6-cloud-build/UnifiedLean/Source/SourceProgramTransport.lean"], "cwd": "/home/runner/work/_temp/g6-cloud-build", "start": "2026-10-07T16:49:39.340332+00:00"}
verify	Verify G6 frozen sources serially	2026-10-07T16:49:42.5886152Z 'UnifiedLean.Source.SourceProgramTransport.actual_program_step_projection' depends on axioms: [propext,
verify	Verify G6 frozen sources serially	2026-10-07T16:49:42.5887625Z  Classical.choice,
verify	Verify G6 frozen sources serially	2026-10-07T16:49:42.5888463Z  Quot.sound]
verify	Verify G6 frozen sources serially	2026-10-07T16:49:42.5889655Z 'UnifiedLean.Source.SourceProgramTransport.actual_source_program_projection' depends on axioms: [propext,
verify	Verify G6 frozen sources serially	2026-10-07T16:49:42.5890964Z  Classical.choice,
verify	Verify G6 frozen sources serially	2026-10-07T16:49:42.5891520Z  Quot.sound]
verify	Verify G6 frozen sources serially	2026-10-07T16:49:42.5892661Z 'UnifiedLean.Source.SourceProgramTransport.actual_program_endpoint_law' depends on axioms: [propext,
verify	Verify G6 frozen sources serially	2026-10-07T16:49:42.5894017Z  Classical.choice,
verify	Verify G6 frozen sources serially	2026-10-07T16:49:42.5894593Z  Quot.sound]
verify	Verify G6 frozen sources serially	2026-10-07T16:49:42.5898160Z G6_RECEIPT {"argv": ["lake", "env", "lean", "--trust=0", "-j1", "-M4096", "-o", "/home/runner/work/_temp/g6-cloud-build/.lake/build/lib/lean/UnifiedLean/Source/SourceProgramTransport.olean", "/home/runner/work/_temp/g6-cloud-build/UnifiedLean/Source/SourceProgramTransport.lean"], "start": "2026-10-07T16:49:39.340332+00:00", "end": "2026-10-07T16:49:42.588440+00:00", "exit": 0, "output_sha256": "03536d167bf27989e2507161f3d4a5c62e95f53a2b2a26bdafc3b2acc9103af7"}
verify	Verify G6 frozen sources serially	2026-10-07T16:49:42.5904000Z G6_COMMAND {"argv": ["lake", "env", "lean", "--trust=0", "-j1", "-M4096", "-o", "/home/runner/work/_temp/g6-cloud-build/.lake/build/lib/lean/UnifiedLean/G6/ProgramPrefix.olean", "/home/runner/work/_temp/g6-cloud-build/UnifiedLean/G6/ProgramPrefix.lean"], "cwd": "/home/runner/work/_temp/g6-cloud-build", "start": "2026-10-07T16:49:42.589084+00:00"}
verify	Verify G6 frozen sources serially	2026-10-07T16:49:46.3913292Z 'UnifiedLean.G6.ProgramPrefix.bind_scaled_domination' depends on axioms: [propext, Classical.choice, Quot.sound]
verify	Verify G6 frozen sources serially	2026-10-07T16:49:46.3914207Z 'UnifiedLean.G6.ProgramPrefix.map_scaled_domination' depends on axioms: [propext, Classical.choice, Quot.sound]
verify	Verify G6 frozen sources serially	2026-10-07T16:49:46.3915016Z 'UnifiedLean.G6.ProgramPrefix.actual_step_domination' depends on axioms: [propext, Classical.choice, Quot.sound]
verify	Verify G6 frozen sources serially	2026-10-07T16:49:46.3916319Z 'UnifiedLean.G6.ProgramPrefix.actual_program_domination' depends on axioms: [propext, Classical.choice, Quot.sound]
verify	Verify G6 frozen sources serially	2026-10-07T16:49:46.3917316Z 'UnifiedLean.G6.ProgramPrefix.same_initial_distribution_domination' depends on axioms: [propext,
verify	Verify G6 frozen sources serially	2026-10-07T16:49:46.3917795Z  Classical.choice,
verify	Verify G6 frozen sources serially	2026-10-07T16:49:46.3917997Z  Quot.sound]
verify	Verify G6 frozen sources serially	2026-10-07T16:49:46.3918467Z 'UnifiedLean.G6.ProgramPrefix.same_initial_distribution_tv' depends on axioms: [propext, Classical.choice, Quot.sound]
verify	Verify G6 frozen sources serially	2026-10-07T16:49:46.3919542Z 'UnifiedLean.G6.ProgramPrefix.same_initial_joint_readout_tv' depends on axioms: [propext, Classical.choice, Quot.sound]
verify	Verify G6 frozen sources serially	2026-10-07T16:49:46.3920293Z 'UnifiedLean.G6.ProgramPrefix.same_initial_joint_readout_event' depends on axioms: [propext,
verify	Verify G6 frozen sources serially	2026-10-07T16:49:46.3920750Z  Classical.choice,
verify	Verify G6 frozen sources serially	2026-10-07T16:49:46.3920949Z  Quot.sound]
verify	Verify G6 frozen sources serially	2026-10-07T16:49:46.3921398Z 'UnifiedLean.G6.ProgramPrefix.program_deficit_le_sum' depends on axioms: [propext, Classical.choice, Quot.sound]
verify	Verify G6 frozen sources serially	2026-10-07T16:49:46.3922114Z 'UnifiedLean.G6.ProgramPrefix.same_initial_distribution_tv_budget' depends on axioms: [propext,
verify	Verify G6 frozen sources serially	2026-10-07T16:49:46.3922710Z  Classical.choice,
verify	Verify G6 frozen sources serially	2026-10-07T16:49:46.3922905Z  Quot.sound]
verify	Verify G6 frozen sources serially	2026-10-07T16:49:46.3923306Z 'UnifiedLean.G6.ProgramPrefix.same_initial_joint_readout_tv_budget' depends on axioms: [propext,
verify	Verify G6 frozen sources serially	2026-10-07T16:49:46.3923769Z  Classical.choice,
verify	Verify G6 frozen sources serially	2026-10-07T16:49:46.3923963Z  Quot.sound]
verify	Verify G6 frozen sources serially	2026-10-07T16:49:46.3925391Z G6_RECEIPT {"argv": ["lake", "env", "lean", "--trust=0", "-j1", "-M4096", "-o", "/home/runner/work/_temp/g6-cloud-build/.lake/build/lib/lean/UnifiedLean/G6/ProgramPrefix.olean", "/home/runner/work/_temp/g6-cloud-build/UnifiedLean/G6/ProgramPrefix.lean"], "start": "2026-10-07T16:49:42.589084+00:00", "end": "2026-10-07T16:49:46.391153+00:00", "exit": 0, "output_sha256": "50f32b8f7e283dbd21e5e7d50cd059858b4dddb1a05a1eb7c0db1d671684d30d"}
verify	Verify G6 frozen sources serially	2026-10-07T16:49:46.3994609Z G6_COMMAND {"argv": ["lake", "env", "lean", "--trust=0", "-j1", "-M4096", "-o", "/home/runner/work/_temp/g6-cloud-build/.lake/build/lib/lean/UnifiedLean/G6/TaylorCertificate.olean", "/home/runner/work/_temp/g6-cloud-build/UnifiedLean/G6/TaylorCertificate.lean"], "cwd": "/home/runner/work/_temp/g6-cloud-build", "start": "2026-10-07T16:49:46.391471+00:00"}
verify	Verify G6 frozen sources serially	2026-10-07T16:49:50.1055146Z /home/runner/work/_temp/g6-cloud-build/UnifiedLean/G6/TaylorCertificate.lean:26:26: warning: this tactic is never executed
verify	Verify G6 frozen sources serially	2026-10-07T16:49:50.1056153Z 
verify	Verify G6 frozen sources serially	2026-10-07T16:49:50.1056579Z Note: This linter can be disabled with `set_option linter.unreachableTactic false`
verify	Verify G6 frozen sources serially	2026-10-07T16:49:50.1058052Z /home/runner/work/_temp/g6-cloud-build/UnifiedLean/G6/TaylorCertificate.lean:26:26: warning: Unused tactic linter: `ring` does nothing
verify	Verify G6 frozen sources serially	2026-10-07T16:49:50.1058865Z 
verify	Verify G6 frozen sources serially	2026-10-07T16:49:50.1059190Z Note: This linter can be disabled with `set_option linter.unusedTactic false`
verify	Verify G6 frozen sources serially	2026-10-07T16:49:50.1060439Z /home/runner/work/_temp/g6-cloud-build/UnifiedLean/G6/TaylorCertificate.lean:29:2: error: Type mismatch: After simplification, term
verify	Verify G6 frozen sources serially	2026-10-07T16:49:50.1061536Z   NormedSpace.expSeries_div_hasSum_exp a
verify	Verify G6 frozen sources serially	2026-10-07T16:49:50.1061995Z  has type
verify	Verify G6 frozen sources serially	2026-10-07T16:49:50.1063186Z   @HasSum ℝ ℕ DivisionRing.toDivisionSemiring.toAddCommMonoid PseudoMetricSpace.toUniformSpace.toTopologicalSpace
verify	Verify G6 frozen sources serially	2026-10-07T16:49:50.1064609Z     (fun n => a ^ n / ↑n.factorial) (NormedSpace.exp a) (SummationFilter.unconditional ℕ)
verify	Verify G6 frozen sources serially	2026-10-07T16:49:50.1065331Z but is expected to have type
verify	Verify G6 frozen sources serially	2026-10-07T16:49:50.1066298Z   @HasSum ℝ ℕ Real.instAddCommMonoid PseudoMetricSpace.toUniformSpace.toTopologicalSpace (taylorTerm a)
verify	Verify G6 frozen sources serially	2026-10-07T16:49:50.1067665Z     (NormedSpace.exp a) (SummationFilter.unconditional ℕ)
verify	Verify G6 frozen sources serially	2026-10-07T16:49:50.1068947Z 'UnifiedLean.G6.TaylorCertificate.taylor_tail_bound' depends on axioms: [propext, sorryAx, Classical.choice, Quot.sound]
verify	Verify G6 frozen sources serially	2026-10-07T16:49:50.1070365Z 'UnifiedLean.G6.TaylorCertificate.exp_le_taylor_enclosure' depends on axioms: [propext,
verify	Verify G6 frozen sources serially	2026-10-07T16:49:50.1071122Z  sorryAx,
verify	Verify G6 frozen sources serially	2026-10-07T16:49:50.1071404Z  Classical.choice,
verify	Verify G6 frozen sources serially	2026-10-07T16:49:50.1071714Z  Quot.sound]
verify	Verify G6 frozen sources serially	2026-10-07T16:49:50.1072344Z 'UnifiedLean.G6.TaylorCertificate.prefix_deficit_le_certificate' depends on axioms: [propext,
verify	Verify G6 frozen sources serially	2026-10-07T16:49:50.1073103Z  sorryAx,
verify	Verify G6 frozen sources serially	2026-10-07T16:49:50.1073374Z  Classical.choice,
verify	Verify G6 frozen sources serially	2026-10-07T16:49:50.1073679Z  Quot.sound]
verify	Verify G6 frozen sources serially	2026-10-07T16:49:50.1074335Z 'UnifiedLean.G6.TaylorCertificate.actual_source_prefix_tv_certificate' depends on axioms: [propext,
verify	Verify G6 frozen sources serially	2026-10-07T16:49:50.1075165Z  sorryAx,
verify	Verify G6 frozen sources serially	2026-10-07T16:49:50.1075438Z  Classical.choice,
verify	Verify G6 frozen sources serially	2026-10-07T16:49:50.1075734Z  Quot.sound]
verify	Verify G6 frozen sources serially	2026-10-07T16:49:50.1076749Z 'UnifiedLean.G6.TaylorCertificate.actual_source_joint_readout_tv_certificate' depends on axioms: [propext,
verify	Verify G6 frozen sources serially	2026-10-07T16:49:50.1077899Z  sorryAx,
verify	Verify G6 frozen sources serially	2026-10-07T16:49:50.1078159Z  Classical.choice,
verify	Verify G6 frozen sources serially	2026-10-07T16:49:50.1078432Z  Quot.sound]
verify	Verify G6 frozen sources serially	2026-10-07T16:49:50.1080890Z G6_RECEIPT {"argv": ["lake", "env", "lean", "--trust=0", "-j1", "-M4096", "-o", "/home/runner/work/_temp/g6-cloud-build/.lake/build/lib/lean/UnifiedLean/G6/TaylorCertificate.olean", "/home/runner/work/_temp/g6-cloud-build/UnifiedLean/G6/TaylorCertificate.lean"], "start": "2026-10-07T16:49:46.391471+00:00", "end": "2026-10-07T16:49:50.105309+00:00", "exit": 1, "output_sha256": "6279ec22d360801f2c79113c88b3053c0e5d3ff2401f4f6757880263b02ed37d"}
verify	Verify G6 frozen sources serially	2026-10-07T16:49:50.1141025Z ##[error]Process completed with exit code 1.
verify	Preserve actual success and failure evidence	﻿2026-10-07T16:49:50.1260835Z ##[group]Run actions/upload-artifact@ea165f8d65b6e75b540449e92b4886f43607fa02
verify	Preserve actual success and failure evidence	2026-10-07T16:49:50.1261272Z with:
verify	Preserve actual success and failure evidence	2026-10-07T16:49:50.1261485Z   name: g6-cloud-evidence-37654465801
verify	Preserve actual success and failure evidence	2026-10-07T16:49:50.1262246Z   path: /home/runner/work/_temp/g6-cloud-build/g6-evidence/
verify	Preserve actual success and failure evidence	/home/runner/work/_temp/g567-lean-4.33.1/lean-version.txt
verify	Preserve actual success and failure evidence	/home/runner/work/_temp/g567-lean-4.33.1/runtime-smoke.log
verify	Preserve actual success and failure evidence	
verify	Preserve actual success and failure evidence	2026-10-07T16:49:50.1262991Z   if-no-files-found: warn
verify	Preserve actual success and failure evidence	2026-10-07T16:49:50.1263216Z   retention-days: 30
verify	Preserve actual success and failure evidence	2026-10-07T16:49:50.1263428Z   compression-level: 6
verify	Preserve actual success and failure evidence	2026-10-07T16:49:50.1263638Z   overwrite: false
verify	Preserve actual success and failure evidence	2026-10-07T16:49:50.1263857Z   include-hidden-files: false
verify	Preserve actual success and failure evidence	2026-10-07T16:49:50.1264095Z ##[endgroup]
verify	Preserve actual success and failure evidence	2026-10-07T16:49:50.2934212Z (node:4889) [DEP0040] DeprecationWarning: The `punycode` module is deprecated. Please use a userland alternative instead.
verify	Preserve actual success and failure evidence	2026-10-07T16:49:50.2935140Z (Use `node --trace-deprecation ...` to show where the warning was created)
verify	Preserve actual success and failure evidence	2026-10-07T16:49:50.3380985Z Multiple search paths detected. Calculating the least common ancestor of all paths
verify	Preserve actual success and failure evidence	2026-10-07T16:49:50.3383715Z The least common ancestor is /home/runner/work/_temp. This will be the root directory of the artifact
verify	Preserve actual success and failure evidence	2026-10-07T16:49:50.3385062Z With the provided path, there will be 231 files uploaded
verify	Preserve actual success and failure evidence	2026-10-07T16:49:50.3387701Z Artifact name is valid!
verify	Preserve actual success and failure evidence	2026-10-07T16:49:50.3390169Z Root directory input is valid!
verify	Preserve actual success and failure evidence	2026-10-07T16:49:50.5963402Z Beginning upload of artifact content to blob storage
verify	Preserve actual success and failure evidence	2026-10-07T16:49:50.8081098Z (node:4889) [DEP0169] DeprecationWarning: `url.parse()` behavior is not standardized and prone to errors that have security implications. Use the WHATWG URL API instead. CVEs are not issued for `url.parse()` vulnerabilities.
verify	Preserve actual success and failure evidence	2026-10-07T16:49:51.0002242Z Uploaded bytes 174732
verify	Preserve actual success and failure evidence	2026-10-07T16:49:51.0364588Z Finished uploading artifact content to blob storage!
verify	Preserve actual success and failure evidence	2026-10-07T16:49:51.0365626Z SHA256 digest of uploaded artifact zip is 89f4a91c89577f0b29705064ca178a87e33bcc59635d183e1a664e10491ddc39
verify	Preserve actual success and failure evidence	2026-10-07T16:49:51.0368138Z Finalizing artifact upload
verify	Preserve actual success and failure evidence	2026-10-07T16:49:51.2818601Z Artifact g6-cloud-evidence-37654465801.zip successfully finalized. Artifact ID 11498217940
verify	Preserve actual success and failure evidence	2026-10-07T16:49:51.2820039Z Artifact g6-cloud-evidence-37654465801 has been successfully uploaded! Final size is 174732 bytes. Artifact ID is 11498217940
verify	Preserve actual success and failure evidence	2026-10-07T16:49:51.2826336Z Artifact download URL: https://github.com/Sodelin/Research-Commons/actions/runs/37654465801/artifacts/11498217940
verify	Complete job	﻿2026-10-07T16:49:51.3016761Z Cleaning up orphan processes
verify	Complete job	2026-10-07T16:49:51.3445889Z ##[warning]Node.js 20 is deprecated. The following actions target Node.js 20 but are being forced to run on Node.js 24: actions/upload-artifact@ea165f8d65b6e75b540449e92b4886f43607fa02. For more information see: https://github.blog/changelog/2025-09-19-deprecation-of-node-20-on-github-actions-runners/
