OK	-14/3	-2/3	0
OK	-2	2	0
OK	1/9	49/9	0
OK	true	0
OK	-4	1/3	0
OK	-3	4/3	0
OK	-14/9	35/9	0
OK	true	0
OK	-52/21	-8/33	0
OK	-80/33	-4/21	0
OK	-7/33	1/3	0
OK	false	0
OK	-7/3	-1/3	0
OK	-7/3	-1/3	0
OK	0	0	0
OK	false	0
OK	-2	0	0
OK	-8/3	-2/3	0
OK	-7/9	-1/9	0
OK	false	0
OK	-2	1/3	0
OK	-3	-2/3	0
OK	-14/9	-1/9	0
OK	false	0
OK	-4/3	5/3	0
OK	-13/3	-4/3	0
OK	-14/3	-1/3	0
OK	false	0
OK	-1/3	8/3	0
OK	-16/3	-7/3	0
OK	-7	-2/3	0
OK	false	0
OK	-10/3	-4/3	0
OK	-4/3	2/3	0
OK	1/3	7/3	0
OK	true	0
OK	-7/3	2/3	0
OK	-10/3	-1/3	0
OK	-7/3	0	0
OK	false	0
OK	-13/3	-4/3	0
OK	-4/3	5/3	0
OK	1/3	14/3	0
OK	true	0
OK	-2381976568446569244243622252022377480195/1020847100762815390390123822295304634368	-340282366920938463463374607431768211453/1020847100762815390390123822295304634368	0
OK	-2381976568446569244243622252022377480195/1020847100762815390390123822295304634368	-340282366920938463463374607431768211453/1020847100762815390390123822295304634368	0
OK	-7/1020847100762815390390123822295304634368	7/1020847100762815390390123822295304634368	0
OK	false	0
OK	-7/3	-1/3	0
OK	1/3	7/3	0
ERR	reversed interval	0
OK	-3	0	0
OK	-5/2	0	0
OK	-5/2	-1/4	0
OK	-299/128	-85/256	0
OK	-21521201419327810219/9223372036854775808	-6148914691236517205/18446744073709551616	0
OK	-396996094741094874040603708670396246699/170141183460469231731687303715884105728	-113427455640312821154458202477256070485/340282366920938463463374607431768211456	0
OK	-7323285357951127557808420993742277485452748018541373598379/3138550867693340381917894711603833208051177722232017256448	-2092367245128893587945263141069222138700785148154678170965/6277101735386680763835789423207666416102355444464034512896	0
OK	1/7	1	0
OK	1/3	7/3	0
ERR	ZERO_DIVISION	0
OK	-7	-1	0
OK	-7/6	-1/6	0
OK	false	0
OK	true	0
OK	false	0
OK	false	0
OK	false	0
OK	false	0
OK	false	0
OK	-4	1/3	0
OK	-4/3	3	0
OK	-14/9	35/9	0
OK	true	0
OK	-10/3	4/3	0
OK	-7/3	7/3	0
OK	-10/9	25/9	0
OK	true	0
OK	-38/21	25/33	0
OK	-58/33	17/21	0
OK	-5/33	5/21	0
OK	true	0
OK	-5/3	2/3	0
OK	-5/3	2/3	0
OK	0	0	0
OK	true	0
OK	-4/3	1	0
OK	-2	1/3	0
OK	-5/9	2/9	0
OK	true	0
OK	-4/3	4/3	0
OK	-7/3	1/3	0
OK	-10/9	4/9	0
OK	true	0
OK	-2/3	8/3	0
OK	-11/3	-1/3	0
OK	-10/3	4/3	0
OK	false	0
OK	1/3	11/3	0
OK	-14/3	-4/3	0
OK	-5	2	0
OK	false	0
OK	-8/3	-1/3	0
OK	-2/3	5/3	0
OK	-2/3	5/3	0
OK	true	0
OK	-5/3	5/3	0
OK	-8/3	2/3	0
OK	-5/3	2/3	0
OK	true	0
OK	-11/3	-1/3	0
OK	-2/3	8/3	0
OK	-4/3	10/3	0
OK	true	0
OK	-1701411834604692317316873037158841057283/1020847100762815390390123822295304634368	680564733841876926926749214863536422915/1020847100762815390390123822295304634368	0
OK	-1701411834604692317316873037158841057283/1020847100762815390390123822295304634368	680564733841876926926749214863536422915/1020847100762815390390123822295304634368	0
OK	-5/1020847100762815390390123822295304634368	5/1020847100762815390390123822295304634368	0
OK	true	0
OK	-5/3	2/3	0
OK	-2/3	5/3	0
OK	0	2/3	0
OK	-2	1	0
OK	-2	1	0
OK	-7/4	3/4	0
OK	-427/256	171/256	0
OK	-30744573456182586027/18446744073709551616	12297829382473034411/18446744073709551616	0
OK	-567137278201564105772291012386280352427/340282366920938463463374607431768211456	226854911280625642308916404954512140971/340282366920938463463374607431768211456	0
OK	-10461836225644467939726315705346110693503925740773390854827/6277101735386680763835789423207666416102355444464034512896	4184734490257787175890526282138444277401570296309356341931/6277101735386680763835789423207666416102355444464034512896	0
OK	-2/7	5/7	0
OK	-2/3	5/3	0
ERR	ZERO_DIVISION	0
OK	-5	2	0
OK	-5/6	1/3	0
OK	false	0
OK	true	0
OK	true	0
OK	true	0
OK	false	0
OK	false	0
OK	false	0
OK	-52/21	-8/33	0
OK	4/21	80/33	0
OK	-7/33	1/3	0
OK	false	0
OK	-38/21	25/33	0
OK	-17/21	58/33	0
OK	-5/33	5/21	0
OK	true	0
OK	-2/7	2/11	0
OK	-18/77	18/77	0
OK	-1/77	1/49	0
OK	true	0
OK	-1/7	1/11	0
OK	-1/7	1/11	0
OK	0	0	0
OK	true	0
OK	4/21	14/33	0
OK	-10/21	-8/33	0
OK	-1/21	1/33	0
OK	false	0
OK	4/21	25/33	0
OK	-17/21	-8/33	0
OK	-2/21	2/33	0
OK	false	0
OK	6/7	23/11	0
OK	-15/7	-10/11	0
OK	-2/7	2/11	0
OK	false	0
OK	13/7	34/11	0
OK	-22/7	-21/11	0
OK	-3/7	3/11	0
OK	false	0
OK	-8/7	-10/11	0
OK	6/7	12/11	0
OK	-1/11	1/7	0
OK	false	0
OK	-1/7	12/11	0
OK	-8/7	1/11	0
OK	-1/7	1/11	0
OK	true	0
OK	-15/7	-10/11	0
OK	6/7	23/11	0
OK	-2/11	2/7	0
OK	false	0
OK	-340282366920938463463374607431768211463/2381976568446569244243622252022377480192	340282366920938463463374607431768211467/3743106036130323098097120681749450326016	0
OK	-340282366920938463463374607431768211463/2381976568446569244243622252022377480192	340282366920938463463374607431768211467/3743106036130323098097120681749450326016	0
OK	-1/2381976568446569244243622252022377480192	1/2381976568446569244243622252022377480192	0
OK	true	0
OK	-1/7	1/11	0
OK	-1/11	1/7	0
OK	0	1/11	0
OK	-1	1	0
OK	-1/2	1/2	0
OK	-1/4	1/4	0
OK	-37/256	3/32	0
OK	-2635249153387078803/18446744073709551616	838488366986797801/9223372036854775808	0
OK	-48611766702991209066196372490252601637/340282366920938463463374607431768211456	3866845078647027993901984175361002403/42535295865117307932921825928971026432	0
OK	-448364409670477197416842101657690458293025388890288179493/3138550867693340381917894711603833208051177722232017256448	570645612307880069439617220291606037827486858587639501173/6277101735386680763835789423207666416102355444464034512896	0
OK	-3/77	3/49	0
OK	-1/11	1/7	0
ERR	ZERO_DIVISION	0
OK	-3/7	3/11	0
OK	-1/14	1/22	0
OK	false	0
OK	false	0
OK	true	0
OK	false	0
OK	false	0
OK	false	0
OK	false	0
OK	-7/3	-1/3	0
OK	1/3	7/3	0
OK	0	0	0
OK	false	0
OK	-5/3	2/3	0
OK	-2/3	5/3	0
OK	0	0	0
OK	true	0
OK	-1/7	1/11	0
OK	-1/11	1/7	0
OK	0	0	0
OK	true	0
OK	0	0	0
OK	0	0	0
OK	0	0	0
OK	true	0
OK	1/3	1/3	0
OK	-1/3	-1/3	0
OK	0	0	0
OK	false	0
OK	1/3	2/3	0
OK	-2/3	-1/3	0
OK	0	0	0
OK	false	0
OK	1	2	0
OK	-2	-1	0
OK	0	0	0
OK	false	0
OK	2	3	0
OK	-3	-2	0
OK	0	0	0
OK	false	0
OK	-1	-1	0
OK	1	1	0
OK	0	0	0
OK	false	0
OK	0	1	0
OK	-1	0	0
OK	0	0	0
OK	true	0
OK	-2	-1	0
OK	1	2	0
OK	0	0	0
OK	false	0
OK	-1/340282366920938463463374607431768211456	1/340282366920938463463374607431768211456	0
OK	-1/340282366920938463463374607431768211456	1/340282366920938463463374607431768211456	0
OK	0	0	0
OK	true	0
OK	0	0	0
OK	0	0	0
OK	0	0	0
OK	0	0	0
OK	0	0	0
OK	0	0	0
OK	0	0	0
OK	0	0	0
OK	0	0	0
OK	0	0	0
OK	0	0	0
OK	0	0	0
ERR	ZERO_DIVISION	0
OK	0	0	0
OK	0	0	0
OK	false	0
OK	false	0
OK	true	0
OK	false	0
OK	false	0
OK	false	0
OK	false	0
OK	-2	0	0
OK	2/3	8/3	0
OK	-7/9	-1/9	0
OK	false	0
OK	-4/3	1	0
OK	-1/3	2	0
OK	-5/9	2/9	0
OK	true	0
OK	4/21	14/33	0
OK	8/33	10/21	0
OK	-1/21	1/33	0
OK	false	0
OK	1/3	1/3	0
OK	1/3	1/3	0
OK	0	0	0
OK	false	0
OK	2/3	2/3	0
OK	0	0	0
OK	1/9	1/9	0
OK	true	0
OK	2/3	1	0
OK	-1/3	0	0
OK	1/9	2/9	0
OK	true	0
OK	4/3	7/3	0
OK	-5/3	-2/3	0
OK	1/3	2/3	0
OK	false	0
OK	7/3	10/3	0
OK	-8/3	-5/3	0
OK	2/3	1	0
OK	false	0
OK	-2/3	-2/3	0
OK	4/3	4/3	0
OK	-1/3	-1/3	0
OK	false	0
OK	1/3	4/3	0
OK	-2/3	1/3	0
OK	0	1/3	0
OK	true	0
OK	-5/3	-2/3	0
OK	4/3	7/3	0
OK	-2/3	-1/3	0
OK	false	0
OK	340282366920938463463374607431768211453/1020847100762815390390123822295304634368	340282366920938463463374607431768211459/1020847100762815390390123822295304634368	0
OK	340282366920938463463374607431768211453/1020847100762815390390123822295304634368	340282366920938463463374607431768211459/1020847100762815390390123822295304634368	0
OK	-1/1020847100762815390390123822295304634368	1/1020847100762815390390123822295304634368	0
OK	false	0
OK	1/3	1/3	0
OK	-1/3	-1/3	0
OK	1/3	1/3	0
OK	0	1	0
OK	0	1/2	0
OK	1/4	1/2	0
OK	85/256	43/128	0
OK	6148914691236517205/18446744073709551616	3074457345618258603/9223372036854775808	0
OK	113427455640312821154458202477256070485/340282366920938463463374607431768211456	56713727820156410577229101238628035243/170141183460469231731687303715884105728	0
OK	2092367245128893587945263141069222138700785148154678170965/6277101735386680763835789423207666416102355444464034512896	1046183622564446793972631570534611069350392574077339085483/3138550867693340381917894711603833208051177722232017256448	0
OK	-1/7	-1/7	0
OK	-1/3	-1/3	0
ERR	ZERO_DIVISION	0
OK	1	1	0
OK	1/6	1/6	0
OK	false	0
OK	false	0
OK	false	0
OK	true	0
OK	false	0
OK	false	0
OK	false	0
OK	-2	1/3	0
OK	2/3	3	0
OK	-14/9	-1/9	0
OK	false	0
OK	-4/3	4/3	0
OK	-1/3	7/3	0
OK	-10/9	4/9	0
OK	true	0
OK	4/21	25/33	0
OK	8/33	17/21	0
OK	-2/21	2/33	0
OK	false	0
OK	1/3	2/3	0
OK	1/3	2/3	0
OK	0	0	0
OK	false	0
OK	2/3	1	0
OK	0	1/3	0
OK	1/9	2/9	0
OK	true	0
OK	2/3	4/3	0
OK	-1/3	1/3	0
OK	1/9	4/9	0
OK	true	0
OK	4/3	8/3	0
OK	-5/3	-1/3	0
OK	1/3	4/3	0
OK	false	0
OK	7/3	11/3	0
OK	-8/3	-4/3	0
OK	2/3	2	0
OK	false	0
OK	-2/3	-1/3	0
OK	4/3	5/3	0
OK	-2/3	-1/3	0
OK	false	0
OK	1/3	5/3	0
OK	-2/3	2/3	0
OK	0	2/3	0
OK	true	0
OK	-5/3	-1/3	0
OK	4/3	8/3	0
OK	-4/3	-1/3	0
OK	false	0
OK	340282366920938463463374607431768211453/1020847100762815390390123822295304634368	680564733841876926926749214863536422915/1020847100762815390390123822295304634368	0
OK	340282366920938463463374607431768211453/1020847100762815390390123822295304634368	680564733841876926926749214863536422915/1020847100762815390390123822295304634368	0
OK	-1/510423550381407695195061911147652317184	1/510423550381407695195061911147652317184	0
OK	false	0
OK	1/3	2/3	0
OK	-2/3	-1/3	0
OK	1/3	2/3	0
OK	0	1	0
OK	0	1	0
OK	1/4	3/4	0
OK	85/256	171/256	0
OK	6148914691236517205/18446744073709551616	12297829382473034411/18446744073709551616	0
OK	113427455640312821154458202477256070485/340282366920938463463374607431768211456	226854911280625642308916404954512140971/340282366920938463463374607431768211456	0
OK	2092367245128893587945263141069222138700785148154678170965/6277101735386680763835789423207666416102355444464034512896	4184734490257787175890526282138444277401570296309356341931/6277101735386680763835789423207666416102355444464034512896	0
OK	-2/7	-1/7	0
OK	-2/3	-1/3	0
ERR	ZERO_DIVISION	0
OK	1	2	0
OK	1/6	1/3	0
OK	false	0
OK	false	0
OK	false	0
OK	true	0
OK	false	0
OK	false	0
OK	false	0
OK	-4/3	5/3	0
OK	4/3	13/3	0
OK	-14/3	-1/3	0
OK	false	0
OK	-2/3	8/3	0
OK	1/3	11/3	0
OK	-10/3	4/3	0
OK	false	0
OK	6/7	23/11	0
OK	10/11	15/7	0
OK	-2/7	2/11	0
OK	false	0
OK	1	2	0
OK	1	2	0
OK	0	0	0
OK	false	0
OK	4/3	7/3	0
OK	2/3	5/3	0
OK	1/3	2/3	0
OK	false	0
OK	4/3	8/3	0
OK	1/3	5/3	0
OK	1/3	4/3	0
OK	false	0
OK	2	4	0
OK	-1	1	0
OK	1	4	0
OK	true	0
OK	3	5	0
OK	-2	0	0
OK	2	6	0
OK	true	0
OK	0	1	0
OK	2	3	0
OK	-2	-1	0
OK	false	0
OK	1	3	0
OK	0	2	0
OK	0	2	0
OK	true	0
OK	-1	1	0
OK	2	4	0
OK	-4	-1	0
OK	false	0
OK	340282366920938463463374607431768211455/340282366920938463463374607431768211456	680564733841876926926749214863536422913/340282366920938463463374607431768211456	0
OK	340282366920938463463374607431768211455/340282366920938463463374607431768211456	680564733841876926926749214863536422913/340282366920938463463374607431768211456	0
OK	-1/170141183460469231731687303715884105728	1/170141183460469231731687303715884105728	0
OK	false	0
OK	1	2	0
OK	-2	-1	0
OK	1	1	0
OK	1	2	0
OK	1	2	0
OK	1	2	0
OK	1	2	0
OK	1	2	0
OK	1	2	0
OK	1	2	0
OK	-6/7	-3/7	0
OK	-2	-1	0
ERR	ZERO_DIVISION	0
OK	3	6	0
OK	1/2	1	0
OK	false	0
OK	false	0
OK	false	0
OK	false	0
OK	true	0
OK	true	0
OK	false	0
OK	-1/3	8/3	0
OK	7/3	16/3	0
OK	-7	-2/3	0
OK	false	0
OK	1/3	11/3	0
OK	4/3	14/3	0
OK	-5	2	0
OK	false	0
OK	13/7	34/11	0
OK	21/11	22/7	0
OK	-3/7	3/11	0
OK	false	0
OK	2	3	0
OK	2	3	0
OK	0	0	0
OK	false	0
OK	7/3	10/3	0
OK	5/3	8/3	0
OK	2/3	1	0
OK	false	0
OK	7/3	11/3	0
OK	4/3	8/3	0
OK	2/3	2	0
OK	false	0
OK	3	5	0
OK	0	2	0
OK	2	6	0
OK	true	0
OK	4	6	0
OK	-1	1	0
OK	4	9	0
OK	true	0
OK	1	2	0
OK	3	4	0
OK	-3	-2	0
OK	false	0
OK	2	4	0
OK	1	3	0
OK	0	3	0
OK	false	0
OK	0	2	0
OK	3	5	0
OK	-6	-2	0
OK	false	0
OK	680564733841876926926749214863536422911/340282366920938463463374607431768211456	1020847100762815390390123822295304634369/340282366920938463463374607431768211456	0
OK	680564733841876926926749214863536422911/340282366920938463463374607431768211456	1020847100762815390390123822295304634369/340282366920938463463374607431768211456	0
OK	-3/340282366920938463463374607431768211456	3/340282366920938463463374607431768211456	0
OK	false	0
OK	2	3	0
OK	-3	-2	0
ERR	reversed interval	0
OK	2	3	0
OK	2	3	0
OK	2	3	0
OK	2	3	0
OK	2	3	0
OK	2	3	0
OK	2	3	0
OK	-9/7	-6/7	0
OK	-3	-2	0
ERR	ZERO_DIVISION	0
OK	6	9	0
OK	1	3/2	0
OK	false	0
OK	false	0
OK	false	0
OK	false	0
OK	false	0
OK	true	0
OK	true	0
OK	-10/3	-4/3	0
OK	-2/3	4/3	0
OK	1/3	7/3	0
OK	true	0
OK	-8/3	-1/3	0
OK	-5/3	2/3	0
OK	-2/3	5/3	0
OK	true	0
OK	-8/7	-10/11	0
OK	-12/11	-6/7	0
OK	-1/11	1/7	0
OK	false	0
OK	-1	-1	0
OK	-1	-1	0
OK	0	0	0
OK	false	0
OK	-2/3	-2/3	0
OK	-4/3	-4/3	0
OK	-1/3	-1/3	0
OK	false	0
OK	-2/3	-1/3	0
OK	-5/3	-4/3	0
OK	-2/3	-1/3	0
OK	false	0
OK	0	1	0
OK	-3	-2	0
OK	-2	-1	0
OK	false	0
OK	1	2	0
OK	-4	-3	0
OK	-3	-2	0
OK	false	0
OK	-2	-2	0
OK	0	0	0
OK	1	1	0
OK	true	0
OK	-1	0	0
OK	-2	-1	0
OK	-1	0	0
OK	false	0
OK	-3	-2	0
OK	0	1	0
OK	1	2	0
OK	true	0
OK	-340282366920938463463374607431768211457/340282366920938463463374607431768211456	-340282366920938463463374607431768211455/340282366920938463463374607431768211456	0
OK	-340282366920938463463374607431768211457/340282366920938463463374607431768211456	-340282366920938463463374607431768211455/340282366920938463463374607431768211456	0
OK	-1/340282366920938463463374607431768211456	1/340282366920938463463374607431768211456	0
OK	false	0
OK	-1	-1	0
OK	1	1	0
ERR	reversed interval	0
OK	-1	-1	0
OK	-1	-1	0
OK	-1	-1	0
OK	-1	-1	0
OK	-1	-1	0
OK	-1	-1	0
OK	-1	-1	0
OK	3/7	3/7	0
OK	1	1	0
ERR	ZERO_DIVISION	0
OK	-3	-3	0
OK	-1/2	-1/2	0
OK	false	0
OK	false	0
OK	false	0
OK	false	0
OK	false	0
OK	false	0
OK	false	0
OK	-7/3	2/3	0
OK	1/3	10/3	0
OK	-7/3	0	0
OK	false	0
OK	-5/3	5/3	0
OK	-2/3	8/3	0
OK	-5/3	2/3	0
OK	true	0
OK	-1/7	12/11	0
OK	-1/11	8/7	0
OK	-1/7	1/11	0
OK	true	0
OK	0	1	0
OK	0	1	0
OK	0	0	0
OK	true	0
OK	1/3	4/3	0
OK	-1/3	2/3	0
OK	0	1/3	0
OK	true	0
OK	1/3	5/3	0
OK	-2/3	2/3	0
OK	0	2/3	0
OK	true	0
OK	1	3	0
OK	-2	0	0
OK	0	2	0
OK	true	0
OK	2	4	0
OK	-3	-1	0
OK	0	3	0
OK	false	0
OK	-1	0	0
OK	1	2	0
OK	-1	0	0
OK	false	0
OK	0	2	0
OK	-1	1	0
OK	0	1	0
OK	true	0
OK	-2	0	0
OK	1	3	0
OK	-2	0	0
OK	false	0
OK	-1/340282366920938463463374607431768211456	340282366920938463463374607431768211457/340282366920938463463374607431768211456	0
OK	-1/340282366920938463463374607431768211456	340282366920938463463374607431768211457/340282366920938463463374607431768211456	0
OK	-1/340282366920938463463374607431768211456	1/340282366920938463463374607431768211456	0
OK	true	0
OK	0	1	0
OK	-1	0	0
OK	0	1	0
OK	0	1	0
OK	0	1	0
OK	0	1	0
OK	0	1	0
OK	0	1	0
OK	0	1	0
OK	0	1	0
OK	-3/7	0	0
OK	-1	0	0
ERR	ZERO_DIVISION	0
OK	0	3	0
OK	0	1/2	0
OK	false	0
OK	false	0
OK	true	0
OK	true	0
OK	true	0
OK	false	0
OK	false	0
OK	-13/3	-4/3	0
OK	-5/3	4/3	0
OK	1/3	14/3	0
OK	true	0
OK	-11/3	-1/3	0
OK	-8/3	2/3	0
OK	-4/3	10/3	0
OK	true	0
OK	-15/7	-10/11	0
OK	-23/11	-6/7	0
OK	-2/11	2/7	0
OK	false	0
OK	-2	-1	0
OK	-2	-1	0
OK	0	0	0
OK	false	0
OK	-5/3	-2/3	0
OK	-7/3	-4/3	0
OK	-2/3	-1/3	0
OK	false	0
OK	-5/3	-1/3	0
OK	-8/3	-4/3	0
OK	-4/3	-1/3	0
OK	false	0
OK	-1	1	0
OK	-4	-2	0
OK	-4	-1	0
OK	false	0
OK	0	2	0
OK	-5	-3	0
OK	-6	-2	0
OK	false	0
OK	-3	-2	0
OK	-1	0	0
OK	1	2	0
OK	true	0
OK	-2	0	0
OK	-3	-1	0
OK	-2	0	0
OK	false	0
OK	-4	-2	0
OK	-1	1	0
OK	1	4	0
OK	true	0
OK	-680564733841876926926749214863536422913/340282366920938463463374607431768211456	-340282366920938463463374607431768211455/340282366920938463463374607431768211456	0
OK	-680564733841876926926749214863536422913/340282366920938463463374607431768211456	-340282366920938463463374607431768211455/340282366920938463463374607431768211456	0
OK	-1/170141183460469231731687303715884105728	1/170141183460469231731687303715884105728	0
OK	false	0
OK	-2	-1	0
OK	1	2	0
ERR	reversed interval	0
OK	-2	-1	0
OK	-2	-1	0
OK	-2	-1	0
OK	-2	-1	0
OK	-2	-1	0
OK	-2	-1	0
OK	-2	-1	0
OK	3/7	6/7	0
OK	1	2	0
ERR	ZERO_DIVISION	0
OK	-6	-3	0
OK	-1	-1/2	0
OK	false	0
OK	false	0
OK	false	0
OK	false	0
OK	false	0
OK	false	0
OK	false	0
OK	-2381976568446569244243622252022377480195/1020847100762815390390123822295304634368	-340282366920938463463374607431768211453/1020847100762815390390123822295304634368	0
OK	340282366920938463463374607431768211453/1020847100762815390390123822295304634368	2381976568446569244243622252022377480195/1020847100762815390390123822295304634368	0
OK	-7/1020847100762815390390123822295304634368	7/1020847100762815390390123822295304634368	0
OK	false	0
OK	-1701411834604692317316873037158841057283/1020847100762815390390123822295304634368	680564733841876926926749214863536422915/1020847100762815390390123822295304634368	0
OK	-680564733841876926926749214863536422915/1020847100762815390390123822295304634368	1701411834604692317316873037158841057283/1020847100762815390390123822295304634368	0
OK	-5/1020847100762815390390123822295304634368	5/1020847100762815390390123822295304634368	0
OK	true	0
OK	-340282366920938463463374607431768211463/2381976568446569244243622252022377480192	340282366920938463463374607431768211467/3743106036130323098097120681749450326016	0
OK	-340282366920938463463374607431768211467/3743106036130323098097120681749450326016	340282366920938463463374607431768211463/2381976568446569244243622252022377480192	0
OK	-1/2381976568446569244243622252022377480192	1/2381976568446569244243622252022377480192	0
OK	true	0
OK	-1/340282366920938463463374607431768211456	1/340282366920938463463374607431768211456	0
OK	-1/340282366920938463463374607431768211456	1/340282366920938463463374607431768211456	0
OK	0	0	0
OK	true	0
OK	340282366920938463463374607431768211453/1020847100762815390390123822295304634368	340282366920938463463374607431768211459/1020847100762815390390123822295304634368	0
OK	-340282366920938463463374607431768211459/1020847100762815390390123822295304634368	-340282366920938463463374607431768211453/1020847100762815390390123822295304634368	0
OK	-1/1020847100762815390390123822295304634368	1/1020847100762815390390123822295304634368	0
OK	false	0
OK	340282366920938463463374607431768211453/1020847100762815390390123822295304634368	680564733841876926926749214863536422915/1020847100762815390390123822295304634368	0
OK	-680564733841876926926749214863536422915/1020847100762815390390123822295304634368	-340282366920938463463374607431768211453/1020847100762815390390123822295304634368	0
OK	-1/510423550381407695195061911147652317184	1/510423550381407695195061911147652317184	0
OK	false	0
OK	340282366920938463463374607431768211455/340282366920938463463374607431768211456	680564733841876926926749214863536422913/340282366920938463463374607431768211456	0
OK	-680564733841876926926749214863536422913/340282366920938463463374607431768211456	-340282366920938463463374607431768211455/340282366920938463463374607431768211456	0
OK	-1/170141183460469231731687303715884105728	1/170141183460469231731687303715884105728	0
OK	false	0
OK	680564733841876926926749214863536422911/340282366920938463463374607431768211456	1020847100762815390390123822295304634369/340282366920938463463374607431768211456	0
OK	-1020847100762815390390123822295304634369/340282366920938463463374607431768211456	-680564733841876926926749214863536422911/340282366920938463463374607431768211456	0
OK	-3/340282366920938463463374607431768211456	3/340282366920938463463374607431768211456	0
OK	false	0
OK	-340282366920938463463374607431768211457/340282366920938463463374607431768211456	-340282366920938463463374607431768211455/340282366920938463463374607431768211456	0
OK	340282366920938463463374607431768211455/340282366920938463463374607431768211456	340282366920938463463374607431768211457/340282366920938463463374607431768211456	0
OK	-1/340282366920938463463374607431768211456	1/340282366920938463463374607431768211456	0
OK	false	0
OK	-1/340282366920938463463374607431768211456	340282366920938463463374607431768211457/340282366920938463463374607431768211456	0
OK	-340282366920938463463374607431768211457/340282366920938463463374607431768211456	1/340282366920938463463374607431768211456	0
OK	-1/340282366920938463463374607431768211456	1/340282366920938463463374607431768211456	0
OK	true	0
OK	-680564733841876926926749214863536422913/340282366920938463463374607431768211456	-340282366920938463463374607431768211455/340282366920938463463374607431768211456	0
OK	340282366920938463463374607431768211455/340282366920938463463374607431768211456	680564733841876926926749214863536422913/340282366920938463463374607431768211456	0
OK	-1/170141183460469231731687303715884105728	1/170141183460469231731687303715884105728	0
OK	false	0
OK	-1/170141183460469231731687303715884105728	1/170141183460469231731687303715884105728	0
OK	-1/170141183460469231731687303715884105728	1/170141183460469231731687303715884105728	0
OK	-1/115792089237316195423570985008687907853269984665640564039457584007913129639936	1/115792089237316195423570985008687907853269984665640564039457584007913129639936	0
OK	true	0
OK	-1/340282366920938463463374607431768211456	1/340282366920938463463374607431768211456	0
OK	-1/340282366920938463463374607431768211456	1/340282366920938463463374607431768211456	0
OK	0	1/340282366920938463463374607431768211456	0
OK	-1	1	0
OK	-1/2	1/2	0
OK	-1/4	1/4	0
OK	-1/256	1/256	0
OK	-1/18446744073709551616	1/18446744073709551616	0
OK	-1/340282366920938463463374607431768211456	1/340282366920938463463374607431768211456	0
OK	-1/340282366920938463463374607431768211456	1/340282366920938463463374607431768211456	0
OK	-3/2381976568446569244243622252022377480192	3/2381976568446569244243622252022377480192	0
OK	-1/340282366920938463463374607431768211456	1/340282366920938463463374607431768211456	0
ERR	ZERO_DIVISION	0
OK	-3/340282366920938463463374607431768211456	3/340282366920938463463374607431768211456	0
OK	-1/680564733841876926926749214863536422912	1/680564733841876926926749214863536422912	0
OK	false	0
OK	false	0
OK	true	0
OK	false	0
OK	false	0
OK	false	0
OK	false	0
OK	-21521201419327810219/4611686018427387904	-6148914691236517205/9223372036854775808	0
OK	-36893488147419103233/18446744073709551616	36893488147419103233/18446744073709551616	0
OK	2049638230412172401/18446744073709551616	100432273290196447691/18446744073709551616	0
OK	2635249153387078801/18446744073709551616	32281802128991715331/4611686018427387904	0
OK	-21521201419327810219/9223372036854775808	-6148914691236517205/18446744073709551616	0
OK	-73786976294838206465/18446744073709551616	3074457345618258603/9223372036854775808	0
OK	-55340232221128654849/18446744073709551616	12297829382473034411/9223372036854775808	0
OK	-28694935225770413627/18446744073709551616	71737338064426034065/18446744073709551616	0
ERR	DENOMINATOR	0
OK	-30744573456182586027/18446744073709551616	-6148914691236517205/18446744073709551616	0
OK	-45677651992042699241/18446744073709551616	-4471937957262921603/18446744073709551616	0
OK	-5589922446578652005/2305843009213693952	-1756832768924719201/9223372036854775808	0
OK	-3912945712605056405/18446744073709551616	768614336404564651/2305843009213693952	0
ERR	DENOMINATOR	0
ERR	EMPTY_INTERVAL	0
OK	-21521201419327810219/9223372036854775808	-6148914691236517205/18446744073709551616	0
OK	-21521201419327810219/9223372036854775808	-6148914691236517205/18446744073709551616	0
OK	0	0	0
ERR	DENOMINATOR	0
ERR	EMPTY_INTERVAL	0
OK	-36893488147419103233/18446744073709551616	1/18446744073709551616	0
OK	-12297829382473034411/4611686018427387904	-6148914691236517205/9223372036854775808	0
OK	-14347467612885206815/18446744073709551616	-2049638230412172401/18446744073709551616	0
OK	-32281802128991715331/4611686018427387904	-18446744073709551613/18446744073709551616	0
ERR	EMPTY_INTERVAL	0
OK	-36893488147419103233/18446744073709551616	3074457345618258603/9223372036854775808	0
OK	-55340232221128654849/18446744073709551616	-6148914691236517205/9223372036854775808	0
OK	-28694935225770413627/18446744073709551616	-2049638230412172401/18446744073709551616	0
OK	-32281802128991715331/4611686018427387904	-9223372036854775807/18446744073709551616	0
ERR	EMPTY_INTERVAL	0
OK	-12297829382473034411/9223372036854775808	30744573456182586027/18446744073709551616	0
OK	-39967945493037361835/9223372036854775808	-24595658764946068821/18446744073709551616	0
OK	-21521201419327810219/4611686018427387904	-6148914691236517205/18446744073709551616	0
OK	-21521201419327810219/9223372036854775808	-1537228672809129301/9223372036854775808	0
ERR	EMPTY_INTERVAL	0
OK	-3074457345618258603/9223372036854775808	49191317529892137643/18446744073709551616	0
OK	-49191317529892137643/9223372036854775808	-43042402838655620437/18446744073709551616	0
OK	-64563604257983430657/9223372036854775808	-6148914691236517205/9223372036854775808	0
OK	-21521201419327810219/18446744073709551616	-2049638230412172401/18446744073709551616	0
ERR	EMPTY_INTERVAL	0
OK	-21521201419327810219/9223372036854775808	-6148914691236517205/18446744073709551616	0
OK	6148914691236517205/18446744073709551616	21521201419327810219/9223372036854775808	0
OK	21521201419327810219/9223372036854775808	0
ERR	ARITHMETIC_CONTEXT	0
OK	-21521201419327810219/4611686018427387904	-24595658764946068821/9223372036854775808	0
OK	-1/18446744073709551616	36893488147419103233/18446744073709551616	0
OK	14347467612885206811/18446744073709551616	100432273290196447691/18446744073709551616	0
OK	2635249153387078801/18446744073709551616	18446744073709551617/18446744073709551616	0
OK	-36893488147419103233/18446744073709551616	1/18446744073709551616	0
OK	18446744073709551613/18446744073709551616	32281802128991715331/4611686018427387904	0
OK	-21521201419327810219/9223372036854775808	-6148914691236517205/18446744073709551616	0
OK	-21521201419327810219/9223372036854775808	-6148914691236517205/18446744073709551616	0
OK	0	0	0
ERR	DENOMINATOR	0
OK	6148914691236517205/18446744073709551616	21521201419327810219/9223372036854775808	0
OK	0	0	0
OK	-36893488147419103233/18446744073709551616	1/18446744073709551616	0
OK	-12297829382473034411/4611686018427387904	-6148914691236517205/9223372036854775808	0
OK	-14347467612885206815/18446744073709551616	-2049638230412172401/18446744073709551616	0
OK	-32281802128991715331/4611686018427387904	-18446744073709551613/18446744073709551616	0
OK	6148914691236517205/9223372036854775808	12297829382473034411/4611686018427387904	0
OK	-4611686018427387905/4611686018427387904	-2635249153387078801/18446744073709551616	0
OK	-3074457345618258603/9223372036854775808	30744573456182586027/18446744073709551616	0
OK	-39967945493037361835/9223372036854775808	-43042402838655620437/18446744073709551616	0
OK	-21521201419327810219/4611686018427387904	-6148914691236517205/9223372036854775808	0
OK	-21521201419327810219/18446744073709551616	-1537228672809129301/9223372036854775808	0
OK	43042402838655620437/18446744073709551616	39967945493037361835/9223372036854775808	0
OK	-13835058055282163713/2305843009213693952	-3952873730080618203/4611686018427387904	0
OK	-73786976294838206465/18446744073709551616	3074457345618258603/9223372036854775808	0
OK	-12297829382473034411/9223372036854775808	55340232221128654849/18446744073709551616	0
OK	-28694935225770413627/18446744073709551616	71737338064426034065/18446744073709551616	0
OK	-9223372036854775809/4611686018427387904	11529215046068469761/2305843009213693952	0
OK	-30744573456182586027/18446744073709551616	-6148914691236517205/18446744073709551616	0
OK	-30744573456182586027/9223372036854775808	12297829382473034411/9223372036854775808	0
OK	-21521201419327810219/9223372036854775808	21521201419327810219/9223372036854775808	0
OK	-20496382304121724019/18446744073709551616	25620477880152155023/9223372036854775808	0
ERR	DENOMINATOR	0
OK	-30744573456182586027/18446744073709551616	12297829382473034411/18446744073709551616	0
OK	-16689911304784832415/9223372036854775808	13974806116446630013/18446744073709551616	0
OK	-32421550190156181629/18446744073709551616	7466539267930056607/9223372036854775808	0
OK	-698740305822331501/4611686018427387904	2196040961155899003/9223372036854775808	0
ERR	DENOMINATOR	0
OK	-2635249153387078803/18446744073709551616	838488366986797801/9223372036854775808	0
OK	-30744573456182586027/18446744073709551616	12297829382473034411/18446744073709551616	0
OK	-30744573456182586027/18446744073709551616	12297829382473034411/18446744073709551616	0
OK	0	0	0
ERR	DENOMINATOR	0
OK	0	0	0
OK	-12297829382473034411/9223372036854775808	18446744073709551617/18446744073709551616	0
OK	-36893488147419103233/18446744073709551616	3074457345618258603/9223372036854775808	0
OK	-10248191152060862011/18446744073709551616	4099276460824344805/18446744073709551616	0
OK	-11529215046068469761/2305843009213693952	9223372036854775809/4611686018427387904	0
OK	6148914691236517205/18446744073709551616	3074457345618258603/9223372036854775808	0
OK	-12297829382473034411/9223372036854775808	12297829382473034411/9223372036854775808	0
OK	-21521201419327810219/9223372036854775808	3074457345618258603/9223372036854775808	0
OK	-20496382304121724019/18446744073709551616	1024819115206086201/2305843009213693952	0
OK	-11529215046068469761/2305843009213693952	9223372036854775809/4611686018427387904	0
OK	6148914691236517205/18446744073709551616	12297829382473034411/18446744073709551616	0
OK	-12297829382473034411/18446744073709551616	49191317529892137643/18446744073709551616	0
OK	-67638061603601689259/18446744073709551616	-6148914691236517205/18446744073709551616	0
OK	-30744573456182586027/9223372036854775808	12297829382473034411/9223372036854775808	0
OK	-30744573456182586027/18446744073709551616	12297829382473034411/18446744073709551616	0
ERR	EMPTY_INTERVAL	0
OK	6148914691236517205/18446744073709551616	67638061603601689259/18446744073709551616	0
OK	-86084805677311240875/18446744073709551616	-24595658764946068821/18446744073709551616	0
OK	-92233720368547758081/18446744073709551616	36893488147419103233/18446744073709551616	0
OK	-7686143364045646507/9223372036854775808	3074457345618258603/9223372036854775808	0
ERR	EMPTY_INTERVAL	0
OK	-30744573456182586027/18446744073709551616	12297829382473034411/18446744073709551616	0
OK	-12297829382473034411/18446744073709551616	30744573456182586027/18446744073709551616	0
OK	30744573456182586027/18446744073709551616	0
ERR	ARITHMETIC_CONTEXT	0
OK	-73786976294838206465/18446744073709551616	-15372286728091293013/9223372036854775808	0
OK	6148914691236517205/9223372036854775808	55340232221128654849/18446744073709551616	0
OK	-28694935225770413627/18446744073709551616	71737338064426034065/18446744073709551616	0
OK	-5270498306774157605/18446744073709551616	3294061441733848503/4611686018427387904	0
OK	-55340232221128654849/18446744073709551616	-6148914691236517205/9223372036854775808	0
ERR	DENOMINATOR	0
OK	-30744573456182586027/18446744073709551616	12297829382473034411/18446744073709551616	0
OK	-30744573456182586027/18446744073709551616	12297829382473034411/18446744073709551616	0
OK	0	0	0
ERR	DENOMINATOR	0
OK	-12297829382473034411/18446744073709551616	30744573456182586027/18446744073709551616	0
ERR	DENOMINATOR	0
OK	-12297829382473034411/9223372036854775808	18446744073709551617/18446744073709551616	0
OK	-36893488147419103233/18446744073709551616	3074457345618258603/9223372036854775808	0
OK	-10248191152060862011/18446744073709551616	4099276460824344805/18446744073709551616	0
OK	-11529215046068469761/2305843009213693952	9223372036854775809/4611686018427387904	0
OK	-3074457345618258603/9223372036854775808	36893488147419103233/18446744073709551616	0
ERR	DENOMINATOR	0
OK	6148914691236517205/18446744073709551616	49191317529892137643/18446744073709551616	0
OK	-67638061603601689259/18446744073709551616	-24595658764946068821/18446744073709551616	0
OK	-30744573456182586027/9223372036854775808	12297829382473034411/9223372036854775808	0
OK	-7686143364045646507/9223372036854775808	3074457345618258603/9223372036854775808	0
OK	24595658764946068821/18446744073709551616	67638061603601689259/18446744073709551616	0
ERR	DENOMINATOR	0
OK	-45677651992042699241/18446744073709551616	-4471937957262921603/18446744073709551616	0
OK	1756832768924719201/9223372036854775808	5589922446578652005/2305843009213693952	0
OK	-3912945712605056405/18446744073709551616	768614336404564651/2305843009213693952	0
OK	-5030930201920786807/18446744073709551616	3952873730080618205/9223372036854775808	0
ERR	EMPTY_INTERVAL	0
OK	-16689911304784832415/9223372036854775808	13974806116446630013/18446744073709551616	0
OK	-7466539267930056607/9223372036854775808	32421550190156181629/18446744073709551616	0
OK	-698740305822331501/4611686018427387904	2196040961155899003/9223372036854775808	0
ERR	DENOMINATOR	0
OK	-2635249153387078803/18446744073709551616	838488366986797801/9223372036854775808	0
OK	-2635249153387078803/9223372036854775808	838488366986797801/4611686018427387904	0
OK	-4312225887360674405/18446744073709551616	4312225887360674405/18446744073709551616	0
OK	-239568104853370801/18446744073709551616	376464164769582687/18446744073709551616	0
ERR	DENOMINATOR	0
OK	-2635249153387078803/18446744073709551616	838488366986797801/9223372036854775808	0
OK	-2635249153387078803/18446744073709551616	838488366986797801/9223372036854775808	0
OK	-2635249153387078803/18446744073709551616	838488366986797801/9223372036854775808	0
OK	0	0	0
ERR	DENOMINATOR	0
OK	0	0	0
OK	1756832768924719201/9223372036854775808	978236428151264101/2305843009213693952	0
OK	-8784163844623596009/18446744073709551616	-4471937957262921603/18446744073709551616	0
OK	-439208192231179801/9223372036854775808	558992244657865201/18446744073709551616	0
OK	-3952873730080618205/9223372036854775808	5030930201920786807/18446744073709551616	0
ERR	EMPTY_INTERVAL	0
OK	1756832768924719201/9223372036854775808	13974806116446630013/18446744073709551616	0
OK	-7466539267930056607/9223372036854775808	-4471937957262921603/18446744073709551616	0
OK	-1756832768924719203/18446744073709551616	558992244657865201/9223372036854775808	0
OK	-3952873730080618205/9223372036854775808	5030930201920786807/18446744073709551616	0
ERR	EMPTY_INTERVAL	0
OK	15811494920322472813/18446744073709551616	19285232440696349417/9223372036854775808	0
OK	-39528737300806182035/18446744073709551616	-8384883669867978007/9223372036854775808	0
OK	-2635249153387078803/9223372036854775808	838488366986797801/4611686018427387904	0
OK	-2635249153387078803/18446744073709551616	838488366986797801/9223372036854775808	0
ERR	EMPTY_INTERVAL	0
OK	34258238994032024429/18446744073709551616	28508604477551125225/9223372036854775808	0
OK	-57975481374515733651/18446744073709551616	-17608255706722753815/9223372036854775808	0
OK	-7905747460161236409/18446744073709551616	2515465100960393403/9223372036854775808	0
OK	-658812288346769701/9223372036854775808	838488366986797801/18446744073709551616	0
ERR	EMPTY_INTERVAL	0
OK	-2635249153387078803/18446744073709551616	838488366986797801/9223372036854775808	0
OK	-838488366986797801/9223372036854775808	2635249153387078803/18446744073709551616	0
OK	2635249153387078803/18446744073709551616	0
ERR	ARITHMETIC_CONTEXT	0
OK	-45677651992042699241/18446744073709551616	-41365426104682024835/18446744073709551616	0
OK	20203576842634270817/9223372036854775808	5589922446578652005/2305843009213693952	0
OK	-3912945712605056405/18446744073709551616	768614336404564651/2305843009213693952	0
OK	-718704314560112401/18446744073709551616	1129392494308748059/18446744073709551616	0
OK	-5589922446578652005/2305843009213693952	-20203576842634270817/9223372036854775808	0
ERR	DENOMINATOR	0
OK	-2635249153387078803/18446744073709551616	838488366986797801/9223372036854775808	0
OK	-2635249153387078803/18446744073709551616	838488366986797801/9223372036854775808	0
OK	0	0	0
ERR	DENOMINATOR	0
OK	-838488366986797801/9223372036854775808	2635249153387078803/18446744073709551616	0
ERR	DENOMINATOR	0
OK	1756832768924719201/9223372036854775808	978236428151264101/2305843009213693952	0
OK	-8784163844623596009/18446744073709551616	-4471937957262921603/18446744073709551616	0
OK	-439208192231179801/9223372036854775808	558992244657865201/18446744073709551616	0
OK	-3952873730080618205/9223372036854775808	5030930201920786807/18446744073709551616	0
OK	4471937957262921603/18446744073709551616	8784163844623596009/18446744073709551616	0
ERR	DENOMINATOR	0
OK	34258238994032024429/18446744073709551616	19285232440696349417/9223372036854775808	0
OK	-39528737300806182035/18446744073709551616	-17608255706722753815/9223372036854775808	0
OK	-2635249153387078803/9223372036854775808	838488366986797801/4611686018427387904	0
OK	-658812288346769701/9223372036854775808	838488366986797801/18446744073709551616	0
OK	17608255706722753815/9223372036854775808	39528737300806182035/18446744073709551616	0
ERR	DENOMINATOR	0
OK	-21521201419327810219/9223372036854775808	-6148914691236517205/18446744073709551616	0
OK	6148914691236517205/18446744073709551616	21521201419327810219/9223372036854775808	0
OK	0	0	0
OK	0	0	0
ERR	EMPTY_INTERVAL	0
OK	-30744573456182586027/18446744073709551616	12297829382473034411/18446744073709551616	0
OK	-12297829382473034411/18446744073709551616	30744573456182586027/18446744073709551616	0
OK	0	0	0
ERR	DENOMINATOR	0
OK	0	0	0
OK	-2635249153387078803/18446744073709551616	838488366986797801/9223372036854775808	0
OK	-838488366986797801/9223372036854775808	2635249153387078803/18446744073709551616	0
OK	0	0	0
ERR	DENOMINATOR	0
OK	0	0	0
OK	0	0	0
OK	0	0	0
OK	0	0	0
ERR	DENOMINATOR	0
OK	0	0	0
OK	6148914691236517205/18446744073709551616	3074457345618258603/9223372036854775808	0
OK	-3074457345618258603/9223372036854775808	-6148914691236517205/18446744073709551616	0
OK	0	0	0
OK	0	0	0
ERR	EMPTY_INTERVAL	0
OK	6148914691236517205/18446744073709551616	12297829382473034411/18446744073709551616	0
OK	-12297829382473034411/18446744073709551616	-6148914691236517205/18446744073709551616	0
OK	0	0	0
OK	0	0	0
ERR	EMPTY_INTERVAL	0
OK	1	2	0
OK	-2	-1	0
OK	0	0	0
OK	0	0	0
ERR	EMPTY_INTERVAL	0
OK	2	3	0
OK	-3	-2	0
OK	0	0	0
OK	0	0	0
ERR	EMPTY_INTERVAL	0
OK	0	0	0
OK	0	0	0
OK	0	0
ERR	ARITHMETIC_CONTEXT	0
OK	-21521201419327810219/9223372036854775808	-43042402838655620437/18446744073709551616	0
OK	43042402838655620437/18446744073709551616	21521201419327810219/9223372036854775808	0
OK	0	0	0
OK	0	0	0
OK	-21521201419327810219/9223372036854775808	-43042402838655620437/18446744073709551616	0
ERR	DENOMINATOR	0
OK	0	0	0
OK	0	0	0
OK	0	0	0
ERR	DENOMINATOR	0
OK	0	0	0
ERR	DENOMINATOR	0
OK	6148914691236517205/18446744073709551616	3074457345618258603/9223372036854775808	0
OK	-3074457345618258603/9223372036854775808	-6148914691236517205/18446744073709551616	0
OK	0	0	0
OK	0	0	0
OK	6148914691236517205/18446744073709551616	3074457345618258603/9223372036854775808	0
ERR	DENOMINATOR	0
OK	2	2	0
OK	-2	-2	0
OK	0	0	0
OK	0	0	0
OK	2	2	0
ERR	DENOMINATOR	0
OK	-36893488147419103233/18446744073709551616	1/18446744073709551616	0
OK	6148914691236517205/9223372036854775808	12297829382473034411/4611686018427387904	0
OK	-14347467612885206815/18446744073709551616	-2049638230412172401/18446744073709551616	0
OK	-4611686018427387905/4611686018427387904	-2635249153387078801/18446744073709551616	0
ERR	EMPTY_INTERVAL	0
OK	-12297829382473034411/9223372036854775808	18446744073709551617/18446744073709551616	0
OK	-3074457345618258603/9223372036854775808	36893488147419103233/18446744073709551616	0
OK	-10248191152060862011/18446744073709551616	4099276460824344805/18446744073709551616	0
ERR	DENOMINATOR	0
OK	6148914691236517205/18446744073709551616	3074457345618258603/9223372036854775808	0
OK	1756832768924719201/9223372036854775808	978236428151264101/2305843009213693952	0
OK	4471937957262921603/18446744073709551616	8784163844623596009/18446744073709551616	0
OK	-439208192231179801/9223372036854775808	558992244657865201/18446744073709551616	0
ERR	DENOMINATOR	0
ERR	EMPTY_INTERVAL	0
OK	6148914691236517205/18446744073709551616	3074457345618258603/9223372036854775808	0
OK	6148914691236517205/18446744073709551616	3074457345618258603/9223372036854775808	0
OK	0	0	0
ERR	DENOMINATOR	0
ERR	EMPTY_INTERVAL	0
OK	6148914691236517205/9223372036854775808	3074457345618258603/4611686018427387904	0
OK	-1/18446744073709551616	1/18446744073709551616	0
OK	2049638230412172401/18446744073709551616	2049638230412172403/18446744073709551616	0
OK	18446744073709551613/18446744073709551616	4611686018427387905/4611686018427387904	0
OK	6148914691236517205/18446744073709551616	3074457345618258603/9223372036854775808	0
OK	6148914691236517205/9223372036854775808	18446744073709551617/18446744073709551616	0
OK	-3074457345618258603/9223372036854775808	1/18446744073709551616	0
OK	2049638230412172401/18446744073709551616	4099276460824344805/18446744073709551616	0
OK	9223372036854775807/18446744073709551616	4611686018427387905/4611686018427387904	0
OK	6148914691236517205/18446744073709551616	3074457345618258603/9223372036854775808	0
OK	24595658764946068821/18446744073709551616	21521201419327810219/9223372036854775808	0
OK	-30744573456182586027/18446744073709551616	-6148914691236517205/9223372036854775808	0
OK	6148914691236517205/18446744073709551616	3074457345618258603/4611686018427387904	0
OK	1537228672809129301/9223372036854775808	3074457345618258603/9223372036854775808	0
ERR	EMPTY_INTERVAL	0
OK	43042402838655620437/18446744073709551616	30744573456182586027/9223372036854775808	0
OK	-49191317529892137643/18446744073709551616	-15372286728091293013/9223372036854775808	0
OK	6148914691236517205/9223372036854775808	9223372036854775809/9223372036854775808	0
OK	2049638230412172401/18446744073709551616	3074457345618258603/18446744073709551616	0
ERR	EMPTY_INTERVAL	0
OK	6148914691236517205/18446744073709551616	3074457345618258603/9223372036854775808	0
OK	-3074457345618258603/9223372036854775808	-6148914691236517205/18446744073709551616	0
OK	3074457345618258603/9223372036854775808	0
ERR	ARITHMETIC_CONTEXT	0
OK	-36893488147419103233/18446744073709551616	-36893488147419103231/18446744073709551616	0
OK	24595658764946068821/9223372036854775808	12297829382473034411/4611686018427387904	0
OK	-14347467612885206815/18446744073709551616	-14347467612885206811/18446744073709551616	0
OK	-2635249153387078803/18446744073709551616	-2635249153387078801/18446744073709551616	0
OK	-12297829382473034411/4611686018427387904	-24595658764946068821/9223372036854775808	0
OK	-32281802128991715331/4611686018427387904	-129127208515966861297/18446744073709551616	0
OK	6148914691236517205/18446744073709551616	3074457345618258603/9223372036854775808	0
OK	6148914691236517205/18446744073709551616	3074457345618258603/9223372036854775808	0
OK	0	0	0
ERR	DENOMINATOR	0
OK	-3074457345618258603/9223372036854775808	-6148914691236517205/18446744073709551616	0
OK	0	0	0
OK	6148914691236517205/9223372036854775808	3074457345618258603/4611686018427387904	0
OK	-1/18446744073709551616	1/18446744073709551616	0
OK	2049638230412172401/18446744073709551616	2049638230412172403/18446744073709551616	0
OK	18446744073709551613/18446744073709551616	4611686018427387905/4611686018427387904	0
OK	-1/18446744073709551616	1/18446744073709551616	0
OK	18446744073709551613/18446744073709551616	4611686018427387905/4611686018427387904	0
OK	43042402838655620437/18446744073709551616	21521201419327810219/9223372036854775808	0
OK	-30744573456182586027/18446744073709551616	-15372286728091293013/9223372036854775808	0
OK	6148914691236517205/9223372036854775808	3074457345618258603/4611686018427387904	0
OK	1537228672809129301/9223372036854775808	3074457345618258603/18446744073709551616	0
OK	15372286728091293013/9223372036854775808	30744573456182586027/18446744073709551616	0
OK	27670116110564327421/4611686018427387904	13835058055282163713/2305843009213693952	0
OK	-36893488147419103233/18446744073709551616	3074457345618258603/9223372036854775808	0
OK	6148914691236517205/9223372036854775808	55340232221128654849/18446744073709551616	0
OK	-28694935225770413627/18446744073709551616	-2049638230412172401/18446744073709551616	0
OK	-9223372036854775809/4611686018427387904	-2635249153387078801/18446744073709551616	0
ERR	EMPTY_INTERVAL	0
OK	-12297829382473034411/9223372036854775808	12297829382473034411/9223372036854775808	0
OK	-3074457345618258603/9223372036854775808	21521201419327810219/9223372036854775808	0
OK	-20496382304121724019/18446744073709551616	1024819115206086201/2305843009213693952	0
ERR	DENOMINATOR	0
OK	6148914691236517205/18446744073709551616	12297829382473034411/18446744073709551616	0
OK	1756832768924719201/9223372036854775808	13974806116446630013/18446744073709551616	0
OK	4471937957262921603/18446744073709551616	7466539267930056607/9223372036854775808	0
OK	-1756832768924719203/18446744073709551616	558992244657865201/9223372036854775808	0
ERR	DENOMINATOR	0
ERR	EMPTY_INTERVAL	0
OK	6148914691236517205/18446744073709551616	12297829382473034411/18446744073709551616	0
OK	6148914691236517205/18446744073709551616	12297829382473034411/18446744073709551616	0
OK	0	0	0
ERR	DENOMINATOR	0
ERR	EMPTY_INTERVAL	0
OK	6148914691236517205/9223372036854775808	18446744073709551617/18446744073709551616	0
OK	-1/18446744073709551616	3074457345618258603/9223372036854775808	0
OK	2049638230412172401/18446744073709551616	4099276460824344805/18446744073709551616	0
OK	18446744073709551613/18446744073709551616	9223372036854775809/4611686018427387904	0
OK	6148914691236517205/18446744073709551616	3074457345618258603/9223372036854775808	0
OK	6148914691236517205/9223372036854775808	12297829382473034411/9223372036854775808	0
OK	-3074457345618258603/9223372036854775808	3074457345618258603/9223372036854775808	0
OK	2049638230412172401/18446744073709551616	1024819115206086201/2305843009213693952	0
OK	9223372036854775807/18446744073709551616	9223372036854775809/4611686018427387904	0
OK	6148914691236517205/18446744073709551616	12297829382473034411/18446744073709551616	0
OK	24595658764946068821/18446744073709551616	49191317529892137643/18446744073709551616	0
OK	-30744573456182586027/18446744073709551616	-6148914691236517205/18446744073709551616	0
OK	6148914691236517205/18446744073709551616	12297829382473034411/9223372036854775808	0
OK	1537228672809129301/9223372036854775808	12297829382473034411/18446744073709551616	0
ERR	EMPTY_INTERVAL	0
OK	43042402838655620437/18446744073709551616	67638061603601689259/18446744073709551616	0
OK	-49191317529892137643/18446744073709551616	-24595658764946068821/18446744073709551616	0
OK	6148914691236517205/9223372036854775808	36893488147419103233/18446744073709551616	0
OK	2049638230412172401/18446744073709551616	3074457345618258603/9223372036854775808	0
ERR	EMPTY_INTERVAL	0
OK	6148914691236517205/18446744073709551616	12297829382473034411/18446744073709551616	0
OK	-12297829382473034411/18446744073709551616	-6148914691236517205/18446744073709551616	0
OK	12297829382473034411/18446744073709551616	0
ERR	ARITHMETIC_CONTEXT	0
OK	-36893488147419103233/18446744073709551616	-15372286728091293013/9223372036854775808	0
OK	24595658764946068821/9223372036854775808	55340232221128654849/18446744073709551616	0
OK	-28694935225770413627/18446744073709551616	-14347467612885206811/18446744073709551616	0
OK	-5270498306774157605/18446744073709551616	-2635249153387078801/18446744073709551616	0
OK	-55340232221128654849/18446744073709551616	-24595658764946068821/9223372036854775808	0
OK	-32281802128991715331/4611686018427387904	-64563604257983430653/18446744073709551616	0
OK	6148914691236517205/18446744073709551616	12297829382473034411/18446744073709551616	0
OK	6148914691236517205/18446744073709551616	12297829382473034411/18446744073709551616	0
OK	0	0	0
ERR	DENOMINATOR	0
OK	-12297829382473034411/18446744073709551616	-6148914691236517205/18446744073709551616	0
OK	0	0	0
OK	6148914691236517205/9223372036854775808	18446744073709551617/18446744073709551616	0
OK	-1/18446744073709551616	3074457345618258603/9223372036854775808	0
OK	2049638230412172401/18446744073709551616	4099276460824344805/18446744073709551616	0
OK	18446744073709551613/18446744073709551616	9223372036854775809/4611686018427387904	0
OK	-3074457345618258603/9223372036854775808	1/18446744073709551616	0
OK	9223372036854775807/18446744073709551616	4611686018427387905/4611686018427387904	0
OK	43042402838655620437/18446744073709551616	49191317529892137643/18446744073709551616	0
OK	-30744573456182586027/18446744073709551616	-24595658764946068821/18446744073709551616	0
OK	6148914691236517205/9223372036854775808	12297829382473034411/9223372036854775808	0
OK	1537228672809129301/9223372036854775808	3074457345618258603/9223372036854775808	0
OK	24595658764946068821/18446744073709551616	30744573456182586027/18446744073709551616	0
OK	27670116110564327423/9223372036854775808	13835058055282163713/2305843009213693952	0
OK	-12297829382473034411/9223372036854775808	30744573456182586027/18446744073709551616	0
OK	24595658764946068821/18446744073709551616	39967945493037361835/9223372036854775808	0
OK	-21521201419327810219/4611686018427387904	-6148914691236517205/18446744073709551616	0
OK	-13835058055282163713/2305843009213693952	-3952873730080618203/9223372036854775808	0
ERR	EMPTY_INTERVAL	0
OK	-12297829382473034411/18446744073709551616	49191317529892137643/18446744073709551616	0
OK	6148914691236517205/18446744073709551616	67638061603601689259/18446744073709551616	0
OK	-30744573456182586027/9223372036854775808	12297829382473034411/9223372036854775808	0
ERR	DENOMINATOR	0
ERR	EMPTY_INTERVAL	0
OK	15811494920322472813/18446744073709551616	19285232440696349417/9223372036854775808	0
OK	8384883669867978007/9223372036854775808	39528737300806182035/18446744073709551616	0
OK	-2635249153387078803/9223372036854775808	838488366986797801/4611686018427387904	0
ERR	DENOMINATOR	0
ERR	EMPTY_INTERVAL	0
OK	1	2	0
OK	1	2	0
OK	0	0	0
ERR	DENOMINATOR	0
ERR	EMPTY_INTERVAL	0
OK	24595658764946068821/18446744073709551616	21521201419327810219/9223372036854775808	0
OK	6148914691236517205/9223372036854775808	30744573456182586027/18446744073709551616	0
OK	6148914691236517205/18446744073709551616	3074457345618258603/4611686018427387904	0
OK	27670116110564327421/9223372036854775808	13835058055282163713/2305843009213693952	0
ERR	EMPTY_INTERVAL	0
OK	24595658764946068821/18446744073709551616	49191317529892137643/18446744073709551616	0
OK	6148914691236517205/18446744073709551616	30744573456182586027/18446744073709551616	0
OK	6148914691236517205/18446744073709551616	12297829382473034411/9223372036854775808	0
OK	27670116110564327423/18446744073709551616	13835058055282163713/2305843009213693952	0
ERR	EMPTY_INTERVAL	0
OK	2	4	0
OK	-1	1	0
OK	1	4	0
OK	1/2	2	0
OK	1	2	0
OK	3	5	0
OK	-2	0	0
OK	2	6	0
OK	6148914691236517205/18446744073709551616	1	0
OK	2	2	0
OK	1	2	0
OK	-2	-1	0
OK	2	0
ERR	ARITHMETIC_CONTEXT	0
OK	-12297829382473034411/9223372036854775808	-6148914691236517205/18446744073709551616	0
OK	61489146912365172053/18446744073709551616	39967945493037361835/9223372036854775808	0
OK	-21521201419327810219/4611686018427387904	-43042402838655620437/18446744073709551616	0
OK	-7905747460161236407/9223372036854775808	-3952873730080618203/9223372036854775808	0
OK	-39967945493037361835/9223372036854775808	-61489146912365172053/18446744073709551616	0
OK	-21521201419327810219/9223372036854775808	-10760600709663905109/9223372036854775808	0
OK	1	2	0
OK	1	2	0
OK	0	0	0
ERR	DENOMINATOR	0
OK	-2	-1	0
OK	0	0	0
OK	24595658764946068821/18446744073709551616	21521201419327810219/9223372036854775808	0
OK	6148914691236517205/9223372036854775808	30744573456182586027/18446744073709551616	0
OK	6148914691236517205/18446744073709551616	3074457345618258603/4611686018427387904	0
OK	27670116110564327421/9223372036854775808	13835058055282163713/2305843009213693952	0
OK	-30744573456182586027/18446744073709551616	-6148914691236517205/9223372036854775808	0
OK	1537228672809129301/9223372036854775808	3074457345618258603/9223372036854775808	0
OK	3	4	0
OK	-1	0	0
OK	2	4	0
OK	1/2	1	0
OK	0	1	0
OK	1	2	0
OK	-3074457345618258603/9223372036854775808	49191317529892137643/18446744073709551616	0
OK	43042402838655620437/18446744073709551616	49191317529892137643/9223372036854775808	0
OK	-64563604257983430657/9223372036854775808	-6148914691236517205/9223372036854775808	0
OK	-41505174165846491139/4611686018427387904	-3952873730080618203/4611686018427387904	0
ERR	EMPTY_INTERVAL	0
OK	6148914691236517205/18446744073709551616	67638061603601689259/18446744073709551616	0
OK	24595658764946068821/18446744073709551616	86084805677311240875/18446744073709551616	0
OK	-92233720368547758081/18446744073709551616	36893488147419103233/18446744073709551616	0
ERR	DENOMINATOR	0
ERR	EMPTY_INTERVAL	0
OK	34258238994032024429/18446744073709551616	28508604477551125225/9223372036854775808	0
OK	17608255706722753815/9223372036854775808	57975481374515733651/18446744073709551616	0
OK	-7905747460161236409/18446744073709551616	2515465100960393403/9223372036854775808	0
ERR	DENOMINATOR	0
ERR	EMPTY_INTERVAL	0
OK	2	3	0
OK	2	3	0
OK	0	0	0
ERR	DENOMINATOR	0
ERR	EMPTY_INTERVAL	0
OK	43042402838655620437/18446744073709551616	30744573456182586027/9223372036854775808	0
OK	15372286728091293013/9223372036854775808	49191317529892137643/18446744073709551616	0
OK	6148914691236517205/9223372036854775808	9223372036854775809/9223372036854775808	0
OK	27670116110564327421/4611686018427387904	41505174165846491139/4611686018427387904	0
ERR	EMPTY_INTERVAL	0
OK	43042402838655620437/18446744073709551616	67638061603601689259/18446744073709551616	0
OK	24595658764946068821/18446744073709551616	49191317529892137643/18446744073709551616	0
OK	6148914691236517205/9223372036854775808	36893488147419103233/18446744073709551616	0
OK	27670116110564327423/9223372036854775808	41505174165846491139/4611686018427387904	0
ERR	EMPTY_INTERVAL	0
OK	3	5	0
OK	0	2	0
OK	2	6	0
OK	1	3	0
OK	2	2	0
OK	4	6	0
OK	-1	1	0
OK	4	9	0
OK	6148914691236517205/9223372036854775808	3/2	0
OK	2	3	0
OK	2	3	0
OK	-3	-2	0
OK	3	0
ERR	ARITHMETIC_CONTEXT	0
OK	-3074457345618258603/9223372036854775808	12297829382473034411/18446744073709551616	0
OK	79935890986074723669/18446744073709551616	49191317529892137643/9223372036854775808	0
OK	-64563604257983430657/9223372036854775808	-43042402838655620437/9223372036854775808	0
OK	-23717242380483709221/18446744073709551616	-3952873730080618203/4611686018427387904	0
OK	-49191317529892137643/9223372036854775808	-79935890986074723669/18446744073709551616	0
OK	-21521201419327810219/18446744073709551616	-14347467612885206811/18446744073709551616	0
OK	2	3	0
OK	2	3	0
OK	0	0	0
ERR	DENOMINATOR	0
OK	-3	-2	0
OK	0	0	0
OK	43042402838655620437/18446744073709551616	30744573456182586027/9223372036854775808	0
OK	15372286728091293013/9223372036854775808	49191317529892137643/18446744073709551616	0
OK	6148914691236517205/9223372036854775808	9223372036854775809/9223372036854775808	0
OK	27670116110564327421/4611686018427387904	41505174165846491139/4611686018427387904	0
OK	-49191317529892137643/18446744073709551616	-15372286728091293013/9223372036854775808	0
OK	2049638230412172401/18446744073709551616	3074457345618258603/18446744073709551616	0
OK	4	5	0
OK	0	1	0
OK	4	6	0
OK	1	3/2	0
OK	-1	0	0
OK	6148914691236517205/9223372036854775808	1	0
OK	-396996094741094874040603708670396246699/85070591730234615865843651857942052864	-113427455640312821154458202477256070485/170141183460469231731687303715884105728	0
OK	-680564733841876926926749214863536422913/340282366920938463463374607431768211456	680564733841876926926749214863536422913/340282366920938463463374607431768211456	0
ERR	ARITHMETIC_BITS	0
ERR	ARITHMETIC_BITS	0
OK	-396996094741094874040603708670396246699/170141183460469231731687303715884105728	-113427455640312821154458202477256070485/340282366920938463463374607431768211456	0
OK	-1361129467683753853853498429727072845825/340282366920938463463374607431768211456	56713727820156410577229101238628035243/170141183460469231731687303715884105728	0
OK	-1020847100762815390390123822295304634369/340282366920938463463374607431768211456	226854911280625642308916404954512140971/170141183460469231731687303715884105728	0
ERR	ARITHMETIC_BITS	0
ERR	DENOMINATOR	0
OK	-567137278201564105772291012386280352427/340282366920938463463374607431768211456	-113427455640312821154458202477256070485/340282366920938463463374607431768211456	0
OK	-842603956185180957147403789831045095035/340282366920938463463374607431768211456	-82492695011136597203242329074368051261/340282366920938463463374607431768211456	0
OK	-412463475055682986016211645371840256311/170141183460469231731687303715884105728	-4050980558582600755516364374187716803/21267647932558653966460912964485513216	0
OK	-72181108134744522552837037940072044857/340282366920938463463374607431768211456	113427455640312821154458202477256070487/340282366920938463463374607431768211456	0
ERR	DENOMINATOR	0
ERR	EMPTY_INTERVAL	0
OK	-396996094741094874040603708670396246699/170141183460469231731687303715884105728	-113427455640312821154458202477256070485/340282366920938463463374607431768211456	0
OK	-396996094741094874040603708670396246699/170141183460469231731687303715884105728	-113427455640312821154458202477256070485/340282366920938463463374607431768211456	0
OK	0	0	0
ERR	DENOMINATOR	0
ERR	EMPTY_INTERVAL	0
OK	-680564733841876926926749214863536422913/340282366920938463463374607431768211456	1/340282366920938463463374607431768211456	0
OK	-226854911280625642308916404954512140971/85070591730234615865843651857942052864	-113427455640312821154458202477256070485/170141183460469231731687303715884105728	0
ERR	ARITHMETIC_BITS	0
OK	-595494142111642311060905563005594370051/85070591730234615865843651857942052864	-340282366920938463463374607431768211453/340282366920938463463374607431768211456	0
ERR	EMPTY_INTERVAL	0
OK	-680564733841876926926749214863536422913/340282366920938463463374607431768211456	56713727820156410577229101238628035243/170141183460469231731687303715884105728	0
OK	-1020847100762815390390123822295304634369/340282366920938463463374607431768211456	-113427455640312821154458202477256070485/170141183460469231731687303715884105728	0
ERR	ARITHMETIC_BITS	0
ERR	ARITHMETIC_BITS	0
ERR	EMPTY_INTERVAL	0
OK	-226854911280625642308916404954512140971/170141183460469231731687303715884105728	567137278201564105772291012386280352427/340282366920938463463374607431768211456	0
OK	-737278461662033337503978316102164458155/170141183460469231731687303715884105728	-453709822561251284617832809909024281941/340282366920938463463374607431768211456	0
OK	-396996094741094874040603708670396246699/85070591730234615865843651857942052864	-113427455640312821154458202477256070485/340282366920938463463374607431768211456	0
OK	-396996094741094874040603708670396246699/170141183460469231731687303715884105728	-28356863910078205288614550619314017621/170141183460469231731687303715884105728	0
ERR	EMPTY_INTERVAL	0
OK	-56713727820156410577229101238628035243/170141183460469231731687303715884105728	907419645122502569235665619818048563883/340282366920938463463374607431768211456	0
OK	-907419645122502569235665619818048563883/170141183460469231731687303715884105728	-793992189482189748081207417340792493397/340282366920938463463374607431768211456	0
OK	-1190988284223284622121811126011188740097/170141183460469231731687303715884105728	-113427455640312821154458202477256070485/170141183460469231731687303715884105728	0
ERR	ARITHMETIC_BITS	0
ERR	EMPTY_INTERVAL	0
OK	-396996094741094874040603708670396246699/170141183460469231731687303715884105728	-113427455640312821154458202477256070485/340282366920938463463374607431768211456	0
OK	113427455640312821154458202477256070485/340282366920938463463374607431768211456	396996094741094874040603708670396246699/170141183460469231731687303715884105728	0
OK	396996094741094874040603708670396246699/170141183460469231731687303715884105728	0
ERR	ARITHMETIC_CONTEXT	0
OK	-396996094741094874040603708670396246699/85070591730234615865843651857942052864	-453709822561251284617832809909024281941/170141183460469231731687303715884105728	0
OK	-1/340282366920938463463374607431768211456	680564733841876926926749214863536422913/340282366920938463463374607431768211456	0
ERR	ARITHMETIC_BITS	0
ERR	ARITHMETIC_BITS	0
OK	-680564733841876926926749214863536422913/340282366920938463463374607431768211456	1/340282366920938463463374607431768211456	0
ERR	ARITHMETIC_BITS	0
OK	-396996094741094874040603708670396246699/170141183460469231731687303715884105728	-113427455640312821154458202477256070485/340282366920938463463374607431768211456	0
OK	-396996094741094874040603708670396246699/170141183460469231731687303715884105728	-113427455640312821154458202477256070485/340282366920938463463374607431768211456	0
OK	0	0	0
ERR	DENOMINATOR	0
OK	113427455640312821154458202477256070485/340282366920938463463374607431768211456	396996094741094874040603708670396246699/170141183460469231731687303715884105728	0
OK	0	0	0
OK	-680564733841876926926749214863536422913/340282366920938463463374607431768211456	1/340282366920938463463374607431768211456	0
OK	-226854911280625642308916404954512140971/85070591730234615865843651857942052864	-113427455640312821154458202477256070485/170141183460469231731687303715884105728	0
ERR	ARITHMETIC_BITS	0
OK	-595494142111642311060905563005594370051/85070591730234615865843651857942052864	-340282366920938463463374607431768211453/340282366920938463463374607431768211456	0
OK	113427455640312821154458202477256070485/170141183460469231731687303715884105728	226854911280625642308916404954512140971/85070591730234615865843651857942052864	0
ERR	ARITHMETIC_BITS	0
OK	-56713727820156410577229101238628035243/170141183460469231731687303715884105728	567137278201564105772291012386280352427/340282366920938463463374607431768211456	0
OK	-737278461662033337503978316102164458155/170141183460469231731687303715884105728	-793992189482189748081207417340792493397/340282366920938463463374607431768211456	0
OK	-396996094741094874040603708670396246699/85070591730234615865843651857942052864	-113427455640312821154458202477256070485/170141183460469231731687303715884105728	0
OK	-396996094741094874040603708670396246699/340282366920938463463374607431768211456	-28356863910078205288614550619314017621/170141183460469231731687303715884105728	0
OK	793992189482189748081207417340792493397/340282366920938463463374607431768211456	737278461662033337503978316102164458155/170141183460469231731687303715884105728	0
OK	-255211775190703847597530955573826158593/42535295865117307932921825928971026432	-145835300108973627198589117470757804909/170141183460469231731687303715884105728	0
OK	-1361129467683753853853498429727072845825/340282366920938463463374607431768211456	56713727820156410577229101238628035243/170141183460469231731687303715884105728	0
OK	-226854911280625642308916404954512140971/170141183460469231731687303715884105728	1020847100762815390390123822295304634369/340282366920938463463374607431768211456	0
ERR	ARITHMETIC_BITS	0
ERR	ARITHMETIC_BITS	0
OK	-567137278201564105772291012386280352427/340282366920938463463374607431768211456	-113427455640312821154458202477256070485/340282366920938463463374607431768211456	0
OK	-567137278201564105772291012386280352427/170141183460469231731687303715884105728	226854911280625642308916404954512140971/170141183460469231731687303715884105728	0
OK	-396996094741094874040603708670396246699/170141183460469231731687303715884105728	396996094741094874040603708670396246699/170141183460469231731687303715884105728	0
ERR	ARITHMETIC_BITS	0
ERR	DENOMINATOR	0
OK	-567137278201564105772291012386280352427/340282366920938463463374607431768211456	226854911280625642308916404954512140971/340282366920938463463374607431768211456	0
OK	-38484315306534707177405461554783309629/21267647932558653966460912964485513216	257789671909801866260132278357400160195/340282366920938463463374607431768211456	0
OK	-598072038830740329723506885789168371651/340282366920938463463374607431768211456	17216667373976053210944548590297796413/21267647932558653966460912964485513216	0
ERR	ARITHMETIC_BITS	0
ERR	DENOMINATOR	0
OK	-48611766702991209066196372490252601637/340282366920938463463374607431768211456	3866845078647027993901984175361002403/42535295865117307932921825928971026432	0
OK	-567137278201564105772291012386280352427/340282366920938463463374607431768211456	226854911280625642308916404954512140971/340282366920938463463374607431768211456	0
OK	-567137278201564105772291012386280352427/340282366920938463463374607431768211456	226854911280625642308916404954512140971/340282366920938463463374607431768211456	0
OK	0	0	0
ERR	DENOMINATOR	0
OK	0	0	0
OK	-226854911280625642308916404954512140971/170141183460469231731687303715884105728	340282366920938463463374607431768211457/340282366920938463463374607431768211456	0
OK	-680564733841876926926749214863536422913/340282366920938463463374607431768211456	56713727820156410577229101238628035243/170141183460469231731687303715884105728	0
OK	-11815359962532585536922729424714174009/21267647932558653966460912964485513216	37809151880104273718152734159085356829/170141183460469231731687303715884105728	0
ERR	ARITHMETIC_BITS	0
OK	113427455640312821154458202477256070485/340282366920938463463374607431768211456	56713727820156410577229101238628035243/170141183460469231731687303715884105728	0
OK	-226854911280625642308916404954512140971/170141183460469231731687303715884105728	226854911280625642308916404954512140971/170141183460469231731687303715884105728	0
OK	-396996094741094874040603708670396246699/170141183460469231731687303715884105728	56713727820156410577229101238628035243/170141183460469231731687303715884105728	0
ERR	ARITHMETIC_BITS	0
ERR	ARITHMETIC_BITS	0
OK	113427455640312821154458202477256070485/340282366920938463463374607431768211456	226854911280625642308916404954512140971/340282366920938463463374607431768211456	0
OK	-226854911280625642308916404954512140971/340282366920938463463374607431768211456	907419645122502569235665619818048563883/340282366920938463463374607431768211456	0
OK	-1247702012043441032699040227249816775339/340282366920938463463374607431768211456	-113427455640312821154458202477256070485/340282366920938463463374607431768211456	0
OK	-567137278201564105772291012386280352427/170141183460469231731687303715884105728	226854911280625642308916404954512140971/170141183460469231731687303715884105728	0
OK	-567137278201564105772291012386280352427/340282366920938463463374607431768211456	226854911280625642308916404954512140971/340282366920938463463374607431768211456	0
ERR	EMPTY_INTERVAL	0
OK	113427455640312821154458202477256070485/340282366920938463463374607431768211456	1247702012043441032699040227249816775339/340282366920938463463374607431768211456	0
OK	-1587984378964379496162414834681584986795/340282366920938463463374607431768211456	-453709822561251284617832809909024281941/340282366920938463463374607431768211456	0
OK	-1701411834604692317316873037158841057281/340282366920938463463374607431768211456	680564733841876926926749214863536422913/340282366920938463463374607431768211456	0
OK	-141784319550391026443072753096570088107/170141183460469231731687303715884105728	56713727820156410577229101238628035243/170141183460469231731687303715884105728	0
ERR	EMPTY_INTERVAL	0
OK	-567137278201564105772291012386280352427/340282366920938463463374607431768211456	226854911280625642308916404954512140971/340282366920938463463374607431768211456	0
OK	-226854911280625642308916404954512140971/340282366920938463463374607431768211456	567137278201564105772291012386280352427/340282366920938463463374607431768211456	0
OK	567137278201564105772291012386280352427/340282366920938463463374607431768211456	0
ERR	ARITHMETIC_CONTEXT	0
OK	-1361129467683753853853498429727072845825/340282366920938463463374607431768211456	-283568639100782052886145506193140176213/170141183460469231731687303715884105728	0
OK	113427455640312821154458202477256070485/170141183460469231731687303715884105728	1020847100762815390390123822295304634369/340282366920938463463374607431768211456	0
ERR	ARITHMETIC_BITS	0
OK	-48611766702991209066196372490252601637/170141183460469231731687303715884105728	30382354189369505666372732806407876023/42535295865117307932921825928971026432	0
OK	-1020847100762815390390123822295304634369/340282366920938463463374607431768211456	-113427455640312821154458202477256070485/170141183460469231731687303715884105728	0
ERR	DENOMINATOR	0
OK	-567137278201564105772291012386280352427/340282366920938463463374607431768211456	226854911280625642308916404954512140971/340282366920938463463374607431768211456	0
OK	-567137278201564105772291012386280352427/340282366920938463463374607431768211456	226854911280625642308916404954512140971/340282366920938463463374607431768211456	0
OK	0	0	0
ERR	DENOMINATOR	0
OK	-226854911280625642308916404954512140971/340282366920938463463374607431768211456	567137278201564105772291012386280352427/340282366920938463463374607431768211456	0
ERR	DENOMINATOR	0
OK	-226854911280625642308916404954512140971/170141183460469231731687303715884105728	340282366920938463463374607431768211457/340282366920938463463374607431768211456	0
OK	-680564733841876926926749214863536422913/340282366920938463463374607431768211456	56713727820156410577229101238628035243/170141183460469231731687303715884105728	0
OK	-11815359962532585536922729424714174009/21267647932558653966460912964485513216	37809151880104273718152734159085356829/170141183460469231731687303715884105728	0
ERR	ARITHMETIC_BITS	0
OK	-56713727820156410577229101238628035243/170141183460469231731687303715884105728	680564733841876926926749214863536422913/340282366920938463463374607431768211456	0
ERR	DENOMINATOR	0
OK	113427455640312821154458202477256070485/340282366920938463463374607431768211456	907419645122502569235665619818048563883/340282366920938463463374607431768211456	0
OK	-1247702012043441032699040227249816775339/340282366920938463463374607431768211456	-453709822561251284617832809909024281941/340282366920938463463374607431768211456	0
OK	-567137278201564105772291012386280352427/170141183460469231731687303715884105728	226854911280625642308916404954512140971/170141183460469231731687303715884105728	0
OK	-141784319550391026443072753096570088107/170141183460469231731687303715884105728	56713727820156410577229101238628035243/170141183460469231731687303715884105728	0
OK	453709822561251284617832809909024281941/340282366920938463463374607431768211456	1247702012043441032699040227249816775339/340282366920938463463374607431768211456	0
ERR	DENOMINATOR	0
OK	-842603956185180957147403789831045095035/340282366920938463463374607431768211456	-82492695011136597203242329074368051261/340282366920938463463374607431768211456	0
OK	4050980558582600755516364374187716803/21267647932558653966460912964485513216	412463475055682986016211645371840256311/170141183460469231731687303715884105728	0
OK	-72181108134744522552837037940072044857/340282366920938463463374607431768211456	113427455640312821154458202477256070487/340282366920938463463374607431768211456	0
OK	-92804281887528671853647620208664057673/340282366920938463463374607431768211456	9114706256810851699911819841922362807/21267647932558653966460912964485513216	0
ERR	EMPTY_INTERVAL	0
OK	-38484315306534707177405461554783309629/21267647932558653966460912964485513216	257789671909801866260132278357400160195/340282366920938463463374607431768211456	0
OK	-17216667373976053210944548590297796413/21267647932558653966460912964485513216	598072038830740329723506885789168371651/340282366920938463463374607431768211456	0
ERR	ARITHMETIC_BITS	0
ERR	DENOMINATOR	0
OK	-48611766702991209066196372490252601637/340282366920938463463374607431768211456	3866845078647027993901984175361002403/42535295865117307932921825928971026432	0
OK	-48611766702991209066196372490252601637/170141183460469231731687303715884105728	3866845078647027993901984175361002403/21267647932558653966460912964485513216	0
OK	-79546527332167433017412245893140620861/340282366920938463463374607431768211456	79546527332167433017412245893140620861/340282366920938463463374607431768211456	0
ERR	ARITHMETIC_BITS	0
ERR	DENOMINATOR	0
OK	-48611766702991209066196372490252601637/340282366920938463463374607431768211456	3866845078647027993901984175361002403/42535295865117307932921825928971026432	0
OK	-48611766702991209066196372490252601637/340282366920938463463374607431768211456	3866845078647027993901984175361002403/42535295865117307932921825928971026432	0
OK	-48611766702991209066196372490252601637/340282366920938463463374607431768211456	3866845078647027993901984175361002403/42535295865117307932921825928971026432	0
OK	0	0	0
ERR	DENOMINATOR	0
OK	0	0	0
OK	4050980558582600755516364374187716803/21267647932558653966460912964485513216	72181108134744522552837037940072044855/170141183460469231731687303715884105728	0
OK	-162039222343304030220654574967508672123/340282366920938463463374607431768211456	-82492695011136597203242329074368051261/340282366920938463463374607431768211456	0
OK	-16203922234330403022065457496750867213/340282366920938463463374607431768211456	10311586876392074650405291134296006409/340282366920938463463374607431768211456	0
OK	-9114706256810851699911819841922362807/21267647932558653966460912964485513216	92804281887528671853647620208664057673/340282366920938463463374607431768211456	0
ERR	EMPTY_INTERVAL	0
OK	4050980558582600755516364374187716803/21267647932558653966460912964485513216	257789671909801866260132278357400160195/340282366920938463463374607431768211456	0
OK	-17216667373976053210944548590297796413/21267647932558653966460912964485513216	-82492695011136597203242329074368051261/340282366920938463463374607431768211456	0
ERR	ARITHMETIC_BITS	0
OK	-9114706256810851699911819841922362807/21267647932558653966460912964485513216	92804281887528671853647620208664057673/340282366920938463463374607431768211456	0
ERR	EMPTY_INTERVAL	0
OK	291670600217947254397178234941515609819/340282366920938463463374607431768211456	88937436808881643859745636033303055267/42535295865117307932921825928971026432	0
OK	-729176500544868135992945587353789024549/340282366920938463463374607431768211456	-38668450786470279939019841753610024029/42535295865117307932921825928971026432	0
OK	-48611766702991209066196372490252601637/170141183460469231731687303715884105728	3866845078647027993901984175361002403/21267647932558653966460912964485513216	0
OK	-48611766702991209066196372490252601637/340282366920938463463374607431768211456	3866845078647027993901984175361002403/42535295865117307932921825928971026432	0
ERR	EMPTY_INTERVAL	0
OK	631952967138885717860552842373283821275/340282366920938463463374607431768211456	131472732673998951792667461962274081699/42535295865117307932921825928971026432	0
OK	-1069458867465806599456320194785557236005/340282366920938463463374607431768211456	-81203746651587587871941667682581050461/42535295865117307932921825928971026432	0
OK	-145835300108973627198589117470757804911/340282366920938463463374607431768211456	11600535235941083981705952526083007209/42535295865117307932921825928971026432	0
OK	-24305883351495604533098186245126300819/340282366920938463463374607431768211456	3866845078647027993901984175361002403/85070591730234615865843651857942052864	0
ERR	EMPTY_INTERVAL	0
OK	-48611766702991209066196372490252601637/340282366920938463463374607431768211456	3866845078647027993901984175361002403/42535295865117307932921825928971026432	0
OK	-3866845078647027993901984175361002403/42535295865117307932921825928971026432	48611766702991209066196372490252601637/340282366920938463463374607431768211456	0
OK	48611766702991209066196372490252601637/340282366920938463463374607431768211456	0
ERR	ARITHMETIC_CONTEXT	0
OK	-842603956185180957147403789831045095035/340282366920938463463374607431768211456	-763057428853013524129991543937904474173/340282366920938463463374607431768211456	0
OK	46586276423699908688438190303158743235/21267647932558653966460912964485513216	412463475055682986016211645371840256311/170141183460469231731687303715884105728	0
OK	-72181108134744522552837037940072044857/340282366920938463463374607431768211456	113427455640312821154458202477256070487/340282366920938463463374607431768211456	0
OK	-13257754555361238836235374315523436811/340282366920938463463374607431768211456	20833614301281946742655588210108257845/340282366920938463463374607431768211456	0
OK	-412463475055682986016211645371840256311/170141183460469231731687303715884105728	-46586276423699908688438190303158743235/21267647932558653966460912964485513216	0
ERR	DENOMINATOR	0
OK	-48611766702991209066196372490252601637/340282366920938463463374607431768211456	3866845078647027993901984175361002403/42535295865117307932921825928971026432	0
OK	-48611766702991209066196372490252601637/340282366920938463463374607431768211456	3866845078647027993901984175361002403/42535295865117307932921825928971026432	0
OK	0	0	0
ERR	DENOMINATOR	0
OK	-3866845078647027993901984175361002403/42535295865117307932921825928971026432	48611766702991209066196372490252601637/340282366920938463463374607431768211456	0
ERR	DENOMINATOR	0
OK	4050980558582600755516364374187716803/21267647932558653966460912964485513216	72181108134744522552837037940072044855/170141183460469231731687303715884105728	0
OK	-162039222343304030220654574967508672123/340282366920938463463374607431768211456	-82492695011136597203242329074368051261/340282366920938463463374607431768211456	0
OK	-16203922234330403022065457496750867213/340282366920938463463374607431768211456	10311586876392074650405291134296006409/340282366920938463463374607431768211456	0
OK	-9114706256810851699911819841922362807/21267647932558653966460912964485513216	92804281887528671853647620208664057673/340282366920938463463374607431768211456	0
OK	82492695011136597203242329074368051261/340282366920938463463374607431768211456	162039222343304030220654574967508672123/340282366920938463463374607431768211456	0
ERR	DENOMINATOR	0
OK	631952967138885717860552842373283821275/340282366920938463463374607431768211456	88937436808881643859745636033303055267/42535295865117307932921825928971026432	0
OK	-729176500544868135992945587353789024549/340282366920938463463374607431768211456	-81203746651587587871941667682581050461/42535295865117307932921825928971026432	0
OK	-48611766702991209066196372490252601637/170141183460469231731687303715884105728	3866845078647027993901984175361002403/21267647932558653966460912964485513216	0
OK	-24305883351495604533098186245126300819/340282366920938463463374607431768211456	3866845078647027993901984175361002403/85070591730234615865843651857942052864	0
OK	81203746651587587871941667682581050461/42535295865117307932921825928971026432	729176500544868135992945587353789024549/340282366920938463463374607431768211456	0
ERR	DENOMINATOR	0
OK	-396996094741094874040603708670396246699/170141183460469231731687303715884105728	-113427455640312821154458202477256070485/340282366920938463463374607431768211456	0
OK	113427455640312821154458202477256070485/340282366920938463463374607431768211456	396996094741094874040603708670396246699/170141183460469231731687303715884105728	0
OK	0	0	0
OK	0	0	0
ERR	EMPTY_INTERVAL	0
OK	-567137278201564105772291012386280352427/340282366920938463463374607431768211456	226854911280625642308916404954512140971/340282366920938463463374607431768211456	0
OK	-226854911280625642308916404954512140971/340282366920938463463374607431768211456	567137278201564105772291012386280352427/340282366920938463463374607431768211456	0
OK	0	0	0
ERR	DENOMINATOR	0
OK	0	0	0
OK	-48611766702991209066196372490252601637/340282366920938463463374607431768211456	3866845078647027993901984175361002403/42535295865117307932921825928971026432	0
OK	-3866845078647027993901984175361002403/42535295865117307932921825928971026432	48611766702991209066196372490252601637/340282366920938463463374607431768211456	0
OK	0	0	0
ERR	DENOMINATOR	0
OK	0	0	0
OK	0	0	0
OK	0	0	0
OK	0	0	0
ERR	DENOMINATOR	0
OK	0	0	0
OK	113427455640312821154458202477256070485/340282366920938463463374607431768211456	56713727820156410577229101238628035243/170141183460469231731687303715884105728	0
OK	-56713727820156410577229101238628035243/170141183460469231731687303715884105728	-113427455640312821154458202477256070485/340282366920938463463374607431768211456	0
OK	0	0	0
OK	0	0	0
ERR	EMPTY_INTERVAL	0
OK	113427455640312821154458202477256070485/340282366920938463463374607431768211456	226854911280625642308916404954512140971/340282366920938463463374607431768211456	0
OK	-226854911280625642308916404954512140971/340282366920938463463374607431768211456	-113427455640312821154458202477256070485/340282366920938463463374607431768211456	0
OK	0	0	0
OK	0	0	0
ERR	EMPTY_INTERVAL	0
OK	1	2	0
OK	-2	-1	0
OK	0	0	0
OK	0	0	0
ERR	EMPTY_INTERVAL	0
OK	2	3	0
OK	-3	-2	0
OK	0	0	0
OK	0	0	0
ERR	EMPTY_INTERVAL	0
OK	0	0	0
OK	0	0	0
OK	0	0
ERR	ARITHMETIC_CONTEXT	0
OK	-396996094741094874040603708670396246699/170141183460469231731687303715884105728	-793992189482189748081207417340792493397/340282366920938463463374607431768211456	0
OK	793992189482189748081207417340792493397/340282366920938463463374607431768211456	396996094741094874040603708670396246699/170141183460469231731687303715884105728	0
OK	0	0	0
OK	0	0	0
OK	-396996094741094874040603708670396246699/170141183460469231731687303715884105728	-793992189482189748081207417340792493397/340282366920938463463374607431768211456	0
ERR	DENOMINATOR	0
OK	0	0	0
OK	0	0	0
OK	0	0	0
ERR	DENOMINATOR	0
OK	0	0	0
ERR	DENOMINATOR	0
OK	113427455640312821154458202477256070485/340282366920938463463374607431768211456	56713727820156410577229101238628035243/170141183460469231731687303715884105728	0
OK	-56713727820156410577229101238628035243/170141183460469231731687303715884105728	-113427455640312821154458202477256070485/340282366920938463463374607431768211456	0
OK	0	0	0
OK	0	0	0
OK	113427455640312821154458202477256070485/340282366920938463463374607431768211456	56713727820156410577229101238628035243/170141183460469231731687303715884105728	0
ERR	DENOMINATOR	0
OK	2	2	0
OK	-2	-2	0
OK	0	0	0
OK	0	0	0
OK	2	2	0
ERR	DENOMINATOR	0
OK	-680564733841876926926749214863536422913/340282366920938463463374607431768211456	1/340282366920938463463374607431768211456	0
OK	113427455640312821154458202477256070485/170141183460469231731687303715884105728	226854911280625642308916404954512140971/85070591730234615865843651857942052864	0
ERR	ARITHMETIC_BITS	0
ERR	ARITHMETIC_BITS	0
ERR	EMPTY_INTERVAL	0
OK	-226854911280625642308916404954512140971/170141183460469231731687303715884105728	340282366920938463463374607431768211457/340282366920938463463374607431768211456	0
OK	-56713727820156410577229101238628035243/170141183460469231731687303715884105728	680564733841876926926749214863536422913/340282366920938463463374607431768211456	0
OK	-11815359962532585536922729424714174009/21267647932558653966460912964485513216	37809151880104273718152734159085356829/170141183460469231731687303715884105728	0
ERR	DENOMINATOR	0
OK	113427455640312821154458202477256070485/340282366920938463463374607431768211456	56713727820156410577229101238628035243/170141183460469231731687303715884105728	0
OK	4050980558582600755516364374187716803/21267647932558653966460912964485513216	72181108134744522552837037940072044855/170141183460469231731687303715884105728	0
OK	82492695011136597203242329074368051261/340282366920938463463374607431768211456	162039222343304030220654574967508672123/340282366920938463463374607431768211456	0
OK	-16203922234330403022065457496750867213/340282366920938463463374607431768211456	10311586876392074650405291134296006409/340282366920938463463374607431768211456	0
ERR	DENOMINATOR	0
ERR	EMPTY_INTERVAL	0
OK	113427455640312821154458202477256070485/340282366920938463463374607431768211456	56713727820156410577229101238628035243/170141183460469231731687303715884105728	0
OK	113427455640312821154458202477256070485/340282366920938463463374607431768211456	56713727820156410577229101238628035243/170141183460469231731687303715884105728	0
OK	0	0	0
ERR	DENOMINATOR	0
ERR	EMPTY_INTERVAL	0
OK	113427455640312821154458202477256070485/170141183460469231731687303715884105728	56713727820156410577229101238628035243/85070591730234615865843651857942052864	0
OK	-1/340282366920938463463374607431768211456	1/340282366920938463463374607431768211456	0
ERR	ARITHMETIC_BITS	0
OK	340282366920938463463374607431768211453/340282366920938463463374607431768211456	85070591730234615865843651857942052865/85070591730234615865843651857942052864	0
OK	113427455640312821154458202477256070485/340282366920938463463374607431768211456	56713727820156410577229101238628035243/170141183460469231731687303715884105728	0
OK	113427455640312821154458202477256070485/170141183460469231731687303715884105728	340282366920938463463374607431768211457/340282366920938463463374607431768211456	0
OK	-56713727820156410577229101238628035243/170141183460469231731687303715884105728	1/340282366920938463463374607431768211456	0
ERR	ARITHMETIC_BITS	0
ERR	ARITHMETIC_BITS	0
OK	113427455640312821154458202477256070485/340282366920938463463374607431768211456	56713727820156410577229101238628035243/170141183460469231731687303715884105728	0
OK	453709822561251284617832809909024281941/340282366920938463463374607431768211456	396996094741094874040603708670396246699/170141183460469231731687303715884105728	0
OK	-567137278201564105772291012386280352427/340282366920938463463374607431768211456	-113427455640312821154458202477256070485/170141183460469231731687303715884105728	0
OK	113427455640312821154458202477256070485/340282366920938463463374607431768211456	56713727820156410577229101238628035243/85070591730234615865843651857942052864	0
OK	28356863910078205288614550619314017621/170141183460469231731687303715884105728	56713727820156410577229101238628035243/170141183460469231731687303715884105728	0
ERR	EMPTY_INTERVAL	0
OK	793992189482189748081207417340792493397/340282366920938463463374607431768211456	567137278201564105772291012386280352427/170141183460469231731687303715884105728	0
OK	-907419645122502569235665619818048563883/340282366920938463463374607431768211456	-283568639100782052886145506193140176213/170141183460469231731687303715884105728	0
OK	113427455640312821154458202477256070485/170141183460469231731687303715884105728	170141183460469231731687303715884105729/170141183460469231731687303715884105728	0
ERR	ARITHMETIC_BITS	0
ERR	EMPTY_INTERVAL	0
OK	113427455640312821154458202477256070485/340282366920938463463374607431768211456	56713727820156410577229101238628035243/170141183460469231731687303715884105728	0
OK	-56713727820156410577229101238628035243/170141183460469231731687303715884105728	-113427455640312821154458202477256070485/340282366920938463463374607431768211456	0
OK	56713727820156410577229101238628035243/170141183460469231731687303715884105728	0
ERR	ARITHMETIC_CONTEXT	0
OK	-680564733841876926926749214863536422913/340282366920938463463374607431768211456	-680564733841876926926749214863536422911/340282366920938463463374607431768211456	0
OK	453709822561251284617832809909024281941/170141183460469231731687303715884105728	226854911280625642308916404954512140971/85070591730234615865843651857942052864	0
ERR	ARITHMETIC_BITS	0
ERR	ARITHMETIC_BITS	0
OK	-226854911280625642308916404954512140971/85070591730234615865843651857942052864	-453709822561251284617832809909024281941/170141183460469231731687303715884105728	0
ERR	ARITHMETIC_BITS	0
OK	113427455640312821154458202477256070485/340282366920938463463374607431768211456	56713727820156410577229101238628035243/170141183460469231731687303715884105728	0
OK	113427455640312821154458202477256070485/340282366920938463463374607431768211456	56713727820156410577229101238628035243/170141183460469231731687303715884105728	0
OK	0	0	0
ERR	DENOMINATOR	0
OK	-56713727820156410577229101238628035243/170141183460469231731687303715884105728	-113427455640312821154458202477256070485/340282366920938463463374607431768211456	0
OK	0	0	0
OK	113427455640312821154458202477256070485/170141183460469231731687303715884105728	56713727820156410577229101238628035243/85070591730234615865843651857942052864	0
OK	-1/340282366920938463463374607431768211456	1/340282366920938463463374607431768211456	0
ERR	ARITHMETIC_BITS	0
OK	340282366920938463463374607431768211453/340282366920938463463374607431768211456	85070591730234615865843651857942052865/85070591730234615865843651857942052864	0
OK	-1/340282366920938463463374607431768211456	1/340282366920938463463374607431768211456	0
OK	340282366920938463463374607431768211453/340282366920938463463374607431768211456	85070591730234615865843651857942052865/85070591730234615865843651857942052864	0
OK	793992189482189748081207417340792493397/340282366920938463463374607431768211456	396996094741094874040603708670396246699/170141183460469231731687303715884105728	0
OK	-567137278201564105772291012386280352427/340282366920938463463374607431768211456	-283568639100782052886145506193140176213/170141183460469231731687303715884105728	0
OK	113427455640312821154458202477256070485/170141183460469231731687303715884105728	56713727820156410577229101238628035243/85070591730234615865843651857942052864	0
OK	28356863910078205288614550619314017621/170141183460469231731687303715884105728	56713727820156410577229101238628035243/340282366920938463463374607431768211456	0
OK	283568639100782052886145506193140176213/170141183460469231731687303715884105728	567137278201564105772291012386280352427/340282366920938463463374607431768211456	0
OK	510423550381407695195061911147652317181/85070591730234615865843651857942052864	255211775190703847597530955573826158593/42535295865117307932921825928971026432	0
OK	-680564733841876926926749214863536422913/340282366920938463463374607431768211456	56713727820156410577229101238628035243/170141183460469231731687303715884105728	0
OK	113427455640312821154458202477256070485/170141183460469231731687303715884105728	1020847100762815390390123822295304634369/340282366920938463463374607431768211456	0
ERR	ARITHMETIC_BITS	0
ERR	ARITHMETIC_BITS	0
ERR	EMPTY_INTERVAL	0
OK	-226854911280625642308916404954512140971/170141183460469231731687303715884105728	226854911280625642308916404954512140971/170141183460469231731687303715884105728	0
OK	-56713727820156410577229101238628035243/170141183460469231731687303715884105728	396996094741094874040603708670396246699/170141183460469231731687303715884105728	0
ERR	ARITHMETIC_BITS	0
ERR	DENOMINATOR	0
OK	113427455640312821154458202477256070485/340282366920938463463374607431768211456	226854911280625642308916404954512140971/340282366920938463463374607431768211456	0
OK	4050980558582600755516364374187716803/21267647932558653966460912964485513216	257789671909801866260132278357400160195/340282366920938463463374607431768211456	0
OK	82492695011136597203242329074368051261/340282366920938463463374607431768211456	17216667373976053210944548590297796413/21267647932558653966460912964485513216	0
ERR	ARITHMETIC_BITS	0
ERR	DENOMINATOR	0
ERR	EMPTY_INTERVAL	0
OK	113427455640312821154458202477256070485/340282366920938463463374607431768211456	226854911280625642308916404954512140971/340282366920938463463374607431768211456	0
OK	113427455640312821154458202477256070485/340282366920938463463374607431768211456	226854911280625642308916404954512140971/340282366920938463463374607431768211456	0
OK	0	0	0
ERR	DENOMINATOR	0
ERR	EMPTY_INTERVAL	0
OK	113427455640312821154458202477256070485/170141183460469231731687303715884105728	340282366920938463463374607431768211457/340282366920938463463374607431768211456	0
OK	-1/340282366920938463463374607431768211456	56713727820156410577229101238628035243/170141183460469231731687303715884105728	0
ERR	ARITHMETIC_BITS	0
OK	340282366920938463463374607431768211453/340282366920938463463374607431768211456	170141183460469231731687303715884105729/85070591730234615865843651857942052864	0
OK	113427455640312821154458202477256070485/340282366920938463463374607431768211456	56713727820156410577229101238628035243/170141183460469231731687303715884105728	0
OK	113427455640312821154458202477256070485/170141183460469231731687303715884105728	226854911280625642308916404954512140971/170141183460469231731687303715884105728	0
OK	-56713727820156410577229101238628035243/170141183460469231731687303715884105728	56713727820156410577229101238628035243/170141183460469231731687303715884105728	0
ERR	ARITHMETIC_BITS	0
ERR	ARITHMETIC_BITS	0
OK	113427455640312821154458202477256070485/340282366920938463463374607431768211456	226854911280625642308916404954512140971/340282366920938463463374607431768211456	0
OK	453709822561251284617832809909024281941/340282366920938463463374607431768211456	907419645122502569235665619818048563883/340282366920938463463374607431768211456	0
OK	-567137278201564105772291012386280352427/340282366920938463463374607431768211456	-113427455640312821154458202477256070485/340282366920938463463374607431768211456	0
OK	113427455640312821154458202477256070485/340282366920938463463374607431768211456	226854911280625642308916404954512140971/170141183460469231731687303715884105728	0
OK	28356863910078205288614550619314017621/170141183460469231731687303715884105728	226854911280625642308916404954512140971/340282366920938463463374607431768211456	0
ERR	EMPTY_INTERVAL	0
OK	793992189482189748081207417340792493397/340282366920938463463374607431768211456	1247702012043441032699040227249816775339/340282366920938463463374607431768211456	0
OK	-907419645122502569235665619818048563883/340282366920938463463374607431768211456	-453709822561251284617832809909024281941/340282366920938463463374607431768211456	0
OK	113427455640312821154458202477256070485/170141183460469231731687303715884105728	680564733841876926926749214863536422913/340282366920938463463374607431768211456	0
ERR	ARITHMETIC_BITS	0
ERR	EMPTY_INTERVAL	0
OK	113427455640312821154458202477256070485/340282366920938463463374607431768211456	226854911280625642308916404954512140971/340282366920938463463374607431768211456	0
OK	-226854911280625642308916404954512140971/340282366920938463463374607431768211456	-113427455640312821154458202477256070485/340282366920938463463374607431768211456	0
OK	226854911280625642308916404954512140971/340282366920938463463374607431768211456	0
ERR	ARITHMETIC_CONTEXT	0
OK	-680564733841876926926749214863536422913/340282366920938463463374607431768211456	-283568639100782052886145506193140176213/170141183460469231731687303715884105728	0
OK	453709822561251284617832809909024281941/170141183460469231731687303715884105728	1020847100762815390390123822295304634369/340282366920938463463374607431768211456	0
ERR	ARITHMETIC_BITS	0
ERR	ARITHMETIC_BITS	0
OK	-1020847100762815390390123822295304634369/340282366920938463463374607431768211456	-453709822561251284617832809909024281941/170141183460469231731687303715884105728	0
ERR	ARITHMETIC_BITS	0
OK	113427455640312821154458202477256070485/340282366920938463463374607431768211456	226854911280625642308916404954512140971/340282366920938463463374607431768211456	0
OK	113427455640312821154458202477256070485/340282366920938463463374607431768211456	226854911280625642308916404954512140971/340282366920938463463374607431768211456	0
OK	0	0	0
ERR	DENOMINATOR	0
OK	-226854911280625642308916404954512140971/340282366920938463463374607431768211456	-113427455640312821154458202477256070485/340282366920938463463374607431768211456	0
OK	0	0	0
OK	113427455640312821154458202477256070485/170141183460469231731687303715884105728	340282366920938463463374607431768211457/340282366920938463463374607431768211456	0
OK	-1/340282366920938463463374607431768211456	56713727820156410577229101238628035243/170141183460469231731687303715884105728	0
ERR	ARITHMETIC_BITS	0
OK	340282366920938463463374607431768211453/340282366920938463463374607431768211456	170141183460469231731687303715884105729/85070591730234615865843651857942052864	0
OK	-56713727820156410577229101238628035243/170141183460469231731687303715884105728	1/340282366920938463463374607431768211456	0
ERR	ARITHMETIC_BITS	0
OK	793992189482189748081207417340792493397/340282366920938463463374607431768211456	907419645122502569235665619818048563883/340282366920938463463374607431768211456	0
OK	-567137278201564105772291012386280352427/340282366920938463463374607431768211456	-453709822561251284617832809909024281941/340282366920938463463374607431768211456	0
OK	113427455640312821154458202477256070485/170141183460469231731687303715884105728	226854911280625642308916404954512140971/170141183460469231731687303715884105728	0
OK	28356863910078205288614550619314017621/170141183460469231731687303715884105728	56713727820156410577229101238628035243/170141183460469231731687303715884105728	0
OK	453709822561251284617832809909024281941/340282366920938463463374607431768211456	567137278201564105772291012386280352427/340282366920938463463374607431768211456	0
OK	510423550381407695195061911147652317183/170141183460469231731687303715884105728	255211775190703847597530955573826158593/42535295865117307932921825928971026432	0
OK	-226854911280625642308916404954512140971/170141183460469231731687303715884105728	567137278201564105772291012386280352427/340282366920938463463374607431768211456	0
OK	453709822561251284617832809909024281941/340282366920938463463374607431768211456	737278461662033337503978316102164458155/170141183460469231731687303715884105728	0
OK	-396996094741094874040603708670396246699/85070591730234615865843651857942052864	-113427455640312821154458202477256070485/340282366920938463463374607431768211456	0
OK	-255211775190703847597530955573826158593/42535295865117307932921825928971026432	-145835300108973627198589117470757804909/340282366920938463463374607431768211456	0
ERR	EMPTY_INTERVAL	0
OK	-226854911280625642308916404954512140971/340282366920938463463374607431768211456	907419645122502569235665619818048563883/340282366920938463463374607431768211456	0
OK	113427455640312821154458202477256070485/340282366920938463463374607431768211456	1247702012043441032699040227249816775339/340282366920938463463374607431768211456	0
OK	-567137278201564105772291012386280352427/170141183460469231731687303715884105728	226854911280625642308916404954512140971/170141183460469231731687303715884105728	0
ERR	DENOMINATOR	0
ERR	EMPTY_INTERVAL	0
OK	291670600217947254397178234941515609819/340282366920938463463374607431768211456	88937436808881643859745636033303055267/42535295865117307932921825928971026432	0
OK	38668450786470279939019841753610024029/42535295865117307932921825928971026432	729176500544868135992945587353789024549/340282366920938463463374607431768211456	0
OK	-48611766702991209066196372490252601637/170141183460469231731687303715884105728	3866845078647027993901984175361002403/21267647932558653966460912964485513216	0
ERR	DENOMINATOR	0
ERR	EMPTY_INTERVAL	0
OK	1	2	0
OK	1	2	0
OK	0	0	0
ERR	DENOMINATOR	0
ERR	EMPTY_INTERVAL	0
OK	453709822561251284617832809909024281941/340282366920938463463374607431768211456	396996094741094874040603708670396246699/170141183460469231731687303715884105728	0
OK	113427455640312821154458202477256070485/170141183460469231731687303715884105728	567137278201564105772291012386280352427/340282366920938463463374607431768211456	0
OK	113427455640312821154458202477256070485/340282366920938463463374607431768211456	56713727820156410577229101238628035243/85070591730234615865843651857942052864	0
OK	510423550381407695195061911147652317181/170141183460469231731687303715884105728	255211775190703847597530955573826158593/42535295865117307932921825928971026432	0
ERR	EMPTY_INTERVAL	0
OK	453709822561251284617832809909024281941/340282366920938463463374607431768211456	907419645122502569235665619818048563883/340282366920938463463374607431768211456	0
OK	113427455640312821154458202477256070485/340282366920938463463374607431768211456	567137278201564105772291012386280352427/340282366920938463463374607431768211456	0
OK	113427455640312821154458202477256070485/340282366920938463463374607431768211456	226854911280625642308916404954512140971/170141183460469231731687303715884105728	0
OK	510423550381407695195061911147652317183/340282366920938463463374607431768211456	255211775190703847597530955573826158593/42535295865117307932921825928971026432	0
ERR	EMPTY_INTERVAL	0
OK	2	4	0
OK	-1	1	0
OK	1	4	0
OK	1/2	2	0
OK	1	2	0
OK	3	5	0
OK	-2	0	0
OK	2	6	0
OK	113427455640312821154458202477256070485/340282366920938463463374607431768211456	1	0
OK	2	2	0
OK	1	2	0
OK	-2	-1	0
OK	2	0
ERR	ARITHMETIC_CONTEXT	0
OK	-226854911280625642308916404954512140971/170141183460469231731687303715884105728	-113427455640312821154458202477256070485/340282366920938463463374607431768211456	0
OK	1134274556403128211544582024772560704853/340282366920938463463374607431768211456	737278461662033337503978316102164458155/170141183460469231731687303715884105728	0
OK	-396996094741094874040603708670396246699/85070591730234615865843651857942052864	-793992189482189748081207417340792493397/340282366920938463463374607431768211456	0
OK	-72917650054486813599294558735378902455/85070591730234615865843651857942052864	-145835300108973627198589117470757804909/340282366920938463463374607431768211456	0
OK	-737278461662033337503978316102164458155/170141183460469231731687303715884105728	-1134274556403128211544582024772560704853/340282366920938463463374607431768211456	0
OK	-396996094741094874040603708670396246699/170141183460469231731687303715884105728	-198498047370547437020301854335198123349/170141183460469231731687303715884105728	0
OK	1	2	0
OK	1	2	0
OK	0	0	0
ERR	DENOMINATOR	0
OK	-2	-1	0
OK	0	0	0
OK	453709822561251284617832809909024281941/340282366920938463463374607431768211456	396996094741094874040603708670396246699/170141183460469231731687303715884105728	0
OK	113427455640312821154458202477256070485/170141183460469231731687303715884105728	567137278201564105772291012386280352427/340282366920938463463374607431768211456	0
OK	113427455640312821154458202477256070485/340282366920938463463374607431768211456	56713727820156410577229101238628035243/85070591730234615865843651857942052864	0
OK	510423550381407695195061911147652317181/170141183460469231731687303715884105728	255211775190703847597530955573826158593/42535295865117307932921825928971026432	0
OK	-567137278201564105772291012386280352427/340282366920938463463374607431768211456	-113427455640312821154458202477256070485/170141183460469231731687303715884105728	0
OK	28356863910078205288614550619314017621/170141183460469231731687303715884105728	56713727820156410577229101238628035243/170141183460469231731687303715884105728	0
OK	3	4	0
OK	-1	0	0
OK	2	4	0
OK	1/2	1	0
OK	0	1	0
OK	1	2	0
OK	-56713727820156410577229101238628035243/170141183460469231731687303715884105728	907419645122502569235665619818048563883/340282366920938463463374607431768211456	0
OK	793992189482189748081207417340792493397/340282366920938463463374607431768211456	907419645122502569235665619818048563883/170141183460469231731687303715884105728	0
OK	-1190988284223284622121811126011188740097/170141183460469231731687303715884105728	-113427455640312821154458202477256070485/170141183460469231731687303715884105728	0
OK	-765635325572111542792592866721478475779/85070591730234615865843651857942052864	-145835300108973627198589117470757804909/170141183460469231731687303715884105728	0
ERR	EMPTY_INTERVAL	0
OK	113427455640312821154458202477256070485/340282366920938463463374607431768211456	1247702012043441032699040227249816775339/340282366920938463463374607431768211456	0
OK	453709822561251284617832809909024281941/340282366920938463463374607431768211456	1587984378964379496162414834681584986795/340282366920938463463374607431768211456	0
OK	-1701411834604692317316873037158841057281/340282366920938463463374607431768211456	680564733841876926926749214863536422913/340282366920938463463374607431768211456	0
ERR	DENOMINATOR	0
ERR	EMPTY_INTERVAL	0
OK	631952967138885717860552842373283821275/340282366920938463463374607431768211456	131472732673998951792667461962274081699/42535295865117307932921825928971026432	0
OK	81203746651587587871941667682581050461/42535295865117307932921825928971026432	1069458867465806599456320194785557236005/340282366920938463463374607431768211456	0
OK	-145835300108973627198589117470757804911/340282366920938463463374607431768211456	11600535235941083981705952526083007209/42535295865117307932921825928971026432	0
ERR	DENOMINATOR	0
ERR	EMPTY_INTERVAL	0
OK	2	3	0
OK	2	3	0
OK	0	0	0
ERR	DENOMINATOR	0
ERR	EMPTY_INTERVAL	0
OK	793992189482189748081207417340792493397/340282366920938463463374607431768211456	567137278201564105772291012386280352427/170141183460469231731687303715884105728	0
OK	283568639100782052886145506193140176213/170141183460469231731687303715884105728	907419645122502569235665619818048563883/340282366920938463463374607431768211456	0
OK	113427455640312821154458202477256070485/170141183460469231731687303715884105728	170141183460469231731687303715884105729/170141183460469231731687303715884105728	0
OK	510423550381407695195061911147652317181/85070591730234615865843651857942052864	765635325572111542792592866721478475779/85070591730234615865843651857942052864	0
ERR	EMPTY_INTERVAL	0
OK	793992189482189748081207417340792493397/340282366920938463463374607431768211456	1247702012043441032699040227249816775339/340282366920938463463374607431768211456	0
OK	453709822561251284617832809909024281941/340282366920938463463374607431768211456	907419645122502569235665619818048563883/340282366920938463463374607431768211456	0
OK	113427455640312821154458202477256070485/170141183460469231731687303715884105728	680564733841876926926749214863536422913/340282366920938463463374607431768211456	0
OK	510423550381407695195061911147652317183/170141183460469231731687303715884105728	765635325572111542792592866721478475779/85070591730234615865843651857942052864	0
ERR	EMPTY_INTERVAL	0
OK	3	5	0
OK	0	2	0
OK	2	6	0
OK	1	3	0
OK	2	2	0
OK	4	6	0
OK	-1	1	0
OK	4	9	0
OK	113427455640312821154458202477256070485/170141183460469231731687303715884105728	3/2	0
OK	2	3	0
OK	2	3	0
OK	-3	-2	0
OK	3	0
ERR	ARITHMETIC_CONTEXT	0
OK	-56713727820156410577229101238628035243/170141183460469231731687303715884105728	226854911280625642308916404954512140971/340282366920938463463374607431768211456	0
OK	1474556923324066675007956632204328916309/340282366920938463463374607431768211456	907419645122502569235665619818048563883/170141183460469231731687303715884105728	0
OK	-1190988284223284622121811126011188740097/170141183460469231731687303715884105728	-793992189482189748081207417340792493397/170141183460469231731687303715884105728	0
OK	-218752950163460440797883676206136707365/170141183460469231731687303715884105728	-145835300108973627198589117470757804909/170141183460469231731687303715884105728	0
OK	-907419645122502569235665619818048563883/170141183460469231731687303715884105728	-1474556923324066675007956632204328916309/340282366920938463463374607431768211456	0
ERR	ARITHMETIC_BITS	0
OK	2	3	0
OK	2	3	0
OK	0	0	0
ERR	DENOMINATOR	0
OK	-3	-2	0
OK	0	0	0
OK	793992189482189748081207417340792493397/340282366920938463463374607431768211456	567137278201564105772291012386280352427/170141183460469231731687303715884105728	0
OK	283568639100782052886145506193140176213/170141183460469231731687303715884105728	907419645122502569235665619818048563883/340282366920938463463374607431768211456	0
OK	113427455640312821154458202477256070485/170141183460469231731687303715884105728	170141183460469231731687303715884105729/170141183460469231731687303715884105728	0
OK	510423550381407695195061911147652317181/85070591730234615865843651857942052864	765635325572111542792592866721478475779/85070591730234615865843651857942052864	0
OK	-907419645122502569235665619818048563883/340282366920938463463374607431768211456	-283568639100782052886145506193140176213/170141183460469231731687303715884105728	0
ERR	ARITHMETIC_BITS	0
OK	4	5	0
OK	0	1	0
OK	4	6	0
OK	1	3/2	0
OK	-1	0	0
OK	113427455640312821154458202477256070485/170141183460469231731687303715884105728	1	0
OK	177998919660075840199585142180796009550225376863054397495586800651851643815053379168580173911381/9223372036854775808	355997839320151680399170284361592019100450753726108794991173601303703287630106758337160347822763/18446744073709551616	0
ERR	ARITHMETIC_BITS	0
OK	355997839320151680399170284361592019100450753726108794991173601303703287630106758337160347822763/18446744073709551616	0
ERR	ARITHMETIC_BITS	0
ERR	ARITHMETIC_BITS	0
ERR	ARITHMETIC_BITS	0
ERR	ARITHMETIC_BITS	0
ERR	ARITHMETIC_BITS	0
ERR	EMPTY_INTERVAL	0
OK	177998919660075840199585142180796009550225376863054397495586800651851643815053379168580173911381/9223372036854775808	355997839320151680399170284361592019100450753726108794991173601303703287630106758337160347822763/18446744073709551616	0
ERR	ARITHMETIC_BITS	0
OK	355997839320151680399170284361592019100450753726108794991173601303703287630106758337160347822763/18446744073709551616	0
ERR	ARITHMETIC_BITS	0
ERR	ARITHMETIC_BITS	0
ERR	ARITHMETIC_BITS	0
ERR	ARITHMETIC_BITS	0
OK	115792089237316195423570985008687907853269984665640564039457584007913129639936	115792089237316195423570985008687907853269984665640564039457584007913129639936	0
ERR	EMPTY_INTERVAL	0
OK	177998919660075840199585142180796009550225376863054397495586800651851643815053379168580173911381/9223372036854775808	355997839320151680399170284361592019100450753726108794991173601303703287630106758337160347822763/18446744073709551616	0
OK	-355997839320151680399170284361592019100450753726108794991173601303703287630106758337160347822763/18446744073709551616	-177998919660075840199585142180796009550225376863054397495586800651851643815053379168580173911381/9223372036854775808	0
OK	355997839320151680399170284361592019100450753726108794991173601303703287630106758337160347822763/18446744073709551616	0
OK	355997839320151680399170284361592019100450753726108794991173601303703287630112907251851584339967/18446744073709551616	355997839320151680399170284361592019100450753726108794991173601303703287630112907251851584339969/18446744073709551616	0
OK	88999459830037920099792571090398004775112688431527198747793400325925821907525152355617277826389/4611686018427387904	177998919660075840199585142180796009550225376863054397495586800651851643815050304711234555652779/9223372036854775808	0
OK	118665946440050560126623867607346439954396307630442492338542867953143286763399053667502719849813/18446744073709551616	118665946440050560145922549146899139191658138465223810314087865397416714103308651002154908123137/18446744073709551616	0
OK	533996758980227520540859381923729930938890638084819238560125409622734649425431345501783956914175/9223372036854775808	266998379490113760318676394810746713562599896129362914218925198422050893062489666087522449140395/4611686018427387904	0
OK	115792089237316195423570985008687907853269984665640564039457584007913129639936	115792089237316195423570985008687907853269984665640564039457584007913129639936	0
ERR	EMPTY_INTERVAL	0
OK	177998919660075840199585142180796009550225376863054397495586800651851643815053379168580173911381/9223372036854775808	355997839320151680399170284361592019100450753726108794991173601303703287630106758337160347822763/18446744073709551616	0
OK	-355997839320151680399170284361592019100450753726108794991173601303703287630106758337160347822763/18446744073709551616	-177998919660075840199585142180796009550225376863054397495586800651851643815053379168580173911381/9223372036854775808	0
OK	355997839320151680399170284361592019100450753726108794991173601303703287630106758337160347822763/18446744073709551616	0
OK	355997839320151680399170284361592019100450753726108794991173601303703287630112907251851584339967/18446744073709551616	355997839320151680399170284361592019100450753726108794991173601303703287630112907251851584339969/18446744073709551616	0
OK	88999459830037920099792571090398004775112688431527198747793400325925821907525152355617277826389/4611686018427387904	177998919660075840199585142180796009550225376863054397495586800651851643815050304711234555652779/9223372036854775808	0
OK	118665946440050560126623867607346439954396307630442492338542867953143286763399053667502719849813/18446744073709551616	118665946440050560145922549146899139191658138465223810314087865397416714103308651002154908123137/18446744073709551616	0
OK	533996758980227520540859381923729930938890638084819238560125409622734649425431345501783956914175/9223372036854775808	266998379490113760318676394810746713562599896129362914218925198422050893062489666087522449140395/4611686018427387904	0
OK	115792089237316195423570985008687907853269984665640564039457584007913129639936	115792089237316195423570985008687907853269984665640564039457584007913129639936	0
ERR	EMPTY_INTERVAL	0
OK	177998919660075840199585142180796009550225376863054397495586800651851643815053379168580173911381/9223372036854775808	355997839320151680399170284361592019100450753726108794991173601303703287630106758337160347822763/18446744073709551616	0
OK	-355997839320151680399170284361592019100450753726108794991173601303703287630106758337160347822763/18446744073709551616	-177998919660075840199585142180796009550225376863054397495586800651851643815053379168580173911381/9223372036854775808	0
OK	355997839320151680399170284361592019100450753726108794991173601303703287630106758337160347822763/18446744073709551616	0
OK	355997839320151680399170284361592019100450753726108794991173601303703287630112907251851584339967/18446744073709551616	355997839320151680399170284361592019100450753726108794991173601303703287630112907251851584339969/18446744073709551616	0
OK	88999459830037920099792571090398004775112688431527198747793400325925821907525152355617277826389/4611686018427387904	177998919660075840199585142180796009550225376863054397495586800651851643815050304711234555652779/9223372036854775808	0
OK	118665946440050560126623867607346439954396307630442492338542867953143286763399053667502719849813/18446744073709551616	118665946440050560145922549146899139191658138465223810314087865397416714103308651002154908123137/18446744073709551616	0
OK	533996758980227520540859381923729930938890638084819238560125409622734649425431345501783956914175/9223372036854775808	266998379490113760318676394810746713562599896129362914218925198422050893062489666087522449140395/4611686018427387904	0
OK	115792089237316195423570985008687907853269984665640564039457584007913129639936	115792089237316195423570985008687907853269984665640564039457584007913129639936	0
ERR	EMPTY_INTERVAL	0
OK	3283500516366206601023253341678634483756644939205453888995691117020476814291434217617855521240409636733885665858901/170141183460469231731687303715884105728	6567001032732413202046506683357268967513289878410907777991382234040953628582868435235711042480819273467771331717803/340282366920938463463374607431768211456	0
ERR	ARITHMETIC_BITS	0
OK	6567001032732413202046506683357268967513289878410907777991382234040953628582868435235711042480819273467771331717803/340282366920938463463374607431768211456	0
ERR	ARITHMETIC_BITS	0
ERR	ARITHMETIC_BITS	0
ERR	ARITHMETIC_BITS	0
ERR	ARITHMETIC_BITS	0
ERR	ARITHMETIC_BITS	0
ERR	EMPTY_INTERVAL	0
OK	3283500516366206601023253341678634483756644939205453888995691117020476814291434217617855521240409636733885665858901/170141183460469231731687303715884105728	6567001032732413202046506683357268967513289878410907777991382234040953628582868435235711042480819273467771331717803/340282366920938463463374607431768211456	0
ERR	ARITHMETIC_BITS	0
OK	6567001032732413202046506683357268967513289878410907777991382234040953628582868435235711042480819273467771331717803/340282366920938463463374607431768211456	0
ERR	ARITHMETIC_BITS	0
ERR	ARITHMETIC_BITS	0
ERR	ARITHMETIC_BITS	0
ERR	ARITHMETIC_BITS	0
OK	115792089237316195423570985008687907853269984665640564039457584007913129639936	115792089237316195423570985008687907853269984665640564039457584007913129639936	0
ERR	EMPTY_INTERVAL	0
OK	3283500516366206601023253341678634483756644939205453888995691117020476814291434217617855521240409636733885665858901/170141183460469231731687303715884105728	6567001032732413202046506683357268967513289878410907777991382234040953628582868435235711042480819273467771331717803/340282366920938463463374607431768211456	0
OK	-6567001032732413202046506683357268967513289878410907777991382234040953628582868435235711042480819273467771331717803/340282366920938463463374607431768211456	-3283500516366206601023253341678634483756644939205453888995691117020476814291434217617855521240409636733885665858901/170141183460469231731687303715884105728	0
OK	6567001032732413202046506683357268967513289878410907777991382234040953628582868435235711042480819273467771331717803/340282366920938463463374607431768211456	0
OK	6567001032732413202046506683357268967513289878410907777991382234040953628582981862691351355301973731670248587788287/340282366920938463463374607431768211456	6567001032732413202046506683357268967513289878410907777991382234040953628582981862691351355301973731670248587788289/340282366920938463463374607431768211456	0
OK	1641750258183103300511626670839317241878322469602726944497845558510238407145688751945017682414916203816323518911829/85070591730234615865843651857942052864	3283500516366206601023253341678634483756644939205453888995691117020476814291377503890035364829832407632647037823659/170141183460469231731687303715884105728	0
OK	1094500172122068867007751113892878161248998532811892513125686733867695385101220572965239602523484946022186523907413/170141183460469231731687303715884105728	1094500172122068867007751113892878161258647873581668862744317649285086044088993071687376316193439744689512618044075/170141183460469231731687303715884105728	0
OK	9850501549098619803069760025035903451212038772997703569275287858557086488947667660520746281701500118197700432756735/170141183460469231731687303715884105728	4925250774549309901534880012517951725654266090347733532730798506365496539412696323871056709200524052435480687061675/85070591730234615865843651857942052864	0
OK	115792089237316195423570985008687907853269984665640564039457584007913129639936	115792089237316195423570985008687907853269984665640564039457584007913129639936	0
ERR	EMPTY_INTERVAL	0
OK	3283500516366206601023253341678634483756644939205453888995691117020476814291434217617855521240409636733885665858901/170141183460469231731687303715884105728	6567001032732413202046506683357268967513289878410907777991382234040953628582868435235711042480819273467771331717803/340282366920938463463374607431768211456	0
OK	-6567001032732413202046506683357268967513289878410907777991382234040953628582868435235711042480819273467771331717803/340282366920938463463374607431768211456	-3283500516366206601023253341678634483756644939205453888995691117020476814291434217617855521240409636733885665858901/170141183460469231731687303715884105728	0
OK	6567001032732413202046506683357268967513289878410907777991382234040953628582868435235711042480819273467771331717803/340282366920938463463374607431768211456	0
OK	6567001032732413202046506683357268967513289878410907777991382234040953628582981862691351355301973731670248587788287/340282366920938463463374607431768211456	6567001032732413202046506683357268967513289878410907777991382234040953628582981862691351355301973731670248587788289/340282366920938463463374607431768211456	0
OK	1641750258183103300511626670839317241878322469602726944497845558510238407145688751945017682414916203816323518911829/85070591730234615865843651857942052864	3283500516366206601023253341678634483756644939205453888995691117020476814291377503890035364829832407632647037823659/170141183460469231731687303715884105728	0
OK	1094500172122068867007751113892878161248998532811892513125686733867695385101220572965239602523484946022186523907413/170141183460469231731687303715884105728	1094500172122068867007751113892878161258647873581668862744317649285086044088993071687376316193439744689512618044075/170141183460469231731687303715884105728	0
OK	9850501549098619803069760025035903451212038772997703569275287858557086488947667660520746281701500118197700432756735/170141183460469231731687303715884105728	4925250774549309901534880012517951725654266090347733532730798506365496539412696323871056709200524052435480687061675/85070591730234615865843651857942052864	0
OK	115792089237316195423570985008687907853269984665640564039457584007913129639936	115792089237316195423570985008687907853269984665640564039457584007913129639936	0
ERR	EMPTY_INTERVAL	0
OK	3283500516366206601023253341678634483756644939205453888995691117020476814291434217617855521240409636733885665858901/170141183460469231731687303715884105728	6567001032732413202046506683357268967513289878410907777991382234040953628582868435235711042480819273467771331717803/340282366920938463463374607431768211456	0
OK	-6567001032732413202046506683357268967513289878410907777991382234040953628582868435235711042480819273467771331717803/340282366920938463463374607431768211456	-3283500516366206601023253341678634483756644939205453888995691117020476814291434217617855521240409636733885665858901/170141183460469231731687303715884105728	0
OK	6567001032732413202046506683357268967513289878410907777991382234040953628582868435235711042480819273467771331717803/340282366920938463463374607431768211456	0
OK	6567001032732413202046506683357268967513289878410907777991382234040953628582981862691351355301973731670248587788287/340282366920938463463374607431768211456	6567001032732413202046506683357268967513289878410907777991382234040953628582981862691351355301973731670248587788289/340282366920938463463374607431768211456	0
OK	1641750258183103300511626670839317241878322469602726944497845558510238407145688751945017682414916203816323518911829/85070591730234615865843651857942052864	3283500516366206601023253341678634483756644939205453888995691117020476814291377503890035364829832407632647037823659/170141183460469231731687303715884105728	0
OK	1094500172122068867007751113892878161248998532811892513125686733867695385101220572965239602523484946022186523907413/170141183460469231731687303715884105728	1094500172122068867007751113892878161258647873581668862744317649285086044088993071687376316193439744689512618044075/170141183460469231731687303715884105728	0
OK	9850501549098619803069760025035903451212038772997703569275287858557086488947667660520746281701500118197700432756735/170141183460469231731687303715884105728	4925250774549309901534880012517951725654266090347733532730798506365496539412696323871056709200524052435480687061675/85070591730234615865843651857942052864	0
OK	115792089237316195423570985008687907853269984665640564039457584007913129639936	115792089237316195423570985008687907853269984665640564039457584007913129639936	0
ERR	EMPTY_INTERVAL	0
ERR	PRECISION	0
ERR	PRECISION	0
ERR	PRECISION	0
ERR	PRECISION	0
ERR	PRECISION	0
ERR	PRECISION	0
ERR	PRECISION	0
ERR	PRECISION	0
ERR	PRECISION	0
ERR	PRECISION	0
ERR	PRECISION	0
ERR	PRECISION	0
ERR	PRECISION	0
ERR	PRECISION	0
ERR	PRECISION	0
ERR	PRECISION	0
ERR	BIT_BUDGET	0
ERR	BIT_BUDGET	0
ERR	BIT_BUDGET	0
ERR	BIT_BUDGET	0
ERR	EXP_BUDGET	0
OK	0	0	0
OK	0	0	0
ERR	EXP_BUDGET	0
ERR	EXP_BUDGET	0
OK	0	0	0
OK	0	0	0
ERR	EXP_BUDGET	0
ERR	BIT_BUDGET	0
ERR	BIT_BUDGET	0
ERR	BIT_BUDGET	0
ERR	BIT_BUDGET	0
ERR	BIT_BUDGET	0
ERR	BIT_BUDGET	0
ERR	BIT_BUDGET	0
ERR	BIT_BUDGET	0
ERR	EXP_BUDGET	0
OK	0	0	0
OK	0	0	0
ERR	EXP_BUDGET	0
ERR	EXP_BUDGET	0
OK	0	0	0
OK	0	0	0
ERR	EXP_BUDGET	0
ERR	BIT_BUDGET	0
ERR	BIT_BUDGET	0
ERR	BIT_BUDGET	0
ERR	BIT_BUDGET	0
ERR	PRECISION	0
ERR	PRECISION	0
ERR	PRECISION	0
ERR	PRECISION	0
ERR	PRECISION	0
ERR	PRECISION	0
ERR	PRECISION	0
ERR	PRECISION	0
ERR	PRECISION	0
ERR	PRECISION	0
ERR	PRECISION	0
ERR	PRECISION	0
ERR	PRECISION	0
ERR	PRECISION	0
ERR	PRECISION	0
ERR	PRECISION	0
ERR	reversed interval	0
ERR	PROBE_RATIONAL	0
ERR	PROBE_RATIONAL	0
OK	0	1	0
OK	0	1	0
ERR	reversed interval	0
ERR	PROBE_RATIONAL	0
ERR	PROBE_RATIONAL	0
OK	-1	0	0
OK	-1	0	0
ERR	EMPTY_INTERVAL	0
ERR	PROBE_RATIONAL	0
ERR	PROBE_RATIONAL	0
ERR	ARITHMETIC_BITS	0
OK	0	1	0
ERR	EMPTY_INTERVAL	0
ERR	PROBE_RATIONAL	0
ERR	PROBE_RATIONAL	0
ERR	ARITHMETIC_BITS	0
OK	-1	0	0
OK	1	1	0
OK	4095/4096	1	0
OK	1507/4096	377/1024	0
OK	753/2048	377/1024	0
OK	3011/8192	3015/8192	0
OK	277/2048	555/4096	0
OK	277/2048	1109/8192	0
OK	2215/16384	1109/8192	0
OK	299/16384	301/16384	0
OK	299/16384	301/16384	0
OK	599/32768	601/32768	0
OK	5/16384	3/8192	0
OK	0	1/256	0
OK	0	1/256	0
OK	5/16384	3/8192	0
OK	0	1/256	0
OK	0	1/256	0
OK	0	1/256	0
OK	1	1	0
OK	295147905179352825855/295147905179352825856	1	0
OK	108605358163894135915/295147905179352825856	27151339540973533979/73786976294838206464	0
OK	108578846420302164395/295147905179352825856	27144711605075541099/73786976294838206464	0
OK	217104682297027592049/590295810358705651712	217104682297027592051/590295810358705651712	0
OK	79907356939115431689/590295810358705651712	79907356939115431691/590295810358705651712	0
OK	79887850688281241589/590295810358705651712	9985981336035155199/73786976294838206464	0
OK	159736698398268074573/1180591620717411303424	9983543649891754661/73786976294838206464	0
OK	21628569568088591089/1180591620717411303424	21628569568088591091/1180591620717411303424	0
OK	10811644900062766015/590295810358705651712	21623289800125532031/1180591620717411303424	0
OK	43236022642021973569/2361183241434822606848	21618011321010986785/1180591620717411303424	0
OK	12379408434030501/36893488147419103232	792282139777952065/2361183241434822606848	0
OK	792088735131096669/2361183241434822606848	792088735131096671/2361183241434822606848	0
OK	1583790755392818395/4722366482869645213696	395947688848204599/1180591620717411303424	0
OK	0	1/18889465931478580854784	0
OK	0	1/18446744073709551616	0
OK	0	1/18446744073709551616	0
OK	0	1/18446744073709551616	0
OK	1	1	0
OK	5444517870735015415413993718908291383295/5444517870735015415413993718908291383296	1	0
OK	2003415247082917421696045369173910087865/5444517870735015415413993718908291383296	2003415247082917421696045369173910087867/5444517870735015415413993718908291383296	0
OK	2002926191733928513876011620770413252829/5444517870735015415413993718908291383296	2002926191733928513876011620770413252831/5444517870735015415413993718908291383296	0
OK	2002437255768644368667995729069087337207/5444517870735015415413993718908291383296	250304656971080546083499466133635917151/680564733841876926926749214863536422912	0
OK	1474030563062421405644935371382032197471/10889035741470030830827987437816582766592	1474030563062421405644935371382032197473/10889035741470030830827987437816582766592	0
OK	1473670736245445517428027548564067802237/10889035741470030830827987437816582766592	1473670736245445517428027548564067802239/10889035741470030830827987437816582766592	0
OK	2946621994532181630606904788221827058967/21778071482940061661655974875633165533184	2946621994532181630606904788221827058971/21778071482940061661655974875633165533184	0
OK	199488343751476487058442434720159737089/10889035741470030830827987437816582766592	99744171875738243529221217360079868545/5444517870735015415413993718908291383296	0
OK	398879292974569852861301069496809831753/21778071482940061661655974875633165533184	398879292974569852861301069496809831755/21778071482940061661655974875633165533184	0
OK	797563844442490831411824555946617627647/43556142965880123323311949751266331066368	778870941838369952550609917916618777/42535295865117307932921825928971026432	0
OK	3653756466663714964594017587098358805/10889035741470030830827987437816582766592	14615025866654859858376070348393435221/43556142965880123323311949751266331066368	0
OK	7305729090315826108612990292685604779/21778071482940061661655974875633165533184	14611458180631652217225980585371209559/43556142965880123323311949751266331066368	0
OK	14607891365519223408961527927262725737/43556142965880123323311949751266331066368	29215782731038446817923055854525451475/87112285931760246646623899502532662132736	0
OK	0	1/696898287454081973172991196020261297061888	0
OK	0	1/340282366920938463463374607431768211456	0
OK	0	1/340282366920938463463374607431768211456	0
OK	0	1/340282366920938463463374607431768211456	0
OK	1	1	0
OK	100433627766186892221372630771322662657637687111424552206335/100433627766186892221372630771322662657637687111424552206336	1	0
OK	9239122084076541003576672465976726318019657191092300113133/25108406941546723055343157692830665664409421777856138051584	36956488336306164014306689863906905272078628764369200452533/100433627766186892221372630771322662657637687111424552206336	0
OK	36947466857445486922421550441374946834548645982931004126003/100433627766186892221372630771322662657637687111424552206336	9236866714361371730605387610343736708637161495732751031501/25108406941546723055343157692830665664409421777856138051584	0
OK	73876895161650916315480848107824353564383938912479850726955/200867255532373784442745261542645325315275374222849104412672	73876895161650916315480848107824353564383938912479850726957/200867255532373784442745261542645325315275374222849104412672	0
OK	27191064553638475561663371321757911672393722785989462885781/200867255532373784442745261542645325315275374222849104412672	3398883069204809445207921415219738959049215348248682860723/25108406941546723055343157692830665664409421777856138051584	0
OK	27184426920434863824214751025085950502482111296749646197427/200867255532373784442745261542645325315275374222849104412672	27184426920434863824214751025085950502482111296749646197429/200867255532373784442745261542645325315275374222849104412672	0
OK	54355581815098740300118848935008952862517709417291362861143/401734511064747568885490523085290650630550748445698208825344	27177790907549370150059424467504476431258854708645681430573/200867255532373784442745261542645325315275374222849104412672	0
OK	7359820845743365498652415662128233919535407830675045602137/401734511064747568885490523085290650630550748445698208825344	7359820845743365498652415662128233919535407830675045602139/401734511064747568885490523085290650630550748445698208825344	0
OK	3679012116902051209956365540405728127022353369951559722607/200867255532373784442745261542645325315275374222849104412672	7358024233804102419912731080811456254044706739903119445215/401734511064747568885490523085290650630550748445698208825344	0
OK	3678114030218631112097564709504392325596055260535026202547/200867255532373784442745261542645325315275374222849104412672	7356228060437262224195129419008784651192110521070052405095/401734511064747568885490523085290650630550748445698208825344	0
OK	134799820896413669825355575715510959042132834841586941485/401734511064747568885490523085290650630550748445698208825344	269599641792827339650711151431021918084265669683173882971/803469022129495137770981046170581301261101496891396417650688	0
OK	269533829601821877698494274596292107990932034351634903747/803469022129495137770981046170581301261101496891396417650688	67383457400455469424623568649073026997733008587908725937/200867255532373784442745261542645325315275374222849104412672	0
OK	538936066952569327823161064052302684257973704899081215323/1606938044258990275541962092341162602522202993782792835301376	134734016738142331955790266013075671064493426224770303831/401734511064747568885490523085290650630550748445698208825344	0
OK	0	1/25711008708143844408671393477458601640355247900524685364822016	0
OK	0	1/6277101735386680763835789423207666416102355444464034512896	0
OK	0	1/6277101735386680763835789423207666416102355444464034512896	0
OK	0	1/6277101735386680763835789423207666416102355444464034512896	0
ERR	exponential domain/precision	0
ERR	exponential domain/precision	0
ERR	exponential domain/precision	0
ERR	exponential domain/precision	0
ERR	exponential domain/precision	0
ERR	exponential domain/precision	0
ERR	exponential domain/precision	0
ERR	exponential domain/precision	0
ERR	exponential domain/precision	0
ERR	exponential domain/precision	0
ERR	exponential domain/precision	0
ERR	exponential domain/precision	0
ERR	exponential domain/precision	0
ERR	exponential domain/precision	0
ERR	exponential domain/precision	0
ERR	exponential domain/precision	0
ERR	exponential domain/precision	0
ERR	exponential domain/precision	0
ERR	exponential domain/precision	0
ERR	exponential domain/precision	0
ERR	EXP_CALLS	0
ERR	EXP_CALLS	0
OK	1	1	2
OK	1	1	2
OK	1	1	2
OK	1	1	2
OK	1	1	2
ERR	EXP_CALLS	0
ERR	EXP_CALLS	0
OK	13217669706954385033/18446744073709551616	13217669706954385035/18446744073709551616	2
OK	13217669706954385033/18446744073709551616	13217669706954385035/18446744073709551616	2
OK	13217669706954385033/18446744073709551616	13217669706954385035/18446744073709551616	2
OK	13217669706954385033/18446744073709551616	13217669706954385035/18446744073709551616	2
OK	13217669706954385033/18446744073709551616	13217669706954385035/18446744073709551616	2
ERR	EXP_CALLS	0
ERR	EXP_CALLS	0
OK	3393088950634442637/9223372036854775808	1	2
OK	3393088950634442637/9223372036854775808	1	2
OK	3393088950634442637/9223372036854775808	1	2
OK	3393088950634442637/9223372036854775808	1	2
OK	3393088950634442637/9223372036854775808	1	2
ERR	EXP_CALLS	0
ERR	EXP_CALLS	0
OK	2496495334008788799/18446744073709551616	6786177901268885275/18446744073709551616	2
OK	2496495334008788799/18446744073709551616	6786177901268885275/18446744073709551616	2
OK	2496495334008788799/18446744073709551616	6786177901268885275/18446744073709551616	2
OK	2496495334008788799/18446744073709551616	6786177901268885275/18446744073709551616	2
OK	2496495334008788799/18446744073709551616	6786177901268885275/18446744073709551616	2
ERR	EXP_DOMAIN	0
ERR	EXP_DOMAIN	0
ERR	EXP_DOMAIN	0
ERR	EXP_DOMAIN	0
ERR	EXP_DOMAIN	0
ERR	EXP_DOMAIN	0
ERR	EXP_DOMAIN	0
ERR	EXP_CALLS	0
ERR	EXP_CALLS	0
OK	0	1/18446744073709551616	2
OK	0	1/18446744073709551616	2
OK	0	1/18446744073709551616	2
OK	0	1/18446744073709551616	2
OK	0	1/18446744073709551616	2
ERR	EXP_CALLS	0
ERR	EXP_CALLS	0
OK	1	1	2
OK	1	1	2
OK	1	1	2
OK	1	1	2
OK	1	1	2
ERR	EXP_CALLS	0
ERR	EXP_CALLS	0
ERR	EXP_CALLS	2
ERR	EXP_CALLS	2
OK	1	1	4
OK	1	1	4
OK	1	1	4
ERR	EXP_CALLS	0
ERR	EXP_CALLS	0
ERR	EXP_CALLS	2
ERR	EXP_CALLS	2
ERR	EXP_CALLS	4
OK	1	1	6
OK	1	1	6
ERR	EXP_CALLS	0
ERR	EXP_CALLS	0
ERR	EXP_CALLS	2
ERR	EXP_CALLS	2
ERR	EXP_CALLS	4
OK	1	1	30
OK	1	1	30
ERR	EXP_CALLS	0
ERR	EXP_CALLS	0
ERR	EXP_CALLS	2
ERR	EXP_CALLS	2
ERR	EXP_CALLS	4
ERR	EXP_CALLS	30
OK	1	1	32
ERR	EXP_CALLS	0
ERR	EXP_CALLS	0
ERR	EXP_CALLS	2
ERR	EXP_CALLS	2
ERR	EXP_CALLS	4
ERR	EXP_CALLS	30
ERR	EXP_CALLS	32
ERR	EXP_CALLS	0
ERR	EXP_CALLS	0
ERR	EXP_CALLS	2
ERR	EXP_CALLS	2
ERR	EXP_CALLS	4
ERR	EXP_CALLS	30
ERR	EXP_CALLS	32
ERR	EXP_CALLS	0
ERR	EXP_CALLS	0
OK	13217669706954385033/18446744073709551616	13217669706954385035/18446744073709551616	2
OK	13217669706954385033/18446744073709551616	13217669706954385035/18446744073709551616	2
OK	13217669706954385033/18446744073709551616	13217669706954385035/18446744073709551616	2
OK	13217669706954385033/18446744073709551616	13217669706954385035/18446744073709551616	2
OK	13217669706954385033/18446744073709551616	13217669706954385035/18446744073709551616	2
ERR	EXP_CALLS	0
ERR	EXP_CALLS	0
ERR	EXP_CALLS	2
ERR	EXP_CALLS	2
OK	13217669706954385033/18446744073709551616	13217669706954385035/18446744073709551616	4
OK	13217669706954385033/18446744073709551616	13217669706954385035/18446744073709551616	4
OK	13217669706954385033/18446744073709551616	13217669706954385035/18446744073709551616	4
ERR	EXP_CALLS	0
ERR	EXP_CALLS	0
ERR	EXP_CALLS	2
ERR	EXP_CALLS	2
ERR	EXP_CALLS	4
OK	13217669706954385033/18446744073709551616	13217669706954385035/18446744073709551616	6
OK	13217669706954385033/18446744073709551616	13217669706954385035/18446744073709551616	6
ERR	EXP_CALLS	0
ERR	EXP_CALLS	0
ERR	EXP_CALLS	2
ERR	EXP_CALLS	2
ERR	EXP_CALLS	4
OK	13217669706954385033/18446744073709551616	13217669706954385035/18446744073709551616	30
OK	13217669706954385033/18446744073709551616	13217669706954385035/18446744073709551616	30
ERR	EXP_CALLS	0
ERR	EXP_CALLS	0
ERR	EXP_CALLS	2
ERR	EXP_CALLS	2
ERR	EXP_CALLS	4
ERR	EXP_CALLS	30
OK	13217669706954385033/18446744073709551616	13217669706954385035/18446744073709551616	32
ERR	EXP_CALLS	0
ERR	EXP_CALLS	0
ERR	EXP_CALLS	2
ERR	EXP_CALLS	2
ERR	EXP_CALLS	4
ERR	EXP_CALLS	30
ERR	EXP_CALLS	32
ERR	EXP_CALLS	0
ERR	EXP_CALLS	0
ERR	EXP_CALLS	2
ERR	EXP_CALLS	2
ERR	EXP_CALLS	4
ERR	EXP_CALLS	30
ERR	EXP_CALLS	32
ERR	EXP_CALLS	0
ERR	EXP_CALLS	0
OK	3393088950634442637/9223372036854775808	1	2
OK	3393088950634442637/9223372036854775808	1	2
OK	3393088950634442637/9223372036854775808	1	2
OK	3393088950634442637/9223372036854775808	1	2
OK	3393088950634442637/9223372036854775808	1	2
ERR	EXP_CALLS	0
ERR	EXP_CALLS	0
ERR	EXP_CALLS	2
ERR	EXP_CALLS	2
OK	3393088950634442637/9223372036854775808	1	4
OK	3393088950634442637/9223372036854775808	1	4
OK	3393088950634442637/9223372036854775808	1	4
ERR	EXP_CALLS	0
ERR	EXP_CALLS	0
ERR	EXP_CALLS	2
ERR	EXP_CALLS	2
ERR	EXP_CALLS	4
OK	3393088950634442637/9223372036854775808	1	6
OK	3393088950634442637/9223372036854775808	1	6
ERR	EXP_CALLS	0
ERR	EXP_CALLS	0
ERR	EXP_CALLS	2
ERR	EXP_CALLS	2
ERR	EXP_CALLS	4
OK	3393088950634442637/9223372036854775808	1	30
OK	3393088950634442637/9223372036854775808	1	30
ERR	EXP_CALLS	0
ERR	EXP_CALLS	0
ERR	EXP_CALLS	2
ERR	EXP_CALLS	2
ERR	EXP_CALLS	4
ERR	EXP_CALLS	30
OK	3393088950634442637/9223372036854775808	1	32
ERR	EXP_CALLS	0
ERR	EXP_CALLS	0
ERR	EXP_CALLS	2
ERR	EXP_CALLS	2
ERR	EXP_CALLS	4
ERR	EXP_CALLS	30
ERR	EXP_CALLS	32
ERR	EXP_CALLS	0
ERR	EXP_CALLS	0
ERR	EXP_CALLS	2
ERR	EXP_CALLS	2
ERR	EXP_CALLS	4
ERR	EXP_CALLS	30
ERR	EXP_CALLS	32
ERR	PROBE_REPETITIONS	0
ERR	PROBE_REPETITIONS	0
ERR	PROBE_REPETITIONS	0
ERR	PROBE_INTEGER	0
ERR	PROBE_INTEGER	0
ERR	EXP_CALLS	0
ERR	EXP_CALLS	0
OK	1	1	2
OK	1	1	2
OK	1	1	2
OK	1	1	2
OK	1	1	2
ERR	EXP_CALLS	0
ERR	EXP_CALLS	0
OK	243822970335011067903414604203639432393/340282366920938463463374607431768211456	121911485167505533951707302101819716197/170141183460469231731687303715884105728	2
OK	243822970335011067903414604203639432393/340282366920938463463374607431768211456	121911485167505533951707302101819716197/170141183460469231731687303715884105728	2
OK	243822970335011067903414604203639432393/340282366920938463463374607431768211456	121911485167505533951707302101819716197/170141183460469231731687303715884105728	2
OK	243822970335011067903414604203639432393/340282366920938463463374607431768211456	121911485167505533951707302101819716197/170141183460469231731687303715884105728	2
OK	243822970335011067903414604203639432393/340282366920938463463374607431768211456	121911485167505533951707302101819716197/170141183460469231731687303715884105728	2
ERR	EXP_CALLS	0
ERR	EXP_CALLS	0
OK	125182886983370532117250726298150828301/340282366920938463463374607431768211456	1	2
OK	125182886983370532117250726298150828301/340282366920938463463374607431768211456	1	2
OK	125182886983370532117250726298150828301/340282366920938463463374607431768211456	1	2
OK	125182886983370532117250726298150828301/340282366920938463463374607431768211456	1	2
OK	125182886983370532117250726298150828301/340282366920938463463374607431768211456	1	2
ERR	EXP_CALLS	0
ERR	EXP_CALLS	0
OK	46052210507670172419625860892627118819/340282366920938463463374607431768211456	62591443491685266058625363149075414151/170141183460469231731687303715884105728	2
OK	46052210507670172419625860892627118819/340282366920938463463374607431768211456	62591443491685266058625363149075414151/170141183460469231731687303715884105728	2
OK	46052210507670172419625860892627118819/340282366920938463463374607431768211456	62591443491685266058625363149075414151/170141183460469231731687303715884105728	2
OK	46052210507670172419625860892627118819/340282366920938463463374607431768211456	62591443491685266058625363149075414151/170141183460469231731687303715884105728	2
OK	46052210507670172419625860892627118819/340282366920938463463374607431768211456	62591443491685266058625363149075414151/170141183460469231731687303715884105728	2
ERR	EXP_DOMAIN	0
ERR	EXP_DOMAIN	0
ERR	EXP_DOMAIN	0
ERR	EXP_DOMAIN	0
ERR	EXP_DOMAIN	0
ERR	EXP_DOMAIN	0
ERR	EXP_DOMAIN	0
ERR	EXP_CALLS	0
ERR	EXP_CALLS	0
OK	0	499786683/170141183460469231731687303715884105728	2
OK	0	499786683/170141183460469231731687303715884105728	2
OK	0	499786683/170141183460469231731687303715884105728	2
OK	0	499786683/170141183460469231731687303715884105728	2
OK	0	499786683/170141183460469231731687303715884105728	2
ERR	EXP_CALLS	0
ERR	EXP_CALLS	0
OK	1	1	2
OK	1	1	2
OK	1	1	2
OK	1	1	2
OK	1	1	2
ERR	EXP_CALLS	0
ERR	EXP_CALLS	0
ERR	EXP_CALLS	2
ERR	EXP_CALLS	2
OK	1	1	4
OK	1	1	4
OK	1	1	4
ERR	EXP_CALLS	0
ERR	EXP_CALLS	0
ERR	EXP_CALLS	2
ERR	EXP_CALLS	2
ERR	EXP_CALLS	4
OK	1	1	6
OK	1	1	6
ERR	EXP_CALLS	0
ERR	EXP_CALLS	0
ERR	EXP_CALLS	2
ERR	EXP_CALLS	2
ERR	EXP_CALLS	4
OK	1	1	30
OK	1	1	30
ERR	EXP_CALLS	0
ERR	EXP_CALLS	0
ERR	EXP_CALLS	2
ERR	EXP_CALLS	2
ERR	EXP_CALLS	4
ERR	EXP_CALLS	30
OK	1	1	32
ERR	EXP_CALLS	0
ERR	EXP_CALLS	0
ERR	EXP_CALLS	2
ERR	EXP_CALLS	2
ERR	EXP_CALLS	4
ERR	EXP_CALLS	30
ERR	EXP_CALLS	32
ERR	EXP_CALLS	0
ERR	EXP_CALLS	0
ERR	EXP_CALLS	2
ERR	EXP_CALLS	2
ERR	EXP_CALLS	4
ERR	EXP_CALLS	30
ERR	EXP_CALLS	32
ERR	EXP_CALLS	0
ERR	EXP_CALLS	0
OK	243822970335011067903414604203639432393/340282366920938463463374607431768211456	121911485167505533951707302101819716197/170141183460469231731687303715884105728	2
OK	243822970335011067903414604203639432393/340282366920938463463374607431768211456	121911485167505533951707302101819716197/170141183460469231731687303715884105728	2
OK	243822970335011067903414604203639432393/340282366920938463463374607431768211456	121911485167505533951707302101819716197/170141183460469231731687303715884105728	2
OK	243822970335011067903414604203639432393/340282366920938463463374607431768211456	121911485167505533951707302101819716197/170141183460469231731687303715884105728	2
OK	243822970335011067903414604203639432393/340282366920938463463374607431768211456	121911485167505533951707302101819716197/170141183460469231731687303715884105728	2
ERR	EXP_CALLS	0
ERR	EXP_CALLS	0
ERR	EXP_CALLS	2
ERR	EXP_CALLS	2
OK	243822970335011067903414604203639432393/340282366920938463463374607431768211456	121911485167505533951707302101819716197/170141183460469231731687303715884105728	4
OK	243822970335011067903414604203639432393/340282366920938463463374607431768211456	121911485167505533951707302101819716197/170141183460469231731687303715884105728	4
OK	243822970335011067903414604203639432393/340282366920938463463374607431768211456	121911485167505533951707302101819716197/170141183460469231731687303715884105728	4
ERR	EXP_CALLS	0
ERR	EXP_CALLS	0
ERR	EXP_CALLS	2
ERR	EXP_CALLS	2
ERR	EXP_CALLS	4
OK	243822970335011067903414604203639432393/340282366920938463463374607431768211456	121911485167505533951707302101819716197/170141183460469231731687303715884105728	6
OK	243822970335011067903414604203639432393/340282366920938463463374607431768211456	121911485167505533951707302101819716197/170141183460469231731687303715884105728	6
ERR	EXP_CALLS	0
ERR	EXP_CALLS	0
ERR	EXP_CALLS	2
ERR	EXP_CALLS	2
ERR	EXP_CALLS	4
OK	243822970335011067903414604203639432393/340282366920938463463374607431768211456	121911485167505533951707302101819716197/170141183460469231731687303715884105728	30
OK	243822970335011067903414604203639432393/340282366920938463463374607431768211456	121911485167505533951707302101819716197/170141183460469231731687303715884105728	30
ERR	EXP_CALLS	0
ERR	EXP_CALLS	0
ERR	EXP_CALLS	2
ERR	EXP_CALLS	2
ERR	EXP_CALLS	4
ERR	EXP_CALLS	30
OK	243822970335011067903414604203639432393/340282366920938463463374607431768211456	121911485167505533951707302101819716197/170141183460469231731687303715884105728	32
ERR	EXP_CALLS	0
ERR	EXP_CALLS	0
ERR	EXP_CALLS	2
ERR	EXP_CALLS	2
ERR	EXP_CALLS	4
ERR	EXP_CALLS	30
ERR	EXP_CALLS	32
ERR	EXP_CALLS	0
ERR	EXP_CALLS	0
ERR	EXP_CALLS	2
ERR	EXP_CALLS	2
ERR	EXP_CALLS	4
ERR	EXP_CALLS	30
ERR	EXP_CALLS	32
ERR	EXP_CALLS	0
ERR	EXP_CALLS	0
OK	125182886983370532117250726298150828301/340282366920938463463374607431768211456	1	2
OK	125182886983370532117250726298150828301/340282366920938463463374607431768211456	1	2
OK	125182886983370532117250726298150828301/340282366920938463463374607431768211456	1	2
OK	125182886983370532117250726298150828301/340282366920938463463374607431768211456	1	2
OK	125182886983370532117250726298150828301/340282366920938463463374607431768211456	1	2
ERR	EXP_CALLS	0
ERR	EXP_CALLS	0
ERR	EXP_CALLS	2
ERR	EXP_CALLS	2
OK	125182886983370532117250726298150828301/340282366920938463463374607431768211456	1	4
OK	125182886983370532117250726298150828301/340282366920938463463374607431768211456	1	4
OK	125182886983370532117250726298150828301/340282366920938463463374607431768211456	1	4
ERR	EXP_CALLS	0
ERR	EXP_CALLS	0
ERR	EXP_CALLS	2
ERR	EXP_CALLS	2
ERR	EXP_CALLS	4
OK	125182886983370532117250726298150828301/340282366920938463463374607431768211456	1	6
OK	125182886983370532117250726298150828301/340282366920938463463374607431768211456	1	6
ERR	EXP_CALLS	0
ERR	EXP_CALLS	0
ERR	EXP_CALLS	2
ERR	EXP_CALLS	2
ERR	EXP_CALLS	4
OK	125182886983370532117250726298150828301/340282366920938463463374607431768211456	1	30
OK	125182886983370532117250726298150828301/340282366920938463463374607431768211456	1	30
ERR	EXP_CALLS	0
ERR	EXP_CALLS	0
ERR	EXP_CALLS	2
ERR	EXP_CALLS	2
ERR	EXP_CALLS	4
ERR	EXP_CALLS	30
OK	125182886983370532117250726298150828301/340282366920938463463374607431768211456	1	32
ERR	EXP_CALLS	0
ERR	EXP_CALLS	0
ERR	EXP_CALLS	2
ERR	EXP_CALLS	2
ERR	EXP_CALLS	4
ERR	EXP_CALLS	30
ERR	EXP_CALLS	32
ERR	EXP_CALLS	0
ERR	EXP_CALLS	0
ERR	EXP_CALLS	2
ERR	EXP_CALLS	2
ERR	EXP_CALLS	4
ERR	EXP_CALLS	30
ERR	EXP_CALLS	32
ERR	PROBE_REPETITIONS	0
ERR	PROBE_REPETITIONS	0
ERR	PROBE_REPETITIONS	0
ERR	PROBE_INTEGER	0
ERR	PROBE_INTEGER	0
OK	0	0
OK	0	0
OK	0	0
OK	0	0
OK	1	0
OK	1	0
OK	-1	0
OK	-1	0
OK	1/2	0
OK	1/2	0
OK	-1/2	0
OK	-1/2	0
OK	1	0
ERR	integer or rational n/d string required	0
OK	0	0
ERR	integer or rational n/d string required	0
ERR	ZERO_DENOMINATOR	0
ERR	integer or rational n/d string required	0
ERR	ZERO_DENOMINATOR	0
ERR	integer or rational n/d string required	0
ERR	RAW_GRAMMAR	0
ERR	integer or rational n/d string required	0
ERR	RAW_GRAMMAR	0
ERR	integer or rational n/d string required	0
ERR	RAW_GRAMMAR	0
ERR	integer or rational n/d string required	0
ERR	RAW_GRAMMAR	0
ERR	integer or rational n/d string required	0
ERR	RAW_GRAMMAR	0
ERR	integer or rational n/d string required	0
ERR	RAW_GRAMMAR	0
ERR	integer or rational n/d string required	0
ERR	RAW_GRAMMAR	0
ERR	integer or rational n/d string required	0
ERR	RAW_GRAMMAR	0
ERR	integer or rational n/d string required	0
ERR	RAW_GRAMMAR	0
ERR	integer or rational n/d string required	0
ERR	RAW_GRAMMAR	0
ERR	integer or rational n/d string required	0
ERR	RAW_GRAMMAR	0
ERR	integer or rational n/d string required	0
ERR	RAW_GRAMMAR	0
ERR	integer or rational n/d string required	0
ERR	RAW_GRAMMAR	0
ERR	integer or rational n/d string required	0
ERR	RAW_GRAMMAR	0
ERR	integer or rational n/d string required	0
ERR	RAW_GRAMMAR	0
ERR	integer or rational n/d string required	0
ERR	RAW_GRAMMAR	0
OK	1/2	0
ERR	RAW_GRAMMAR	0
OK	1/12	0
ERR	RAW_GRAMMAR	0
ERR	integer or rational n/d string required	0
ERR	RAW_GRAMMAR	0
OK	4	0
OK	0	0
OK	0	0
OK	115792089237316195423570985008687907853269984665640564039457584007913129639935	0
OK	115792089237316195423570985008687907853269984665640564039457584007913129639935	0
ERR	INPUT_BITS	0
ERR	reduced rational exceeds256 bits	0
OK	1	0
OK	1	0
ERR	INPUT_BITS	0
OK	1	0
ERR	INPUT_BITS	0
OK	1	0
ERR	INPUT_BITS	0
OK	0	0
ERR	INPUT_BITS	0
ERR	reduced rational exceeds256 bits	0
OK	0	0
OK	0	0
ERR	RAW_GRAMMAR	0
OK	0	0
ERR	RAW_GRAMMAR	0
OK	0	0
ERR	RAW_TEXT_LIMIT	0
OK	0	0
ERR	RAW_TEXT_LIMIT	0
OK	0	0
ERR	RAW_TEXT_LIMIT	0
ERR	raw rational text exceeds160 characters	0
OK	0	0
ERR	integer or rational n/d string required	0
OK	0	0
ERR	integer or rational n/d string required	0
OK	12	0
OK	1/2	0
OK	1/12	0
OK	1/12	0
OK	12	0
OK	12	0
OK	1/2	0
OK	1/12	0
ERR	integer or rational n/d string required	0
ERR	RAW_GRAMMAR	0
OK	12	0
OK	1/2	0
OK	1/12	0
ERR	integer or rational n/d string required	0
ERR	RAW_GRAMMAR	0
OK	12	0
OK	1/2	0
OK	1/12	0
ERR	integer or rational n/d string required	0
ERR	RAW_GRAMMAR	0
OK	12	0
OK	1/2	0
OK	1/12	0
ERR	integer or rational n/d string required	0
ERR	RAW_GRAMMAR	0
OK	12	0
OK	1/2	0
OK	1/12	0
ERR	integer or rational n/d string required	0
ERR	RAW_GRAMMAR	0
OK	12	0
OK	1/2	0
OK	1/12	0
ERR	integer or rational n/d string required	0
ERR	RAW_GRAMMAR	0
OK	12	0
OK	1/2	0
OK	1/12	0
ERR	integer or rational n/d string required	0
ERR	RAW_GRAMMAR	0
OK	12	0
OK	1/2	0
OK	1/12	0
ERR	integer or rational n/d string required	0
ERR	RAW_GRAMMAR	0
OK	12	0
OK	1/2	0
OK	1/12	0
ERR	integer or rational n/d string required	0
ERR	RAW_GRAMMAR	0
OK	12	0
OK	1/2	0
OK	1/12	0
ERR	integer or rational n/d string required	0
ERR	RAW_GRAMMAR	0
OK	12	0
OK	1/2	0
OK	1/12	0
ERR	integer or rational n/d string required	0
ERR	RAW_GRAMMAR	0
OK	12	0
OK	1/2	0
OK	1/12	0
ERR	integer or rational n/d string required	0
ERR	RAW_GRAMMAR	0
OK	12	0
OK	1/2	0
OK	1/12	0
ERR	integer or rational n/d string required	0
ERR	RAW_GRAMMAR	0
OK	12	0
OK	1/2	0
OK	1/12	0
ERR	integer or rational n/d string required	0
ERR	RAW_GRAMMAR	0
OK	12	0
OK	1/2	0
OK	1/12	0
ERR	integer or rational n/d string required	0
ERR	RAW_GRAMMAR	0
OK	12	0
OK	1/2	0
OK	1/12	0
ERR	integer or rational n/d string required	0
ERR	RAW_GRAMMAR	0
OK	12	0
OK	1/2	0
OK	1/12	0
ERR	integer or rational n/d string required	0
ERR	RAW_GRAMMAR	0
OK	12	0
OK	1/2	0
OK	1/12	0
ERR	integer or rational n/d string required	0
ERR	RAW_GRAMMAR	0
OK	12	0
OK	1/2	0
OK	1/12	0
ERR	integer or rational n/d string required	0
ERR	RAW_GRAMMAR	0
OK	12	0
OK	1/2	0
OK	1/12	0
ERR	integer or rational n/d string required	0
ERR	RAW_GRAMMAR	0
OK	12	0
OK	1/2	0
OK	1/12	0
ERR	integer or rational n/d string required	0
ERR	RAW_GRAMMAR	0
OK	12	0
OK	1/2	0
OK	1/12	0
ERR	integer or rational n/d string required	0
ERR	RAW_GRAMMAR	0
OK	12	0
OK	1/2	0
OK	1/12	0
ERR	integer or rational n/d string required	0
ERR	RAW_GRAMMAR	0
OK	12	0
OK	1/2	0
OK	1/12	0
ERR	integer or rational n/d string required	0
ERR	RAW_GRAMMAR	0
OK	12	0
OK	1/2	0
OK	1/12	0
ERR	integer or rational n/d string required	0
ERR	RAW_GRAMMAR	0
OK	12	0
OK	1/2	0
OK	1/12	0
ERR	integer or rational n/d string required	0
ERR	RAW_GRAMMAR	0
OK	12	0
OK	1/2	0
OK	1/12	0
ERR	integer or rational n/d string required	0
ERR	RAW_GRAMMAR	0
OK	12	0
OK	1/2	0
OK	1/12	0
ERR	integer or rational n/d string required	0
ERR	RAW_GRAMMAR	0
OK	12	0
OK	1/2	0
OK	1/12	0
ERR	integer or rational n/d string required	0
ERR	RAW_GRAMMAR	0
OK	12	0
OK	1/2	0
OK	1/12	0
ERR	integer or rational n/d string required	0
ERR	RAW_GRAMMAR	0
OK	12	0
OK	1/2	0
OK	1/12	0
ERR	integer or rational n/d string required	0
ERR	RAW_GRAMMAR	0
OK	12	0
OK	1/2	0
OK	1/12	0
ERR	integer or rational n/d string required	0
ERR	RAW_GRAMMAR	0
OK	12	0
OK	1/2	0
OK	1/12	0
ERR	integer or rational n/d string required	0
ERR	RAW_GRAMMAR	0
OK	12	0
OK	1/2	0
OK	1/12	0
ERR	integer or rational n/d string required	0
ERR	RAW_GRAMMAR	0
OK	12	0
OK	1/2	0
OK	1/12	0
ERR	integer or rational n/d string required	0
ERR	RAW_GRAMMAR	0
OK	12	0
OK	1/2	0
OK	1/12	0
ERR	integer or rational n/d string required	0
ERR	RAW_GRAMMAR	0
OK	12	0
OK	1/2	0
OK	1/12	0
ERR	integer or rational n/d string required	0
ERR	RAW_GRAMMAR	0
OK	12	0
OK	1/2	0
OK	1/12	0
ERR	integer or rational n/d string required	0
ERR	RAW_GRAMMAR	0
OK	12	0
OK	1/2	0
OK	1/12	0
ERR	integer or rational n/d string required	0
ERR	RAW_GRAMMAR	0
OK	12	0
OK	1/2	0
OK	1/12	0
ERR	integer or rational n/d string required	0
ERR	RAW_GRAMMAR	0
OK	12	0
OK	1/2	0
OK	1/12	0
ERR	integer or rational n/d string required	0
ERR	RAW_GRAMMAR	0
OK	12	0
OK	1/2	0
OK	1/12	0
ERR	integer or rational n/d string required	0
ERR	RAW_GRAMMAR	0
OK	12	0
OK	1/2	0
OK	1/12	0
ERR	integer or rational n/d string required	0
ERR	RAW_GRAMMAR	0
OK	12	0
OK	1/2	0
OK	1/12	0
ERR	integer or rational n/d string required	0
ERR	RAW_GRAMMAR	0
OK	12	0
OK	1/2	0
OK	1/12	0
ERR	integer or rational n/d string required	0
ERR	RAW_GRAMMAR	0
OK	12	0
OK	1/2	0
OK	1/12	0
ERR	integer or rational n/d string required	0
ERR	RAW_GRAMMAR	0
OK	12	0
OK	1/2	0
OK	1/12	0
ERR	integer or rational n/d string required	0
ERR	RAW_GRAMMAR	0
OK	12	0
OK	1/2	0
OK	1/12	0
ERR	integer or rational n/d string required	0
ERR	RAW_GRAMMAR	0
OK	12	0
OK	1/2	0
OK	1/12	0
ERR	integer or rational n/d string required	0
ERR	RAW_GRAMMAR	0
OK	12	0
OK	1/2	0
OK	1/12	0
ERR	integer or rational n/d string required	0
ERR	RAW_GRAMMAR	0
OK	12	0
OK	1/2	0
OK	1/12	0
ERR	integer or rational n/d string required	0
ERR	RAW_GRAMMAR	0
OK	12	0
OK	1/2	0
OK	1/12	0
ERR	integer or rational n/d string required	0
ERR	RAW_GRAMMAR	0
OK	12	0
OK	1/2	0
OK	1/12	0
ERR	integer or rational n/d string required	0
ERR	RAW_GRAMMAR	0
OK	12	0
OK	1/2	0
OK	1/12	0
ERR	integer or rational n/d string required	0
ERR	RAW_GRAMMAR	0
OK	12	0
OK	1/2	0
OK	1/12	0
ERR	integer or rational n/d string required	0
ERR	RAW_GRAMMAR	0
OK	12	0
OK	1/2	0
OK	1/12	0
ERR	integer or rational n/d string required	0
ERR	RAW_GRAMMAR	0
OK	12	0
OK	1/2	0
OK	1/12	0
ERR	integer or rational n/d string required	0
ERR	RAW_GRAMMAR	0
OK	12	0
OK	1/2	0
OK	1/12	0
ERR	integer or rational n/d string required	0
ERR	RAW_GRAMMAR	0
OK	12	0
OK	1/2	0
OK	1/12	0
ERR	integer or rational n/d string required	0
ERR	RAW_GRAMMAR	0
OK	12	0
OK	1/2	0
OK	1/12	0
ERR	integer or rational n/d string required	0
ERR	RAW_GRAMMAR	0
OK	12	0
OK	1/2	0
OK	1/12	0
ERR	integer or rational n/d string required	0
ERR	RAW_GRAMMAR	0
OK	12	0
OK	1/2	0
OK	1/12	0
ERR	integer or rational n/d string required	0
ERR	RAW_GRAMMAR	0
OK	12	0
OK	1/2	0
OK	1/12	0
ERR	integer or rational n/d string required	0
ERR	RAW_GRAMMAR	0
OK	12	0
OK	1/2	0
OK	1/12	0
ERR	integer or rational n/d string required	0
ERR	RAW_GRAMMAR	0
OK	12	0
OK	1/2	0
OK	1/12	0
ERR	integer or rational n/d string required	0
ERR	RAW_GRAMMAR	0
OK	12	0
OK	1/2	0
OK	1/12	0
ERR	integer or rational n/d string required	0
ERR	RAW_GRAMMAR	0
OK	12	0
OK	1/2	0
OK	1/12	0
ERR	integer or rational n/d string required	0
ERR	RAW_GRAMMAR	0
OK	1	1	0
OK	-1	-1	0
OK	10	10	0
OK	10	10	0
OK	-5	-5	0
OK	-1/2	-1/2	0
ERR	PROBE_RATIONAL	0
ERR	PROBE_RATIONAL	0
ERR	PROBE_RATIONAL	0
ERR	PROBE_RATIONAL	0
ERR	PROBE_RATIONAL	0
ERR	PROBE_RATIONAL	0
ERR	PROBE_RATIONAL	0
ERR	PROBE_RATIONAL	0
OK	0	0	0
ERR	PROBE_RATIONAL	0
ERR	negative shift count	0
OK	0	0	0
ERR	PROBE_BITS	0
ERR	PROBE_BITS	0
ERR	PROBE_INTEGER	0
OK	0	0	0
ERR	PROBE_INTEGER	0
ERR	PROBE_INTEGER	0
ERR	PROBE_SHAPE	0
ERR	PROBE_SHAPE	0
ERR	PROBE_SHAPE	0
ERR	PROBE_SHAPE	0
ERR	PROBE_SHAPE	0
ERR	PROBE_SHAPE	0
ERR	PROBE_OPERATION	0
ERR	PROBE_OPERATION	0
ERR	PROBE_INTEGER	0
ERR	PROBE_RATIONAL	0
ERR	PROBE_LINE	0
OK	0	0
